identifiant;nom_etablissement;annee_emission;milieu;polluant;quantite;unite
0007000992;H2D;2005;Sol;Benzène;1;kg/an
0005500334;SECANIM BRETAGNE;2005;Air;Chlore;100;kg/an
0006103676;Métropole de Lyon;2005;Air;Mercure et composés (exprimés en tant que Hg);29;kg/an
0006200067;EDF - CCG Blénod;2005;Air;Arsenic et composés (exprimés en tant que As);61;kg/an
0006501936;SAM MONTEREAU;2005;Air;Manganèse et composés (exprimés en tant que Mn);658;kg/an
0006700633;MARS PF;2005;Air;Hydrochlorofluorocarbures (HCFC);644;kg/an
0007100125;STSM - Galvanisation Reunion;2005;Air;Zinc et composés (exprimés en tant que Zn);773;kg/an
0007002969;EDILIANS ( Ex IMERYS TC);2005;Air;Dioxyde de carbone (CO2) total (d'origine biomasse et non biomasse);10100000;kg/an
0007000956;ARCELORMITTAL FRANCE;2005;Eau (direct);Phénols (en tant que C total);163;kg/an
0007000956;ARCELORMITTAL FRANCE;2005;Eau (direct);Plomb et composés (exprimés en tant que Pb);74.9;kg/an
0007000956;ARCELORMITTAL FRANCE;2005;Eau (direct);Zinc et composés (exprimés en tant que Zn);1690;kg/an
0007000962;IMERYS ALUMINATES - Usine de Dunkerque;2005;Air;Cadmium et composés (exprimés en tant que Cd);18.6;kg/an
0007000962;IMERYS ALUMINATES - Usine de Dunkerque;2005;Air;Oxydes de soufre (SOx/SO2);759000;kg/an
0007000962;IMERYS ALUMINATES - Usine de Dunkerque;2005;Air;Oxydes d'azote (NOx/NO2);268000;kg/an
0007000962;IMERYS ALUMINATES - Usine de Dunkerque;2005;Air;Chlore;3420;kg/an
0007000962;IMERYS ALUMINATES - Usine de Dunkerque;2005;Air;Fluor et ses composés (F);434;kg/an
0007000976;CALAIS ENERGIE;2005;Air;Dioxyde de carbone (CO2) d'origine biomasse;12400000;kg/an
0007000979;INTEROR;2005;Air;Composés organiques volatils non méthaniques (COVNM);55000;kg/an
0007000979;INTEROR;2005;Eau (direct);Chloroforme (trichlorométhane);248;kg/an
0007000985;CRODA CHOCQUES SAS;2005;Air;Composés organiques volatils non méthaniques (COVNM);55600;kg/an
0007000985;CRODA CHOCQUES SAS;2005;Air;Chlorométhane (chlorure de méthyle);8100;kg/an
0007000985;CRODA CHOCQUES SAS;2005;Air;Oxyde de propylène (1,2-époxypropane);41700;kg/an
0007000985;CRODA CHOCQUES SAS;2005;Air;Oxyde d'éthylène;5290;kg/an
0007000987;VENATOR Pigments France;2005;Air;Oxydes de soufre (SOx/SO2);152000;kg/an
0007000987;VENATOR Pigments France;2005;Eau (direct);Phosphore total;6970;kg/an
0007000991;HERTA;2005;Eau (indirect);Carbone organique total (en tant que C total ou DCO/3);109000;kg/an
0007000991;HERTA;2005;Eau (indirect);Demande biologique en oxygène (DBO5);177000;kg/an
0007000991;HERTA;2005;Eau (indirect);Demande chimique en oxygène (DCO);327000;kg/an
0007000992;H2D;2005;Air;Composés organiques volatils non méthaniques (COVNM);441000;kg/an
0007000999;UIOM d' Henin Beaumont;2005;Air;Dioxyde de carbone (CO2) d'origine biomasse;23500000;kg/an
0007000999;UIOM d' Henin Beaumont;2005;Air;Acide fluorhydrique (flurorure d'hydrogène);527;kg/an
0007000999;UIOM d' Henin Beaumont;2005;Air;Antimoine et composés (exprimés en tant que Sb);10;kg/an
0007000999;UIOM d' Henin Beaumont;2005;Air;Cobalt et composés (exprimés en tant que Co);1.6;kg/an
0007001004;INOVA OPERATIONS SAS;2005;Air;Mercure et composés (exprimés en tant que Hg);33;kg/an
0007001104;SCHUR FLEXIBLES UNI ROTO (ex VITROCELLE);2005;Air;Acétaldéhyde (aldéhyde acétique  éthanal);600000;kg/an
0007001105;LUNOR Coopérative;2005;Sol;Carbone organique total (en tant que C total ou DCO/3);135000;kg/an
0007001105;LUNOR Coopérative;2005;Sol;Demande chimique en oxygène (DCO);406000;kg/an
0007001124;COCA-COLA PRODUCTION SAS;2005;Eau (indirect);Carbone organique total (en tant que C total ou DCO/3);200000;kg/an
0007001124;COCA-COLA PRODUCTION SAS;2005;Eau (indirect);Demande biologique en oxygène (DBO5);292000;kg/an
0007001124;COCA-COLA PRODUCTION SAS;2005;Eau (indirect);Demande chimique en oxygène (DCO);601000;kg/an
0007001139;C&D FOODS France;2005;Eau (indirect);Carbone organique total (en tant que C total ou DCO/3);172000;kg/an
0007001139;C&D FOODS France;2005;Eau (indirect);Demande biologique en oxygène (DBO5);327000;kg/an
0007001139;C&D FOODS France;2005;Eau (indirect);Demande chimique en oxygène (DCO);515000;kg/an
0007001139;C&D FOODS France;2005;Eau (indirect);Phosphore total;8680;kg/an
0007001142;FINDUS France (SA);2005;Air;Hydrochlorofluorocarbures (HCFC);970;kg/an
0007001142;FINDUS France (SA);2005;Eau (indirect);Demande biologique en oxygène (DBO5);55100;kg/an
0007001152;DESVRES Usine de Longfossé;2005;Air;Fluor et ses composés (F);1520;kg/an
0007001153;SUEZ RV NORD EST - ISDND DANNES;2005;Air;Méthane (CH4);317000;kg/an
0007001158;Papeterie de Maresquel;2005;Eau (direct);Phénols (en tant que C total);22;kg/an
0007001158;Papeterie de Maresquel;2005;Eau (direct);Zinc et composés (exprimés en tant que Zn);365;kg/an
0007001176;LESAFFRE (Société Industrielle);2005;Air;Hydrochlorofluorocarbures (HCFC);1050;kg/an
0007001214;RESONOR;2005;Air;Oxydes d'azote (NOx/NO2);106000;kg/an
0007001225;ACIERIE ET FONDERIE DE LA HAUTE SAMBRE;2005;Air;Acide fluorhydrique (flurorure d'hydrogène);109;kg/an
0007001236;ARC BLARINGHEM;2005;Eau (direct);Plomb et composés (exprimés en tant que Pb);62;kg/an
0007001262;SA BIGARD;2005;Eau (indirect);Carbone organique total (en tant que C total ou DCO/3);66200;kg/an
0007001262;SA BIGARD;2005;Eau (indirect);Demande biologique en oxygène (DBO5);105000;kg/an
0007001262;SA BIGARD;2005;Eau (indirect);Demande chimique en oxygène (DCO);198000;kg/an
0007001279;ENGIE Thermique France - Centrale DK6;2005;Air;Oxydes de soufre (SOx/SO2);958000;kg/an
0007001279;ENGIE Thermique France - Centrale DK6;2005;Air;Oxydes d'azote (NOx/NO2);844000;kg/an
0007001335;O-I FRANCE SAS usine de WINGLES;2005;Air;Oxydes de soufre (SOx/SO2);293000;kg/an
0007001335;O-I FRANCE SAS usine de WINGLES;2005;Air;Oxydes d'azote (NOx/NO2);269000;kg/an
0007001335;O-I FRANCE SAS usine de WINGLES;2005;Air;Plomb et composés (exprimés en tant que Pb);620;kg/an
0007001579;VALNOR;2005;Air;Dioxyde de carbone (CO2) d'origine biomasse;16200000;kg/an
0007001579;VALNOR;2005;Air;Méthane (CH4);1680000;kg/an
0007001610;DEMARLE;2005;Air;Composés organiques volatils non méthaniques (COVNM);307000;kg/an
0007001610;DEMARLE;2005;Air;Tétrachloroéthylène (PER, tétrachloroéthylène);2800;kg/an
0007001630;DESVRES Maubeuge;2005;Air;Fluor et composés inorganiques (en tant que HF);10100;kg/an
0007001779;GRTgaz - Station de Taisnières;2005;Air;Composés organiques volatils non méthaniques (COVNM);43300;kg/an
0007001779;GRTgaz - Station de Taisnières;2005;Air;Méthane (CH4);306000;kg/an
0007001779;GRTgaz - Station de Taisnières;2005;Air;Oxydes d'azote (NOx/NO2);195000;kg/an
0007001787;LESIEUR GENERALE CONDIMENTAIRE;2005;Eau (indirect);Demande biologique en oxygène (DBO5);87600;kg/an
0007001789;NOVANDIE (SAS)-(ex Générale UItra Frais);2005;Sol;Azote total;70500;kg/an
0007001789;NOVANDIE (SAS)-(ex Générale UItra Frais);2005;Sol;Carbone organique total (en tant que C total ou DCO/3);881000;kg/an
0007001789;NOVANDIE (SAS)-(ex Générale UItra Frais);2005;Sol;Demande chimique en oxygène (DCO);2640000;kg/an
0007001789;NOVANDIE (SAS)-(ex Générale UItra Frais);2005;Sol;Matières en suspension (MES);375000;kg/an
0007001789;NOVANDIE (SAS)-(ex Générale UItra Frais);2005;Sol;Phosphore total;24700;kg/an
0007001881;MONDELEZ FRANCE;2005;Air;Hydroflurocarbures (HFC);184;kg/an
0007001881;MONDELEZ FRANCE;2005;Eau (indirect);Demande biologique en oxygène (DBO5);82100;kg/an
0007002189;CAUDRESIENNE de BTA;2005;Eau (direct);Phosphore total;6380;kg/an
0007002235;CIDEME;2005;Air;Dioxyde de carbone (CO2) d'origine biomasse;41500000;kg/an
0007002239;SICOS;2005;Eau (direct);Demande biologique en oxygène (DBO5);46900;kg/an
0007002309;GRTgaz - Station de Pitgam;2005;Air;Composés organiques volatils non méthaniques (COVNM);32200;kg/an
0007002309;GRTgaz - Station de Pitgam;2005;Air;Méthane (CH4);224000;kg/an
0007002326;VERSALIS FRANCE SAS Fortelet;2005;Air;Benzène;14100;kg/an
0007002326;VERSALIS FRANCE SAS Fortelet;2005;Air;Composés organiques volatils non méthaniques (COVNM);98300;kg/an
0007002326;VERSALIS FRANCE SAS Fortelet;2005;Air;1,3-butadiène;410;kg/an
0007002336;TT PLAST;2005;Air;Composés organiques volatils non méthaniques (COVNM);96400;kg/an
0007002377;THYSSEN KRUPP ELECTRICAL STEEL UGO;2005;Eau (indirect);Aluminium et composés (exprimés en tant que Al);2510;kg/an
0007002377;THYSSEN KRUPP ELECTRICAL STEEL UGO;2005;Eau (indirect);Cadmium et composés (exprimés en tant que Cd);10;kg/an
0007002377;THYSSEN KRUPP ELECTRICAL STEEL UGO;2005;Eau (indirect);Chrome et composés (exprimés en tant que Cr);3010;kg/an
0007002377;THYSSEN KRUPP ELECTRICAL STEEL UGO;2005;Eau (indirect);Cuivre et composés (exprimés en tant que Cu);643;kg/an
0007002377;THYSSEN KRUPP ELECTRICAL STEEL UGO;2005;Eau (indirect);Fer et composés (exprimés en tant que Fe);125000;kg/an
0007002377;THYSSEN KRUPP ELECTRICAL STEEL UGO;2005;Eau (indirect);Fluorures (en tant que F total);31800;kg/an
0007002377;THYSSEN KRUPP ELECTRICAL STEEL UGO;2005;Eau (indirect);Nickel et composés (exprimés en tant que Ni);224;kg/an
0007002377;THYSSEN KRUPP ELECTRICAL STEEL UGO;2005;Eau (indirect);Phosphore total;8290;kg/an
0007002377;THYSSEN KRUPP ELECTRICAL STEEL UGO;2005;Eau (indirect);Zinc et composés (exprimés en tant que Zn);158;kg/an
0007002398;LIBERTY ASCOVAL;2005;Air;Chrome et composés (exprimés en tant que Cr);353;kg/an
0007002398;LIBERTY ASCOVAL;2005;Air;Composés organiques volatils non méthaniques (COVNM);48900;kg/an
0007002398;LIBERTY ASCOVAL;2005;Air;Cuivre et composés (exprimés en tant que Cu);203;kg/an
0007002398;LIBERTY ASCOVAL;2005;Air;Dioxines et furanes (PCDD + PCDF) (exprimés en iTeq);0.00137;kg/an
0007002398;LIBERTY ASCOVAL;2005;Air;Manganèse et composés (exprimés en tant que Mn);1260;kg/an
0007002398;LIBERTY ASCOVAL;2005;Air;Plomb et composés (exprimés en tant que Pb);471;kg/an
0007002398;LIBERTY ASCOVAL;2005;Air;Zinc et composés (exprimés en tant que Zn);3840;kg/an
0007002398;LIBERTY ASCOVAL;2005;Eau (direct);Manganèse et composés (exprimés en tant que Mn);448;kg/an
0007002398;LIBERTY ASCOVAL;2005;Eau (direct);Nickel et composés (exprimés en tant que Ni);111;kg/an
0007002398;LIBERTY ASCOVAL;2005;Eau (direct);Zinc et composés (exprimés en tant que Zn);232;kg/an
0007002401;COVALYS ex-VALNOR (CVE ANTARES);2005;Air;Dioxyde de carbone (CO2) d'origine biomasse;149000000;kg/an
0007002401;COVALYS ex-VALNOR (CVE ANTARES);2005;Air;Protoxyde d'azote (N2O);33700;kg/an
0007002401;COVALYS ex-VALNOR (CVE ANTARES);2005;Air;Acide fluorhydrique (flurorure d'hydrogène);809;kg/an
0007002401;COVALYS ex-VALNOR (CVE ANTARES);2005;Air;Antimoine et composés (exprimés en tant que Sb);9.57;kg/an
0007002401;COVALYS ex-VALNOR (CVE ANTARES);2005;Air;Cobalt et composés (exprimés en tant que Co);4.76;kg/an
0007002413;OPALE ENVIRONNEMENT (CET);2005;Air;Méthane (CH4);354000;kg/an
0007002425;Stoelzle de Masnières Parfumeries;2005;Air;Fluor et composés inorganiques (en tant que HF);30100;kg/an
0007002425;Stoelzle de Masnières Parfumeries;2005;Air;Oxydes de soufre (SOx/SO2);251000;kg/an
0007002452;AGC FRANCE SAS;2005;Air;Méthanol (alcool méthylique);0.37;kg/an
0007002543;ARDO VIOLAINES SAS;2005;Eau (direct);Carbone organique total (en tant que C total ou DCO/3);253000;kg/an
0007002543;ARDO VIOLAINES SAS;2005;Eau (direct);Demande biologique en oxygène (DBO5);216000;kg/an
0007002543;ARDO VIOLAINES SAS;2005;Eau (direct);Demande chimique en oxygène (DCO);636000;kg/an
0007002546;ROQUETTE Frères;2005;Air;Oxydes d'azote (NOx/NO2);866000;kg/an
0007002546;ROQUETTE Frères;2005;Air;Protoxyde d'azote (N2O);28100;kg/an
0007002546;ROQUETTE Frères;2005;Eau (direct);Carbone organique total (en tant que C total ou DCO/3);392000;kg/an
0007002546;ROQUETTE Frères;2005;Eau (direct);Chlorures (en tant que Cl total);11100000;kg/an
0007002546;ROQUETTE Frères;2005;Eau (direct);Demande biologique en oxygène (DBO5);245000;kg/an
0007002546;ROQUETTE Frères;2005;Eau (direct);Demande chimique en oxygène (DCO);1180000;kg/an
0007002546;ROQUETTE Frères;2005;Eau (direct);Nickel et composés (exprimés en tant que Ni);702;kg/an
0007002546;ROQUETTE Frères;2005;Eau (direct);Phosphore total;33100;kg/an
0007002546;ROQUETTE Frères;2005;Sol;Nickel et composés (exprimés en tant que Ni);1330;kg/an
0007002548;SI GROUP-BETHUNE;2005;Air;Composés organiques volatils non méthaniques (COVNM);56600;kg/an
0007002548;SI GROUP-BETHUNE;2005;Air;Aldéhyde formique (formaldéhyde);6810;kg/an
0007002548;SI GROUP-BETHUNE;2005;Air;Phénols (en tant que C total);11.3;kg/an
0007002548;SI GROUP-BETHUNE;2005;Eau (direct);Phénols (en tant que C total);149;kg/an
0007002548;SI GROUP-BETHUNE;2005;Eau (direct);Aldéhyde formique (formaldéhyde);167;kg/an
0007002568;LIOT;2005;Eau (indirect);Carbone organique total (en tant que C total ou DCO/3);116000;kg/an
0007002568;LIOT;2005;Eau (indirect);Demande biologique en oxygène (DBO5);220000;kg/an
0007002568;LIOT;2005;Eau (indirect);Demande chimique en oxygène (DCO);347000;kg/an
0007002731;TOYOTA M.M.F.;2005;Air;Acide cyanhydrique (HCN);502;kg/an
0007002731;TOYOTA M.M.F.;2005;Air;Composés organiques volatils non méthaniques (COVNM);243000;kg/an
0007002731;TOYOTA M.M.F.;2005;Eau (direct);Nickel et composés (exprimés en tant que Ni);48.7;kg/an
;SAS EGGTEAM AVIPONTE;2005;Air;Ammoniac (NH3);16500;kg/an
;SARL de Montburon;2005;Air;Ammoniac (NH3);12300;kg/an
;SARL ELEVAGE DES CHARMES;2005;Air;Ammoniac (NH3);11200;kg/an
;Agrioeuf;2005;Air;Ammoniac (NH3);10600;kg/an
;GAEC MESSIDOR;2005;Air;Ammoniac (NH3);14200;kg/an
;SCEA Les COUTURES;2005;Air;Ammoniac (NH3);19700;kg/an
;sarl ldp;2005;Air;Ammoniac (NH3);10700;kg/an
;GAEC MANSCOURT;2005;Air;Ammoniac (NH3);11900;kg/an
;SA DE BERTAIGNEMONT;2005;Air;Ammoniac (NH3);48600;kg/an
;SA DIANE AGRI;2005;Air;Ammoniac (NH3);18700;kg/an
;INTEROVO Avicole France;2005;Air;Ammoniac (NH3);26800;kg/an
;SCEA LA CROIX BOUTET;2005;Air;Ammoniac (NH3);17200;kg/an
;GAEC DE ROOVER;2005;Air;Ammoniac (NH3);24800;kg/an
;CORNIL Jacky;2005;Air;Ammoniac (NH3);10400;kg/an
0005100008;Smurfit Kappa PRF;2005;Eau (direct);Carbone organique total (en tant que C total ou DCO/3);102000;kg/an
0005100008;Smurfit Kappa PRF;2005;Eau (direct);Demande chimique en oxygène (DCO);306000;kg/an
0005100009;SUEZ RV NORD EST;2005;Air;Dioxyde de carbone (CO2) d'origine biomasse;22800000;kg/an
0005100009;SUEZ RV NORD EST;2005;Air;Méthane (CH4);1450000;kg/an
0005100050;SIVOM CHAUNY TERGNIER LA FERE (station d'épuration);2005;Eau (direct);Azote total;52300;kg/an
0005100050;SIVOM CHAUNY TERGNIER LA FERE (station d'épuration);2005;Eau (direct);Carbone organique total (en tant que C total ou DCO/3);54200;kg/an
0005100050;SIVOM CHAUNY TERGNIER LA FERE (station d'épuration);2005;Eau (direct);Demande biologique en oxygène (DBO5);44900;kg/an
0005100050;SIVOM CHAUNY TERGNIER LA FERE (station d'épuration);2005;Eau (direct);Demande chimique en oxygène (DCO);163000;kg/an
0005100050;SIVOM CHAUNY TERGNIER LA FERE (station d'épuration);2005;Eau (direct);Phosphore total;5120;kg/an
0005100064;CHEMETALL SAS;2005;Air;Dichlorométhane (DCM, chlorure de méthylène);3650;kg/an
0005100079;SGI;2005;Eau (direct);Fluor et ses composés (F);447;kg/an
0005100114;TEREOS FRANCE (BUCY);2005;Air;Composés organiques volatils non méthaniques (COVNM);71600;kg/an
0005100114;TEREOS FRANCE (BUCY);2005;Air;Dioxyde de carbone (CO2) d'origine biomasse;20400000;kg/an
0005100114;TEREOS FRANCE (BUCY);2005;Air;Oxydes de soufre (SOx/SO2);441000;kg/an
0005100114;TEREOS FRANCE (BUCY);2005;Air;Oxydes d'azote (NOx/NO2);218000;kg/an
0005100114;TEREOS FRANCE (BUCY);2005;Eau (direct);Carbone organique total (en tant que C total ou DCO/3);65200;kg/an
0005100114;TEREOS FRANCE (BUCY);2005;Eau (direct);Demande biologique en oxygène (DBO5);71900;kg/an
0005100114;TEREOS FRANCE (BUCY);2005;Eau (direct);Demande chimique en oxygène (DCO);195000;kg/an
0005100141;ALTIFORT INNOVATECH;2005;Air;Trichloréthylène;5610;kg/an
0005100143;WEPA GREENFIELD SAS;2005;Eau (direct);Carbone organique total (en tant que C total ou DCO/3);89300;kg/an
0005100143;WEPA GREENFIELD SAS;2005;Eau (direct);Demande chimique en oxygène (DCO);238000;kg/an
0005100185;ARKEMA Usine de Chauny;2005;Air;Composés organiques volatils non méthaniques (COVNM);190000;kg/an
0005100185;ARKEMA Usine de Chauny;2005;Air;Monoxyde de carbone (CO);5440000;kg/an
0005100185;ARKEMA Usine de Chauny;2005;Air;Oxydes d'azote (NOx/NO2);154000;kg/an
0005100190;DSP France SAS  (ex DOW FRANCE);2005;Air;1,2-dichloroéthane (DCE - chlorure d'éthylène);18000;kg/an
0005100190;DSP France SAS  (ex DOW FRANCE);2005;Air;Composés organiques volatils non méthaniques (COVNM);128000;kg/an
0005100190;DSP France SAS  (ex DOW FRANCE);2005;Air;Dichlorométhane (DCM, chlorure de méthylène);58300;kg/an
0005100190;DSP France SAS  (ex DOW FRANCE);2005;Air;Acrylonitrile;730;kg/an
0005100190;DSP France SAS  (ex DOW FRANCE);2005;Air;Aldéhyde formique (formaldéhyde);2570;kg/an
0005100190;DSP France SAS  (ex DOW FRANCE);2005;Air;Chlorométhane (chlorure de méthyle);834;kg/an
0005100190;DSP France SAS  (ex DOW FRANCE);2005;Air;Méthanol (alcool méthylique);16400;kg/an
0005100190;DSP France SAS  (ex DOW FRANCE);2005;Air;Oxyde de bis(chlorométhyle);22;kg/an
0005100190;DSP France SAS  (ex DOW FRANCE);2005;Eau (direct);1,2-dichloroéthane (DCE - chlorure d'éthylène);18;kg/an
0005100190;DSP France SAS  (ex DOW FRANCE);2005;Eau (direct);Aldéhyde formique (formaldéhyde);2020;kg/an
0005100190;DSP France SAS  (ex DOW FRANCE);2005;Eau (direct);Dichlorométhane (DCM, chlorure de méthylène);15;kg/an
0005100190;DSP France SAS  (ex DOW FRANCE);2005;Sol;1,2-dichloroéthane (DCE - chlorure d'éthylène);1300;kg/an
0005100190;DSP France SAS  (ex DOW FRANCE);2005;Sol;Acrylonitrile;466;kg/an
0005100190;DSP France SAS  (ex DOW FRANCE);2005;Sol;Aldéhyde formique (formaldéhyde);20700;kg/an
0005100191;NEXANS WIRES CHAUNY;2005;Air;Composés organiques volatils non méthaniques (COVNM);121000;kg/an
0005100191;NEXANS WIRES CHAUNY;2005;Air;Crésol (mélange d'isomères);2080;kg/an
0005100196;SCCC ( Société de coulée Continue de Cuivre );2005;Air;Cuivre et composés (exprimés en tant que Cu);257;kg/an
0005100196;SCCC ( Société de coulée Continue de Cuivre );2005;Air;Monoxyde de carbone (CO);528000;kg/an
0005100196;SCCC ( Société de coulée Continue de Cuivre );2005;Eau (direct);Cuivre et composés (exprimés en tant que Cu);270;kg/an
0005100220;SAINT LOUIS SUCRE ÉTABLISSEMENT NORD EST;2005;Air;Oxydes de soufre (SOx/SO2);595000;kg/an
0005100220;SAINT LOUIS SUCRE ÉTABLISSEMENT NORD EST;2005;Air;Oxydes d'azote (NOx/NO2);288000;kg/an
0005100220;SAINT LOUIS SUCRE ÉTABLISSEMENT NORD EST;2005;Eau (direct);Carbone organique total (en tant que C total ou DCO/3);65800;kg/an
0005100220;SAINT LOUIS SUCRE ÉTABLISSEMENT NORD EST;2005;Eau (direct);Demande biologique en oxygène (DBO5);77200;kg/an
0005100220;SAINT LOUIS SUCRE ÉTABLISSEMENT NORD EST;2005;Eau (direct);Demande chimique en oxygène (DCO);197000;kg/an
0005100257;VERALLIA FRANCE (ex St Gobain Emballage);2005;Air;Arsenic et composés (exprimés en tant que As);203;kg/an
0005100257;VERALLIA FRANCE (ex St Gobain Emballage);2005;Air;Cadmium et composés (exprimés en tant que Cd);40;kg/an
0005100257;VERALLIA FRANCE (ex St Gobain Emballage);2005;Air;Chrome et composés (exprimés en tant que Cr);1670;kg/an
0005100257;VERALLIA FRANCE (ex St Gobain Emballage);2005;Air;Oxydes de soufre (SOx/SO2);297000;kg/an
0005100257;VERALLIA FRANCE (ex St Gobain Emballage);2005;Air;Oxydes d'azote (NOx/NO2);409000;kg/an
0005100257;VERALLIA FRANCE (ex St Gobain Emballage);2005;Air;Plomb et composés (exprimés en tant que Pb);1640;kg/an
0005100257;VERALLIA FRANCE (ex St Gobain Emballage);2005;Air;Acide fluorhydrique (flurorure d'hydrogène);2330;kg/an
0005100257;VERALLIA FRANCE (ex St Gobain Emballage);2005;Air;Antimoine et composés (exprimés en tant que Sb);200;kg/an
0005100257;VERALLIA FRANCE (ex St Gobain Emballage);2005;Eau (direct);Zinc et composés (exprimés en tant que Zn);214;kg/an
0005100311;EDIFI NORD;2005;Air;Méthane (CH4);656000;kg/an
0005100348;TERGAL INDUSTRIES;2005;Air;Composés organiques volatils non méthaniques (COVNM);59500;kg/an
0005100348;TERGAL INDUSTRIES;2005;Eau (direct);Carbone organique total (en tant que C total ou DCO/3);377000;kg/an
0005100348;TERGAL INDUSTRIES;2005;Eau (direct);Cuivre et composés (exprimés en tant que Cu);64;kg/an
0005100348;TERGAL INDUSTRIES;2005;Eau (direct);Demande biologique en oxygène (DBO5);383000;kg/an
0005100348;TERGAL INDUSTRIES;2005;Eau (direct);Demande chimique en oxygène (DCO);1130000;kg/an
0005100348;TERGAL INDUSTRIES;2005;Eau (direct);Nickel et composés (exprimés en tant que Ni);40;kg/an
0005100348;TERGAL INDUSTRIES;2005;Eau (direct);Plomb et composés (exprimés en tant que Pb);73;kg/an
0005100348;TERGAL INDUSTRIES;2005;Eau (direct);1,4-dioxane;9380;kg/an
0005100348;TERGAL INDUSTRIES;2005;Eau (direct);Acétaldéhyde (aldéhyde acétique  éthanal);28900;kg/an
0005100348;TERGAL INDUSTRIES;2005;Eau (direct);Antimoine et composés (exprimés en tant que Sb);61;kg/an
0005100349;SOPROCOS;2005;Air;Composés organiques volatils non méthaniques (COVNM);69400;kg/an
0005100349;SOPROCOS;2005;Eau (indirect);Carbone organique total (en tant que C total ou DCO/3);73400;kg/an
0005100349;SOPROCOS;2005;Eau (indirect);Demande biologique en oxygène (DBO5);81700;kg/an
0005100349;SOPROCOS;2005;Eau (indirect);Demande chimique en oxygène (DCO);220000;kg/an
0005100390;SITA NORD EST;2005;Air;Méthane (CH4);350000;kg/an
0005100400;CROWN LAON;2005;Air;Composés organiques volatils non méthaniques (COVNM);233000;kg/an
0005100415;Impress Laon sas;2005;Air;Composés organiques volatils non méthaniques (COVNM);30300;kg/an
0005100422;AROMONT;2005;Sol;Carbone organique total (en tant que C total ou DCO/3);106000;kg/an
0005100422;AROMONT;2005;Sol;Demande biologique en oxygène (DBO5);183000;kg/an
0005100422;AROMONT;2005;Sol;Demande chimique en oxygène (DCO);317000;kg/an
0005100464;Etablissement de VIC;2005;Air;Monoxyde de carbone (CO);838000;kg/an
0005100464;Etablissement de VIC;2005;Air;Oxydes de soufre (SOx/SO2);267000;kg/an
0005100464;Etablissement de VIC;2005;Air;Oxydes d'azote (NOx/NO2);193000;kg/an
0005100466;INTERSNACK FRANCE ex-VICO SA;2005;Eau (direct);Demande biologique en oxygène (DBO5);53900;kg/an
0005100467;GAVEL;2005;Air;Oxyde de propylène (1,2-époxypropane);0.09;kg/an
0005100467;GAVEL;2005;Eau (direct);Carbone organique total (en tant que C total ou DCO/3);96500;kg/an
0005100467;GAVEL;2005;Eau (direct);Demande biologique en oxygène (DBO5);56800;kg/an
0005100467;GAVEL;2005;Eau (direct);Demande chimique en oxygène (DCO);290000;kg/an
0005100467;GAVEL;2005;Eau (direct);Phosphore total;5100;kg/an
0005100477;DECAPAGE DE L'AISNE;2005;Air;Dichlorométhane (DCM, chlorure de méthylène);128000;kg/an
0005100477;DECAPAGE DE L'AISNE;2005;Eau (indirect);Dichlorométhane (DCM, chlorure de méthylène);1910;kg/an
0005100496;SARL SCOP ABATTOIR DE L'AISNE;2005;Eau (indirect);Carbone organique total (en tant que C total ou DCO/3);52400;kg/an
0005100496;SARL SCOP ABATTOIR DE L'AISNE;2005;Eau (indirect);Demande biologique en oxygène (DBO5);43300;kg/an
0005100521;TEREOS FRANCE;2005;Air;Composés organiques volatils non méthaniques (COVNM);99200;kg/an
0005100521;TEREOS FRANCE;2005;Air;Dioxyde de carbone (CO2) d'origine biomasse;47900000;kg/an
0005100521;TEREOS FRANCE;2005;Air;Oxydes d'azote (NOx/NO2);178000;kg/an
0005100521;TEREOS FRANCE;2005;Eau (direct);Carbone organique total (en tant que C total ou DCO/3);54700;kg/an
0005100521;TEREOS FRANCE;2005;Eau (direct);Demande chimique en oxygène (DCO);164000;kg/an
0005100557;AHLSTROM CHANTRAINE;2005;Eau (direct);Carbone organique total (en tant que C total ou DCO/3);63400;kg/an
0005100557;AHLSTROM CHANTRAINE;2005;Eau (direct);Demande chimique en oxygène (DCO);190000;kg/an
0005100562;MBK INDUSTRIE;2005;Air;Composés organiques volatils non méthaniques (COVNM);137000;kg/an
0005100562;MBK INDUSTRIE;2005;Air;Trichloréthylène;9010;kg/an
0005100563;ELECTRO ARDEN;2005;Eau (direct);Zinc et composés (exprimés en tant que Zn);179;kg/an
0005100611;CENTRE HOSPITALIER GENERAL;2005;Eau (indirect);Nickel et composés (exprimés en tant que Ni);29;kg/an
0005100611;CENTRE HOSPITALIER GENERAL;2005;Eau (indirect);Phénols (en tant que C total);67;kg/an
0005100728;MAGNETTO WHEELS;2005;Air;Composés organiques volatils non méthaniques (COVNM);39600;kg/an
0005100728;MAGNETTO WHEELS;2005;Eau (indirect);Nickel et composés (exprimés en tant que Ni);78.4;kg/an
0005100756;ATEMAX FRANCE;2005;Air;Dioxyde de carbone (CO2) d'origine biomasse;27000000;kg/an
0005100757;SAICA PAPER  FRANCE (ROCHETTE VENIZEL);2005;Eau (direct);Azote total;267000;kg/an
0005100757;SAICA PAPER  FRANCE (ROCHETTE VENIZEL);2005;Eau (direct);Carbone organique total (en tant que C total ou DCO/3);700000;kg/an
0005100757;SAICA PAPER  FRANCE (ROCHETTE VENIZEL);2005;Eau (direct);Demande biologique en oxygène (DBO5);134000;kg/an
0005100757;SAICA PAPER  FRANCE (ROCHETTE VENIZEL);2005;Eau (direct);Demande chimique en oxygène (DCO);2100000;kg/an
0005100757;SAICA PAPER  FRANCE (ROCHETTE VENIZEL);2005;Eau (direct);Phosphore total;8300;kg/an
0005100864;VALNOR;2005;Air;Dioxyde de carbone (CO2) d'origine biomasse;11700000;kg/an
0005100864;VALNOR;2005;Air;Méthane (CH4);692000;kg/an
0005100907;BEREZECKI;2005;Air;Trichloréthylène;30400;kg/an
0005100909;VISKASE;2005;Air;Oxydes de soufre (SOx/SO2);484000;kg/an
0005100909;VISKASE;2005;Air;Sulfure d'hydrogène (H2S);78000;kg/an
0005100912;AGCO;2005;Air;Composés organiques volatils non méthaniques (COVNM);91900;kg/an
0005100917;SOLABIA;2005;Eau (indirect);Carbone organique total (en tant que C total ou DCO/3);185000;kg/an
0005100917;SOLABIA;2005;Eau (indirect);Demande biologique en oxygène (DBO5);314000;kg/an
0005100917;SOLABIA;2005;Eau (indirect);Demande chimique en oxygène (DCO);555000;kg/an
0005100918;SPONTEX;2005;Air;Oxydes de soufre (SOx/SO2);433000;kg/an
0005100918;SPONTEX;2005;Air;Sulfure d'hydrogène (H2S);82100;kg/an
0005100918;SPONTEX;2005;Air;Sulfure de carbone;447000;kg/an
0005100918;SPONTEX;2005;Eau (direct);Carbone organique total (en tant que C total ou DCO/3);84800;kg/an
0005100918;SPONTEX;2005;Eau (direct);Demande biologique en oxygène (DBO5);76600;kg/an
0005100918;SPONTEX;2005;Eau (direct);Demande chimique en oxygène (DCO);254000;kg/an
0005100962;AFFINERIE DE PONT SAINTE MAXENCE;2005;Air;Composés organiques volatils non méthaniques (COVNM);46100;kg/an
0005100962;AFFINERIE DE PONT SAINTE MAXENCE;2005;Air;Plomb et composés (exprimés en tant que Pb);241;kg/an
0005100964;INITIAL;2005;Eau (indirect);Di(2-éthylhexyle)phtalate (DEHP);278;kg/an
0005100964;INITIAL;2005;Eau (indirect);Mercure et composés (exprimés en tant que Hg);25.9;kg/an
0005100964;INITIAL;2005;Eau (indirect);Plomb et composés (exprimés en tant que Pb);38.6;kg/an
0005100978;BASF France (ex Coatings);2005;Air;Composés organiques volatils non méthaniques (COVNM);305000;kg/an
0005100993;Si GROUP;2005;Air;Composés organiques volatils non méthaniques (COVNM);304000;kg/an
0005100993;Si GROUP;2005;Air;Crésol (mélange d'isomères);2020;kg/an
0005100993;Si GROUP;2005;Air;Méthanol (alcool méthylique);187;kg/an
0005100993;Si GROUP;2005;Air;Phénols (en tant que C total);570;kg/an
0005101020;ROULUNDS BRAKING France;2005;Air;Trichloréthylène;3820;kg/an
0005101029;TEREOS FRANCE;2005;Air;Oxydes de soufre (SOx/SO2);270000;kg/an
0005101029;TEREOS FRANCE;2005;Air;Oxydes d'azote (NOx/NO2);177000;kg/an
0005101041;CONTINENTAL France SNC;2005;Air;Composés organiques volatils non méthaniques (COVNM);50300;kg/an
0005101072;REGEAL;2005;Air;Chlore;341;kg/an
0005101076;ABATTOIRS DU VALOIS;2005;Eau (indirect);Carbone organique total (en tant que C total ou DCO/3);100000;kg/an
0005101076;ABATTOIRS DU VALOIS;2005;Eau (indirect);Demande biologique en oxygène (DBO5);130000;kg/an
0005101076;ABATTOIRS DU VALOIS;2005;Eau (indirect);Demande chimique en oxygène (DCO);300000;kg/an
0005101078;COLGATE PALMOLIVE;2005;Eau (direct);Carbone organique total (en tant que C total ou DCO/3);64900;kg/an
0005101078;COLGATE PALMOLIVE;2005;Eau (direct);Demande chimique en oxygène (DCO);195000;kg/an
0005101081;SANOFI WINTHROP INDUSTRIE (EX AVENTIS);2005;Air;Dichlorométhane (DCM, chlorure de méthylène);3840;kg/an
0005101081;SANOFI WINTHROP INDUSTRIE (EX AVENTIS);2005;Air;Hydrochlorofluorocarbures (HCFC);844;kg/an
0005101117;CNH INDUSTRIAL FRANCE SA;2005;Air;Composés organiques volatils non méthaniques (COVNM);36000;kg/an
0005101124;ISDND de Crépy en Valois;2005;Air;Dioxyde de carbone (CO2) d'origine biomasse;13200000;kg/an
0005101124;ISDND de Crépy en Valois;2005;Air;Méthane (CH4);801000;kg/an
0005101138;CLARIANT PRODUCTION (France);2005;Air;Composés organiques volatils non méthaniques (COVNM);144000;kg/an
0005101138;CLARIANT PRODUCTION (France);2005;Air;Dioxyde de carbone (CO2) d'origine biomasse;10600000;kg/an
0005101138;CLARIANT PRODUCTION (France);2005;Air;Oxydes de soufre (SOx/SO2);291000;kg/an
0005101138;CLARIANT PRODUCTION (France);2005;Air;Oxydes d'azote (NOx/NO2);386000;kg/an
0005101138;CLARIANT PRODUCTION (France);2005;Air;Protoxyde d'azote (N2O);1250000;kg/an
0005101138;CLARIANT PRODUCTION (France);2005;Eau (direct);Carbone organique total (en tant que C total ou DCO/3);210000;kg/an
0005101138;CLARIANT PRODUCTION (France);2005;Eau (direct);Chlorures (en tant que Cl total);2700000;kg/an
0005101138;CLARIANT PRODUCTION (France);2005;Eau (direct);Demande biologique en oxygène (DBO5);48400;kg/an
0005101138;CLARIANT PRODUCTION (France);2005;Eau (direct);Demande chimique en oxygène (DCO);631000;kg/an
0005101138;CLARIANT PRODUCTION (France);2005;Eau (direct);Matières en suspension (MES);413000;kg/an
0005101138;CLARIANT PRODUCTION (France);2005;Eau (direct);Nickel et composés (exprimés en tant que Ni);67.9;kg/an
0005101138;CLARIANT PRODUCTION (France);2005;Eau (direct);Phosphore total;5810;kg/an
0005101138;CLARIANT PRODUCTION (France);2005;Eau (direct);Phénols (en tant que C total);41.8;kg/an
0005101138;CLARIANT PRODUCTION (France);2005;Eau (direct);Sulfates;5720000;kg/an
0005101159;ORFEVRERIE D'ERCUIS;2005;Air;Trichloréthylène;5000;kg/an
0005101176;SAVERGLASS (SAV ...);2005;Air;Oxydes de soufre (SOx/SO2);271000;kg/an
0005101176;SAVERGLASS (SAV ...);2005;Air;Oxydes d'azote (NOx/NO2);257000;kg/an
0005101176;SAVERGLASS (SAV ...);2005;Air;Plomb et composés (exprimés en tant que Pb);395;kg/an
0005101211;STORENGY;2005;Air;Composés organiques volatils non méthaniques (COVNM);367000;kg/an
0005101211;STORENGY;2005;Air;Méthane (CH4);182000;kg/an
0005101211;STORENGY;2005;Air;Méthanol (alcool méthylique);3500;kg/an
0005101217;DMG - DUMONT MORNET GOUVIEUX;2005;Eau (indirect);Carbone organique total (en tant que C total ou DCO/3);64800;kg/an
0005101217;DMG - DUMONT MORNET GOUVIEUX;2005;Eau (indirect);Demande chimique en oxygène (DCO);194000;kg/an
0005101321;FAURECIA Intérieur Industrie;2005;Air;Composés organiques volatils non méthaniques (COVNM);60800;kg/an
0005101338;PLACOPLATRE (EX ISOPLAC);2005;Air;Composés organiques volatils non méthaniques (COVNM);241000;kg/an
0005101339;UNILEVER FRANCE HPC Industries;2005;Eau (direct);Fluor et ses composés (F);231;kg/an
0005101361;AKZO NOBEL DECORATIVE (ex AKZO NOBEL CO);2005;Air;Composés organiques volatils non méthaniques (COVNM);49200;kg/an
0005101361;AKZO NOBEL DECORATIVE (ex AKZO NOBEL CO);2005;Eau (direct);Benzène;1.3;kg/an
0005101363;ARCELORMITTAL FRANCE;2005;Eau (direct);Nickel et composés (exprimés en tant que Ni);30;kg/an
0005101363;ARCELORMITTAL FRANCE;2005;Eau (direct);Zinc et composés (exprimés en tant que Zn);103;kg/an
0005101367;CSDU de MOULIN SOUS TOUVENT;2005;Air;Dioxyde de carbone (CO2) d'origine biomasse;12100000;kg/an
0005101367;CSDU de MOULIN SOUS TOUVENT;2005;Air;Méthane (CH4);1270000;kg/an
0005101430;MAJENCIA noyon;2005;Air;Composés organiques volatils non méthaniques (COVNM);40200;kg/an
0005101439;AUTONEUM France SASU;2005;Air;Ammoniac (NH3);37900;kg/an
0005101466;SAGA DECOR;2005;Air;Acide fluorhydrique (flurorure d'hydrogène);934;kg/an
0005101466;SAGA DECOR;2005;Eau (direct);Acide fluorhydrique (flurorure d'hydrogène);135;kg/an
0005101473;HUTTENES ALBERTUS FRANCE;2005;Air;Aldéhyde formique (formaldéhyde);6;kg/an
0005101473;HUTTENES ALBERTUS FRANCE;2005;Air;Méthanol (alcool méthylique);510;kg/an
0005101473;HUTTENES ALBERTUS FRANCE;2005;Air;Phénols (en tant que C total);1820;kg/an
0005101473;HUTTENES ALBERTUS FRANCE;2005;Eau (direct);Aldéhyde formique (formaldéhyde);26;kg/an
0005101505;HEXION Specialty chemicals - RIBECOURT;2005;Air;Composés organiques volatils non méthaniques (COVNM);80300;kg/an
0005101505;HEXION Specialty chemicals - RIBECOURT;2005;Air;1,3-butadiène;14900;kg/an
0005101505;HEXION Specialty chemicals - RIBECOURT;2005;Eau (direct);Benzène;1.05;kg/an
0005101507;SYNTHOS ( ex INEOS STYRENICS);2005;Air;Composés organiques volatils non méthaniques (COVNM);148000;kg/an
0005101555;NORCHIM;2005;Air;Dichlorométhane (DCM, chlorure de méthylène);11000;kg/an
0005101557;CAMFIL;2005;Air;Tétrachloroéthylène (PER, tétrachloroéthylène);2880;kg/an
0005101565;ISDND SPAT SAINT MAXIMIN;2005;Air;Dioxyde de carbone (CO2) d'origine biomasse;20100000;kg/an
0005101565;ISDND SPAT SAINT MAXIMIN;2005;Air;Méthane (CH4);585000;kg/an
0005101610;SAINT GOBAIN GLASS;2005;Air;Oxydes de soufre (SOx/SO2);190000;kg/an
0005101610;SAINT GOBAIN GLASS;2005;Air;Oxydes d'azote (NOx/NO2);296000;kg/an
0005101610;SAINT GOBAIN GLASS;2005;Air;Plomb et composés (exprimés en tant que Pb);243;kg/an
0005101637;OLEON (ex NOVANCE);2005;Air;Composés organiques volatils non méthaniques (COVNM);252000;kg/an
0005101657;SITA OISE - site de Villeneuve sur Verberie;2005;Air;Dioxyde de carbone (CO2) d'origine biomasse;17000000;kg/an
0005101657;SITA OISE - site de Villeneuve sur Verberie;2005;Air;Méthane (CH4);1170000;kg/an
0005101664;PICARDIE LAVAGES CITERNES;2005;Eau (indirect);Carbone organique total (en tant que C total ou DCO/3);50500;kg/an
0005101664;PICARDIE LAVAGES CITERNES;2005;Eau (indirect);Demande chimique en oxygène (DCO);152000;kg/an
0005101668;ARKEMA;2005;Air;Composés organiques volatils non méthaniques (COVNM);101000;kg/an
0005101668;ARKEMA;2005;Eau (indirect);Phénols (en tant que C total);27;kg/an
0005101669;ARKEMA Usine de Villers saint Paul;2005;Air;Composés organiques volatils non méthaniques (COVNM);93100;kg/an
0005101669;ARKEMA Usine de Villers saint Paul;2005;Air;Chlorométhane (chlorure de méthyle);6610;kg/an
0005101669;ARKEMA Usine de Villers saint Paul;2005;Air;Méthanol (alcool méthylique);13500;kg/an
0005101669;ARKEMA Usine de Villers saint Paul;2005;Eau (direct);Carbone organique total (en tant que C total ou DCO/3);69700;kg/an
0005101669;ARKEMA Usine de Villers saint Paul;2005;Eau (direct);Cuivre et composés (exprimés en tant que Cu);138;kg/an
0005101669;ARKEMA Usine de Villers saint Paul;2005;Eau (direct);Demande chimique en oxygène (DCO);209000;kg/an
0005101669;ARKEMA Usine de Villers saint Paul;2005;Eau (direct);Phénols (en tant que C total);46;kg/an
0005101670;FRANCOLOR PIGMENTS;2005;Eau (indirect);Cuivre et composés (exprimés en tant que Cu);231;kg/an
0005101677;SABIC Innovative Plastics ABS France;2005;Air;Composés organiques volatils non méthaniques (COVNM);57700;kg/an
0005101677;SABIC Innovative Plastics ABS France;2005;Air;Acrylonitrile;14500;kg/an
0005101694;VERESCENCE;2005;Air;Composés organiques volatils non méthaniques (COVNM);97700;kg/an
0005101699;LACTINOV  (ex-SFPL);2005;Eau (indirect);Carbone organique total (en tant que C total ou DCO/3);113000;kg/an
0005101699;LACTINOV  (ex-SFPL);2005;Eau (indirect);Demande biologique en oxygène (DBO5);162000;kg/an
0005101699;LACTINOV  (ex-SFPL);2005;Eau (indirect);Demande chimique en oxygène (DCO);339000;kg/an
0005101699;LACTINOV  (ex-SFPL);2005;Eau (indirect);Phosphore total;43500;kg/an
0005101758;EUROSERUM;2005;Eau (indirect);Carbone organique total (en tant que C total ou DCO/3);53600;kg/an
0005101758;EUROSERUM;2005;Eau (indirect);Demande biologique en oxygène (DBO5);108000;kg/an
0005101758;EUROSERUM;2005;Eau (indirect);Demande chimique en oxygène (DCO);161000;kg/an
0005101806;VIDAM AGRIVAL;2005;Air;Composés organiques volatils non méthaniques (COVNM);59600;kg/an
0005101887;AJINOMOTO ANIMAL NUTRITION EUROPE;2005;Eau (direct);Carbone organique total (en tant que C total ou DCO/3);91700;kg/an
0005101887;AJINOMOTO ANIMAL NUTRITION EUROPE;2005;Eau (direct);Demande chimique en oxygène (DCO);275000;kg/an
0005101901;GOODYEAR DUNLOP TIRES Amiens SUD;2005;Eau (direct);Manganèse et composés (exprimés en tant que Mn);633;kg/an
0005101901;GOODYEAR DUNLOP TIRES Amiens SUD;2005;Eau (direct);Phénols (en tant que C total);24.7;kg/an
0005101910;VALEO EMBRAYAGES;2005;Eau (direct);Nickel et composés (exprimés en tant que Ni);31;kg/an
0005101916;Mersen (ex CARBONE LORRAINE);2005;Air;Composés organiques volatils non méthaniques (COVNM);125000;kg/an
0005101916;Mersen (ex CARBONE LORRAINE);2005;Sol;Trichloréthylène;3300;kg/an
0005101925;DEFIAL;2005;Eau (indirect);Carbone organique total (en tant que C total ou DCO/3);273000;kg/an
0005101925;DEFIAL;2005;Eau (indirect);Demande biologique en oxygène (DBO5);54700;kg/an
0005101927;USINE AMIENS NORD (GOODYEAR);2005;Air;Composés organiques volatils non méthaniques (COVNM);200000;kg/an
0005101988;SFG (Ste Française de Galvanoplastie);2005;Eau (indirect);Nickel et composés (exprimés en tant que Ni);25;kg/an
0005102027;SECODE;2005;Air;Méthane (CH4);387000;kg/an
0005102036;LAINIERE DE PICARDIE BC SAS;2005;Air;Composés organiques volatils non méthaniques (COVNM);176000;kg/an
0005102036;LAINIERE DE PICARDIE BC SAS;2005;Eau (direct);Carbone organique total (en tant que C total ou DCO/3);125000;kg/an
0005102036;LAINIERE DE PICARDIE BC SAS;2005;Eau (direct);Demande biologique en oxygène (DBO5);66700;kg/an
0005102036;LAINIERE DE PICARDIE BC SAS;2005;Eau (direct);Demande chimique en oxygène (DCO);376000;kg/an
0005102065;LUNOR  DISTRIBUTION;2005;Sol;Demande biologique en oxygène (DBO5);93100;kg/an
0005102065;LUNOR  DISTRIBUTION;2005;Sol;Phosphore total;8170;kg/an
0005102147;SICA PULPE HAUTE PICARDIE;2005;Air;Poussières totales;177000;kg/an
0005102150;MEWA;2005;Air;Composés organiques volatils non méthaniques (COVNM);237000;kg/an
0005102153;SAINT LOUIS SUCRE;2005;Air;Composés organiques volatils non méthaniques (COVNM);40000;kg/an
0005102153;SAINT LOUIS SUCRE;2005;Air;Dioxyde de carbone (CO2) d'origine biomasse;39900000;kg/an
0005102153;SAINT LOUIS SUCRE;2005;Air;Oxydes d'azote (NOx/NO2);247000;kg/an
0005102192;Usine de Flaucourt;2005;Sol;Carbone organique total (en tant que C total ou DCO/3);152000;kg/an
0005102192;Usine de Flaucourt;2005;Sol;Demande biologique en oxygène (DBO5);123000;kg/an
0005102192;Usine de Flaucourt;2005;Sol;Demande chimique en oxygène (DCO);455000;kg/an
0005102192;Usine de Flaucourt;2005;Sol;Phosphore total;8010;kg/an
0005102192;Usine de Flaucourt;2005;Eau (direct);Chlore;14500;kg/an
0005102272;SARL R.MOREL;2005;Eau (direct);Acide fluorhydrique (flurorure d'hydrogène);86;kg/an
0005102272;SARL R.MOREL;2005;Eau (direct);Ammoniac (NH3);20900;kg/an
0005102297;EVONIK REXIM ham;2005;Air;Composés organiques volatils non méthaniques (COVNM);52500;kg/an
0005102297;EVONIK REXIM ham;2005;Eau (direct);Chlore;1030000;kg/an
0005102302;SPCH;2005;Air;Mercure et composés (exprimés en tant que Hg);23.4;kg/an
0005102302;SPCH;2005;Air;Chlore;9;kg/an
0005102355;STELIA AEROSPACE;2005;Air;Composés organiques volatils non méthaniques (COVNM);63200;kg/an
0005102374;BONDUELLE EUROPE LONG LIFE;2005;Air;Hydrochlorofluorocarbures (HCFC);1900;kg/an
0005102374;BONDUELLE EUROPE LONG LIFE;2005;Eau (direct);Carbone organique total (en tant que C total ou DCO/3);69500;kg/an
0005102374;BONDUELLE EUROPE LONG LIFE;2005;Eau (direct);Demande chimique en oxygène (DCO);208000;kg/an
0005102374;BONDUELLE EUROPE LONG LIFE;2005;Eau (direct);Phosphore total;6120;kg/an
0005102376;PROGIVEN;2005;Air;Aldéhyde formique (formaldéhyde);1850;kg/an
0005102376;PROGIVEN;2005;Eau (direct);Aldéhyde formique (formaldéhyde);950;kg/an
0005102385;AMCOR FLEXIBLES FOOD FRANCE;2005;Air;Composés organiques volatils non méthaniques (COVNM);254000;kg/an
0005102404;TEREOS  STARCH & SWEETENER EUROPE;2005;Air;Oxydes d'azote (NOx/NO2);373000;kg/an
0005102404;TEREOS  STARCH & SWEETENER EUROPE;2005;Air;Protoxyde d'azote (N2O);15500;kg/an
0005102404;TEREOS  STARCH & SWEETENER EUROPE;2005;Eau (direct);Sulfates;1520000;kg/an
0005102481;VALNOR SA;2005;Air;Méthane (CH4);1000000;kg/an
0005102504;ARDAGH PRODUCTION FRANCE SAS;2005;Air;Composés organiques volatils non méthaniques (COVNM);36300;kg/an
0005102505;ROYE sucrerie et conditionnement;2005;Sol;Carbone organique total (en tant que C total ou DCO/3);105000;kg/an
0005102505;ROYE sucrerie et conditionnement;2005;Sol;Demande chimique en oxygène (DCO);315000;kg/an
0005102550;Sapsa Bedding;2005;Air;Acétaldéhyde (aldéhyde acétique  éthanal);15.5;kg/an
0005102550;Sapsa Bedding;2005;Air;Aldéhyde formique (formaldéhyde);24;kg/an
0005102550;Sapsa Bedding;2005;Eau (indirect);Carbone organique total (en tant que C total ou DCO/3);82800;kg/an
0005102550;Sapsa Bedding;2005;Eau (indirect);Demande chimique en oxygène (DCO);229000;kg/an
0005102550;Sapsa Bedding;2005;Eau (indirect);Fluorures (en tant que F total);2690;kg/an
0005102550;Sapsa Bedding;2005;Eau (indirect);Zinc et composés (exprimés en tant que Zn);273;kg/an
0005102550;Sapsa Bedding;2005;Eau (direct);Fluor et ses composés (F);2690;kg/an
0005102555;POCHET DU COURVAL;2005;Air;Composés organiques volatils non méthaniques (COVNM);78100;kg/an
0005102555;POCHET DU COURVAL;2005;Eau (direct);Fluor et ses composés (F);2;kg/an
0005102581;ROQUETTE  FRERES;2005;Air;Epichlorhydrine (1-chloro-2,3-époxypropane);10;kg/an
0005102581;ROQUETTE  FRERES;2005;Sol;Azote total;740000;kg/an
0005102581;ROQUETTE  FRERES;2005;Sol;Carbone organique total (en tant que C total ou DCO/3);5480000;kg/an
0005102581;ROQUETTE  FRERES;2005;Sol;Demande chimique en oxygène (DCO);14600000;kg/an
0005102581;ROQUETTE  FRERES;2005;Sol;Phosphore total;107000;kg/an
0005102587;RKW SFE SAS;2005;Air;Composés organiques volatils non méthaniques (COVNM);93600;kg/an
0005102590;ORTEC SERVICES ENVIRONNEMENT-TRD;2005;Air;Cuivre et composés (exprimés en tant que Cu);125;kg/an
0005102598;Cristal Union, établissement de Sainte Emilie;2005;Air;Oxydes de soufre (SOx/SO2);459000;kg/an
0005102598;Cristal Union, établissement de Sainte Emilie;2005;Air;Oxydes d'azote (NOx/NO2);173000;kg/an
0005102598;Cristal Union, établissement de Sainte Emilie;2005;Sol;Carbone organique total (en tant que C total ou DCO/3);654000;kg/an
0005102598;Cristal Union, établissement de Sainte Emilie;2005;Sol;Demande chimique en oxygène (DCO);1960000;kg/an
0005103204;EDILIANS tuilerie de St Germer;2005;Air;Oxydes de soufre (SOx/SO2);228000;kg/an
0005103204;EDILIANS tuilerie de St Germer;2005;Air;Chlore;6980;kg/an
0005103204;EDILIANS tuilerie de St Germer;2005;Air;Fluor et ses composés (F);1100;kg/an
0005103657;Flint Groupe France;2005;Air;Composés organiques volatils non méthaniques (COVNM);137000;kg/an
0005103810;Flexico Minigrip Etablissement d'Hénonville;2005;Air;Composés organiques volatils non méthaniques (COVNM);132000;kg/an
0005103811;ESIANE;2005;Air;Dioxyde de carbone (CO2) d'origine biomasse;76400000;kg/an
0005103811;ESIANE;2005;Air;Oxydes d'azote (NOx/NO2);113000;kg/an
0005103811;ESIANE;2005;Air;Protoxyde d'azote (N2O);14700;kg/an
0005103880;EBERSPACHER unités A et B;2005;Air;Chrome et composés (exprimés en tant que Cr);277;kg/an
0005103968;MATT;2005;Air;Composés organiques volatils non méthaniques (COVNM);73600;kg/an
0005103968;MATT;2005;Air;Aldéhyde formique (formaldéhyde);129;kg/an
0005103968;MATT;2005;Sol;Phénols (en tant que C total);67.8;kg/an
0005104648;Chemours (France) S.A.S;2005;Eau (indirect);Benzène, toluène, éthylbenzène, xylènes (BTEX);3150;kg/an
0005104683;FRONERI BEAUVAIS;2005;Eau (direct);Phosphore total;6560;kg/an
0005104803;CLAL-FRANCE;2005;Air;Cuivre et composés (exprimés en tant que Cu);413;kg/an
0005104803;CLAL-FRANCE;2005;Air;Nickel et composés (exprimés en tant que Ni);108;kg/an
0005104803;CLAL-FRANCE;2005;Air;Zinc et composés (exprimés en tant que Zn);1420;kg/an
0005104869;KME France SAS;2005;Air;Zinc et composés (exprimés en tant que Zn);406;kg/an
0005104869;KME France SAS;2005;Eau (direct);Cuivre et composés (exprimés en tant que Cu);50.4;kg/an
0005104869;KME France SAS;2005;Eau (direct);Zinc et composés (exprimés en tant que Zn);126;kg/an
0005104941;PINET Industrie;2005;Sol;Tétrachloroéthylène (PER, tétrachloroéthylène);0.083;kg/an
0005105074;GURDEBEKE SA;2005;Air;Méthane (CH4);756000;kg/an
0005105251;SI GROUP RIBECOURT SAS;2005;Air;Aldéhyde formique (formaldéhyde);620;kg/an
0005105251;SI GROUP RIBECOURT SAS;2005;Air;Epichlorhydrine (1-chloro-2,3-époxypropane);100;kg/an
0005105251;SI GROUP RIBECOURT SAS;2005;Air;Méthanol (alcool méthylique);205;kg/an
0005105251;SI GROUP RIBECOURT SAS;2005;Air;Phénols (en tant que C total);640;kg/an
0005105384;ISDND du Bochet;2005;Air;Méthane (CH4);171000;kg/an
0005200001;SFCME;2005;Air;Hexafluorure de soufre (SF6);4600;kg/an
0005200010;POLYREY S.A.S. (usine);2005;Air;Aldéhyde formique (formaldéhyde);108;kg/an
0005200010;POLYREY S.A.S. (usine);2005;Air;Méthanol (alcool méthylique);4430;kg/an
0005200010;POLYREY S.A.S. (usine);2005;Air;Phénols (en tant que C total);1;kg/an
0005200016;EURENCO (ex-BERGERAC NC);2005;Air;Composés organiques volatils non méthaniques (COVNM);2350000;kg/an
0005200016;EURENCO (ex-BERGERAC NC);2005;Air;Oxydes d'azote (NOx/NO2);383000;kg/an
0005200016;EURENCO (ex-BERGERAC NC);2005;Eau (direct);Carbone organique total (en tant que C total ou DCO/3);573000;kg/an
0005200016;EURENCO (ex-BERGERAC NC);2005;Eau (direct);Demande chimique en oxygène (DCO);1720000;kg/an
0005200016;EURENCO (ex-BERGERAC NC);2005;Eau (direct);Matières en suspension (MES);1500000;kg/an
0005200028;EURENCO SA;2005;Air;Composés organiques volatils non méthaniques (COVNM);268000;kg/an
0005200028;EURENCO SA;2005;Eau (direct);Dichlorométhane (DCM, chlorure de méthylène);13;kg/an
0005200074;BERKEM SAS;2005;Air;Méthanol (alcool méthylique);17400;kg/an
0005200081;MUNKSJÖ ROTTERSAC SAS;2005;Eau (direct);Carbone organique total (en tant que C total ou DCO/3);109000;kg/an
0005200081;MUNKSJÖ ROTTERSAC SAS;2005;Eau (direct);Demande biologique en oxygène (DBO5);142000;kg/an
0005200081;MUNKSJÖ ROTTERSAC SAS;2005;Eau (direct);Demande chimique en oxygène (DCO);328000;kg/an
0005200086;CONDAT SAS;2005;Air;Composés organiques volatils non méthaniques (COVNM);39900;kg/an
0005200086;CONDAT SAS;2005;Air;Oxydes d'azote (NOx/NO2);115000;kg/an
0005200086;CONDAT SAS;2005;Eau (direct);Aluminium et composés (exprimés en tant que Al);22500;kg/an
0005200086;CONDAT SAS;2005;Eau (direct);Arsenic et composés (exprimés en tant que As);14;kg/an
0005200086;CONDAT SAS;2005;Eau (direct);Cadmium et composés (exprimés en tant que Cd);7;kg/an
0005200086;CONDAT SAS;2005;Eau (direct);Carbone organique total (en tant que C total ou DCO/3);100000;kg/an
0005200086;CONDAT SAS;2005;Eau (direct);Composés organohalogénés (exprimés en tant que AOX);1770;kg/an
0005200086;CONDAT SAS;2005;Eau (direct);Cuivre et composés (exprimés en tant que Cu);747;kg/an
0005200086;CONDAT SAS;2005;Eau (direct);Demande biologique en oxygène (DBO5);44800;kg/an
0005200086;CONDAT SAS;2005;Eau (direct);Demande chimique en oxygène (DCO);300000;kg/an
0005200086;CONDAT SAS;2005;Eau (direct);Phosphore total;6790;kg/an
0005200086;CONDAT SAS;2005;Eau (direct);Zinc et composés (exprimés en tant que Zn);475;kg/an
0005200086;CONDAT SAS;2005;Sol;Cadmium et composés (exprimés en tant que Cd);1.1;kg/an
0005200086;CONDAT SAS;2005;Sol;Chrome et composés (exprimés en tant que Cr);93;kg/an
0005200086;CONDAT SAS;2005;Sol;Cuivre et composés (exprimés en tant que Cu);124;kg/an
0005200086;CONDAT SAS;2005;Sol;Nickel et composés (exprimés en tant que Ni);29;kg/an
0005200086;CONDAT SAS;2005;Sol;Plomb et composés (exprimés en tant que Pb);21;kg/an
0005200086;CONDAT SAS;2005;Sol;Zinc et composés (exprimés en tant que Zn);47;kg/an
0005200096;SITA SUD OUEST;2005;Air;Méthane (CH4);868000;kg/an
0005200118;INTERSPRAY S.A.S;2005;Air;Composés organiques volatils non méthaniques (COVNM);94000;kg/an
0005200199;COLOPLAST MANUFACTURING FRANCE;2005;Eau (direct);Oxyde d'éthylène;35;kg/an
0005200249;FORESA FRANCE SAS;2005;Air;Aldéhyde formique (formaldéhyde);587;kg/an
0005200249;FORESA FRANCE SAS;2005;Eau (direct);Aldéhyde formique (formaldéhyde);224;kg/an
0005200249;FORESA FRANCE SAS;2005;Eau (direct);Méthanol (alcool méthylique);177;kg/an
0005200251;SANOFI WINTHROP INDUSTRIE;2005;Eau (indirect);Hydrocarbures aromatiques polycycliques (HAP);25;kg/an
0005200257;NOURYON PULP & PERFORMANCE CHEMICALS;2005;Eau (direct);Epichlorhydrine (1-chloro-2,3-époxypropane);1;kg/an
0005200259;YARA FRANCE;2005;Air;Oxydes d'azote (NOx/NO2);530000;kg/an
0005200259;YARA FRANCE;2005;Air;Protoxyde d'azote (N2O);1530000;kg/an
0005200263;COBOGAL;2005;Air;Composés organiques volatils non méthaniques (COVNM);76000;kg/an
0005200266;ORION ENGENEERED CARBONS SAS;2005;Air;Acide cyanhydrique (HCN);282;kg/an
0005200266;ORION ENGENEERED CARBONS SAS;2005;Air;Oxydes de soufre (SOx/SO2);2620000;kg/an
0005200266;ORION ENGENEERED CARBONS SAS;2005;Air;Oxydes d'azote (NOx/NO2);379000;kg/an
0005200266;ORION ENGENEERED CARBONS SAS;2005;Eau (direct);Benzo (a) pyrène;0.002;kg/an
0005200290;SOBODEC Artigues SAS;2005;Air;Fluor et ses composés (F);73;kg/an
0005200290;SOBODEC Artigues SAS;2005;Eau (direct);Fluor et ses composés (F);660;kg/an
0005200349;SOLAE FRANCE;2005;Air;Composés organiques volatils non méthaniques (COVNM);158000;kg/an
0005200351;SIMOREP & CIE- CS MICHELIN;2005;Air;Composés organiques volatils non méthaniques (COVNM);902000;kg/an
0005200351;SIMOREP & CIE- CS MICHELIN;2005;Air;Oxydes de soufre (SOx/SO2);478000;kg/an
0005200351;SIMOREP & CIE- CS MICHELIN;2005;Air;Oxydes d'azote (NOx/NO2);352000;kg/an
0005200351;SIMOREP & CIE- CS MICHELIN;2005;Air;1,3-butadiène;27000;kg/an
0005200351;SIMOREP & CIE- CS MICHELIN;2005;Eau (direct);Cadmium et composés (exprimés en tant que Cd);7.5;kg/an
0005200351;SIMOREP & CIE- CS MICHELIN;2005;Eau (direct);Chrome hexavalent et composés (exprimés en tant que Cr VI);38;kg/an
0005200351;SIMOREP & CIE- CS MICHELIN;2005;Eau (direct);Nickel et composés (exprimés en tant que Ni);47;kg/an
0005200351;SIMOREP & CIE- CS MICHELIN;2005;Eau (direct);Plomb et composés (exprimés en tant que Pb);47;kg/an
0005200351;SIMOREP & CIE- CS MICHELIN;2005;Eau (direct);Cobalt et composés (exprimés en tant que Co);47;kg/an
0005200359;SAIPOL SA;2005;Air;Composés organiques volatils non méthaniques (COVNM);372000;kg/an
0005200361;SIAP-SARP INDUSTRIES AQUITAINE PYRENEES;2005;Eau (direct);Nickel et composés (exprimés en tant que Ni);28;kg/an
0005200366;FONMARTY et Fils SAS;2005;Air;Aldéhyde formique (formaldéhyde);1720;kg/an
0005200378;VALBOM;2005;Air;Cadmium et composés (exprimés en tant que Cd);13;kg/an
0005200378;VALBOM;2005;Air;Dioxyde de carbone (CO2) d'origine biomasse;107000000;kg/an
0005200378;VALBOM;2005;Air;Mercure et composés (exprimés en tant que Hg);37;kg/an
0005200378;VALBOM;2005;Air;Oxydes d'azote (NOx/NO2);306000;kg/an
0005200378;VALBOM;2005;Air;Plomb et composés (exprimés en tant que Pb);389;kg/an
0005200378;VALBOM;2005;Air;Protoxyde d'azote (N2O);22900;kg/an
0005200378;VALBOM;2005;Air;Acide fluorhydrique (flurorure d'hydrogène);648;kg/an
0005200378;VALBOM;2005;Air;Chlore;6520;kg/an
0005200378;VALBOM;2005;Eau (direct);Acide cyanhydrique (HCN);0.7;kg/an
0005200378;VALBOM;2005;Eau (direct);Chlore;1060000;kg/an
0005200378;VALBOM;2005;Eau (direct);Fluor et ses composés (F);406;kg/an
0005200391;PAPETERIES DE BEGLES (SAPB);2005;Eau (direct);Carbone organique total (en tant que C total ou DCO/3);99900;kg/an
0005200391;PAPETERIES DE BEGLES (SAPB);2005;Eau (direct);Demande biologique en oxygène (DBO5);117000;kg/an
0005200391;PAPETERIES DE BEGLES (SAPB);2005;Eau (direct);Demande chimique en oxygène (DCO);300000;kg/an
0005200420;SMURFIT KAPPA CELLULOSE DU PIN;2005;Air;Dioxyde de carbone (CO2) d'origine biomasse;914000000;kg/an
0005200420;SMURFIT KAPPA CELLULOSE DU PIN;2005;Air;Oxydes d'azote (NOx/NO2);404000;kg/an
0005200420;SMURFIT KAPPA CELLULOSE DU PIN;2005;Eau (direct);Azote total;84400;kg/an
0005200420;SMURFIT KAPPA CELLULOSE DU PIN;2005;Eau (direct);Carbone organique total (en tant que C total ou DCO/3);1860000;kg/an
0005200420;SMURFIT KAPPA CELLULOSE DU PIN;2005;Eau (direct);Composés organohalogénés (exprimés en tant que AOX);2060;kg/an
0005200420;SMURFIT KAPPA CELLULOSE DU PIN;2005;Eau (direct);Demande biologique en oxygène (DBO5);2330000;kg/an
0005200420;SMURFIT KAPPA CELLULOSE DU PIN;2005;Eau (direct);Demande chimique en oxygène (DCO);5590000;kg/an
0005200420;SMURFIT KAPPA CELLULOSE DU PIN;2005;Eau (direct);Matières en suspension (MES);715000;kg/an
0005200420;SMURFIT KAPPA CELLULOSE DU PIN;2005;Eau (direct);Phosphore total;11500;kg/an
0005200420;SMURFIT KAPPA CELLULOSE DU PIN;2005;Eau (direct);Phénols (en tant que C total);2580;kg/an
0005200420;SMURFIT KAPPA CELLULOSE DU PIN;2005;Eau (direct);Zinc et composés (exprimés en tant que Zn);511;kg/an
0005200446;UNIVAR (ex LAMBERT-RIVIERE);2005;Air;Méthanol (alcool méthylique);1000;kg/an
0005200446;UNIVAR (ex LAMBERT-RIVIERE);2005;Sol;Dichlorométhane (DCM, chlorure de méthylène);21;kg/an
0005200446;UNIVAR (ex LAMBERT-RIVIERE);2005;Eau (direct);Méthanol (alcool méthylique);1000;kg/an
0005200447;BARDINET;2005;Air;Composés organiques volatils non méthaniques (COVNM);101000;kg/an
0005200571;régie de l'abattoir;2005;Eau (indirect);Demande biologique en oxygène (DBO5);44800;kg/an
0005200590;LESIEUR;2005;Eau (indirect);Carbone organique total (en tant que C total ou DCO/3);66700;kg/an
0005200590;LESIEUR;2005;Eau (indirect);Demande biologique en oxygène (DBO5);80000;kg/an
0005200590;LESIEUR;2005;Eau (indirect);Demande chimique en oxygène (DCO);200000;kg/an
0005200592;SAFT SAS;2005;Eau (direct);Cadmium et composés (exprimés en tant que Cd);7.4;kg/an
0005200592;SAFT SAS;2005;Eau (direct);Nickel et composés (exprimés en tant que Ni);36.3;kg/an
0005200592;SAFT SAS;2005;Eau (direct);Cobalt et composés (exprimés en tant que Co);10.4;kg/an
0005200598;SOFERTI BORDEAUX;2005;Air;Oxydes de soufre (SOx/SO2);393000;kg/an
0005200678;RIVE DROITE ENVIRONNEMENT SAS;2005;Air;Mercure et composés (exprimés en tant que Hg);17.5;kg/an
0005200678;RIVE DROITE ENVIRONNEMENT SAS;2005;Air;Oxydes d'azote (NOx/NO2);289000;kg/an
0005200678;RIVE DROITE ENVIRONNEMENT SAS;2005;Air;Protoxyde d'azote (N2O);12600;kg/an
0005200812;ARIANEGROUP;2005;Air;Hydroflurocarbures (HFC);420;kg/an
0005200859;SOVAL;2005;Air;Dioxyde de carbone (CO2) d'origine biomasse;22100000;kg/an
0005200859;SOVAL;2005;Air;Méthane (CH4);903000;kg/an
0005200869;L'ELECTROLYSE SAS;2005;Air;Tétrachloroéthylène (PER, tétrachloroéthylène);12500;kg/an
0005200869;L'ELECTROLYSE SAS;2005;Eau (direct);Nickel et composés (exprimés en tant que Ni);34;kg/an
0005200869;L'ELECTROLYSE SAS;2005;Eau (direct);Fluor et ses composés (F);63.8;kg/an
0005200998;MEDA  MANUFACTURING SAS;2005;Air;1,4-dioxane;0.1;kg/an
0005200998;MEDA  MANUFACTURING SAS;2005;Air;Acétaldéhyde (aldéhyde acétique  éthanal);0.01;kg/an
0005200998;MEDA  MANUFACTURING SAS;2005;Air;Aldéhyde formique (formaldéhyde);0.1;kg/an
0005200998;MEDA  MANUFACTURING SAS;2005;Air;Chlore;2.6;kg/an
0005200998;MEDA  MANUFACTURING SAS;2005;Air;Hydrazine;0.001;kg/an
0005200998;MEDA  MANUFACTURING SAS;2005;Air;Méthanol (alcool méthylique);44;kg/an
0005200998;MEDA  MANUFACTURING SAS;2005;Air;Oxyde d'éthylène;0.15;kg/an
0005200998;MEDA  MANUFACTURING SAS;2005;Sol;2-naphtylamine;0.005;kg/an
0005201012;JV COATING (ex ELECTROCHROME);2005;Eau (direct);Acide fluorhydrique (flurorure d'hydrogène);12;kg/an
0005201056;TEMEX CERAMICS;2005;Air;Dichlorométhane (DCM, chlorure de méthylène);1360;kg/an
0005201056;TEMEX CERAMICS;2005;Air;Trichloréthylène;15600;kg/an
0005201064;MONNAIE de PARIS;2005;Air;Fluor et ses composés (F);34;kg/an
0005201064;MONNAIE de PARIS;2005;Eau (direct);Fluor et ses composés (F);0.41;kg/an
0005201261;ARIANEGROUP;2005;Air;Chlore et composés inorganiques (en tant que HCl);12500;kg/an
0005201277;AMCOR FLEXIBLES CAPSULES FRANCE;2005;Air;Composés organiques volatils non méthaniques (COVNM);126000;kg/an
0005201375;O-I France SAS;2005;Air;Cadmium et composés (exprimés en tant que Cd);209;kg/an
0005201375;O-I France SAS;2005;Air;Oxydes de soufre (SOx/SO2);544000;kg/an
0005201375;O-I France SAS;2005;Air;Oxydes d'azote (NOx/NO2);340000;kg/an
0005201375;O-I France SAS;2005;Air;Plomb et composés (exprimés en tant que Pb);1570;kg/an
0005201375;O-I France SAS;2005;Eau (direct);Acide fluorhydrique (flurorure d'hydrogène);256;kg/an
0005201464;SITCOM côte sud des Landes;2005;Air;Dioxyde de carbone (CO2) d'origine biomasse;18700000;kg/an
0005201479;SOLEAL SAS;2005;Eau (direct);Phosphore total;9640;kg/an
0005201496;FIRMENICH Productions SAS;2005;Air;Méthanol (alcool méthylique);2000;kg/an
0005201506;Usine DRT Castets;2005;Air;Composés organiques volatils non méthaniques (COVNM);54900;kg/an
0005201506;Usine DRT Castets;2005;Air;Méthanol (alcool méthylique);7530;kg/an
0005201506;Usine DRT Castets;2005;Eau (indirect);Carbone organique total (en tant que C total ou DCO/3);295000;kg/an
0005201506;Usine DRT Castets;2005;Eau (indirect);Demande chimique en oxygène (DCO);886000;kg/an
0005201541;GASCOGNE FLEXIBLE;2005;Air;Composés organiques volatils non méthaniques (COVNM);300000;kg/an
0005201583;CAPDEVIELLE - Hagetmau (Corisande);2005;Air;Composés organiques volatils non méthaniques (COVNM);36300;kg/an
0005201616;SOLEAL SAS;2005;Air;Chlore;20000;kg/an
0005201616;SOLEAL SAS;2005;Eau (direct);Carbone organique total (en tant que C total ou DCO/3);555000;kg/an
0005201616;SOLEAL SAS;2005;Eau (direct);Demande biologique en oxygène (DBO5);877000;kg/an
0005201616;SOLEAL SAS;2005;Eau (direct);Demande chimique en oxygène (DCO);1660000;kg/an
0005201616;SOLEAL SAS;2005;Eau (direct);Matières en suspension (MES);447000;kg/an
0005201616;SOLEAL SAS;2005;Eau (direct);Phosphore total;7560;kg/an
0005201623;NANKAI PLYWOOD ROLPIN (NP ROLPIN);2005;Air;Composés organiques volatils non méthaniques (COVNM);85100;kg/an
0005201623;NANKAI PLYWOOD ROLPIN (NP ROLPIN);2005;Air;Dioxyde de carbone (CO2) d'origine biomasse;19900000;kg/an
0005201623;NANKAI PLYWOOD ROLPIN (NP ROLPIN);2005;Air;Monoxyde de carbone (CO);1490000;kg/an
0005201623;NANKAI PLYWOOD ROLPIN (NP ROLPIN);2005;Eau (direct);Phénols (en tant que C total);88;kg/an
0005201635;MLPC InternationalSA;2005;Air;Aniline;0.1;kg/an
0005201635;MLPC InternationalSA;2005;Air;Hydrazine;12;kg/an
0005201635;MLPC InternationalSA;2005;Air;Sulfure de carbone;1080;kg/an
0005201635;MLPC InternationalSA;2005;Eau (direct);Aniline;3620;kg/an
0005201635;MLPC InternationalSA;2005;Eau (direct);Hydrazine;103;kg/an
0005201635;MLPC InternationalSA;2005;Eau (direct);Sulfure de carbone;87;kg/an
0005201642;Usine DRT Lesperon;2005;Eau (indirect);Phénols (en tant que C total);67;kg/an
0005201648;DARBO SAS;2005;Air;Dioxyde de carbone (CO2) d'origine biomasse;12600000;kg/an
0005201648;DARBO SAS;2005;Air;Oxydes d'azote (NOx/NO2);106000;kg/an
0005201648;DARBO SAS;2005;Air;Aldéhyde formique (formaldéhyde);27400;kg/an
0005201691;GASCOGNE PAPIER;2005;Air;Dioxyde de carbone (CO2) d'origine biomasse;339000000;kg/an
0005201691;GASCOGNE PAPIER;2005;Air;Monoxyde de carbone (CO);3180000;kg/an
0005201691;GASCOGNE PAPIER;2005;Air;Oxydes d'azote (NOx/NO2);350000;kg/an
0005201691;GASCOGNE PAPIER;2005;Air;Poussières totales;208000;kg/an
0005201691;GASCOGNE PAPIER;2005;Eau (direct);Carbone organique total (en tant que C total ou DCO/3);1080000;kg/an
0005201691;GASCOGNE PAPIER;2005;Eau (direct);Demande biologique en oxygène (DBO5);1050000;kg/an
0005201691;GASCOGNE PAPIER;2005;Eau (direct);Demande chimique en oxygène (DCO);3250000;kg/an
0005201691;GASCOGNE PAPIER;2005;Eau (direct);Matières en suspension (MES);535000;kg/an
0005201691;GASCOGNE PAPIER;2005;Eau (direct);Phénols (en tant que C total);8750;kg/an
0005201691;GASCOGNE PAPIER;2005;Eau (direct);Zinc et composés (exprimés en tant que Zn);268;kg/an
0005201691;GASCOGNE PAPIER;2005;Eau (direct);Méthanol (alcool méthylique);139000;kg/an
0005201748;SÉBASTIEN LABARRIERE;2005;Air;Composés organiques volatils non méthaniques (COVNM);291000;kg/an
0005201748;SÉBASTIEN LABARRIERE;2005;Air;Dioxyde de carbone (CO2) d'origine biomasse;61000000;kg/an
0005201748;SÉBASTIEN LABARRIERE;2005;Air;Oxydes d'azote (NOx/NO2);133000;kg/an
0005201748;SÉBASTIEN LABARRIERE;2005;Air;Aldéhyde formique (formaldéhyde);24700;kg/an
0005201764;CHEMVIRON;2005;Air;Composés organiques volatils non méthaniques (COVNM);47700;kg/an
0005201764;CHEMVIRON;2005;Air;Monoxyde de carbone (CO);1720000;kg/an
0005201789;SIVOM des cantons du pays de Born;2005;Air;Dioxyde de carbone (CO2) d'origine biomasse;34700000;kg/an
0005201793;SONY FRANCE usine de Dax;2005;Air;Hydroflurocarbures (HFC);198;kg/an
0005201806;MLPC International SA;2005;Air;Composés organiques volatils non méthaniques (COVNM);161000;kg/an
0005201806;MLPC International SA;2005;Air;Aniline;240;kg/an
0005201806;MLPC International SA;2005;Air;Phénols (en tant que C total);0.04;kg/an
0005201806;MLPC International SA;2005;Eau (direct);Phénols (en tant que C total);27.6;kg/an
0005201806;MLPC International SA;2005;Eau (direct);Aniline;5430;kg/an
0005201806;MLPC International SA;2005;Eau (direct);Chlore;140;kg/an
0005201807;EGGER Panneaux & Décors;2005;Air;Composés organiques volatils non méthaniques (COVNM);33000;kg/an
0005201807;EGGER Panneaux & Décors;2005;Air;Dioxyde de carbone (CO2) d'origine biomasse;47900000;kg/an
0005201807;EGGER Panneaux & Décors;2005;Air;Oxydes d'azote (NOx/NO2);125000;kg/an
0005201807;EGGER Panneaux & Décors;2005;Air;Aldéhyde formique (formaldéhyde);36600;kg/an
0005201930;GALVALANDES SAS;2005;Air;Zinc et composés (exprimés en tant que Zn);749;kg/an
0005201939;BIOLANDES TECHNOLOGIES SAS;2005;Air;Composés organiques volatils non méthaniques (COVNM);122000;kg/an
0005201939;BIOLANDES TECHNOLOGIES SAS;2005;Air;Méthanol (alcool méthylique);100;kg/an
0005201973;ENNOLYS;2005;Air;Acétaldéhyde (aldéhyde acétique  éthanal);600;kg/an
0005201996;TIMAC AGRO SA;2005;Air;Chlore et composés inorganiques (en tant que HCl);15300;kg/an
0005201998;ALKION TERMINALS [Ex LBC BAYONNE];2005;Air;Composés organiques volatils non méthaniques (COVNM);45300;kg/an
0005201998;ALKION TERMINALS [Ex LBC BAYONNE];2005;Air;Méthanol (alcool méthylique);8930;kg/an
0005202000;RAYONIER A.M. TARTAS;2005;Air;Cadmium et composés (exprimés en tant que Cd);12;kg/an
0005202000;RAYONIER A.M. TARTAS;2005;Air;Chrome et composés (exprimés en tant que Cr);102;kg/an
0005202000;RAYONIER A.M. TARTAS;2005;Air;Cuivre et composés (exprimés en tant que Cu);1660;kg/an
0005202000;RAYONIER A.M. TARTAS;2005;Air;Dioxyde de carbone (CO2) d'origine biomasse;326000000;kg/an
0005202000;RAYONIER A.M. TARTAS;2005;Air;Hydrocarbures aromatiques polycycliques (HAP);1880;kg/an
0005202000;RAYONIER A.M. TARTAS;2005;Air;Nickel et composés (exprimés en tant que Ni);2330;kg/an
0005202000;RAYONIER A.M. TARTAS;2005;Air;Oxydes de soufre (SOx/SO2);342000;kg/an
0005202000;RAYONIER A.M. TARTAS;2005;Air;Oxydes d'azote (NOx/NO2);289000;kg/an
0005202000;RAYONIER A.M. TARTAS;2005;Air;Plomb et composés (exprimés en tant que Pb);294;kg/an
0005202000;RAYONIER A.M. TARTAS;2005;Air;Poussières totales;196000;kg/an
0005202000;RAYONIER A.M. TARTAS;2005;Eau (direct);Azote total;573000;kg/an
0005202000;RAYONIER A.M. TARTAS;2005;Eau (direct);Cadmium et composés (exprimés en tant que Cd);10.3;kg/an
0005202000;RAYONIER A.M. TARTAS;2005;Eau (direct);Carbone organique total (en tant que C total ou DCO/3);5920000;kg/an
0005202000;RAYONIER A.M. TARTAS;2005;Eau (direct);Chrome et composés (exprimés en tant que Cr);240;kg/an
0005202000;RAYONIER A.M. TARTAS;2005;Eau (direct);Composés organohalogénés (exprimés en tant que AOX);35400;kg/an
0005202000;RAYONIER A.M. TARTAS;2005;Eau (direct);Cuivre et composés (exprimés en tant que Cu);230;kg/an
0005202000;RAYONIER A.M. TARTAS;2005;Eau (direct);Demande biologique en oxygène (DBO5);1740000;kg/an
0005202000;RAYONIER A.M. TARTAS;2005;Eau (direct);Demande chimique en oxygène (DCO);17800000;kg/an
0005202000;RAYONIER A.M. TARTAS;2005;Eau (direct);Matières en suspension (MES);4370000;kg/an
0005202000;RAYONIER A.M. TARTAS;2005;Eau (direct);Nickel et composés (exprimés en tant que Ni);265;kg/an
0005202000;RAYONIER A.M. TARTAS;2005;Eau (direct);Phosphore total;59800;kg/an
0005202000;RAYONIER A.M. TARTAS;2005;Eau (direct);Phénols (en tant que C total);225;kg/an
0005202000;RAYONIER A.M. TARTAS;2005;Eau (direct);Plomb et composés (exprimés en tant que Pb);154;kg/an
0005202000;RAYONIER A.M. TARTAS;2005;Eau (direct);Zinc et composés (exprimés en tant que Zn);1420;kg/an
0005202000;RAYONIER A.M. TARTAS;2005;Eau (direct);Ammoniac (NH3);310000;kg/an
0005202007;RAMONDIN FRANCE (DUVICQ);2005;Air;Composés organiques volatils non méthaniques (COVNM);48300;kg/an
0005202016;Usine DRT Vielle-Saint-Girons;2005;Air;Composés organiques volatils non méthaniques (COVNM);451000;kg/an
0005202016;Usine DRT Vielle-Saint-Girons;2005;Air;Dichlorométhane (DCM, chlorure de méthylène);5500;kg/an
0005202016;Usine DRT Vielle-Saint-Girons;2005;Air;Oxydes de soufre (SOx/SO2);228000;kg/an
0005202016;Usine DRT Vielle-Saint-Girons;2005;Air;Oxydes d'azote (NOx/NO2);110000;kg/an
0005202016;Usine DRT Vielle-Saint-Girons;2005;Air;Méthanol (alcool méthylique);66000;kg/an
0005202016;Usine DRT Vielle-Saint-Girons;2005;Air;Phénols (en tant que C total);2560;kg/an
0005202016;Usine DRT Vielle-Saint-Girons;2005;Eau (direct);Carbone organique total (en tant que C total ou DCO/3);57000;kg/an
0005202016;Usine DRT Vielle-Saint-Girons;2005;Eau (direct);Demande chimique en oxygène (DCO);171000;kg/an
0005202016;Usine DRT Vielle-Saint-Girons;2005;Eau (direct);Phénols (en tant que C total);81;kg/an
0005202124;TARKETT BOIS;2005;Air;Composés organiques volatils non méthaniques (COVNM);346000;kg/an
0005202195;CESA;2005;Air;Composés organiques volatils non méthaniques (COVNM);56700;kg/an
0005202240;UPSA SAS;2005;Eau (indirect);Carbone organique total (en tant que C total ou DCO/3);100000;kg/an
0005202240;UPSA SAS;2005;Eau (indirect);Demande biologique en oxygène (DBO5);171000;kg/an
0005202240;UPSA SAS;2005;Eau (indirect);Demande chimique en oxygène (DCO);301000;kg/an
0005202241;ATEMAX FRANCE;2005;Air;Dioxines et furanes (PCDD + PCDF) (exprimés en iTeq);0.0055;kg/an
0005202243;SOGAD S.A.;2005;Air;Dioxyde de carbone (CO2) d'origine biomasse;13900000;kg/an
0005202274;RAYNAL ET ROQUELAURE;2005;Eau (direct);Carbone organique total (en tant que C total ou DCO/3);98900;kg/an
0005202274;RAYNAL ET ROQUELAURE;2005;Eau (direct);Demande biologique en oxygène (DBO5);222000;kg/an
0005202274;RAYNAL ET ROQUELAURE;2005;Eau (direct);Demande chimique en oxygène (DCO);297000;kg/an
0005202274;RAYNAL ET ROQUELAURE;2005;Eau (direct);Phosphore total;8610;kg/an
0005202283;CONSERVES FRANCE SA;2005;Sol;Carbone organique total (en tant que C total ou DCO/3);729000;kg/an
0005202283;CONSERVES FRANCE SA;2005;Sol;Demande chimique en oxygène (DCO);1940000;kg/an
0005202283;CONSERVES FRANCE SA;2005;Sol;Matières en suspension (MES);535000;kg/an
0005202283;CONSERVES FRANCE SA;2005;Sol;Phosphore total;7960;kg/an
0005202289;LHOIST FRANCE OUEST;2005;Air;Dioxyde de carbone (CO2) d'origine biomasse;31100000;kg/an
0005202342;TORAY CARBONS FIBERS EUROPE SA;2005;Air;Acide cyanhydrique (HCN);5260;kg/an
0005202342;TORAY CARBONS FIBERS EUROPE SA;2005;Air;Oxydes d'azote (NOx/NO2);105000;kg/an
0005202344;TOYAL EUROPE SASU;2005;Air;Composés organiques volatils non méthaniques (COVNM);47100;kg/an
0005202397;RBS France SAS;2005;Air;Composés organiques volatils non méthaniques (COVNM);51500;kg/an
0005202397;RBS France SAS;2005;Air;Hydroflurocarbures (HFC);111000;kg/an
0005202403;VENTANA FOUNDRY ARUDY;2005;Air;Hexafluorure de soufre (SF6);1850;kg/an
0005202403;VENTANA FOUNDRY ARUDY;2005;Air;Fluor et ses composés (F);4760;kg/an
0005202444;CIVD de Bacheforès;2005;Air;Chlore et composés inorganiques (en tant que HCl);35600;kg/an
0005202444;CIVD de Bacheforès;2005;Air;Dioxyde de carbone (CO2) d'origine biomasse;12500000;kg/an
0005202494;SAFRAN LANDING SYSTEMS;2005;Air;Composés organiques volatils non méthaniques (COVNM);49700;kg/an
0005202494;SAFRAN LANDING SYSTEMS;2005;Air;Trichloréthylène;43900;kg/an
0005202503;BONCOLAC;2005;Eau (direct);Carbone organique total (en tant que C total ou DCO/3);68500;kg/an
0005202503;BONCOLAC;2005;Eau (direct);Demande biologique en oxygène (DBO5);94900;kg/an
0005202503;BONCOLAC;2005;Eau (direct);Demande chimique en oxygène (DCO);206000;kg/an
0005202507;SAFRAN Helicopter Engines;2005;Air;Trichloréthylène;3000;kg/an
0005202507;SAFRAN Helicopter Engines;2005;Eau (direct);Cuivre et composés (exprimés en tant que Cu);180;kg/an
0005202507;SAFRAN Helicopter Engines;2005;Eau (direct);Nickel et composés (exprimés en tant que Ni);63;kg/an
0005202507;SAFRAN Helicopter Engines;2005;Eau (direct);Zinc et composés (exprimés en tant que Zn);191;kg/an
0005202511;CELSA France SAS;2005;Air;Cadmium et composés (exprimés en tant que Cd);70;kg/an
0005202511;CELSA France SAS;2005;Air;Manganèse et composés (exprimés en tant que Mn);616;kg/an
0005202511;CELSA France SAS;2005;Air;Oxydes d'azote (NOx/NO2);109000;kg/an
0005202511;CELSA France SAS;2005;Air;Plomb et composés (exprimés en tant que Pb);4750;kg/an
0005202511;CELSA France SAS;2005;Air;Zinc et composés (exprimés en tant que Zn);16700;kg/an
0005202609;TOTAL E&P France;2005;Air;Benzène;96200;kg/an
0005202609;TOTAL E&P France;2005;Air;Composés organiques volatils non méthaniques (COVNM);214000;kg/an
0005202609;TOTAL E&P France;2005;Air;Méthane (CH4);128000;kg/an
0005202609;TOTAL E&P France;2005;Air;Oxydes de soufre (SOx/SO2);17100000;kg/an
0005202609;TOTAL E&P France;2005;Air;Oxydes d'azote (NOx/NO2);460000;kg/an
0005202609;TOTAL E&P France;2005;Air;Protoxyde d'azote (N2O);52700;kg/an
0005202609;TOTAL E&P France;2005;Eau (indirect);Carbone organique total (en tant que C total ou DCO/3);246000;kg/an
0005202609;TOTAL E&P France;2005;Eau (indirect);Demande chimique en oxygène (DCO);738000;kg/an
0005202615;Pyrenefrom;2005;Sol;Carbone organique total (en tant que C total ou DCO/3);58300;kg/an
0005202615;Pyrenefrom;2005;Sol;Demande chimique en oxygène (DCO);175000;kg/an
0005202639;BEARN URBASER ENERGIE;2005;Air;Dioxyde de carbone (CO2) d'origine biomasse;38900000;kg/an
0005202639;BEARN URBASER ENERGIE;2005;Air;Mercure et composés (exprimés en tant que Hg);28.2;kg/an
0005202639;BEARN URBASER ENERGIE;2005;Air;Oxydes d'azote (NOx/NO2);120000;kg/an
0005202662;SERDEX SAS;2005;Air;Composés organiques volatils non méthaniques (COVNM);34700;kg/an
0005202680;SANOFI Chimie;2005;Eau (indirect);Benzène, toluène, éthylbenzène, xylènes (BTEX);723;kg/an
0005202690;ARKEMA France;2005;Air;Composés organiques volatils non méthaniques (COVNM);1100000;kg/an
0005202690;ARKEMA France;2005;Air;Hydrochlorofluorocarbures (HCFC);600;kg/an
0005202690;ARKEMA France;2005;Air;Hydroflurocarbures (HFC);1100;kg/an
0005202690;ARKEMA France;2005;Eau (direct);Benzène, toluène, éthylbenzène, xylènes (BTEX);13600;kg/an
0005202690;ARKEMA France;2005;Eau (direct);Carbone organique total (en tant que C total ou DCO/3);173000;kg/an
0005202690;ARKEMA France;2005;Eau (direct);Demande chimique en oxygène (DCO);518000;kg/an
0005202690;ARKEMA France;2005;Eau (direct);Phénols (en tant que C total);132;kg/an
0005202690;ARKEMA France;2005;Eau (direct);Plomb et composés (exprimés en tant que Pb);52.6;kg/an
0005202690;ARKEMA France;2005;Eau (direct);Zinc et composés (exprimés en tant que Zn);191;kg/an
0005202697;SCB;2005;Eau (direct);Matières en suspension (MES);1070000;kg/an
0005202710;ROLKEM;2005;Air;Aldéhyde formique (formaldéhyde);203;kg/an
0005202710;ROLKEM;2005;Air;Phénols (en tant que C total);1620;kg/an
0005202713;SOBEGI SAS;2005;Eau (direct);Arsenic et composés (exprimés en tant que As);6;kg/an
0005202713;SOBEGI SAS;2005;Eau (direct);Carbone organique total (en tant que C total ou DCO/3);193000;kg/an
0005202713;SOBEGI SAS;2005;Eau (direct);Demande biologique en oxygène (DBO5);541000;kg/an
0005202713;SOBEGI SAS;2005;Eau (direct);Demande chimique en oxygène (DCO);1090000;kg/an
0005202714;SPEICHIM PROCESSING;2005;Air;Dichlorométhane (DCM, chlorure de méthylène);1400;kg/an
0005202714;SPEICHIM PROCESSING;2005;Air;1,4-dioxane;200;kg/an
0005202716;NOVEAL SA;2005;Air;Méthanol (alcool méthylique);6750;kg/an
0005202718;FINORGA SAS;2005;Air;Composés organiques volatils non méthaniques (COVNM);155000;kg/an
0005202718;FINORGA SAS;2005;Air;Dichlorométhane (DCM, chlorure de méthylène);3710;kg/an
0005202718;FINORGA SAS;2005;Eau (indirect);Carbone organique total (en tant que C total ou DCO/3);133000;kg/an
0005202718;FINORGA SAS;2005;Eau (indirect);Demande biologique en oxygène (DBO5);275000;kg/an
0005202718;FINORGA SAS;2005;Eau (indirect);Demande chimique en oxygène (DCO);400000;kg/an
0005202729;PCC FRANCE SA;2005;Air;Composés organiques volatils non méthaniques (COVNM);85900;kg/an
0005202729;PCC FRANCE SA;2005;Air;Fluor et ses composés (F);4.3;kg/an
0005202729;PCC FRANCE SA;2005;Eau (direct);Fluor et ses composés (F);21.4;kg/an
0005202749;PAPETERIE DES GAVES;2005;Eau (direct);Tributylétain et composés;2.83;kg/an
0005202759;ACETEX CHIMIE;2005;Air;Composés organiques volatils non méthaniques (COVNM);673000;kg/an
0005202759;ACETEX CHIMIE;2005;Air;Oxydes d'azote (NOx/NO2);183000;kg/an
0005202759;ACETEX CHIMIE;2005;Eau (direct);Carbone organique total (en tant que C total ou DCO/3);62800;kg/an
0005202759;ACETEX CHIMIE;2005;Eau (direct);Demande chimique en oxygène (DCO);188000;kg/an
0005202759;ACETEX CHIMIE;2005;Eau (direct);Fluorures (en tant que F total);6920;kg/an
0005202759;ACETEX CHIMIE;2005;Eau (direct);Matières en suspension (MES);327000;kg/an
0005202759;ACETEX CHIMIE;2005;Eau (direct);Zinc et composés (exprimés en tant que Zn);2070;kg/an
0005202760;YARA France SAS;2005;Air;Oxydes d'azote (NOx/NO2);193000;kg/an
0005202760;YARA France SAS;2005;Air;Protoxyde d'azote (N2O);823000;kg/an
0005202760;YARA France SAS;2005;Eau (direct);Azote total;117000;kg/an
0005202850;FROMAGERIE DES CHAUMES VIODOS;2005;Eau (indirect);Azote total;244000;kg/an
0005202850;FROMAGERIE DES CHAUMES VIODOS;2005;Eau (indirect);Carbone organique total (en tant que C total ou DCO/3);537000;kg/an
0005202850;FROMAGERIE DES CHAUMES VIODOS;2005;Eau (indirect);Demande biologique en oxygène (DBO5);170000;kg/an
0005202850;FROMAGERIE DES CHAUMES VIODOS;2005;Eau (indirect);Demande chimique en oxygène (DCO);1610000;kg/an
0005202850;FROMAGERIE DES CHAUMES VIODOS;2005;Eau (indirect);Matières en suspension (MES);569000;kg/an
0005202850;FROMAGERIE DES CHAUMES VIODOS;2005;Eau (indirect);Phosphore total;160000;kg/an
0005204836;CEREXAGRI S.A.S;2005;Air;Cuivre et composés (exprimés en tant que Cu);150;kg/an
0005204847;PLACOPLATRE;2005;Air;Composés organiques volatils non méthaniques (COVNM);152000;kg/an
0005205103;ARKEMA  France SA;2005;Air;Composés organiques volatils non méthaniques (COVNM);101000;kg/an
0005205103;ARKEMA  France SA;2005;Air;Oxydes de soufre (SOx/SO2);2230000;kg/an
0005205103;ARKEMA  France SA;2005;Air;Oxydes d'azote (NOx/NO2);147000;kg/an
0005205103;ARKEMA  France SA;2005;Air;Sulfure d'hydrogène (H2S);4600;kg/an
0005205103;ARKEMA  France SA;2005;Air;Méthanol (alcool méthylique);9410;kg/an
0005205103;ARKEMA  France SA;2005;Eau (indirect);Carbone organique total (en tant que C total ou DCO/3);238000;kg/an
0005205103;ARKEMA  France SA;2005;Eau (indirect);Demande chimique en oxygène (DCO);714000;kg/an
0005205103;ARKEMA  France SA;2005;Sol;Sulfure d'hydrogène (H2S);4600;kg/an
0005205132;SOBEGI - STEB;2005;Eau (direct);Aluminium et composés (exprimés en tant que Al);8260;kg/an
0005205132;SOBEGI - STEB;2005;Eau (direct);Arsenic et composés (exprimés en tant que As);44;kg/an
0005205132;SOBEGI - STEB;2005;Eau (direct);Carbone organique total (en tant que C total ou DCO/3);151000;kg/an
0005205132;SOBEGI - STEB;2005;Eau (direct);Composés organohalogénés (exprimés en tant que AOX);2440;kg/an
0005205132;SOBEGI - STEB;2005;Eau (direct);Cuivre et composés (exprimés en tant que Cu);99;kg/an
0005205132;SOBEGI - STEB;2005;Eau (direct);Demande biologique en oxygène (DBO5);84000;kg/an
0005205132;SOBEGI - STEB;2005;Eau (direct);Demande chimique en oxygène (DCO);453000;kg/an
0005205132;SOBEGI - STEB;2005;Eau (direct);Fer et composés (exprimés en tant que Fe);17700;kg/an
0005205132;SOBEGI - STEB;2005;Eau (direct);Fluorures (en tant que F total);6510;kg/an
0005205132;SOBEGI - STEB;2005;Eau (direct);Manganèse et composés (exprimés en tant que Mn);4760;kg/an
0005205132;SOBEGI - STEB;2005;Eau (direct);Nickel et composés (exprimés en tant que Ni);102;kg/an
0005205132;SOBEGI - STEB;2005;Eau (direct);Phénols (en tant que C total);597;kg/an
0005205132;SOBEGI - STEB;2005;Eau (direct);Plomb et composés (exprimés en tant que Pb);27;kg/an
0005205132;SOBEGI - STEB;2005;Eau (direct);Sulfates;4070000;kg/an
0005205132;SOBEGI - STEB;2005;Eau (direct);Zinc et composés (exprimés en tant que Zn);401;kg/an
0005205150;Les Docks Pétroliers d'Ambès (DPA);2005;Air;Composés organiques volatils non méthaniques (COVNM);48500;kg/an
0005205205;Station de compression d'Auros;2005;Air;Méthane (CH4);396000;kg/an
0005205205;Station de compression d'Auros;2005;Air;Oxydes d'azote (NOx/NO2);314000;kg/an
0005205286;KNAUF INDUSTRIES OUEST;2005;Air;Composés organiques volatils non méthaniques (COVNM);32400;kg/an
0005205559;STEICO Casteljaloux;2005;Eau (direct);Demande biologique en oxygène (DBO5);75900;kg/an
0005205711;FORD AQUITAINE INDUSTRIES;2005;Air;Composés organiques volatils non méthaniques (COVNM);102000;kg/an
0005205717;PERIGORD ENERGIES;2005;Air;Oxydes d'azote (NOx/NO2);451000;kg/an
0005206306;BOUYER LEROUX;2005;Air;Dioxyde de carbone (CO2) d'origine biomasse;31300000;kg/an
0005206306;BOUYER LEROUX;2005;Air;Monoxyde de carbone (CO);1080000;kg/an
0005206306;BOUYER LEROUX;2005;Air;Chlore;2120;kg/an
0005206306;BOUYER LEROUX;2005;Air;Fluor et ses composés (F);370;kg/an
0005206399;GASCOGNE BOIS;2005;Air;Composés organiques volatils non méthaniques (COVNM);129000;kg/an
0005206586;CEPB - SITA Sud-Ouest;2005;Air;Méthane (CH4);264000;kg/an
0005207262;Olivier BERGEMAYOU;2005;Air;Dioxyde de carbone (CO2) d'origine biomasse;38900000;kg/an
0005207262;Olivier BERGEMAYOU;2005;Air;Mercure et composés (exprimés en tant que Hg);28.2;kg/an
0005207262;Olivier BERGEMAYOU;2005;Air;Oxydes d'azote (NOx/NO2);120000;kg/an
0005300004;ATEMAX France - Usine de St Langis;2005;Air;Dioxyde de carbone (CO2) d'origine biomasse;41300000;kg/an
0005300092;RENAULT TRUCKS;2005;Air;Composés organiques volatils non méthaniques (COVNM);204000;kg/an
0005300092;RENAULT TRUCKS;2005;Eau (direct);Nickel et composés (exprimés en tant que Ni);68;kg/an
0005300092;RENAULT TRUCKS;2005;Eau (direct);Zinc et composés (exprimés en tant que Zn);109;kg/an
0005300200;MURATA INTEGRATED PASSIVE SOLUTIONS;2005;Air;Hexafluorure de soufre (SF6);416;kg/an
0005300200;MURATA INTEGRATED PASSIVE SOLUTIONS;2005;Air;Perfluorocarbures (PFC);1270;kg/an
0005300200;MURATA INTEGRATED PASSIVE SOLUTIONS;2005;Air;Acide fluorhydrique (flurorure d'hydrogène);160;kg/an
0005300200;MURATA INTEGRATED PASSIVE SOLUTIONS;2005;Air;Chlore;23.4;kg/an
0005300200;MURATA INTEGRATED PASSIVE SOLUTIONS;2005;Eau (direct);Acide fluorhydrique (flurorure d'hydrogène);1030;kg/an
0005300235;Saint Louis Sucre Site de Cagny;2005;Sol;Azote total;65300;kg/an
0005300235;Saint Louis Sucre Site de Cagny;2005;Sol;Carbone organique total (en tant que C total ou DCO/3);657000;kg/an
0005300235;Saint Louis Sucre Site de Cagny;2005;Sol;Demande chimique en oxygène (DCO);1970000;kg/an
0005300235;Saint Louis Sucre Site de Cagny;2005;Sol;Phosphore total;54200;kg/an
0005300285;PSA AUTOMOBILES SA;2005;Air;Composés organiques volatils non méthaniques (COVNM);186000;kg/an
0005300285;PSA AUTOMOBILES SA;2005;Eau (indirect);Zinc et composés (exprimés en tant que Zn);105;kg/an
0005300463;CIMENTS CALCIA;2005;Air;Dioxyde de carbone (CO2) d'origine biomasse;21000000;kg/an
0005300463;CIMENTS CALCIA;2005;Air;Oxydes de soufre (SOx/SO2);205000;kg/an
0005300463;CIMENTS CALCIA;2005;Air;Oxydes d'azote (NOx/NO2);808000;kg/an
0005300625;SUEZ RV NORMANDIE;2005;Air;Méthane (CH4);438000;kg/an
0005300982;VALNOR;2005;Air;Méthane (CH4);830000;kg/an
0005301086;PIERCAN;2005;Air;Composés organiques volatils non méthaniques (COVNM);73800;kg/an
0005301290;COMPAGNIE DES FROMAGES & RICHESMONTS;2005;Eau (indirect);Carbone organique total (en tant que C total ou DCO/3);224000;kg/an
0005301290;COMPAGNIE DES FROMAGES & RICHESMONTS;2005;Eau (indirect);Demande biologique en oxygène (DBO5);398000;kg/an
0005301290;COMPAGNIE DES FROMAGES & RICHESMONTS;2005;Eau (indirect);Demande chimique en oxygène (DCO);672000;kg/an
0005301290;COMPAGNIE DES FROMAGES & RICHESMONTS;2005;Eau (indirect);Phosphore total;32500;kg/an
0005301408;lecapitaine;2005;Air;Dichlorométhane (DCM, chlorure de méthylène);9780;kg/an
0005301484;VERRERIE D'ART AURYS;2005;Air;Composés organiques volatils non méthaniques (COVNM);170000;kg/an
0005301484;VERRERIE D'ART AURYS;2005;Eau (direct);Ammoniac (NH3);880;kg/an
0005301497;ELECTROPOLI FRANCE;2005;Eau (direct);Cuivre et composés (exprimés en tant que Cu);50.5;kg/an
0005301497;ELECTROPOLI FRANCE;2005;Eau (direct);Nickel et composés (exprimés en tant que Ni);178;kg/an
0005301497;ELECTROPOLI FRANCE;2005;Eau (direct);Zinc et composés (exprimés en tant que Zn);165;kg/an
0005301497;ELECTROPOLI FRANCE;2005;Eau (direct);Cobalt et composés (exprimés en tant que Co);4.39;kg/an
0005301600;MULANN Industries;2005;Air;Composés organiques volatils non méthaniques (COVNM);145000;kg/an
0005301600;MULANN Industries;2005;Air;1,4-dioxane;1680;kg/an
0005301618;SAINT ANDRE PLASTIQUE;2005;Air;Composés organiques volatils non méthaniques (COVNM);118000;kg/an
0005301789;MAITRES LAITIERS DU COTENTIN;2005;Eau (direct);Azote total;66000;kg/an
0005301789;MAITRES LAITIERS DU COTENTIN;2005;Eau (direct);Carbone organique total (en tant que C total ou DCO/3);833000;kg/an
0005301789;MAITRES LAITIERS DU COTENTIN;2005;Eau (direct);Demande chimique en oxygène (DCO);2500000;kg/an
0005301789;MAITRES LAITIERS DU COTENTIN;2005;Eau (direct);Matières en suspension (MES);368000;kg/an
0005301789;MAITRES LAITIERS DU COTENTIN;2005;Eau (direct);Phosphore total;12700;kg/an
0005301810;ELVIA PRINTED CIRCUIT BOARDS;2005;Eau (direct);Cuivre et composés (exprimés en tant que Cu);128;kg/an
0005301810;ELVIA PRINTED CIRCUIT BOARDS;2005;Eau (direct);Plomb et composés (exprimés en tant que Pb);26.3;kg/an
0005301810;ELVIA PRINTED CIRCUIT BOARDS;2005;Eau (direct);Acide cyanhydrique (HCN);1;kg/an
0005301810;ELVIA PRINTED CIRCUIT BOARDS;2005;Eau (direct);Ammoniac (NH3);1410;kg/an
0005301810;ELVIA PRINTED CIRCUIT BOARDS;2005;Eau (direct);Fluor et ses composés (F);608;kg/an
0005301826;PAPECO;2005;Eau (direct);Demande biologique en oxygène (DBO5);49500;kg/an
0005301827;CARGILL FRANCE SAS - site de Baupte;2005;Air;Composés organiques volatils non méthaniques (COVNM);479000;kg/an
0005301827;CARGILL FRANCE SAS - site de Baupte;2005;Eau (direct);Carbone organique total (en tant que C total ou DCO/3);75400;kg/an
0005301827;CARGILL FRANCE SAS - site de Baupte;2005;Eau (direct);Chlorures (en tant que Cl total);2800000;kg/an
0005301827;CARGILL FRANCE SAS - site de Baupte;2005;Eau (direct);Demande biologique en oxygène (DBO5);47900;kg/an
0005301827;CARGILL FRANCE SAS - site de Baupte;2005;Eau (direct);Demande chimique en oxygène (DCO);226000;kg/an
0005301850;LIS France;2005;Sol;Phosphore total;6740;kg/an
0005301912;Etablissement de LA HAGUE;2005;Air;Hydroflurocarbures (HFC);648;kg/an
0005301912;Etablissement de LA HAGUE;2005;Air;Oxydes de soufre (SOx/SO2);509000;kg/an
0005301912;Etablissement de LA HAGUE;2005;Air;Oxydes d'azote (NOx/NO2);140000;kg/an
0005301912;Etablissement de LA HAGUE;2005;Eau (direct);Azote total;551000;kg/an
0005301912;Etablissement de LA HAGUE;2005;Eau (direct);Cadmium et composés (exprimés en tant que Cd);9.62;kg/an
0005301912;Etablissement de LA HAGUE;2005;Eau (direct);Mercure et composés (exprimés en tant que Hg);6.54;kg/an
0005301912;Etablissement de LA HAGUE;2005;Eau (direct);Nickel et composés (exprimés en tant que Ni);43;kg/an
0005301912;Etablissement de LA HAGUE;2005;Eau (direct);Plomb et composés (exprimés en tant que Pb);25.6;kg/an
0005301912;Etablissement de LA HAGUE;2005;Eau (direct);Zinc et composés (exprimés en tant que Zn);149;kg/an
0005301912;Etablissement de LA HAGUE;2005;Eau (direct);Cobalt et composés (exprimés en tant que Co);30;kg/an
0005301912;Etablissement de LA HAGUE;2005;Eau (direct);Hydrazine;60.3;kg/an
0005301955;CPC COTENTIN;2005;Air;Composés organiques volatils non méthaniques (COVNM);141000;kg/an
0005302025;MLC;2005;Eau (direct);Carbone organique total (en tant que C total ou DCO/3);151000;kg/an
0005302025;MLC;2005;Eau (direct);Demande chimique en oxygène (DCO);453000;kg/an
0005302137;HME BRASS FRANCE SAS;2005;Air;Zinc et composés (exprimés en tant que Zn);1080;kg/an
0005302137;HME BRASS FRANCE SAS;2005;Eau (direct);Zinc et composés (exprimés en tant que Zn);679;kg/an
0005302170;CARRIER CARROSSERIE;2005;Air;Composés organiques volatils non méthaniques (COVNM);56500;kg/an
0005302170;CARRIER CARROSSERIE;2005;Air;Trichloréthylène;16600;kg/an
0005302170;CARRIER CARROSSERIE;2005;Eau (direct);Chrome et composés (exprimés en tant que Cr);173;kg/an
0005302373;VERESCENCE ORNE;2005;Air;Acide fluorhydrique (flurorure d'hydrogène);152;kg/an
0005302429;AMCOR FLEXIBLES;2005;Air;Composés organiques volatils non méthaniques (COVNM);835000;kg/an
0005302487;AUGROS COSMETIC PACKAGING;2005;Air;Composés organiques volatils non méthaniques (COVNM);116000;kg/an
0005302582;SOFEDIT SAS;2005;Eau (direct);Nickel et composés (exprimés en tant que Ni);22;kg/an
0005302603;PCAS SEQENS;2005;Air;Dichlorométhane (DCM, chlorure de méthylène);1770;kg/an
0005302603;PCAS SEQENS;2005;Air;Mercure et composés (exprimés en tant que Hg);11.2;kg/an
0005302603;PCAS SEQENS;2005;Eau (direct);Dichlorométhane (DCM, chlorure de méthylène);42;kg/an
0005302839;VALNOR;2005;Air;Méthane (CH4);206000;kg/an
0005302852;CHU de Caen;2005;Eau (indirect);Carbone organique total (en tant que C total ou DCO/3);71300;kg/an
0005302852;CHU de Caen;2005;Eau (indirect);Demande biologique en oxygène (DBO5);107000;kg/an
0005302852;CHU de Caen;2005;Eau (indirect);Demande chimique en oxygène (DCO);214000;kg/an
0005302854;SUEZ RV NORMANDIE;2005;Air;Méthane (CH4);150000;kg/an
0005302882;SIRAC;2005;Air;Cadmium et composés (exprimés en tant que Cd);17.8;kg/an
0005302882;SIRAC;2005;Air;Dioxines et furanes (PCDD + PCDF) (exprimés en iTeq);0.0022;kg/an
0005302882;SIRAC;2005;Air;Oxydes d'azote (NOx/NO2);205000;kg/an
0005302882;SIRAC;2005;Air;Protoxyde d'azote (N2O);11500;kg/an
0005303658;SUEZ RV NORMANDIE;2005;Air;Méthane (CH4);426000;kg/an
0005401035;PNEU LAURENT SNC;2005;Air;Composés organiques volatils non méthaniques (COVNM);55400;kg/an
0005401050;KRONOSPAN;2005;Air;Composés organiques volatils non méthaniques (COVNM);77500;kg/an
0005401050;KRONOSPAN;2005;Air;Dioxyde de carbone (CO2) d'origine biomasse;25100000;kg/an
0005401050;KRONOSPAN;2005;Air;Monoxyde de carbone (CO);782000;kg/an
0005401067;VALSPAR FRANCE CORPORATION;2005;Air;Composés organiques volatils non méthaniques (COVNM);60000;kg/an
0005401075;KRONOSPAN SAS;2005;Air;Composés organiques volatils non méthaniques (COVNM);65800;kg/an
0005401075;KRONOSPAN SAS;2005;Air;Dioxyde de carbone (CO2) d'origine biomasse;18700000;kg/an
0005401091;ACRODUR INDUSTRIE;2005;Air;Tétrachloroéthylène (PER, tétrachloroéthylène);23000;kg/an
0005401091;ACRODUR INDUSTRIE;2005;Eau (direct);Acide fluorhydrique (flurorure d'hydrogène);17;kg/an
0005401093;SANOFI WINTHROP INDUSTRIE;2005;Air;Hydrochlorofluorocarbures (HCFC);684;kg/an
0005401093;SANOFI WINTHROP INDUSTRIE;2005;Eau (direct);Ammoniac (NH3);6;kg/an
0005401093;SANOFI WINTHROP INDUSTRIE;2005;Eau (direct);Crésol (mélange d'isomères);0.05;kg/an
0005401097;PPG ARCHITECTURAL;2005;Air;Composés organiques volatils non méthaniques (COVNM);64200;kg/an
0005401100;AMCOR FLEXIBLES PACKAGING France;2005;Air;Composés organiques volatils non méthaniques (COVNM);145000;kg/an
0005401105;AREVA NP Usine de Chalon Saint Marcel;2005;Eau (direct);Ammoniac (NH3);37.5;kg/an
0005401108;SIMIRE;2005;Air;Dichlorométhane (DCM, chlorure de méthylène);20000;kg/an
0005401111;PARKER HANNIFIN FRANCE SAS;2005;Air;Chlorométhane (chlorure de méthyle);30;kg/an
0005401112;SUEZ RR IWS MINERALS FRANCE (ISDND);2005;Air;Méthane (CH4);618000;kg/an
0005401115;Corden Pharma (ex. SYNKEM);2005;Air;Chloroforme (trichlorométhane);4480;kg/an
0005401115;Corden Pharma (ex. SYNKEM);2005;Air;Dichlorométhane (DCM, chlorure de méthylène);9930;kg/an
0005401115;Corden Pharma (ex. SYNKEM);2005;Air;Méthanol (alcool méthylique);20000;kg/an
0005401118;SUEZ RV CENTRE EST;2005;Air;Méthane (CH4);698000;kg/an
0005401121;Chaufferie urbaine de Mâcon;2005;Air;Oxydes de soufre (SOx/SO2);182000;kg/an
0005401124;ECKES GRANINI FRANCE SNC;2005;Eau (indirect);Carbone organique total (en tant que C total ou DCO/3);96200;kg/an
0005401124;ECKES GRANINI FRANCE SNC;2005;Eau (indirect);Demande biologique en oxygène (DBO5);140000;kg/an
0005401124;ECKES GRANINI FRANCE SNC;2005;Eau (indirect);Demande chimique en oxygène (DCO);289000;kg/an
0005401127;ESSEX;2005;Air;Composés organiques volatils non méthaniques (COVNM);51200;kg/an
0005401131;Neltec Europe SAS;2005;Air;Composés organiques volatils non méthaniques (COVNM);104000;kg/an
0005401138;UVE Dijon métropole;2005;Air;Protoxyde d'azote (N2O);61000;kg/an
0005401138;UVE Dijon métropole;2005;Air;Acide fluorhydrique (flurorure d'hydrogène);468;kg/an
0005401139;Trefilunion (ex. ARCELORMITTAL);2005;Eau (direct);Chlore;60300;kg/an
0005401144;APERAM STAINLESS FRANCE;2005;Eau (direct);Chrome et composés (exprimés en tant que Cr);120;kg/an
0005401144;APERAM STAINLESS FRANCE;2005;Eau (direct);Fluorures (en tant que F total);7660;kg/an
0005401144;APERAM STAINLESS FRANCE;2005;Eau (direct);Nickel et composés (exprimés en tant que Ni);358;kg/an
0005401144;APERAM STAINLESS FRANCE;2005;Eau (direct);Plomb et composés (exprimés en tant que Pb);21;kg/an
0005401144;APERAM STAINLESS FRANCE;2005;Eau (direct);Zinc et composés (exprimés en tant que Zn);218;kg/an
0005401151;INDUSTEEL FRANCE site du Creusot (secteur Breuil);2005;Air;Chrome et composés (exprimés en tant que Cr);423;kg/an
0005401151;INDUSTEEL FRANCE site du Creusot (secteur Breuil);2005;Air;Manganèse et composés (exprimés en tant que Mn);1690;kg/an
0005401151;INDUSTEEL FRANCE site du Creusot (secteur Breuil);2005;Air;Zinc et composés (exprimés en tant que Zn);565;kg/an
0005401151;INDUSTEEL FRANCE site du Creusot (secteur Breuil);2005;Eau (direct);Cuivre et composés (exprimés en tant que Cu);69;kg/an
0005401151;INDUSTEEL FRANCE site du Creusot (secteur Breuil);2005;Eau (direct);Nickel et composés (exprimés en tant que Ni);52;kg/an
0005401151;INDUSTEEL FRANCE site du Creusot (secteur Breuil);2005;Eau (direct);Zinc et composés (exprimés en tant que Zn);268;kg/an
0005401153;THERMODYN;2005;Air;Hydroflurocarbures (HFC);4750;kg/an
0005401158;COMECA Equipements Basse Tension;2005;Air;Dichlorométhane (DCM, chlorure de méthylène);2000;kg/an
0005401162;ADHEX TECHNOLOGIES;2005;Air;Composés organiques volatils non méthaniques (COVNM);129000;kg/an
0005401162;ADHEX TECHNOLOGIES;2005;Air;Aldéhyde formique (formaldéhyde);1.68;kg/an
0005401162;ADHEX TECHNOLOGIES;2005;Air;Méthanol (alcool méthylique);135;kg/an
0005401164;CROWN EMBALLAGE FRANCE SAS;2005;Air;Composés organiques volatils non méthaniques (COVNM);181000;kg/an
0005401173;CHALON ENERGIE SA;2005;Air;Dioxyde de carbone (CO2) d'origine biomasse;11800000;kg/an
0005401195;Uniper - Centrale de LUCY;2005;Air;Arsenic et composés (exprimés en tant que As);77.6;kg/an
0005401195;Uniper - Centrale de LUCY;2005;Air;Chlore et composés inorganiques (en tant que HCl);204000;kg/an
0005401195;Uniper - Centrale de LUCY;2005;Air;Chrome et composés (exprimés en tant que Cr);227;kg/an
0005401195;Uniper - Centrale de LUCY;2005;Air;Fluor et composés inorganiques (en tant que HF);20600;kg/an
0005401195;Uniper - Centrale de LUCY;2005;Air;Mercure et composés (exprimés en tant que Hg);21.1;kg/an
0005401195;Uniper - Centrale de LUCY;2005;Air;Monoxyde de carbone (CO);559000;kg/an
0005401195;Uniper - Centrale de LUCY;2005;Air;Oxydes de soufre (SOx/SO2);4510000;kg/an
0005401195;Uniper - Centrale de LUCY;2005;Air;Oxydes d'azote (NOx/NO2);2500000;kg/an
0005401195;Uniper - Centrale de LUCY;2005;Air;Poussières totales;594000;kg/an
0005401195;Uniper - Centrale de LUCY;2005;Air;Protoxyde d'azote (N2O);19000;kg/an
0005401195;Uniper - Centrale de LUCY;2005;Air;Zinc et composés (exprimés en tant que Zn);897;kg/an
0005401220;VERALLIA FRANCE;2005;Air;Arsenic et composés (exprimés en tant que As);157;kg/an
0005401220;VERALLIA FRANCE;2005;Air;Cadmium et composés (exprimés en tant que Cd);16;kg/an
0005401220;VERALLIA FRANCE;2005;Air;Mercure et composés (exprimés en tant que Hg);16;kg/an
0005401220;VERALLIA FRANCE;2005;Air;Nickel et composés (exprimés en tant que Ni);143;kg/an
0005401220;VERALLIA FRANCE;2005;Air;Oxydes de soufre (SOx/SO2);420000;kg/an
0005401220;VERALLIA FRANCE;2005;Air;Oxydes d'azote (NOx/NO2);451000;kg/an
0005401220;VERALLIA FRANCE;2005;Air;Plomb et composés (exprimés en tant que Pb);3170;kg/an
0005401220;VERALLIA FRANCE;2005;Air;Poussières totales;160000;kg/an
0005401220;VERALLIA FRANCE;2005;Air;Antimoine et composés (exprimés en tant que Sb);4;kg/an
0005401220;VERALLIA FRANCE;2005;Air;Etain et composés (exprimés en tant que Sn);19200;kg/an
0005401224;NORDEON et MARVELL GLASS (anciennement Philips);2005;Air;Composés organiques volatils non méthaniques (COVNM);36700;kg/an
0005401224;NORDEON et MARVELL GLASS (anciennement Philips);2005;Air;Antimoine et composés (exprimés en tant que Sb);3.6;kg/an
0005401225;KODAK INDUSTRIE;2005;Air;Hydroflurocarbures (HFC);260;kg/an
0005401225;KODAK INDUSTRIE;2005;Air;Méthanol (alcool méthylique);12700;kg/an
0005401225;KODAK INDUSTRIE;2005;Eau (indirect);Azote total;83800;kg/an
0005401225;KODAK INDUSTRIE;2005;Eau (indirect);Carbone organique total (en tant que C total ou DCO/3);592000;kg/an
0005401225;KODAK INDUSTRIE;2005;Eau (indirect);Demande biologique en oxygène (DBO5);1180000;kg/an
0005401225;KODAK INDUSTRIE;2005;Eau (indirect);Demande chimique en oxygène (DCO);1780000;kg/an
0005401225;KODAK INDUSTRIE;2005;Eau (direct);Méthanol (alcool méthylique);121000;kg/an
0005401231;SUEZ RV Centre Est (ex. SITA CENTRE EST);2005;Air;Méthane (CH4);138000;kg/an
0005401240;CONIMAST INTERNATIONAL;2005;Air;Zinc et composés (exprimés en tant que Zn);573;kg/an
0005401241;YOPLAIT PRODUCTION FRANCE - NOBLEVAL;2005;Eau (direct);Carbone organique total (en tant que C total ou DCO/3);62500;kg/an
0005401241;YOPLAIT PRODUCTION FRANCE - NOBLEVAL;2005;Eau (direct);Demande biologique en oxygène (DBO5);112000;kg/an
0005401241;YOPLAIT PRODUCTION FRANCE - NOBLEVAL;2005;Eau (direct);Demande chimique en oxygène (DCO);187000;kg/an
0005401248;AMCOR FLEXIBLE CAPSULES FRANCE;2005;Air;Composés organiques volatils non méthaniques (COVNM);107000;kg/an
0005401250;CHALON ENERGIE SA;2005;Air;Oxydes d'azote (NOx/NO2);144000;kg/an
0005401253;MICHELIN;2005;Air;Composés organiques volatils non méthaniques (COVNM);179000;kg/an
0005401254;APERAM ALLOYS IMPHY;2005;Air;Trichloréthylène;2060;kg/an
0005401254;APERAM ALLOYS IMPHY;2005;Air;Acide fluorhydrique (flurorure d'hydrogène);34.5;kg/an
0005401254;APERAM ALLOYS IMPHY;2005;Air;Cobalt et composés (exprimés en tant que Co);0.3;kg/an
0005401254;APERAM ALLOYS IMPHY;2005;Eau (direct);Chrome et composés (exprimés en tant que Cr);463;kg/an
0005401254;APERAM ALLOYS IMPHY;2005;Eau (direct);Chrome hexavalent et composés (exprimés en tant que Cr VI);75;kg/an
0005401254;APERAM ALLOYS IMPHY;2005;Eau (direct);Nickel et composés (exprimés en tant que Ni);469;kg/an
0005401274;CHEMETALL SA;2005;Air;Acide fluorhydrique (flurorure d'hydrogène);20;kg/an
0005401274;CHEMETALL SA;2005;Eau (direct);Acide fluorhydrique (flurorure d'hydrogène);15;kg/an
0005401274;CHEMETALL SA;2005;Eau (direct);Ammoniac (NH3);450;kg/an
0005401274;CHEMETALL SA;2005;Eau (direct);Cobalt et composés (exprimés en tant que Co);0.3;kg/an
0005401277;GRAINDORGE;2005;Eau (direct);Nickel et composés (exprimés en tant que Ni);54;kg/an
0005401289;PRYSMIAN;2005;Air;Antimoine et composés (exprimés en tant que Sb);1.26;kg/an
0005401289;PRYSMIAN;2005;Eau (direct);Chrome hexavalent et composés (exprimés en tant que Cr VI);33;kg/an
0005401289;PRYSMIAN;2005;Eau (direct);Plomb et composés (exprimés en tant que Pb);33.5;kg/an
0005401290;BREGER CENTRE SAS;2005;Air;Composés organiques volatils non méthaniques (COVNM);55200;kg/an
0005401295;SICAREV;2005;Eau (indirect);Carbone organique total (en tant que C total ou DCO/3);95000;kg/an
0005401295;SICAREV;2005;Eau (indirect);Demande biologique en oxygène (DBO5);158000;kg/an
0005401295;SICAREV;2005;Eau (indirect);Demande chimique en oxygène (DCO);285000;kg/an
0005401296;Usine de Frangey;2005;Air;Dioxyde de carbone (CO2) d'origine biomasse;19300000;kg/an
0005401296;Usine de Frangey;2005;Air;Oxydes d'azote (NOx/NO2);398000;kg/an
0005401298;EURIAL ULTRA FRAIS;2005;Eau (direct);Phosphore total;14900;kg/an
0005401303;NOVASERRE Foissy;2005;Eau (direct);Chlore;5970;kg/an
0005401310;SICLI OPERATIONS FRANCE;2005;Air;Chlorofluorocarbures (CFC);937;kg/an
0005401318;U-SHIN (ex.VALEO SECURITE HABITACLE);2005;Eau (direct);Nickel et composés (exprimés en tant que Ni);21.7;kg/an
0005401325;GATES;2005;Eau (direct);Carbone organique total (en tant que C total ou DCO/3);257000;kg/an
0005401325;GATES;2005;Eau (direct);Demande biologique en oxygène (DBO5);127000;kg/an
0005401325;GATES;2005;Eau (direct);Demande chimique en oxygène (DCO);772000;kg/an
0005401335;SUMIRIKO Rubber Compounding France;2005;Air;Composés organiques volatils non méthaniques (COVNM);218000;kg/an
0005401335;SUMIRIKO Rubber Compounding France;2005;Eau (direct);Nickel et composés (exprimés en tant que Ni);110;kg/an
0005401335;SUMIRIKO Rubber Compounding France;2005;Eau (direct);Zinc et composés (exprimés en tant que Zn);143;kg/an
0005401338;RHODIA OPERATIONS (groupe solvay);2005;Eau (direct);Azote total;156000;kg/an
0005401338;RHODIA OPERATIONS (groupe solvay);2005;Eau (direct);Carbone organique total (en tant que C total ou DCO/3);470000;kg/an
0005401338;RHODIA OPERATIONS (groupe solvay);2005;Eau (direct);Chrome hexavalent et composés (exprimés en tant que Cr VI);37;kg/an
0005401338;RHODIA OPERATIONS (groupe solvay);2005;Eau (direct);Cuivre et composés (exprimés en tant que Cu);1280;kg/an
0005401338;RHODIA OPERATIONS (groupe solvay);2005;Eau (direct);Demande biologique en oxygène (DBO5);495000;kg/an
0005401338;RHODIA OPERATIONS (groupe solvay);2005;Eau (direct);Demande chimique en oxygène (DCO);706000;kg/an
0005401338;RHODIA OPERATIONS (groupe solvay);2005;Eau (direct);Zinc et composés (exprimés en tant que Zn);141;kg/an
0005401359;Salzgitter Mannessmann Stainless Tubes France;2005;Air;Fluor et ses composés (F);202;kg/an
0005401359;Salzgitter Mannessmann Stainless Tubes France;2005;Eau (direct);Nickel et composés (exprimés en tant que Ni);28;kg/an
0005401359;Salzgitter Mannessmann Stainless Tubes France;2005;Eau (direct);Fluor et ses composés (F);299;kg/an
0005401402;AMORA MAILLE Chevigny;2005;Eau (indirect);Demande biologique en oxygène (DBO5);131000;kg/an
0005401404;REM;2005;Eau (direct);Fluor et ses composés (F);30.3;kg/an
0005401415;ISOVER ST GOBAIN;2005;Air;Ammoniac (NH3);24000;kg/an
0005401415;ISOVER ST GOBAIN;2005;Air;Arsenic et composés (exprimés en tant que As);65.5;kg/an
0005401415;ISOVER ST GOBAIN;2005;Air;Cadmium et composés (exprimés en tant que Cd);27.3;kg/an
0005401415;ISOVER ST GOBAIN;2005;Air;Aldéhyde formique (formaldéhyde);7230;kg/an
0005401415;ISOVER ST GOBAIN;2005;Air;Antimoine et composés (exprimés en tant que Sb);64.6;kg/an
0005401415;ISOVER ST GOBAIN;2005;Air;Cobalt et composés (exprimés en tant que Co);65.5;kg/an
0005401415;ISOVER ST GOBAIN;2005;Air;Etain et composés (exprimés en tant que Sn);65.5;kg/an
0005401415;ISOVER ST GOBAIN;2005;Air;Phénols (en tant que C total);1700;kg/an
0005401415;ISOVER ST GOBAIN;2005;Eau (indirect);Phénols (en tant que C total);56.9;kg/an
0005401415;ISOVER ST GOBAIN;2005;Eau (direct);Aldéhyde formique (formaldéhyde);196;kg/an
0005401415;ISOVER ST GOBAIN;2005;Eau (direct);Ammoniac (NH3);1960;kg/an
0005401465;FRUEHAUF SAS;2005;Air;Composés organiques volatils non méthaniques (COVNM);87400;kg/an
0005401483;DAUNAT BOURGOGNE;2005;Eau (indirect);Demande biologique en oxygène (DBO5);45100;kg/an
0005401595;CB-CHOCOLATERIE DE BOURGOGNE;2005;Eau (indirect);Demande biologique en oxygène (DBO5);85000;kg/an
0005401657;Villers SAS;2005;Eau (indirect);Carbone organique total (en tant que C total ou DCO/3);66000;kg/an
0005401657;Villers SAS;2005;Eau (indirect);Demande biologique en oxygène (DBO5);129000;kg/an
0005401657;Villers SAS;2005;Eau (indirect);Demande chimique en oxygène (DCO);198000;kg/an
0005401717;LABORATOIRES COLUXIA;2005;Air;Composés organiques volatils non méthaniques (COVNM);39500;kg/an
0005401759;FABINOV;2005;Air;Composés organiques volatils non méthaniques (COVNM);40900;kg/an
0005401765;SONIRVAL - VALEST;2005;Air;Dioxyde de carbone (CO2) d'origine biomasse;15600000;kg/an
0005401849;GRTgaz - Station de Compression de VINDECY;2005;Air;Méthane (CH4);310000;kg/an
0005401857;NOVASERRE Rousson;2005;Eau (direct);Chlore;7010;kg/an
0005401887;COVED- ISDND de Saint Florentin;2005;Air;Méthane (CH4);714000;kg/an
0005401901;REFRESCO France;2005;Air;Hydroflurocarbures (HFC);215;kg/an
0005402057;MOCIA;2005;Air;Oxydes de soufre (SOx/SO2);240000;kg/an
0005402281;Etablissement Français du Sang Bourgogne Franche Comté;2005;Eau (direct);Chlore;100;kg/an
0005500017;MENARD;2005;Air;Composés organiques volatils non méthaniques (COVNM);34100;kg/an
0005500070;ENTREMONT ALLIANCE;2005;Eau (indirect);Carbone organique total (en tant que C total ou DCO/3);92100;kg/an
0005500070;ENTREMONT ALLIANCE;2005;Eau (indirect);Demande biologique en oxygène (DBO5);138000;kg/an
0005500070;ENTREMONT ALLIANCE;2005;Eau (indirect);Demande chimique en oxygène (DCO);276000;kg/an
0005500070;ENTREMONT ALLIANCE;2005;Eau (indirect);Phosphore total;6820;kg/an
0005500088;FERTIVAL SA;2005;Eau (indirect);Carbone organique total (en tant que C total ou DCO/3);56400;kg/an
0005500088;FERTIVAL SA;2005;Eau (indirect);Demande biologique en oxygène (DBO5);70400;kg/an
0005500088;FERTIVAL SA;2005;Eau (indirect);Demande chimique en oxygène (DCO);169000;kg/an
0005500107;COOPERL ARC ATLANTIQUE;2005;Eau (indirect);Azote total;87300;kg/an
0005500107;COOPERL ARC ATLANTIQUE;2005;Eau (indirect);Carbone organique total (en tant que C total ou DCO/3);198000;kg/an
0005500107;COOPERL ARC ATLANTIQUE;2005;Eau (indirect);Demande biologique en oxygène (DBO5);291000;kg/an
0005500107;COOPERL ARC ATLANTIQUE;2005;Eau (indirect);Demande chimique en oxygène (DCO);594000;kg/an
0005500111;ARMORICAINE INDUSTRIE SAS;2005;Sol;Demande biologique en oxygène (DBO5);46700;kg/an
0005500127;ELCI;2005;Eau (direct);Nickel et composés (exprimés en tant que Ni);48.9;kg/an
0005500149;LOUDEAC VIANDES;2005;Eau (indirect);Carbone organique total (en tant que C total ou DCO/3);190000;kg/an
0005500149;LOUDEAC VIANDES;2005;Eau (indirect);Demande biologique en oxygène (DBO5);373000;kg/an
0005500149;LOUDEAC VIANDES;2005;Eau (indirect);Demande chimique en oxygène (DCO);569000;kg/an
0005500149;LOUDEAC VIANDES;2005;Eau (indirect);Phosphore total;6590;kg/an
0005500165;ARMOR PROTEINES;2005;Eau (indirect);Carbone organique total (en tant que C total ou DCO/3);253000;kg/an
0005500165;ARMOR PROTEINES;2005;Eau (indirect);Demande biologique en oxygène (DBO5);307000;kg/an
0005500165;ARMOR PROTEINES;2005;Eau (indirect);Demande chimique en oxygène (DCO);759000;kg/an
0005500165;ARMOR PROTEINES;2005;Eau (indirect);Matières en suspension (MES);317000;kg/an
0005500165;ARMOR PROTEINES;2005;Eau (indirect);Phosphore total;25200;kg/an
0005500166;GELAGRI BRETAGNE;2005;Eau (indirect);Carbone organique total (en tant que C total ou DCO/3);364000;kg/an
0005500166;GELAGRI BRETAGNE;2005;Eau (indirect);Demande chimique en oxygène (DCO);1090000;kg/an
0005500166;GELAGRI BRETAGNE;2005;Eau (indirect);Matières en suspension (MES);816000;kg/an
0005500166;GELAGRI BRETAGNE;2005;Eau (indirect);Phosphore total;25700;kg/an
0005500169;BROCELIANDE ALH;2005;Eau (indirect);Carbone organique total (en tant que C total ou DCO/3);177000;kg/an
0005500169;BROCELIANDE ALH;2005;Eau (indirect);Demande biologique en oxygène (DBO5);223000;kg/an
0005500169;BROCELIANDE ALH;2005;Eau (indirect);Demande chimique en oxygène (DCO);530000;kg/an
0005500169;BROCELIANDE ALH;2005;Eau (indirect);Phosphore total;5920;kg/an
0005500170;ENTREMONT ALLIANCE;2005;Eau (indirect);Carbone organique total (en tant que C total ou DCO/3);55200;kg/an
0005500170;ENTREMONT ALLIANCE;2005;Eau (indirect);Demande chimique en oxygène (DCO);166000;kg/an
0005500191;DUJARDIN BRETAGNE (SAS);2005;Sol;Carbone organique total (en tant que C total ou DCO/3);207000;kg/an
0005500191;DUJARDIN BRETAGNE (SAS);2005;Sol;Demande biologique en oxygène (DBO5);365000;kg/an
0005500191;DUJARDIN BRETAGNE (SAS);2005;Sol;Demande chimique en oxygène (DCO);553000;kg/an
0005500224;KERVAL Centre Armor;2005;Air;Cadmium et composés (exprimés en tant que Cd);11.5;kg/an
0005500258;BLANC AERO TECHNOLOGIES;2005;Eau (direct);Fluor et ses composés (F);1.19;kg/an
0005500302;PRODHYNET (S.A.);2005;Eau (direct);Fluor et ses composés (F);0.1;kg/an
0005500302;PRODHYNET (S.A.);2005;Eau (direct);Méthanol (alcool méthylique);1;kg/an
0005500307;CHAFFOTEAUX site de Ploufragan;2005;Air;Composés organiques volatils non méthaniques (COVNM);52500;kg/an
0005500307;CHAFFOTEAUX site de Ploufragan;2005;Air;Dichlorométhane (DCM, chlorure de méthylène);98400;kg/an
0005500334;SECANIM BRETAGNE;2005;Air;Acide fluorhydrique (flurorure d'hydrogène);56.7;kg/an
0005500338;SMITRED OUEST D'ARMOR (UIOM DE PLUZUNET);2005;Air;Dioxyde de carbone (CO2) d'origine biomasse;27000000;kg/an
0005500338;SMITRED OUEST D'ARMOR (UIOM DE PLUZUNET);2005;Air;Acide fluorhydrique (flurorure d'hydrogène);28;kg/an
0005500398;LE JOINT FRANCAIS;2005;Air;Composés organiques volatils non méthaniques (COVNM);45700;kg/an
0005500398;LE JOINT FRANCAIS;2005;Air;Trichloréthylène;2050;kg/an
0005500400;SAINT-BRIEUC FONDERIE (ex MANOIR);2005;Eau (direct);Fer et composés (exprimés en tant que Fe);3630;kg/an
0005500400;SAINT-BRIEUC FONDERIE (ex MANOIR);2005;Eau (direct);Manganèse et composés (exprimés en tant que Mn);936;kg/an
0005500440;IDEX ENVIRONNEMENT BRETAGNE( SARL);2005;Air;Dioxyde de carbone (CO2) d'origine biomasse;43600000;kg/an
0005500440;IDEX ENVIRONNEMENT BRETAGNE( SARL);2005;Air;Oxydes d'azote (NOx/NO2);204000;kg/an
0005500488;Site d'Yffiniac;2005;Eau (indirect);Carbone organique total (en tant que C total ou DCO/3);75800;kg/an
0005500488;Site d'Yffiniac;2005;Eau (indirect);Demande biologique en oxygène (DBO5);121000;kg/an
0005500488;Site d'Yffiniac;2005;Eau (indirect);Demande chimique en oxygène (DCO);227000;kg/an
0005500491;YFFINIAC INDUSTRIE LAITA;2005;Eau (indirect);Carbone organique total (en tant que C total ou DCO/3);111000;kg/an
0005500491;YFFINIAC INDUSTRIE LAITA;2005;Eau (indirect);Demande biologique en oxygène (DBO5);176000;kg/an
0005500491;YFFINIAC INDUSTRIE LAITA;2005;Eau (indirect);Demande chimique en oxygène (DCO);333000;kg/an
0005500506;Isobox;2005;Air;Composés organiques volatils non méthaniques (COVNM);81600;kg/an
0005500609;BUNGE France;2005;Air;Composés organiques volatils non méthaniques (COVNM);218000;kg/an
0005500610;SOTRAVAL-SPL;2005;Air;Cadmium et composés (exprimés en tant que Cd);12;kg/an
0005500610;SOTRAVAL-SPL;2005;Air;Dioxyde de carbone (CO2) d'origine biomasse;58800000;kg/an
0005500610;SOTRAVAL-SPL;2005;Air;Mercure et composés (exprimés en tant que Hg);45;kg/an
0005500610;SOTRAVAL-SPL;2005;Air;Oxydes d'azote (NOx/NO2);234000;kg/an
0005500610;SOTRAVAL-SPL;2005;Air;Protoxyde d'azote (N2O);11800;kg/an
0005500616;SIDEPAQ;2005;Air;Chlore et composés inorganiques (en tant que HCl);11300;kg/an
0005500616;SIDEPAQ;2005;Air;Dioxyde de carbone (CO2) d'origine biomasse;27200000;kg/an
0005500616;SIDEPAQ;2005;Air;Oxydes d'azote (NOx/NO2);108000;kg/an
0005500616;SIDEPAQ;2005;Air;Acide fluorhydrique (flurorure d'hydrogène);60;kg/an
0005500644;ENTREMONT;2005;Eau (indirect);Azote total;55100;kg/an
0005500644;ENTREMONT;2005;Eau (indirect);Carbone organique total (en tant que C total ou DCO/3);438000;kg/an
0005500644;ENTREMONT;2005;Eau (indirect);Demande biologique en oxygène (DBO5);783000;kg/an
0005500644;ENTREMONT;2005;Eau (indirect);Demande chimique en oxygène (DCO);1310000;kg/an
0005500644;ENTREMONT;2005;Eau (indirect);Matières en suspension (MES);416000;kg/an
0005500644;ENTREMONT;2005;Eau (indirect);Phosphore total;42400;kg/an
0005500649;BOUTET-NICOLAS;2005;Eau (indirect);Demande biologique en oxygène (DBO5);73800;kg/an
0005500657;LE MOULIN DE LA MARCHE;2005;Eau (direct);Chlore;267000;kg/an
0005500725;CHANCERELLE Conserverie;2005;Eau (indirect);Carbone organique total (en tant que C total ou DCO/3);153000;kg/an
0005500725;CHANCERELLE Conserverie;2005;Eau (indirect);Demande biologique en oxygène (DBO5);188000;kg/an
0005500725;CHANCERELLE Conserverie;2005;Eau (indirect);Demande chimique en oxygène (DCO);320000;kg/an
0005500733;Conserverie Chancerelle SAS;2005;Eau (indirect);Carbone organique total (en tant que C total ou DCO/3);59900;kg/an
0005500733;Conserverie Chancerelle SAS;2005;Eau (indirect);Demande biologique en oxygène (DBO5);73900;kg/an
0005500734;COBRECO DOUARNENEZ;2005;Eau (indirect);Carbone organique total (en tant que C total ou DCO/3);53600;kg/an
0005500734;COBRECO DOUARNENEZ;2005;Eau (indirect);Demande biologique en oxygène (DBO5);105000;kg/an
0005500734;COBRECO DOUARNENEZ;2005;Eau (indirect);Demande chimique en oxygène (DCO);161000;kg/an
0005500736;PAULET PAUL;2005;Eau (indirect);Demande biologique en oxygène (DBO5);82100;kg/an
0005500736;PAULET PAUL;2005;Eau (direct);Chlore;9390;kg/an
0005500738;ISOBOX;2005;Air;Composés organiques volatils non méthaniques (COVNM);40100;kg/an
0005500769;JRS  MARINE PRODUCTS LANDERNEAU;2005;Eau (direct);Carbone organique total (en tant que C total ou DCO/3);57700;kg/an
0005500769;JRS  MARINE PRODUCTS LANDERNEAU;2005;Eau (direct);Demande chimique en oxygène (DCO);173000;kg/an
0005500830;KERMAD;2005;Eau (indirect);Demande biologique en oxygène (DBO5);81000;kg/an
0005500850;Lampaulaise de salaisons;2005;Eau (indirect);Carbone organique total (en tant que C total ou DCO/3);70700;kg/an
0005500850;Lampaulaise de salaisons;2005;Eau (indirect);Demande biologique en oxygène (DBO5);113000;kg/an
0005500850;Lampaulaise de salaisons;2005;Eau (indirect);Demande chimique en oxygène (DCO);212000;kg/an
0005500872;USINE DE SURGELATION DE LANDERNEAU;2005;Eau (indirect);Carbone organique total (en tant que C total ou DCO/3);208000;kg/an
0005500872;USINE DE SURGELATION DE LANDERNEAU;2005;Eau (indirect);Demande chimique en oxygène (DCO);625000;kg/an
0005500892;LES SALAISONS DE L'ARREE;2005;Eau (indirect);Demande biologique en oxygène (DBO5);49800;kg/an
0005500894;NARVIK;2005;Air;Hydrochlorofluorocarbures (HCFC);1200;kg/an
0005500920;ALGAIA;2005;Eau (direct);Phosphore total;5950;kg/an
0005500956;TRIVIUM;2005;Air;Composés organiques volatils non méthaniques (COVNM);66800;kg/an
0005500977;Rolland SA;2005;Air;Composés organiques volatils non méthaniques (COVNM);51200;kg/an
0005501007;Communauté Communes  Pays Bigouden Sud;2005;Air;Méthane (CH4);125000;kg/an
0005501007;Communauté Communes  Pays Bigouden Sud;2005;Eau (indirect);Chrome et composés (exprimés en tant que Cr);868;kg/an
0005501007;Communauté Communes  Pays Bigouden Sud;2005;Eau (indirect);Manganèse et composés (exprimés en tant que Mn);663;kg/an
0005501007;Communauté Communes  Pays Bigouden Sud;2005;Eau (indirect);Mercure et composés (exprimés en tant que Hg);2;kg/an
0005501007;Communauté Communes  Pays Bigouden Sud;2005;Eau (indirect);Nickel et composés (exprimés en tant que Ni);309;kg/an
0005501007;Communauté Communes  Pays Bigouden Sud;2005;Eau (indirect);Plomb et composés (exprimés en tant que Pb);82;kg/an
0005501026;Fromagerie de l'Iroise;2005;Eau (indirect);Carbone organique total (en tant que C total ou DCO/3);86000;kg/an
0005501026;Fromagerie de l'Iroise;2005;Eau (indirect);Demande chimique en oxygène (DCO);258000;kg/an
0005501038;ROLLAND SAS;2005;Sol;Carbone organique total (en tant que C total ou DCO/3);138000;kg/an
0005501038;ROLLAND SAS;2005;Sol;Demande chimique en oxygène (DCO);369000;kg/an
0005501107;CAPITAINE COOK;2005;Eau (indirect);Demande biologique en oxygène (DBO5);47600;kg/an
0005501127;STOROpack Molding;2005;Air;Composés organiques volatils non méthaniques (COVNM);35000;kg/an
0005501172;MERALLIANCE ARMORIC;2005;Eau (indirect);Demande biologique en oxygène (DBO5);76200;kg/an
0005501174;ALKOPHARM;2005;Air;Composés organiques volatils non méthaniques (COVNM);50600;kg/an
0005501179;SAS DOUX PERE DODU;2005;Eau (indirect);Carbone organique total (en tant que C total ou DCO/3);63400;kg/an
0005501179;SAS DOUX PERE DODU;2005;Eau (indirect);Demande biologique en oxygène (DBO5);93800;kg/an
0005501179;SAS DOUX PERE DODU;2005;Eau (indirect);Demande chimique en oxygène (DCO);190000;kg/an
0005501190;SOCABAQ;2005;Eau (indirect);Demande biologique en oxygène (DBO5);60300;kg/an
0005501191;SAUPIQUET;2005;Eau (indirect);Carbone organique total (en tant que C total ou DCO/3);59700;kg/an
0005501191;SAUPIQUET;2005;Eau (indirect);Demande biologique en oxygène (DBO5);121000;kg/an
0005501191;SAUPIQUET;2005;Eau (indirect);Demande chimique en oxygène (DCO);179000;kg/an
0005501193;ENTREMONT ALLIANCE Quimper;2005;Eau (indirect);Carbone organique total (en tant que C total ou DCO/3);503000;kg/an
0005501193;ENTREMONT ALLIANCE Quimper;2005;Eau (indirect);Demande biologique en oxygène (DBO5);830000;kg/an
0005501193;ENTREMONT ALLIANCE Quimper;2005;Eau (indirect);Demande chimique en oxygène (DCO);1510000;kg/an
0005501193;ENTREMONT ALLIANCE Quimper;2005;Eau (indirect);Matières en suspension (MES);312000;kg/an
0005501201;ALKOCHYM;2005;Air;Méthanol (alcool méthylique);675;kg/an
0005501201;ALKOCHYM;2005;Eau (direct);Méthanol (alcool méthylique);12100;kg/an
0005501214;BIGARD Site de Quimperlé;2005;Air;Hydrochlorofluorocarbures (HCFC);6870;kg/an
0005501217;NESTLE PURINA PETCARE FRANCE (SAS);2005;Eau (indirect);Carbone organique total (en tant que C total ou DCO/3);51800;kg/an
0005501217;NESTLE PURINA PETCARE FRANCE (SAS);2005;Eau (indirect);Demande biologique en oxygène (DBO5);97100;kg/an
0005501217;NESTLE PURINA PETCARE FRANCE (SAS);2005;Eau (indirect);Demande chimique en oxygène (DCO);155000;kg/an
0005501218;PDM INDUSTRIES;2005;Air;Dioxyde de carbone (CO2) d'origine biomasse;10400000;kg/an
0005501218;PDM INDUSTRIES;2005;Eau (direct);Carbone organique total (en tant que C total ou DCO/3);108000;kg/an
0005501218;PDM INDUSTRIES;2005;Eau (direct);Composés organohalogénés (exprimés en tant que AOX);4480;kg/an
0005501218;PDM INDUSTRIES;2005;Eau (direct);Demande chimique en oxygène (DCO);323000;kg/an
0005501236;BONDUELLE TRAITEUR (Saladerie);2005;Eau (indirect);Carbone organique total (en tant que C total ou DCO/3);75600;kg/an
0005501236;BONDUELLE TRAITEUR (Saladerie);2005;Eau (indirect);Demande biologique en oxygène (DBO5);81100;kg/an
0005501236;BONDUELLE TRAITEUR (Saladerie);2005;Eau (indirect);Demande chimique en oxygène (DCO);227000;kg/an
0005501246;BOUTET NICOLAS;2005;Sol;Carbone organique total (en tant que C total ou DCO/3);376000;kg/an
0005501246;BOUTET NICOLAS;2005;Sol;Demande chimique en oxygène (DCO);1130000;kg/an
0005501318;CGPA PENY;2005;Sol;Phosphore total;5760;kg/an
0005501351;NOBELSPORT;2005;Air;Composés organiques volatils non méthaniques (COVNM);211000;kg/an
0005501352;Loïc FAURE;2005;Air;Protoxyde d'azote (N2O);55200;kg/an
0005501363;FAURECIA Intérieur Industries - FR23;2005;Air;Composés organiques volatils non méthaniques (COVNM);66300;kg/an
0005501364;Tendriade Collet;2005;Eau (direct);Demande biologique en oxygène (DBO5);79000;kg/an
0005501365;Brocéliande;2005;Air;Hydrochlorofluorocarbures (HCFC);970;kg/an
0005501365;Brocéliande;2005;Air;Chlore;25700;kg/an
0005501387;PSA Automobile SA;2005;Air;Composés organiques volatils non méthaniques (COVNM);1730000;kg/an
0005501387;PSA Automobile SA;2005;Eau (direct);Fluorures (en tant que F total);2900;kg/an
0005501387;PSA Automobile SA;2005;Eau (direct);Nickel et composés (exprimés en tant que Ni);67;kg/an
0005501387;PSA Automobile SA;2005;Eau (direct);Fluor et ses composés (F);2900;kg/an
0005501399;SOCIETE DESHYOUEST;2005;Air;Composés organiques volatils non méthaniques (COVNM);31700;kg/an
0005501423;GATINE VIANDES;2005;Eau (indirect);Azote total;53700;kg/an
0005501423;GATINE VIANDES;2005;Eau (indirect);Carbone organique total (en tant que C total ou DCO/3);146000;kg/an
0005501423;GATINE VIANDES;2005;Eau (indirect);Demande biologique en oxygène (DBO5);280000;kg/an
0005501423;GATINE VIANDES;2005;Eau (indirect);Demande chimique en oxygène (DCO);438000;kg/an
0005501424;PLASTIC OMNIUM AUTO EXTERIEUR;2005;Air;Composés organiques volatils non méthaniques (COVNM);70700;kg/an
0005501441;CANON BRETAGNE;2005;Air;Hydroflurocarbures (HFC);134;kg/an
0005501441;CANON BRETAGNE;2005;Air;Méthanol (alcool méthylique);3970;kg/an
0005501443;SALAISONS CLERMONT;2005;Air;Chlorofluorocarbures (CFC);620;kg/an
0005501448;NOVANDIE MARCILLE RAOUL;2005;Sol;Carbone organique total (en tant que C total ou DCO/3);233000;kg/an
0005501448;NOVANDIE MARCILLE RAOUL;2005;Sol;Demande chimique en oxygène (DCO);698000;kg/an
0005501464;SEDAM ABATTOIR de MONTAUBAN;2005;Eau (indirect);Demande biologique en oxygène (DBO5);65600;kg/an
0005501468;ETS BRIENT;2005;Eau (indirect);Demande biologique en oxygène (DBO5);57200;kg/an
0005501473;Triballat Noyal;2005;Sol;Carbone organique total (en tant que C total ou DCO/3);363000;kg/an
0005501473;Triballat Noyal;2005;Sol;Demande chimique en oxygène (DCO);1090000;kg/an
0005501473;Triballat Noyal;2005;Sol;Phosphore total;10600;kg/an
0005501475;CHARCUTERIE CUISINEES de PLELAN;2005;Eau (direct);Chlore;3790;kg/an
0005501485;AFC;2005;Air;Composés organiques volatils non méthaniques (COVNM);59100;kg/an
0005501486;CARGILL;2005;Air;Composés organiques volatils non méthaniques (COVNM);486000;kg/an
0005501486;CARGILL;2005;Eau (direct);Carbone organique total (en tant que C total ou DCO/3);181000;kg/an
0005501486;CARGILL;2005;Eau (direct);Demande biologique en oxygène (DBO5);280000;kg/an
0005501486;CARGILL;2005;Eau (direct);Demande chimique en oxygène (DCO);544000;kg/an
0005501488;SOCIETE LAITIERE DE RETIERS;2005;Air;Oxydes de soufre (SOx/SO2);304000;kg/an
0005501488;SOCIETE LAITIERE DE RETIERS;2005;Air;Oxydes d'azote (NOx/NO2);120000;kg/an
0005501488;SOCIETE LAITIERE DE RETIERS;2005;Eau (direct);Carbone organique total (en tant que C total ou DCO/3);70400;kg/an
0005501488;SOCIETE LAITIERE DE RETIERS;2005;Eau (direct);Demande biologique en oxygène (DBO5);117000;kg/an
0005501488;SOCIETE LAITIERE DE RETIERS;2005;Eau (direct);Demande chimique en oxygène (DCO);211000;kg/an
0005501500;Ets Jean CHAPIN SA;2005;Eau (indirect);Carbone organique total (en tant que C total ou DCO/3);56200;kg/an
0005501500;Ets Jean CHAPIN SA;2005;Eau (indirect);Demande biologique en oxygène (DBO5);92600;kg/an
0005501500;Ets Jean CHAPIN SA;2005;Eau (indirect);Demande chimique en oxygène (DCO);168000;kg/an
0005501502;CONTITECH AVS FRANCE;2005;Air;Composés organiques volatils non méthaniques (COVNM);183000;kg/an
0005501502;CONTITECH AVS FRANCE;2005;Air;Trichloréthylène;25100;kg/an
0005501502;CONTITECH AVS FRANCE;2005;Air;Tétrachloroéthylène (PER, tétrachloroéthylène);6860;kg/an
0005501504;VALOREIZH;2005;Air;Dioxines et furanes (PCDD + PCDF) (exprimés en iTeq);0.00842;kg/an
0005501504;VALOREIZH;2005;Air;Dioxyde de carbone (CO2) d'origine biomasse;61400000;kg/an
0005501504;VALOREIZH;2005;Air;Oxydes d'azote (NOx/NO2);271000;kg/an
0005501504;VALOREIZH;2005;Air;Protoxyde d'azote (N2O);11300;kg/an
0005501505;ENERSUD - SOC RENNAISE DISTRI CHALEUR;2005;Air;Oxydes d'azote (NOx/NO2);130000;kg/an
0005501512;ARMOR PROTEINES;2005;Air;Oxydes de soufre (SOx/SO2);167000;kg/an
0005501522;Speichim Processing;2005;Air;1,4-dioxane;560;kg/an
0005501522;Speichim Processing;2005;Air;Méthanol (alcool méthylique);87.4;kg/an
0005501535;LES MOBILIERS MMO;2005;Air;Trichloréthylène;18900;kg/an
0005501539;SALAISONS CELTIQUES;2005;Eau (indirect);Demande biologique en oxygène (DBO5);45100;kg/an
0005501549;SFPI;2005;Eau (direct);Fluor et ses composés (F);170;kg/an
0005501605;SPI;2005;Eau (indirect);Carbone organique total (en tant que C total ou DCO/3);52900;kg/an
0005501605;SPI;2005;Eau (indirect);Demande biologique en oxygène (DBO5);99200;kg/an
0005501605;SPI;2005;Eau (indirect);Demande chimique en oxygène (DCO);159000;kg/an
0005501608;RONSARD SAS;2005;Eau (indirect);Carbone organique total (en tant que C total ou DCO/3);72900;kg/an
0005501608;RONSARD SAS;2005;Eau (indirect);Demande biologique en oxygène (DBO5);118000;kg/an
0005501608;RONSARD SAS;2005;Eau (indirect);Demande chimique en oxygène (DCO);219000;kg/an
0005501608;RONSARD SAS;2005;Eau (indirect);Phosphore total;6020;kg/an
0005501682;GROUPE ROCHER OPERATIONS;2005;Eau (indirect);Carbone organique total (en tant que C total ou DCO/3);58500;kg/an
0005501682;GROUPE ROCHER OPERATIONS;2005;Eau (indirect);Demande biologique en oxygène (DBO5);63600;kg/an
0005501682;GROUPE ROCHER OPERATIONS;2005;Eau (indirect);Demande chimique en oxygène (DCO);175000;kg/an
0005501697;ARDO GOURIN;2005;Eau (direct);Carbone organique total (en tant que C total ou DCO/3);70200;kg/an
0005501697;ARDO GOURIN;2005;Eau (direct);Demande chimique en oxygène (DCO);210000;kg/an
0005501710;SIFDDA Bretagne;2005;Air;Dioxyde de carbone (CO2) d'origine biomasse;22000000;kg/an
0005501776;GUERBET;2005;Air;Dioxyde de carbone (CO2) d'origine biomasse;11700000;kg/an
0005501776;GUERBET;2005;Air;1,4-dioxane;2070;kg/an
0005501776;GUERBET;2005;Air;Hydrazine;48;kg/an
0005501776;GUERBET;2005;Air;Sulfate de diméthyle;17.4;kg/an
0005501776;GUERBET;2005;Eau (direct);1,4-dioxane;2500;kg/an
0005501783;Galliance Languidic;2005;Eau (indirect);Carbone organique total (en tant que C total ou DCO/3);220000;kg/an
0005501783;Galliance Languidic;2005;Eau (indirect);Demande biologique en oxygène (DBO5);388000;kg/an
0005501783;Galliance Languidic;2005;Eau (indirect);Demande chimique en oxygène (DCO);659000;kg/an
0005501795;UFM - UNION FERMIERE MORBIHANNAISE SAS;2005;Eau (indirect);Carbone organique total (en tant que C total ou DCO/3);104000;kg/an
0005501795;UFM - UNION FERMIERE MORBIHANNAISE SAS;2005;Eau (indirect);Demande biologique en oxygène (DBO5);163000;kg/an
0005501795;UFM - UNION FERMIERE MORBIHANNAISE SAS;2005;Eau (indirect);Demande chimique en oxygène (DCO);311000;kg/an
0005501796;SA DOUX ETS LOCMINE;2005;Eau (indirect);Carbone organique total (en tant que C total ou DCO/3);107000;kg/an
0005501796;SA DOUX ETS LOCMINE;2005;Eau (indirect);Demande biologique en oxygène (DBO5);190000;kg/an
0005501796;SA DOUX ETS LOCMINE;2005;Eau (indirect);Demande chimique en oxygène (DCO);320000;kg/an
0005501798;SOCIETE KERLYS;2005;Sol;Carbone organique total (en tant que C total ou DCO/3);314000;kg/an
0005501798;SOCIETE KERLYS;2005;Sol;Demande biologique en oxygène (DBO5);470000;kg/an
0005501798;SOCIETE KERLYS;2005;Sol;Demande chimique en oxygène (DCO);941000;kg/an
0005501798;SOCIETE KERLYS;2005;Sol;Phosphore total;9700;kg/an
0005501863;SAS ENTREMONT;2005;Air;Nickel et composés (exprimés en tant que Ni);149;kg/an
0005501863;SAS ENTREMONT;2005;Eau (indirect);Carbone organique total (en tant que C total ou DCO/3);368000;kg/an
0005501863;SAS ENTREMONT;2005;Eau (indirect);Demande biologique en oxygène (DBO5);626000;kg/an
0005501863;SAS ENTREMONT;2005;Eau (indirect);Demande chimique en oxygène (DCO);1100000;kg/an
0005501863;SAS ENTREMONT;2005;Eau (indirect);Phosphore total;25900;kg/an
0005501866;GREENYARD FROZEN FRANCE (ex CGS);2005;Sol;Carbone organique total (en tant que C total ou DCO/3);117000;kg/an
0005501866;GREENYARD FROZEN FRANCE (ex CGS);2005;Sol;Demande chimique en oxygène (DCO);351000;kg/an
0005501872;BERNARD SAS (abattoir);2005;Eau (indirect);Azote total;101000;kg/an
0005501872;BERNARD SAS (abattoir);2005;Eau (indirect);Carbone organique total (en tant que C total ou DCO/3);296000;kg/an
0005501872;BERNARD SAS (abattoir);2005;Eau (indirect);Demande biologique en oxygène (DBO5);463000;kg/an
0005501872;BERNARD SAS (abattoir);2005;Eau (indirect);Demande chimique en oxygène (DCO);887000;kg/an
0005501872;BERNARD SAS (abattoir);2005;Eau (indirect);Phosphore total;12900;kg/an
0005501901;BRETAGNE CHIMIE FINE;2005;Eau (indirect);Azote total;51600;kg/an
0005501901;BRETAGNE CHIMIE FINE;2005;Eau (indirect);Carbone organique total (en tant que C total ou DCO/3);137000;kg/an
0005501901;BRETAGNE CHIMIE FINE;2005;Eau (indirect);Demande biologique en oxygène (DBO5);285000;kg/an
0005501901;BRETAGNE CHIMIE FINE;2005;Eau (indirect);Demande chimique en oxygène (DCO);411000;kg/an
0005501903;GALINA SASU;2005;Eau (indirect);Carbone organique total (en tant que C total ou DCO/3);103000;kg/an
0005501903;GALINA SASU;2005;Eau (indirect);Demande biologique en oxygène (DBO5);159000;kg/an
0005501903;GALINA SASU;2005;Eau (indirect);Demande chimique en oxygène (DCO);309000;kg/an
0005501941;Com Com Auray Quiberon Terre Atlantique;2005;Air;Dioxyde de carbone (CO2) d'origine biomasse;13100000;kg/an
0005501958;DANDY SA (pontivy);2005;Eau (indirect);Carbone organique total (en tant que C total ou DCO/3);67200;kg/an
0005501958;DANDY SA (pontivy);2005;Eau (indirect);Demande biologique en oxygène (DBO5);78200;kg/an
0005501958;DANDY SA (pontivy);2005;Eau (indirect);Demande chimique en oxygène (DCO);201000;kg/an
0005501975;GALLAIS VIANDES;2005;Eau (indirect);Carbone organique total (en tant que C total ou DCO/3);55500;kg/an
0005501975;GALLAIS VIANDES;2005;Eau (indirect);Demande biologique en oxygène (DBO5);103000;kg/an
0005501975;GALLAIS VIANDES;2005;Eau (indirect);Demande chimique en oxygène (DCO);167000;kg/an
0005501978;SOCIETE LAITIERE DU BLAVET;2005;Eau (indirect);Demande biologique en oxygène (DBO5);66400;kg/an
0005502044;CEPROVIA;2005;Eau (indirect);Carbone organique total (en tant que C total ou DCO/3);288000;kg/an
0005502044;CEPROVIA;2005;Eau (indirect);Demande biologique en oxygène (DBO5);529000;kg/an
0005502044;CEPROVIA;2005;Eau (indirect);Demande chimique en oxygène (DCO);864000;kg/an
0005502044;CEPROVIA;2005;Eau (indirect);Matières en suspension (MES);307000;kg/an
0005502048;SATS - GROUPE METALIA;2005;Air;Chrome et composés (exprimés en tant que Cr);415;kg/an
0005502048;SATS - GROUPE METALIA;2005;Air;Composés organiques volatils non méthaniques (COVNM);47000;kg/an
0005502048;SATS - GROUPE METALIA;2005;Air;Plomb et composés (exprimés en tant que Pb);1730;kg/an
0005502060;Michel ROBICHON SAS;2005;Air;Hydrochlorofluorocarbures (HCFC);1940;kg/an
0005502060;Michel ROBICHON SAS;2005;Eau (indirect);Demande biologique en oxygène (DBO5);44700;kg/an
0005502077;CELVIA SERENT;2005;Eau (indirect);Carbone organique total (en tant que C total ou DCO/3);144000;kg/an
0005502077;CELVIA SERENT;2005;Eau (indirect);Demande biologique en oxygène (DBO5);281000;kg/an
0005502077;CELVIA SERENT;2005;Eau (indirect);Demande chimique en oxygène (DCO);433000;kg/an
0005502078;SNC SALAISONS CELTIQUES;2005;Eau (indirect);Carbone organique total (en tant que C total ou DCO/3);76600;kg/an
0005502078;SNC SALAISONS CELTIQUES;2005;Eau (indirect);Demande biologique en oxygène (DBO5);146000;kg/an
0005502078;SNC SALAISONS CELTIQUES;2005;Eau (indirect);Demande chimique en oxygène (DCO);230000;kg/an
0005502079;SOLEVAL France;2005;Eau (indirect);Demande biologique en oxygène (DBO5);101000;kg/an
0005502091;DELICES DE SAINT-LEONARD (Les);2005;Eau (indirect);Demande biologique en oxygène (DBO5);74700;kg/an
0005502142;MICHELIN  Vannes;2005;Eau (direct);Zinc et composés (exprimés en tant que Zn);235;kg/an
0005502171;IMERYS REFACTORY MINERALS;2005;Eau (direct);Manganèse et composés (exprimés en tant que Mn);5720;kg/an
0005502171;IMERYS REFACTORY MINERALS;2005;Eau (direct);Nickel et composés (exprimés en tant que Ni);111;kg/an
0005503317;OVOTEAM DU GRAND PLESSIS;2005;Eau (indirect);Demande biologique en oxygène (DBO5);68800;kg/an
0005503320;COOPERL ARC ATLANTIQUE;2005;Eau (indirect);Demande biologique en oxygène (DBO5);54000;kg/an
0005503324;DAUNAT SERVICES;2005;Eau (indirect);Demande biologique en oxygène (DBO5);53600;kg/an
0005503325;CONSERVES STEPHAN;2005;Eau (indirect);Carbone organique total (en tant que C total ou DCO/3);142000;kg/an
0005503325;CONSERVES STEPHAN;2005;Eau (indirect);Demande biologique en oxygène (DBO5);172000;kg/an
0005503325;CONSERVES STEPHAN;2005;Eau (indirect);Demande chimique en oxygène (DCO);425000;kg/an
0005503330;HAMEON S.A;2005;Eau (indirect);Demande biologique en oxygène (DBO5);82600;kg/an
0005503331;FARMOR;2005;Eau (indirect);Carbone organique total (en tant que C total ou DCO/3);71300;kg/an
0005503331;FARMOR;2005;Eau (indirect);Demande biologique en oxygène (DBO5);129000;kg/an
0005503331;FARMOR;2005;Eau (indirect);Demande chimique en oxygène (DCO);214000;kg/an
0005503334;FIDELE SAS;2005;Eau (indirect);Carbone organique total (en tant que C total ou DCO/3);157000;kg/an
0005503334;FIDELE SAS;2005;Eau (indirect);Demande biologique en oxygène (DBO5);250000;kg/an
0005503334;FIDELE SAS;2005;Eau (indirect);Demande chimique en oxygène (DCO);471000;kg/an
0005503335;KERVALIS ARMOR;2005;Eau (indirect);Demande biologique en oxygène (DBO5);84500;kg/an
0005503337;LES PECHERIES D ARMORIQUE;2005;Eau (indirect);Demande biologique en oxygène (DBO5);46000;kg/an
0005503343;STEP des Landes d'ifflets;2005;Eau (direct);Demande biologique en oxygène (DBO5);84600;kg/an
0005503370;Sté Fromagère de Retiers;2005;Eau (indirect);Carbone organique total (en tant que C total ou DCO/3);115000;kg/an
0005503370;Sté Fromagère de Retiers;2005;Eau (indirect);Demande biologique en oxygène (DBO5);122000;kg/an
0005503370;Sté Fromagère de Retiers;2005;Eau (indirect);Demande chimique en oxygène (DCO);344000;kg/an
0005503371;Sté Beurrière de Retiers;2005;Eau (indirect);Carbone organique total (en tant que C total ou DCO/3);147000;kg/an
0005503371;Sté Beurrière de Retiers;2005;Eau (indirect);Demande biologique en oxygène (DBO5);232000;kg/an
0005503371;Sté Beurrière de Retiers;2005;Eau (indirect);Demande chimique en oxygène (DCO);441000;kg/an
0005503420;HARDY ROUX Développement;2005;Air;Composés organiques volatils non méthaniques (COVNM);34500;kg/an
0005503421;HIRSCH FRANCE;2005;Air;Composés organiques volatils non méthaniques (COVNM);138000;kg/an
0005503428;Station d'épuration Socalys;2005;Eau (direct);Carbone organique total (en tant que C total ou DCO/3);232000;kg/an
0005503428;Station d'épuration Socalys;2005;Eau (direct);Demande biologique en oxygène (DBO5);406000;kg/an
0005503428;Station d'épuration Socalys;2005;Eau (direct);Demande chimique en oxygène (DCO);696000;kg/an
0005503522;SANDEN MANUFACTURING EUROPE;2005;Air;Hydroflurocarbures (HFC);608;kg/an
0005503548;PEP;2005;Eau (indirect);Demande biologique en oxygène (DBO5);49700;kg/an
0005503558;SYSEM (CET2 SARZEAU)en post exploitation;2005;Air;Méthane (CH4);493000;kg/an
0005503619;ELIS LOCALINGE;2005;Eau (indirect);Carbone organique total (en tant que C total ou DCO/3);87000;kg/an
0005503619;ELIS LOCALINGE;2005;Eau (indirect);Demande biologique en oxygène (DBO5);63300;kg/an
0005503680;SAVE;2005;Air;Dioxyde de carbone (CO2) d'origine biomasse;14000000;kg/an
0005503680;SAVE;2005;Air;1,4-dioxane;0.000004;kg/an
0005503680;SAVE;2005;Air;Acide fluorhydrique (flurorure d'hydrogène);60;kg/an
0005503680;SAVE;2005;Air;Antimoine et composés (exprimés en tant que Sb);0.6;kg/an
0005503680;SAVE;2005;Air;Chlore;600;kg/an
0005503680;SAVE;2005;Air;Cobalt et composés (exprimés en tant que Co);2;kg/an
0005503726;GEVAL;2005;Air;Méthane (CH4);252000;kg/an
0005503729;SUEZ RV Ouest;2005;Air;Méthane (CH4);1030000;kg/an
0005503773;MANE LYRAZ;2005;Air;Acétaldéhyde (aldéhyde acétique  éthanal);5;kg/an
0005503775;SOCIETE FROMAGERE DE PONTIVY;2005;Eau (indirect);Carbone organique total (en tant que C total ou DCO/3);76100;kg/an
0005503775;SOCIETE FROMAGERE DE PONTIVY;2005;Eau (indirect);Demande biologique en oxygène (DBO5);127000;kg/an
0005503775;SOCIETE FROMAGERE DE PONTIVY;2005;Eau (indirect);Demande chimique en oxygène (DCO);228000;kg/an
0005503896;SOCIETE LAITIERE DES VOLCANS D'AUVERGNE, toury;2005;Eau (indirect);Demande biologique en oxygène (DBO5);54300;kg/an
0005503903;DELICES DU VAL PLESSIS;2005;Eau (indirect);Carbone organique total (en tant que C total ou DCO/3);93600;kg/an
0005503903;DELICES DU VAL PLESSIS;2005;Eau (indirect);Demande biologique en oxygène (DBO5);165000;kg/an
0005503903;DELICES DU VAL PLESSIS;2005;Eau (indirect);Demande chimique en oxygène (DCO);281000;kg/an
0005503907;PEP CASSERIE;2005;Eau (indirect);Carbone organique total (en tant que C total ou DCO/3);127000;kg/an
0005503907;PEP CASSERIE;2005;Eau (indirect);Demande biologique en oxygène (DBO5);270000;kg/an
0005503907;PEP CASSERIE;2005;Eau (indirect);Demande chimique en oxygène (DCO);381000;kg/an
0005503910;GALLIANCE Elaboré;2005;Eau (indirect);Carbone organique total (en tant que C total ou DCO/3);140000;kg/an
0005503910;GALLIANCE Elaboré;2005;Eau (indirect);Demande biologique en oxygène (DBO5);239000;kg/an
0005503910;GALLIANCE Elaboré;2005;Eau (indirect);Demande chimique en oxygène (DCO);420000;kg/an
0005504149;Mc BRIDE;2005;Air;Composés organiques volatils non méthaniques (COVNM);55700;kg/an
0005504391;Sanofi Chimie;2005;Air;Méthanol (alcool méthylique);3210;kg/an
0005504450;STATION D'EPURATION DE LA GACILLY;2005;Eau (indirect);Carbone organique total (en tant que C total ou DCO/3);102000;kg/an
0005504450;STATION D'EPURATION DE LA GACILLY;2005;Eau (indirect);Demande biologique en oxygène (DBO5);122000;kg/an
0005504450;STATION D'EPURATION DE LA GACILLY;2005;Eau (indirect);Demande chimique en oxygène (DCO);307000;kg/an
0005504461;Unité de dépollution;2005;Eau (indirect);Carbone organique total (en tant que C total ou DCO/3);130000;kg/an
0005504461;Unité de dépollution;2005;Eau (indirect);Demande biologique en oxygène (DBO5);197000;kg/an
0005504461;Unité de dépollution;2005;Eau (indirect);Demande chimique en oxygène (DCO);389000;kg/an
0005504462;Unité de Dépollution;2005;Eau (direct);Carbone organique total (en tant que C total ou DCO/3);155000;kg/an
0005504462;Unité de Dépollution;2005;Eau (direct);Demande biologique en oxygène (DBO5);265000;kg/an
0005504462;Unité de Dépollution;2005;Eau (direct);Demande chimique en oxygène (DCO);466000;kg/an
0005504462;Unité de Dépollution;2005;Eau (direct);Phosphore total;120000;kg/an
0005505063;OGER NUANCIERS;2005;Air;Composés organiques volatils non méthaniques (COVNM);218000;kg/an
0005506973;PALMIPLUME;2005;Eau (indirect);Carbone organique total (en tant que C total ou DCO/3);104000;kg/an
0005506973;PALMIPLUME;2005;Eau (indirect);Demande biologique en oxygène (DBO5);190000;kg/an
0005506973;PALMIPLUME;2005;Eau (indirect);Demande chimique en oxygène (DCO);311000;kg/an
0005507239;KNAUF OUEST;2005;Air;Composés organiques volatils non méthaniques (COVNM);113000;kg/an
0005508872;BERNARD SAS (salaisons);2005;Eau (indirect);Carbone organique total (en tant que C total ou DCO/3);73900;kg/an
0005508872;BERNARD SAS (salaisons);2005;Eau (indirect);Demande biologique en oxygène (DBO5);116000;kg/an
0005508872;BERNARD SAS (salaisons);2005;Eau (indirect);Demande chimique en oxygène (DCO);222000;kg/an
0005508883;'SALAISONS DU GUEMENE ''TRISKEL''';2005;Eau (indirect);Carbone organique total (en tant que C total ou DCO/3);64100;kg/an
0005508883;'SALAISONS DU GUEMENE ''TRISKEL''';2005;Eau (indirect);Demande biologique en oxygène (DBO5);98000;kg/an
0005508883;'SALAISONS DU GUEMENE ''TRISKEL''';2005;Eau (indirect);Demande chimique en oxygène (DCO);192000;kg/an
0005511026;SAS CENTRE D'ABATTAGE DE DINDES DU FAOUET;2005;Eau (indirect);Carbone organique total (en tant que C total ou DCO/3);97900;kg/an
0005511026;SAS CENTRE D'ABATTAGE DE DINDES DU FAOUET;2005;Eau (indirect);Demande biologique en oxygène (DBO5);132000;kg/an
0005511026;SAS CENTRE D'ABATTAGE DE DINDES DU FAOUET;2005;Eau (indirect);Demande chimique en oxygène (DCO);294000;kg/an
0005512251;Centre de Stockage de Déchets (CSD);2005;Air;Méthane (CH4);130000;kg/an
0005512690;LE GUELLEC;2005;Air;Trichloréthylène;18300;kg/an
0005512690;LE GUELLEC;2005;Air;Tétrachloroéthylène (PER, tétrachloroéthylène);5530;kg/an
0005514248;NAVAL GROUPE (ex DCNS);2005;Air;Composés organiques volatils non méthaniques (COVNM);45000;kg/an
0005514674;BABOLAT;2005;Eau (indirect);Demande biologique en oxygène (DBO5);46800;kg/an
0005600006;AUTOBAR FLEXIBLE PACKAGING - Campine;2005;Air;Composés organiques volatils non méthaniques (COVNM);481000;kg/an
0005600007;MANITOWOC CRANE GROUP FRANCE;2005;Air;Composés organiques volatils non méthaniques (COVNM);140000;kg/an
0005600010;LUCANE;2005;Air;Cadmium et composés (exprimés en tant que Cd);11.8;kg/an
0005600010;LUCANE;2005;Air;Dioxines et furanes (PCDD + PCDF) (exprimés en iTeq);0.00271;kg/an
0005600010;LUCANE;2005;Air;Dioxyde de carbone (CO2) d'origine biomasse;26900000;kg/an
0005600010;LUCANE;2005;Air;Mercure et composés (exprimés en tant que Hg);24.8;kg/an
0005600010;LUCANE;2005;Air;Oxydes d'azote (NOx/NO2);153000;kg/an
0005600010;LUCANE;2005;Air;Acide fluorhydrique (flurorure d'hydrogène);171;kg/an
0005600010;LUCANE;2005;Air;Antimoine et composés (exprimés en tant que Sb);11.9;kg/an
0005600010;LUCANE;2005;Air;Cobalt et composés (exprimés en tant que Co);3.15;kg/an
0005600010;LUCANE;2005;Eau (direct);Fluor et ses composés (F);236;kg/an
0005600022;ADISSEO FRANCE S.A.S;2005;Air;Chlorure de vinyle (chloroéthène);4980;kg/an
0005600022;ADISSEO FRANCE S.A.S;2005;Air;Composés organiques volatils non méthaniques (COVNM);1570000;kg/an
0005600022;ADISSEO FRANCE S.A.S;2005;Air;Dichlorométhane (DCM, chlorure de méthylène);11700;kg/an
0005600022;ADISSEO FRANCE S.A.S;2005;Air;Hydrochlorofluorocarbures (HCFC);617;kg/an
0005600022;ADISSEO FRANCE S.A.S;2005;Air;Oxydes d'azote (NOx/NO2);252000;kg/an
0005600022;ADISSEO FRANCE S.A.S;2005;Air;1,3-butadiène;3880;kg/an
0005600022;ADISSEO FRANCE S.A.S;2005;Air;Acide fluorhydrique (flurorure d'hydrogène);11;kg/an
0005600022;ADISSEO FRANCE S.A.S;2005;Air;Méthanol (alcool méthylique);458000;kg/an
0005600022;ADISSEO FRANCE S.A.S;2005;Eau (direct);Arsenic et composés (exprimés en tant que As);23.7;kg/an
0005600022;ADISSEO FRANCE S.A.S;2005;Eau (direct);Carbone organique total (en tant que C total ou DCO/3);125000;kg/an
0005600022;ADISSEO FRANCE S.A.S;2005;Eau (direct);Chlorures (en tant que Cl total);3590000;kg/an
0005600022;ADISSEO FRANCE S.A.S;2005;Eau (direct);Composés organohalogénés (exprimés en tant que AOX);1520;kg/an
0005600022;ADISSEO FRANCE S.A.S;2005;Eau (direct);Demande chimique en oxygène (DCO);375000;kg/an
0005600022;ADISSEO FRANCE S.A.S;2005;Eau (direct);Dichlorométhane (DCM, chlorure de méthylène);237;kg/an
0005600022;ADISSEO FRANCE S.A.S;2005;Eau (direct);Nickel et composés (exprimés en tant que Ni);33.2;kg/an
0005600022;ADISSEO FRANCE S.A.S;2005;Eau (direct);Phénols (en tant que C total);157;kg/an
0005600022;ADISSEO FRANCE S.A.S;2005;Eau (direct);Plomb et composés (exprimés en tant que Pb);23.7;kg/an
0005600022;ADISSEO FRANCE S.A.S;2005;Eau (direct);Sulfates;3750000;kg/an
0005600022;ADISSEO FRANCE S.A.S;2005;Eau (direct);Fluor et ses composés (F);417;kg/an
0005600023;ERASTEEL SAS;2005;Air;Zinc et composés (exprimés en tant que Zn);853;kg/an
0005600023;ERASTEEL SAS;2005;Air;Cobalt et composés (exprimés en tant que Co);24;kg/an
0005600023;ERASTEEL SAS;2005;Eau (direct);Cobalt et composés (exprimés en tant que Co);24;kg/an
0005600024;VICAT SA;2005;Air;Cadmium et composés (exprimés en tant que Cd);12.8;kg/an
0005600024;VICAT SA;2005;Air;Composés organiques volatils non méthaniques (COVNM);51600;kg/an
0005600024;VICAT SA;2005;Air;Dioxyde de carbone (CO2) d'origine biomasse;26800000;kg/an
0005600024;VICAT SA;2005;Air;Mercure et composés (exprimés en tant que Hg);14;kg/an
0005600024;VICAT SA;2005;Air;Oxydes d'azote (NOx/NO2);355000;kg/an
0005600027;COSMETIQUE ACTIVE PRODUCTION;2005;Eau (indirect);Carbone organique total (en tant que C total ou DCO/3);148000;kg/an
0005600027;COSMETIQUE ACTIVE PRODUCTION;2005;Eau (indirect);Demande biologique en oxygène (DBO5);167000;kg/an
0005600027;COSMETIQUE ACTIVE PRODUCTION;2005;Eau (indirect);Demande chimique en oxygène (DCO);444000;kg/an
0005600040;SAGEM DEFENSE SECURITE SA;2005;Air;Trichloréthylène;4480;kg/an
0005600040;SAGEM DEFENSE SECURITE SA;2005;Air;Acide fluorhydrique (flurorure d'hydrogène);13;kg/an
0005600040;SAGEM DEFENSE SECURITE SA;2005;Eau (direct);Acide fluorhydrique (flurorure d'hydrogène);78;kg/an
0005600041;PEUGEOT CITROEN AUTOMOBILES S.A.;2005;Air;Composés organiques volatils non méthaniques (COVNM);37700;kg/an
0005600041;PEUGEOT CITROEN AUTOMOBILES S.A.;2005;Eau (direct);Nickel et composés (exprimés en tant que Ni);41.1;kg/an
0005600050;ELMADUC ANODISATION;2005;Eau (direct);Nickel et composés (exprimés en tant que Ni);21;kg/an
0005600060;COVED SA - ISDND de Maillet;2005;Air;Méthane (CH4);605000;kg/an
0005600068;ALL CHEM;2005;Air;Composés organiques volatils non méthaniques (COVNM);57100;kg/an
0005600136;QUALIPAC AURILLAC;2005;Eau (direct);Nickel et composés (exprimés en tant que Ni);28.3;kg/an
0005600149;IMERYS FILTRATION FRANCE;2005;Air;Oxydes de soufre (SOx/SO2);164000;kg/an
0005600162;LALLEMAND SAS;2005;Eau (indirect);Demande biologique en oxygène (DBO5);49800;kg/an
0005600166;MENUISERIES DU CENTRE SAS;2005;Air;Composés organiques volatils non méthaniques (COVNM);201000;kg/an
0005600174;MFP MICHELIN;2005;Air;Composés organiques volatils non méthaniques (COVNM);40000;kg/an
0005600197;TANNERIES DU PUY SAS;2005;Air;Composés organiques volatils non méthaniques (COVNM);50800;kg/an
0005600197;TANNERIES DU PUY SAS;2005;Air;Aldéhyde formique (formaldéhyde);1390;kg/an
0005600197;TANNERIES DU PUY SAS;2005;Eau (indirect);Carbone organique total (en tant que C total ou DCO/3);74300;kg/an
0005600197;TANNERIES DU PUY SAS;2005;Eau (indirect);Chrome et composés (exprimés en tant que Cr);675;kg/an
0005600197;TANNERIES DU PUY SAS;2005;Eau (indirect);Demande biologique en oxygène (DBO5);128000;kg/an
0005600197;TANNERIES DU PUY SAS;2005;Eau (indirect);Demande chimique en oxygène (DCO);223000;kg/an
0005600197;TANNERIES DU PUY SAS;2005;Eau (indirect);Fer et composés (exprimés en tant que Fe);26300;kg/an
0005600197;TANNERIES DU PUY SAS;2005;Eau (direct);Ammoniac (NH3);660;kg/an
0005600219;RECTICEL SAS;2005;Air;Dichlorométhane (DCM, chlorure de méthylène);26800;kg/an
0005600220;BARBIER CHAVANON;2005;Air;Composés organiques volatils non méthaniques (COVNM);57400;kg/an
0005600231;cgp MULTISAC;2005;Air;Composés organiques volatils non méthaniques (COVNM);66000;kg/an
0005600243;VALEO SYSTEMES DE CONTROLE MOTEUR;2005;Air;Composés organiques volatils non méthaniques (COVNM);60000;kg/an
0005600245;FAREVA LA VALLEE;2005;Air;Composés organiques volatils non méthaniques (COVNM);61900;kg/an
0005600257;LEYGATECH;2005;Air;Composés organiques volatils non méthaniques (COVNM);96000;kg/an
0005600262;STTP - EMBALLAGE;2005;Air;Composés organiques volatils non méthaniques (COVNM);210000;kg/an
0005600263;RIBEYRON;2005;Air;Composés organiques volatils non méthaniques (COVNM);80300;kg/an
0005600264;GUERIN PLASTIQUES SA;2005;Air;Composés organiques volatils non méthaniques (COVNM);93300;kg/an
0005600266;BARBIER LA GUIDE;2005;Air;Composés organiques volatils non méthaniques (COVNM);160000;kg/an
0005600267;PEM;2005;Eau (direct);Nickel et composés (exprimés en tant que Ni);109;kg/an
0005600268;PEM;2005;Air;Acide cyanhydrique (HCN);321;kg/an
0005600268;PEM;2005;Eau (direct);Nickel et composés (exprimés en tant que Ni);43.4;kg/an
0005600289;AUBERT & DUVAL ALLIAGES;2005;Air;Cadmium et composés (exprimés en tant que Cd);94;kg/an
0005600289;AUBERT & DUVAL ALLIAGES;2005;Air;Chrome et composés (exprimés en tant que Cr);8450;kg/an
0005600289;AUBERT & DUVAL ALLIAGES;2005;Air;Cuivre et composés (exprimés en tant que Cu);243;kg/an
0005600289;AUBERT & DUVAL ALLIAGES;2005;Air;Manganèse et composés (exprimés en tant que Mn);16200;kg/an
0005600289;AUBERT & DUVAL ALLIAGES;2005;Air;Nickel et composés (exprimés en tant que Ni);4330;kg/an
0005600289;AUBERT & DUVAL ALLIAGES;2005;Air;Plomb et composés (exprimés en tant que Pb);528;kg/an
0005600289;AUBERT & DUVAL ALLIAGES;2005;Air;Poussières totales;335000;kg/an
0005600289;AUBERT & DUVAL ALLIAGES;2005;Air;Zinc et composés (exprimés en tant que Zn);2580;kg/an
0005600289;AUBERT & DUVAL ALLIAGES;2005;Air;Acide fluorhydrique (flurorure d'hydrogène);28.1;kg/an
0005600289;AUBERT & DUVAL ALLIAGES;2005;Air;Chlore;103;kg/an
0005600289;AUBERT & DUVAL ALLIAGES;2005;Air;Cobalt et composés (exprimés en tant que Co);104;kg/an
0005600289;AUBERT & DUVAL ALLIAGES;2005;Air;Etain et composés (exprimés en tant que Sn);44.8;kg/an
0005600289;AUBERT & DUVAL ALLIAGES;2005;Air;Phénols (en tant que C total);179;kg/an
0005600328;MFP MICHELIN - Site de Cataroux;2005;Air;Composés organiques volatils non méthaniques (COVNM);113000;kg/an
0005600328;MFP MICHELIN - Site de Cataroux;2005;Air;1,3-butadiène;359;kg/an
0005600332;MANUF FRANC PNEUMATIQ MICHELIN;2005;Air;Composés organiques volatils non méthaniques (COVNM);104000;kg/an
0005600334;CRISTAL UNION;2005;Sol;Carbone organique total (en tant que C total ou DCO/3);56400;kg/an
0005600334;CRISTAL UNION;2005;Sol;Demande biologique en oxygène (DBO5);72900;kg/an
0005600334;CRISTAL UNION;2005;Sol;Demande chimique en oxygène (DCO);169000;kg/an
0005600368;AUBERT & DUVAL Issoire;2005;Air;Fluor et ses composés (F);159;kg/an
0005600368;AUBERT & DUVAL Issoire;2005;Eau (direct);Fluor et ses composés (F);3.5;kg/an
0005600369;VALEO SYSTEMES D'ESSUYAGE;2005;Air;Composés organiques volatils non méthaniques (COVNM);31100;kg/an
0005600369;VALEO SYSTEMES D'ESSUYAGE;2005;Air;Acide fluorhydrique (flurorure d'hydrogène);12.5;kg/an
0005600369;VALEO SYSTEMES D'ESSUYAGE;2005;Air;Fluor et ses composés (F);12.2;kg/an
0005600369;VALEO SYSTEMES D'ESSUYAGE;2005;Eau (direct);Acide fluorhydrique (flurorure d'hydrogène);434;kg/an
0005600369;VALEO SYSTEMES D'ESSUYAGE;2005;Eau (direct);Fluor et ses composés (F);434;kg/an
0005600372;CONSTELLIUM ISSOIRE;2005;Air;Composés organiques volatils non méthaniques (COVNM);111000;kg/an
0005600372;CONSTELLIUM ISSOIRE;2005;Eau (direct);Chrome et composés (exprimés en tant que Cr);240;kg/an
0005600372;CONSTELLIUM ISSOIRE;2005;Eau (direct);Cuivre et composés (exprimés en tant que Cu);360;kg/an
0005600372;CONSTELLIUM ISSOIRE;2005;Eau (direct);Nickel et composés (exprimés en tant que Ni);256;kg/an
0005600372;CONSTELLIUM ISSOIRE;2005;Eau (direct);Zinc et composés (exprimés en tant que Zn);722;kg/an
0005600372;CONSTELLIUM ISSOIRE;2005;Eau (direct);Chlore;188000;kg/an
0005600377;SAIPOL;2005;Air;Composés organiques volatils non méthaniques (COVNM);114000;kg/an
0005600390;PAPETERIES DE GIROUX  SA;2005;Eau (direct);Carbone organique total (en tant que C total ou DCO/3);108000;kg/an
0005600390;PAPETERIES DE GIROUX  SA;2005;Eau (direct);Demande biologique en oxygène (DBO5);201000;kg/an
0005600390;PAPETERIES DE GIROUX  SA;2005;Eau (direct);Demande chimique en oxygène (DCO);324000;kg/an
0005600392;ADIAMAS;2005;Air;Tétrachloroéthylène (PER, tétrachloroéthylène);5700;kg/an
0005600419;ROCKWOOL FRANCE SAS;2005;Air;Ammoniac (NH3);165000;kg/an
0005600419;ROCKWOOL FRANCE SAS;2005;Air;Monoxyde de carbone (CO);3420000;kg/an
0005600419;ROCKWOOL FRANCE SAS;2005;Air;Oxydes de soufre (SOx/SO2);580000;kg/an
0005600419;ROCKWOOL FRANCE SAS;2005;Air;Aldéhyde formique (formaldéhyde);5430;kg/an
0005600419;ROCKWOOL FRANCE SAS;2005;Air;Phénols (en tant que C total);11000;kg/an
0005600463;SANOFI CHIMIE;2005;Air;Composés organiques volatils non méthaniques (COVNM);790000;kg/an
0005600463;SANOFI CHIMIE;2005;Eau (direct);Carbone organique total (en tant que C total ou DCO/3);1240000;kg/an
0005600463;SANOFI CHIMIE;2005;Eau (direct);Demande biologique en oxygène (DBO5);1700000;kg/an
0005600463;SANOFI CHIMIE;2005;Eau (direct);Demande chimique en oxygène (DCO);3710000;kg/an
0005600467;Société des Eaux de VOLVIC;2005;Eau (indirect);Carbone organique total (en tant que C total ou DCO/3);351000;kg/an
0005600467;Société des Eaux de VOLVIC;2005;Eau (indirect);Demande biologique en oxygène (DBO5);461000;kg/an
0005600467;Société des Eaux de VOLVIC;2005;Eau (indirect);Demande chimique en oxygène (DCO);1050000;kg/an
0005601311;SOCOPA VIANDES;2005;Eau (direct);Azote total;74700;kg/an
0005601311;SOCOPA VIANDES;2005;Eau (direct);Carbone organique total (en tant que C total ou DCO/3);399000;kg/an
0005601311;SOCOPA VIANDES;2005;Eau (direct);Demande biologique en oxygène (DBO5);514000;kg/an
0005601311;SOCOPA VIANDES;2005;Eau (direct);Demande chimique en oxygène (DCO);1200000;kg/an
0005601311;SOCOPA VIANDES;2005;Eau (direct);Matières en suspension (MES);578000;kg/an
0005601311;SOCOPA VIANDES;2005;Eau (direct);Phosphore total;140000;kg/an
0005601318;LES FROMAGERIES OCCITANES;2005;Eau (direct);Carbone organique total (en tant que C total ou DCO/3);310000;kg/an
0005601318;LES FROMAGERIES OCCITANES;2005;Eau (direct);Demande biologique en oxygène (DBO5);439000;kg/an
0005601318;LES FROMAGERIES OCCITANES;2005;Eau (direct);Demande chimique en oxygène (DCO);930000;kg/an
0005601318;LES FROMAGERIES OCCITANES;2005;Eau (direct);Phosphore total;24500;kg/an
0005601324;LES FROMAGERIES OCCITANES;2005;Eau (direct);Carbone organique total (en tant que C total ou DCO/3);52900;kg/an
0005601324;LES FROMAGERIES OCCITANES;2005;Eau (direct);Demande biologique en oxygène (DBO5);75300;kg/an
0005601324;LES FROMAGERIES OCCITANES;2005;Eau (direct);Demande chimique en oxygène (DCO);159000;kg/an
0005601327;SICTOM Entre Monts et Vallées;2005;Air;Méthane (CH4);165000;kg/an
0005601337;ENTREMONT ALLIANCE Site du Velay;2005;Eau (direct);Carbone organique total (en tant que C total ou DCO/3);138000;kg/an
0005601337;ENTREMONT ALLIANCE Site du Velay;2005;Eau (direct);Demande biologique en oxygène (DBO5);186000;kg/an
0005601337;ENTREMONT ALLIANCE Site du Velay;2005;Eau (direct);Demande chimique en oxygène (DCO);415000;kg/an
0005601337;ENTREMONT ALLIANCE Site du Velay;2005;Eau (direct);Phosphore total;5270;kg/an
0005601394;ALPROD;2005;Air;Composés organiques volatils non méthaniques (COVNM);144000;kg/an
0005601405;BONILAIT PROTEINES SA;2005;Air;Nickel et composés (exprimés en tant que Ni);142;kg/an
0005600326;TRELLEBORG INDUSTRIE;2005;Air;Composés organiques volatils non méthaniques (COVNM);177000;kg/an
0005600326;TRELLEBORG INDUSTRIE;2005;Eau (direct);Zinc et composés (exprimés en tant que Zn);157;kg/an
0005601500;JACQUET PANIFICATION;2005;Eau (indirect);Demande biologique en oxygène (DBO5);62100;kg/an
0005601635;VALTOM;2005;Air;Dioxyde de carbone (CO2) d'origine biomasse;11300000;kg/an
0005601635;VALTOM;2005;Air;Méthane (CH4);829000;kg/an
0005601637;SICTOM DES COMBRAILLES;2005;Air;Méthane (CH4);290000;kg/an
0005601646;VALTOM;2005;Air;Méthane (CH4);363000;kg/an
0005700795;EDILIANS;2005;Eau (direct);Mercure et composés (exprimés en tant que Hg);7.31;kg/an
0005701054;MAGOTTEAUX S.A.;2005;Air;Antimoine et composés (exprimés en tant que Sb);0.5;kg/an
0005701054;MAGOTTEAUX S.A.;2005;Air;Cobalt et composés (exprimés en tant que Co);0.2;kg/an
0005701054;MAGOTTEAUX S.A.;2005;Air;Etain et composés (exprimés en tant que Sn);2.5;kg/an
0005701080;ARCAVI SAEM;2005;Air;Méthane (CH4);471000;kg/an
0005701082;TREFIMETAUX SAS;2005;Air;Monoxyde de carbone (CO);608000;kg/an
0005701082;TREFIMETAUX SAS;2005;Eau (direct);Arsenic et composés (exprimés en tant que As);7;kg/an
0005701082;TREFIMETAUX SAS;2005;Eau (direct);Cuivre et composés (exprimés en tant que Cu);152;kg/an
0005701085;ARDENITY;2005;Air;Aniline;30;kg/an
0005701085;ARDENITY;2005;Eau (direct);Aniline;1.64;kg/an
0005701102;SOCIETE METALLURGIQUE DES ARDENNES;2005;Air;Chlore;1820;kg/an
0005701128;PEUGEOT CITROEN MECANIQUE DE L'EST SNC;2005;Air;Acide cyanhydrique (HCN);684;kg/an
0005701128;PEUGEOT CITROEN MECANIQUE DE L'EST SNC;2005;Air;Composés organiques volatils non méthaniques (COVNM);413000;kg/an
0005701128;PEUGEOT CITROEN MECANIQUE DE L'EST SNC;2005;Air;Cuivre et composés (exprimés en tant que Cu);233;kg/an
0005701128;PEUGEOT CITROEN MECANIQUE DE L'EST SNC;2005;Air;Dioxyde de carbone (CO2) d'origine biomasse;39800000;kg/an
0005701128;PEUGEOT CITROEN MECANIQUE DE L'EST SNC;2005;Air;Oxydes d'azote (NOx/NO2);100000;kg/an
0005701128;PEUGEOT CITROEN MECANIQUE DE L'EST SNC;2005;Air;Zinc et composés (exprimés en tant que Zn);1300;kg/an
0005701128;PEUGEOT CITROEN MECANIQUE DE L'EST SNC;2005;Air;Phénols (en tant que C total);90.1;kg/an
0005701128;PEUGEOT CITROEN MECANIQUE DE L'EST SNC;2005;Eau (direct);Zinc et composés (exprimés en tant que Zn);276;kg/an
0005701131;INVICTA GROUP;2005;Air;Composés organiques volatils non méthaniques (COVNM);36300;kg/an
0005701131;INVICTA GROUP;2005;Air;Monoxyde de carbone (CO);761000;kg/an
0005701139;DELPHI SITE DE DONCHERY;2005;Air;Acide fluorhydrique (flurorure d'hydrogène);7.7;kg/an
0005701149;TARKETT France;2005;Air;Composés organiques volatils non méthaniques (COVNM);63400;kg/an
0005701149;TARKETT France;2005;Air;Dichlorométhane (DCM, chlorure de méthylène);1750;kg/an
0005701149;TARKETT France;2005;Eau (indirect);Carbone organique total (en tant que C total ou DCO/3);113000;kg/an
0005701149;TARKETT France;2005;Eau (indirect);Composés organohalogénés (exprimés en tant que AOX);6760;kg/an
0005701149;TARKETT France;2005;Eau (indirect);Demande biologique en oxygène (DBO5);58600;kg/an
0005701149;TARKETT France;2005;Eau (indirect);Demande chimique en oxygène (DCO);338000;kg/an
0005701159;FTS-JARDINIER MASSARD;2005;Eau (direct);Chrome et composés (exprimés en tant que Cr);68;kg/an
0005701159;FTS-JARDINIER MASSARD;2005;Eau (direct);Nickel et composés (exprimés en tant que Ni);26;kg/an
0005701177;LUZEAL;2005;Air;Cadmium et composés (exprimés en tant que Cd);12.1;kg/an
0005701177;LUZEAL;2005;Air;Chrome et composés (exprimés en tant que Cr);235;kg/an
0005701177;LUZEAL;2005;Air;Composés organiques volatils non méthaniques (COVNM);133000;kg/an
0005701177;LUZEAL;2005;Air;Mercure et composés (exprimés en tant que Hg);19.7;kg/an
0005701177;LUZEAL;2005;Air;Oxydes de soufre (SOx/SO2);163000;kg/an
0005701177;LUZEAL;2005;Air;Oxydes d'azote (NOx/NO2);120000;kg/an
0005701177;LUZEAL;2005;Air;Plomb et composés (exprimés en tant que Pb);259;kg/an
0005701177;LUZEAL;2005;Air;Poussières totales;319000;kg/an
0005701177;LUZEAL;2005;Air;Zinc et composés (exprimés en tant que Zn);523;kg/an
0005701177;LUZEAL;2005;Air;Antimoine et composés (exprimés en tant que Sb);142;kg/an
0005701177;LUZEAL;2005;Air;Cobalt et composés (exprimés en tant que Co);13;kg/an
0005701177;LUZEAL;2005;Air;Etain et composés (exprimés en tant que Sn);40.7;kg/an
0005701177;LUZEAL;2005;Sol;Carbone organique total (en tant que C total ou DCO/3);151000;kg/an
0005701177;LUZEAL;2005;Sol;Demande biologique en oxygène (DBO5);110000;kg/an
0005701177;LUZEAL;2005;Sol;Demande chimique en oxygène (DCO);452000;kg/an
0005701180;ISDND SOMMAUTHE;2005;Air;Méthane (CH4);112000;kg/an
0005701186;FAURECIA AUTOMOTIVE INDUSTRIE;2005;Air;Composés organiques volatils non méthaniques (COVNM);193000;kg/an
0005701236;LAFIS BOLOGNE;2005;Air;Acide fluorhydrique (flurorure d'hydrogène);111;kg/an
0005701236;LAFIS BOLOGNE;2005;Eau (direct);Nickel et composés (exprimés en tant que Ni);57.4;kg/an
0005701236;LAFIS BOLOGNE;2005;Eau (direct);Acide fluorhydrique (flurorure d'hydrogène);939;kg/an
0005701238;FBM - Fonderie;2005;Air;Zinc et composés (exprimés en tant que Zn);1870;kg/an
0005701241;HOMATHERM FRANCE;2005;Air;Aldéhyde formique (formaldéhyde);27000;kg/an
0005701247;CLAS GALVAPLAST;2005;Eau (direct);Nickel et composés (exprimés en tant que Ni);70;kg/an
0005701249;KAMINSKI France;2005;Air;Chlore;762;kg/an
0005701253;SAINT-GOBAIN PAM;2005;Air;Composés organiques volatils non méthaniques (COVNM);336000;kg/an
0005701254;FREUDENBERG SEALING TECHNOLOGIE S.A.S.;2005;Air;Composés organiques volatils non méthaniques (COVNM);52700;kg/an
0005701277;FERRO FRANCE;2005;Air;Oxydes d'azote (NOx/NO2);161000;kg/an
0005701277;FERRO FRANCE;2005;Air;Fluor et ses composés (F);312;kg/an
0005701277;FERRO FRANCE;2005;Eau (direct);Fluor et ses composés (F);106;kg/an
0005701280;ETILAM;2005;Air;Composés organiques volatils non méthaniques (COVNM);34800;kg/an
0005701280;ETILAM;2005;Air;Aldéhyde formique (formaldéhyde);4.57;kg/an
0005701290;FERRY CAPITAIN;2005;Air;Arsenic et composés (exprimés en tant que As);58;kg/an
0005701290;FERRY CAPITAIN;2005;Air;Manganèse et composés (exprimés en tant que Mn);285;kg/an
0005701290;FERRY CAPITAIN;2005;Air;Zinc et composés (exprimés en tant que Zn);846;kg/an
0005701290;FERRY CAPITAIN;2005;Sol;Naphthalène;16.3;kg/an
0005701293;FONDERIES GHM - WASSY;2005;Air;Arsenic et composés (exprimés en tant que As);28;kg/an
0005701293;FONDERIES GHM - WASSY;2005;Air;Cadmium et composés (exprimés en tant que Cd);28;kg/an
0005701293;FONDERIES GHM - WASSY;2005;Air;Cuivre et composés (exprimés en tant que Cu);736;kg/an
0005701330;3P - Produits Plastiques Performants;2005;Air;Ammoniac (NH3);33000;kg/an
0005701330;3P - Produits Plastiques Performants;2005;Air;Composés organiques volatils non méthaniques (COVNM);80100;kg/an
0005701330;3P - Produits Plastiques Performants;2005;Air;Tétrachloroéthylène (PER, tétrachloroéthylène);2500;kg/an
0005701344;ENTREMONT SODIAAL;2005;Eau (indirect);Carbone organique total (en tant que C total ou DCO/3);124000;kg/an
0005701344;ENTREMONT SODIAAL;2005;Eau (indirect);Demande biologique en oxygène (DBO5);101000;kg/an
0005701344;ENTREMONT SODIAAL;2005;Eau (indirect);Demande chimique en oxygène (DCO);372000;kg/an
0005701360;GRTgaz - Station de Voisines;2005;Air;Composés organiques volatils non méthaniques (COVNM);40400;kg/an
0005701360;GRTgaz - Station de Voisines;2005;Air;Méthane (CH4);282000;kg/an
0005701362;FARM FRITES Montigny;2005;Eau (indirect);Carbone organique total (en tant que C total ou DCO/3);176000;kg/an
0005701362;FARM FRITES Montigny;2005;Eau (indirect);Demande biologique en oxygène (DBO5);60200;kg/an
0005701362;FARM FRITES Montigny;2005;Eau (indirect);Demande chimique en oxygène (DCO);527000;kg/an
0005701362;FARM FRITES Montigny;2005;Eau (indirect);Matières en suspension (MES);394000;kg/an
0005701388;LUNDIN INTERNATIONAL;2005;Air;Composés organiques volatils non méthaniques (COVNM);37200;kg/an
0005701390;LUNDIN CHAMPAGNE;2005;Air;Composés organiques volatils non méthaniques (COVNM);62100;kg/an
0005701398;IPC Petroleum France;2005;Air;Composés organiques volatils non méthaniques (COVNM);211000;kg/an
0005701400;IPC Petroleum France;2005;Air;Composés organiques volatils non méthaniques (COVNM);79900;kg/an
0005701422;ONYX EST;2005;Air;Méthane (CH4);1370000;kg/an
0005701422;ONYX EST;2005;Eau (indirect);Arsenic et composés (exprimés en tant que As);236;kg/an
0005701428;Cristal - UnionEts de Bazancourt site de Betheniville;2005;Air;Dioxyde de carbone (CO2) d'origine biomasse;37600000;kg/an
0005701428;Cristal - UnionEts de Bazancourt site de Betheniville;2005;Air;Acétaldéhyde (aldéhyde acétique  éthanal);450;kg/an
0005701428;Cristal - UnionEts de Bazancourt site de Betheniville;2005;Sol;Cadmium et composés (exprimés en tant que Cd);5.2;kg/an
0005701428;Cristal - UnionEts de Bazancourt site de Betheniville;2005;Sol;Carbone organique total (en tant que C total ou DCO/3);1300000;kg/an
0005701428;Cristal - UnionEts de Bazancourt site de Betheniville;2005;Sol;Demande biologique en oxygène (DBO5);1780000;kg/an
0005701428;Cristal - UnionEts de Bazancourt site de Betheniville;2005;Sol;Demande chimique en oxygène (DCO);2520000;kg/an
0005701428;Cristal - UnionEts de Bazancourt site de Betheniville;2005;Sol;Mercure et composés (exprimés en tant que Hg);5.15;kg/an
0005701428;Cristal - UnionEts de Bazancourt site de Betheniville;2005;Sol;Nickel et composés (exprimés en tant que Ni);31.9;kg/an
0005701428;Cristal - UnionEts de Bazancourt site de Betheniville;2005;Sol;Plomb et composés (exprimés en tant que Pb);31.9;kg/an
0005701442;GANTOIS CLOTURES;2005;Air;Tétrachloroéthylène (PER, tétrachloroéthylène);5450;kg/an
0005701442;GANTOIS CLOTURES;2005;Air;Chlore;215;kg/an
0005701448;SITA DECTRA - decharge Pargny;2005;Air;Dioxyde de carbone (CO2) d'origine biomasse;12000000;kg/an
0005701448;SITA DECTRA - decharge Pargny;2005;Air;Méthane (CH4);368000;kg/an
0005701451;LUZEAL;2005;Air;Chrome et composés (exprimés en tant que Cr);111;kg/an
0005701451;LUZEAL;2005;Air;Composés organiques volatils non méthaniques (COVNM);54200;kg/an
0005701451;LUZEAL;2005;Air;Cuivre et composés (exprimés en tant que Cu);119;kg/an
0005701451;LUZEAL;2005;Air;Nickel et composés (exprimés en tant que Ni);139;kg/an
0005701451;LUZEAL;2005;Air;Oxydes de soufre (SOx/SO2);155000;kg/an
0005701451;LUZEAL;2005;Air;Zinc et composés (exprimés en tant que Zn);283;kg/an
0005701463;REMIVAL;2005;Air;Chlore et composés inorganiques (en tant que HCl);15200;kg/an
0005701463;REMIVAL;2005;Air;Dioxyde de carbone (CO2) d'origine biomasse;37400000;kg/an
0005701463;REMIVAL;2005;Air;Mercure et composés (exprimés en tant que Hg);15.3;kg/an
0005701463;REMIVAL;2005;Air;Oxydes d'azote (NOx/NO2);122000;kg/an
0005701463;REMIVAL;2005;Air;Antimoine et composés (exprimés en tant que Sb);2.47;kg/an
0005701467;CHARBONNEAUX BRABANT SA;2005;Air;Méthanol (alcool méthylique);104;kg/an
0005701467;CHARBONNEAUX BRABANT SA;2005;Eau (indirect);Carbone organique total (en tant que C total ou DCO/3);122000;kg/an
0005701467;CHARBONNEAUX BRABANT SA;2005;Eau (indirect);Demande biologique en oxygène (DBO5);60300;kg/an
0005701467;CHARBONNEAUX BRABANT SA;2005;Eau (indirect);Demande chimique en oxygène (DCO);366000;kg/an
0005701475;OI Manufacturing france;2005;Air;Arsenic et composés (exprimés en tant que As);264;kg/an
0005701475;OI Manufacturing france;2005;Air;Cadmium et composés (exprimés en tant que Cd);34;kg/an
0005701475;OI Manufacturing france;2005;Air;Chrome et composés (exprimés en tant que Cr);264;kg/an
0005701475;OI Manufacturing france;2005;Air;Nickel et composés (exprimés en tant que Ni);120;kg/an
0005701475;OI Manufacturing france;2005;Air;Oxydes de soufre (SOx/SO2);517000;kg/an
0005701475;OI Manufacturing france;2005;Air;Oxydes d'azote (NOx/NO2);499000;kg/an
0005701475;OI Manufacturing france;2005;Air;Plomb et composés (exprimés en tant que Pb);1640;kg/an
0005701475;OI Manufacturing france;2005;Air;Acide fluorhydrique (flurorure d'hydrogène);2270;kg/an
0005701475;OI Manufacturing france;2005;Air;Antimoine et composés (exprimés en tant que Sb);34;kg/an
0005701475;OI Manufacturing france;2005;Air;Cobalt et composés (exprimés en tant que Co);7.5;kg/an
0005701475;OI Manufacturing france;2005;Air;Etain et composés (exprimés en tant que Sn);62;kg/an
0005701477;SOCCRAM - ENGIE  RESEAUX;2005;Air;Oxydes de soufre (SOx/SO2);254000;kg/an
0005701480;VALEO SYSTEMES THERMIQUES;2005;Air;Fluor et ses composés (F);114;kg/an
0005701480;VALEO SYSTEMES THERMIQUES;2005;Eau (direct);Fluor et ses composés (F);36.7;kg/an
0005701482;BIGARD;2005;Eau (indirect);Carbone organique total (en tant que C total ou DCO/3);157000;kg/an
0005701482;BIGARD;2005;Eau (indirect);Demande biologique en oxygène (DBO5);189000;kg/an
0005701482;BIGARD;2005;Eau (indirect);Demande chimique en oxygène (DCO);472000;kg/an
0005701486;Centre Hospitalier Universitaire de Reims;2005;Eau (indirect);Demande biologique en oxygène (DBO5);83200;kg/an
0005701486;Centre Hospitalier Universitaire de Reims;2005;Eau (indirect);Demande chimique en oxygène (DCO);171000;kg/an
0005701486;Centre Hospitalier Universitaire de Reims;2005;Eau (indirect);Phosphore total;5410;kg/an
0005701486;Centre Hospitalier Universitaire de Reims;2005;Eau (indirect);Plomb et composés (exprimés en tant que Pb);35.5;kg/an
0005701486;Centre Hospitalier Universitaire de Reims;2005;Eau (indirect);Zinc et composés (exprimés en tant que Zn);434;kg/an
0005701486;Centre Hospitalier Universitaire de Reims;2005;Eau (direct);Acide cyanhydrique (HCN);0.011;kg/an
0005701486;Centre Hospitalier Universitaire de Reims;2005;Eau (direct);Chlore;63;kg/an
0005701491;OI MANUFACTURING France - Usine de REIMS FOOD;2005;Air;Cadmium et composés (exprimés en tant que Cd);27;kg/an
0005701491;OI MANUFACTURING France - Usine de REIMS FOOD;2005;Air;Oxydes de soufre (SOx/SO2);170000;kg/an
0005701491;OI MANUFACTURING France - Usine de REIMS FOOD;2005;Air;Oxydes d'azote (NOx/NO2);220000;kg/an
0005701498;CRISTAL UNION;2005;Sol;Carbone organique total (en tant que C total ou DCO/3);133000;kg/an
0005701498;CRISTAL UNION;2005;Sol;Demande biologique en oxygène (DBO5);192000;kg/an
0005701498;CRISTAL UNION;2005;Sol;Demande chimique en oxygène (DCO);365000;kg/an
0005701499;BP France;2005;Air;Composés organiques volatils non méthaniques (COVNM);43500;kg/an
0005701499;BP France;2005;Air;1,3-butadiène;56;kg/an
0005701501;GALVANOPLAST Reims;2005;Eau (direct);Nickel et composés (exprimés en tant que Ni);47.9;kg/an
0005701501;GALVANOPLAST Reims;2005;Eau (direct);Zinc et composés (exprimés en tant que Zn);367;kg/an
0005701505;AEDS TECHNOLOGIE SAS;2005;Eau (direct);Acide fluorhydrique (flurorure d'hydrogène);0.04;kg/an
0005701506;PLYSOROL INTERNATIONAL SAS;2005;Air;Dioxyde de carbone (CO2) d'origine biomasse;10600000;kg/an
0005701507;TEREOS NUTRITION ANIMALE;2005;Air;Composés organiques volatils non méthaniques (COVNM);39000;kg/an
0005701507;TEREOS NUTRITION ANIMALE;2005;Air;Nickel et composés (exprimés en tant que Ni);90.2;kg/an
0005701507;TEREOS NUTRITION ANIMALE;2005;Air;Zinc et composés (exprimés en tant que Zn);251;kg/an
0005701507;TEREOS NUTRITION ANIMALE;2005;Sol;Demande biologique en oxygène (DBO5);63900;kg/an
0005701515;TEREOS  FRANCE;2005;Air;Nickel et composés (exprimés en tant que Ni);269;kg/an
0005701515;TEREOS  FRANCE;2005;Air;Oxydes de soufre (SOx/SO2);393000;kg/an
0005701515;TEREOS  FRANCE;2005;Air;Oxydes d'azote (NOx/NO2);208000;kg/an
0005701515;TEREOS  FRANCE;2005;Sol;Azote total;66600;kg/an
0005701515;TEREOS  FRANCE;2005;Sol;Carbone organique total (en tant que C total ou DCO/3);2080000;kg/an
0005701515;TEREOS  FRANCE;2005;Sol;Demande biologique en oxygène (DBO5);3940000;kg/an
0005701515;TEREOS  FRANCE;2005;Sol;Demande chimique en oxygène (DCO);7500000;kg/an
0005701531;TEREOS STARCH & SWEETENERS EUROPE;2005;Air;Poussières totales;160000;kg/an
0005701531;TEREOS STARCH & SWEETENERS EUROPE;2005;Sol;Azote total;420000;kg/an
0005701531;TEREOS STARCH & SWEETENERS EUROPE;2005;Sol;Carbone organique total (en tant que C total ou DCO/3);7370000;kg/an
0005701531;TEREOS STARCH & SWEETENERS EUROPE;2005;Sol;Demande chimique en oxygène (DCO);9640000;kg/an
0005701531;TEREOS STARCH & SWEETENERS EUROPE;2005;Sol;Matières en suspension (MES);6880000;kg/an
0005701531;TEREOS STARCH & SWEETENERS EUROPE;2005;Sol;Phosphore total;141000;kg/an
0005701539;TEREOS NUTRITION ANIMALE;2005;Air;Composés organiques volatils non méthaniques (COVNM);37800;kg/an
0005701539;TEREOS NUTRITION ANIMALE;2005;Air;Nickel et composés (exprimés en tant que Ni);87.9;kg/an
0005701539;TEREOS NUTRITION ANIMALE;2005;Air;Zinc et composés (exprimés en tant que Zn);242;kg/an
0005701542;MEG;2005;Air;Fluor et composés inorganiques (en tant que HF);5840;kg/an
0005701543;VERALLIA-FRANCE;2005;Air;Arsenic et composés (exprimés en tant que As);117;kg/an
0005701543;VERALLIA-FRANCE;2005;Air;Cadmium et composés (exprimés en tant que Cd);47;kg/an
0005701543;VERALLIA-FRANCE;2005;Air;Chrome et composés (exprimés en tant que Cr);266;kg/an
0005701543;VERALLIA-FRANCE;2005;Air;Oxydes de soufre (SOx/SO2);340000;kg/an
0005701543;VERALLIA-FRANCE;2005;Air;Oxydes d'azote (NOx/NO2);124000;kg/an
0005701543;VERALLIA-FRANCE;2005;Air;Plomb et composés (exprimés en tant que Pb);2070;kg/an
0005701543;VERALLIA-FRANCE;2005;Air;Antimoine et composés (exprimés en tant que Sb);67.7;kg/an
0005701543;VERALLIA-FRANCE;2005;Air;Cobalt et composés (exprimés en tant que Co);3.24;kg/an
0005701543;VERALLIA-FRANCE;2005;Air;Etain et composés (exprimés en tant que Sn);309;kg/an
0005701544;TEREOS NUTRITION ANIMALE;2005;Air;Composés organiques volatils non méthaniques (COVNM);31900;kg/an
0005701544;TEREOS NUTRITION ANIMALE;2005;Air;Nickel et composés (exprimés en tant que Ni);71;kg/an
0005701544;TEREOS NUTRITION ANIMALE;2005;Air;Zinc et composés (exprimés en tant que Zn);214;kg/an
0005701552;ADM Bazancourt SASU;2005;Sol;Carbone organique total (en tant que C total ou DCO/3);334000;kg/an
0005701552;ADM Bazancourt SASU;2005;Sol;Demande biologique en oxygène (DBO5);466000;kg/an
0005701552;ADM Bazancourt SASU;2005;Sol;Demande chimique en oxygène (DCO);1000000;kg/an
0005701552;ADM Bazancourt SASU;2005;Sol;Matières en suspension (MES);333000;kg/an
0005701558;Production Textile et Plastique de la Marne;2005;Air;Acide cyanhydrique (HCN);206;kg/an
0005701563;SUEZ RV NORD EST  - Dormans;2005;Air;Dioxyde de carbone (CO2) d'origine biomasse;10800000;kg/an
0005701563;SUEZ RV NORD EST  - Dormans;2005;Air;Méthane (CH4);331000;kg/an
0005701574;NASA;2005;Air;Composés organiques volatils non méthaniques (COVNM);43200;kg/an
0005701604;DELPHARM REIMS;2005;Air;Chlorofluorocarbures (CFC);2000;kg/an
0005701609;SAS GIVAUDAN France;2005;Eau (indirect);Carbone organique total (en tant que C total ou DCO/3);323000;kg/an
0005701609;SAS GIVAUDAN France;2005;Eau (indirect);Demande chimique en oxygène (DCO);968000;kg/an
0005701671;TEREOS NUTRITION ANIMALE;2005;Air;Composés organiques volatils non méthaniques (COVNM);45900;kg/an
0005701671;TEREOS NUTRITION ANIMALE;2005;Sol;Azote total;69000;kg/an
0005701684;ECOLAB PRODUCTION FRANCE;2005;Eau (indirect);Carbone organique total (en tant que C total ou DCO/3);122000;kg/an
0005701684;ECOLAB PRODUCTION FRANCE;2005;Eau (indirect);Demande biologique en oxygène (DBO5);111000;kg/an
0005701684;ECOLAB PRODUCTION FRANCE;2005;Eau (indirect);Demande chimique en oxygène (DCO);366000;kg/an
0005701684;ECOLAB PRODUCTION FRANCE;2005;Eau (indirect);Phosphore total;14600;kg/an
0005701701;CIMENTS CALCIA;2005;Air;Dioxyde de carbone (CO2) d'origine biomasse;20500000;kg/an
0005701701;CIMENTS CALCIA;2005;Air;Mercure et composés (exprimés en tant que Hg);52;kg/an
0005701701;CIMENTS CALCIA;2005;Air;Oxydes d'azote (NOx/NO2);1330000;kg/an
0005701706;SUN DESHY;2005;Air;Composés organiques volatils non méthaniques (COVNM);101000;kg/an
0005701706;SUN DESHY;2005;Air;Oxydes de soufre (SOx/SO2);197000;kg/an
0005701706;SUN DESHY;2005;Sol;Carbone organique total (en tant que C total ou DCO/3);317000;kg/an
0005701706;SUN DESHY;2005;Sol;Demande chimique en oxygène (DCO);950000;kg/an
0005701706;SUN DESHY;2005;Sol;Matières en suspension (MES);482000;kg/an
0005701719;TEREOS FRANCE;2005;Air;Dioxyde de carbone (CO2) d'origine biomasse;40200000;kg/an
0005701719;TEREOS FRANCE;2005;Sol;Carbone organique total (en tant que C total ou DCO/3);223000;kg/an
0005701719;TEREOS FRANCE;2005;Sol;Demande biologique en oxygène (DBO5);445000;kg/an
0005701719;TEREOS FRANCE;2005;Sol;Demande chimique en oxygène (DCO);668000;kg/an
0005701726;IMERYS TC site du bois du roi;2005;Air;Fluor et ses composés (F);2580;kg/an
0005701726;IMERYS TC site du bois du roi;2005;Eau (direct);Mercure et composés (exprimés en tant que Hg);3.46;kg/an
0005701735;LUZEAL;2005;Air;Composés organiques volatils non méthaniques (COVNM);43000;kg/an
0005701735;LUZEAL;2005;Air;Nickel et composés (exprimés en tant que Ni);86;kg/an
0005701735;LUZEAL;2005;Air;Zinc et composés (exprimés en tant que Zn);238;kg/an
0005701751;LUZEAL;2005;Air;Composés organiques volatils non méthaniques (COVNM);45600;kg/an
0005701751;LUZEAL;2005;Air;Nickel et composés (exprimés en tant que Ni);113;kg/an
0005701751;LUZEAL;2005;Air;Zinc et composés (exprimés en tant que Zn);228;kg/an
0005701763;LE BRONZE ALLOYS - SUIPPES 1;2005;Air;Trichloréthylène;51100;kg/an
0005701829;Société TRICOFLEX;2005;Air;Composés organiques volatils non méthaniques (COVNM);48000;kg/an
0005701887;Mannesmann Précision Tubes France;2005;Eau (direct);Nickel et composés (exprimés en tant que Ni);21.9;kg/an
0005701908;CAPDEA -  Assencières;2005;Air;Composés organiques volatils non méthaniques (COVNM);33900;kg/an
0005701908;CAPDEA -  Assencières;2005;Air;Nickel et composés (exprimés en tant que Ni);84;kg/an
0005701910;CAPDEA - Aulnay;2005;Air;Nickel et composés (exprimés en tant que Ni);58;kg/an
0005701949;sebastien;2005;Eau (direct);Zinc et composés (exprimés en tant que Zn);300;kg/an
0005701961;Michelin MFPM;2005;Air;Composés organiques volatils non méthaniques (COVNM);177000;kg/an
0005701963;SINIAT;2005;Air;Composés organiques volatils non méthaniques (COVNM);192000;kg/an
0005701965;ACCURIDE;2005;Air;Composés organiques volatils non méthaniques (COVNM);233000;kg/an
0005701965;ACCURIDE;2005;Eau (direct);Nickel et composés (exprimés en tant que Ni);38.5;kg/an
0005701974;ICOA - Crancey;2005;Air;Dichlorométhane (DCM, chlorure de méthylène);30500;kg/an
0005702103;PETIT BATEAU;2005;Eau (indirect);Mercure et composés (exprimés en tant que Hg);1.17;kg/an
0005702104;ASSAABLOY AUBE ANJOU;2005;Eau (direct);Chlore;9000;kg/an
0005702106;FRANCE TEINTURE (ex. T.D.C.);2005;Eau (indirect);Carbone organique total (en tant que C total ou DCO/3);71700;kg/an
0005702106;FRANCE TEINTURE (ex. T.D.C.);2005;Eau (indirect);Cuivre et composés (exprimés en tant que Cu);74;kg/an
0005702106;FRANCE TEINTURE (ex. T.D.C.);2005;Eau (indirect);Demande biologique en oxygène (DBO5);45800;kg/an
0005702106;FRANCE TEINTURE (ex. T.D.C.);2005;Eau (indirect);Demande chimique en oxygène (DCO);215000;kg/an
0005702106;FRANCE TEINTURE (ex. T.D.C.);2005;Eau (indirect);Zinc et composés (exprimés en tant que Zn);213;kg/an
0005702106;FRANCE TEINTURE (ex. T.D.C.);2005;Eau (direct);Chlore;313000;kg/an
0005702108;LACOSTE OPERATIONS;2005;Eau (indirect);Carbone organique total (en tant que C total ou DCO/3);66900;kg/an
0005702108;LACOSTE OPERATIONS;2005;Eau (indirect);Demande biologique en oxygène (DBO5);49100;kg/an
0005702108;LACOSTE OPERATIONS;2005;Eau (indirect);Demande chimique en oxygène (DCO);201000;kg/an
0005702119;SMPA;2005;Air;Composés organiques volatils non méthaniques (COVNM);53800;kg/an
0005702129;CRISTAL UNION;2005;Air;Composés organiques volatils non méthaniques (COVNM);113000;kg/an
0005702129;CRISTAL UNION;2005;Air;Oxydes d'azote (NOx/NO2);115000;kg/an
0005702129;CRISTAL UNION;2005;Sol;Azote total;264000;kg/an
0005702129;CRISTAL UNION;2005;Sol;Carbone organique total (en tant que C total ou DCO/3);6710000;kg/an
0005702129;CRISTAL UNION;2005;Sol;Demande biologique en oxygène (DBO5);6500000;kg/an
0005702129;CRISTAL UNION;2005;Sol;Demande chimique en oxygène (DCO);9270000;kg/an
0005702129;CRISTAL UNION;2005;Sol;Matières en suspension (MES);30200000;kg/an
0005702129;CRISTAL UNION;2005;Sol;Phosphore total;128000;kg/an
0005702196;AT FRANCE;2005;Eau (indirect);Carbone organique total (en tant que C total ou DCO/3);123000;kg/an
0005702196;AT FRANCE;2005;Eau (indirect);Demande biologique en oxygène (DBO5);115000;kg/an
0005702196;AT FRANCE;2005;Eau (indirect);Demande chimique en oxygène (DCO);230000;kg/an
0005702196;AT FRANCE;2005;Eau (indirect);Phosphore total;5040;kg/an
0005702199;SHMVD;2005;Air;Chrome et composés (exprimés en tant que Cr);340;kg/an
0005702199;SHMVD;2005;Air;Dioxyde de carbone (CO2) d'origine biomasse;33300000;kg/an
0005702199;SHMVD;2005;Air;Nickel et composés (exprimés en tant que Ni);242;kg/an
0005702199;SHMVD;2005;Air;Oxydes d'azote (NOx/NO2);169000;kg/an
0005702203;BIGARD Vitry abattoir;2005;Eau (indirect);Carbone organique total (en tant que C total ou DCO/3);94500;kg/an
0005702203;BIGARD Vitry abattoir;2005;Eau (indirect);Demande biologique en oxygène (DBO5);63000;kg/an
0005702203;BIGARD Vitry abattoir;2005;Eau (indirect);Demande chimique en oxygène (DCO);158000;kg/an
0005702390;YANMAR CONSTRUCTION EQUIPEMENT EUROPE;2005;Air;Composés organiques volatils non méthaniques (COVNM);92300;kg/an
0005702394;PLASTIC OMNIUM Auto Exterieur;2005;Air;Composés organiques volatils non méthaniques (COVNM);216000;kg/an
0005702463;VEOLIA-VALEST _ CSD2;2005;Air;Méthane (CH4);858000;kg/an
0005702478;SUEZ RV NORD EST - SAINT-AUBIN;2005;Air;Dioxyde de carbone (CO2) d'origine biomasse;13200000;kg/an
0005702478;SUEZ RV NORD EST - SAINT-AUBIN;2005;Air;Méthane (CH4);436000;kg/an
0005702543;CAPDEA - Marigny le Chatel;2005;Air;Chrome et composés (exprimés en tant que Cr);116;kg/an
0005702543;CAPDEA - Marigny le Chatel;2005;Air;Composés organiques volatils non méthaniques (COVNM);63900;kg/an
0005702543;CAPDEA - Marigny le Chatel;2005;Air;Cuivre et composés (exprimés en tant que Cu);129;kg/an
0005702543;CAPDEA - Marigny le Chatel;2005;Air;Nickel et composés (exprimés en tant que Ni);142;kg/an
0005702543;CAPDEA - Marigny le Chatel;2005;Air;Zinc et composés (exprimés en tant que Zn);346;kg/an
0005702595;Coopérative Agricole de Déshydratation d'Arcis sur Aube;2005;Air;Composés organiques volatils non méthaniques (COVNM);48900;kg/an
0005702595;Coopérative Agricole de Déshydratation d'Arcis sur Aube;2005;Air;Poussières totales;194000;kg/an
0005702595;Coopérative Agricole de Déshydratation d'Arcis sur Aube;2005;Sol;Azote total;53700;kg/an
0005702595;Coopérative Agricole de Déshydratation d'Arcis sur Aube;2005;Sol;Carbone organique total (en tant que C total ou DCO/3);532000;kg/an
0005702595;Coopérative Agricole de Déshydratation d'Arcis sur Aube;2005;Sol;Demande biologique en oxygène (DBO5);939000;kg/an
0005702595;Coopérative Agricole de Déshydratation d'Arcis sur Aube;2005;Sol;Demande chimique en oxygène (DCO);1550000;kg/an
0005702603;Knauf Industries;2005;Air;Composés organiques volatils non méthaniques (COVNM);61000;kg/an
0005702694;SUEZ RV NORD EST - BAR-SUR-SEINE;2005;Air;Méthane (CH4);123000;kg/an
0005702699;Cristal union;2005;Air;Oxydes d'azote (NOx/NO2);130000;kg/an
0005702699;Cristal union;2005;Air;Poussières totales;201000;kg/an
0007001004;INOVA OPERATIONS SAS;2005;Air;Oxydes d'azote (NOx/NO2);171000;kg/an
0005702699;Cristal union;2005;Sol;Azote total;166000;kg/an
0005702699;Cristal union;2005;Sol;Cadmium et composés (exprimés en tant que Cd);14;kg/an
0005702699;Cristal union;2005;Sol;Carbone organique total (en tant que C total ou DCO/3);3320000;kg/an
0005702699;Cristal union;2005;Sol;Chrome et composés (exprimés en tant que Cr);165;kg/an
0005702699;Cristal union;2005;Sol;Cuivre et composés (exprimés en tant que Cu);315;kg/an
0005702699;Cristal union;2005;Sol;Demande biologique en oxygène (DBO5);7080000;kg/an
0005702699;Cristal union;2005;Sol;Demande chimique en oxygène (DCO);10400000;kg/an
0007001025;SKF AEROENGINE FRANCE;2005;Air;Dichlorométhane (DCM, chlorure de méthylène);6460;kg/an
0005702699;Cristal union;2005;Sol;Matières en suspension (MES);13100000;kg/an
0005702699;Cristal union;2005;Sol;Mercure et composés (exprimés en tant que Hg);10;kg/an
0005702699;Cristal union;2005;Sol;Nickel et composés (exprimés en tant que Ni);129;kg/an
0005702699;Cristal union;2005;Sol;Phosphore total;37400;kg/an
0007001026;SNCZ;2005;Eau (direct);Demande biologique en oxygène (DBO5);49500;kg/an
0005702699;Cristal union;2005;Sol;Plomb et composés (exprimés en tant que Pb);211;kg/an
0005702699;Cristal union;2005;Sol;Zinc et composés (exprimés en tant que Zn);816;kg/an
0005702721;SAICA PAPER EL;2005;Eau (direct);Carbone organique total (en tant que C total ou DCO/3);71300;kg/an
0007001030;SICAL;2005;Air;Composés organiques volatils non méthaniques (COVNM);50000;kg/an
0005702721;SAICA PAPER EL;2005;Eau (direct);Demande chimique en oxygène (DCO);190000;kg/an
0007001030;SICAL;2005;Eau (direct);Phénols (en tant que C total);20.8;kg/an
0005702849;BIOBAR-VOLTALIA;2005;Air;Composés organiques volatils non méthaniques (COVNM);57000;kg/an
0005800289;VALDEPHARM;2005;Air;Dichlorométhane (DCM, chlorure de méthylène);28100;kg/an
0007001033;PINGUIN (ex SICA DE LA VALLEE DE LA LYS);2005;Sol;Carbone organique total (en tant que C total ou DCO/3);82000;kg/an
0005800289;VALDEPHARM;2005;Air;Méthanol (alcool méthylique);7810;kg/an
0007001033;PINGUIN (ex SICA DE LA VALLEE DE LA LYS);2005;Sol;Demande biologique en oxygène (DBO5);277000;kg/an
0007001033;PINGUIN (ex SICA DE LA VALLEE DE LA LYS);2005;Sol;Demande chimique en oxygène (DCO);636000;kg/an
0005800289;VALDEPHARM;2005;Air;Oxyde d'éthylène;337;kg/an
0007001033;PINGUIN (ex SICA DE LA VALLEE DE LA LYS);2005;Sol;Matières en suspension (MES);345000;kg/an
0007001033;PINGUIN (ex SICA DE LA VALLEE DE LA LYS);2005;Sol;Phosphore total;7810;kg/an
0005800290;CABOT CARBONE SAS;2005;Air;Hydrocarbures aromatiques polycycliques (HAP);69.9;kg/an
0005800290;CABOT CARBONE SAS;2005;Air;Oxydes de soufre (SOx/SO2);1460000;kg/an
0007001038;Jean CABY;2005;Eau (indirect);Carbone organique total (en tant que C total ou DCO/3);73100;kg/an
0005800290;CABOT CARBONE SAS;2005;Air;Oxydes d'azote (NOx/NO2);560000;kg/an
0007001038;Jean CABY;2005;Eau (indirect);Demande biologique en oxygène (DBO5);71500;kg/an
0007001038;Jean CABY;2005;Eau (indirect);Demande chimique en oxygène (DCO);219000;kg/an
0005800290;CABOT CARBONE SAS;2005;Air;Plomb et composés (exprimés en tant que Pb);222;kg/an
0007001044;LNUF Marques - Cuincy;2005;Air;Hydrochlorofluorocarbures (HCFC);2770;kg/an
0005800291;UCDV;2005;Air;Composés organiques volatils non méthaniques (COVNM);142000;kg/an
0007001044;LNUF Marques - Cuincy;2005;Eau (indirect);Carbone organique total (en tant que C total ou DCO/3);338000;kg/an
0007001044;LNUF Marques - Cuincy;2005;Eau (indirect);Demande chimique en oxygène (DCO);1010000;kg/an
0005800291;UCDV;2005;Air;Monoxyde de carbone (CO);618000;kg/an
0007001045;CARGILL HAUBOURDIN SAS;2005;Eau (indirect);Carbone organique total (en tant que C total ou DCO/3);341000;kg/an
0005800291;UCDV;2005;Air;Oxydes de soufre (SOx/SO2);157000;kg/an
0007001045;CARGILL HAUBOURDIN SAS;2005;Eau (indirect);Demande biologique en oxygène (DBO5);414000;kg/an
0007001045;CARGILL HAUBOURDIN SAS;2005;Eau (indirect);Demande chimique en oxygène (DCO);1020000;kg/an
0005800291;UCDV;2005;Air;Poussières totales;251000;kg/an
0007001053;CIDEME;2005;Air;Cadmium et composés (exprimés en tant que Cd);17.9;kg/an
0007001053;CIDEME;2005;Air;Chrome et composés (exprimés en tant que Cr);271;kg/an
0005800291;UCDV;2005;Air;Zinc et composés (exprimés en tant que Zn);887;kg/an
0007001053;CIDEME;2005;Air;Dioxines et furanes (PCDD + PCDF) (exprimés en iTeq);0.00163;kg/an
0007001053;CIDEME;2005;Air;Dioxyde de carbone (CO2) d'origine biomasse;48900000;kg/an
0005800297;TOTAL RAFFINAGE FRANCE;2005;Air;Arsenic et composés (exprimés en tant que As);100;kg/an
0007001053;CIDEME;2005;Air;Mercure et composés (exprimés en tant que Hg);23.6;kg/an
0007001053;CIDEME;2005;Air;Nickel et composés (exprimés en tant que Ni);132;kg/an
0007001053;CIDEME;2005;Air;Oxydes d'azote (NOx/NO2);152000;kg/an
0007001053;CIDEME;2005;Eau (indirect);Hydrocarbures aromatiques polycycliques (HAP);7;kg/an
0005800297;TOTAL RAFFINAGE FRANCE;2005;Air;Benzène;67100;kg/an
0007001055;SEVELNORD;2005;Air;Composés organiques volatils non méthaniques (COVNM);917000;kg/an
0007001055;SEVELNORD;2005;Eau (indirect);Nickel et composés (exprimés en tant que Ni);89.5;kg/an
0005800297;TOTAL RAFFINAGE FRANCE;2005;Air;Cadmium et composés (exprimés en tant que Cd);28;kg/an
0007001055;SEVELNORD;2005;Eau (direct);Fluor et ses composés (F);493;kg/an
0005800297;TOTAL RAFFINAGE FRANCE;2005;Air;Composés organiques volatils non méthaniques (COVNM);1780000;kg/an
0007001070;NORDTOLE Conteneurs et Systèmes;2005;Air;Acide fluorhydrique (flurorure d'hydrogène);0.35;kg/an
0007001080;AXTER;2005;Eau (direct);Fluoranthène;3.22;kg/an
0005800297;TOTAL RAFFINAGE FRANCE;2005;Air;Mercure et composés (exprimés en tant que Hg);54;kg/an
0005800297;TOTAL RAFFINAGE FRANCE;2005;Air;Nickel et composés (exprimés en tant que Ni);1450;kg/an
0005800297;TOTAL RAFFINAGE FRANCE;2005;Air;Oxydes de soufre (SOx/SO2);14200000;kg/an
0005800297;TOTAL RAFFINAGE FRANCE;2005;Air;Oxydes d'azote (NOx/NO2);4160000;kg/an
0005800297;TOTAL RAFFINAGE FRANCE;2005;Air;Poussières totales;600000;kg/an
0007001081;PANDROL (ex RAILTECH);2005;Eau (direct);Zinc et composés (exprimés en tant que Zn);145;kg/an
0005800297;TOTAL RAFFINAGE FRANCE;2005;Air;Protoxyde d'azote (N2O);89000;kg/an
0005800297;TOTAL RAFFINAGE FRANCE;2005;Air;1,3-butadiène;102;kg/an
0007001091;LAMATO;2005;Eau (direct);Carbone organique total (en tant que C total ou DCO/3);50500;kg/an
0007001091;LAMATO;2005;Eau (direct);Demande biologique en oxygène (DBO5);53600;kg/an
0007001091;LAMATO;2005;Eau (direct);Demande chimique en oxygène (DCO);151000;kg/an
0005800297;TOTAL RAFFINAGE FRANCE;2005;Air;Antimoine et composés (exprimés en tant que Sb);147;kg/an
0005800297;TOTAL RAFFINAGE FRANCE;2005;Air;Cobalt et composés (exprimés en tant que Co);7;kg/an
0007001092;PLASTIENVASE FRANCIA;2005;Air;Benzène;6070;kg/an
0007001092;PLASTIENVASE FRANCIA;2005;Air;Composés organiques volatils non méthaniques (COVNM);66000;kg/an
0007001092;PLASTIENVASE FRANCIA;2005;Air;4,4'-méthylène-bis(2-chloroaniline) (MOCA - MBOCA);120;kg/an
0005800297;TOTAL RAFFINAGE FRANCE;2005;Air;Etain et composés (exprimés en tant que Sn);178;kg/an
0005800297;TOTAL RAFFINAGE FRANCE;2005;Eau (direct);Azote total;64700;kg/an
0005800297;TOTAL RAFFINAGE FRANCE;2005;Eau (direct);Carbone organique total (en tant que C total ou DCO/3);284000;kg/an
0005800297;TOTAL RAFFINAGE FRANCE;2005;Eau (direct);Demande biologique en oxygène (DBO5);98700;kg/an
0005800301;MILLENNIUM INORGANIC CHEMICALS le HAVRE;2005;Eau (direct);Chrome et composés (exprimés en tant que Cr);1410;kg/an
0005800301;MILLENNIUM INORGANIC CHEMICALS le HAVRE;2005;Eau (direct);Demande chimique en oxygène (DCO);309000;kg/an
0005800297;TOTAL RAFFINAGE FRANCE;2005;Eau (direct);Demande chimique en oxygène (DCO);852000;kg/an
0005800301;MILLENNIUM INORGANIC CHEMICALS le HAVRE;2005;Eau (direct);Fer et composés (exprimés en tant que Fe);214000;kg/an
0005800301;MILLENNIUM INORGANIC CHEMICALS le HAVRE;2005;Eau (direct);Manganèse et composés (exprimés en tant que Mn);5380;kg/an
0005800297;TOTAL RAFFINAGE FRANCE;2005;Eau (direct);Di(2-éthylhexyle)phtalate (DEHP);146;kg/an
0005800301;MILLENNIUM INORGANIC CHEMICALS le HAVRE;2005;Eau (direct);Matières en suspension (MES);655000;kg/an
0005800301;MILLENNIUM INORGANIC CHEMICALS le HAVRE;2005;Eau (direct);Sulfates;20200000;kg/an
0005800301;MILLENNIUM INORGANIC CHEMICALS le HAVRE;2005;Eau (direct);Titane et composés (exprimés en tant que Ti);534000;kg/an
0005800297;TOTAL RAFFINAGE FRANCE;2005;Eau (direct);Phénols (en tant que C total);592;kg/an
0005800301;MILLENNIUM INORGANIC CHEMICALS le HAVRE;2005;Eau (direct);Zinc et composés (exprimés en tant que Zn);3170;kg/an
0005800297;TOTAL RAFFINAGE FRANCE;2005;Eau (direct);Plomb et composés (exprimés en tant que Pb);30.5;kg/an
0005800297;TOTAL RAFFINAGE FRANCE;2005;Eau (direct);Zinc et composés (exprimés en tant que Zn);167;kg/an
0005800305;TOURRES ET CIE;2005;Air;Arsenic et composés (exprimés en tant que As);30;kg/an
0005800305;TOURRES ET CIE;2005;Air;Cadmium et composés (exprimés en tant que Cd);23;kg/an
0005800305;TOURRES ET CIE;2005;Air;Oxydes de soufre (SOx/SO2);245000;kg/an
0005800305;TOURRES ET CIE;2005;Air;Oxydes d'azote (NOx/NO2);237000;kg/an
0005800305;TOURRES ET CIE;2005;Air;Plomb et composés (exprimés en tant que Pb);633;kg/an
0005800305;TOURRES ET CIE;2005;Air;Antimoine et composés (exprimés en tant que Sb);7;kg/an
0005800305;TOURRES ET CIE;2005;Air;Cobalt et composés (exprimés en tant que Co);18;kg/an
0005800305;TOURRES ET CIE;2005;Air;Etain et composés (exprimés en tant que Sn);18;kg/an
0005800316;AIR LIQUIDE FRANCE INDUSTRIE;2005;Air;Protoxyde d'azote (N2O);12800;kg/an
0005800317;ALKION TERMINAL LE HAVRE;2005;Air;Benzène;4700;kg/an
0005800317;ALKION TERMINAL LE HAVRE;2005;Air;Composés organiques volatils non méthaniques (COVNM);465000;kg/an
0005800320;HYPERTAC SA;2005;Air;Hydrochlorofluorocarbures (HCFC);2700;kg/an
0005800323;SODES - Usine de Lillebonne;2005;Air;Composés organiques volatils non méthaniques (COVNM);67900;kg/an
0005800323;SODES - Usine de Lillebonne;2005;Air;Oxydes d'azote (NOx/NO2);256000;kg/an
0005800323;SODES - Usine de Lillebonne;2005;Air;Méthanol (alcool méthylique);35;kg/an
0005800323;SODES - Usine de Lillebonne;2005;Eau (direct);Carbone organique total (en tant que C total ou DCO/3);53900;kg/an
0005800323;SODES - Usine de Lillebonne;2005;Eau (direct);Demande chimique en oxygène (DCO);162000;kg/an
0005800325;SMURFIT KPRF papeterie de Vernon;2005;Eau (direct);Azote total;50200;kg/an
0005800325;SMURFIT KPRF papeterie de Vernon;2005;Eau (direct);Carbone organique total (en tant que C total ou DCO/3);493000;kg/an
0005800325;SMURFIT KPRF papeterie de Vernon;2005;Eau (direct);Demande biologique en oxygène (DBO5);927000;kg/an
0005800325;SMURFIT KPRF papeterie de Vernon;2005;Eau (direct);Demande chimique en oxygène (DCO);1480000;kg/an
0005800325;SMURFIT KPRF papeterie de Vernon;2005;Eau (direct);Matières en suspension (MES);1100000;kg/an
0005800326;SOCABU;2005;Air;Chlore et composés inorganiques (en tant que HCl);241000;kg/an
0005800326;SOCABU;2005;Air;Composés organiques volatils non méthaniques (COVNM);1640000;kg/an
0005800326;SOCABU;2005;Air;Fluor et composés inorganiques (en tant que HF);40600;kg/an
0005800326;SOCABU;2005;Air;Hydroflurocarbures (HFC);61000;kg/an
0005800326;SOCABU;2005;Air;Acide fluorhydrique (flurorure d'hydrogène);40600;kg/an
0005800326;SOCABU;2005;Air;Chlorométhane (chlorure de méthyle);220000;kg/an
0005800326;SOCABU;2005;Eau (direct);Aluminium et composés (exprimés en tant que Al);2430;kg/an
0005800326;SOCABU;2005;Eau (direct);Zinc et composés (exprimés en tant que Zn);612;kg/an
0005800330;AEROCHIM;2005;Air;Composés organiques volatils non méthaniques (COVNM);42500;kg/an
0005800331;YARA France;2005;Air;Ammoniac (NH3);260000;kg/an
0005800331;YARA France;2005;Air;Oxydes d'azote (NOx/NO2);691000;kg/an
0005800331;YARA France;2005;Air;Protoxyde d'azote (N2O);12000;kg/an
0005800331;YARA France;2005;Eau (direct);Azote total;156000;kg/an
0005800331;YARA France;2005;Eau (direct);Ammoniac (NH3);112000;kg/an
0005800345;TOYO INK EUROPE SPECIALTY CHEMICALS S.A;2005;Air;Ammoniac (NH3);12400;kg/an
0005800345;TOYO INK EUROPE SPECIALTY CHEMICALS S.A;2005;Air;Aldéhyde formique (formaldéhyde);0.1;kg/an
0005800345;TOYO INK EUROPE SPECIALTY CHEMICALS S.A;2005;Air;Hydrazine;2.9;kg/an
0005800345;TOYO INK EUROPE SPECIALTY CHEMICALS S.A;2005;Air;Méthanol (alcool méthylique);17200;kg/an
0005800345;TOYO INK EUROPE SPECIALTY CHEMICALS S.A;2005;Eau (direct);Carbone organique total (en tant que C total ou DCO/3);75100;kg/an
0005800345;TOYO INK EUROPE SPECIALTY CHEMICALS S.A;2005;Eau (direct);Demande chimique en oxygène (DCO);225000;kg/an
0005800345;TOYO INK EUROPE SPECIALTY CHEMICALS S.A;2005;Eau (direct);Nickel et composés (exprimés en tant que Ni);61;kg/an
0005800345;TOYO INK EUROPE SPECIALTY CHEMICALS S.A;2005;Eau (direct);Zinc et composés (exprimés en tant que Zn);148;kg/an
0005800345;TOYO INK EUROPE SPECIALTY CHEMICALS S.A;2005;Eau (direct);3,3'-dichlorobenzidine;28;kg/an
0005800348;ExxonMobil Chemical France;2005;Air;Benzène;27300;kg/an
0005800348;ExxonMobil Chemical France;2005;Air;Composés organiques volatils non méthaniques (COVNM);2070000;kg/an
0005800348;ExxonMobil Chemical France;2005;Air;Oxydes de soufre (SOx/SO2);515000;kg/an
0005800348;ExxonMobil Chemical France;2005;Air;Oxydes d'azote (NOx/NO2);1290000;kg/an
0005800348;ExxonMobil Chemical France;2005;Air;Poussières totales;617000;kg/an
0005800348;ExxonMobil Chemical France;2005;Air;Protoxyde d'azote (N2O);42800;kg/an
0005800348;ExxonMobil Chemical France;2005;Air;1,3-butadiène;41100;kg/an
0005800349;ESSO RAFFINAGE;2005;Air;Benzène;61200;kg/an
0005800349;ESSO RAFFINAGE;2005;Air;Chrome et composés (exprimés en tant que Cr);563;kg/an
0005800349;ESSO RAFFINAGE;2005;Air;Composés organiques volatils non méthaniques (COVNM);2810000;kg/an
0005800349;ESSO RAFFINAGE;2005;Air;Cuivre et composés (exprimés en tant que Cu);104;kg/an
0005800349;ESSO RAFFINAGE;2005;Air;Manganèse et composés (exprimés en tant que Mn);1250;kg/an
0005800349;ESSO RAFFINAGE;2005;Air;Méthane (CH4);112000;kg/an
0005800349;ESSO RAFFINAGE;2005;Air;Nickel et composés (exprimés en tant que Ni);2180;kg/an
0005800349;ESSO RAFFINAGE;2005;Air;Oxydes de soufre (SOx/SO2);21500000;kg/an
0005800349;ESSO RAFFINAGE;2005;Air;Oxydes d'azote (NOx/NO2);4620000;kg/an
0005800349;ESSO RAFFINAGE;2005;Air;Poussières totales;718000;kg/an
0005800349;ESSO RAFFINAGE;2005;Air;Protoxyde d'azote (N2O);96000;kg/an
0005800349;ESSO RAFFINAGE;2005;Air;Zinc et composés (exprimés en tant que Zn);712;kg/an
0005800349;ESSO RAFFINAGE;2005;Eau (direct);Aluminium et composés (exprimés en tant que Al);2760;kg/an
0005800349;ESSO RAFFINAGE;2005;Eau (direct);Azote total;227000;kg/an
0005800349;ESSO RAFFINAGE;2005;Eau (direct);Carbone organique total (en tant que C total ou DCO/3);322000;kg/an
0005800349;ESSO RAFFINAGE;2005;Eau (direct);Chrome et composés (exprimés en tant que Cr);126;kg/an
0005800349;ESSO RAFFINAGE;2005;Eau (direct);Chrome hexavalent et composés (exprimés en tant que Cr VI);81;kg/an
0005800349;ESSO RAFFINAGE;2005;Eau (direct);Composés organohalogénés (exprimés en tant que AOX);1390;kg/an
0005800349;ESSO RAFFINAGE;2005;Eau (direct);Cyanures (sous forme de CN total);58;kg/an
0005800349;ESSO RAFFINAGE;2005;Eau (direct);Demande biologique en oxygène (DBO5);186000;kg/an
0005800349;ESSO RAFFINAGE;2005;Eau (direct);Demande chimique en oxygène (DCO);966000;kg/an
0005800349;ESSO RAFFINAGE;2005;Eau (direct);Dichlorométhane (DCM, chlorure de méthylène);206;kg/an
0005800349;ESSO RAFFINAGE;2005;Eau (direct);Fer et composés (exprimés en tant que Fe);3810;kg/an
0005800349;ESSO RAFFINAGE;2005;Eau (direct);Fluorures (en tant que F total);31900;kg/an
0005800349;ESSO RAFFINAGE;2005;Eau (direct);Hydrocarbures;32900;kg/an
0005800349;ESSO RAFFINAGE;2005;Eau (direct);Hydrocarbures aromatiques polycycliques (HAP);35;kg/an
0005800349;ESSO RAFFINAGE;2005;Eau (direct);Naphthalène;28;kg/an
0005800349;ESSO RAFFINAGE;2005;Eau (direct);Nickel et composés (exprimés en tant que Ni);288;kg/an
0005800349;ESSO RAFFINAGE;2005;Eau (direct);Phénols (en tant que C total);1150;kg/an
0005800349;ESSO RAFFINAGE;2005;Eau (direct);Zinc et composés (exprimés en tant que Zn);999;kg/an
0005800349;ESSO RAFFINAGE;2005;Eau (direct);Fluor et ses composés (F);31900;kg/an
0005800350;ERAMET;2005;Air;Composés organiques volatils non méthaniques (COVNM);94000;kg/an
0005800350;ERAMET;2005;Air;Nickel et composés (exprimés en tant que Ni);474;kg/an
0005800350;ERAMET;2005;Air;Chlore;144;kg/an
0005800350;ERAMET;2005;Eau (direct);Chlorures (en tant que Cl total);4870000;kg/an
0005800350;ERAMET;2005;Eau (direct);Nickel et composés (exprimés en tant que Ni);475;kg/an
0005800350;ERAMET;2005;Eau (direct);Chlore;4870000;kg/an
0005800355;ARKEMA;2005;Air;Méthanol (alcool méthylique);2570;kg/an
0005800356;TOTAL PETROCHEMICALS FRANCE Notre Dame de Gravenchon;2005;Air;Composés organiques volatils non méthaniques (COVNM);95200;kg/an
0005800357;TOTAL RAFFINAGE FRANCE;2005;Air;Benzène;35300;kg/an
0005800357;TOTAL RAFFINAGE FRANCE;2005;Air;Composés organiques volatils non méthaniques (COVNM);2450000;kg/an
0005800357;TOTAL RAFFINAGE FRANCE;2005;Air;Hydrochlorofluorocarbures (HCFC);576;kg/an
0005800357;TOTAL RAFFINAGE FRANCE;2005;Air;Méthane (CH4);155000;kg/an
0005800357;TOTAL RAFFINAGE FRANCE;2005;Air;Nickel et composés (exprimés en tant que Ni);345;kg/an
0005800357;TOTAL RAFFINAGE FRANCE;2005;Air;Oxydes de soufre (SOx/SO2);1920000;kg/an
0005800357;TOTAL RAFFINAGE FRANCE;2005;Air;Oxydes d'azote (NOx/NO2);1750000;kg/an
0005800357;TOTAL RAFFINAGE FRANCE;2005;Air;Protoxyde d'azote (N2O);46800;kg/an
0005800357;TOTAL RAFFINAGE FRANCE;2005;Air;Zinc et composés (exprimés en tant que Zn);419;kg/an
0005800357;TOTAL RAFFINAGE FRANCE;2005;Air;1,3-butadiène;46000;kg/an
0005800357;TOTAL RAFFINAGE FRANCE;2005;Eau (direct);Carbone organique total (en tant que C total ou DCO/3);88200;kg/an
0005800357;TOTAL RAFFINAGE FRANCE;2005;Eau (direct);Demande biologique en oxygène (DBO5);52000;kg/an
0005800357;TOTAL RAFFINAGE FRANCE;2005;Eau (direct);Demande chimique en oxygène (DCO);154000;kg/an
0005800297;TOTAL RAFFINAGE FRANCE;2005;Eau (direct);Benzo (a) pyrène;0.182;kg/an
0005800357;TOTAL RAFFINAGE FRANCE;2005;Eau (direct);Phénols (en tant que C total);207;kg/an
0005800357;TOTAL RAFFINAGE FRANCE;2005;Eau (direct);Zinc et composés (exprimés en tant que Zn);633;kg/an
0005800299;TOTAL FLUIDES;2005;Air;Composés organiques volatils non méthaniques (COVNM);181000;kg/an
0005800360;DRPC;2005;Air;Benzène;15600;kg/an
0005800360;DRPC;2005;Air;Composés organiques volatils non méthaniques (COVNM);904000;kg/an
0005800360;DRPC;2005;Air;Oxydes de soufre (SOx/SO2);8250000;kg/an
0005800360;DRPC;2005;Air;Oxydes d'azote (NOx/NO2);1590000;kg/an
0005800301;MILLENNIUM INORGANIC CHEMICALS le HAVRE;2005;Air;Oxydes de soufre (SOx/SO2);506000;kg/an
0005800301;MILLENNIUM INORGANIC CHEMICALS le HAVRE;2005;Eau (direct);Aluminium et composés (exprimés en tant que Al);31100;kg/an
0005800360;DRPC;2005;Air;Particules (PM10);303000;kg/an
0005800360;DRPC;2005;Air;Poussières totales;460000;kg/an
0005800360;DRPC;2005;Air;Protoxyde d'azote (N2O);37500;kg/an
0005800301;MILLENNIUM INORGANIC CHEMICALS le HAVRE;2005;Eau (direct);Arsenic et composés (exprimés en tant que As);5.3;kg/an
0005800360;DRPC;2005;Eau (direct);Azote total;94200;kg/an
0005800301;MILLENNIUM INORGANIC CHEMICALS le HAVRE;2005;Eau (direct);Carbone organique total (en tant que C total ou DCO/3);103000;kg/an
0005800360;DRPC;2005;Eau (direct);Carbone organique total (en tant que C total ou DCO/3);305000;kg/an
0005800360;DRPC;2005;Eau (direct);Demande biologique en oxygène (DBO5);131000;kg/an
0005800472;ATMSA;2005;Air;Chrome et composés (exprimés en tant que Cr);404;kg/an
0005800360;DRPC;2005;Eau (direct);Demande chimique en oxygène (DCO);914000;kg/an
0005800360;DRPC;2005;Eau (direct);Hydrocarbures;17100;kg/an
0005800360;DRPC;2005;Eau (direct);Matières en suspension (MES);495000;kg/an
0005800360;DRPC;2005;Eau (direct);Phénols (en tant que C total);1330;kg/an
0005800360;DRPC;2005;Eau (direct);Zinc et composés (exprimés en tant que Zn);344;kg/an
0005800476;REGMA TRANSFERT THERMIQUE;2005;Air;Composés organiques volatils non méthaniques (COVNM);102000;kg/an
0005800478;PLASTIC OMNIUM AUTO EXTERIOR;2005;Air;Composés organiques volatils non méthaniques (COVNM);108000;kg/an
0005800366;ARIANEGROUP SAS;2005;Air;Dichlorométhane (DCM, chlorure de méthylène);1590;kg/an
0005800366;ARIANEGROUP SAS;2005;Air;Hydrochlorofluorocarbures (HCFC);5070;kg/an
0005800480;PIOCHEL SN;2005;Air;Composés organiques volatils non méthaniques (COVNM);47700;kg/an
0005800483;EUROFOIL FRANCE;2005;Air;Composés organiques volatils non méthaniques (COVNM);687000;kg/an
0005800370;Nufarm sas;2005;Air;Composés organiques volatils non méthaniques (COVNM);30600;kg/an
0005800489;METROPOLE ROUEN NORMANDIE;2005;Air;Dioxyde de carbone (CO2) d'origine biomasse;11800000;kg/an
0005800370;Nufarm sas;2005;Eau (direct);1,2-dichloroéthane (DCE - chlorure d'éthylène);35;kg/an
0005800491;TMN Surface;2005;Air;Dichlorométhane (DCM, chlorure de méthylène);5400;kg/an
0005800370;Nufarm sas;2005;Eau (direct);Composés organohalogénés (exprimés en tant que AOX);2600;kg/an
0005800370;Nufarm sas;2005;Eau (direct);Cuivre et composés (exprimés en tant que Cu);198;kg/an
0005800370;Nufarm sas;2005;Eau (direct);Diuron;18;kg/an
0005800492;CITRON SA;2005;Air;Antimoine et composés (exprimés en tant que Sb);1;kg/an
0005800492;CITRON SA;2005;Air;Cobalt et composés (exprimés en tant que Co);4;kg/an
0005800492;CITRON SA;2005;Air;Etain et composés (exprimés en tant que Sn);15;kg/an
0005800373;GREIF France;2005;Air;Composés organiques volatils non méthaniques (COVNM);113000;kg/an
0005800492;CITRON SA;2005;Air;Fluor et ses composés (F);25.6;kg/an
0005800492;CITRON SA;2005;Eau (direct);Fluorures (en tant que F total);2080;kg/an
0005800375;ASHLAND SPECIALTIES France;2005;Air;Composés organiques volatils non méthaniques (COVNM);368000;kg/an
0005800492;CITRON SA;2005;Eau (direct);Acide cyanhydrique (HCN);3.52;kg/an
0005800375;ASHLAND SPECIALTIES France;2005;Air;Méthane (CH4);117000;kg/an
0005800492;CITRON SA;2005;Eau (direct);Fluor et ses composés (F);2080;kg/an
0005800375;ASHLAND SPECIALTIES France;2005;Air;Méthanol (alcool méthylique);138000;kg/an
0005800375;ASHLAND SPECIALTIES France;2005;Eau (direct);Chlorures (en tant que Cl total);2440000;kg/an
0005800495;Unité de Valorisation Energétique VESTA;2005;Air;Cadmium et composés (exprimés en tant que Cd);11.4;kg/an
0005800495;Unité de Valorisation Energétique VESTA;2005;Air;Dioxyde de carbone (CO2) d'origine biomasse;159000000;kg/an
0005800378;SEDIBEX;2005;Air;Mercure et composés (exprimés en tant que Hg);11.8;kg/an
0005800378;SEDIBEX;2005;Air;Acide fluorhydrique (flurorure d'hydrogène);277;kg/an
0005800496;EXXONMOBIL CHEMICAL FRANCE;2005;Air;Composés organiques volatils non méthaniques (COVNM);93300;kg/an
0005800496;EXXONMOBIL CHEMICAL FRANCE;2005;Eau (direct);Zinc et composés (exprimés en tant que Zn);280;kg/an
0005800382;SCHNEIDER ELECTRIC  FRANCE;2005;Air;Trichloréthylène;19300;kg/an
0005800503;CARLO ERBA REAGENTS Val de Reuil;2005;Air;Aldéhyde formique (formaldéhyde);39;kg/an
0005800503;CARLO ERBA REAGENTS Val de Reuil;2005;Air;Méthanol (alcool méthylique);351;kg/an
0005800385;UTC Aerospace Systems - Site de SAINT-MARCEL;2005;Air;Dichlorométhane (DCM, chlorure de méthylène);15800;kg/an
0005800385;UTC Aerospace Systems - Site de SAINT-MARCEL;2005;Air;Hydrochlorofluorocarbures (HCFC);24800;kg/an
0005800507;RUBIS TERMINAL Centrale;2005;Air;Composés organiques volatils non méthaniques (COVNM);54700;kg/an
0005800509;ORIL INDUSTRIE;2005;Air;Composés organiques volatils non méthaniques (COVNM);843000;kg/an
0005800386;SAIPOL;2005;Air;Composés organiques volatils non méthaniques (COVNM);383000;kg/an
0005800386;SAIPOL;2005;Eau (direct);Carbone organique total (en tant que C total ou DCO/3);69400;kg/an
0005800386;SAIPOL;2005;Eau (direct);Demande chimique en oxygène (DCO);208000;kg/an
0005800386;SAIPOL;2005;Eau (direct);Phosphore total;34000;kg/an
0005800386;SAIPOL;2005;Eau (direct);Méthanol (alcool méthylique);4160;kg/an
0005800509;ORIL INDUSTRIE;2005;Air;Dichlorométhane (DCM, chlorure de méthylène);80800;kg/an
0005800387;CIE FRANCAISE ECO HUILE;2005;Air;Chlore et composés inorganiques (en tant que HCl);11500;kg/an
0005800387;CIE FRANCAISE ECO HUILE;2005;Air;Dioxines et furanes (PCDD + PCDF) (exprimés en iTeq);0.0142;kg/an
0005800509;ORIL INDUSTRIE;2005;Air;1,4-dioxane;26800;kg/an
0005800509;ORIL INDUSTRIE;2005;Air;Méthanol (alcool méthylique);277000;kg/an
0005800519;ExxonMobil Polymeres;2005;Air;Composés organiques volatils non méthaniques (COVNM);183000;kg/an
0005800392;DANONE;2005;Air;Oxydes de soufre (SOx/SO2);190000;kg/an
0005800520;NOVACEL;2005;Air;Composés organiques volatils non méthaniques (COVNM);1050000;kg/an
0005800523;NESTLE France;2005;Air;Dioxyde de carbone (CO2) d'origine biomasse;25900000;kg/an
0005800393;DANONE;2005;Eau (indirect);Carbone organique total (en tant que C total ou DCO/3);393000;kg/an
0005800393;DANONE;2005;Eau (indirect);Demande biologique en oxygène (DBO5);482000;kg/an
0005800523;NESTLE France;2005;Air;Oxydes de soufre (SOx/SO2);321000;kg/an
0005800393;DANONE;2005;Eau (indirect);Demande chimique en oxygène (DCO);1180000;kg/an
0005800523;NESTLE France;2005;Air;Oxydes d'azote (NOx/NO2);127000;kg/an
0005800523;NESTLE France;2005;Air;Protoxyde d'azote (N2O);10400;kg/an
0005800397;SAFET;2005;Air;Crésol (mélange d'isomères);46;kg/an
0005800524;KOYO Bearings Vierzon Maromme SAS;2005;Air;Méthanol (alcool méthylique);277;kg/an
0005800397;SAFET;2005;Air;Phénols (en tant que C total);3;kg/an
0005800540;DA ALIZAY;2005;Air;Dioxyde de carbone (CO2) d'origine biomasse;811000000;kg/an
0005800404;SAIPOL;2005;Air;Composés organiques volatils non méthaniques (COVNM);253000;kg/an
0005800540;DA ALIZAY;2005;Air;Oxydes de soufre (SOx/SO2);593000;kg/an
0005800409;RENAULT S.N.C.;2005;Air;Composés organiques volatils non méthaniques (COVNM);1040000;kg/an
0005800409;RENAULT S.N.C.;2005;Air;Hydroflurocarbures (HFC);3920;kg/an
0005800540;DA ALIZAY;2005;Air;Oxydes d'azote (NOx/NO2);526000;kg/an
0005800409;RENAULT S.N.C.;2005;Eau (direct);Nickel et composés (exprimés en tant que Ni);113;kg/an
0005800409;RENAULT S.N.C.;2005;Eau (direct);Fluor et ses composés (F);1640;kg/an
0005800540;DA ALIZAY;2005;Air;Poussières totales;154000;kg/an
0005800540;DA ALIZAY;2005;Eau (direct);Azote total;116000;kg/an
0005800410;RENAULT S.N.C.;2005;Eau (indirect);Carbone organique total (en tant que C total ou DCO/3);255000;kg/an
0005800540;DA ALIZAY;2005;Eau (direct);Carbone organique total (en tant que C total ou DCO/3);1510000;kg/an
0005800410;RENAULT S.N.C.;2005;Eau (indirect);Demande biologique en oxygène (DBO5);121000;kg/an
0005800540;DA ALIZAY;2005;Eau (direct);Composés organohalogénés (exprimés en tant que AOX);40800;kg/an
0005800410;RENAULT S.N.C.;2005;Eau (indirect);Demande chimique en oxygène (DCO);765000;kg/an
0005800540;DA ALIZAY;2005;Eau (direct);Cuivre et composés (exprimés en tant que Cu);257;kg/an
0005800540;DA ALIZAY;2005;Eau (direct);Demande biologique en oxygène (DBO5);145000;kg/an
0005800540;DA ALIZAY;2005;Eau (direct);Demande chimique en oxygène (DCO);4530000;kg/an
0005800412;SANOFI CHIMIE SA;2005;Eau (direct);Azote total;527000;kg/an
0005800412;SANOFI CHIMIE SA;2005;Eau (direct);Carbone organique total (en tant que C total ou DCO/3);1460000;kg/an
0005800540;DA ALIZAY;2005;Eau (direct);Matières en suspension (MES);568000;kg/an
0005800412;SANOFI CHIMIE SA;2005;Eau (direct);Cyanures (sous forme de CN total);2800;kg/an
0005800412;SANOFI CHIMIE SA;2005;Eau (direct);Demande biologique en oxygène (DBO5);2660000;kg/an
0005800540;DA ALIZAY;2005;Eau (direct);Phosphore total;26800;kg/an
0005800412;SANOFI CHIMIE SA;2005;Eau (direct);Demande chimique en oxygène (DCO);4380000;kg/an
0005800412;SANOFI CHIMIE SA;2005;Eau (direct);Matières en suspension (MES);759000;kg/an
0005800540;DA ALIZAY;2005;Eau (direct);Sulfates;15600000;kg/an
0005800412;SANOFI CHIMIE SA;2005;Eau (direct);Phosphore total;22900;kg/an
0005800412;SANOFI CHIMIE SA;2005;Eau (direct);Sulfates;1980000;kg/an
0005800540;DA ALIZAY;2005;Eau (direct);Zinc et composés (exprimés en tant que Zn);1550;kg/an
0005800412;SANOFI CHIMIE SA;2005;Eau (direct);Zinc et composés (exprimés en tant que Zn);18000;kg/an
0005800543;SEALYNX INTERNATIONAL;2005;Air;Composés organiques volatils non méthaniques (COVNM);111000;kg/an
0005800543;SEALYNX INTERNATIONAL;2005;Air;Dichlorométhane (DCM, chlorure de méthylène);5700;kg/an
0005800413;REVIMA;2005;Air;Cadmium et composés (exprimés en tant que Cd);19.7;kg/an
0005800543;SEALYNX INTERNATIONAL;2005;Air;Méthanol (alcool méthylique);13500;kg/an
0005800413;REVIMA;2005;Air;Tétrachloroéthylène (PER, tétrachloroéthylène);4620;kg/an
0005800550;CGSM Gaillon;2005;Air;Composés organiques volatils non méthaniques (COVNM);35100;kg/an
0005800413;REVIMA;2005;Air;Fluor et ses composés (F);45.3;kg/an
0005800413;REVIMA;2005;Eau (direct);Fluor et ses composés (F);4.2;kg/an
0005800552;GLAXOSMITHKLINE;2005;Air;Chlorofluorocarbures (CFC);40400;kg/an
0005800416;POCHET DU COURVAL;2005;Air;Oxydes d'azote (NOx/NO2);326000;kg/an
0005800416;POCHET DU COURVAL;2005;Air;Acide fluorhydrique (flurorure d'hydrogène);406;kg/an
0005800416;POCHET DU COURVAL;2005;Air;Antimoine et composés (exprimés en tant que Sb);0.08;kg/an
0005800416;POCHET DU COURVAL;2005;Air;Chlore;3280;kg/an
0005800552;GLAXOSMITHKLINE;2005;Air;Hydroflurocarbures (HFC);24700;kg/an
0005800416;POCHET DU COURVAL;2005;Air;Cobalt et composés (exprimés en tant que Co);0.86;kg/an
0005800416;POCHET DU COURVAL;2005;Air;Etain et composés (exprimés en tant que Sn);0.08;kg/an
0005800416;POCHET DU COURVAL;2005;Eau (direct);Zinc et composés (exprimés en tant que Zn);262;kg/an
0005800559;E & S CHIMIE;2005;Air;Oxyde de propylène (1,2-époxypropane);1;kg/an
0005800433;LAFARGEHOLCIM CIMENTS;2005;Air;Dioxyde de carbone (CO2) d'origine biomasse;54000000;kg/an
0005800433;LAFARGEHOLCIM CIMENTS;2005;Air;Mercure et composés (exprimés en tant que Hg);18.5;kg/an
0005800433;LAFARGEHOLCIM CIMENTS;2005;Air;Oxydes d'azote (NOx/NO2);1720000;kg/an
0005800433;LAFARGEHOLCIM CIMENTS;2005;Air;Chlore;2800;kg/an
0005800433;LAFARGEHOLCIM CIMENTS;2005;Air;Fluor et ses composés (F);313;kg/an
0005800559;E & S CHIMIE;2005;Air;Oxyde d'éthylène;5;kg/an
0005800567;ICI Paints Déco France;2005;Air;Composés organiques volatils non méthaniques (COVNM);156000;kg/an
0005800434;COMPAGNIE INDUSTRIELLE MARITIME;2005;Air;Composés organiques volatils non méthaniques (COVNM);165000;kg/an
0005800570;GREIF FRANCE SAS;2005;Air;Composés organiques volatils non méthaniques (COVNM);211000;kg/an
0005800572;PLASTIC OMNIUM;2005;Air;Composés organiques volatils non méthaniques (COVNM);287000;kg/an
0005800435;COMPAGNIE INDUSTRIELLE MARITIME;2005;Air;Composés organiques volatils non méthaniques (COVNM);229000;kg/an
0005800574;LUBRIZOL ROUEN;2005;Eau (direct);Zinc et composés (exprimés en tant que Zn);162;kg/an
0005800575;LUBRIZOL France;2005;Air;Hydroflurocarbures (HFC);2160;kg/an
0005800437;ORFEVRERIE CHRISTOFLE;2005;Air;Hydroflurocarbures (HFC);3760;kg/an
0005800575;LUBRIZOL France;2005;Air;Oxydes de soufre (SOx/SO2);188000;kg/an
0005800437;ORFEVRERIE CHRISTOFLE;2005;Air;Trichloréthylène;8010;kg/an
0005800437;ORFEVRERIE CHRISTOFLE;2005;Eau (direct);Nickel et composés (exprimés en tant que Ni);37.2;kg/an
0005800575;LUBRIZOL France;2005;Air;Chlore;13.4;kg/an
0005800575;LUBRIZOL France;2005;Eau (direct);Chlore;301000;kg/an
0005800575;LUBRIZOL France;2005;Eau (direct);Méthanol (alcool méthylique);100;kg/an
0005800438;BRENNTAG SA;2005;Air;Dichlorométhane (DCM, chlorure de méthylène);1010;kg/an
0005800585;KIMBERLY CLARK SNC;2005;Air;Dioxyde de carbone (CO2) d'origine biomasse;11400000;kg/an
0005800587;ESSITY OPERATIONS FRANCE;2005;Air;Oxyde d'éthylène;1540;kg/an
0005800439;CHEVRON ORONITE SAS;2005;Air;Benzène;7710;kg/an
0005800587;ESSITY OPERATIONS FRANCE;2005;Eau (direct);Carbone organique total (en tant que C total ou DCO/3);56600;kg/an
0005800439;CHEVRON ORONITE SAS;2005;Air;Composés organiques volatils non méthaniques (COVNM);193000;kg/an
0005800587;ESSITY OPERATIONS FRANCE;2005;Eau (direct);Demande chimique en oxygène (DCO);170000;kg/an
0005800439;CHEVRON ORONITE SAS;2005;Air;Zinc et composés (exprimés en tant que Zn);2540;kg/an
0005800439;CHEVRON ORONITE SAS;2005;Air;Méthanol (alcool méthylique);12100;kg/an
0005800587;ESSITY OPERATIONS FRANCE;2005;Eau (direct);Phosphore total;5020;kg/an
0005800439;CHEVRON ORONITE SAS;2005;Air;Phénols (en tant que C total);192;kg/an
0005800439;CHEVRON ORONITE SAS;2005;Eau (direct);Fluorures (en tant que F total);5470;kg/an
0005800597;SAFRAN NACELLES;2005;Air;Trichloréthylène;3670;kg/an
0005800439;CHEVRON ORONITE SAS;2005;Eau (direct);Phénols (en tant que C total);25.8;kg/an
0005800439;CHEVRON ORONITE SAS;2005;Eau (direct);Fluor et ses composés (F);5470;kg/an
0005800606;SOCIETE CHIMIQUE DE OISSEL;2005;Air;Ammoniac (NH3);55100;kg/an
0005800441;Chapelle Darblay;2005;Air;Dioxyde de carbone (CO2) d'origine biomasse;102000000;kg/an
0005800606;SOCIETE CHIMIQUE DE OISSEL;2005;Air;Oxydes d'azote (NOx/NO2);482000;kg/an
0005800441;Chapelle Darblay;2005;Air;Oxydes d'azote (NOx/NO2);801000;kg/an
0005800441;Chapelle Darblay;2005;Eau (direct);Carbone organique total (en tant que C total ou DCO/3);427000;kg/an
0005800606;SOCIETE CHIMIQUE DE OISSEL;2005;Air;Protoxyde d'azote (N2O);1040000;kg/an
0005800441;Chapelle Darblay;2005;Eau (direct);Composés organohalogénés (exprimés en tant que AOX);8390;kg/an
0005800441;Chapelle Darblay;2005;Eau (direct);Demande biologique en oxygène (DBO5);86000;kg/an
0005800606;SOCIETE CHIMIQUE DE OISSEL;2005;Eau (direct);Azote total;208000;kg/an
0005800441;Chapelle Darblay;2005;Eau (direct);Demande chimique en oxygène (DCO);1280000;kg/an
0005800441;Chapelle Darblay;2005;Eau (direct);Pentachlorophénol (PCP);10.4;kg/an
0005800607;BOREALIS CHIMIE;2005;Air;Ammoniac (NH3);524000;kg/an
0005800441;Chapelle Darblay;2005;Eau (direct);Chlore;44000;kg/an
0005800607;BOREALIS CHIMIE;2005;Air;Oxydes d'azote (NOx/NO2);1930000;kg/an
0005800607;BOREALIS CHIMIE;2005;Air;Poussières totales;256000;kg/an
0005800449;FRAMATOME;2005;Eau (direct);Acide fluorhydrique (flurorure d'hydrogène);34;kg/an
0005800607;BOREALIS CHIMIE;2005;Air;Protoxyde d'azote (N2O);4360000;kg/an
0005800456;Huber Packaging France;2005;Air;Composés organiques volatils non méthaniques (COVNM);86000;kg/an
0005800607;BOREALIS CHIMIE;2005;Eau (direct);Arsenic et composés (exprimés en tant que As);77;kg/an
0005800459;BUTAGAZ - Site de Petit-Couronne;2005;Air;Composés organiques volatils non méthaniques (COVNM);146000;kg/an
0005800607;BOREALIS CHIMIE;2005;Eau (direct);Azote total;145000;kg/an
0005800607;BOREALIS CHIMIE;2005;Eau (direct);Cadmium et composés (exprimés en tant que Cd);11;kg/an
0005800607;BOREALIS CHIMIE;2005;Eau (direct);Chrome et composés (exprimés en tant que Cr);62;kg/an
0005800607;BOREALIS CHIMIE;2005;Eau (direct);Cuivre et composés (exprimés en tant que Cu);64;kg/an
0005800607;BOREALIS CHIMIE;2005;Eau (direct);Fluorures (en tant que F total);26100;kg/an
0005800614;APLIFIL;2005;Eau (direct);Chrome hexavalent et composés (exprimés en tant que Cr VI);149;kg/an
0005800614;APLIFIL;2005;Eau (direct);Nickel et composés (exprimés en tant que Ni);244;kg/an
0005800607;BOREALIS CHIMIE;2005;Eau (direct);Nickel et composés (exprimés en tant que Ni);91;kg/an
0005800617;SOCIETE DES AUTOMOBILES ALPINE;2005;Air;Composés organiques volatils non méthaniques (COVNM);128000;kg/an
0005800617;SOCIETE DES AUTOMOBILES ALPINE;2005;Air;Hydroflurocarbures (HFC);242;kg/an
0005800619;SYSTEMAIR AC;2005;Air;Hydrochlorofluorocarbures (HCFC);859;kg/an
0005800607;BOREALIS CHIMIE;2005;Eau (direct);Phosphore total;53200;kg/an
0005800619;SYSTEMAIR AC;2005;Air;Hydroflurocarbures (HFC);4710;kg/an
0005800619;SYSTEMAIR AC;2005;Air;Méthane (CH4);1040000;kg/an
0005800607;BOREALIS CHIMIE;2005;Eau (direct);Plomb et composés (exprimés en tant que Pb);33;kg/an
0005800607;BOREALIS CHIMIE;2005;Eau (direct);Sulfates;1790000;kg/an
0005800610;SAINT LOUIS SUCRE;2005;Air;Oxydes de soufre (SOx/SO2);256000;kg/an
0005800620;SAFRAN AEROSYSTEMS;2005;Air;Composés organiques volatils non méthaniques (COVNM);70000;kg/an
0005800610;SAINT LOUIS SUCRE;2005;Air;Oxydes d'azote (NOx/NO2);244000;kg/an
0005800635;ARLANXEO ELASTOMERES FRANCE SAS;2005;Air;Composés organiques volatils non méthaniques (COVNM);728000;kg/an
0005800635;ARLANXEO ELASTOMERES FRANCE SAS;2005;Air;1,3-butadiène;38000;kg/an
0005800610;SAINT LOUIS SUCRE;2005;Sol;Azote total;267000;kg/an
0005800610;SAINT LOUIS SUCRE;2005;Sol;Carbone organique total (en tant que C total ou DCO/3);1570000;kg/an
0005800610;SAINT LOUIS SUCRE;2005;Sol;Demande biologique en oxygène (DBO5);1360000;kg/an
0005800652;POLYKOTE SAS;2005;Air;Composés organiques volatils non méthaniques (COVNM);159000;kg/an
0005800610;SAINT LOUIS SUCRE;2005;Sol;Demande chimique en oxygène (DCO);4710000;kg/an
0005800610;SAINT LOUIS SUCRE;2005;Sol;Matières en suspension (MES);43500000;kg/an
0005800685;RENOVATION EMBALLAGES METALLIQUES;2005;Air;Composés organiques volatils non méthaniques (COVNM);113000;kg/an
0005800610;SAINT LOUIS SUCRE;2005;Sol;Phosphore total;71000;kg/an
0005800763;BARRY CALLEBAUT FRANCE;2005;Air;Acétaldéhyde (aldéhyde acétique  éthanal);210;kg/an
0005800611;NOVANDIE;2005;Eau (indirect);Carbone organique total (en tant que C total ou DCO/3);443000;kg/an
0005800763;BARRY CALLEBAUT FRANCE;2005;Eau (indirect);Carbone organique total (en tant que C total ou DCO/3);73300;kg/an
0005800763;BARRY CALLEBAUT FRANCE;2005;Eau (indirect);Demande biologique en oxygène (DBO5);88700;kg/an
0005800763;BARRY CALLEBAUT FRANCE;2005;Eau (indirect);Demande chimique en oxygène (DCO);220000;kg/an
0005800611;NOVANDIE;2005;Eau (indirect);Demande biologique en oxygène (DBO5);665000;kg/an
0005800611;NOVANDIE;2005;Eau (indirect);Demande chimique en oxygène (DCO);1330000;kg/an
0005800814;CEISA PACKAGING SAS;2005;Air;Composés organiques volatils non méthaniques (COVNM);75900;kg/an
0005800613;ASK CHEMICALS FRANCE;2005;Air;Aldéhyde formique (formaldéhyde);16;kg/an
0005800820;ETABLISSEMENT CRAY VALLEY DROCOURT-GRAVIGNY;2005;Air;Dichlorométhane (DCM, chlorure de méthylène);4050;kg/an
0005800613;ASK CHEMICALS FRANCE;2005;Air;Méthanol (alcool méthylique);23;kg/an
0005800613;ASK CHEMICALS FRANCE;2005;Air;Phénols (en tant que C total);173;kg/an
0005800821;STEINER;2005;Air;Composés organiques volatils non méthaniques (COVNM);40800;kg/an
0005800821;STEINER;2005;Eau (direct);Phénols (en tant que C total);49.4;kg/an
0005800614;APLIFIL;2005;Eau (direct);Chrome et composés (exprimés en tant que Cr);356;kg/an
0005800821;STEINER;2005;Eau (direct);Aniline;92.4;kg/an
0005801839;Coffex Le Havre;2005;Eau (indirect);Dichlorométhane (DCM, chlorure de méthylène);174;kg/an
0005800902;PEINTURES SAFE;2005;Air;Composés organiques volatils non méthaniques (COVNM);45500;kg/an
0005800902;PEINTURES SAFE;2005;Air;Dichlorométhane (DCM, chlorure de méthylène);5030;kg/an
0005800902;PEINTURES SAFE;2005;Air;Méthanol (alcool méthylique);569;kg/an
0005801842;ETARES;2005;Air;Méthane (CH4);1570000;kg/an
0005801000;JANSSEN CILAG;2005;Eau (indirect);Demande biologique en oxygène (DBO5);43100;kg/an
0005801877;VAL LAQUAGE VT;2005;Air;Composés organiques volatils non méthaniques (COVNM);34600;kg/an
0005801044;DS SMITH;2005;Eau (direct);Carbone organique total (en tant que C total ou DCO/3);301000;kg/an
0005802016;CONDIVEX;2005;Air;Hydroflurocarbures (HFC);12700;kg/an
0005801044;DS SMITH;2005;Eau (direct);Composés organohalogénés (exprimés en tant que AOX);1310;kg/an
0005801044;DS SMITH;2005;Eau (direct);Demande biologique en oxygène (DBO5);112000;kg/an
0005801044;DS SMITH;2005;Eau (direct);Demande chimique en oxygène (DCO);904000;kg/an
0005801044;DS SMITH;2005;Eau (direct);Phosphore total;5630;kg/an
0005802143;EDF;2005;Air;Arsenic et composés (exprimés en tant que As);35;kg/an
0005801048;SATIMAT;2005;Air;Fluor et ses composés (F);1.6;kg/an
0005801048;SATIMAT;2005;Eau (direct);Fluor et ses composés (F);66;kg/an
0005802143;EDF;2005;Air;Cadmium et composés (exprimés en tant que Cd);13;kg/an
0005802143;EDF;2005;Air;Chlore et composés inorganiques (en tant que HCl);968000;kg/an
0005801086;TANK SOLUTIONS NORMANDIE (TSN SDV);2005;Eau (direct);Zinc et composés (exprimés en tant que Zn);338;kg/an
0005802143;EDF;2005;Air;Chrome et composés (exprimés en tant que Cr);208;kg/an
0005802143;EDF;2005;Air;Composés organiques volatils non méthaniques (COVNM);35100;kg/an
0005802143;EDF;2005;Air;Cuivre et composés (exprimés en tant que Cu);179;kg/an
0005801173;OMNOVA Solutions;2005;Air;Composés organiques volatils non méthaniques (COVNM);171000;kg/an
0005802143;EDF;2005;Air;Fluor et composés inorganiques (en tant que HF);59300;kg/an
0005801173;OMNOVA Solutions;2005;Air;1,3-butadiène;46600;kg/an
0005801173;OMNOVA Solutions;2005;Air;Acrylonitrile;8280;kg/an
0005802143;EDF;2005;Air;Hexafluorure de soufre (SF6);98;kg/an
0005801173;OMNOVA Solutions;2005;Eau (direct);Fluorures (en tant que F total);2980;kg/an
0005801173;OMNOVA Solutions;2005;Eau (direct);Fluor et ses composés (F);3080;kg/an
0005802143;EDF;2005;Air;Mercure et composés (exprimés en tant que Hg);84;kg/an
0005802143;EDF;2005;Air;Nickel et composés (exprimés en tant que Ni);295;kg/an
0005801224;galva-caux;2005;Air;Zinc et composés (exprimés en tant que Zn);310;kg/an
0005802143;EDF;2005;Air;Oxydes de soufre (SOx/SO2);10000000;kg/an
0005801243;ECOSTU'AIR;2005;Air;Dioxyde de carbone (CO2) d'origine biomasse;78300000;kg/an
0005802143;EDF;2005;Air;Oxydes d'azote (NOx/NO2);9780000;kg/an
0005801243;ECOSTU'AIR;2005;Air;Mercure et composés (exprimés en tant que Hg);11;kg/an
0005801243;ECOSTU'AIR;2005;Air;Acide fluorhydrique (flurorure d'hydrogène);360;kg/an
0005802143;EDF;2005;Air;Particules (PM10);668000;kg/an
0005801243;ECOSTU'AIR;2005;Air;Chlore;3480;kg/an
0005801243;ECOSTU'AIR;2005;Air;Fluor et ses composés (F);360;kg/an
0005802143;EDF;2005;Air;Poussières totales;812000;kg/an
0005801243;ECOSTU'AIR;2005;Eau (direct);Fluor et ses composés (F);9.7;kg/an
0005802143;EDF;2005;Air;Protoxyde d'azote (N2O);31100;kg/an
0005802143;EDF;2005;Air;Zinc et composés (exprimés en tant que Zn);258;kg/an
0005802143;EDF;2005;Eau (direct);Carbone organique total (en tant que C total ou DCO/3);106000;kg/an
0005801247;PHARMASYNTHESE SA;2005;Air;Composés organiques volatils non méthaniques (COVNM);52000;kg/an
0005802143;EDF;2005;Eau (direct);Composés organohalogénés (exprimés en tant que AOX);5900;kg/an
0005801247;PHARMASYNTHESE SA;2005;Air;Dichlorométhane (DCM, chlorure de méthylène);1700;kg/an
0005802143;EDF;2005;Eau (direct);Cuivre et composés (exprimés en tant que Cu);160;kg/an
0005802143;EDF;2005;Eau (direct);Demande chimique en oxygène (DCO);319000;kg/an
0005801260;centre de traitement des déchets;2005;Air;Acide fluorhydrique (flurorure d'hydrogène);55;kg/an
0005802143;EDF;2005;Eau (direct);Zinc et composés (exprimés en tant que Zn);794;kg/an
0005802648;BASF Agri-Production SAS;2005;Air;Composés organiques volatils non méthaniques (COVNM);78300;kg/an
0005801263;OISSEL TRANSPORTS;2005;Eau (indirect);Phénols (en tant que C total);96;kg/an
0005802648;BASF Agri-Production SAS;2005;Air;Hydroflurocarbures (HFC);3160;kg/an
0005802648;BASF Agri-Production SAS;2005;Air;Méthanol (alcool méthylique);77;kg/an
0005802648;BASF Agri-Production SAS;2005;Air;Phénols (en tant que C total);8;kg/an
0005801304;WILD France;2005;Eau (indirect);Carbone organique total (en tant que C total ou DCO/3);90600;kg/an
0005801304;WILD France;2005;Eau (indirect);Demande biologique en oxygène (DBO5);98700;kg/an
0005802648;BASF Agri-Production SAS;2005;Eau (direct);Azote total;157000;kg/an
0005801304;WILD France;2005;Eau (indirect);Demande chimique en oxygène (DCO);272000;kg/an
0005801350;MAJ (ELIS NORMANDIE);2005;Eau (indirect);Carbone organique total (en tant que C total ou DCO/3);74800;kg/an
0005802648;BASF Agri-Production SAS;2005;Eau (direct);Carbone organique total (en tant que C total ou DCO/3);195000;kg/an
0005801350;MAJ (ELIS NORMANDIE);2005;Eau (indirect);Demande biologique en oxygène (DBO5);46000;kg/an
0005801350;MAJ (ELIS NORMANDIE);2005;Eau (indirect);Phosphore total;7090;kg/an
0005802648;BASF Agri-Production SAS;2005;Eau (direct);Composés organohalogénés (exprimés en tant que AOX);5790;kg/an
0005802648;BASF Agri-Production SAS;2005;Eau (direct);Cyanures (sous forme de CN total);1300;kg/an
0005801362;TARANIS DU ROUVRAY;2005;Air;Oxydes de soufre (SOx/SO2);377000;kg/an
0005802648;BASF Agri-Production SAS;2005;Eau (direct);Demande biologique en oxygène (DBO5);91100;kg/an
0005801362;TARANIS DU ROUVRAY;2005;Air;Oxydes d'azote (NOx/NO2);212000;kg/an
0005802648;BASF Agri-Production SAS;2005;Eau (direct);Demande chimique en oxygène (DCO);585000;kg/an
0005802648;BASF Agri-Production SAS;2005;Eau (direct);Fluorures (en tant que F total);2560;kg/an
0005802648;BASF Agri-Production SAS;2005;Eau (direct);Nickel et composés (exprimés en tant que Ni);47.5;kg/an
0005801373;KNAUF PACK NORD;2005;Air;Composés organiques volatils non méthaniques (COVNM);64000;kg/an
0005802648;BASF Agri-Production SAS;2005;Eau (direct);Phosphore total;6530;kg/an
0005802648;BASF Agri-Production SAS;2005;Eau (direct);Sulfates;2970000;kg/an
0005801405;COLLET SAS;2005;Air;Composés organiques volatils non méthaniques (COVNM);30800;kg/an
0005802648;BASF Agri-Production SAS;2005;Eau (direct);Zinc et composés (exprimés en tant que Zn);2430;kg/an
0005801405;COLLET SAS;2005;Air;Hydrocarbures aromatiques polycycliques (HAP);120;kg/an
0005801405;COLLET SAS;2005;Air;Méthanol (alcool méthylique);100;kg/an
0005802648;BASF Agri-Production SAS;2005;Eau (direct);Méthanol (alcool méthylique);900;kg/an
0005900110;SPIC (SOCIETE NOUVELLE SPIC);2005;Air;Tétrachloroéthylène (PER, tétrachloroéthylène);5920;kg/an
0005900119;VILLE DE BESANCON (CELSIUS);2005;Air;Chlore et composés inorganiques (en tant que HCl);12500;kg/an
0005801418;DISTILLERIE BUSNEL;2005;Eau (direct);Demande biologique en oxygène (DBO5);46000;kg/an
0005801442;ASPEN NOTRE DAME DE BONDEVILLE;2005;Air;Composés organiques volatils non méthaniques (COVNM);33200;kg/an
0005900119;VILLE DE BESANCON (CELSIUS);2005;Air;Oxydes de soufre (SOx/SO2);195000;kg/an
0005900123;FAURECIA BLOC AVANT;2005;Air;Composés organiques volatils non méthaniques (COVNM);435000;kg/an
0005801444;FONDERIE DE NORMANDIE;2005;Eau (indirect);Carbone organique total (en tant que C total ou DCO/3);131000;kg/an
0005801444;FONDERIE DE NORMANDIE;2005;Eau (indirect);Demande biologique en oxygène (DBO5);62700;kg/an
0005900124;FCI (Besançon);2005;Eau (indirect);Hydrocarbures aromatiques polycycliques (HAP);14.3;kg/an
0005801444;FONDERIE DE NORMANDIE;2005;Eau (indirect);Demande chimique en oxygène (DCO);393000;kg/an
0005801468;PPG COATINGS SA;2005;Air;Composés organiques volatils non méthaniques (COVNM);69000;kg/an
0005801491;Metropole Rouen Normandie;2005;Air;Acide fluorhydrique (flurorure d'hydrogène);11;kg/an
0005900135;EMT 25;2005;Air;Trichloréthylène;8000;kg/an
0005801521;ONDULINE FRANCE SAS;2005;Air;Aldéhyde formique (formaldéhyde);3370;kg/an
0005900162;PAPETERIE ZUBER RIEDER;2005;Eau (direct);Carbone organique total (en tant que C total ou DCO/3);179000;kg/an
0005801522;LINEX PANNEAUX;2005;Air;Dioxyde de carbone (CO2) d'origine biomasse;39000000;kg/an
0005801522;LINEX PANNEAUX;2005;Air;Monoxyde de carbone (CO);562000;kg/an
0005801522;LINEX PANNEAUX;2005;Air;Oxydes d'azote (NOx/NO2);322000;kg/an
0005801522;LINEX PANNEAUX;2005;Air;Aldéhyde formique (formaldéhyde);8200;kg/an
0005900162;PAPETERIE ZUBER RIEDER;2005;Eau (direct);Demande biologique en oxygène (DBO5);213000;kg/an
0005900162;PAPETERIE ZUBER RIEDER;2005;Eau (direct);Demande chimique en oxygène (DCO);536000;kg/an
0005900162;PAPETERIE ZUBER RIEDER;2005;Eau (direct);Matières en suspension (MES);706000;kg/an
0005801612;COGELYO Ouest SAIPOL;2005;Air;Oxydes d'azote (NOx/NO2);107000;kg/an
0005900164;TREVEST;2005;Air;Composés organiques volatils non méthaniques (COVNM);57400;kg/an
0005801681;VERESCENCE;2005;Air;Cadmium et composés (exprimés en tant que Cd);11.9;kg/an
0005801681;VERESCENCE;2005;Air;Mercure et composés (exprimés en tant que Hg);10.9;kg/an
0005801681;VERESCENCE;2005;Air;Nickel et composés (exprimés en tant que Ni);162;kg/an
0005900164;TREVEST;2005;Air;Dichlorométhane (DCM, chlorure de méthylène);2190;kg/an
0005801681;VERESCENCE;2005;Air;Oxydes de soufre (SOx/SO2);451000;kg/an
0005801681;VERESCENCE;2005;Air;Oxydes d'azote (NOx/NO2);210000;kg/an
0005900244;sté KME (ex Zindel);2005;Eau (direct);Zinc et composés (exprimés en tant que Zn);206;kg/an
0005801681;VERESCENCE;2005;Air;Fluor et ses composés (F);2940;kg/an
0005801756;PAULSTRA;2005;Air;Trichloréthylène;7710;kg/an
0005900367;WIENERBERGER (EX KORAMIC);2005;Air;Fluor et composés inorganiques (en tant que HF);7500;kg/an
0005900388;COEURDOR Groupe Surfaces Synergies;2005;Eau (direct);Fluor et ses composés (F);4;kg/an
0005801770;SETOM;2005;Air;Mercure et composés (exprimés en tant que Hg);13.3;kg/an
0005801770;SETOM;2005;Air;Cobalt et composés (exprimés en tant que Co);1.09;kg/an
0005900398;PEUGEOT SCOOTERS;2005;Air;Composés organiques volatils non méthaniques (COVNM);96900;kg/an
0005801770;SETOM;2005;Air;Etain et composés (exprimés en tant que Sn);6.36;kg/an
0005900400;PAPETERIE DE MANDEURE;2005;Eau (direct);Demande biologique en oxygène (DBO5);52400;kg/an
0005900458;VALINEA;2005;Air;Dioxyde de carbone (CO2) d'origine biomasse;25600000;kg/an
0005801839;Coffex Le Havre;2005;Air;Dichlorométhane (DCM, chlorure de méthylène);27000;kg/an
0005900532;GURTNER SA;2005;Air;Trichloréthylène;13100;kg/an
0005900536;ARMSTRONG BUILDING PRODUCTS S.A.;2005;Air;Oxydes de soufre (SOx/SO2);223000;kg/an
0005900536;ARMSTRONG BUILDING PRODUCTS S.A.;2005;Eau (indirect);Demande biologique en oxygène (DBO5);51100;kg/an
0005900544;APERAM STAINLESS PRECISION;2005;Air;Trichloréthylène;14200;kg/an
0005900591;SV DECOUPAGE;2005;Air;Trichloréthylène;5450;kg/an
0005900985;PROVALT JURA Unité 1 / PRODIA Unité 2;2005;Air;Dioxyde de carbone (CO2) d'origine biomasse;21600000;kg/an
0005900605;GALVANOPLAST Sochaux-Montbéliard;2005;Air;Chrome et composés (exprimés en tant que Cr);192;kg/an
0005901039;SOCIETE NOUVELLE REVETIS;2005;Eau (direct);Nickel et composés (exprimés en tant que Ni);31.6;kg/an
0005900605;GALVANOPLAST Sochaux-Montbéliard;2005;Eau (direct);Nickel et composés (exprimés en tant que Ni);55.9;kg/an
0005900605;GALVANOPLAST Sochaux-Montbéliard;2005;Eau (direct);Zinc et composés (exprimés en tant que Zn);210;kg/an
0005901072;GALVANOPLAST;2005;Air;Acide fluorhydrique (flurorure d'hydrogène);167;kg/an
0005900608;PEUGEOT CITROEN SOCHAUX SNC;2005;Air;Composés organiques volatils non méthaniques (COVNM);2450000;kg/an
0005901072;GALVANOPLAST;2005;Air;Chlore;13;kg/an
0005901072;GALVANOPLAST;2005;Eau (direct);Nickel et composés (exprimés en tant que Ni);203;kg/an
0005901072;GALVANOPLAST;2005;Eau (direct);Zinc et composés (exprimés en tant que Zn);386;kg/an
0005900608;PEUGEOT CITROEN SOCHAUX SNC;2005;Air;Hydrochlorofluorocarbures (HCFC);532;kg/an
0005901072;GALVANOPLAST;2005;Eau (direct);Chlore;42600;kg/an
0005901072;GALVANOPLAST;2005;Eau (direct);Fluor et ses composés (F);94;kg/an
0005900608;PEUGEOT CITROEN SOCHAUX SNC;2005;Air;Nickel et composés (exprimés en tant que Ni);175;kg/an
0005901098;MILLERET Fromagerie;2005;Eau (indirect);Carbone organique total (en tant que C total ou DCO/3);202000;kg/an
0005900608;PEUGEOT CITROEN SOCHAUX SNC;2005;Air;Oxydes de soufre (SOx/SO2);170000;kg/an
0005901098;MILLERET Fromagerie;2005;Eau (indirect);Demande biologique en oxygène (DBO5);288000;kg/an
0005901098;MILLERET Fromagerie;2005;Eau (indirect);Demande chimique en oxygène (DCO);606000;kg/an
0005900608;PEUGEOT CITROEN SOCHAUX SNC;2005;Air;Oxydes d'azote (NOx/NO2);115000;kg/an
0005901098;MILLERET Fromagerie;2005;Eau (indirect);Phosphore total;28100;kg/an
0005900608;PEUGEOT CITROEN SOCHAUX SNC;2005;Air;Aldéhyde formique (formaldéhyde);1470;kg/an
0005900608;PEUGEOT CITROEN SOCHAUX SNC;2005;Eau (direct);Nickel et composés (exprimés en tant que Ni);227;kg/an
0005901113;CONFLANDEY INDUSTRIES SAS;2005;Eau (direct);Cuivre et composés (exprimés en tant que Cu);54.2;kg/an
0005901113;CONFLANDEY INDUSTRIES SAS;2005;Eau (direct);Zinc et composés (exprimés en tant que Zn);212;kg/an
0005900608;PEUGEOT CITROEN SOCHAUX SNC;2005;Eau (direct);Plomb et composés (exprimés en tant que Pb);179;kg/an
0005901114;EUROCOOLER SYSTEMS;2005;Air;Composés organiques volatils non méthaniques (COVNM);57200;kg/an
0005900608;PEUGEOT CITROEN SOCHAUX SNC;2005;Eau (direct);Zinc et composés (exprimés en tant que Zn);217;kg/an
0005900821;FROMAGERIES BEL PRODUCTION FRANCE (FBPF);2005;Eau (indirect);Carbone organique total (en tant que C total ou DCO/3);66200;kg/an
0005901115;COMPAGNIE FRANCAISE DU PANNEAU;2005;Air;Composés organiques volatils non méthaniques (COVNM);113000;kg/an
0005901115;COMPAGNIE FRANCAISE DU PANNEAU;2005;Air;Dioxyde de carbone (CO2) d'origine biomasse;136000000;kg/an
0005901115;COMPAGNIE FRANCAISE DU PANNEAU;2005;Air;Oxydes d'azote (NOx/NO2);317000;kg/an
0005901115;COMPAGNIE FRANCAISE DU PANNEAU;2005;Air;Aldéhyde formique (formaldéhyde);26700;kg/an
0005900821;FROMAGERIES BEL PRODUCTION FRANCE (FBPF);2005;Eau (indirect);Demande biologique en oxygène (DBO5);136000;kg/an
0005901127;WALTEFAUGLE;2005;Air;Composés organiques volatils non méthaniques (COVNM);86200;kg/an
0005900821;FROMAGERIES BEL PRODUCTION FRANCE (FBPF);2005;Eau (indirect);Demande chimique en oxygène (DCO);199000;kg/an
0005901149;FUJI SEAL FRANCE SAS;2005;Air;Composés organiques volatils non méthaniques (COVNM);428000;kg/an
0005900878;FLEXICO Etablissement de Lons;2005;Air;Composés organiques volatils non méthaniques (COVNM);255000;kg/an
0005901183;OGF;2005;Air;Composés organiques volatils non méthaniques (COVNM);50700;kg/an
0005901195;CF2P SAS (ex IKEA INDUSTRY FRANCE);2005;Air;Composés organiques volatils non méthaniques (COVNM);33700;kg/an
0005901195;CF2P SAS (ex IKEA INDUSTRY FRANCE);2005;Air;Dioxyde de carbone (CO2) d'origine biomasse;53600000;kg/an
0005901195;CF2P SAS (ex IKEA INDUSTRY FRANCE);2005;Air;Acétaldéhyde (aldéhyde acétique  éthanal);1980;kg/an
0005901195;CF2P SAS (ex IKEA INDUSTRY FRANCE);2005;Air;Aldéhyde formique (formaldéhyde);1720;kg/an
0005900881;SYDOM du Jura;2005;Air;Dioxyde de carbone (CO2) d'origine biomasse;13500000;kg/an
0005901214;FAURECIA;2005;Air;Composés organiques volatils non méthaniques (COVNM);166000;kg/an
0005901214;FAURECIA;2005;Air;Dichlorométhane (DCM, chlorure de méthylène);2010;kg/an
0005900890;SOCIETE FROMAGERE DE LONS LE SAUNIER;2005;Eau (indirect);Carbone organique total (en tant que C total ou DCO/3);75000;kg/an
0005901236;HONEYWELL SAFETY PRODUCTS FC SAS;2005;Eau (direct);Nickel et composés (exprimés en tant que Ni);36.3;kg/an
0005901236;HONEYWELL SAFETY PRODUCTS FC SAS;2005;Eau (direct);Fluor et ses composés (F);8.4;kg/an
0005900890;SOCIETE FROMAGERE DE LONS LE SAUNIER;2005;Eau (indirect);Demande biologique en oxygène (DBO5);123000;kg/an
0005900890;SOCIETE FROMAGERE DE LONS LE SAUNIER;2005;Eau (indirect);Demande chimique en oxygène (DCO);225000;kg/an
0005901243;EUROSERUM;2005;Eau (direct);Azote total;141000;kg/an
0005900978;EQIOM (Cimenterie);2005;Air;Composés organiques volatils non méthaniques (COVNM);35000;kg/an
0005901243;EUROSERUM;2005;Eau (direct);Carbone organique total (en tant que C total ou DCO/3);1320000;kg/an
0005901243;EUROSERUM;2005;Eau (direct);Demande biologique en oxygène (DBO5);298000;kg/an
0005900978;EQIOM (Cimenterie);2005;Air;Dioxyde de carbone (CO2) d'origine biomasse;17200000;kg/an
0005901243;EUROSERUM;2005;Eau (direct);Demande chimique en oxygène (DCO);3950000;kg/an
0005901243;EUROSERUM;2005;Eau (direct);Matières en suspension (MES);514000;kg/an
0005900978;EQIOM (Cimenterie);2005;Air;Oxydes de soufre (SOx/SO2);607000;kg/an
0005901243;EUROSERUM;2005;Eau (direct);Phosphore total;232000;kg/an
0005901288;SUEZ RR IWS Minerals France (ex SITA FD);2005;Air;Méthane (CH4);172000;kg/an
0005900978;EQIOM (Cimenterie);2005;Air;Oxydes d'azote (NOx/NO2);275000;kg/an
0006000275;CENTRALE ENERGIE DECHETS LIMOGES (CEDLM);2005;Air;Cadmium et composés (exprimés en tant que Cd);10.8;kg/an
0005901306;PSA AUTOMOBILES SA;2005;Eau (direct);Nickel et composés (exprimés en tant que Ni);41.4;kg/an
0005901333;SODEX HUMBERT;2005;Eau (direct);Nickel et composés (exprimés en tant que Ni);21.7;kg/an
0005901347;NIPSON TECHNOLOGY;2005;Air;Méthanol (alcool méthylique);400;kg/an
0005901347;NIPSON TECHNOLOGY;2005;Eau (direct);Cobalt et composés (exprimés en tant que Co);10;kg/an
0006000275;CENTRALE ENERGIE DECHETS LIMOGES (CEDLM);2005;Air;Dioxyde de carbone (CO2) d'origine biomasse;35800000;kg/an
0005901367;LE FRANCOMTOIS;2005;Eau (direct);Carbone organique total (en tant que C total ou DCO/3);192000;kg/an
0005901367;LE FRANCOMTOIS;2005;Eau (direct);Demande biologique en oxygène (DBO5);350000;kg/an
0005901367;LE FRANCOMTOIS;2005;Eau (direct);Demande chimique en oxygène (DCO);576000;kg/an
0006000275;CENTRALE ENERGIE DECHETS LIMOGES (CEDLM);2005;Air;Mercure et composés (exprimés en tant que Hg);21.8;kg/an
0005901367;LE FRANCOMTOIS;2005;Eau (direct);Phosphore total;8980;kg/an
0005901400;VON ROLL ISOLA FRANCE;2005;Air;Composés organiques volatils non méthaniques (COVNM);57300;kg/an
0006000283;DELVERT;2005;Eau (indirect);Demande biologique en oxygène (DBO5);72600;kg/an
0005901430;LISI AUTOMOTIVE FORMER Prépa Matière;2005;Eau (direct);Zinc et composés (exprimés en tant que Zn);177;kg/an
0006000290;POLYREY;2005;Air;Oxydes d'azote (NOx/NO2);260000;kg/an
0006000290;POLYREY;2005;Air;Poussières totales;248000;kg/an
0005901447;VMC PECHE;2005;Air;Trichloréthylène;9340;kg/an
0006000292;ATI;2005;Eau (direct);Chrome et composés (exprimés en tant que Cr);62;kg/an
0005901447;VMC PECHE;2005;Air;Fluor et ses composés (F);0.235;kg/an
0005901447;VMC PECHE;2005;Eau (direct);Trichloréthylène;43.7;kg/an
0005901447;VMC PECHE;2005;Eau (direct);Fluor et ses composés (F);220;kg/an
0006000292;ATI;2005;Eau (direct);Nickel et composés (exprimés en tant que Ni);150;kg/an
0005901472;BBI PEINTURES;2005;Air;Composés organiques volatils non méthaniques (COVNM);40300;kg/an
0006000292;ATI;2005;Eau (direct);Zinc et composés (exprimés en tant que Zn);486;kg/an
0006000314;SMURFIT KAPPA Papier Recyclé France;2005;Eau (direct);Azote total;74200;kg/an
0005901933;ALSTOM TRANSPORT;2005;Air;Composés organiques volatils non méthaniques (COVNM);34100;kg/an
0006000314;SMURFIT KAPPA Papier Recyclé France;2005;Eau (direct);Carbone organique total (en tant que C total ou DCO/3);243000;kg/an
0006000314;SMURFIT KAPPA Papier Recyclé France;2005;Eau (direct);Demande biologique en oxygène (DBO5);130000;kg/an
0005902151;MBF Aluminium;2005;Air;Cobalt et composés (exprimés en tant que Co);3.16;kg/an
0005902151;MBF Aluminium;2005;Air;Etain et composés (exprimés en tant que Sn);10.5;kg/an
0006000314;SMURFIT KAPPA Papier Recyclé France;2005;Eau (direct);Demande chimique en oxygène (DCO);728000;kg/an
0005902155;VON ROLL FRANCE;2005;Air;Crésol (mélange d'isomères);23;kg/an
0005902155;VON ROLL FRANCE;2005;Air;Phénols (en tant que C total);45;kg/an
0005902583;FACEL;2005;Air;Sulfure d'hydrogène (H2S);46100;kg/an
0005902583;FACEL;2005;Air;Sulfure de carbone;142000;kg/an
0006000314;SMURFIT KAPPA Papier Recyclé France;2005;Eau (direct);Phosphore total;12300;kg/an
0005902583;FACEL;2005;Eau (direct);Sulfure de carbone;27400;kg/an
0006000314;SMURFIT KAPPA Papier Recyclé France;2005;Eau (direct);Zinc et composés (exprimés en tant que Zn);222;kg/an
0005902685;INOVYN France;2005;Air;1,2-dichloroéthane (DCE - chlorure d'éthylène);10500;kg/an
0005902685;INOVYN France;2005;Air;Ammoniac (NH3);56700;kg/an
0005902685;INOVYN France;2005;Air;Chlore et composés inorganiques (en tant que HCl);14000;kg/an
0005902685;INOVYN France;2005;Air;Chloroforme (trichlorométhane);4860;kg/an
0006000322;SMURFIT KAPPA PAPIER RECYCLE FRANCE PAPETERIE D'UZERCHE;2005;Eau (direct);Carbone organique total (en tant que C total ou DCO/3);120000;kg/an
0005902685;INOVYN France;2005;Air;Chlorure de vinyle (chloroéthène);36700;kg/an
0005902685;INOVYN France;2005;Air;Composés organiques volatils non méthaniques (COVNM);69200;kg/an
0005902685;INOVYN France;2005;Air;Dichlorométhane (DCM, chlorure de méthylène);10200;kg/an
0005902685;INOVYN France;2005;Air;Hydrochlorofluorocarbures (HCFC);32000;kg/an
0005902685;INOVYN France;2005;Air;Hydroflurocarbures (HFC);6480;kg/an
0006000322;SMURFIT KAPPA PAPIER RECYCLE FRANCE PAPETERIE D'UZERCHE;2005;Eau (direct);Demande biologique en oxygène (DBO5);49600;kg/an
0005902685;INOVYN France;2005;Air;Mercure et composés (exprimés en tant que Hg);191;kg/an
0005902685;INOVYN France;2005;Air;Monoxyde de carbone (CO);1110000;kg/an
0005902685;INOVYN France;2005;Air;Oxydes de soufre (SOx/SO2);1950000;kg/an
0005902685;INOVYN France;2005;Air;Oxydes d'azote (NOx/NO2);1330000;kg/an
0005902685;INOVYN France;2005;Air;Protoxyde d'azote (N2O);14500;kg/an
0006000322;SMURFIT KAPPA PAPIER RECYCLE FRANCE PAPETERIE D'UZERCHE;2005;Eau (direct);Demande chimique en oxygène (DCO);361000;kg/an
0005902685;INOVYN France;2005;Air;Tétrachlorométhane (TCM, tétrachlorure de carbone);6260;kg/an
0005902685;INOVYN France;2005;Air;Acide fluorhydrique (flurorure d'hydrogène);2670;kg/an
0006000336;PHOTONIS FRANCE SAS;2005;Eau (indirect);Cuivre et composés (exprimés en tant que Cu);56;kg/an
0005902685;INOVYN France;2005;Air;Acrylonitrile;3200;kg/an
0005902685;INOVYN France;2005;Air;Chlorométhane (chlorure de méthyle);860;kg/an
0005902685;INOVYN France;2005;Air;Epichlorhydrine (1-chloro-2,3-époxypropane);452;kg/an
0006000336;PHOTONIS FRANCE SAS;2005;Eau (direct);Acide fluorhydrique (flurorure d'hydrogène);64;kg/an
0005902685;INOVYN France;2005;Eau (direct);1,2-dichloroéthane (DCE - chlorure d'éthylène);12;kg/an
0005902685;INOVYN France;2005;Eau (direct);Arsenic et composés (exprimés en tant que As);129;kg/an
0006000347;SMJ - Station du Bernardan;2005;Eau (direct);Fluor et ses composés (F);1270;kg/an
0005902685;INOVYN France;2005;Eau (direct);Azote total;68000;kg/an
0005902685;INOVYN France;2005;Eau (direct);Carbone organique total (en tant que C total ou DCO/3);393000;kg/an
0005902685;INOVYN France;2005;Eau (direct);Chloroforme (trichlorométhane);365;kg/an
0005902685;INOVYN France;2005;Eau (direct);Chlorures (en tant que Cl total);167000000;kg/an
0006000348;PANNEAUX DE CORREZE;2005;Air;Dioxyde de carbone (CO2) d'origine biomasse;35900000;kg/an
0005902685;INOVYN France;2005;Eau (direct);Composés organohalogénés (exprimés en tant que AOX);40000;kg/an
0005902685;INOVYN France;2005;Eau (direct);Demande biologique en oxygène (DBO5);277000;kg/an
0006000350;TANNERIE MEGISSERIE HERVY;2005;Eau (indirect);Demande biologique en oxygène (DBO5);45700;kg/an
0005902685;INOVYN France;2005;Eau (direct);Demande chimique en oxygène (DCO);530000;kg/an
0005902685;INOVYN France;2005;Eau (direct);Dichlorométhane (DCM, chlorure de méthylène);387;kg/an
0005902685;INOVYN France;2005;Eau (direct);Fer et composés (exprimés en tant que Fe);4480;kg/an
0006000356;MICHAEL GRELLETY;2005;Eau (direct);Nickel et composés (exprimés en tant que Ni);38;kg/an
0005902685;INOVYN France;2005;Eau (direct);Fluorures (en tant que F total);23600;kg/an
0005902685;INOVYN France;2005;Eau (direct);Manganèse et composés (exprimés en tant que Mn);4100;kg/an
0006000361;Société BLEDINA;2005;Eau (indirect);Carbone organique total (en tant que C total ou DCO/3);178000;kg/an
0005902685;INOVYN France;2005;Eau (direct);Matières en suspension (MES);1150000;kg/an
0005902685;INOVYN France;2005;Eau (direct);Mercure et composés (exprimés en tant que Hg);14;kg/an
0005902685;INOVYN France;2005;Eau (direct);Sulfates;9240000;kg/an
0006000361;Société BLEDINA;2005;Eau (indirect);Demande biologique en oxygène (DBO5);332000;kg/an
0005902685;INOVYN France;2005;Eau (direct);Trichloréthylène;250;kg/an
0005902685;INOVYN France;2005;Eau (direct);Tétrachloroéthylène (PER, tétrachloroéthylène);766;kg/an
0006000361;Société BLEDINA;2005;Eau (indirect);Demande chimique en oxygène (DCO);533000;kg/an
0005902685;INOVYN France;2005;Eau (direct);Tétrachlorométhane (TCM, tétrachlorure de carbone);43;kg/an
0005902685;INOVYN France;2005;Eau (direct);Chlorure de vinyle (chloroéthène);39;kg/an
0006000385;INTERNATIONAL PAPER;2005;Air;Dioxyde de carbone (CO2) d'origine biomasse;876000000;kg/an
0006000385;INTERNATIONAL PAPER;2005;Air;Oxydes d'azote (NOx/NO2);971000;kg/an
0005902723;GEMDOUBS (ex PAPETERIE DU DOUBS ex OTOR);2005;Air;Oxydes de soufre (SOx/SO2);197000;kg/an
0006000385;INTERNATIONAL PAPER;2005;Air;Protoxyde d'azote (N2O);26300;kg/an
0005902723;GEMDOUBS (ex PAPETERIE DU DOUBS ex OTOR);2005;Eau (direct);Carbone organique total (en tant que C total ou DCO/3);50300;kg/an
0005902723;GEMDOUBS (ex PAPETERIE DU DOUBS ex OTOR);2005;Eau (direct);Demande chimique en oxygène (DCO);151000;kg/an
0006000385;INTERNATIONAL PAPER;2005;Air;Sulfure d'hydrogène (H2S);9980;kg/an
0006000385;INTERNATIONAL PAPER;2005;Eau (direct);Aluminium et composés (exprimés en tant que Al);238000;kg/an
0006000274;VALEO Usine;2005;Air;Trichloréthylène;173000;kg/an
0006000274;VALEO Usine;2005;Air;Aldéhyde formique (formaldéhyde);3000;kg/an
0006000385;INTERNATIONAL PAPER;2005;Eau (direct);Arsenic et composés (exprimés en tant que As);133;kg/an
0006000385;INTERNATIONAL PAPER;2005;Eau (direct);Azote total;164000;kg/an
0006000385;INTERNATIONAL PAPER;2005;Eau (direct);Cadmium et composés (exprimés en tant que Cd);18;kg/an
0006000385;INTERNATIONAL PAPER;2005;Eau (direct);Carbone organique total (en tant que C total ou DCO/3);2800000;kg/an
0006000385;INTERNATIONAL PAPER;2005;Eau (direct);Chrome et composés (exprimés en tant que Cr);353;kg/an
0006000385;INTERNATIONAL PAPER;2005;Eau (direct);Composés organohalogénés (exprimés en tant que AOX);65900;kg/an
0006102088;laiterie cooperative etrez beaupont;2005;Eau (indirect);Carbone organique total (en tant que C total ou DCO/3);125000;kg/an
0006000385;INTERNATIONAL PAPER;2005;Eau (direct);Cuivre et composés (exprimés en tant que Cu);316;kg/an
0006102088;laiterie cooperative etrez beaupont;2005;Eau (indirect);Demande biologique en oxygène (DBO5);103000;kg/an
0006102088;laiterie cooperative etrez beaupont;2005;Eau (indirect);Demande chimique en oxygène (DCO);374000;kg/an
0006000385;INTERNATIONAL PAPER;2005;Eau (direct);Demande biologique en oxygène (DBO5);496000;kg/an
0006000385;INTERNATIONAL PAPER;2005;Eau (direct);Demande chimique en oxygène (DCO);8410000;kg/an
0006000385;INTERNATIONAL PAPER;2005;Eau (direct);Fer et composés (exprimés en tant que Fe);119000;kg/an
0006000385;INTERNATIONAL PAPER;2005;Eau (direct);Manganèse et composés (exprimés en tant que Mn);75100;kg/an
0006102089;STORENGY;2005;Air;Composés organiques volatils non méthaniques (COVNM);44400;kg/an
0006000385;INTERNATIONAL PAPER;2005;Eau (direct);Matières en suspension (MES);311000;kg/an
0006102089;STORENGY;2005;Air;Méthane (CH4);382000;kg/an
0006102089;STORENGY;2005;Air;Oxydes d'azote (NOx/NO2);344000;kg/an
0006000385;INTERNATIONAL PAPER;2005;Eau (direct);Nickel et composés (exprimés en tant que Ni);296;kg/an
0006000385;INTERNATIONAL PAPER;2005;Eau (direct);Phosphore total;31700;kg/an
0006102124;VERALLIA Lagnieu;2005;Air;Chlore et composés inorganiques (en tant que HCl);15700;kg/an
0006102124;VERALLIA Lagnieu;2005;Air;Nickel et composés (exprimés en tant que Ni);61;kg/an
0006102124;VERALLIA Lagnieu;2005;Air;Oxydes de soufre (SOx/SO2);456000;kg/an
0006000385;INTERNATIONAL PAPER;2005;Eau (direct);Plomb et composés (exprimés en tant que Pb);213;kg/an
0006102124;VERALLIA Lagnieu;2005;Air;Oxydes d'azote (NOx/NO2);273000;kg/an
0006102124;VERALLIA Lagnieu;2005;Air;Etain et composés (exprimés en tant que Sn);4260;kg/an
0006000385;INTERNATIONAL PAPER;2005;Eau (direct);Titane et composés (exprimés en tant que Ti);15200;kg/an
0006102125;CIPAB-PASCAL BADET ETS;2005;Eau (direct);Nickel et composés (exprimés en tant que Ni);99;kg/an
0006000385;INTERNATIONAL PAPER;2005;Eau (direct);Zinc et composés (exprimés en tant que Zn);3220;kg/an
0006000416;PAPREC CRV Brive;2005;Eau (direct);Arsenic et composés (exprimés en tant que As);10.4;kg/an
0006102142;STE NOUVELLE LA BRESSE;2005;Air;Oxydes d'azote (NOx/NO2);1360000;kg/an
0006000419;COVIMAG;2005;Air;Hexafluorure de soufre (SF6);600;kg/an
0006102142;STE NOUVELLE LA BRESSE;2005;Eau (direct);Carbone organique total (en tant que C total ou DCO/3);207000;kg/an
0006102142;STE NOUVELLE LA BRESSE;2005;Eau (direct);Demande biologique en oxygène (DBO5);248000;kg/an
0006102142;STE NOUVELLE LA BRESSE;2005;Eau (direct);Demande chimique en oxygène (DCO);621000;kg/an
0006102142;STE NOUVELLE LA BRESSE;2005;Eau (direct);Phosphore total;5800;kg/an
0006000419;COVIMAG;2005;Air;Acide fluorhydrique (flurorure d'hydrogène);5;kg/an
0006000427;SYTTOM-UIOM BRIVE;2005;Air;Dioxyde de carbone (CO2) d'origine biomasse;29100000;kg/an
0006102152;CARRIER SCS;2005;Air;Hydroflurocarbures (HFC);7810;kg/an
0006000457;VALDI;2005;Eau (indirect);Nickel et composés (exprimés en tant que Ni);275;kg/an
0006000457;VALDI;2005;Eau (indirect);Zinc et composés (exprimés en tant que Zn);200;kg/an
0006000527;SUEZ RV SO (ex-SITA SO);2005;Air;Méthane (CH4);396000;kg/an
0006102156;GROSFILLEX SARL;2005;Air;Composés organiques volatils non méthaniques (COVNM);54000;kg/an
0006000527;SUEZ RV SO (ex-SITA SO);2005;Air;Sulfure d'hydrogène (H2S);8630;kg/an
0006000537;FONDERIE DUCUIVRE DU PALAIS;2005;Eau (indirect);Cuivre et composés (exprimés en tant que Cu);190;kg/an
0006102179;VERNICOLOR;2005;Air;Composés organiques volatils non méthaniques (COVNM);149000;kg/an
0006000537;FONDERIE DUCUIVRE DU PALAIS;2005;Eau (indirect);Nickel et composés (exprimés en tant que Ni);66;kg/an
0006001301;Ferro Couleurs France;2005;Air;Cadmium et composés (exprimés en tant que Cd);17.2;kg/an
0006102201;WIENERBERGER SAS;2005;Air;Protoxyde d'azote (N2O);11100;kg/an
0006001301;Ferro Couleurs France;2005;Air;Plomb et composés (exprimés en tant que Pb);1490;kg/an
0006102218;LAMBERET;2005;Air;Composés organiques volatils non méthaniques (COVNM);320000;kg/an
0006102252;ELECTROLIUM;2005;Eau (direct);Nickel et composés (exprimés en tant que Ni);53.5;kg/an
0006001301;Ferro Couleurs France;2005;Air;Zinc et composés (exprimés en tant que Zn);1620;kg/an
0006001460;SAFRAN FILTRATION SYSTEMS (ex-SOFRANCE);2005;Air;Hydrochlorofluorocarbures (HCFC);2290;kg/an
0006102256;SYNDICAT MIXTE DE LA PLAINE DE L'AIN;2005;Eau (direct);Nickel et composés (exprimés en tant que Ni);40;kg/an
0006002154;ORANO Mining;2005;Eau (direct);Fluorures (en tant que F total);2900;kg/an
0006102256;SYNDICAT MIXTE DE LA PLAINE DE L'AIN;2005;Eau (direct);Plomb et composés (exprimés en tant que Pb);178;kg/an
0006102256;SYNDICAT MIXTE DE LA PLAINE DE L'AIN;2005;Eau (direct);Zinc et composés (exprimés en tant que Zn);427;kg/an
0006002154;ORANO Mining;2005;Eau (direct);Manganèse et composés (exprimés en tant que Mn);458;kg/an
0006102267;SIEGFRIED St Vulbas SAS;2005;Air;1,2-dichloroéthane (DCE - chlorure d'éthylène);5310;kg/an
0006102267;SIEGFRIED St Vulbas SAS;2005;Air;Composés organiques volatils non méthaniques (COVNM);625000;kg/an
0006002154;ORANO Mining;2005;Eau (direct);Chlore;4240;kg/an
0006102267;SIEGFRIED St Vulbas SAS;2005;Air;Dichlorométhane (DCM, chlorure de méthylène);19900;kg/an
0006002154;ORANO Mining;2005;Eau (direct);Fluor et ses composés (F);2900;kg/an
0006102267;SIEGFRIED St Vulbas SAS;2005;Air;Méthanol (alcool méthylique);27800;kg/an
0006102267;SIEGFRIED St Vulbas SAS;2005;Eau (indirect);Benzène, toluène, éthylbenzène, xylènes (BTEX);284;kg/an
0006102267;SIEGFRIED St Vulbas SAS;2005;Eau (indirect);Dichlorométhane (DCM, chlorure de méthylène);121;kg/an
0006002155;COGEMA - Station de Montmassacrot;2005;Eau (direct);Fluorures (en tant que F total);2900;kg/an
0006102267;SIEGFRIED St Vulbas SAS;2005;Eau (direct);Méthanol (alcool méthylique);795;kg/an
0006102269;SPEICHIM PROCESSING S.A.;2005;Eau (indirect);Benzène, toluène, éthylbenzène, xylènes (BTEX);1000;kg/an
0006002155;COGEMA - Station de Montmassacrot;2005;Eau (direct);Manganèse et composés (exprimés en tant que Mn);458;kg/an
0006102269;SPEICHIM PROCESSING S.A.;2005;Eau (direct);Benzène;15;kg/an
0006002155;COGEMA - Station de Montmassacrot;2005;Eau (direct);Chlore;4240;kg/an
0006002155;COGEMA - Station de Montmassacrot;2005;Eau (direct);Fluor et ses composés (F);2900;kg/an
0006102272;Trédi Saint Vulbas;2005;Eau (direct);Arsenic et composés (exprimés en tant que As);69;kg/an
0006002178;Orano Mining;2005;Eau (direct);Arsenic et composés (exprimés en tant que As);32;kg/an
0006102272;Trédi Saint Vulbas;2005;Eau (direct);Cadmium et composés (exprimés en tant que Cd);53;kg/an
0006102272;Trédi Saint Vulbas;2005;Eau (direct);Chlorures (en tant que Cl total);3240000;kg/an
0006002209;SAUTHON INDUSTRIES SA;2005;Air;Composés organiques volatils non méthaniques (COVNM);82700;kg/an
0006102272;Trédi Saint Vulbas;2005;Eau (direct);Cuivre et composés (exprimés en tant que Cu);238;kg/an
0006102272;Trédi Saint Vulbas;2005;Eau (direct);Fluorures (en tant que F total);10200;kg/an
0006102272;Trédi Saint Vulbas;2005;Eau (direct);Manganèse et composés (exprimés en tant que Mn);938;kg/an
0006002672;CORREZE ENERGIES;2005;Air;Cadmium et composés (exprimés en tant que Cd);30.7;kg/an
0006102272;Trédi Saint Vulbas;2005;Eau (direct);Mercure et composés (exprimés en tant que Hg);3;kg/an
0006102272;Trédi Saint Vulbas;2005;Eau (direct);Nickel et composés (exprimés en tant que Ni);99;kg/an
0006102272;Trédi Saint Vulbas;2005;Eau (direct);Phénols (en tant que C total);25;kg/an
0006002672;CORREZE ENERGIES;2005;Air;Chrome et composés (exprimés en tant que Cr);129;kg/an
0006102272;Trédi Saint Vulbas;2005;Eau (direct);Plomb et composés (exprimés en tant que Pb);62;kg/an
0006002672;CORREZE ENERGIES;2005;Air;Cuivre et composés (exprimés en tant que Cu);129;kg/an
0006002672;CORREZE ENERGIES;2005;Air;Dioxyde de carbone (CO2) d'origine biomasse;14000000;kg/an
0006102272;Trédi Saint Vulbas;2005;Eau (direct);Zinc et composés (exprimés en tant que Zn);1310;kg/an
0006002672;CORREZE ENERGIES;2005;Air;Mercure et composés (exprimés en tant que Hg);30.7;kg/an
0006102276;BRESSOR SA site de Servas;2005;Eau (direct);Phosphore total;9550;kg/an
0006002672;CORREZE ENERGIES;2005;Air;Oxydes d'azote (NOx/NO2);123000;kg/an
0006102296;MARIE USINE VIRIAT;2005;Air;Hydrochlorofluorocarbures (HCFC);3800;kg/an
0006003128;ISDND de Rochechouart;2005;Air;Méthane (CH4);361000;kg/an
0006102296;MARIE USINE VIRIAT;2005;Air;Aldéhyde formique (formaldéhyde);2.64;kg/an
0006102296;MARIE USINE VIRIAT;2005;Eau (indirect);Demande biologique en oxygène (DBO5);64400;kg/an
0006102296;MARIE USINE VIRIAT;2005;Eau (direct);Chlore;8.64;kg/an
0006101980;FERROPEM;2005;Air;Dioxyde de carbone (CO2) d'origine biomasse;66700000;kg/an
0006101980;FERROPEM;2005;Air;Oxydes de soufre (SOx/SO2);260000;kg/an
0006101980;FERROPEM;2005;Air;Oxydes d'azote (NOx/NO2);244000;kg/an
0006102302;PANELCO;2005;Air;Dichlorométhane (DCM, chlorure de méthylène);8370;kg/an
0006101980;FERROPEM;2005;Air;Poussières totales;171000;kg/an
0006102302;PANELCO;2005;Air;Fluor et composés inorganiques (en tant que HF);6910;kg/an
0006102302;PANELCO;2005;Air;Fluor et ses composés (F);6910;kg/an
0006101988;EGP;2005;Eau (direct);Acide fluorhydrique (flurorure d'hydrogène);14.9;kg/an
0006102304;PLASTIC OMNIUM COMPOSITES;2005;Air;Composés organiques volatils non méthaniques (COVNM);162000;kg/an
0006102314;TANNERIE D'ANNONAY S.A.;2005;Air;Aldéhyde formique (formaldéhyde);600;kg/an
0006101989;KEM ONE BALAN;2005;Air;Chlorure de vinyle (chloroéthène);26400;kg/an
0006102314;TANNERIE D'ANNONAY S.A.;2005;Eau (indirect);Carbone organique total (en tant que C total ou DCO/3);54100;kg/an
0006102314;TANNERIE D'ANNONAY S.A.;2005;Eau (indirect);Chrome et composés (exprimés en tant que Cr);87;kg/an
0006101989;KEM ONE BALAN;2005;Air;Composés organiques volatils non méthaniques (COVNM);332000;kg/an
0006102314;TANNERIE D'ANNONAY S.A.;2005;Eau (indirect);Demande biologique en oxygène (DBO5);64900;kg/an
0006102314;TANNERIE D'ANNONAY S.A.;2005;Eau (indirect);Demande chimique en oxygène (DCO);162000;kg/an
0006102314;TANNERIE D'ANNONAY S.A.;2005;Eau (indirect);Phénols (en tant que C total);288;kg/an
0006101989;KEM ONE BALAN;2005;Eau (direct);Chlorure de vinyle (chloroéthène);130;kg/an
0006102001;Scapa Bellegarde;2005;Air;Composés organiques volatils non méthaniques (COVNM);40100;kg/an
0006102315;IVECO BUS;2005;Air;Composés organiques volatils non méthaniques (COVNM);224000;kg/an
0006102315;IVECO BUS;2005;Eau (indirect);Chrome et composés (exprimés en tant que Cr);53.8;kg/an
0006102002;SIDEFAGE;2005;Air;Oxydes d'azote (NOx/NO2);129000;kg/an
0006102315;IVECO BUS;2005;Eau (indirect);Nickel et composés (exprimés en tant que Ni);36.6;kg/an
0006102002;SIDEFAGE;2005;Air;Protoxyde d'azote (N2O);11200;kg/an
0006102002;SIDEFAGE;2005;Air;Acide fluorhydrique (flurorure d'hydrogène);149;kg/an
0006102025;NEXANS FRANCE;2005;Eau (indirect);Cuivre et composés (exprimés en tant que Cu);250;kg/an
0006102027;Abattoirs des Crêts;2005;Eau (indirect);Carbone organique total (en tant que C total ou DCO/3);71300;kg/an
0006102335;TEINTURE DES CEDRES;2005;Eau (indirect);Carbone organique total (en tant que C total ou DCO/3);61700;kg/an
0006102027;Abattoirs des Crêts;2005;Eau (indirect);Demande biologique en oxygène (DBO5);116000;kg/an
0006102335;TEINTURE DES CEDRES;2005;Eau (indirect);Demande chimique en oxygène (DCO);185000;kg/an
0006102335;TEINTURE DES CEDRES;2005;Eau (indirect);Plomb et composés (exprimés en tant que Pb);27;kg/an
0006102027;Abattoirs des Crêts;2005;Eau (indirect);Demande chimique en oxygène (DCO);214000;kg/an
0006102335;TEINTURE DES CEDRES;2005;Eau (indirect);Trichloréthylène;68;kg/an
0006102335;TEINTURE DES CEDRES;2005;Eau (indirect);Zinc et composés (exprimés en tant que Zn);204;kg/an
0006102064;BALL AEROSOL PACKAGING;2005;Air;Composés organiques volatils non méthaniques (COVNM);101000;kg/an
0006102339;STEP;2005;Eau (direct);Carbone organique total (en tant que C total ou DCO/3);154000;kg/an
0006102339;STEP;2005;Eau (direct);Demande biologique en oxygène (DBO5);106000;kg/an
0006102339;STEP;2005;Eau (direct);Demande chimique en oxygène (DCO);461000;kg/an
0006102079;CHIMICOLOR;2005;Air;Tétrachloroéthylène (PER, tétrachloroéthylène);9500;kg/an
0006102348;CALCIA  SA;2005;Air;Oxydes d'azote (NOx/NO2);428000;kg/an
0006102080;CHARDON ET COUCHOUD;2005;Eau (direct);Zinc et composés (exprimés en tant que Zn);106;kg/an
0006102081;HEXCEL COMPOSITES SA;2005;Air;Composés organiques volatils non méthaniques (COVNM);110000;kg/an
0006102359;SICTOBA (Grospierre);2005;Air;Méthane (CH4);254000;kg/an
0006102081;HEXCEL COMPOSITES SA;2005;Air;Dichlorométhane (DCM, chlorure de méthylène);95000;kg/an
0006102081;HEXCEL COMPOSITES SA;2005;Air;Méthanol (alcool méthylique);514;kg/an
0006102364;OI FRANCE SAS;2005;Air;Arsenic et composés (exprimés en tant que As);67;kg/an
0006102547;CHEDDITE France;2005;Air;Antimoine et composés (exprimés en tant que Sb);17.5;kg/an
0006102364;OI FRANCE SAS;2005;Air;Cadmium et composés (exprimés en tant que Cd);215;kg/an
0006102364;OI FRANCE SAS;2005;Air;Nickel et composés (exprimés en tant que Ni);52;kg/an
0006102364;OI FRANCE SAS;2005;Air;Oxydes de soufre (SOx/SO2);313000;kg/an
0006102364;OI FRANCE SAS;2005;Air;Oxydes d'azote (NOx/NO2);122000;kg/an
0006102364;OI FRANCE SAS;2005;Air;Plomb et composés (exprimés en tant que Pb);724;kg/an
0006102364;OI FRANCE SAS;2005;Air;Chlore;81;kg/an
0006102364;OI FRANCE SAS;2005;Air;Cobalt et composés (exprimés en tant que Co);1.2;kg/an
0006102547;CHEDDITE France;2005;Eau (direct);Antimoine et composés (exprimés en tant que Sb);0.055;kg/an
0006102364;OI FRANCE SAS;2005;Air;Etain et composés (exprimés en tant que Sn);36.1;kg/an
0006102564;BOIRON FAUGIER G.I.E;2005;Eau (indirect);Carbone organique total (en tant que C total ou DCO/3);54200;kg/an
0006102409;CHEMVIRON FRANCE SAS;2005;Air;Oxydes de soufre (SOx/SO2);478000;kg/an
0006102564;BOIRON FAUGIER G.I.E;2005;Eau (indirect);Demande biologique en oxygène (DBO5);63000;kg/an
0006102410;STS COMPOSITES FRANCE;2005;Air;Composés organiques volatils non méthaniques (COVNM);163000;kg/an
0006102564;BOIRON FAUGIER G.I.E;2005;Eau (indirect);Demande chimique en oxygène (DCO);163000;kg/an
0006102585;SAICA PAPER EL (EX EMIN LEYDIER );2005;Eau (direct);Carbone organique total (en tant que C total ou DCO/3);425000;kg/an
0006102435;LAFARGE CIMENTS;2005;Air;Dioxyde de carbone (CO2) d'origine biomasse;11700000;kg/an
0006102435;LAFARGE CIMENTS;2005;Air;Mercure et composés (exprimés en tant que Hg);11;kg/an
0006102435;LAFARGE CIMENTS;2005;Air;Monoxyde de carbone (CO);1210000;kg/an
0006102435;LAFARGE CIMENTS;2005;Air;Oxydes d'azote (NOx/NO2);2070000;kg/an
0006102585;SAICA PAPER EL (EX EMIN LEYDIER );2005;Eau (direct);Demande biologique en oxygène (DBO5);146000;kg/an
0006102436;IMERYS ALUMINATES Usine de LE TEIL;2005;Air;Oxydes d'azote (NOx/NO2);101000;kg/an
0006102585;SAICA PAPER EL (EX EMIN LEYDIER );2005;Eau (direct);Demande chimique en oxygène (DCO);1130000;kg/an
0006102585;SAICA PAPER EL (EX EMIN LEYDIER );2005;Eau (direct);Matières en suspension (MES);763000;kg/an
0006102443;FABRICATION CHIMIQUE ARDECHOISE;2005;Air;Composés organiques volatils non méthaniques (COVNM);146000;kg/an
0006102443;FABRICATION CHIMIQUE ARDECHOISE;2005;Air;Hydroflurocarbures (HFC);11500;kg/an
0006102585;SAICA PAPER EL (EX EMIN LEYDIER );2005;Eau (direct);Phosphore total;5130;kg/an
0006102595;ETEX FRANCE BUILDING PERFORMANCE;2005;Air;Composés organiques volatils non méthaniques (COVNM);195000;kg/an
0006102445;ITDT SCOP;2005;Eau (direct);Fluoranthène;46.8;kg/an
0006102445;ITDT SCOP;2005;Eau (direct);Naphthalène;13.7;kg/an
0006102650;COMURHEX PIERRELATTE;2005;Air;Hexafluorure de soufre (SF6);4900;kg/an
0006102445;ITDT SCOP;2005;Eau (direct);Nonylphénols et éthoxylates de nonylphénol (NP/NPE);82;kg/an
0006102445;ITDT SCOP;2005;Eau (direct);Zinc et composés (exprimés en tant que Zn);116;kg/an
0006102650;COMURHEX PIERRELATTE;2005;Air;Acide fluorhydrique (flurorure d'hydrogène);4800;kg/an
0006102447;UNION DES DISTILLERIE DE LA MEDITERRANEE;2005;Air;Dioxyde de carbone (CO2) d'origine biomasse;10600000;kg/an
0006102650;COMURHEX PIERRELATTE;2005;Eau (direct);Arsenic et composés (exprimés en tant que As);9.11;kg/an
0006102463;JINWANG EUROPE;2005;Eau (direct);Azote total;53700;kg/an
0006102650;COMURHEX PIERRELATTE;2005;Eau (direct);Acide fluorhydrique (flurorure d'hydrogène);125;kg/an
0006102463;JINWANG EUROPE;2005;Eau (direct);Nickel et composés (exprimés en tant que Ni);203;kg/an
0006102650;COMURHEX PIERRELATTE;2005;Eau (direct);Ammoniac (NH3);130;kg/an
0006102651;Orano Cycle Etablissement Ticastin - INB 155;2005;Air;Acide fluorhydrique (flurorure d'hydrogène);1080;kg/an
0006102464;EURECAT FRANCE;2005;Air;Cobalt et composés (exprimés en tant que Co);3;kg/an
0006102464;EURECAT FRANCE;2005;Eau (direct);Cobalt et composés (exprimés en tant que Co);15;kg/an
0006102651;Orano Cycle Etablissement Ticastin - INB 155;2005;Eau (direct);Acide fluorhydrique (flurorure d'hydrogène);0.3;kg/an
0006102509;MARKEM-IMAJE INDUSTRIES;2005;Air;Composés organiques volatils non méthaniques (COVNM);44000;kg/an
0006102652;SODEREC INTERNATIONAL S.A;2005;Air;Fluor et ses composés (F);23.9;kg/an
0006102526;CHEDDITE FRANCE S.A;2005;Eau (direct);Nickel et composés (exprimés en tant que Ni);40.2;kg/an
0006102695;TANNERIES ROUX;2005;Eau (indirect);Chrome et composés (exprimés en tant que Cr);71;kg/an
0006102695;TANNERIES ROUX;2005;Eau (indirect);Demande biologique en oxygène (DBO5);71800;kg/an
0006102715;GERFLOR PROVENCE SNC;2005;Air;Composés organiques volatils non méthaniques (COVNM);37300;kg/an
0006102753;STORENGY;2005;Air;Composés organiques volatils non méthaniques (COVNM);31300;kg/an
0006102900;Papeteries des alpes;2005;Eau (direct);Carbone organique total (en tant que C total ou DCO/3);126000;kg/an
0006102900;Papeteries des alpes;2005;Eau (direct);Demande biologique en oxygène (DBO5);52900;kg/an
0006102753;STORENGY;2005;Air;Méthane (CH4);284000;kg/an
0006102900;Papeteries des alpes;2005;Eau (direct);Demande chimique en oxygène (DCO);378000;kg/an
0006102911;CATERPILLAR FRANCE - site d'Echirolles;2005;Air;Composés organiques volatils non méthaniques (COVNM);60500;kg/an
0006102753;STORENGY;2005;Air;Oxydes d'azote (NOx/NO2);171000;kg/an
0006102923;COMPAGNIE DE CHAUFFAGE CCIAG;2005;Air;Chlore et composés inorganiques (en tant que HCl);11100;kg/an
0006102923;COMPAGNIE DE CHAUFFAGE CCIAG;2005;Air;Dioxyde de carbone (CO2) d'origine biomasse;11000000;kg/an
0006102760;AGRANA FRUIT FRANCE;2005;Eau (indirect);Carbone organique total (en tant que C total ou DCO/3);139000;kg/an
0006102923;COMPAGNIE DE CHAUFFAGE CCIAG;2005;Air;Oxydes de soufre (SOx/SO2);303000;kg/an
0006102923;COMPAGNIE DE CHAUFFAGE CCIAG;2005;Air;Oxydes d'azote (NOx/NO2);134000;kg/an
0006102760;AGRANA FRUIT FRANCE;2005;Eau (indirect);Demande biologique en oxygène (DBO5);228000;kg/an
0006102760;AGRANA FRUIT FRANCE;2005;Eau (indirect);Demande chimique en oxygène (DCO);417000;kg/an
0006102767;POLYTECHNYL (ex RHODIA);2005;Eau (indirect);Carbone organique total (en tant que C total ou DCO/3);157000;kg/an
0006102927;CLEAN 38;2005;Eau (indirect);Nickel et composés (exprimés en tant que Ni);200;kg/an
0006102767;POLYTECHNYL (ex RHODIA);2005;Eau (indirect);Demande biologique en oxygène (DBO5);198000;kg/an
0006102767;POLYTECHNYL (ex RHODIA);2005;Eau (indirect);Demande chimique en oxygène (DCO);470000;kg/an
0006102938;LAMINOIRS ALUMINIUM FROGES 'LAF' SaS;2005;Air;Composés organiques volatils non méthaniques (COVNM);141000;kg/an
0006102778;Groupe Scapa France;2005;Air;Composés organiques volatils non méthaniques (COVNM);66900;kg/an
0006102939;AMCOR FLEXIBLES PACKAGING FRANCE;2005;Air;Composés organiques volatils non méthaniques (COVNM);273000;kg/an
0006102943;SATMA PPC;2005;Eau (direct);Nickel et composés (exprimés en tant que Ni);102;kg/an
0006102781;SFS Group site Forêt;2005;Eau (direct);Nickel et composés (exprimés en tant que Ni);28.8;kg/an
0006102943;SATMA PPC;2005;Eau (direct);Zinc et composés (exprimés en tant que Zn);109;kg/an
0006102791;BOURGEAT;2005;Air;Acide fluorhydrique (flurorure d'hydrogène);8.3;kg/an
0006102945;SIEMENS SAS Grenoble;2005;Air;Hexafluorure de soufre (SF6);1460;kg/an
0006102791;BOURGEAT;2005;Eau (direct);Acide fluorhydrique (flurorure d'hydrogène);392;kg/an
0006102955;HYPERION SAS ex SANDVIK;2005;Air;Composés organiques volatils non méthaniques (COVNM);33900;kg/an
0006102805;FONDERIE GIROUD INDUSTRIE;2005;Sol;Phénols (en tant que C total);21.3;kg/an
0006102955;HYPERION SAS ex SANDVIK;2005;Air;Cobalt et composés (exprimés en tant que Co);206;kg/an
0006102955;HYPERION SAS ex SANDVIK;2005;Eau (direct);Cobalt et composés (exprimés en tant que Co);353;kg/an
0006102957;COMPAGNIE DE CHAUFFAGE CCIAG;2005;Air;Chlore et composés inorganiques (en tant que HCl);14000;kg/an
0006102813;TRIVIUM ALUMINIUM PACKAGING France;2005;Air;Composés organiques volatils non méthaniques (COVNM);172000;kg/an
0006102957;COMPAGNIE DE CHAUFFAGE CCIAG;2005;Air;Oxydes de soufre (SOx/SO2);160000;kg/an
0006102957;COMPAGNIE DE CHAUFFAGE CCIAG;2005;Air;Oxydes d'azote (NOx/NO2);148000;kg/an
0006102819;G.T.A.;2005;Eau (indirect);Carbone organique total (en tant que C total ou DCO/3);66100;kg/an
0006102957;COMPAGNIE DE CHAUFFAGE CCIAG;2005;Air;Protoxyde d'azote (N2O);15000;kg/an
0006102819;G.T.A.;2005;Eau (indirect);Demande biologique en oxygène (DBO5);83200;kg/an
0006102962;UMICORE SPECIALTY POWDERS FRANCE;2005;Air;Cobalt et composés (exprimés en tant que Co);5;kg/an
0006102962;UMICORE SPECIALTY POWDERS FRANCE;2005;Eau (indirect);Chlorures (en tant que Cl total);2720000;kg/an
0006102819;G.T.A.;2005;Eau (indirect);Demande chimique en oxygène (DCO);198000;kg/an
0006102962;UMICORE SPECIALTY POWDERS FRANCE;2005;Eau (indirect);Cuivre et composés (exprimés en tant que Cu);100;kg/an
0006102962;UMICORE SPECIALTY POWDERS FRANCE;2005;Eau (direct);Acide fluorhydrique (flurorure d'hydrogène);12;kg/an
0006102822;PCAS - SEQENS;2005;Air;Composés organiques volatils non méthaniques (COVNM);100000;kg/an
0006102962;UMICORE SPECIALTY POWDERS FRANCE;2005;Eau (direct);Cobalt et composés (exprimés en tant que Co);160;kg/an
0006102968;CATERPILLAR FRANCE - site de Grenoble;2005;Eau (indirect);Carbone organique total (en tant que C total ou DCO/3);60100;kg/an
0006102822;PCAS - SEQENS;2005;Air;Sulfate de diméthyle;330;kg/an
0006102968;CATERPILLAR FRANCE - site de Grenoble;2005;Eau (indirect);Demande biologique en oxygène (DBO5);53400;kg/an
0006102968;CATERPILLAR FRANCE - site de Grenoble;2005;Eau (indirect);Demande chimique en oxygène (DCO);180000;kg/an
0006102822;PCAS - SEQENS;2005;Eau (indirect);Benzène, toluène, éthylbenzène, xylènes (BTEX);920;kg/an
0006102968;CATERPILLAR FRANCE - site de Grenoble;2005;Eau (indirect);Hydrocarbures;22500;kg/an
0006102822;PCAS - SEQENS;2005;Eau (indirect);Carbone organique total (en tant que C total ou DCO/3);169000;kg/an
0006102822;PCAS - SEQENS;2005;Eau (indirect);Demande biologique en oxygène (DBO5);246000;kg/an
0006102988;TREDI;2005;Air;Trichlorobenzènes (TCB) (tous les isomères);12.2;kg/an
0006102988;TREDI;2005;Air;Tétrachloroéthylène (PER, tétrachloroéthylène);6960;kg/an
0006102822;PCAS - SEQENS;2005;Eau (indirect);Demande chimique en oxygène (DCO);506000;kg/an
0006102993;ARKEMA;2005;Air;1,2-dichloroéthane (DCE - chlorure d'éthylène);143000;kg/an
0006102993;ARKEMA;2005;Air;Chlorure de vinyle (chloroéthène);8300;kg/an
0006102822;PCAS - SEQENS;2005;Eau (indirect);Phénols (en tant que C total);379;kg/an
0006102993;ARKEMA;2005;Air;Composés organiques volatils non méthaniques (COVNM);331000;kg/an
0006102993;ARKEMA;2005;Air;Hydroflurocarbures (HFC);644;kg/an
0006102824;VICAT;2005;Air;Chlore et composés inorganiques (en tant que HCl);10000;kg/an
0006102993;ARKEMA;2005;Air;Mercure et composés (exprimés en tant que Hg);64.2;kg/an
0006102993;ARKEMA;2005;Air;Chlore;360;kg/an
0006102824;VICAT;2005;Air;Chrome et composés (exprimés en tant que Cr);127;kg/an
0006102993;ARKEMA;2005;Air;Chlorométhane (chlorure de méthyle);20500;kg/an
0006102993;ARKEMA;2005;Air;Méthanol (alcool méthylique);6340;kg/an
0006102824;VICAT;2005;Air;Composés organiques volatils non méthaniques (COVNM);61500;kg/an
0006102993;ARKEMA;2005;Eau (direct);1,2-dichloroéthane (DCE - chlorure d'éthylène);241;kg/an
0006102993;ARKEMA;2005;Eau (direct);Carbone organique total (en tant que C total ou DCO/3);119000;kg/an
0006102824;VICAT;2005;Air;Dioxyde de carbone (CO2) d'origine biomasse;39000000;kg/an
0006102993;ARKEMA;2005;Eau (direct);Chlorures (en tant que Cl total);8330000;kg/an
0006102993;ARKEMA;2005;Eau (direct);Composés organohalogénés (exprimés en tant que AOX);3300;kg/an
0006102824;VICAT;2005;Air;Mercure et composés (exprimés en tant que Hg);24;kg/an
0006102993;ARKEMA;2005;Eau (direct);Demande chimique en oxygène (DCO);358000;kg/an
0006102993;ARKEMA;2005;Eau (direct);Manganèse et composés (exprimés en tant que Mn);463;kg/an
0006102824;VICAT;2005;Air;Oxydes de soufre (SOx/SO2);1590000;kg/an
0006102993;ARKEMA;2005;Eau (direct);Mercure et composés (exprimés en tant que Hg);34;kg/an
0006102993;ARKEMA;2005;Eau (direct);Phosphore total;6700;kg/an
0006102824;VICAT;2005;Air;Oxydes d'azote (NOx/NO2);1980000;kg/an
0006102993;ARKEMA;2005;Eau (direct);Tétrachlorométhane (TCM, tétrachlorure de carbone);36;kg/an
0006102993;ARKEMA;2005;Eau (direct);Zinc et composés (exprimés en tant que Zn);1500;kg/an
0006102993;ARKEMA;2005;Eau (direct);Chlore;201;kg/an
0006102993;ARKEMA;2005;Eau (direct);Chlorométhane (chlorure de méthyle);182;kg/an
0006102824;VICAT;2005;Air;Plomb et composés (exprimés en tant que Pb);304;kg/an
0006102993;ARKEMA;2005;Eau (direct);Méthanol (alcool méthylique);830;kg/an
0006102824;VICAT;2005;Air;Antimoine et composés (exprimés en tant que Sb);3;kg/an
0006102824;VICAT;2005;Air;Cobalt et composés (exprimés en tant que Co);4;kg/an
0006102824;VICAT;2005;Air;Etain et composés (exprimés en tant que Sn);15;kg/an
0006102995;Framatome Jarrie;2005;Air;Monoxyde de carbone (CO);3310000;kg/an
0006102995;Framatome Jarrie;2005;Eau (direct);Chlorures (en tant que Cl total);2170000;kg/an
0006102835;ONYX AUVERGNE RHONE ALPES;2005;Air;Méthane (CH4);278000;kg/an
0006102995;Framatome Jarrie;2005;Eau (direct);Chrome et composés (exprimés en tant que Cr);56;kg/an
0006102995;Framatome Jarrie;2005;Eau (direct);Nickel et composés (exprimés en tant que Ni);163;kg/an
0006102836;NCV PRODUCTION;2005;Air;Composés organiques volatils non méthaniques (COVNM);119000;kg/an
0006102995;Framatome Jarrie;2005;Eau (direct);Chlore;2170000;kg/an
0006102839;POLIMERI EUROPA ELASTOMERES France;2005;Air;Chlore et composés inorganiques (en tant que HCl);14900;kg/an
0006102839;POLIMERI EUROPA ELASTOMERES France;2005;Air;1,3-butadiène;5000;kg/an
0006102997;FERROPEM;2005;Air;Dioxyde de carbone (CO2) d'origine biomasse;64600000;kg/an
0006102997;FERROPEM;2005;Air;Oxydes de soufre (SOx/SO2);550000;kg/an
0006102839;POLIMERI EUROPA ELASTOMERES France;2005;Eau (direct);Carbone organique total (en tant que C total ou DCO/3);142000;kg/an
0006102997;FERROPEM;2005;Air;Oxydes d'azote (NOx/NO2);282000;kg/an
0006102839;POLIMERI EUROPA ELASTOMERES France;2005;Eau (direct);Demande biologique en oxygène (DBO5);109000;kg/an
0006102839;POLIMERI EUROPA ELASTOMERES France;2005;Eau (direct);Demande chimique en oxygène (DCO);482000;kg/an
0006103001;France Alu Color;2005;Eau (direct);Dichlorométhane (DCM, chlorure de méthylène);23.5;kg/an
0006102857;FINORGA-NOVASEP;2005;Air;Composés organiques volatils non méthaniques (COVNM);127000;kg/an
0006102857;FINORGA-NOVASEP;2005;Air;Dichlorométhane (DCM, chlorure de méthylène);14100;kg/an
0006103008;CHIMIMECA;2005;Air;Fluor et ses composés (F);475;kg/an
0006103008;CHIMIMECA;2005;Eau (direct);Fluor et ses composés (F);13;kg/an
0006102857;FINORGA-NOVASEP;2005;Air;Méthanol (alcool méthylique);35600;kg/an
0006103013;BATH Toilettes et accessoires ALLIBERT TS;2005;Air;Composés organiques volatils non méthaniques (COVNM);103000;kg/an
0006102857;FINORGA-NOVASEP;2005;Eau (direct);Ammoniac (NH3);9710;kg/an
0006103014;THALES AVS ex THALES ELECTRON DEVICES;2005;Air;Tétrachloroéthylène (PER, tétrachloroéthylène);2290;kg/an
0006103014;THALES AVS ex THALES ELECTRON DEVICES;2005;Air;Acide fluorhydrique (flurorure d'hydrogène);60;kg/an
0006102857;FINORGA-NOVASEP;2005;Eau (direct);Méthanol (alcool méthylique);123000;kg/an
0006103014;THALES AVS ex THALES ELECTRON DEVICES;2005;Eau (direct);Acide fluorhydrique (flurorure d'hydrogène);82;kg/an
0006102859;SIRA;2005;Eau (direct);Nickel et composés (exprimés en tant que Ni);95.3;kg/an
0006103044;Textiles de Belmont.;2005;Air;Composés organiques volatils non méthaniques (COVNM);82700;kg/an
0006102859;SIRA;2005;Eau (direct);Zinc et composés (exprimés en tant que Zn);111;kg/an
0006103045;FSP ONE;2005;Eau (direct);Nickel et composés (exprimés en tant que Ni);25.2;kg/an
0006103048;RHODIA OPERATIONS;2005;Air;Oxydes d'azote (NOx/NO2);1620000;kg/an
0006102863;BOURBON AUTOMOTIVE PLASTICS;2005;Air;Composés organiques volatils non méthaniques (COVNM);64800;kg/an
0006103048;RHODIA OPERATIONS;2005;Air;Protoxyde d'azote (N2O);18600;kg/an
0006103049;Chloralp;2005;Air;Chlore;171;kg/an
0006103049;Chloralp;2005;Eau (direct);Chlore;5840;kg/an
0006102866;ERARD SA;2005;Sol;Zinc et composés (exprimés en tant que Zn);16;kg/an
0006103051;RHODIA plate-forme chimique du Pont de Claix;2005;Air;Composés organiques volatils non méthaniques (COVNM);98300;kg/an
0006102870;WINOA;2005;Air;Dioxines et furanes (PCDD + PCDF) (exprimés en iTeq);0.008;kg/an
0006103051;RHODIA plate-forme chimique du Pont de Claix;2005;Air;Hydrochlorofluorocarbures (HCFC);2500;kg/an
0006103051;RHODIA plate-forme chimique du Pont de Claix;2005;Air;Hydroflurocarbures (HFC);600;kg/an
0006103051;RHODIA plate-forme chimique du Pont de Claix;2005;Air;Monoxyde de carbone (CO);997000;kg/an
0006102870;WINOA;2005;Air;Zinc et composés (exprimés en tant que Zn);342;kg/an
0006103051;RHODIA plate-forme chimique du Pont de Claix;2005;Air;Chlore;43;kg/an
0006102870;WINOA;2005;Eau (direct);Manganèse et composés (exprimés en tant que Mn);568;kg/an
0006102870;WINOA;2005;Eau (direct);Phénols (en tant que C total);72.9;kg/an
0006103052;PAPETERIES DU PONT DE CLAIX;2005;Air;Oxydes de soufre (SOx/SO2);152000;kg/an
0006103052;PAPETERIES DU PONT DE CLAIX;2005;Eau (direct);Carbone organique total (en tant que C total ou DCO/3);94600;kg/an
0006102870;WINOA;2005;Eau (direct);Zinc et composés (exprimés en tant que Zn);168;kg/an
0006103052;PAPETERIES DU PONT DE CLAIX;2005;Eau (direct);Demande chimique en oxygène (DCO);284000;kg/an
0006102871;ASCOMETAL usine d' ALLEVARD;2005;Air;Cadmium et composés (exprimés en tant que Cd);16.9;kg/an
0006102871;ASCOMETAL usine d' ALLEVARD;2005;Air;Zinc et composés (exprimés en tant que Zn);1250;kg/an
0006102871;ASCOMETAL usine d' ALLEVARD;2005;Eau (direct);Cadmium et composés (exprimés en tant que Cd);5.1;kg/an
0006103058;DELTASACS;2005;Air;Composés organiques volatils non méthaniques (COVNM);170000;kg/an
0006102871;ASCOMETAL usine d' ALLEVARD;2005;Eau (direct);Chrome hexavalent et composés (exprimés en tant que Cr VI);69.8;kg/an
0006103059;R2R sas;2005;Air;Composés organiques volatils non méthaniques (COVNM);379000;kg/an
0006102871;ASCOMETAL usine d' ALLEVARD;2005;Eau (direct);Nickel et composés (exprimés en tant que Ni);308;kg/an
0006102871;ASCOMETAL usine d' ALLEVARD;2005;Eau (direct);Plomb et composés (exprimés en tant que Pb);36.6;kg/an
0006103061;CALOR S.A.;2005;Eau (direct);Antimoine et composés (exprimés en tant que Sb);22;kg/an
0006102885;ST MICROELECTRONICS;2005;Air;Hexafluorure de soufre (SF6);171;kg/an
0006102885;ST MICROELECTRONICS;2005;Air;Perfluorocarbures (PFC);5460;kg/an
0006103075;Usine de Rives;2005;Eau (direct);Carbone organique total (en tant que C total ou DCO/3);69100;kg/an
0006102885;ST MICROELECTRONICS;2005;Air;Trifluorure d'azote (trifluoramine);698;kg/an
0006103075;Usine de Rives;2005;Eau (direct);Demande biologique en oxygène (DBO5);45600;kg/an
0006103075;Usine de Rives;2005;Eau (direct);Demande chimique en oxygène (DCO);207000;kg/an
0006102885;ST MICROELECTRONICS;2005;Air;Acide fluorhydrique (flurorure d'hydrogène);1400;kg/an
0006103084;RHODIA Opérations - établissement de Roussillon;2005;Air;Benzène;7150;kg/an
0006103084;RHODIA Opérations - établissement de Roussillon;2005;Air;Composés organiques volatils non méthaniques (COVNM);83000;kg/an
0006102885;ST MICROELECTRONICS;2005;Eau (direct);Fluorures (en tant que F total);11300;kg/an
0006103084;RHODIA Opérations - établissement de Roussillon;2005;Air;Dichlorométhane (DCM, chlorure de méthylène);254000;kg/an
0006103084;RHODIA Opérations - établissement de Roussillon;2005;Air;Oxydes d'azote (NOx/NO2);224000;kg/an
0006102885;ST MICROELECTRONICS;2005;Eau (direct);Zinc et composés (exprimés en tant que Zn);264;kg/an
0006103084;RHODIA Opérations - établissement de Roussillon;2005;Air;Protoxyde d'azote (N2O);197000;kg/an
0006103084;RHODIA Opérations - établissement de Roussillon;2005;Eau (direct);Aluminium et composés (exprimés en tant que Al);76700;kg/an
0006102885;ST MICROELECTRONICS;2005;Eau (direct);Acide fluorhydrique (flurorure d'hydrogène);11300;kg/an
0006103084;RHODIA Opérations - établissement de Roussillon;2005;Eau (direct);Benzène;270;kg/an
0006103084;RHODIA Opérations - établissement de Roussillon;2005;Eau (direct);Carbone organique total (en tant que C total ou DCO/3);110000;kg/an
0006103084;RHODIA Opérations - établissement de Roussillon;2005;Eau (direct);Composés organohalogénés (exprimés en tant que AOX);12600;kg/an
0006103084;RHODIA Opérations - établissement de Roussillon;2005;Eau (direct);Cyanures (sous forme de CN total);306;kg/an
0006102886;NALCO France SAS;2005;Air;Aldéhyde formique (formaldéhyde);11;kg/an
0006103084;RHODIA Opérations - établissement de Roussillon;2005;Eau (direct);Demande chimique en oxygène (DCO);482000;kg/an
0006103084;RHODIA Opérations - établissement de Roussillon;2005;Eau (direct);Dichlorométhane (DCM, chlorure de méthylène);15200;kg/an
0006103084;RHODIA Opérations - établissement de Roussillon;2005;Eau (direct);Etain et composés (exprimés en tant que Sn);4020;kg/an
0006102887;USINE DE CROLLES;2005;Eau (indirect);Carbone organique total (en tant que C total ou DCO/3);130000;kg/an
0006103084;RHODIA Opérations - établissement de Roussillon;2005;Eau (direct);Nickel et composés (exprimés en tant que Ni);867;kg/an
0006103084;RHODIA Opérations - établissement de Roussillon;2005;Eau (direct);Phénols (en tant que C total);950;kg/an
0006102887;USINE DE CROLLES;2005;Eau (indirect);Demande biologique en oxygène (DBO5);196000;kg/an
0006102887;USINE DE CROLLES;2005;Eau (indirect);Demande chimique en oxygène (DCO);389000;kg/an
0006103096;SAINT CLAIR TEXTILES (ex DICKSON COATINGS);2005;Air;Antimoine et composés (exprimés en tant que Sb);8.6;kg/an
0006103523;OI FRANCE SAS;2005;Air;Chlore et composés inorganiques (en tant que HCl);13500;kg/an
0006103523;OI FRANCE SAS;2005;Air;Oxydes de soufre (SOx/SO2);359000;kg/an
0006103108;VICAT;2005;Air;Composés organiques volatils non méthaniques (COVNM);58700;kg/an
0006103108;VICAT;2005;Air;Dioxyde de carbone (CO2) d'origine biomasse;10100000;kg/an
0006103108;VICAT;2005;Air;Oxydes d'azote (NOx/NO2);440000;kg/an
0006103523;OI FRANCE SAS;2005;Air;Oxydes d'azote (NOx/NO2);229000;kg/an
0006103549;QUARON SAS;2005;Eau (direct);Aldéhyde formique (formaldéhyde);49.8;kg/an
0006103136;Bourbon Automotive Plastics - Site de Saint Marcellin;2005;Air;Composés organiques volatils non méthaniques (COVNM);106000;kg/an
0006103556;AVERY-DENISSON MATERIALS FRANCE;2005;Air;Composés organiques volatils non méthaniques (COVNM);342000;kg/an
0006103586;LAFARGE CIMENTS;2005;Air;Cadmium et composés (exprimés en tant que Cd);18.7;kg/an
0006103146;AD PLATING;2005;Eau (direct);Nickel et composés (exprimés en tant que Ni);21.1;kg/an
0006103167;Lely Environnement;2005;Air;Dioxyde de carbone (CO2) d'origine biomasse;17400000;kg/an
0006103167;Lely Environnement;2005;Air;Méthane (CH4);474000;kg/an
0006103586;LAFARGE CIMENTS;2005;Air;Dioxyde de carbone (CO2) d'origine biomasse;19100000;kg/an
0006103167;Lely Environnement;2005;Air;Sulfure d'hydrogène (H2S);4030;kg/an
0006103586;LAFARGE CIMENTS;2005;Air;Oxydes d'azote (NOx/NO2);725000;kg/an
0006103168;C.S.D.U DE ST QUENTIN SUR ISERE;2005;Air;Méthane (CH4);120000;kg/an
0006103586;LAFARGE CIMENTS;2005;Air;Plomb et composés (exprimés en tant que Pb);263;kg/an
0006103189;EUROFLOAT;2005;Air;Cadmium et composés (exprimés en tant que Cd);18.7;kg/an
0006103589;MAT;2005;Eau (direct);Carbone organique total (en tant que C total ou DCO/3);128000;kg/an
0006103189;EUROFLOAT;2005;Air;Oxydes de soufre (SOx/SO2);312000;kg/an
0006103189;EUROFLOAT;2005;Air;Oxydes d'azote (NOx/NO2);431000;kg/an
0006103189;EUROFLOAT;2005;Air;Antimoine et composés (exprimés en tant que Sb);1.3;kg/an
0006103589;MAT;2005;Eau (direct);Demande biologique en oxygène (DBO5);69400;kg/an
0006103189;EUROFLOAT;2005;Air;Cobalt et composés (exprimés en tant que Co);1.3;kg/an
0006103189;EUROFLOAT;2005;Air;Etain et composés (exprimés en tant que Sn);79.4;kg/an
0006103589;MAT;2005;Eau (direct);Demande chimique en oxygène (DCO);384000;kg/an
0006103189;EUROFLOAT;2005;Air;Phénols (en tant que C total);8.8;kg/an
0006103190;TREDI;2005;Air;Chrome et composés (exprimés en tant que Cr);607;kg/an
0006103589;MAT;2005;Eau (direct);Phosphore total;13000;kg/an
0006103190;TREDI;2005;Air;Mercure et composés (exprimés en tant que Hg);14.1;kg/an
0006103190;TREDI;2005;Air;Oxydes d'azote (NOx/NO2);312000;kg/an
0006103596;RHODIA OPERATIONS;2005;Air;Oxydes d'azote (NOx/NO2);127000;kg/an
0006103190;TREDI;2005;Eau (direct);Arsenic et composés (exprimés en tant que As);13;kg/an
0006103190;TREDI;2005;Eau (direct);Cadmium et composés (exprimés en tant que Cd);70;kg/an
0006103596;RHODIA OPERATIONS;2005;Eau (direct);Fer et composés (exprimés en tant que Fe);18700;kg/an
0006103190;TREDI;2005;Eau (direct);Chlorures (en tant que Cl total);4820000;kg/an
0006103190;TREDI;2005;Eau (direct);Composés organohalogénés (exprimés en tant que AOX);1650;kg/an
0006103601;MALERBA n° 1/ 4;2005;Air;Composés organiques volatils non méthaniques (COVNM);99800;kg/an
0006103190;TREDI;2005;Eau (direct);Fluorures (en tant que F total);8410;kg/an
0006103190;TREDI;2005;Eau (direct);Mercure et composés (exprimés en tant que Hg);18;kg/an
0006103190;TREDI;2005;Eau (direct);Plomb et composés (exprimés en tant que Pb);115;kg/an
0006103605;station d'épuration;2005;Eau (direct);Carbone organique total (en tant que C total ou DCO/3);56900;kg/an
0006103190;TREDI;2005;Eau (direct);Zinc et composés (exprimés en tant que Zn);1000;kg/an
0006103196;SUEZ RV CENTRE EST;2005;Air;Dioxyde de carbone (CO2) d'origine biomasse;34800000;kg/an
0006103605;station d'épuration;2005;Eau (direct);Chloroforme (trichlorométhane);1870;kg/an
0006103196;SUEZ RV CENTRE EST;2005;Air;Méthane (CH4);2360000;kg/an
0006103223;GRENOBLE-ALPES METROPOLE;2005;Air;Dioxyde de carbone (CO2) d'origine biomasse;135000000;kg/an
0006103605;station d'épuration;2005;Eau (direct);Demande chimique en oxygène (DCO);171000;kg/an
0006103223;GRENOBLE-ALPES METROPOLE;2005;Air;Oxydes d'azote (NOx/NO2);291000;kg/an
0006103223;GRENOBLE-ALPES METROPOLE;2005;Eau (indirect);Arsenic et composés (exprimés en tant que As);7.26;kg/an
0006103605;station d'épuration;2005;Eau (direct);Naphthalène;960;kg/an
0006103223;GRENOBLE-ALPES METROPOLE;2005;Eau (indirect);Plomb et composés (exprimés en tant que Pb);25.4;kg/an
0006103605;station d'épuration;2005;Eau (direct);Trichlorobenzènes (TCB) (tous les isomères);478;kg/an
0006103605;station d'épuration;2005;Eau (direct);Tétrachloroéthylène (PER, tétrachloroéthylène);478;kg/an
0006103244;CANDIA;2005;Eau (direct);Carbone organique total (en tant que C total ou DCO/3);471000;kg/an
0006103244;CANDIA;2005;Eau (direct);Demande biologique en oxygène (DBO5);765000;kg/an
0006103616;TOTAL ADDITIFS ET CARBURANTS SPECIAUX;2005;Air;Composés organiques volatils non méthaniques (COVNM);289000;kg/an
0006103244;CANDIA;2005;Eau (direct);Demande chimique en oxygène (DCO);1410000;kg/an
0006103244;CANDIA;2005;Eau (direct);Mercure et composés (exprimés en tant que Hg);1.68;kg/an
0006103644;SANOFI PASTEUR MARCY;2005;Air;Hydroflurocarbures (HFC);364;kg/an
0006103244;CANDIA;2005;Eau (direct);Phosphore total;37300;kg/an
0006103644;SANOFI PASTEUR MARCY;2005;Air;Aldéhyde formique (formaldéhyde);480;kg/an
0006103654;VOLAILLES CORICO;2005;Eau (indirect);Carbone organique total (en tant que C total ou DCO/3);112000;kg/an
0006103253;Nicolas Le Douaron;2005;Eau (direct);Carbone organique total (en tant que C total ou DCO/3);129000;kg/an
0006103253;Nicolas Le Douaron;2005;Eau (direct);Demande biologique en oxygène (DBO5);76800;kg/an
0006103253;Nicolas Le Douaron;2005;Eau (direct);Demande chimique en oxygène (DCO);387000;kg/an
0006103654;VOLAILLES CORICO;2005;Eau (indirect);Demande biologique en oxygène (DBO5);178000;kg/an
0006103254;PAPETERIES DE LANCEY;2005;Eau (direct);Carbone organique total (en tant que C total ou DCO/3);57500;kg/an
0006103254;PAPETERIES DE LANCEY;2005;Eau (direct);Demande chimique en oxygène (DCO);172000;kg/an
0006103654;VOLAILLES CORICO;2005;Eau (indirect);Demande chimique en oxygène (DCO);337000;kg/an
0006103254;PAPETERIES DE LANCEY;2005;Eau (direct);Phosphore total;10600;kg/an
0006103662;SANGLAR Industries;2005;Air;Composés organiques volatils non méthaniques (COVNM);121000;kg/an
0006103265;VICAT - PAPETERIES DE VIZILLE;2005;Eau (direct);Carbone organique total (en tant que C total ou DCO/3);88700;kg/an
0006103265;VICAT - PAPETERIES DE VIZILLE;2005;Eau (direct);Demande biologique en oxygène (DBO5);97300;kg/an
0006103265;VICAT - PAPETERIES DE VIZILLE;2005;Eau (direct);Demande chimique en oxygène (DCO);266000;kg/an
0006103663;SANOFI PASTEUR NVL;2005;Air;Chloroforme (trichlorométhane);1720;kg/an
0006103280;HERCULES SA;2005;Air;Epichlorhydrine (1-chloro-2,3-époxypropane);9;kg/an
0006103280;HERCULES SA;2005;Eau (direct);Epichlorhydrine (1-chloro-2,3-époxypropane);1;kg/an
0006103663;SANOFI PASTEUR NVL;2005;Air;Composés organiques volatils non méthaniques (COVNM);777000;kg/an
0006103282;STEPAN EUROPE SA;2005;Air;Acétaldéhyde (aldéhyde acétique  éthanal);270;kg/an
0006103663;SANOFI PASTEUR NVL;2005;Air;Dichlorométhane (DCM, chlorure de méthylène);45800;kg/an
0006103282;STEPAN EUROPE SA;2005;Air;Aldéhyde formique (formaldéhyde);1.4;kg/an
0006103282;STEPAN EUROPE SA;2005;Air;Méthanol (alcool méthylique);10;kg/an
0006103282;STEPAN EUROPE SA;2005;Air;Phénols (en tant que C total);6.1;kg/an
0006103663;SANOFI PASTEUR NVL;2005;Air;Méthanol (alcool méthylique);47300;kg/an
0006103282;STEPAN EUROPE SA;2005;Eau (indirect);Demande biologique en oxygène (DBO5);89400;kg/an
0006103282;STEPAN EUROPE SA;2005;Eau (indirect);Demande chimique en oxygène (DCO);263000;kg/an
0006103663;SANOFI PASTEUR NVL;2005;Eau (direct);1,2-dichloroéthane (DCE - chlorure d'éthylène);10.4;kg/an
0006103282;STEPAN EUROPE SA;2005;Eau (indirect);Naphthalène;24;kg/an
0006103282;STEPAN EUROPE SA;2005;Eau (direct);Méthanol (alcool méthylique);60;kg/an
0006103663;SANOFI PASTEUR NVL;2005;Eau (direct);Arsenic et composés (exprimés en tant que As);71;kg/an
0006103283;Papeteries de Voiron et de Lancey site de Voreppe;2005;Eau (direct);Carbone organique total (en tant que C total ou DCO/3);146000;kg/an
0006103663;SANOFI PASTEUR NVL;2005;Eau (direct);Carbone organique total (en tant que C total ou DCO/3);107000;kg/an
0006103283;Papeteries de Voiron et de Lancey site de Voreppe;2005;Eau (direct);Demande chimique en oxygène (DCO);437000;kg/an
0006103283;Papeteries de Voiron et de Lancey site de Voreppe;2005;Eau (direct);Phosphore total;5920;kg/an
0006103663;SANOFI PASTEUR NVL;2005;Eau (direct);Composés organohalogénés (exprimés en tant que AOX);3050;kg/an
0006103663;SANOFI PASTEUR NVL;2005;Eau (direct);Demande chimique en oxygène (DCO);320000;kg/an
0006103291;SNF SA ANDREZIEUX;2005;Air;Composés organiques volatils non méthaniques (COVNM);199000;kg/an
0006103663;SANOFI PASTEUR NVL;2005;Eau (direct);Dichlorométhane (DCM, chlorure de méthylène);155;kg/an
0006103291;SNF SA ANDREZIEUX;2005;Air;Acrylonitrile;0.03;kg/an
0006103291;SNF SA ANDREZIEUX;2005;Eau (indirect);Demande biologique en oxygène (DBO5);45100;kg/an
0006103663;SANOFI PASTEUR NVL;2005;Eau (direct);Manganèse et composés (exprimés en tant que Mn);509;kg/an
0006103663;SANOFI PASTEUR NVL;2005;Eau (direct);Phénols (en tant que C total);1130;kg/an
0006103684;UNIVAR;2005;Eau (direct);Composés organohalogénés (exprimés en tant que AOX);2000;kg/an
0006103684;UNIVAR;2005;Eau (direct);Hydrocarbures;20000;kg/an
0006103294;TECHNIQUES SURFACES ANDREZIEUX;2005;Eau (direct);Nickel et composés (exprimés en tant que Ni);28;kg/an
0006103685;ARKEMA FRANCE;2005;Air;1,1,1-trichloroéthane (TCE);114;kg/an
0006103346;COVERIS FLEXIBLE FRANCE  (EX.BRITTON);2005;Air;Composés organiques volatils non méthaniques (COVNM);342000;kg/an
0006103685;ARKEMA FRANCE;2005;Air;Chlorofluorocarbures (CFC);8850;kg/an
0006103372;DESCAMPS;2005;Eau (indirect);Carbone organique total (en tant que C total ou DCO/3);51900;kg/an
0006103685;ARKEMA FRANCE;2005;Air;Chloroforme (trichlorométhane);4920;kg/an
0006103372;DESCAMPS;2005;Eau (indirect);Demande biologique en oxygène (DBO5);43900;kg/an
0006103372;DESCAMPS;2005;Eau (indirect);Demande chimique en oxygène (DCO);156000;kg/an
0006103685;ARKEMA FRANCE;2005;Air;Composés organiques volatils non méthaniques (COVNM);301000;kg/an
0006103685;ARKEMA FRANCE;2005;Air;Hydrochlorofluorocarbures (HCFC);97800;kg/an
0006103381;INDUSTEEL FRANCE;2005;Air;Arsenic et composés (exprimés en tant que As);50;kg/an
0006103685;ARKEMA FRANCE;2005;Air;Hydroflurocarbures (HFC);90500;kg/an
0006103381;INDUSTEEL FRANCE;2005;Air;Cuivre et composés (exprimés en tant que Cu);119;kg/an
0006103381;INDUSTEEL FRANCE;2005;Air;Manganèse et composés (exprimés en tant que Mn);858;kg/an
0006103685;ARKEMA FRANCE;2005;Air;Acide fluorhydrique (flurorure d'hydrogène);330;kg/an
0006103381;INDUSTEEL FRANCE;2005;Air;Nickel et composés (exprimés en tant que Ni);173;kg/an
0006103381;INDUSTEEL FRANCE;2005;Air;Oxydes d'azote (NOx/NO2);112000;kg/an
0006103685;ARKEMA FRANCE;2005;Air;Antimoine et composés (exprimés en tant que Sb);9.03;kg/an
0006103381;INDUSTEEL FRANCE;2005;Air;Plomb et composés (exprimés en tant que Pb);232;kg/an
0006103381;INDUSTEEL FRANCE;2005;Air;Zinc et composés (exprimés en tant que Zn);4020;kg/an
0006103685;ARKEMA FRANCE;2005;Air;Chlore;4000;kg/an
0006103685;ARKEMA FRANCE;2005;Eau (direct);Aluminium et composés (exprimés en tant que Al);547000;kg/an
0006103685;ARKEMA FRANCE;2005;Eau (direct);Arsenic et composés (exprimés en tant que As);91.3;kg/an
0006103390;teinture et apprets de roanne;2005;Eau (indirect);Carbone organique total (en tant que C total ou DCO/3);59300;kg/an
0006103390;teinture et apprets de roanne;2005;Eau (indirect);Demande biologique en oxygène (DBO5);54900;kg/an
0006103685;ARKEMA FRANCE;2005;Eau (direct);Azote total;124000;kg/an
0006103390;teinture et apprets de roanne;2005;Eau (indirect);Demande chimique en oxygène (DCO);178000;kg/an
0006103685;ARKEMA FRANCE;2005;Eau (direct);Carbone organique total (en tant que C total ou DCO/3);89400;kg/an
0006103685;ARKEMA FRANCE;2005;Eau (direct);Chloroforme (trichlorométhane);133;kg/an
0006103394;SOFIDEL FRANCE;2005;Eau (indirect);Carbone organique total (en tant que C total ou DCO/3);62200;kg/an
0006103685;ARKEMA FRANCE;2005;Eau (direct);Chlorures (en tant que Cl total);16100000;kg/an
0006103394;SOFIDEL FRANCE;2005;Eau (indirect);Demande chimique en oxygène (DCO);187000;kg/an
0006103685;ARKEMA FRANCE;2005;Eau (direct);Chrome et composés (exprimés en tant que Cr);493;kg/an
0006103685;ARKEMA FRANCE;2005;Eau (direct);Composés organohalogénés (exprimés en tant que AOX);7020;kg/an
0006103396;M.F.DES PNEUMATIQUES MICHELIN;2005;Air;Composés organiques volatils non méthaniques (COVNM);205000;kg/an
0006103685;ARKEMA FRANCE;2005;Eau (direct);Cuivre et composés (exprimés en tant que Cu);2510;kg/an
0006103398;ULTRA-NOVA;2005;Air;Trichloréthylène;3000;kg/an
0006103685;ARKEMA FRANCE;2005;Eau (direct);Demande chimique en oxygène (DCO);284000;kg/an
0006103406;Les Eaux Minérales de Saint Alban;2005;Eau (indirect);Carbone organique total (en tant que C total ou DCO/3);92300;kg/an
0006103406;Les Eaux Minérales de Saint Alban;2005;Eau (indirect);Demande biologique en oxygène (DBO5);169000;kg/an
0006103685;ARKEMA FRANCE;2005;Eau (direct);Dichlorométhane (DCM, chlorure de méthylène);80.4;kg/an
0006103406;Les Eaux Minérales de Saint Alban;2005;Eau (indirect);Demande chimique en oxygène (DCO);277000;kg/an
0006103685;ARKEMA FRANCE;2005;Eau (direct);Fer et composés (exprimés en tant que Fe);312000;kg/an
0006103434;PRAXAIR SURFACE TECHNOLOGIES;2005;Air;Trichloréthylène;3200;kg/an
0006103685;ARKEMA FRANCE;2005;Eau (direct);Fluorures (en tant que F total);966000;kg/an
0006103434;PRAXAIR SURFACE TECHNOLOGIES;2005;Air;Cobalt et composés (exprimés en tant que Co);27.3;kg/an
0006103685;ARKEMA FRANCE;2005;Eau (direct);Manganèse et composés (exprimés en tant que Mn);1430;kg/an
0006103685;ARKEMA FRANCE;2005;Eau (direct);Matières en suspension (MES);38700000;kg/an
0006103463;ATS;2005;Eau (direct);Chrome et composés (exprimés en tant que Cr);3080;kg/an
0006103685;ARKEMA FRANCE;2005;Eau (direct);Mercure et composés (exprimés en tant que Hg);2;kg/an
0006103463;ATS;2005;Eau (direct);Chrome hexavalent et composés (exprimés en tant que Cr VI);214;kg/an
0006103463;ATS;2005;Eau (direct);Cuivre et composés (exprimés en tant que Cu);6420;kg/an
0006103685;ARKEMA FRANCE;2005;Eau (direct);Naphthalène;146;kg/an
0006103463;ATS;2005;Eau (direct);Cyanures (sous forme de CN total);142;kg/an
0006103463;ATS;2005;Eau (direct);Phosphore total;7350;kg/an
0006103463;ATS;2005;Eau (direct);Nickel et composés (exprimés en tant que Ni);11800;kg/an
0006103685;ARKEMA FRANCE;2005;Eau (direct);Nickel et composés (exprimés en tant que Ni);529;kg/an
0006103464;STEM;2005;Eau (direct);Zinc et composés (exprimés en tant que Zn);629;kg/an
0006103685;ARKEMA FRANCE;2005;Eau (direct);Sulfates;6510000;kg/an
0006103685;ARKEMA FRANCE;2005;Eau (direct);Zinc et composés (exprimés en tant que Zn);867;kg/an
0006103485;MANITOWOC CRANE GROUPE FRANCE SAS;2005;Air;Composés organiques volatils non méthaniques (COVNM);61400;kg/an
0006103685;ARKEMA FRANCE;2005;Eau (direct);Chlore;16100000;kg/an
0006103493;VERALLIA FRANCE (ST GOBAIN EMBALLAGE);2005;Air;Arsenic et composés (exprimés en tant que As);299;kg/an
0006103493;VERALLIA FRANCE (ST GOBAIN EMBALLAGE);2005;Air;Cadmium et composés (exprimés en tant que Cd);48;kg/an
0006103699;EDILIANS ex IMERYS TC;2005;Air;Chlore;631;kg/an
0006103493;VERALLIA FRANCE (ST GOBAIN EMBALLAGE);2005;Air;Chlore et composés inorganiques (en tant que HCl);12600;kg/an
0006103493;VERALLIA FRANCE (ST GOBAIN EMBALLAGE);2005;Air;Chrome et composés (exprimés en tant que Cr);541;kg/an
0006103493;VERALLIA FRANCE (ST GOBAIN EMBALLAGE);2005;Air;Nickel et composés (exprimés en tant que Ni);94;kg/an
0006103699;EDILIANS ex IMERYS TC;2005;Air;Fluor et ses composés (F);2560;kg/an
0006103493;VERALLIA FRANCE (ST GOBAIN EMBALLAGE);2005;Air;Oxydes de soufre (SOx/SO2);641000;kg/an
0006103493;VERALLIA FRANCE (ST GOBAIN EMBALLAGE);2005;Air;Oxydes d'azote (NOx/NO2);308000;kg/an
0006103714;Air Liquide France Industrie;2005;Air;Oxydes d'azote (NOx/NO2);181000;kg/an
0006103493;VERALLIA FRANCE (ST GOBAIN EMBALLAGE);2005;Air;Plomb et composés (exprimés en tant que Pb);2090;kg/an
0006103493;VERALLIA FRANCE (ST GOBAIN EMBALLAGE);2005;Air;Acide fluorhydrique (flurorure d'hydrogène);2020;kg/an
0006103718;STEP St-Fons Grand Lyon;2005;Air;Cadmium et composés (exprimés en tant que Cd);12.3;kg/an
0006103493;VERALLIA FRANCE (ST GOBAIN EMBALLAGE);2005;Air;Etain et composés (exprimés en tant que Sn);103;kg/an
0006103718;STEP St-Fons Grand Lyon;2005;Air;Chlore et composés inorganiques (en tant que HCl);13700;kg/an
0006103718;STEP St-Fons Grand Lyon;2005;Air;Dioxyde de carbone (CO2) d'origine biomasse;33100000;kg/an
0006103500;TEINTURES ET APPRETS DE LA TRAMBOUZE;2005;Eau (indirect);Carbone organique total (en tant que C total ou DCO/3);106000;kg/an
0006103500;TEINTURES ET APPRETS DE LA TRAMBOUZE;2005;Eau (indirect);Demande biologique en oxygène (DBO5);81100;kg/an
0006103718;STEP St-Fons Grand Lyon;2005;Air;Mercure et composés (exprimés en tant que Hg);24.2;kg/an
0006103500;TEINTURES ET APPRETS DE LA TRAMBOUZE;2005;Eau (indirect);Demande chimique en oxygène (DCO);318000;kg/an
0006103718;STEP St-Fons Grand Lyon;2005;Air;Oxydes de soufre (SOx/SO2);150000;kg/an
0006103721;Polytechnyl;2005;Eau (direct);Arsenic et composés (exprimés en tant que As);10;kg/an
0006103721;Polytechnyl;2005;Eau (direct);Benzène;6;kg/an
0006103721;Polytechnyl;2005;Eau (direct);Carbone organique total (en tant que C total ou DCO/3);72600;kg/an
0006103721;Polytechnyl;2005;Eau (direct);Demande biologique en oxygène (DBO5);144000;kg/an
0006103726;Huntsman Saint Mihiel SAS Division Huntsman Textile Effects France;2005;Eau (direct);Ammoniac (NH3);3180;kg/an
0006103721;Polytechnyl;2005;Eau (direct);Demande chimique en oxygène (DCO);218000;kg/an
0006103726;Huntsman Saint Mihiel SAS Division Huntsman Textile Effects France;2005;Eau (direct);Cobalt et composés (exprimés en tant que Co);10;kg/an
0006103723;GEPEIF STATION EPUR. DES INDUS;2005;Eau (direct);Aluminium et composés (exprimés en tant que Al);3540;kg/an
0006103723;GEPEIF STATION EPUR. DES INDUS;2005;Eau (direct);Carbone organique total (en tant que C total ou DCO/3);223000;kg/an
0006103727;ELKEM SILICONES FRANCE SAS;2005;Air;Composés organiques volatils non méthaniques (COVNM);31900;kg/an
0006103727;ELKEM SILICONES FRANCE SAS;2005;Air;Méthanol (alcool méthylique);17;kg/an
0006103723;GEPEIF STATION EPUR. DES INDUS;2005;Eau (direct);Chlorures (en tant que Cl total);4390000;kg/an
0006103727;ELKEM SILICONES FRANCE SAS;2005;Eau (direct);Benzène;1.6;kg/an
0006103727;ELKEM SILICONES FRANCE SAS;2005;Eau (direct);Benzène, toluène, éthylbenzène, xylènes (BTEX);211;kg/an
0006103723;GEPEIF STATION EPUR. DES INDUS;2005;Eau (direct);Chrome et composés (exprimés en tant que Cr);1430;kg/an
0006103727;ELKEM SILICONES FRANCE SAS;2005;Eau (direct);Carbone organique total (en tant que C total ou DCO/3);85400;kg/an
0006103727;ELKEM SILICONES FRANCE SAS;2005;Eau (direct);Chlorures (en tant que Cl total);2140000;kg/an
0006103723;GEPEIF STATION EPUR. DES INDUS;2005;Eau (direct);Composés organohalogénés (exprimés en tant que AOX);1770;kg/an
0006103727;ELKEM SILICONES FRANCE SAS;2005;Eau (direct);Demande chimique en oxygène (DCO);602000;kg/an
0006103727;ELKEM SILICONES FRANCE SAS;2005;Eau (direct);Fer et composés (exprimés en tant que Fe);4180;kg/an
0006103723;GEPEIF STATION EPUR. DES INDUS;2005;Eau (direct);Demande chimique en oxygène (DCO);756000;kg/an
0006103727;ELKEM SILICONES FRANCE SAS;2005;Eau (direct);Manganèse et composés (exprimés en tant que Mn);271;kg/an
0006103727;ELKEM SILICONES FRANCE SAS;2005;Eau (direct);Zinc et composés (exprimés en tant que Zn);270;kg/an
0006103723;GEPEIF STATION EPUR. DES INDUS;2005;Eau (direct);Nickel et composés (exprimés en tant que Ni);98;kg/an
0006103727;ELKEM SILICONES FRANCE SAS;2005;Eau (direct);Méthanol (alcool méthylique);600;kg/an
0006103723;GEPEIF STATION EPUR. DES INDUS;2005;Eau (direct);Phosphore total;18000;kg/an
0006103731;RHODIA OPERATIONS;2005;Air;Composés organiques volatils non méthaniques (COVNM);413000;kg/an
0006103723;GEPEIF STATION EPUR. DES INDUS;2005;Eau (direct);Sulfates;10800000;kg/an
0006103731;RHODIA OPERATIONS;2005;Air;Oxydes d'azote (NOx/NO2);289000;kg/an
0006103731;RHODIA OPERATIONS;2005;Air;Chlorométhane (chlorure de méthyle);33200;kg/an
0006103724;KEM ONE ETABLISSEMENT DE SAINT FONS;2005;Air;Chlorure de vinyle (chloroéthène);12600;kg/an
0006103731;RHODIA OPERATIONS;2005;Air;Méthanol (alcool méthylique);29000;kg/an
0006103731;RHODIA OPERATIONS;2005;Air;Phénols (en tant que C total);7000;kg/an
0006103731;RHODIA OPERATIONS;2005;Eau (direct);Arsenic et composés (exprimés en tant que As);92;kg/an
0006103724;KEM ONE ETABLISSEMENT DE SAINT FONS;2005;Air;Hydrochlorofluorocarbures (HCFC);793;kg/an
0006103731;RHODIA OPERATIONS;2005;Eau (direct);Carbone organique total (en tant que C total ou DCO/3);1420000;kg/an
0006103731;RHODIA OPERATIONS;2005;Eau (direct);Cuivre et composés (exprimés en tant que Cu);118;kg/an
0006103731;RHODIA OPERATIONS;2005;Eau (direct);Demande chimique en oxygène (DCO);4500000;kg/an
0006103724;KEM ONE ETABLISSEMENT DE SAINT FONS;2005;Eau (direct);Chlorure de vinyle (chloroéthène);480;kg/an
0006103731;RHODIA OPERATIONS;2005;Eau (direct);Manganèse et composés (exprimés en tant que Mn);2480;kg/an
0006103731;RHODIA OPERATIONS;2005;Eau (direct);Nickel et composés (exprimés en tant que Ni);36;kg/an
0006103731;RHODIA OPERATIONS;2005;Eau (direct);Phénols (en tant que C total);16200;kg/an
0006103725;POLYTECHNYL PI Belle-Etoile;2005;Air;Nickel et composés (exprimés en tant que Ni);263;kg/an
0006103731;RHODIA OPERATIONS;2005;Eau (direct);Acrylonitrile;1000;kg/an
0006103725;POLYTECHNYL PI Belle-Etoile;2005;Eau (direct);Aluminium et composés (exprimés en tant que Al);4430;kg/an
0006103725;POLYTECHNYL PI Belle-Etoile;2005;Eau (direct);Arsenic et composés (exprimés en tant que As);46;kg/an
0006103735;EDILIANS;2005;Air;Fluor et composés inorganiques (en tant que HF);6090;kg/an
0006103754;ADG;2005;Air;Composés organiques volatils non méthaniques (COVNM);283000;kg/an
0006103725;POLYTECHNYL PI Belle-Etoile;2005;Eau (direct);Chlorures (en tant que Cl total);8010000;kg/an
0006103756;Charles River Laboratories France - Site des Oncins-;2005;Air;Aldéhyde formique (formaldéhyde);74;kg/an
0006103725;POLYTECHNYL PI Belle-Etoile;2005;Eau (direct);Cuivre et composés (exprimés en tant que Cu);61;kg/an
0006103778;Incinérateur sur Station d'épuration de la ville de TARARE;2005;Eau (direct);Carbone organique total (en tant que C total ou DCO/3);79200;kg/an
0006103778;Incinérateur sur Station d'épuration de la ville de TARARE;2005;Eau (direct);Demande chimique en oxygène (DCO);238000;kg/an
0006103725;POLYTECHNYL PI Belle-Etoile;2005;Eau (direct);Demande chimique en oxygène (DCO);262000;kg/an
0006103778;Incinérateur sur Station d'épuration de la ville de TARARE;2005;Eau (direct);Plomb et composés (exprimés en tant que Pb);22;kg/an
0006103725;POLYTECHNYL PI Belle-Etoile;2005;Eau (direct);Fer et composés (exprimés en tant que Fe);3500;kg/an
0006103725;POLYTECHNYL PI Belle-Etoile;2005;Eau (direct);Manganèse et composés (exprimés en tant que Mn);305;kg/an
0006103782;TEINTURERIES DE TARARE;2005;Eau (indirect);Demande biologique en oxygène (DBO5);46100;kg/an
0006103725;POLYTECHNYL PI Belle-Etoile;2005;Eau (direct);Nickel et composés (exprimés en tant que Ni);21;kg/an
0006103725;POLYTECHNYL PI Belle-Etoile;2005;Eau (direct);Zinc et composés (exprimés en tant que Zn);184;kg/an
0006103726;Huntsman Saint Mihiel SAS Division Huntsman Textile Effects France;2005;Eau (indirect);Chrome et composés (exprimés en tant que Cr);128;kg/an
0006103843;VENISSIEUX ENERGIES;2005;Air;Oxydes d'azote (NOx/NO2);161000;kg/an
0006103844;RENAULT TRUCKS SAS;2005;Eau (indirect);Demande biologique en oxygène (DBO5);150000;kg/an
0006103844;RENAULT TRUCKS SAS;2005;Eau (indirect);Demande chimique en oxygène (DCO);246000;kg/an
0006103726;Huntsman Saint Mihiel SAS Division Huntsman Textile Effects France;2005;Eau (indirect);Phénols (en tant que C total);76;kg/an
0006103844;RENAULT TRUCKS SAS;2005;Eau (indirect);Phénols (en tant que C total);26.6;kg/an
0006103844;RENAULT TRUCKS SAS;2005;Eau (indirect);Zinc et composés (exprimés en tant que Zn);278;kg/an
0006104024;ESSEX (IVA ESSEX);2005;Air;Méthanol (alcool méthylique);200;kg/an
0006103849;Etablissement VENINOV;2005;Air;Composés organiques volatils non méthaniques (COVNM);110000;kg/an
0006104024;ESSEX (IVA ESSEX);2005;Air;Phénols (en tant que C total);100;kg/an
0006104025;MERCK SANTE;2005;Air;Composés organiques volatils non méthaniques (COVNM);42900;kg/an
0006103850;SOPRANZI GALVANISATION;2005;Eau (direct);Carbone organique total (en tant que C total ou DCO/3);136000;kg/an
0006103850;SOPRANZI GALVANISATION;2005;Eau (direct);Demande chimique en oxygène (DCO);409000;kg/an
0006104050;NEOVALY;2005;Air;Acide fluorhydrique (flurorure d'hydrogène);258;kg/an
0006103850;SOPRANZI GALVANISATION;2005;Eau (direct);Fluorures (en tant que F total);6440;kg/an
0006103850;SOPRANZI GALVANISATION;2005;Eau (direct);Zinc et composés (exprimés en tant que Zn);1020;kg/an
0006104050;NEOVALY;2005;Air;Antimoine et composés (exprimés en tant que Sb);17.5;kg/an
0006104050;NEOVALY;2005;Air;Cobalt et composés (exprimés en tant que Co);5.9;kg/an
0006103851;TOKAI CARBON SAVOIE;2005;Air;Composés organiques volatils non méthaniques (COVNM);46900;kg/an
0006103851;TOKAI CARBON SAVOIE;2005;Air;Hydrocarbures aromatiques polycycliques (HAP);3070;kg/an
0006104050;NEOVALY;2005;Eau (direct);Fluor et ses composés (F);530;kg/an
0006103851;TOKAI CARBON SAVOIE;2005;Air;Monoxyde de carbone (CO);536000;kg/an
0006104103;CREALIS;2005;Air;Hexafluorure de soufre (SF6);513;kg/an
0006103856;IFP ENERGIES NOUVELLES ETS DE LYON;2005;Eau (direct);Aluminium et composés (exprimés en tant que Al);2660;kg/an
0006104103;CREALIS;2005;Air;Hydrochlorofluorocarbures (HCFC);5320;kg/an
0006104103;CREALIS;2005;Air;Hydroflurocarbures (HFC);14500;kg/an
0006103875;TEINTURES ET IMPRESSIONS DE LYON;2005;Eau (indirect);Carbone organique total (en tant que C total ou DCO/3);163000;kg/an
0006103875;TEINTURES ET IMPRESSIONS DE LYON;2005;Eau (indirect);Demande biologique en oxygène (DBO5);74700;kg/an
0006104103;CREALIS;2005;Air;1,3-butadiène;218;kg/an
0006103875;TEINTURES ET IMPRESSIONS DE LYON;2005;Eau (indirect);Demande chimique en oxygène (DCO);489000;kg/an
0006103879;SYTRAIVAL;2005;Air;Dioxyde de carbone (CO2) d'origine biomasse;38700000;kg/an
0006104103;CREALIS;2005;Air;Chlorométhane (chlorure de méthyle);1190;kg/an
0006104103;CREALIS;2005;Air;Oxyde de propylène (1,2-époxypropane);1480;kg/an
0006103907;BRUN;2005;Eau (indirect);Chrome et composés (exprimés en tant que Cr);230;kg/an
0006104103;CREALIS;2005;Air;Oxyde d'éthylène;224;kg/an
0006103907;BRUN;2005;Eau (indirect);Cuivre et composés (exprimés en tant que Cu);1690;kg/an
0006103907;BRUN;2005;Eau (indirect);Nickel et composés (exprimés en tant que Ni);2630;kg/an
0006104159;LAFAYETTE - ELM Opérations;2005;Air;Oxydes de soufre (SOx/SO2);158000;kg/an
0006103907;BRUN;2005;Eau (indirect);Zinc et composés (exprimés en tant que Zn);989;kg/an
0006103908;GRID SOLUTIONS SAS;2005;Air;Hexafluorure de soufre (SF6);2450;kg/an
0006104223;METROPOLE DE LYON - Unité de Traitement de de Valorisation Energétique des déchets urbains de Lyon Sud;2005;Air;Cadmium et composés (exprimés en tant que Cd);27;kg/an
0006103913;CROWN emballages France SAS;2005;Air;Composés organiques volatils non méthaniques (COVNM);94300;kg/an
0006104223;METROPOLE DE LYON - Unité de Traitement de de Valorisation Energétique des déchets urbains de Lyon Sud;2005;Air;Dioxines et furanes (PCDD + PCDF) (exprimés en iTeq);0.0035;kg/an
0006104223;METROPOLE DE LYON - Unité de Traitement de de Valorisation Energétique des déchets urbains de Lyon Sud;2005;Air;Mercure et composés (exprimés en tant que Hg);12;kg/an
0006103915;ROGER de LYON;2005;Eau (indirect);Demande biologique en oxygène (DBO5);51900;kg/an
0006104223;METROPOLE DE LYON - Unité de Traitement de de Valorisation Energétique des déchets urbains de Lyon Sud;2005;Air;Oxydes d'azote (NOx/NO2);541000;kg/an
0006104223;METROPOLE DE LYON - Unité de Traitement de de Valorisation Energétique des déchets urbains de Lyon Sud;2005;Air;Plomb et composés (exprimés en tant que Pb);350;kg/an
0006104223;METROPOLE DE LYON - Unité de Traitement de de Valorisation Energétique des déchets urbains de Lyon Sud;2005;Air;Zinc et composés (exprimés en tant que Zn);1260;kg/an
0006104223;METROPOLE DE LYON - Unité de Traitement de de Valorisation Energétique des déchets urbains de Lyon Sud;2005;Eau (indirect);Cadmium et composés (exprimés en tant que Cd);15.9;kg/an
0006103933;HIT TS;2005;Eau (indirect);Nickel et composés (exprimés en tant que Ni);26.1;kg/an
0006103952;Union de la Boucherie Lyonnaise;2005;Eau (indirect);Demande biologique en oxygène (DBO5);67300;kg/an
0006104223;METROPOLE DE LYON - Unité de Traitement de de Valorisation Energétique des déchets urbains de Lyon Sud;2005;Eau (direct);Manganèse et composés (exprimés en tant que Mn);594;kg/an
0006103953;Cibévial sa;2005;Eau (indirect);Demande biologique en oxygène (DBO5);50500;kg/an
0006104223;METROPOLE DE LYON - Unité de Traitement de de Valorisation Energétique des déchets urbains de Lyon Sud;2005;Eau (indirect);Plomb et composés (exprimés en tant que Pb);34;kg/an
0006103972;PLYMOUTH FRANCAISE;2005;Eau (direct);Fluor et ses composés (F);2;kg/an
0006103972;PLYMOUTH FRANCAISE;2005;Eau (direct);Hydrazine;100;kg/an
0006104223;METROPOLE DE LYON - Unité de Traitement de de Valorisation Energétique des déchets urbains de Lyon Sud;2005;Eau (direct);Zinc et composés (exprimés en tant que Zn);730;kg/an
0006103972;PLYMOUTH FRANCAISE;2005;Sol;Ammoniac (NH3);2;kg/an
0006104225;STEF Logistique Rhône Alpes Site de Lyon Gerland;2005;Air;Hydrochlorofluorocarbures (HCFC);1260;kg/an
0006103973;TOTAL RAFFINAGE France;2005;Air;Arsenic et composés (exprimés en tant que As);73;kg/an
0006103973;TOTAL RAFFINAGE France;2005;Air;Benzène;64500;kg/an
0006103973;TOTAL RAFFINAGE France;2005;Air;Composés organiques volatils non méthaniques (COVNM);1690000;kg/an
0006104259;Givaudan Lavirotte (Groupe ISALTIS);2005;Air;Composés organiques volatils non méthaniques (COVNM);275000;kg/an
0006103973;TOTAL RAFFINAGE France;2005;Air;Monoxyde de carbone (CO);9250000;kg/an
0006103973;TOTAL RAFFINAGE France;2005;Air;Nickel et composés (exprimés en tant que Ni);836;kg/an
0006103973;TOTAL RAFFINAGE France;2005;Air;Oxydes de soufre (SOx/SO2);6160000;kg/an
0006104259;Givaudan Lavirotte (Groupe ISALTIS);2005;Air;Méthanol (alcool méthylique);3200;kg/an
0006103973;TOTAL RAFFINAGE France;2005;Air;Oxydes d'azote (NOx/NO2);2040000;kg/an
0006103973;TOTAL RAFFINAGE France;2005;Air;Poussières totales;268000;kg/an
0006104259;Givaudan Lavirotte (Groupe ISALTIS);2005;Eau (indirect);Carbone organique total (en tant que C total ou DCO/3);72700;kg/an
0006103973;TOTAL RAFFINAGE France;2005;Air;Protoxyde d'azote (N2O);38800;kg/an
0006103973;TOTAL RAFFINAGE France;2005;Air;1,3-butadiène;53000;kg/an
0006104259;Givaudan Lavirotte (Groupe ISALTIS);2005;Eau (indirect);Demande biologique en oxygène (DBO5);141000;kg/an
0006103973;TOTAL RAFFINAGE France;2005;Eau (direct);Aluminium et composés (exprimés en tant que Al);4490;kg/an
0006103973;TOTAL RAFFINAGE France;2005;Eau (direct);Anthracène;33;kg/an
0006104259;Givaudan Lavirotte (Groupe ISALTIS);2005;Eau (indirect);Demande chimique en oxygène (DCO);218000;kg/an
0006103973;TOTAL RAFFINAGE France;2005;Eau (direct);Benzène;1240;kg/an
0006103973;TOTAL RAFFINAGE France;2005;Eau (direct);Benzène, toluène, éthylbenzène, xylènes (BTEX);4590;kg/an
0006104259;Givaudan Lavirotte (Groupe ISALTIS);2005;Eau (indirect);Phosphore total;14200;kg/an
0006103973;TOTAL RAFFINAGE France;2005;Eau (direct);Carbone organique total (en tant que C total ou DCO/3);120000;kg/an
0006103973;TOTAL RAFFINAGE France;2005;Eau (direct);Demande biologique en oxygène (DBO5);85600;kg/an
0006104259;Givaudan Lavirotte (Groupe ISALTIS);2005;Eau (direct);Méthanol (alcool méthylique);3920;kg/an
0006103973;TOTAL RAFFINAGE France;2005;Eau (direct);Demande chimique en oxygène (DCO);360000;kg/an
0006103973;TOTAL RAFFINAGE France;2005;Eau (direct);Fer et composés (exprimés en tant que Fe);3940;kg/an
0006104306;GRID Solutions;2005;Air;Dichlorométhane (DCM, chlorure de méthylène);4320;kg/an
0006103973;TOTAL RAFFINAGE France;2005;Eau (direct);Fluoranthène;44;kg/an
0006103973;TOTAL RAFFINAGE France;2005;Eau (direct);Hydrocarbures aromatiques polycycliques (HAP);219;kg/an
0006103973;TOTAL RAFFINAGE France;2005;Eau (direct);Manganèse et composés (exprimés en tant que Mn);237;kg/an
0006104306;GRID Solutions;2005;Air;Hexafluorure de soufre (SF6);1650;kg/an
0006103973;TOTAL RAFFINAGE France;2005;Eau (direct);Phénols (en tant que C total);1410;kg/an
0006103973;TOTAL RAFFINAGE France;2005;Eau (direct);Zinc et composés (exprimés en tant que Zn);195;kg/an
0006104344;NICHE FUSED ALUMINA;2005;Air;Fluor et ses composés (F);1040;kg/an
0006103988;TDS 73;2005;Eau (indirect);Chrome hexavalent et composés (exprimés en tant que Cr VI);35;kg/an
0006104344;NICHE FUSED ALUMINA;2005;Eau (direct);Fluor et ses composés (F);15;kg/an
0006103988;TDS 73;2005;Eau (indirect);Zinc et composés (exprimés en tant que Zn);170;kg/an
0006104358;SAVOIE DECHETS;2005;Air;Dioxines et furanes (PCDD + PCDF) (exprimés en iTeq);0.0055;kg/an
0006104358;SAVOIE DECHETS;2005;Air;Mercure et composés (exprimés en tant que Hg);13.3;kg/an
0006103989;UNIVAR;2005;Air;Méthanol (alcool méthylique);2000;kg/an
0006104358;SAVOIE DECHETS;2005;Eau (direct);Arsenic et composés (exprimés en tant que As);7.75;kg/an
0006103989;UNIVAR;2005;Eau (direct);Méthanol (alcool méthylique);2000;kg/an
0006104358;SAVOIE DECHETS;2005;Eau (direct);Cadmium et composés (exprimés en tant que Cd);5.93;kg/an
0006103995;UNIVAR;2005;Eau (direct);Acide fluorhydrique (flurorure d'hydrogène);50;kg/an
0006104358;SAVOIE DECHETS;2005;Eau (direct);Mercure et composés (exprimés en tant que Hg);1.42;kg/an
0006104364;OCV CHAMBERY (Usine C);2005;Air;Oxydes d'azote (NOx/NO2);183000;kg/an
0006103999;COATEX (USINE 1 LUMIERE);2005;Air;Composés organiques volatils non méthaniques (COVNM);32500;kg/an
0006104374;MITHIEUX ET FILS;2005;Eau (indirect);Cuivre et composés (exprimés en tant que Cu);56.6;kg/an
0006104017;GAMBRO INDUSTRIE;2005;Air;Composés organiques volatils non méthaniques (COVNM);39900;kg/an
0006104374;MITHIEUX ET FILS;2005;Eau (indirect);Nickel et composés (exprimés en tant que Ni);133;kg/an
0006104017;GAMBRO INDUSTRIE;2005;Air;Dichlorométhane (DCM, chlorure de méthylène);1920;kg/an
0006104017;GAMBRO INDUSTRIE;2005;Air;Aldéhyde formique (formaldéhyde);198;kg/an
0006104374;MITHIEUX ET FILS;2005;Eau (indirect);Zinc et composés (exprimés en tant que Zn);175;kg/an
0006104017;GAMBRO INDUSTRIE;2005;Air;Oxyde d'éthylène;17;kg/an
0006104017;GAMBRO INDUSTRIE;2005;Eau (indirect);Carbone organique total (en tant que C total ou DCO/3);78500;kg/an
0006104379;ARKEMA USINE DE LA CHAMBRE;2005;Air;Ammoniac (NH3);23200;kg/an
0006104017;GAMBRO INDUSTRIE;2005;Eau (indirect);Demande biologique en oxygène (DBO5);93100;kg/an
0006104017;GAMBRO INDUSTRIE;2005;Eau (indirect);Demande chimique en oxygène (DCO);236000;kg/an
0006104379;ARKEMA USINE DE LA CHAMBRE;2005;Air;Composés organiques volatils non méthaniques (COVNM);210000;kg/an
0006104024;ESSEX (IVA ESSEX);2005;Air;Crésol (mélange d'isomères);50;kg/an
0006104379;ARKEMA USINE DE LA CHAMBRE;2005;Air;Nickel et composés (exprimés en tant que Ni);118;kg/an
0006104379;ARKEMA USINE DE LA CHAMBRE;2005;Air;Oxydes de soufre (SOx/SO2);298000;kg/an
0006104379;ARKEMA USINE DE LA CHAMBRE;2005;Air;Oxydes d'azote (NOx/NO2);277000;kg/an
0006104379;ARKEMA USINE DE LA CHAMBRE;2005;Eau (direct);Arsenic et composés (exprimés en tant que As);475;kg/an
0006104379;ARKEMA USINE DE LA CHAMBRE;2005;Eau (direct);Carbone organique total (en tant que C total ou DCO/3);90000;kg/an
0006104513;SITOM DE Moutiers;2005;Air;Acide fluorhydrique (flurorure d'hydrogène);4;kg/an
0006104513;SITOM DE Moutiers;2005;Air;Chlore;13;kg/an
0006104379;ARKEMA USINE DE LA CHAMBRE;2005;Eau (direct);Chrome et composés (exprimés en tant que Cr);257;kg/an
0006104379;ARKEMA USINE DE LA CHAMBRE;2005;Eau (direct);Demande biologique en oxygène (DBO5);158000;kg/an
0006104524;SAS AIRPORC / ELEVAGE TECHE;2005;Air;Ammoniac (NH3);22800;kg/an
0006104379;ARKEMA USINE DE LA CHAMBRE;2005;Eau (direct);Demande chimique en oxygène (DCO);227000;kg/an
0006104379;ARKEMA USINE DE LA CHAMBRE;2005;Eau (direct);Dichlorométhane (DCM, chlorure de méthylène);70;kg/an
0006104532;NTN-SNR Annecy;2005;Air;Méthanol (alcool méthylique);408;kg/an
0006104379;ARKEMA USINE DE LA CHAMBRE;2005;Eau (direct);Nickel et composés (exprimés en tant que Ni);237;kg/an
0006104379;ARKEMA USINE DE LA CHAMBRE;2005;Eau (direct);Plomb et composés (exprimés en tant que Pb);237;kg/an
0006104379;ARKEMA USINE DE LA CHAMBRE;2005;Eau (direct);Zinc et composés (exprimés en tant que Zn);522;kg/an
0006104534;GRAPHOCOLOR;2005;Eau (direct);Nickel et composés (exprimés en tant que Ni);282;kg/an
0006104405;R.E.S.;2005;Eau (direct);Nickel et composés (exprimés en tant que Ni);32;kg/an
0006104549;NTN SNR Argonay;2005;Air;Hydrochlorofluorocarbures (HCFC);3570;kg/an
0006104424;MERLIN GERIN ALPES;2005;Eau (direct);Acide cyanhydrique (HCN);0.1;kg/an
0006104559;PERROTTON;2005;Air;Composés organiques volatils non méthaniques (COVNM);38700;kg/an
0006104559;PERROTTON;2005;Air;Dichlorométhane (DCM, chlorure de méthylène);1510;kg/an
0006104559;PERROTTON;2005;Air;Trichloréthylène;37200;kg/an
0006104424;MERLIN GERIN ALPES;2005;Eau (direct);Fluor et ses composés (F);1.1;kg/an
0006104565;SYND MIXTE DU LAC D ANNECY;2005;Air;Oxydes d'azote (NOx/NO2);112000;kg/an
0006104426;FERROPEM GROUPE FERROATLANTICA;2005;Air;Dioxyde de carbone (CO2) d'origine biomasse;55100000;kg/an
0006104565;SYND MIXTE DU LAC D ANNECY;2005;Air;Protoxyde d'azote (N2O);25200;kg/an
0006104565;SYND MIXTE DU LAC D ANNECY;2005;Eau (indirect);Mercure et composés (exprimés en tant que Hg);9.6;kg/an
0006104577;HACER TRAITEMENTS DE SURFACE;2005;Air;Composés organiques volatils non méthaniques (COVNM);35600;kg/an
0006104577;HACER TRAITEMENTS DE SURFACE;2005;Air;Trichloréthylène;25000;kg/an
0006104426;FERROPEM GROUPE FERROATLANTICA;2005;Air;Oxydes d'azote (NOx/NO2);185000;kg/an
0006104577;HACER TRAITEMENTS DE SURFACE;2005;Air;Tétrachloroéthylène (PER, tétrachloroéthylène);10600;kg/an
0006104577;HACER TRAITEMENTS DE SURFACE;2005;Eau (direct);Chrome et composés (exprimés en tant que Cr);57;kg/an
0006104577;HACER TRAITEMENTS DE SURFACE;2005;Eau (direct);Cuivre et composés (exprimés en tant que Cu);264;kg/an
0006104577;HACER TRAITEMENTS DE SURFACE;2005;Eau (direct);Nickel et composés (exprimés en tant que Ni);729;kg/an
0006104577;HACER TRAITEMENTS DE SURFACE;2005;Eau (direct);Zinc et composés (exprimés en tant que Zn);147;kg/an
0006104438;FERROPEM;2005;Air;Chrome et composés (exprimés en tant que Cr);781;kg/an
0006104582;Reboul SAS;2005;Air;Hydrochlorofluorocarbures (HCFC);1270;kg/an
0006104438;FERROPEM;2005;Air;Dioxyde de carbone (CO2) d'origine biomasse;32700000;kg/an
0006104583;ALPINE ALUMINIUM;2005;Air;Composés organiques volatils non méthaniques (COVNM);151000;kg/an
0006104583;ALPINE ALUMINIUM;2005;Eau (direct);Fluor et ses composés (F);31.7;kg/an
0006104438;FERROPEM;2005;Air;Manganèse et composés (exprimés en tant que Mn);4220;kg/an
0006104438;FERROPEM;2005;Air;Monoxyde de carbone (CO);841000;kg/an
0006104586;PAPETERIES DE CRAN;2005;Eau (direct);Carbone organique total (en tant que C total ou DCO/3);98400;kg/an
0006104438;FERROPEM;2005;Air;Nickel et composés (exprimés en tant que Ni);262;kg/an
0006104586;PAPETERIES DE CRAN;2005;Eau (direct);Demande biologique en oxygène (DBO5);104000;kg/an
0006104586;PAPETERIES DE CRAN;2005;Eau (direct);Demande chimique en oxygène (DCO);295000;kg/an
0006104438;FERROPEM;2005;Air;Oxydes de soufre (SOx/SO2);718000;kg/an
0006104438;FERROPEM;2005;Air;Oxydes d'azote (NOx/NO2);975000;kg/an
0006104605;STAUBLI FAVERGES;2005;Air;Dichlorométhane (DCM, chlorure de méthylène);1750;kg/an
0006104438;FERROPEM;2005;Air;Poussières totales;473000;kg/an
0006104605;STAUBLI FAVERGES;2005;Air;Trichloréthylène;5560;kg/an
0006104606;ST DUPONT;2005;Air;Hydrochlorofluorocarbures (HCFC);3740;kg/an
0006104438;FERROPEM;2005;Air;Zinc et composés (exprimés en tant que Zn);203;kg/an
0006104438;FERROPEM;2005;Air;Antimoine et composés (exprimés en tant que Sb);2560;kg/an
0006104438;FERROPEM;2005;Air;Cobalt et composés (exprimés en tant que Co);2.2;kg/an
0006104438;FERROPEM;2005;Air;Etain et composés (exprimés en tant que Sn);7.2;kg/an
0006104634;BOUVERAT INDUSTRIES;2005;Air;Composés organiques volatils non méthaniques (COVNM);34700;kg/an
0006104634;BOUVERAT INDUSTRIES;2005;Air;Trichloréthylène;34700;kg/an
0006104439;CARBONE SAVOIE;2005;Air;Hydrocarbures aromatiques polycycliques (HAP);730;kg/an
0006104639;AD PLATING MARNAZ;2005;Eau (direct);Cuivre et composés (exprimés en tant que Cu);68.5;kg/an
0006104639;AD PLATING MARNAZ;2005;Eau (direct);Nickel et composés (exprimés en tant que Ni);74.6;kg/an
0006104439;CARBONE SAVOIE;2005;Air;Oxydes de soufre (SOx/SO2);804000;kg/an
0006104447;RDM LA ROCHETTE  SAS;2005;Air;Chlore et composés inorganiques (en tant que HCl);12100;kg/an
0006104640;ANDRE BOUVERAT ET FILS;2005;Air;Trichloréthylène;13200;kg/an
0006104447;RDM LA ROCHETTE  SAS;2005;Air;Dioxyde de carbone (CO2) d'origine biomasse;92100000;kg/an
0006104645;THERMOCOMPACT S.A.;2005;Eau (direct);Nickel et composés (exprimés en tant que Ni);141;kg/an
0006104447;RDM LA ROCHETTE  SAS;2005;Air;Oxydes de soufre (SOx/SO2);279000;kg/an
0006104447;RDM LA ROCHETTE  SAS;2005;Air;Oxydes d'azote (NOx/NO2);310000;kg/an
0006104648;NTN SNR Meythet;2005;Air;Méthanol (alcool méthylique);246;kg/an
0006104447;RDM LA ROCHETTE  SAS;2005;Eau (direct);Carbone organique total (en tant que C total ou DCO/3);415000;kg/an
0006104655;SET MONT BLANC - SUEZ;2005;Air;Chrome et composés (exprimés en tant que Cr);243;kg/an
0006104655;SET MONT BLANC - SUEZ;2005;Air;Cuivre et composés (exprimés en tant que Cu);257;kg/an
0006104447;RDM LA ROCHETTE  SAS;2005;Eau (direct);Demande biologique en oxygène (DBO5);482000;kg/an
0006104447;RDM LA ROCHETTE  SAS;2005;Eau (direct);Demande chimique en oxygène (DCO);1250000;kg/an
0006104660;BAIKOWSKI;2005;Air;Ammoniac (NH3);40600;kg/an
0006104459;TECHCI RHONE ALPES;2005;Eau (direct);Fluor et ses composés (F);1;kg/an
0006104660;BAIKOWSKI;2005;Air;Oxydes de soufre (SOx/SO2);220000;kg/an
0006104660;BAIKOWSKI;2005;Eau (direct);Ammoniac (NH3);18000;kg/an
0006104466;TRIMET;2005;Air;Fluor et composés inorganiques (en tant que HF);79900;kg/an
0006104663;SAEME DANONE EAUX FRANCE;2005;Air;Acétaldéhyde (aldéhyde acétique  éthanal);461;kg/an
0006104664;PAPETERIES DU LEMAN S.A.;2005;Eau (direct);Chloroforme (trichlorométhane);47.3;kg/an
0006104664;PAPETERIES DU LEMAN S.A.;2005;Eau (direct);Nickel et composés (exprimés en tant que Ni);38;kg/an
0006104466;TRIMET;2005;Air;Hydrocarbures aromatiques polycycliques (HAP);104;kg/an
0006104664;PAPETERIES DU LEMAN S.A.;2005;Eau (direct);Phénols (en tant que C total);423;kg/an
0006104664;PAPETERIES DU LEMAN S.A.;2005;Eau (direct);Plomb et composés (exprimés en tant que Pb);48.7;kg/an
0006104466;TRIMET;2005;Air;Monoxyde de carbone (CO);13100000;kg/an
0006104466;TRIMET;2005;Air;Oxydes de soufre (SOx/SO2);2230000;kg/an
0006104679;TEFAL SA;2005;Air;Composés organiques volatils non méthaniques (COVNM);196000;kg/an
0006104466;TRIMET;2005;Air;Perfluorocarbures (PFC);1690;kg/an
0006104679;TEFAL SA;2005;Air;Trichloréthylène;46600;kg/an
0006104466;TRIMET;2005;Air;Poussières totales;164000;kg/an
0006104681;TANNERIE BCS SAS;2005;Eau (indirect);Chrome et composés (exprimés en tant que Cr);106;kg/an
0006104466;TRIMET;2005;Air;Chlore;3550;kg/an
0006104466;TRIMET;2005;Air;Fluor et ses composés (F);79900;kg/an
0006104682;CEREAL PARTNERS FRANCE;2005;Eau (indirect);Carbone organique total (en tant que C total ou DCO/3);61200;kg/an
0006104682;CEREAL PARTNERS FRANCE;2005;Eau (indirect);Demande biologique en oxygène (DBO5);60400;kg/an
0006104466;TRIMET;2005;Eau (direct);Fluorures (en tant que F total);2180;kg/an
0006104682;CEREAL PARTNERS FRANCE;2005;Eau (indirect);Demande chimique en oxygène (DCO);184000;kg/an
0006104466;TRIMET;2005;Eau (direct);Fluor et ses composés (F);2180;kg/an
0006104705;SKIS DYNASTAR;2005;Air;Composés organiques volatils non méthaniques (COVNM);51900;kg/an
0006104473;MSSA S.A.S.;2005;Air;Chlore et composés inorganiques (en tant que HCl);23000;kg/an
0006104473;MSSA S.A.S.;2005;Air;Chlore;23000;kg/an
0006104714;Caux Scionzier;2005;Eau (direct);Cuivre et composés (exprimés en tant que Cu);147;kg/an
0006104714;Caux Scionzier;2005;Eau (direct);Nickel et composés (exprimés en tant que Ni);103;kg/an
0006104473;MSSA S.A.S.;2005;Eau (direct);Chlore;498000;kg/an
0006104716;CATIDOM SA;2005;Eau (direct);Nickel et composés (exprimés en tant que Ni);23.5;kg/an
0006104478;MT Technology;2005;Air;Composés organiques volatils non méthaniques (COVNM);243000;kg/an
0006104504;Framatome;2005;Air;Acide fluorhydrique (flurorure d'hydrogène);66;kg/an
0006104720;NTN SNR Seynod;2005;Air;Composés organiques volatils non méthaniques (COVNM);46200;kg/an
0006104504;Framatome;2005;Air;Etain et composés (exprimés en tant que Sn);27;kg/an
0006104720;NTN SNR Seynod;2005;Air;Méthanol (alcool méthylique);422;kg/an
0006104504;Framatome;2005;Eau (direct);Acide fluorhydrique (flurorure d'hydrogène);206;kg/an
0006104732;Frank-et-pignard - Ternier/Le Lac;2005;Air;Composés organiques volatils non méthaniques (COVNM);34700;kg/an
0006104505;UGITECH;2005;Air;Oxydes d'azote (NOx/NO2);111000;kg/an
0006104732;Frank-et-pignard - Ternier/Le Lac;2005;Air;Dichlorométhane (DCM, chlorure de méthylène);34700;kg/an
0006104505;UGITECH;2005;Eau (direct);Fluorures (en tant que F total);3010;kg/an
0006104734;FRANK ET PIGNARD;2005;Air;Dichlorométhane (DCM, chlorure de méthylène);8920;kg/an
0006104505;UGITECH;2005;Eau (direct);Nickel et composés (exprimés en tant que Ni);267;kg/an
0006104736;T2R;2005;Eau (direct);Cuivre et composés (exprimés en tant que Cu);66;kg/an
0006104736;T2R;2005;Eau (direct);Nickel et composés (exprimés en tant que Ni);52;kg/an
0007100049;ALBIOMA ALG Centrale thermique;2005;Air;Oxydes de soufre (SOx/SO2);2400000;kg/an
0006104739;FOURNIER;2005;Air;Composés organiques volatils non méthaniques (COVNM);194000;kg/an
0007100049;ALBIOMA ALG Centrale thermique;2005;Air;Oxydes d'azote (NOx/NO2);1260000;kg/an
0006104748;THALES AVS FRANCE SAS;2005;Air;Hexafluorure de soufre (SF6);1400;kg/an
0006104748;THALES AVS FRANCE SAS;2005;Air;Fluor et ses composés (F);1400;kg/an
0007100049;ALBIOMA ALG Centrale thermique;2005;Air;Protoxyde d'azote (N2O);17400;kg/an
0006104749;IDEX Environnement;2005;Air;Dioxyde de carbone (CO2) d'origine biomasse;15500000;kg/an
0006104749;IDEX Environnement;2005;Air;Mercure et composés (exprimés en tant que Hg);16.7;kg/an
0007100049;ALBIOMA ALG Centrale thermique;2005;Air;Chlore;14100;kg/an
0006104753;SIEGWERK FRANCE SA;2005;Air;Composés organiques volatils non méthaniques (COVNM);408000;kg/an
0007100049;ALBIOMA ALG Centrale thermique;2005;Eau (direct);Zinc et composés (exprimés en tant que Zn);147;kg/an
0007100079;SRPP Depot d'hydrocarbures;2005;Air;Composés organiques volatils non méthaniques (COVNM);39500;kg/an
0007002953;DRAKA COMTEQ FRANCE;2005;Air;Oxydes d'azote (NOx/NO2);176000;kg/an
0007002973;Station d'épuration de Marquette lez Lille;2005;Eau (direct);Azote total;1740000;kg/an
0007002973;Station d'épuration de Marquette lez Lille;2005;Eau (direct);Carbone organique total (en tant que C total ou DCO/3);1470000;kg/an
0007100081;Distillerie Savanna;2005;Eau (direct);Carbone organique total (en tant que C total ou DCO/3);2730000;kg/an
0007002973;Station d'épuration de Marquette lez Lille;2005;Eau (direct);Demande biologique en oxygène (DBO5);905000;kg/an
0007002973;Station d'épuration de Marquette lez Lille;2005;Eau (direct);Demande chimique en oxygène (DCO);4410000;kg/an
0007002973;Station d'épuration de Marquette lez Lille;2005;Eau (direct);Matières en suspension (MES);1400000;kg/an
0007100081;Distillerie Savanna;2005;Eau (direct);Demande chimique en oxygène (DCO);8190000;kg/an
0007002973;Station d'épuration de Marquette lez Lille;2005;Eau (direct);Phosphore total;134000;kg/an
0007100081;Distillerie Savanna;2005;Eau (direct);Matières en suspension (MES);636000;kg/an
0007100088;Brasseries de Bourbon;2005;Eau (indirect);Carbone organique total (en tant que C total ou DCO/3);134000;kg/an
0007100088;Brasseries de Bourbon;2005;Eau (indirect);Demande biologique en oxygène (DBO5);124000;kg/an
0007003322;RYSSEN ALCOOLS SAS;2005;Air;Composés organiques volatils non méthaniques (COVNM);96000;kg/an
0007100088;Brasseries de Bourbon;2005;Eau (indirect);Demande chimique en oxygène (DCO);403000;kg/an
0007100099;Sucrerie de Bois Rouge;2005;Eau (direct);Carbone organique total (en tant que C total ou DCO/3);509000;kg/an
0007100036;Distillerie Riviere du Mat;2005;Eau (direct);Carbone organique total (en tant que C total ou DCO/3);3920000;kg/an
0007100099;Sucrerie de Bois Rouge;2005;Eau (direct);Demande biologique en oxygène (DBO5);751000;kg/an
0007100036;Distillerie Riviere du Mat;2005;Eau (direct);Demande biologique en oxygène (DBO5);4600000;kg/an
0007100036;Distillerie Riviere du Mat;2005;Eau (direct);Demande chimique en oxygène (DCO);11700000;kg/an
0007100099;Sucrerie de Bois Rouge;2005;Eau (direct);Demande chimique en oxygène (DCO);1530000;kg/an
0007100036;Distillerie Riviere du Mat;2005;Eau (direct);Matières en suspension (MES);1610000;kg/an
0007100113;Sucriere de la Reunion;2005;Eau (indirect);Carbone organique total (en tant que C total ou DCO/3);119000;kg/an
0007100049;ALBIOMA ALG Centrale thermique;2005;Air;Chlore et composés inorganiques (en tant que HCl);14100;kg/an
0007100113;Sucriere de la Reunion;2005;Eau (indirect);Demande biologique en oxygène (DBO5);193000;kg/an
0007100049;ALBIOMA ALG Centrale thermique;2005;Air;Dioxyde de carbone (CO2) d'origine biomasse;230000000;kg/an
0007100113;Sucriere de la Reunion;2005;Eau (indirect);Demande chimique en oxygène (DCO);357000;kg/an
0007100121;ALBIOMA Bois Rouge;2005;Air;Chlore et composés inorganiques (en tant que HCl);18900;kg/an
0007100121;ALBIOMA Bois Rouge;2005;Air;Dioxyde de carbone (CO2) d'origine biomasse;205000000;kg/an
0007100121;ALBIOMA Bois Rouge;2005;Air;Oxydes de soufre (SOx/SO2);4150000;kg/an
0006106652;SICAREV;2005;Eau (indirect);Demande chimique en oxygène (DCO);236000;kg/an
0007100121;ALBIOMA Bois Rouge;2005;Air;Oxydes d'azote (NOx/NO2);1510000;kg/an
0006106652;SICAREV;2005;Eau (indirect);Matières en suspension (MES);342000;kg/an
0007100121;ALBIOMA Bois Rouge;2005;Air;Protoxyde d'azote (N2O);25900;kg/an
0006106678;CANDIA;2005;Eau (indirect);Carbone organique total (en tant que C total ou DCO/3);171000;kg/an
0006104763;Savoie Chrome Dur Services;2005;Air;Trichloréthylène;2300;kg/an
0006106678;CANDIA;2005;Eau (indirect);Demande biologique en oxygène (DBO5);201000;kg/an
0006106678;CANDIA;2005;Eau (indirect);Demande chimique en oxygène (DCO);514000;kg/an
0006104767;ALPEN'TECH;2005;Air;Trichloréthylène;23700;kg/an
0006106680;Nestlé Purina PetCare;2005;Eau (indirect);Carbone organique total (en tant que C total ou DCO/3);77000;kg/an
0006106680;Nestlé Purina PetCare;2005;Eau (indirect);Demande biologique en oxygène (DBO5);97000;kg/an
0006106680;Nestlé Purina PetCare;2005;Eau (indirect);Demande chimique en oxygène (DCO);231000;kg/an
0006106680;Nestlé Purina PetCare;2005;Eau (indirect);Phosphore total;6410;kg/an
0006106680;Nestlé Purina PetCare;2005;Eau (direct);Chlore;300;kg/an
0006106813;ZAHOR France S.A.S.;2005;Eau (indirect);Demande biologique en oxygène (DBO5);44600;kg/an
0006104769;SGL CARBON  SA;2005;Air;Fluor et composés inorganiques (en tant que HF);66600;kg/an
0006106947;SUEZ RR IWS CHEMICALS FRANCE;2005;Air;Oxydes d'azote (NOx/NO2);153000;kg/an
0006106947;SUEZ RR IWS CHEMICALS FRANCE;2005;Air;Acide fluorhydrique (flurorure d'hydrogène);58;kg/an
0006104769;SGL CARBON  SA;2005;Air;Hydrocarbures aromatiques polycycliques (HAP);1790;kg/an
0006104769;SGL CARBON  SA;2005;Air;Fluor et ses composés (F);66600;kg/an
0006106990;ONYX AUVERGNE RHONE ALPES;2005;Air;Dioxyde de carbone (CO2) d'origine biomasse;20600000;kg/an
0006104769;SGL CARBON  SA;2005;Eau (direct);Carbone organique total (en tant que C total ou DCO/3);58700;kg/an
0006106990;ONYX AUVERGNE RHONE ALPES;2005;Air;Méthane (CH4);1440000;kg/an
0006104769;SGL CARBON  SA;2005;Eau (direct);Demande chimique en oxygène (DCO);176000;kg/an
0006104769;SGL CARBON  SA;2005;Eau (direct);Fluoranthène;6;kg/an
0006107023;MOULIN VIEUX SA;2005;Eau (direct);Carbone organique total (en tant que C total ou DCO/3);73500;kg/an
0006104769;SGL CARBON  SA;2005;Eau (direct);Fluorures (en tant que F total);3350;kg/an
0006107023;MOULIN VIEUX SA;2005;Eau (direct);Demande biologique en oxygène (DBO5);76100;kg/an
0006107023;MOULIN VIEUX SA;2005;Eau (direct);Demande chimique en oxygène (DCO);221000;kg/an
0006104769;SGL CARBON  SA;2005;Eau (direct);Hydrocarbures aromatiques polycycliques (HAP);19;kg/an
0006104769;SGL CARBON  SA;2005;Eau (direct);Phénols (en tant que C total);138;kg/an
0006107044;SUEZ RV CENTRE EST DONZERE;2005;Air;Dioxyde de carbone (CO2) d'origine biomasse;15700000;kg/an
0006104769;SGL CARBON  SA;2005;Eau (direct);Fluor et ses composés (F);1840;kg/an
0006107044;SUEZ RV CENTRE EST DONZERE;2005;Air;Méthane (CH4);667000;kg/an
0006104896;LABORATOIRE MERIEL;2005;Air;Aldéhyde formique (formaldéhyde);0.34;kg/an
0006107156;ISDnD La Tienne;2005;Air;Dioxyde de carbone (CO2) d'origine biomasse;21400000;kg/an
0006104952;VALDI;2005;Air;Acide fluorhydrique (flurorure d'hydrogène);23.8;kg/an
0006107177;COMPAGNIE d'ABATTAGE de BOURG;2005;Eau (indirect);Carbone organique total (en tant que C total ou DCO/3);84600;kg/an
0006104952;VALDI;2005;Air;Antimoine et composés (exprimés en tant que Sb);1.38;kg/an
0006107177;COMPAGNIE d'ABATTAGE de BOURG;2005;Eau (indirect);Demande biologique en oxygène (DBO5);182000;kg/an
0006107177;COMPAGNIE d'ABATTAGE de BOURG;2005;Eau (indirect);Demande chimique en oxygène (DCO);254000;kg/an
0006104952;VALDI;2005;Air;Cobalt et composés (exprimés en tant que Co);1.35;kg/an
0006105003;MAJ ELIS LOIRE;2005;Eau (indirect);Phosphore total;6680;kg/an
0006200031;MANUFACTURE DE BACCARAT;2005;Air;Plomb et composés (exprimés en tant que Pb);592;kg/an
0006200031;MANUFACTURE DE BACCARAT;2005;Air;Fluor et ses composés (F);1170;kg/an
0006105219;RHODIA OPERATIONS GE ACETOL;2005;Air;Composés organiques volatils non méthaniques (COVNM);77900;kg/an
0006200031;MANUFACTURE DE BACCARAT;2005;Eau (direct);Plomb et composés (exprimés en tant que Pb);161;kg/an
0006200031;MANUFACTURE DE BACCARAT;2005;Eau (direct);Fluor et ses composés (F);319;kg/an
0006105219;RHODIA OPERATIONS GE ACETOL;2005;Eau (direct);Azote total;87500;kg/an
0006105219;RHODIA OPERATIONS GE ACETOL;2005;Eau (direct);Carbone organique total (en tant que C total ou DCO/3);128000;kg/an
0006105219;RHODIA OPERATIONS GE ACETOL;2005;Eau (direct);Cuivre et composés (exprimés en tant que Cu);620;kg/an
0006200037;SOVAB;2005;Air;Composés organiques volatils non méthaniques (COVNM);794000;kg/an
0006200037;SOVAB;2005;Air;Hydroflurocarbures (HFC);1160;kg/an
0006105219;RHODIA OPERATIONS GE ACETOL;2005;Eau (direct);Demande chimique en oxygène (DCO);488000;kg/an
0006200037;SOVAB;2005;Air;Acide fluorhydrique (flurorure d'hydrogène);58.6;kg/an
0006105219;RHODIA OPERATIONS GE ACETOL;2005;Eau (direct);Phosphore total;23500;kg/an
0006200037;SOVAB;2005;Eau (direct);Nickel et composés (exprimés en tant que Ni);133;kg/an
0006200037;SOVAB;2005;Eau (direct);Zinc et composés (exprimés en tant que Zn);116;kg/an
0006105220;ISOCHEM SAS;2005;Air;Composés organiques volatils non méthaniques (COVNM);103000;kg/an
0006200037;SOVAB;2005;Eau (direct);Fluor et ses composés (F);262;kg/an
0006105220;ISOCHEM SAS;2005;Air;Dichlorométhane (DCM, chlorure de méthylène);25500;kg/an
0006200045;USINE DE PONT.A.MOUSSON SERVICE AGGLOMERATION;2005;Air;Composés organiques volatils non méthaniques (COVNM);108000;kg/an
0006200045;USINE DE PONT.A.MOUSSON SERVICE AGGLOMERATION;2005;Air;Cuivre et composés (exprimés en tant que Cu);768;kg/an
0006105220;ISOCHEM SAS;2005;Air;Hydrochlorofluorocarbures (HCFC);512;kg/an
0006200045;USINE DE PONT.A.MOUSSON SERVICE AGGLOMERATION;2005;Air;Monoxyde de carbone (CO);6660000;kg/an
0006200045;USINE DE PONT.A.MOUSSON SERVICE AGGLOMERATION;2005;Air;Oxydes de soufre (SOx/SO2);517000;kg/an
0006105220;ISOCHEM SAS;2005;Air;Hydroflurocarbures (HFC);995;kg/an
0006200045;USINE DE PONT.A.MOUSSON SERVICE AGGLOMERATION;2005;Air;Oxydes d'azote (NOx/NO2);326000;kg/an
0006200045;USINE DE PONT.A.MOUSSON SERVICE AGGLOMERATION;2005;Air;Plomb et composés (exprimés en tant que Pb);1290;kg/an
0006105221;OSIRIS GIE;2005;Air;Oxydes de soufre (SOx/SO2);1550000;kg/an
0006200045;USINE DE PONT.A.MOUSSON SERVICE AGGLOMERATION;2005;Air;Poussières totales;218000;kg/an
0006200045;USINE DE PONT.A.MOUSSON SERVICE AGGLOMERATION;2005;Air;Zinc et composés (exprimés en tant que Zn);310;kg/an
0006200045;USINE DE PONT.A.MOUSSON SERVICE AGGLOMERATION;2005;Air;Chlore;2310;kg/an
0006105221;OSIRIS GIE;2005;Air;Oxydes d'azote (NOx/NO2);941000;kg/an
0006200045;USINE DE PONT.A.MOUSSON SERVICE AGGLOMERATION;2005;Air;Phénols (en tant que C total);2680;kg/an
0006105221;OSIRIS GIE;2005;Air;Poussières totales;196000;kg/an
0006105221;OSIRIS GIE;2005;Air;Protoxyde d'azote (N2O);13900;kg/an
0006200067;EDF - CCG Blénod;2005;Air;Cadmium et composés (exprimés en tant que Cd);13;kg/an
0006200067;EDF - CCG Blénod;2005;Air;Chlore et composés inorganiques (en tant que HCl);687000;kg/an
0006105221;OSIRIS GIE;2005;Eau (direct);Aluminium et composés (exprimés en tant que Al);77100;kg/an
0006200067;EDF - CCG Blénod;2005;Air;Chrome et composés (exprimés en tant que Cr);282;kg/an
0006200067;EDF - CCG Blénod;2005;Air;Composés organiques volatils non méthaniques (COVNM);30200;kg/an
0006200067;EDF - CCG Blénod;2005;Air;Cuivre et composés (exprimés en tant que Cu);199;kg/an
0006105221;OSIRIS GIE;2005;Eau (direct);Azote total;422000;kg/an
0006200067;EDF - CCG Blénod;2005;Air;Fluor et composés inorganiques (en tant que HF);70700;kg/an
0006200067;EDF - CCG Blénod;2005;Air;Mercure et composés (exprimés en tant que Hg);88;kg/an
0006200067;EDF - CCG Blénod;2005;Air;Nickel et composés (exprimés en tant que Ni);283;kg/an
0006105221;OSIRIS GIE;2005;Eau (direct);Benzène;5810;kg/an
0006200067;EDF - CCG Blénod;2005;Air;Oxydes de soufre (SOx/SO2);13700000;kg/an
0006200067;EDF - CCG Blénod;2005;Air;Oxydes d'azote (NOx/NO2);7300000;kg/an
0006105221;OSIRIS GIE;2005;Eau (direct);Carbone organique total (en tant que C total ou DCO/3);342000;kg/an
0006200067;EDF - CCG Blénod;2005;Air;Particules (PM10);1070000;kg/an
0006200067;EDF - CCG Blénod;2005;Air;Poussières totales;1340000;kg/an
0006105221;OSIRIS GIE;2005;Eau (direct);Chlorures (en tant que Cl total);25300000;kg/an
0006200067;EDF - CCG Blénod;2005;Air;Protoxyde d'azote (N2O);27300;kg/an
0006200067;EDF - CCG Blénod;2005;Air;Zinc et composés (exprimés en tant que Zn);304;kg/an
0006105221;OSIRIS GIE;2005;Eau (direct);Chrome et composés (exprimés en tant que Cr);835;kg/an
0006200067;EDF - CCG Blénod;2005;Air;Chlore;687000;kg/an
0006200067;EDF - CCG Blénod;2005;Air;Fluor et ses composés (F);70700;kg/an
0006200067;EDF - CCG Blénod;2005;Eau (direct);Cuivre et composés (exprimés en tant que Cu);1460;kg/an
0006200067;EDF - CCG Blénod;2005;Eau (direct);Zinc et composés (exprimés en tant que Zn);693;kg/an
0006105221;OSIRIS GIE;2005;Eau (direct);Composés organohalogénés (exprimés en tant que AOX);15600;kg/an
0006105221;OSIRIS GIE;2005;Eau (direct);Cuivre et composés (exprimés en tant que Cu);4180;kg/an
0006200092;STORENGY;2005;Air;Méthane (CH4);1060000;kg/an
0006105221;OSIRIS GIE;2005;Eau (direct);Cyanures (sous forme de CN total);487;kg/an
0006200092;STORENGY;2005;Air;Oxydes d'azote (NOx/NO2);1110000;kg/an
0006200092;STORENGY;2005;Air;Méthanol (alcool méthylique);0.5;kg/an
0006105221;OSIRIS GIE;2005;Eau (direct);Demande biologique en oxygène (DBO5);465000;kg/an
0006105221;OSIRIS GIE;2005;Eau (direct);Demande chimique en oxygène (DCO);2050000;kg/an
0006105221;OSIRIS GIE;2005;Eau (direct);Dichlorométhane (DCM, chlorure de méthylène);11200;kg/an
0006200104;Brasserie Champigneulles;2005;Eau (indirect);Carbone organique total (en tant que C total ou DCO/3);547000;kg/an
0006200104;Brasserie Champigneulles;2005;Eau (indirect);Demande biologique en oxygène (DBO5);1020000;kg/an
0006105221;OSIRIS GIE;2005;Eau (direct);Etain et composés (exprimés en tant que Sn);6740;kg/an
0006200104;Brasserie Champigneulles;2005;Eau (indirect);Demande chimique en oxygène (DCO);1640000;kg/an
0006200104;Brasserie Champigneulles;2005;Eau (indirect);Matières en suspension (MES);388000;kg/an
0006105221;OSIRIS GIE;2005;Eau (direct);Fer et composés (exprimés en tant que Fe);6820;kg/an
0006200104;Brasserie Champigneulles;2005;Eau (indirect);Phosphore total;14100;kg/an
0006105221;OSIRIS GIE;2005;Eau (direct);Manganèse et composés (exprimés en tant que Mn);1000;kg/an
0006200139;CROWN BEVCAN;2005;Air;Composés organiques volatils non méthaniques (COVNM);516000;kg/an
0006105221;OSIRIS GIE;2005;Eau (direct);Matières en suspension (MES);1490000;kg/an
0006105221;OSIRIS GIE;2005;Eau (direct);Nickel et composés (exprimés en tant que Ni);1610;kg/an
0006105221;OSIRIS GIE;2005;Eau (direct);Phosphore total;32300;kg/an
0006200154;SOLVAY OPERATIONS FRANCE;2005;Air;Oxydes d'azote (NOx/NO2);106000;kg/an
0006105221;OSIRIS GIE;2005;Eau (direct);Phénols (en tant que C total);8750;kg/an
0006105221;OSIRIS GIE;2005;Eau (direct);Sulfates;19700000;kg/an
0006200158;SOLVAY OPERATIONS FRANCE;2005;Air;Ammoniac (NH3);547000;kg/an
0006105221;OSIRIS GIE;2005;Eau (direct);Zinc et composés (exprimés en tant que Zn);15600;kg/an
0006200158;SOLVAY OPERATIONS FRANCE;2005;Air;Arsenic et composés (exprimés en tant que As);31;kg/an
0006200158;SOLVAY OPERATIONS FRANCE;2005;Air;Chlore et composés inorganiques (en tant que HCl);46000;kg/an
0006105221;OSIRIS GIE;2005;Eau (direct);Acide cyanhydrique (HCN);505;kg/an
0006200158;SOLVAY OPERATIONS FRANCE;2005;Air;Monoxyde de carbone (CO);12900000;kg/an
0006200158;SOLVAY OPERATIONS FRANCE;2005;Air;Oxydes de soufre (SOx/SO2);2380000;kg/an
0006105221;OSIRIS GIE;2005;Eau (direct);Ammoniac (NH3);141000;kg/an
0006200158;SOLVAY OPERATIONS FRANCE;2005;Air;Oxydes d'azote (NOx/NO2);1910000;kg/an
0006200158;SOLVAY OPERATIONS FRANCE;2005;Air;Poussières totales;258000;kg/an
0006105222;ELKEM SILICONES FRANCE;2005;Air;Composés organiques volatils non méthaniques (COVNM);318000;kg/an
0006200158;SOLVAY OPERATIONS FRANCE;2005;Air;Zinc et composés (exprimés en tant que Zn);443;kg/an
0006200158;SOLVAY OPERATIONS FRANCE;2005;Eau (direct);Azote total;51000;kg/an
0006105222;ELKEM SILICONES FRANCE;2005;Air;Cuivre et composés (exprimés en tant que Cu);160;kg/an
0006200158;SOLVAY OPERATIONS FRANCE;2005;Eau (direct);Chlorures (en tant que Cl total);478000000;kg/an
0006200158;SOLVAY OPERATIONS FRANCE;2005;Eau (direct);Sulfates;2960000;kg/an
0006105222;ELKEM SILICONES FRANCE;2005;Air;Hydroflurocarbures (HFC);8160;kg/an
0006200158;SOLVAY OPERATIONS FRANCE;2005;Eau (direct);Ammoniac (NH3);51000;kg/an
0006105222;ELKEM SILICONES FRANCE;2005;Air;Méthane (CH4);156000;kg/an
0006200297;NOVACOGE;2005;Air;Oxydes d'azote (NOx/NO2);199000;kg/an
0006105222;ELKEM SILICONES FRANCE;2005;Air;Chlorométhane (chlorure de méthyle);215000;kg/an
0006200307;NOVACARB;2005;Air;Ammoniac (NH3);1370000;kg/an
0006105222;ELKEM SILICONES FRANCE;2005;Air;Méthanol (alcool méthylique);156000;kg/an
0006200307;NOVACARB;2005;Air;Arsenic et composés (exprimés en tant que As);47.7;kg/an
0006200307;NOVACARB;2005;Air;Cadmium et composés (exprimés en tant que Cd);10.2;kg/an
0006105222;ELKEM SILICONES FRANCE;2005;Eau (direct);Aluminium et composés (exprimés en tant que Al);4740;kg/an
0006200307;NOVACARB;2005;Air;Chrome et composés (exprimés en tant que Cr);135;kg/an
0006200307;NOVACARB;2005;Air;Composés organiques volatils non méthaniques (COVNM);41000;kg/an
0006105222;ELKEM SILICONES FRANCE;2005;Eau (direct);Carbone organique total (en tant que C total ou DCO/3);54100;kg/an
0006200307;NOVACARB;2005;Air;Cuivre et composés (exprimés en tant que Cu);291;kg/an
0006200307;NOVACARB;2005;Air;Monoxyde de carbone (CO);13600000;kg/an
0006105222;ELKEM SILICONES FRANCE;2005;Eau (direct);Chlorures (en tant que Cl total);29800000;kg/an
0006200307;NOVACARB;2005;Air;Nickel et composés (exprimés en tant que Ni);127;kg/an
0006200307;NOVACARB;2005;Air;Oxydes de soufre (SOx/SO2);934000;kg/an
0006105222;ELKEM SILICONES FRANCE;2005;Eau (direct);Cuivre et composés (exprimés en tant que Cu);2140;kg/an
0006200307;NOVACARB;2005;Air;Oxydes d'azote (NOx/NO2);587000;kg/an
0006200307;NOVACARB;2005;Air;Particules (PM10);550000;kg/an
0006105222;ELKEM SILICONES FRANCE;2005;Eau (direct);Demande chimique en oxygène (DCO);472000;kg/an
0006200307;NOVACARB;2005;Air;Plomb et composés (exprimés en tant que Pb);476;kg/an
0006200307;NOVACARB;2005;Air;Poussières totales;550000;kg/an
0006200307;NOVACARB;2005;Air;Protoxyde d'azote (N2O);14400;kg/an
0006200307;NOVACARB;2005;Air;Zinc et composés (exprimés en tant que Zn);1150;kg/an
0006105222;ELKEM SILICONES FRANCE;2005;Eau (direct);Fer et composés (exprimés en tant que Fe);3280;kg/an
0006200307;NOVACARB;2005;Air;Antimoine et composés (exprimés en tant que Sb);64.2;kg/an
0006200307;NOVACARB;2005;Air;Cobalt et composés (exprimés en tant que Co);49.3;kg/an
0006105222;ELKEM SILICONES FRANCE;2005;Eau (direct);Zinc et composés (exprimés en tant que Zn);570;kg/an
0006200307;NOVACARB;2005;Air;Etain et composés (exprimés en tant que Sn);210;kg/an
0006200307;NOVACARB;2005;Eau (direct);Chlorures (en tant que Cl total);397000000;kg/an
0006105223;ADISSEO FRANCE SAS;2005;Air;Oxydes d'azote (NOx/NO2);126000;kg/an
0006200307;NOVACARB;2005;Eau (direct);Sulfates;2250000;kg/an
0006200307;NOVACARB;2005;Eau (direct);Ammoniac (NH3);39800;kg/an
0006105223;ADISSEO FRANCE SAS;2005;Eau (direct);Cyanures (sous forme de CN total);110;kg/an
0006105223;ADISSEO FRANCE SAS;2005;Eau (direct);Sulfates;2470000;kg/an
0006200329;usine de Liverdun;2005;Air;Zinc et composés (exprimés en tant que Zn);364;kg/an
0006200339;GLANZSTOFF LONGLAVILLE;2005;Air;Composés organiques volatils non méthaniques (COVNM);95700;kg/an
0006105223;ADISSEO FRANCE SAS;2005;Eau (direct);Acide cyanhydrique (HCN);110;kg/an
0006200339;GLANZSTOFF LONGLAVILLE;2005;Air;Acétaldéhyde (aldéhyde acétique  éthanal);4840;kg/an
0006200339;GLANZSTOFF LONGLAVILLE;2005;Eau (direct);Antimoine et composés (exprimés en tant que Sb);5.14;kg/an
0006105224;PRAYON;2005;Eau (direct);Phosphore total;215000;kg/an
0006200373;VAL'ERGIE (ex.NANCY ENERGIE) à  Ludres;2005;Air;Dioxyde de carbone (CO2) d'origine biomasse;46700000;kg/an
0006200373;VAL'ERGIE (ex.NANCY ENERGIE) à  Ludres;2005;Air;Oxydes d'azote (NOx/NO2);149000;kg/an
0006200381;ARDAGH METAL PACKAGING France SAS;2005;Air;Composés organiques volatils non méthaniques (COVNM);571000;kg/an
0006105225;ADISSEO FRANCE SAS;2005;Air;Composés organiques volatils non méthaniques (COVNM);63800;kg/an
0006105225;ADISSEO FRANCE SAS;2005;Air;Oxydes de soufre (SOx/SO2);169000;kg/an
0006200395;TRAILOR;2005;Air;Composés organiques volatils non méthaniques (COVNM);50500;kg/an
0006105225;ADISSEO FRANCE SAS;2005;Air;Méthanol (alcool méthylique);200;kg/an
0006200462;Hôpitaux de Brabois (CHRU);2005;Eau (indirect);Carbone organique total (en tant que C total ou DCO/3);78000;kg/an
0006105225;ADISSEO FRANCE SAS;2005;Eau (direct);Méthanol (alcool méthylique);944;kg/an
0006105226;ADISSEO PS;2005;Air;Oxydes de soufre (SOx/SO2);542000;kg/an
0006105226;ADISSEO PS;2005;Eau (direct);Arsenic et composés (exprimés en tant que As);300;kg/an
0006200462;Hôpitaux de Brabois (CHRU);2005;Eau (indirect);Cuivre et composés (exprimés en tant que Cu);380;kg/an
0006105226;ADISSEO PS;2005;Eau (direct);Cadmium et composés (exprimés en tant que Cd);100;kg/an
0006200462;Hôpitaux de Brabois (CHRU);2005;Eau (indirect);Demande biologique en oxygène (DBO5);211000;kg/an
0006200462;Hôpitaux de Brabois (CHRU);2005;Eau (indirect);Demande chimique en oxygène (DCO);498000;kg/an
0006105226;ADISSEO PS;2005;Eau (direct);Chrome et composés (exprimés en tant que Cr);100;kg/an
0006200462;Hôpitaux de Brabois (CHRU);2005;Sol;Diuron;3.75;kg/an
0006200462;Hôpitaux de Brabois (CHRU);2005;Eau (indirect);Phosphore total;50200;kg/an
0006105226;ADISSEO PS;2005;Eau (direct);Mercure et composés (exprimés en tant que Hg);10;kg/an
0006200462;Hôpitaux de Brabois (CHRU);2005;Eau (indirect);Zinc et composés (exprimés en tant que Zn);107;kg/an
0006105226;ADISSEO PS;2005;Eau (direct);Plomb et composés (exprimés en tant que Pb);100;kg/an
0006105226;ADISSEO PS;2005;Eau (direct);Sulfates;5240000;kg/an
0006106518;SICAREV;2005;Eau (indirect);Carbone organique total (en tant que C total ou DCO/3);172000;kg/an
0006200499;SAM RIVA;2005;Air;Dioxines et furanes (PCDD + PCDF) (exprimés en iTeq);0.00328;kg/an
0006200499;SAM RIVA;2005;Air;Oxydes d'azote (NOx/NO2);111000;kg/an
0006106518;SICAREV;2005;Eau (indirect);Demande biologique en oxygène (DBO5);239000;kg/an
0006200499;SAM RIVA;2005;Eau (direct);Hydrocarbures aromatiques polycycliques (HAP);224;kg/an
0006200499;SAM RIVA;2005;Eau (direct);Zinc et composés (exprimés en tant que Zn);512;kg/an
0006106518;SICAREV;2005;Eau (indirect);Demande chimique en oxygène (DCO);516000;kg/an
0006200514;MERSEN (ex CLEG);2005;Air;Fluor et ses composés (F);59.8;kg/an
0006200514;MERSEN (ex CLEG);2005;Air;Phénols (en tant que C total);9.73;kg/an
0006106518;SICAREV;2005;Eau (indirect);Phosphore total;5500;kg/an
0006200529;SUEZ RV NORD EST;2005;Air;Méthane (CH4);746000;kg/an
0006106650;Sté STEPHANOISE D'ABATTAGE;2005;Eau (indirect);Azote total;91400;kg/an
0006200537;Dr FISCHER EUROPE;2005;Eau (direct);Acide fluorhydrique (flurorure d'hydrogène);33;kg/an
0006200539;SAINT GOBAIN PAM;2005;Air;Composés organiques volatils non méthaniques (COVNM);848000;kg/an
0006200539;SAINT GOBAIN PAM;2005;Air;Monoxyde de carbone (CO);651000;kg/an
0006106650;Sté STEPHANOISE D'ABATTAGE;2005;Eau (indirect);Carbone organique total (en tant que C total ou DCO/3);201000;kg/an
0006200539;SAINT GOBAIN PAM;2005;Air;Oxydes d'azote (NOx/NO2);186000;kg/an
0006200539;SAINT GOBAIN PAM;2005;Air;Zinc et composés (exprimés en tant que Zn);3220;kg/an
0006106650;Sté STEPHANOISE D'ABATTAGE;2005;Eau (indirect);Demande biologique en oxygène (DBO5);240000;kg/an
0006200539;SAINT GOBAIN PAM;2005;Eau (direct);Carbone organique total (en tant que C total ou DCO/3);184000;kg/an
0006200539;SAINT GOBAIN PAM;2005;Eau (direct);Cyanures (sous forme de CN total);160;kg/an
0006106650;Sté STEPHANOISE D'ABATTAGE;2005;Eau (indirect);Demande chimique en oxygène (DCO);602000;kg/an
0006200539;SAINT GOBAIN PAM;2005;Eau (direct);Demande chimique en oxygène (DCO);551000;kg/an
0006200539;SAINT GOBAIN PAM;2005;Eau (direct);Fer et composés (exprimés en tant que Fe);8670;kg/an
0006106650;Sté STEPHANOISE D'ABATTAGE;2005;Eau (indirect);Phosphore total;75900;kg/an
0006200539;SAINT GOBAIN PAM;2005;Eau (direct);Hydrocarbures aromatiques polycycliques (HAP);12.3;kg/an
0006200539;SAINT GOBAIN PAM;2005;Eau (direct);Phénols (en tant que C total);516;kg/an
0006106652;SICAREV;2005;Eau (indirect);Carbone organique total (en tant que C total ou DCO/3);78700;kg/an
0006106652;SICAREV;2005;Eau (indirect);Demande biologique en oxygène (DBO5);90000;kg/an
0006200635;Pneumatiques Kleber;2005;Air;Composés organiques volatils non méthaniques (COVNM);195000;kg/an
0006201104;IPL;2005;Air;Acide fluorhydrique (flurorure d'hydrogène);60;kg/an
0006200673;GENSEL;2005;Air;Oxydes d'azote (NOx/NO2);163000;kg/an
0006200679;CSME;2005;Eau (indirect);Chlorures (en tant que Cl total);23000000;kg/an
0006201117;Continental France SNC;2005;Air;Composés organiques volatils non méthaniques (COVNM);178000;kg/an
0006200679;CSME;2005;Eau (indirect);Matières en suspension (MES);15600000;kg/an
0006200720;KIMBERLY CLARK SAS;2005;Eau (direct);Phénols (en tant que C total);23;kg/an
0006201118;Unité d'Exploitation La Houve 'Siège 2';2005;Eau (direct);Chlorures (en tant que Cl total);2840000;kg/an
0006200725;VICAT (usine de Xeuilley);2005;Air;Dioxyde de carbone (CO2) d'origine biomasse;41300000;kg/an
0006200725;VICAT (usine de Xeuilley);2005;Air;Mercure et composés (exprimés en tant que Hg);13;kg/an
0006200725;VICAT (usine de Xeuilley);2005;Air;Oxydes de soufre (SOx/SO2);957000;kg/an
0006201118;Unité d'Exploitation La Houve 'Siège 2';2005;Eau (direct);Fer et composés (exprimés en tant que Fe);10100;kg/an
0006200725;VICAT (usine de Xeuilley);2005;Air;Oxydes d'azote (NOx/NO2);485000;kg/an
0006200735;LA MEUSIENNE;2005;Air;Acide fluorhydrique (flurorure d'hydrogène);208;kg/an
0006201118;Unité d'Exploitation La Houve 'Siège 2';2005;Eau (direct);Manganèse et composés (exprimés en tant que Mn);3980;kg/an
0006200735;LA MEUSIENNE;2005;Eau (direct);Acide fluorhydrique (flurorure d'hydrogène);26;kg/an
0006201128;KOHLER France Division Metaquartz;2005;Air;Dichlorométhane (DCM, chlorure de méthylène);91100;kg/an
0006201149;CIMULEC;2005;Eau (direct);Fluor et ses composés (F);4;kg/an
0006200769;FROMAGERIES BEL;2005;Eau (indirect);Carbone organique total (en tant que C total ou DCO/3);195000;kg/an
0006200769;FROMAGERIES BEL;2005;Eau (indirect);Demande chimique en oxygène (DCO);586000;kg/an
0006200769;FROMAGERIES BEL;2005;Eau (indirect);Phosphore total;15300;kg/an
0006201196;SUEZ RV Nord Est;2005;Air;Méthane (CH4);461000;kg/an
0006200802;INEOS COMPOSITES FRANCE (ASHLAND FRANCE);2005;Air;Aldéhyde formique (formaldéhyde);68;kg/an
0006201213;ARCELORMITTAL FRANCE;2005;Air;Chlore et composés inorganiques (en tant que HCl);12500;kg/an
0006200817;INNOSPEC PERFORMANCE CHEMICALS;2005;Air;Oxyde d'éthylène;29;kg/an
0006201213;ARCELORMITTAL FRANCE;2005;Air;Composés organiques volatils non méthaniques (COVNM);33200;kg/an
0006200817;INNOSPEC PERFORMANCE CHEMICALS;2005;Eau (direct);Benzène;2.5;kg/an
0006200817;INNOSPEC PERFORMANCE CHEMICALS;2005;Eau (direct);Cadmium et composés (exprimés en tant que Cd);26.5;kg/an
0006201213;ARCELORMITTAL FRANCE;2005;Air;Oxydes d'azote (NOx/NO2);206000;kg/an
0006200817;INNOSPEC PERFORMANCE CHEMICALS;2005;Eau (direct);Mercure et composés (exprimés en tant que Hg);44;kg/an
0006201220;Arcelor Packaging Imprimerie Florange;2005;Air;Composés organiques volatils non méthaniques (COVNM);140000;kg/an
0006201257;VFT France;2005;Air;Phénols (en tant que C total);5;kg/an
0006200831;ESSILOR INTERNATIONAL (Les Battants);2005;Air;Nickel et composés (exprimés en tant que Ni);90;kg/an
0006201257;VFT France;2005;Eau (indirect);Benzène, toluène, éthylbenzène, xylènes (BTEX);354;kg/an
0006200833;EVOBUS FRANCE;2005;Air;Composés organiques volatils non méthaniques (COVNM);44800;kg/an
0006200845;CSDU ROMAGNE SOUS MONTFAUCON;2005;Air;Méthane (CH4);117000;kg/an
0006201257;VFT France;2005;Eau (indirect);Hydrocarbures aromatiques polycycliques (HAP);331;kg/an
0006201257;VFT France;2005;Eau (indirect);Phénols (en tant que C total);480;kg/an
0006200856;SFTR - ISDND DE PAGNY SUR MEUSE;2005;Air;Méthane (CH4);323000;kg/an
0006201257;VFT France;2005;Eau (direct);Acide cyanhydrique (HCN);1;kg/an
0006200900;CARRIERES ET FOURS A CHAUX DE DUGNY;2005;Air;Oxydes d'azote (NOx/NO2);150000;kg/an
0006201282;CdF - Bassin de décantation de Merlebach;2005;Eau (direct);Carbone organique total (en tant que C total ou DCO/3);285000;kg/an
0006200909;AHLSTROM-MUNKSJÖ STENAY SAS;2005;Air;Oxydes de soufre (SOx/SO2);338000;kg/an
0006201282;CdF - Bassin de décantation de Merlebach;2005;Eau (direct);Chlorures (en tant que Cl total);46300000;kg/an
0006200909;AHLSTROM-MUNKSJÖ STENAY SAS;2005;Air;Oxydes d'azote (NOx/NO2);221000;kg/an
0006200909;AHLSTROM-MUNKSJÖ STENAY SAS;2005;Eau (direct);Carbone organique total (en tant que C total ou DCO/3);69700;kg/an
0006201282;CdF - Bassin de décantation de Merlebach;2005;Eau (direct);Demande chimique en oxygène (DCO);854000;kg/an
0006200909;AHLSTROM-MUNKSJÖ STENAY SAS;2005;Eau (direct);Composés organohalogénés (exprimés en tant que AOX);4310;kg/an
0006200909;AHLSTROM-MUNKSJÖ STENAY SAS;2005;Eau (direct);Demande chimique en oxygène (DCO);209000;kg/an
0006201282;CdF - Bassin de décantation de Merlebach;2005;Eau (direct);Fer et composés (exprimés en tant que Fe);45500;kg/an
0006201282;CdF - Bassin de décantation de Merlebach;2005;Eau (direct);Manganèse et composés (exprimés en tant que Mn);9510;kg/an
0006200920;SUEZ RV MEUSE (ex-MEUSE ENERGIE);2005;Air;Dioxyde de carbone (CO2) d'origine biomasse;13000000;kg/an
0006201282;CdF - Bassin de décantation de Merlebach;2005;Eau (direct);Matières en suspension (MES);350000;kg/an
0006200920;SUEZ RV MEUSE (ex-MEUSE ENERGIE);2005;Air;Antimoine et composés (exprimés en tant que Sb);8.11;kg/an
0006200920;SUEZ RV MEUSE (ex-MEUSE ENERGIE);2005;Air;Chlore;39.5;kg/an
0006201282;CdF - Bassin de décantation de Merlebach;2005;Eau (direct);Sulfates;1970000;kg/an
0006200920;SUEZ RV MEUSE (ex-MEUSE ENERGIE);2005;Air;Cobalt et composés (exprimés en tant que Co);1.45;kg/an
0006200920;SUEZ RV MEUSE (ex-MEUSE ENERGIE);2005;Air;Fluor et ses composés (F);23.8;kg/an
0006201286;ArcelorMittal Gandrange;2005;Air;Composés organiques volatils non méthaniques (COVNM);35800;kg/an
0006201286;ArcelorMittal Gandrange;2005;Air;Manganèse et composés (exprimés en tant que Mn);364;kg/an
0006200921;RHOVYL;2005;Air;Composés organiques volatils non méthaniques (COVNM);186000;kg/an
0006201286;ArcelorMittal Gandrange;2005;Air;Monoxyde de carbone (CO);513000;kg/an
0006200921;RHOVYL;2005;Air;Sulfure de carbone;91300;kg/an
0006201286;ArcelorMittal Gandrange;2005;Air;Oxydes d'azote (NOx/NO2);191000;kg/an
0006201286;ArcelorMittal Gandrange;2005;Air;Plomb et composés (exprimés en tant que Pb);1070;kg/an
0006200938;VALTRIS ENTERPRISES FRANCE SAS;2005;Air;Méthanol (alcool méthylique);3950;kg/an
0006200938;VALTRIS ENTERPRISES FRANCE SAS;2005;Eau (indirect);Carbone organique total (en tant que C total ou DCO/3);220000;kg/an
0006201286;ArcelorMittal Gandrange;2005;Air;Zinc et composés (exprimés en tant que Zn);4970;kg/an
0006200938;VALTRIS ENTERPRISES FRANCE SAS;2005;Eau (indirect);Demande chimique en oxygène (DCO);659000;kg/an
0006200938;VALTRIS ENTERPRISES FRANCE SAS;2005;Eau (direct);Méthanol (alcool méthylique);25300;kg/an
0006201286;ArcelorMittal Gandrange;2005;Air;Antimoine et composés (exprimés en tant que Sb);0.8;kg/an
0006200939;LACTO SERUM FRANCE;2005;Air;Poussières totales;157000;kg/an
0006200939;LACTO SERUM FRANCE;2005;Eau (direct);Phosphore total;11200;kg/an
0006201286;ArcelorMittal Gandrange;2005;Air;Cobalt et composés (exprimés en tant que Co);0.4;kg/an
0006200942;CFR Compagnie des Fromages & Richemonts;2005;Eau (direct);Carbone organique total (en tant que C total ou DCO/3);86600;kg/an
0006201286;ArcelorMittal Gandrange;2005;Air;Etain et composés (exprimés en tant que Sn);3.4;kg/an
0006200942;CFR Compagnie des Fromages & Richemonts;2005;Eau (direct);Phosphore total;18100;kg/an
0006200952;CET d'ABONCOURT;2005;Air;Dioxyde de carbone (CO2) d'origine biomasse;10100000;kg/an
0006201291;FONDERIE LORRAINE;2005;Eau (indirect);Carbone organique total (en tant que C total ou DCO/3);146000;kg/an
0006200952;CET d'ABONCOURT;2005;Air;Méthane (CH4);1530000;kg/an
0006201291;FONDERIE LORRAINE;2005;Eau (indirect);Demande chimique en oxygène (DCO);439000;kg/an
0006200980;LES BRONZES D'INDUSTRIE;2005;Air;Zinc et composés (exprimés en tant que Zn);253;kg/an
0006201313;ASCOMETAL HAGONDANGE SAS;2005;Air;Dioxines et furanes (PCDD + PCDF) (exprimés en iTeq);0.0012;kg/an
0006201019;CERAMIQUES DE FORBACH;2005;Air;Chrome et composés (exprimés en tant que Cr);716;kg/an
0006201019;CERAMIQUES DE FORBACH;2005;Air;Fluor et composés inorganiques (en tant que HF);12100;kg/an
0006201313;ASCOMETAL HAGONDANGE SAS;2005;Air;Zinc et composés (exprimés en tant que Zn);851;kg/an
0006201020;EUROSERUM;2005;Eau (direct);Demande chimique en oxygène (DCO);364000;kg/an
0006201020;EUROSERUM;2005;Eau (direct);Phosphore total;7610;kg/an
0006201313;ASCOMETAL HAGONDANGE SAS;2005;Eau (direct);Arsenic et composés (exprimés en tant que As);5.48;kg/an
0006201313;ASCOMETAL HAGONDANGE SAS;2005;Eau (direct);Nickel et composés (exprimés en tant que Ni);75.8;kg/an
0006201047;ZF ACTIVE SAFETY FRANCE;2005;Air;Cobalt et composés (exprimés en tant que Co);0.654;kg/an
0006201313;ASCOMETAL HAGONDANGE SAS;2005;Eau (direct);Plomb et composés (exprimés en tant que Pb);46;kg/an
0006201313;ASCOMETAL HAGONDANGE SAS;2005;Eau (direct);Zinc et composés (exprimés en tant que Zn);476;kg/an
0006201058;LA SNET - SODELIF;2005;Air;Chlore et composés inorganiques (en tant que HCl);203000;kg/an
0006201058;LA SNET - SODELIF;2005;Air;Chrome et composés (exprimés en tant que Cr);151;kg/an
0006201330;SMART FRANCE SAS;2005;Air;Composés organiques volatils non méthaniques (COVNM);94900;kg/an
0006201058;LA SNET - SODELIF;2005;Air;Mercure et composés (exprimés en tant que Hg);103;kg/an
0006201058;LA SNET - SODELIF;2005;Air;Nickel et composés (exprimés en tant que Ni);72;kg/an
0006201330;SMART FRANCE SAS;2005;Eau (direct);Fluor et ses composés (F);79.4;kg/an
0006201058;LA SNET - SODELIF;2005;Air;Oxydes de soufre (SOx/SO2);746000;kg/an
0006201058;LA SNET - SODELIF;2005;Air;Oxydes d'azote (NOx/NO2);248000;kg/an
0006201058;LA SNET - SODELIF;2005;Air;Protoxyde d'azote (N2O);157000;kg/an
0006201058;LA SNET - SODELIF;2005;Air;Zinc et composés (exprimés en tant que Zn);491;kg/an
0006201364;ARCELORMITTAL ATLANTIQUE ET LORRAINE;2005;Air;Oxydes de soufre (SOx/SO2);187000;kg/an
0006201074;Cokes de Carling SAS;2005;Air;Acide cyanhydrique (HCN);5390;kg/an
0006201074;Cokes de Carling SAS;2005;Air;Benzène;67900;kg/an
0006201364;ARCELORMITTAL ATLANTIQUE ET LORRAINE;2005;Air;Oxydes d'azote (NOx/NO2);106000;kg/an
0006201074;Cokes de Carling SAS;2005;Air;Chlore et composés inorganiques (en tant que HCl);19600;kg/an
0006201074;Cokes de Carling SAS;2005;Air;Composés organiques volatils non méthaniques (COVNM);381000;kg/an
0006201074;Cokes de Carling SAS;2005;Air;Méthane (CH4);181000;kg/an
0006201364;ARCELORMITTAL ATLANTIQUE ET LORRAINE;2005;Air;Protoxyde d'azote (N2O);12000;kg/an
0006201074;Cokes de Carling SAS;2005;Air;Oxydes de soufre (SOx/SO2);2050000;kg/an
0006201074;Cokes de Carling SAS;2005;Air;Oxydes d'azote (NOx/NO2);601000;kg/an
0006201074;Cokes de Carling SAS;2005;Air;Poussières totales;221000;kg/an
0006201364;ARCELORMITTAL ATLANTIQUE ET LORRAINE;2005;Eau (direct);Zinc et composés (exprimés en tant que Zn);277;kg/an
0006201074;Cokes de Carling SAS;2005;Air;Zinc et composés (exprimés en tant que Zn);208;kg/an
0006201074;Cokes de Carling SAS;2005;Eau (indirect);Composés organohalogénés (exprimés en tant que AOX);3750;kg/an
0006201370;EQIOM;2005;Air;Ammoniac (NH3);16100;kg/an
0006201074;Cokes de Carling SAS;2005;Eau (indirect);Cyanures (sous forme de CN total);196;kg/an
0006201074;Cokes de Carling SAS;2005;Eau (indirect);Diuron;1.78;kg/an
0006201074;Cokes de Carling SAS;2005;Eau (indirect);Fluorures (en tant que F total);15000;kg/an
0006201370;EQIOM;2005;Air;Dioxyde de carbone (CO2) d'origine biomasse;25300000;kg/an
0006201074;Cokes de Carling SAS;2005;Eau (indirect);Manganèse et composés (exprimés en tant que Mn);259;kg/an
0006201074;Cokes de Carling SAS;2005;Eau (indirect);Phénols (en tant que C total);98.5;kg/an
0006201370;EQIOM;2005;Air;Mercure et composés (exprimés en tant que Hg);11.6;kg/an
0006201080;EURIAL ULTRA FRAIS;2005;Sol;Carbone organique total (en tant que C total ou DCO/3);103000;kg/an
0006201370;EQIOM;2005;Air;Oxydes d'azote (NOx/NO2);1540000;kg/an
0006201080;EURIAL ULTRA FRAIS;2005;Sol;Phosphore total;7800;kg/an
0006201370;EQIOM;2005;Air;Acide fluorhydrique (flurorure d'hydrogène);391;kg/an
0006201463;CEDEC;2005;Air;Fluor et composés inorganiques (en tant que HF);14200;kg/an
0006201463;CEDEC;2005;Air;Plomb et composés (exprimés en tant que Pb);499;kg/an
0006201477;CEDILOR;2005;Eau (direct);Cyanures (sous forme de CN total);50.6;kg/an
0006201477;CEDILOR;2005;Eau (direct);Nickel et composés (exprimés en tant que Ni);117;kg/an
0006201748;URSA FRANCE;2005;Air;Aldéhyde formique (formaldéhyde);2280;kg/an
0006201477;CEDILOR;2005;Eau (direct);Phénols (en tant que C total);26.7;kg/an
0006201748;URSA FRANCE;2005;Air;Phénols (en tant que C total);27;kg/an
0006201529;CHARAL METZ;2005;Eau (indirect);Carbone organique total (en tant que C total ou DCO/3);79800;kg/an
0006201529;CHARAL METZ;2005;Eau (indirect);Demande biologique en oxygène (DBO5);124000;kg/an
0006201749;TOTAL PETROCHEMICALS France;2005;Eau (indirect);Fluorures (en tant que F total);19400;kg/an
0006201529;CHARAL METZ;2005;Eau (indirect);Demande chimique en oxygène (DCO);239000;kg/an
0006201749;TOTAL PETROCHEMICALS France;2005;Eau (direct);Fluor et ses composés (F);959;kg/an
0006201555;MALTEUROP FRANCE;2005;Eau (indirect);Carbone organique total (en tant que C total ou DCO/3);218000;kg/an
0006201555;MALTEUROP FRANCE;2005;Eau (indirect);Demande biologique en oxygène (DBO5);281000;kg/an
0006201757;SNF SA;2005;Air;Chlorométhane (chlorure de méthyle);233;kg/an
0006201555;MALTEUROP FRANCE;2005;Eau (indirect);Demande chimique en oxygène (DCO);655000;kg/an
0006201757;SNF SA;2005;Air;Epichlorhydrine (1-chloro-2,3-époxypropane);0.2;kg/an
0006201560;UEM;2005;Air;Oxydes de soufre (SOx/SO2);165000;kg/an
0006201561;UEM;2005;Air;Oxydes de soufre (SOx/SO2);204000;kg/an
0006201759;ARKEMA;2005;Air;Acide cyanhydrique (HCN);1560;kg/an
0006201759;ARKEMA;2005;Air;Ammoniac (NH3);13600;kg/an
0006201561;UEM;2005;Eau (direct);Carbone organique total (en tant que C total ou DCO/3);101000;kg/an
0006201759;ARKEMA;2005;Air;Composés organiques volatils non méthaniques (COVNM);425000;kg/an
0006201759;ARKEMA;2005;Air;Cuivre et composés (exprimés en tant que Cu);9860;kg/an
0006201561;UEM;2005;Eau (direct);Demande chimique en oxygène (DCO);302000;kg/an
0006201759;ARKEMA;2005;Air;Hydroflurocarbures (HFC);200;kg/an
0006201759;ARKEMA;2005;Air;Oxydes de soufre (SOx/SO2);289000;kg/an
0006201610;SFTR;2005;Air;Dioxyde de carbone (CO2) d'origine biomasse;11100000;kg/an
0006201759;ARKEMA;2005;Air;Oxydes d'azote (NOx/NO2);411000;kg/an
0006201759;ARKEMA;2005;Air;Protoxyde d'azote (N2O);10300;kg/an
0006201759;ARKEMA;2005;Air;Méthanol (alcool méthylique);10400;kg/an
0006201610;SFTR;2005;Air;Méthane (CH4);539000;kg/an
0006201759;ARKEMA;2005;Eau (direct);Azote total;68100;kg/an
0006201759;ARKEMA;2005;Eau (direct);Carbone organique total (en tant que C total ou DCO/3);98900;kg/an
0006201615;FRANCE GALVA LORRAINE;2005;Air;Zinc et composés (exprimés en tant que Zn);268;kg/an
0006201759;ARKEMA;2005;Eau (direct);Composés organohalogénés (exprimés en tant que AOX);2030;kg/an
0006201759;ARKEMA;2005;Eau (direct);Cuivre et composés (exprimés en tant que Cu);216;kg/an
0006201682;DEPALOR S.A.S;2005;Air;Composés organiques volatils non méthaniques (COVNM);175000;kg/an
0006201759;ARKEMA;2005;Eau (direct);Demande chimique en oxygène (DCO);297000;kg/an
0006201759;ARKEMA;2005;Eau (direct);Fer et composés (exprimés en tant que Fe);4050;kg/an
0006201759;ARKEMA;2005;Eau (direct);Fluorures (en tant que F total);6130;kg/an
0006201682;DEPALOR S.A.S;2005;Air;Aldéhyde formique (formaldéhyde);124;kg/an
0006201759;ARKEMA;2005;Eau (direct);Manganèse et composés (exprimés en tant que Mn);1180;kg/an
0006201759;ARKEMA;2005;Eau (direct);Phosphore total;10400;kg/an
0006201759;ARKEMA;2005;Eau (direct);Zinc et composés (exprimés en tant que Zn);834;kg/an
0006201702;FERCO SAS;2005;Eau (direct);Fluor et ses composés (F);449;kg/an
0006201794;PROTELOR;2005;Air;Aldéhyde formique (formaldéhyde);0.15;kg/an
0006201794;PROTELOR;2005;Eau (indirect);Manganèse et composés (exprimés en tant que Mn);264;kg/an
0006201794;PROTELOR;2005;Eau (indirect);Zinc et composés (exprimés en tant que Zn);162;kg/an
0006201721;CENTRE DE PRODUCTION THERMIQUE EDF;2005;Air;Oxydes de soufre (SOx/SO2);208000;kg/an
0006201794;PROTELOR;2005;Eau (direct);Acide cyanhydrique (HCN);3;kg/an
0006201794;PROTELOR;2005;Eau (direct);Aldéhyde formique (formaldéhyde);333;kg/an
0006201721;CENTRE DE PRODUCTION THERMIQUE EDF;2005;Eau (direct);Aluminium et composés (exprimés en tant que Al);2910;kg/an
0006201794;PROTELOR;2005;Eau (direct);Ammoniac (NH3);2960;kg/an
0006201794;PROTELOR;2005;Eau (direct);Cobalt et composés (exprimés en tant que Co);4;kg/an
0006201721;CENTRE DE PRODUCTION THERMIQUE EDF;2005;Eau (direct);Arsenic et composés (exprimés en tant que As);19.7;kg/an
0006201804;CRISTALLERIES DE SAINT-LOUIS;2005;Air;Fluor et ses composés (F);3.56;kg/an
0006201804;CRISTALLERIES DE SAINT-LOUIS;2005;Eau (direct);Plomb et composés (exprimés en tant que Pb);296;kg/an
0006201721;CENTRE DE PRODUCTION THERMIQUE EDF;2005;Eau (direct);Cuivre et composés (exprimés en tant que Cu);411;kg/an
0006201804;CRISTALLERIES DE SAINT-LOUIS;2005;Eau (direct);Fluor et ses composés (F);10.3;kg/an
0006201812;LEACH INTERNATIONAL EUROPE;2005;Air;Fluor et ses composés (F);2;kg/an
0006201721;CENTRE DE PRODUCTION THERMIQUE EDF;2005;Eau (direct);Fer et composés (exprimés en tant que Fe);23600;kg/an
0006201721;CENTRE DE PRODUCTION THERMIQUE EDF;2005;Eau (direct);Nickel et composés (exprimés en tant que Ni);179;kg/an
0006201729;ARCELORMITTAL FRANCE;2005;Air;Arsenic et composés (exprimés en tant que As);30;kg/an
0006201729;ARCELORMITTAL FRANCE;2005;Air;Cadmium et composés (exprimés en tant que Cd);32;kg/an
0006201816;INNOVENE MANUFACTURING FRANCE SAS;2005;Air;Composés organiques volatils non méthaniques (COVNM);2390000;kg/an
0006201816;INNOVENE MANUFACTURING FRANCE SAS;2005;Air;Hydrochlorofluorocarbures (HCFC);1050;kg/an
0006201729;ARCELORMITTAL FRANCE;2005;Air;Chlore et composés inorganiques (en tant que HCl);79200;kg/an
0006201816;INNOVENE MANUFACTURING FRANCE SAS;2005;Air;Oxydes de soufre (SOx/SO2);886000;kg/an
0006201816;INNOVENE MANUFACTURING FRANCE SAS;2005;Air;Oxydes d'azote (NOx/NO2);356000;kg/an
0006201729;ARCELORMITTAL FRANCE;2005;Air;Chrome et composés (exprimés en tant que Cr);107;kg/an
0006201816;INNOVENE MANUFACTURING FRANCE SAS;2005;Eau (direct);Aluminium et composés (exprimés en tant que Al);2410;kg/an
0006201816;INNOVENE MANUFACTURING FRANCE SAS;2005;Eau (direct);Carbone organique total (en tant que C total ou DCO/3);59900;kg/an
0006201816;INNOVENE MANUFACTURING FRANCE SAS;2005;Eau (direct);Demande chimique en oxygène (DCO);180000;kg/an
0006201816;INNOVENE MANUFACTURING FRANCE SAS;2005;Eau (direct);Hydrocarbures;16500;kg/an
0006201729;ARCELORMITTAL FRANCE;2005;Air;Composés organiques volatils non méthaniques (COVNM);316000;kg/an
0006201816;INNOVENE MANUFACTURING FRANCE SAS;2005;Eau (direct);Titane et composés (exprimés en tant que Ti);758;kg/an
0006201829;AMCOR FLEXIBLES SARREBOURG SAS;2005;Air;Composés organiques volatils non méthaniques (COVNM);194000;kg/an
0006201729;ARCELORMITTAL FRANCE;2005;Air;Cuivre et composés (exprimés en tant que Cu);838;kg/an
0006201729;ARCELORMITTAL FRANCE;2005;Air;Dioxines et furanes (PCDD + PCDF) (exprimés en iTeq);0.01;kg/an
0006201729;ARCELORMITTAL FRANCE;2005;Air;Fluor et composés inorganiques (en tant que HF);15500;kg/an
0006201834;Raffel;2005;Air;Zinc et composés (exprimés en tant que Zn);544;kg/an
0006201834;Raffel;2005;Eau (direct);Zinc et composés (exprimés en tant que Zn);491;kg/an
0006201729;ARCELORMITTAL FRANCE;2005;Air;Manganèse et composés (exprimés en tant que Mn);772;kg/an
0006201887;ARCELORMITTAL FRANCE;2005;Air;Oxydes d'azote (NOx/NO2);420000;kg/an
0006201729;ARCELORMITTAL FRANCE;2005;Air;Mercure et composés (exprimés en tant que Hg);48;kg/an
0006201887;ARCELORMITTAL FRANCE;2005;Eau (direct);Fer et composés (exprimés en tant que Fe);4330;kg/an
0006201892;ARCELORMITTAL FRANCE;2005;Air;Cadmium et composés (exprimés en tant que Cd);73;kg/an
0006201729;ARCELORMITTAL FRANCE;2005;Air;Monoxyde de carbone (CO);85900000;kg/an
0006201892;ARCELORMITTAL FRANCE;2005;Air;Manganèse et composés (exprimés en tant que Mn);1510;kg/an
0006201892;ARCELORMITTAL FRANCE;2005;Air;Plomb et composés (exprimés en tant que Pb);459;kg/an
0006201729;ARCELORMITTAL FRANCE;2005;Air;Méthane (CH4);547000;kg/an
0006201892;ARCELORMITTAL FRANCE;2005;Air;Poussières totales;281000;kg/an
0006201892;ARCELORMITTAL FRANCE;2005;Air;Zinc et composés (exprimés en tant que Zn);11800;kg/an
0006201729;ARCELORMITTAL FRANCE;2005;Air;Nickel et composés (exprimés en tant que Ni);137;kg/an
0006201892;ARCELORMITTAL FRANCE;2005;Air;Antimoine et composés (exprimés en tant que Sb);15;kg/an
0006201892;ARCELORMITTAL FRANCE;2005;Air;Cobalt et composés (exprimés en tant que Co);4;kg/an
0006201729;ARCELORMITTAL FRANCE;2005;Air;Oxydes de soufre (SOx/SO2);1940000;kg/an
0006201892;ARCELORMITTAL FRANCE;2005;Air;Etain et composés (exprimés en tant que Sn);20;kg/an
0006201729;ARCELORMITTAL FRANCE;2005;Air;Oxydes d'azote (NOx/NO2);3770000;kg/an
0006201894;ARCELORMITTAL FRANCE;2005;Air;Acide cyanhydrique (HCN);550;kg/an
0006201729;ARCELORMITTAL FRANCE;2005;Air;Plomb et composés (exprimés en tant que Pb);3690;kg/an
0006201894;ARCELORMITTAL FRANCE;2005;Air;Composés organiques volatils non méthaniques (COVNM);35000;kg/an
0006201729;ARCELORMITTAL FRANCE;2005;Air;Poussières totales;686000;kg/an
0006201894;ARCELORMITTAL FRANCE;2005;Air;Hydrocarbures aromatiques polycycliques (HAP);255;kg/an
0006201894;ARCELORMITTAL FRANCE;2005;Air;Monoxyde de carbone (CO);3260000;kg/an
0006201729;ARCELORMITTAL FRANCE;2005;Air;Zinc et composés (exprimés en tant que Zn);358;kg/an
0006201894;ARCELORMITTAL FRANCE;2005;Air;Oxydes d'azote (NOx/NO2);312000;kg/an
0006201894;ARCELORMITTAL FRANCE;2005;Eau (direct);Acide cyanhydrique (HCN);8;kg/an
0006201729;ARCELORMITTAL FRANCE;2005;Air;Acide fluorhydrique (flurorure d'hydrogène);15500;kg/an
0006201922;SUEZ RV NORD EST;2005;Air;Méthane (CH4);2070000;kg/an
0006201729;ARCELORMITTAL FRANCE;2005;Air;Antimoine et composés (exprimés en tant que Sb);5;kg/an
0006201729;ARCELORMITTAL FRANCE;2005;Air;Cobalt et composés (exprimés en tant que Co);86;kg/an
0006201729;ARCELORMITTAL FRANCE;2005;Air;Etain et composés (exprimés en tant que Sn);10;kg/an
0006202256;OI Manufacturing France;2005;Air;Nickel et composés (exprimés en tant que Ni);99.1;kg/an
0006201943;SOCIETE MECANIQUE AUTOMOBILE DE L'EST (SMAE);2005;Air;Acétaldéhyde (aldéhyde acétique  éthanal);9.12;kg/an
0006201943;SOCIETE MECANIQUE AUTOMOBILE DE L'EST (SMAE);2005;Air;Aldéhyde formique (formaldéhyde);14.7;kg/an
0006201943;SOCIETE MECANIQUE AUTOMOBILE DE L'EST (SMAE);2005;Eau (indirect);Carbone organique total (en tant que C total ou DCO/3);63300;kg/an
0006201943;SOCIETE MECANIQUE AUTOMOBILE DE L'EST (SMAE);2005;Eau (indirect);Demande biologique en oxygène (DBO5);72800;kg/an
0006201943;SOCIETE MECANIQUE AUTOMOBILE DE L'EST (SMAE);2005;Eau (indirect);Demande chimique en oxygène (DCO);190000;kg/an
0006202256;OI Manufacturing France;2005;Air;Oxydes de soufre (SOx/SO2);787000;kg/an
0006202256;OI Manufacturing France;2005;Air;Oxydes d'azote (NOx/NO2);585000;kg/an
0006201956;ETILAM THIONVILLE;2005;Eau (direct);Zinc et composés (exprimés en tant que Zn);3020;kg/an
0006202256;OI Manufacturing France;2005;Air;Plomb et composés (exprimés en tant que Pb);3200;kg/an
0006202270;FIVES CRYO;2005;Air;Trichloréthylène;8690;kg/an
0006202021;CLAAS FRANCE;2005;Air;Composés organiques volatils non méthaniques (COVNM);42800;kg/an
0006202274;NORSKE SKOG;2005;Air;Oxydes d'azote (NOx/NO2);305000;kg/an
0006202054;ARCELORMITTAL FRANCE;2005;Eau (direct);Carbone organique total (en tant que C total ou DCO/3);53800;kg/an
0006202054;ARCELORMITTAL FRANCE;2005;Eau (direct);Chrome et composés (exprimés en tant que Cr);76;kg/an
0006202274;NORSKE SKOG;2005;Air;Acide fluorhydrique (flurorure d'hydrogène);188;kg/an
0006202054;ARCELORMITTAL FRANCE;2005;Eau (direct);Demande chimique en oxygène (DCO);161000;kg/an
0006202274;NORSKE SKOG;2005;Air;Chlore;709;kg/an
0006202062;SOUCHE PARTICIPATION;2005;Air;Oxydes de soufre (SOx/SO2);335000;kg/an
0006202274;NORSKE SKOG;2005;Eau (direct);Aluminium et composés (exprimés en tant que Al);2940;kg/an
0006202062;SOUCHE PARTICIPATION;2005;Air;Oxydes d'azote (NOx/NO2);159000;kg/an
0006202274;NORSKE SKOG;2005;Eau (direct);Arsenic et composés (exprimés en tant que As);74;kg/an
0006202274;NORSKE SKOG;2005;Eau (direct);Carbone organique total (en tant que C total ou DCO/3);361000;kg/an
0006202064;COVERIGHT SURFACES FRANCE;2005;Air;Composés organiques volatils non méthaniques (COVNM);47900;kg/an
0006202064;COVERIGHT SURFACES FRANCE;2005;Air;Aldéhyde formique (formaldéhyde);2500;kg/an
0006202274;NORSKE SKOG;2005;Eau (direct);Cyanures (sous forme de CN total);569;kg/an
0006202064;COVERIGHT SURFACES FRANCE;2005;Eau (direct);Aldéhyde formique (formaldéhyde);9400;kg/an
0006202274;NORSKE SKOG;2005;Eau (direct);Demande chimique en oxygène (DCO);1080000;kg/an
0006202065;European Printed Products (E2P);2005;Air;Composés organiques volatils non méthaniques (COVNM);134000;kg/an
0006202274;NORSKE SKOG;2005;Eau (direct);Manganèse et composés (exprimés en tant que Mn);696;kg/an
0006202065;European Printed Products (E2P);2005;Air;Aldéhyde formique (formaldéhyde);1140;kg/an
0006202068;AHLSTROM-MUNKSJÖ ARCHES;2005;Eau (direct);Carbone organique total (en tant que C total ou DCO/3);50600;kg/an
0006202274;NORSKE SKOG;2005;Eau (direct);Phosphore total;5890;kg/an
0006202068;AHLSTROM-MUNKSJÖ ARCHES;2005;Eau (direct);Demande chimique en oxygène (DCO);152000;kg/an
0006202307;LUCART SAS;2005;Eau (direct);Carbone organique total (en tant que C total ou DCO/3);50700;kg/an
0006202307;LUCART SAS;2005;Eau (direct);Demande chimique en oxygène (DCO);152000;kg/an
0006202070;SITPA SAS;2005;Eau (direct);Carbone organique total (en tant que C total ou DCO/3);81200;kg/an
0006202070;SITPA SAS;2005;Eau (direct);Demande chimique en oxygène (DCO);244000;kg/an
0006202114;UNION LAITIERE VITTELOISE;2005;Eau (direct);Cuivre et composés (exprimés en tant que Cu);50.4;kg/an
0006202326;SUEZ RV NORD EST;2005;Air;Méthane (CH4);606000;kg/an
0006202161;MGE TRANSPORTS ET AUXILIAIRES;2005;Eau (direct);Fluor et ses composés (F);0.05;kg/an
0006202170;NESTLE WATERS SUPPLY EST Contrexéville;2005;Eau (indirect);Demande biologique en oxygène (DBO5);59300;kg/an
0006202392;FENIIX;2005;Air;Dioxyde de carbone (CO2) d'origine biomasse;43300000;kg/an
0006202174;MARCILLAT CORCIEUX site ETS ASMAR;2005;Eau (indirect);Carbone organique total (en tant que C total ou DCO/3);202000;kg/an
0006202174;MARCILLAT CORCIEUX site ETS ASMAR;2005;Eau (indirect);Demande chimique en oxygène (DCO);606000;kg/an
0006202392;FENIIX;2005;Air;Oxydes d'azote (NOx/NO2);127000;kg/an
0006202174;MARCILLAT CORCIEUX site ETS ASMAR;2005;Eau (indirect);Phosphore total;14200;kg/an
0006202392;FENIIX;2005;Air;Acide fluorhydrique (flurorure d'hydrogène);46.5;kg/an
0006202392;FENIIX;2005;Air;Chlore;97;kg/an
0006202392;FENIIX;2005;Air;Cobalt et composés (exprimés en tant que Co);2.93;kg/an
0006202240;BLANCHIMENT DE XONRUPT (2);2005;Eau (indirect);Carbone organique total (en tant que C total ou DCO/3);94600;kg/an
0006202240;BLANCHIMENT DE XONRUPT (2);2005;Eau (indirect);Demande biologique en oxygène (DBO5);120000;kg/an
0006202396;EGGER PANNEAUX ET DECORS;2005;Air;Composés organiques volatils non méthaniques (COVNM);227000;kg/an
0006202240;BLANCHIMENT DE XONRUPT (2);2005;Eau (indirect);Demande chimique en oxygène (DCO);284000;kg/an
0006202396;EGGER PANNEAUX ET DECORS;2005;Air;Dioxyde de carbone (CO2) d'origine biomasse;114000000;kg/an
0006202245;SVBC David;2005;Eau (indirect);Carbone organique total (en tant que C total ou DCO/3);127000;kg/an
0006202245;SVBC David;2005;Eau (indirect);Demande chimique en oxygène (DCO);380000;kg/an
0006202396;EGGER PANNEAUX ET DECORS;2005;Air;Oxydes d'azote (NOx/NO2);232000;kg/an
0006202250;PARMENTELAT RENE ET FILS;2005;Eau (indirect);Carbone organique total (en tant que C total ou DCO/3);112000;kg/an
0006202396;EGGER PANNEAUX ET DECORS;2005;Air;Poussières totales;150000;kg/an
0006202250;PARMENTELAT RENE ET FILS;2005;Eau (indirect);Demande chimique en oxygène (DCO);335000;kg/an
0006202253;DORIDANT S.A.S.;2005;Eau (indirect);Carbone organique total (en tant que C total ou DCO/3);121000;kg/an
0006202396;EGGER PANNEAUX ET DECORS;2005;Air;Aldéhyde formique (formaldéhyde);13100;kg/an
0006202253;DORIDANT S.A.S.;2005;Eau (indirect);Demande biologique en oxygène (DBO5);122000;kg/an
0006202253;DORIDANT S.A.S.;2005;Eau (indirect);Demande chimique en oxygène (DCO);362000;kg/an
0006202417;PAPETERIE RAON;2005;Eau (direct);Carbone organique total (en tant que C total ou DCO/3);53700;kg/an
0006202417;PAPETERIE RAON;2005;Eau (direct);Demande chimique en oxygène (DCO);161000;kg/an
0006202454;GANTOIS Industrie;2005;Air;Dichlorométhane (DCM, chlorure de méthylène);4320;kg/an
0006202256;OI Manufacturing France;2005;Air;Arsenic et composés (exprimés en tant que As);142;kg/an
0006202454;GANTOIS Industrie;2005;Air;Tétrachloroéthylène (PER, tétrachloroéthylène);3150;kg/an
0006202256;OI Manufacturing France;2005;Air;Cadmium et composés (exprimés en tant que Cd);47.3;kg/an
0006202456;BODYCOTE site de Saint Dié;2005;Eau (direct);Zinc et composés (exprimés en tant que Zn);126;kg/an
0006202256;OI Manufacturing France;2005;Air;Chrome et composés (exprimés en tant que Cr);600;kg/an
0006202480;PLACOPLATRE;2005;Air;Composés organiques volatils non méthaniques (COVNM);112000;kg/an
0006202541;VISKASE S.A.S.;2005;Air;Composés organiques volatils non méthaniques (COVNM);61100;kg/an
0006202541;VISKASE S.A.S.;2005;Air;Sulfure de carbone;59700;kg/an
0006206616;ELIVIA ETABLISSEMENT MIRECOURT;2005;Eau (indirect);Demande biologique en oxygène (DBO5);330000;kg/an
0006202541;VISKASE S.A.S.;2005;Eau (direct);Sulfure de carbone;1380;kg/an
0006206616;ELIVIA ETABLISSEMENT MIRECOURT;2005;Eau (indirect);Demande chimique en oxygène (DCO);622000;kg/an
0006202575;REBORN VOSGES;2005;Air;Composés organiques volatils non méthaniques (COVNM);531000;kg/an
0006202592;NESTLE WATERS SUPPLY EST Vittel;2005;Eau (indirect);Carbone organique total (en tant que C total ou DCO/3);62400;kg/an
0006207102;TPF;2005;Air;Benzène;122000;kg/an
0006202592;NESTLE WATERS SUPPLY EST Vittel;2005;Eau (indirect);Demande biologique en oxygène (DBO5);148000;kg/an
0006207102;TPF;2005;Air;Composés organiques volatils non méthaniques (COVNM);2000000;kg/an
0006202592;NESTLE WATERS SUPPLY EST Vittel;2005;Eau (indirect);Demande chimique en oxygène (DCO);187000;kg/an
0006207102;TPF;2005;Air;Dioxines et furanes (PCDD + PCDF) (exprimés en iTeq);0.002;kg/an
0006202592;NESTLE WATERS SUPPLY EST Vittel;2005;Eau (indirect);Phosphore total;5460;kg/an
0006207102;TPF;2005;Air;Hydrochlorofluorocarbures (HCFC);1100;kg/an
0006204536;GRTgaz - Station de Morelmaison;2005;Air;Méthane (CH4);129000;kg/an
0006207102;TPF;2005;Air;Méthane (CH4);222000;kg/an
0006204544;ECB - EQUIPEMENT CUISINES BAINS;2005;Air;Composés organiques volatils non méthaniques (COVNM);41800;kg/an
0006207102;TPF;2005;Air;Nickel et composés (exprimés en tant que Ni);458;kg/an
0006207102;TPF;2005;Air;Oxydes de soufre (SOx/SO2);729000;kg/an
0006204560;LA SNET - Centrale Emile Huchet;2005;Air;Arsenic et composés (exprimés en tant que As);658;kg/an
0006207102;TPF;2005;Air;Oxydes d'azote (NOx/NO2);1470000;kg/an
0006204560;LA SNET - Centrale Emile Huchet;2005;Air;Chlore et composés inorganiques (en tant que HCl);327000;kg/an
0006207102;TPF;2005;Air;Protoxyde d'azote (N2O);56300;kg/an
0006204560;LA SNET - Centrale Emile Huchet;2005;Air;Chrome et composés (exprimés en tant que Cr);461;kg/an
0006207102;TPF;2005;Air;1,3-butadiène;36200;kg/an
0006207102;TPF;2005;Eau (indirect);Azote total;111000;kg/an
0006204560;LA SNET - Centrale Emile Huchet;2005;Air;Fluor et composés inorganiques (en tant que HF);30300;kg/an
0006207102;TPF;2005;Eau (indirect);Benzène;281;kg/an
0006207102;TPF;2005;Eau (indirect);Benzène, toluène, éthylbenzène, xylènes (BTEX);657;kg/an
0006204560;LA SNET - Centrale Emile Huchet;2005;Air;Manganèse et composés (exprimés en tant que Mn);317;kg/an
0006207102;TPF;2005;Eau (indirect);Carbone organique total (en tant que C total ou DCO/3);307000;kg/an
0006207102;TPF;2005;Eau (indirect);Composés organohalogénés (exprimés en tant que AOX);3660;kg/an
0006204560;LA SNET - Centrale Emile Huchet;2005;Air;Mercure et composés (exprimés en tant que Hg);122;kg/an
0006207102;TPF;2005;Eau (indirect);Demande biologique en oxygène (DBO5);120000;kg/an
0006207102;TPF;2005;Eau (indirect);Demande chimique en oxygène (DCO);921000;kg/an
0006204560;LA SNET - Centrale Emile Huchet;2005;Air;Nickel et composés (exprimés en tant que Ni);338;kg/an
0006207102;TPF;2005;Eau (indirect);Fer et composés (exprimés en tant que Fe);10200;kg/an
0006207102;TPF;2005;Eau (indirect);Fluorures (en tant que F total);16800;kg/an
0006204560;LA SNET - Centrale Emile Huchet;2005;Air;Oxydes de soufre (SOx/SO2);14500000;kg/an
0006207102;TPF;2005;Eau (indirect);Manganèse et composés (exprimés en tant que Mn);2960;kg/an
0006207102;TPF;2005;Eau (indirect);Nickel et composés (exprimés en tant que Ni);556;kg/an
0006204560;LA SNET - Centrale Emile Huchet;2005;Air;Oxydes d'azote (NOx/NO2);8090000;kg/an
0006207102;TPF;2005;Eau (indirect);Phosphore total;96100;kg/an
0006207102;TPF;2005;Eau (indirect);Phénols (en tant que C total);5370;kg/an
0006204560;LA SNET - Centrale Emile Huchet;2005;Air;Particules (PM10);683000;kg/an
0006207102;TPF;2005;Eau (indirect);Zinc et composés (exprimés en tant que Zn);2090;kg/an
0006204560;LA SNET - Centrale Emile Huchet;2005;Air;Plomb et composés (exprimés en tant que Pb);287;kg/an
0006300876;Cycleurope KA International;2005;Air;Composés organiques volatils non méthaniques (COVNM);31100;kg/an
0006204560;LA SNET - Centrale Emile Huchet;2005;Air;Poussières totales;694000;kg/an
0006300877;MICHELIN;2005;Air;Composés organiques volatils non méthaniques (COVNM);343000;kg/an
0006204560;LA SNET - Centrale Emile Huchet;2005;Air;Protoxyde d'azote (N2O);103000;kg/an
0006300878;MICHELIN;2005;Air;Composés organiques volatils non méthaniques (COVNM);184000;kg/an
0006204560;LA SNET - Centrale Emile Huchet;2005;Air;Zinc et composés (exprimés en tant que Zn);666;kg/an
0006300886;MANITOU BF;2005;Air;Composés organiques volatils non méthaniques (COVNM);88000;kg/an
0006204560;LA SNET - Centrale Emile Huchet;2005;Eau (direct);Carbone organique total (en tant que C total ou DCO/3);93000;kg/an
0006204560;LA SNET - Centrale Emile Huchet;2005;Eau (direct);Chrome et composés (exprimés en tant que Cr);73;kg/an
0006300887;SOTIRA 49;2005;Air;Composés organiques volatils non méthaniques (COVNM);113000;kg/an
0006204560;LA SNET - Centrale Emile Huchet;2005;Eau (direct);Demande chimique en oxygène (DCO);279000;kg/an
0006300890;LTR INDUSTRIES;2005;Air;Oxydes de soufre (SOx/SO2);240000;kg/an
0006300890;LTR INDUSTRIES;2005;Air;Oxydes d'azote (NOx/NO2);120000;kg/an
0006204561;RAFER SAS;2005;Air;Dichlorométhane (DCM, chlorure de méthylène);2400;kg/an
0006300890;LTR INDUSTRIES;2005;Eau (direct);Carbone organique total (en tant que C total ou DCO/3);323000;kg/an
0006300890;LTR INDUSTRIES;2005;Eau (direct);Demande chimique en oxygène (DCO);970000;kg/an
0006204578;SAS SABEST;2005;Eau (indirect);Azote total;110000;kg/an
0006204578;SAS SABEST;2005;Eau (indirect);Demande biologique en oxygène (DBO5);125000;kg/an
0006300894;FONDERIE LEMER SAS;2005;Sol;Plomb et composés (exprimés en tant que Pb);35;kg/an
0006204578;SAS SABEST;2005;Eau (indirect);Demande chimique en oxygène (DCO);288000;kg/an
0006300899;SAH LEDUC;2005;Air;Composés organiques volatils non méthaniques (COVNM);33500;kg/an
0006204583;S.A.P.S. (Abattoirs de Sarrebourg);2005;Eau (indirect);Demande biologique en oxygène (DBO5);47900;kg/an
0006300899;SAH LEDUC;2005;Air;Plomb et composés (exprimés en tant que Pb);213;kg/an
0006300905;SABOURIN SAS;2005;Sol;Carbone organique total (en tant que C total ou DCO/3);269000;kg/an
0006204841;PASSIV'EST;2005;Air;Acide fluorhydrique (flurorure d'hydrogène);820;kg/an
0006300905;SABOURIN SAS;2005;Sol;Demande biologique en oxygène (DBO5);207000;kg/an
0006300905;SABOURIN SAS;2005;Sol;Demande chimique en oxygène (DCO);712000;kg/an
0006300905;SABOURIN SAS;2005;Sol;Phosphore total;6160;kg/an
0006300906;LAITERIE DU VAL D'ANCENIS;2005;Eau (indirect);Azote total;74500;kg/an
0006204851;INTERPANE GLASS France;2005;Air;Chlore et composés inorganiques (en tant que HCl);13200;kg/an
0006300906;LAITERIE DU VAL D'ANCENIS;2005;Eau (indirect);Carbone organique total (en tant que C total ou DCO/3);436000;kg/an
0006300906;LAITERIE DU VAL D'ANCENIS;2005;Eau (indirect);Demande biologique en oxygène (DBO5);844000;kg/an
0006204851;INTERPANE GLASS France;2005;Air;Oxydes de soufre (SOx/SO2);242000;kg/an
0006300906;LAITERIE DU VAL D'ANCENIS;2005;Eau (indirect);Demande chimique en oxygène (DCO);1310000;kg/an
0006300906;LAITERIE DU VAL D'ANCENIS;2005;Eau (indirect);Matières en suspension (MES);398000;kg/an
0006300906;LAITERIE DU VAL D'ANCENIS;2005;Eau (indirect);Phosphore total;25200;kg/an
0006204851;INTERPANE GLASS France;2005;Air;Oxydes d'azote (NOx/NO2);651000;kg/an
0006204993;HAGANIS;2005;Air;Dioxyde de carbone (CO2) d'origine biomasse;43800000;kg/an
0006300908;LAFARGEHOLCIM CIMENTS (usine cimenterie);2005;Air;Chlore et composés inorganiques (en tant que HCl);30300;kg/an
0006204993;HAGANIS;2005;Air;Acide fluorhydrique (flurorure d'hydrogène);133;kg/an
0006300908;LAFARGEHOLCIM CIMENTS (usine cimenterie);2005;Air;Dioxyde de carbone (CO2) d'origine biomasse;59300000;kg/an
0006300908;LAFARGEHOLCIM CIMENTS (usine cimenterie);2005;Air;Mercure et composés (exprimés en tant que Hg);96.4;kg/an
0006204993;HAGANIS;2005;Air;Antimoine et composés (exprimés en tant que Sb);0.014;kg/an
0006300908;LAFARGEHOLCIM CIMENTS (usine cimenterie);2005;Air;Nickel et composés (exprimés en tant que Ni);67;kg/an
0006300908;LAFARGEHOLCIM CIMENTS (usine cimenterie);2005;Air;Oxydes d'azote (NOx/NO2);1540000;kg/an
0006204993;HAGANIS;2005;Air;Cobalt et composés (exprimés en tant que Co);0.074;kg/an
0006300908;LAFARGEHOLCIM CIMENTS (usine cimenterie);2005;Air;Zinc et composés (exprimés en tant que Zn);2750;kg/an
0006204993;HAGANIS;2005;Air;Etain et composés (exprimés en tant que Sn);0.177;kg/an
0006300909;LNUF Lactalis Nestlé Ultra-Frais Laval;2005;Eau (indirect);Carbone organique total (en tant que C total ou DCO/3);186000;kg/an
0006205027;GLACES THIRIET SAS;2005;Sol;Benzo (a) pyrène;0.003;kg/an
0006300909;LNUF Lactalis Nestlé Ultra-Frais Laval;2005;Eau (indirect);Demande biologique en oxygène (DBO5);360000;kg/an
0006300909;LNUF Lactalis Nestlé Ultra-Frais Laval;2005;Eau (indirect);Demande chimique en oxygène (DCO);557000;kg/an
0006205027;GLACES THIRIET SAS;2005;Sol;Cadmium et composés (exprimés en tant que Cd);0.02;kg/an
0006205027;GLACES THIRIET SAS;2005;Sol;Chrome et composés (exprimés en tant que Cr);1.2;kg/an
0006300910;LACROIX SIGNALISATION;2005;Air;Composés organiques volatils non méthaniques (COVNM);39000;kg/an
0006300910;LACROIX SIGNALISATION;2005;Air;Tétrachloroéthylène (PER, tétrachloroéthylène);22100;kg/an
0006205027;GLACES THIRIET SAS;2005;Sol;Cuivre et composés (exprimés en tant que Cu);2.2;kg/an
0006300914;SPBI JEANNEAU;2005;Air;Composés organiques volatils non méthaniques (COVNM);422000;kg/an
0006205027;GLACES THIRIET SAS;2005;Sol;Fluor et ses composés (F);0.006;kg/an
0006300914;SPBI JEANNEAU;2005;Air;Dichlorométhane (DCM, chlorure de méthylène);2940;kg/an
0006205027;GLACES THIRIET SAS;2005;Sol;Zinc et composés (exprimés en tant que Zn);1.7;kg/an
0006300915;CA FRANCE CHAMPIGNON;2005;Eau (indirect);Carbone organique total (en tant que C total ou DCO/3);213000;kg/an
0006300915;CA FRANCE CHAMPIGNON;2005;Eau (indirect);Demande biologique en oxygène (DBO5);255000;kg/an
0006300915;CA FRANCE CHAMPIGNON;2005;Eau (indirect);Demande chimique en oxygène (DCO);638000;kg/an
0006205051;WELLMAN NEUFCHATEAU RECYCLAGE;2005;Eau (indirect);Demande biologique en oxygène (DBO5);54800;kg/an
0006300915;CA FRANCE CHAMPIGNON;2005;Eau (indirect);Matières en suspension (MES);331000;kg/an
0006300915;CA FRANCE CHAMPIGNON;2005;Eau (indirect);Phosphore total;7030;kg/an
0006300918;YARA FRANCE;2005;Air;Ammoniac (NH3);126000;kg/an
0006300918;YARA FRANCE;2005;Air;Oxydes d'azote (NOx/NO2);633000;kg/an
0006205178;INITIAL;2005;Air;Tétrachloroéthylène (PER, tétrachloroéthylène);21500;kg/an
0006300918;YARA FRANCE;2005;Air;Poussières totales;281000;kg/an
0006300918;YARA FRANCE;2005;Air;Protoxyde d'azote (N2O);767000;kg/an
0006300918;YARA FRANCE;2005;Eau (direct);Azote total;108000;kg/an
0006205245;ARCELORMITTAL FRANCE;2005;Air;Zinc et composés (exprimés en tant que Zn);4740;kg/an
0006300919;HUTCHINSON SNC;2005;Air;Composés organiques volatils non méthaniques (COVNM);47700;kg/an
0006300929;CARPENTER Noyant;2005;Air;Dichlorométhane (DCM, chlorure de méthylène);2000;kg/an
0006300930;CROWN EMBALLAGE FRANCE SAS;2005;Air;Composés organiques volatils non méthaniques (COVNM);141000;kg/an
0006205245;ARCELORMITTAL FRANCE;2005;Eau (direct);Zinc et composés (exprimés en tant que Zn);186;kg/an
0006300943;GRUAU LAVAL SA;2005;Air;Composés organiques volatils non méthaniques (COVNM);36700;kg/an
0006205449;SOCIETE DES FOURS A CHAUX DE SORCY;2005;Air;Oxydes d'azote (NOx/NO2);1030000;kg/an
0006300943;GRUAU LAVAL SA;2005;Sol;Phénols (en tant que C total);0.7;kg/an
0006300948;ARFEO-BUROFORM;2005;Air;Composés organiques volatils non méthaniques (COVNM);120000;kg/an
0006300949;AIRBUS OPERATIONS SAS;2005;Air;Composés organiques volatils non méthaniques (COVNM);396000;kg/an
0006300949;AIRBUS OPERATIONS SAS;2005;Air;Dichlorométhane (DCM, chlorure de méthylène);1520;kg/an
0006300949;AIRBUS OPERATIONS SAS;2005;Air;Tétrachloroéthylène (PER, tétrachloroéthylène);299000;kg/an
0006300950;STELIA AEROSPACE;2005;Air;Composés organiques volatils non méthaniques (COVNM);37800;kg/an
0006205449;SOCIETE DES FOURS A CHAUX DE SORCY;2005;Air;Protoxyde d'azote (N2O);19000;kg/an
0006300950;STELIA AEROSPACE;2005;Air;Hydrochlorofluorocarbures (HCFC);50600;kg/an
0006300950;STELIA AEROSPACE;2005;Air;Trichloréthylène;8500;kg/an
0006300956;STAM-POIRAUD;2005;Sol;Fer et composés (exprimés en tant que Fe);7480;kg/an
0006205610;REDAELLI SODETAL SAS;2005;Eau (direct);Cuivre et composés (exprimés en tant que Cu);270;kg/an
0006300962;MARIE FRAIS;2005;Eau (indirect);Demande biologique en oxygène (DBO5);126000;kg/an
0006205610;REDAELLI SODETAL SAS;2005;Eau (direct);Plomb et composés (exprimés en tant que Pb);39;kg/an
0006300964;GENDREAU;2005;Eau (indirect);Demande biologique en oxygène (DBO5);56700;kg/an
0006205633;EDF Direction Production Ingénierie;2005;Air;Arsenic et composés (exprimés en tant que As);27;kg/an
0006300974;Terminal Méthanier;2005;Air;Composés organiques volatils non méthaniques (COVNM);41600;kg/an
0006205633;EDF Direction Production Ingénierie;2005;Air;Chlore et composés inorganiques (en tant que HCl);360000;kg/an
0006300974;Terminal Méthanier;2005;Air;Méthane (CH4);300000;kg/an
0006205633;EDF Direction Production Ingénierie;2005;Air;Fluor et composés inorganiques (en tant que HF);39800;kg/an
0006300980;SNV Laval;2005;Eau (indirect);Carbone organique total (en tant que C total ou DCO/3);391000;kg/an
0006205633;EDF Direction Production Ingénierie;2005;Air;Mercure et composés (exprimés en tant que Hg);71;kg/an
0006300980;SNV Laval;2005;Eau (indirect);Demande chimique en oxygène (DCO);1170000;kg/an
0006205633;EDF Direction Production Ingénierie;2005;Air;Nickel et composés (exprimés en tant que Ni);141;kg/an
0006205633;EDF Direction Production Ingénierie;2005;Air;Oxydes de soufre (SOx/SO2);11700000;kg/an
0006205633;EDF Direction Production Ingénierie;2005;Air;Oxydes d'azote (NOx/NO2);7920000;kg/an
0006300981;Fromageries Bel Production France;2005;Eau (indirect);Carbone organique total (en tant que C total ou DCO/3);221000;kg/an
0006205633;EDF Direction Production Ingénierie;2005;Air;Particules (PM10);453000;kg/an
0006300981;Fromageries Bel Production France;2005;Eau (indirect);Demande biologique en oxygène (DBO5);343000;kg/an
0006300981;Fromageries Bel Production France;2005;Eau (indirect);Demande chimique en oxygène (DCO);662000;kg/an
0006205633;EDF Direction Production Ingénierie;2005;Air;Poussières totales;566000;kg/an
0006300981;Fromageries Bel Production France;2005;Eau (indirect);Phosphore total;8130;kg/an
0006205633;EDF Direction Production Ingénierie;2005;Air;Protoxyde d'azote (N2O);19700;kg/an
0006205633;EDF Direction Production Ingénierie;2005;Eau (direct);Cuivre et composés (exprimés en tant que Cu);2560;kg/an
0006300987;FMGC;2005;Air;Composés organiques volatils non méthaniques (COVNM);92100;kg/an
0006205633;EDF Direction Production Ingénierie;2005;Eau (direct);Zinc et composés (exprimés en tant que Zn);1100;kg/an
0006300987;FMGC;2005;Air;Dioxines et furanes (PCDD + PCDF) (exprimés en iTeq);0.0024;kg/an
0006205703;SOVOS Tannerie Grosjean;2005;Air;Composés organiques volatils non méthaniques (COVNM);32900;kg/an
0006205703;SOVOS Tannerie Grosjean;2005;Eau (indirect);Carbone organique total (en tant que C total ou DCO/3);69800;kg/an
0006300988;FLEURY MICHON LS;2005;Eau (indirect);Carbone organique total (en tant que C total ou DCO/3);81600;kg/an
0006300988;FLEURY MICHON LS;2005;Eau (indirect);Demande biologique en oxygène (DBO5);138000;kg/an
0006205703;SOVOS Tannerie Grosjean;2005;Eau (indirect);Chrome et composés (exprimés en tant que Cr);56;kg/an
0006300988;FLEURY MICHON LS;2005;Eau (indirect);Demande chimique en oxygène (DCO);245000;kg/an
0006205703;SOVOS Tannerie Grosjean;2005;Eau (indirect);Demande biologique en oxygène (DBO5);109000;kg/an
0006300990;FLEURY MICHON LS;2005;Eau (indirect);Carbone organique total (en tant que C total ou DCO/3);102000;kg/an
0006300990;FLEURY MICHON LS;2005;Eau (indirect);Demande biologique en oxygène (DBO5);249000;kg/an
0006205703;SOVOS Tannerie Grosjean;2005;Eau (indirect);Demande chimique en oxygène (DCO);209000;kg/an
0006300990;FLEURY MICHON LS;2005;Eau (indirect);Demande chimique en oxygène (DCO);307000;kg/an
0006206156;Communauté de Communes du Pays de Bitche;2005;Eau (indirect);Arsenic et composés (exprimés en tant que As);45.9;kg/an
0006300991;BOUYER LEROUX SA;2005;Air;Méthane (CH4);231000;kg/an
0006206235;PAPETERIES DES VOSGES;2005;Eau (indirect);Carbone organique total (en tant que C total ou DCO/3);51000;kg/an
0006206235;PAPETERIES DES VOSGES;2005;Eau (indirect);Demande chimique en oxygène (DCO);153000;kg/an
0006300995;FONDERIE GM BOUHYER;2005;Air;Monoxyde de carbone (CO);2100000;kg/an
0006206421;ABISA (Abattoirs de Sarreguemines);2005;Eau (indirect);Demande biologique en oxygène (DBO5);49500;kg/an
0006206497;SNCF;2005;Eau (indirect);Plomb et composés (exprimés en tant que Pb);90;kg/an
0006301001;SNV;2005;Eau (indirect);Carbone organique total (en tant que C total ou DCO/3);124000;kg/an
0006301001;SNV;2005;Eau (indirect);Demande biologique en oxygène (DBO5);187000;kg/an
0006206616;ELIVIA ETABLISSEMENT MIRECOURT;2005;Eau (indirect);Carbone organique total (en tant que C total ou DCO/3);207000;kg/an
0006301001;SNV;2005;Eau (indirect);Demande chimique en oxygène (DCO);372000;kg/an
0006301036;AUGER;2005;Air;Composés organiques volatils non méthaniques (COVNM);54400;kg/an
0006301007;HERBIGNAC CHEESE INGREDIENTS;2005;Air;Oxydes d'azote (NOx/NO2);1610000;kg/an
0006301009;ASSA ABLOY France SAS;2005;Eau (direct);Nickel et composés (exprimés en tant que Ni);37.9;kg/an
0006301037;KUHN AUDUREAU SAS;2005;Air;Composés organiques volatils non méthaniques (COVNM);31900;kg/an
0006301048;ARJO WIGGINS Papiers Couchés S.A.S.;2005;Air;Protoxyde d'azote (N2O);3340000;kg/an
0006301017;SPBI;2005;Air;Composés organiques volatils non méthaniques (COVNM);49000;kg/an
0006301048;ARJO WIGGINS Papiers Couchés S.A.S.;2005;Eau (direct);Carbone organique total (en tant que C total ou DCO/3);162000;kg/an
0006301048;ARJO WIGGINS Papiers Couchés S.A.S.;2005;Eau (direct);Demande biologique en oxygène (DBO5);62900;kg/an
0006301048;ARJO WIGGINS Papiers Couchés S.A.S.;2005;Eau (direct);Demande chimique en oxygène (DCO);485000;kg/an
0006301019;BELIPA;2005;Air;Dioxyde de carbone (CO2) d'origine biomasse;53600000;kg/an
0006301049;Arc en Ciel 2034;2005;Air;Dioxyde de carbone (CO2) d'origine biomasse;43300000;kg/an
0006301019;BELIPA;2005;Air;Aldéhyde formique (formaldéhyde);5950;kg/an
0006301049;Arc en Ciel 2034;2005;Air;Oxydes d'azote (NOx/NO2);111000;kg/an
0006301022;TEREOS Etablissement de Nantes;2005;Air;Oxydes de soufre (SOx/SO2);169000;kg/an
0006301035;AVIATUBE;2005;Air;Trichloréthylène;13400;kg/an
0006301035;AVIATUBE;2005;Air;Tétrachloroéthylène (PER, tétrachloroéthylène);5820;kg/an
0006301051;APROCHIM SA;2005;Air;Tétrachloroéthylène (PER, tétrachloroéthylène);2810;kg/an
0006301065;Société Vendéenne de Roulements;2005;Air;Composés organiques volatils non méthaniques (COVNM);48700;kg/an
0006301072;GREYSTAL;2005;Air;Tétrachlorométhane (TCM, tétrachlorure de carbone);150;kg/an
0006301094;TEM;2005;Eau (direct);Acide cyanhydrique (HCN);0.1;kg/an
0006301096;TDV INDUSTRIES;2005;Eau (indirect);Cadmium et composés (exprimés en tant que Cd);8.6;kg/an
0006301293;Ardagh MP West France SA;2005;Air;Aldéhyde formique (formaldéhyde);2;kg/an
0006301293;Ardagh MP West France SA;2005;Air;Crésol (mélange d'isomères);0.1;kg/an
0006301293;Ardagh MP West France SA;2005;Air;Méthanol (alcool méthylique);25;kg/an
0006301096;TDV INDUSTRIES;2005;Eau (indirect);Carbone organique total (en tant que C total ou DCO/3);126000;kg/an
0006301295;CONSTELLIUM MONTREUIL JUIGNE SAS;2005;Air;Composés organiques volatils non méthaniques (COVNM);40000;kg/an
0006301096;TDV INDUSTRIES;2005;Eau (indirect);Demande biologique en oxygène (DBO5);109000;kg/an
0006301297;PAULSTRA SNC;2005;Air;Composés organiques volatils non méthaniques (COVNM);140000;kg/an
0006301297;PAULSTRA SNC;2005;Air;Dichlorométhane (DCM, chlorure de méthylène);10100;kg/an
0006301297;PAULSTRA SNC;2005;Air;Tétrachloroéthylène (PER, tétrachloroéthylène);4500;kg/an
0006301297;PAULSTRA SNC;2005;Air;Crésol (mélange d'isomères);6.19;kg/an
0006301096;TDV INDUSTRIES;2005;Eau (indirect);Demande chimique en oxygène (DCO);379000;kg/an
0006301297;PAULSTRA SNC;2005;Air;Méthanol (alcool méthylique);528;kg/an
0006301297;PAULSTRA SNC;2005;Air;Phénols (en tant que C total);225;kg/an
0006301099;CET;2005;Eau (indirect);Azote total;338000;kg/an
0006301297;PAULSTRA SNC;2005;Eau (direct);Nickel et composés (exprimés en tant que Ni);65;kg/an
0006301099;CET;2005;Eau (indirect);Carbone organique total (en tant que C total ou DCO/3);1250000;kg/an
0006301299;NORPAPER;2005;Eau (indirect);Carbone organique total (en tant que C total ou DCO/3);272000;kg/an
0006301099;CET;2005;Eau (indirect);Chrome et composés (exprimés en tant que Cr);90600;kg/an
0006301299;NORPAPER;2005;Eau (indirect);Demande biologique en oxygène (DBO5);477000;kg/an
0006301299;NORPAPER;2005;Eau (indirect);Demande chimique en oxygène (DCO);816000;kg/an
0006301099;CET;2005;Eau (indirect);Demande biologique en oxygène (DBO5);679000;kg/an
0006301300;Papeterie le Bourray;2005;Eau (direct);Carbone organique total (en tant que C total ou DCO/3);61100;kg/an
0006301099;CET;2005;Eau (indirect);Demande chimique en oxygène (DCO);3740000;kg/an
0006301300;Papeterie le Bourray;2005;Eau (direct);Demande chimique en oxygène (DCO);183000;kg/an
0006301301;COLWELL;2005;Air;Composés organiques volatils non méthaniques (COVNM);130000;kg/an
0006301323;NGK BERYLCO FRANCE;2005;Eau (direct);Béryllium (glucinium);0.014;kg/an
0006301099;CET;2005;Eau (indirect);Matières en suspension (MES);871000;kg/an
0006301324;CNH INDUSTRIAL France;2005;Air;Acide fluorhydrique (flurorure d'hydrogène);37;kg/an
0006301099;CET;2005;Eau (indirect);Phosphore total;51200;kg/an
0006301109;SOTREMO;2005;Air;Acide fluorhydrique (flurorure d'hydrogène);122;kg/an
0006301325;SUEZ RV Normandie - ISDND D'ARCONNAY;2005;Air;Méthane (CH4);971000;kg/an
0006301109;SOTREMO;2005;Air;Antimoine et composés (exprimés en tant que Sb);0.6;kg/an
0006301335;COOP SYND DISTILLAT THOUARCE;2005;Sol;Carbone organique total (en tant que C total ou DCO/3);429000;kg/an
0006301335;COOP SYND DISTILLAT THOUARCE;2005;Sol;Demande biologique en oxygène (DBO5);653000;kg/an
0006301109;SOTREMO;2005;Air;Cobalt et composés (exprimés en tant que Co);6.9;kg/an
0006301335;COOP SYND DISTILLAT THOUARCE;2005;Sol;Demande chimique en oxygène (DCO);1290000;kg/an
0006301335;COOP SYND DISTILLAT THOUARCE;2005;Sol;Phosphore total;9410;kg/an
0006301114;SECANIM CENTRE;2005;Air;Dioxyde de carbone (CO2) d'origine biomasse;31300000;kg/an
0006301343;LHOIST FRANCE OUEST;2005;Air;Oxydes d'azote (NOx/NO2);153000;kg/an
0006301344;Syner'Val;2005;Air;Cadmium et composés (exprimés en tant que Cd);26.6;kg/an
0006301117;ArcelorMittal Atlantique et Lorraine;2005;Eau (direct);Chrome et composés (exprimés en tant que Cr);128;kg/an
0006301344;Syner'Val;2005;Air;Nickel et composés (exprimés en tant que Ni);69.5;kg/an
0006301344;Syner'Val;2005;Air;Oxydes d'azote (NOx/NO2);143000;kg/an
0006301126;SOFERTI;2005;Air;Acide fluorhydrique (flurorure d'hydrogène);1460;kg/an
0006301345;FOREGE SA (ex CHAUDIERE SA);2005;Air;Composés organiques volatils non méthaniques (COVNM);82500;kg/an
0006301354;FRAMATOME;2005;Air;Acide fluorhydrique (flurorure d'hydrogène);7.92;kg/an
0006301354;FRAMATOME;2005;Eau (direct);Acide fluorhydrique (flurorure d'hydrogène);34;kg/an
0006301126;SOFERTI;2005;Air;Fluor et ses composés (F);1460;kg/an
0006301129;SOCOPA Viandes;2005;Eau (indirect);Carbone organique total (en tant que C total ou DCO/3);98100;kg/an
0006301357;CIN-CELLIOSE;2005;Air;Composés organiques volatils non méthaniques (COVNM);38200;kg/an
0006301129;SOCOPA Viandes;2005;Eau (indirect);Demande biologique en oxygène (DBO5);120000;kg/an
0006301360;CELIA - LAITERIE DE CRAON;2005;Sol;Azote total;66600;kg/an
0006301360;CELIA - LAITERIE DE CRAON;2005;Sol;Carbone organique total (en tant que C total ou DCO/3);553000;kg/an
0006301129;SOCOPA Viandes;2005;Eau (indirect);Demande chimique en oxygène (DCO);294000;kg/an
0006301360;CELIA - LAITERIE DE CRAON;2005;Sol;Demande biologique en oxygène (DBO5);889000;kg/an
0006301360;CELIA - LAITERIE DE CRAON;2005;Sol;Demande chimique en oxygène (DCO);1420000;kg/an
0006301130;SOCOPA ENTREPRISE SICO;2005;Air;Dioxyde de carbone (CO2) d'origine biomasse;16500000;kg/an
0006301360;CELIA - LAITERIE DE CRAON;2005;Sol;Phosphore total;17200;kg/an
0006301362;ALLTUB FRANCE SAS;2005;Air;Composés organiques volatils non méthaniques (COVNM);107000;kg/an
0006301139;BSN medical SAS;2005;Air;Composés organiques volatils non méthaniques (COVNM);124000;kg/an
0006301362;ALLTUB FRANCE SAS;2005;Air;Aldéhyde formique (formaldéhyde);350;kg/an
0006301362;ALLTUB FRANCE SAS;2005;Air;Crésol (mélange d'isomères);181;kg/an
0006301139;BSN medical SAS;2005;Air;Dichlorométhane (DCM, chlorure de méthylène);43000;kg/an
0006301362;ALLTUB FRANCE SAS;2005;Air;Phénols (en tant que C total);160;kg/an
0006301139;BSN medical SAS;2005;Eau (direct);Dichlorométhane (DCM, chlorure de méthylène);39;kg/an
0006301141;ISDND de l'Aiguillon;2005;Air;Méthane (CH4);522000;kg/an
0006301389;ALLARD Emballages;2005;Air;Oxydes de soufre (SOx/SO2);165000;kg/an
0006301397;VIBRACOUSTIC NANTES;2005;Air;Composés organiques volatils non méthaniques (COVNM);153000;kg/an
0006301144;ZaCh System SA;2005;Air;Composés organiques volatils non méthaniques (COVNM);128000;kg/an
0006301397;VIBRACOUSTIC NANTES;2005;Air;1,3-dichloro-2-propanol;1.65;kg/an
0006301397;VIBRACOUSTIC NANTES;2005;Air;Epichlorhydrine (1-chloro-2,3-époxypropane);0.675;kg/an
0006301397;VIBRACOUSTIC NANTES;2005;Air;Phénols (en tant que C total);602;kg/an
0006301144;ZaCh System SA;2005;Air;Hydrochlorofluorocarbures (HCFC);699;kg/an
0006301404;ARMOR;2005;Air;Composés organiques volatils non méthaniques (COVNM);280000;kg/an
0006301144;ZaCh System SA;2005;Air;1,4-dioxane;35500;kg/an
0006301144;ZaCh System SA;2005;Air;Aldéhyde formique (formaldéhyde);600;kg/an
0006301405;THE VALSPAR (FRANCE) CORP S.A.;2005;Air;Composés organiques volatils non méthaniques (COVNM);168000;kg/an
0006301144;ZaCh System SA;2005;Air;Méthanol (alcool méthylique);16100;kg/an
0006301144;ZaCh System SA;2005;Air;Sulfate de diméthyle;100;kg/an
0006301411;CARGILL France;2005;Air;Composés organiques volatils non méthaniques (COVNM);419000;kg/an
0006301146;HOWMET FIXATIONS SIMMONDS SAS(exARCONIC);2005;Air;Acide fluorhydrique (flurorure d'hydrogène);1.09;kg/an
0006301411;CARGILL France;2005;Air;Hydrochlorofluorocarbures (HCFC);820;kg/an
0006301147;BUISARD S.A.;2005;Air;Composés organiques volatils non méthaniques (COVNM);33200;kg/an
0006301413;GALLIANCE ANCENIS;2005;Eau (indirect);Carbone organique total (en tant que C total ou DCO/3);125000;kg/an
0006301150;SIDES;2005;Eau (direct);Fluor et ses composés (F);0.405;kg/an
0006301413;GALLIANCE ANCENIS;2005;Eau (indirect);Demande chimique en oxygène (DCO);375000;kg/an
0006301415;MONDELEZ International;2005;Eau (indirect);Carbone organique total (en tant que C total ou DCO/3);242000;kg/an
0006301415;MONDELEZ International;2005;Eau (indirect);Demande chimique en oxygène (DCO);727000;kg/an
0006301416;CANDIA;2005;Eau (indirect);Carbone organique total (en tant que C total ou DCO/3);130000;kg/an
0006301151;SOCOPA VIANDES Site d'EVRON;2005;Eau (indirect);Azote total;150000;kg/an
0006301416;CANDIA;2005;Eau (indirect);Demande biologique en oxygène (DBO5);238000;kg/an
0006301416;CANDIA;2005;Eau (indirect);Demande chimique en oxygène (DCO);389000;kg/an
0006301416;CANDIA;2005;Eau (indirect);Phosphore total;6610;kg/an
0006301151;SOCOPA VIANDES Site d'EVRON;2005;Eau (indirect);Carbone organique total (en tant que C total ou DCO/3);833000;kg/an
0006301151;SOCOPA VIANDES Site d'EVRON;2005;Eau (indirect);Demande biologique en oxygène (DBO5);1210000;kg/an
0006301151;SOCOPA VIANDES Site d'EVRON;2005;Eau (indirect);Demande chimique en oxygène (DCO);2500000;kg/an
0006301430;UNITED BISCUITS- BISCUITERIE NANTAISE;2005;Eau (indirect);Carbone organique total (en tant que C total ou DCO/3);86600;kg/an
0006301430;UNITED BISCUITS- BISCUITERIE NANTAISE;2005;Eau (indirect);Demande biologique en oxygène (DBO5);167000;kg/an
0006301430;UNITED BISCUITS- BISCUITERIE NANTAISE;2005;Eau (indirect);Demande chimique en oxygène (DCO);260000;kg/an
0006301151;SOCOPA VIANDES Site d'EVRON;2005;Eau (indirect);Matières en suspension (MES);1000000;kg/an
0006301446;FRAMATOME;2005;Air;Acide fluorhydrique (flurorure d'hydrogène);50;kg/an
0006301446;FRAMATOME;2005;Eau (direct);Acide fluorhydrique (flurorure d'hydrogène);310;kg/an
0006301151;SOCOPA VIANDES Site d'EVRON;2005;Eau (indirect);Phosphore total;24200;kg/an
0006301446;FRAMATOME;2005;Eau (direct);Chlore;4540;kg/an
0006301159;SEITA une Société du groupe IMPERIAL TOBACCO;2005;Air;Composés organiques volatils non méthaniques (COVNM);61600;kg/an
0006301454;KUHN - HUARD n°1;2005;Air;Composés organiques volatils non méthaniques (COVNM);32600;kg/an
0006301159;SEITA une Société du groupe IMPERIAL TOBACCO;2005;Eau (indirect);Demande biologique en oxygène (DBO5);60300;kg/an
0006301163;SEAC;2005;Eau (indirect);Carbone organique total (en tant que C total ou DCO/3);72000;kg/an
0006301481;VAUBERNIER;2005;Sol;Phosphore total;6960;kg/an
0006301163;SEAC;2005;Eau (indirect);Demande biologique en oxygène (DBO5);123000;kg/an
0006301163;SEAC;2005;Eau (indirect);Demande chimique en oxygène (DCO);216000;kg/an
0006301482;VAL DE VIRE SAS CIDRERIE LE PRIEURE;2005;Sol;Carbone organique total (en tant que C total ou DCO/3);51800;kg/an
0006301168;SAUNIER DUVAL;2005;Air;Trichloréthylène;3140;kg/an
0006301172;SAS SARA;2005;Eau (indirect);Carbone organique total (en tant que C total ou DCO/3);81000;kg/an
0006301486;CODEMA;2005;Air;Dioxyde de carbone (CO2) d'origine biomasse;19800000;kg/an
0006301172;SAS SARA;2005;Eau (indirect);Demande biologique en oxygène (DBO5);149000;kg/an
0006301487;VALEO;2005;Air;Composés organiques volatils non méthaniques (COVNM);185000;kg/an
0006301487;VALEO;2005;Air;Trichloréthylène;39000;kg/an
0006301172;SAS SARA;2005;Eau (indirect);Demande chimique en oxygène (DCO);243000;kg/an
0006301520;Altia le MANS;2005;Eau (indirect);Nickel et composés (exprimés en tant que Ni);38.1;kg/an
0006301176;S.A.F.R.;2005;Sol;Carbone organique total (en tant que C total ou DCO/3);55400;kg/an
0006301176;S.A.F.R.;2005;Sol;Demande biologique en oxygène (DBO5);92200;kg/an
0006301568;ARRIVE S A S -ST FULGENT;2005;Sol;Carbone organique total (en tant que C total ou DCO/3);63500;kg/an
0006301179;HOLVIA PORC;2005;Eau (direct);Carbone organique total (en tant que C total ou DCO/3);133000;kg/an
0006301568;ARRIVE S A S -ST FULGENT;2005;Eau (direct);Phosphore total;5030;kg/an
0006301568;ARRIVE S A S -ST FULGENT;2005;Eau (direct);Chlore;40;kg/an
0006301179;HOLVIA PORC;2005;Eau (direct);Demande biologique en oxygène (DBO5);200000;kg/an
0006301580;SUEZ RV Ouest;2005;Air;Méthane (CH4);164000;kg/an
0006301179;HOLVIA PORC;2005;Eau (direct);Demande chimique en oxygène (DCO);398000;kg/an
0006301179;HOLVIA PORC;2005;Eau (direct);Phosphore total;5100;kg/an
0006301622;Cromology Research & Industry Ouest;2005;Air;Composés organiques volatils non méthaniques (COVNM);93000;kg/an
0006301180;FOREGE (rustique vendéen);2005;Air;Composés organiques volatils non méthaniques (COVNM);111000;kg/an
0006301639;SunChemical;2005;Air;Composés organiques volatils non méthaniques (COVNM);148000;kg/an
0006301184;ACI Usine du Mans;2005;Air;Composés organiques volatils non méthaniques (COVNM);48800;kg/an
0006301654;APLIX;2005;Air;Composés organiques volatils non méthaniques (COVNM);256000;kg/an
0006301184;ACI Usine du Mans;2005;Air;Oxydes de soufre (SOx/SO2);187000;kg/an
0006301660;PROMOPLAST;2005;Air;Composés organiques volatils non méthaniques (COVNM);72200;kg/an
0006301184;ACI Usine du Mans;2005;Eau (direct);Plomb et composés (exprimés en tant que Pb);26.3;kg/an
0006301207;TOTAL Raffinage France;2005;Air;Benzène;17000;kg/an
0006301671;ATLAS INNOVATIONS;2005;Air;Composés organiques volatils non méthaniques (COVNM);126000;kg/an
0006301207;TOTAL Raffinage France;2005;Air;Composés organiques volatils non méthaniques (COVNM);1800000;kg/an
0006301709;STOROPACk France SAS site de saint sébastien sur loire;2005;Air;Composés organiques volatils non méthaniques (COVNM);54000;kg/an
0006301207;TOTAL Raffinage France;2005;Air;Méthane (CH4);104000;kg/an
0006301207;TOTAL Raffinage France;2005;Air;Nickel et composés (exprimés en tant que Ni);22200;kg/an
0006301207;TOTAL Raffinage France;2005;Air;Oxydes de soufre (SOx/SO2);9290000;kg/an
0006301722;VALEO THERMIQUE HABITACLE;2005;Air;Acide fluorhydrique (flurorure d'hydrogène);234;kg/an
0006301207;TOTAL Raffinage France;2005;Air;Oxydes d'azote (NOx/NO2);1460000;kg/an
0006301722;VALEO THERMIQUE HABITACLE;2005;Eau (direct);Fluor et ses composés (F);44;kg/an
0006301726;SERIPHARM;2005;Air;Composés organiques volatils non méthaniques (COVNM);31000;kg/an
0006301207;TOTAL Raffinage France;2005;Air;Protoxyde d'azote (N2O);41000;kg/an
0006301726;SERIPHARM;2005;Air;Méthanol (alcool méthylique);1510;kg/an
0006301730;YOPLAIT PRODUCTION FRANCE;2005;Eau (indirect);Carbone organique total (en tant que C total ou DCO/3);574000;kg/an
0006301207;TOTAL Raffinage France;2005;Eau (direct);Carbone organique total (en tant que C total ou DCO/3);99800;kg/an
0006301730;YOPLAIT PRODUCTION FRANCE;2005;Eau (indirect);Demande biologique en oxygène (DBO5);856000;kg/an
0006301730;YOPLAIT PRODUCTION FRANCE;2005;Eau (indirect);Demande chimique en oxygène (DCO);1720000;kg/an
0006301207;TOTAL Raffinage France;2005;Eau (direct);Demande biologique en oxygène (DBO5);44500;kg/an
0006301207;TOTAL Raffinage France;2005;Eau (direct);Demande chimique en oxygène (DCO);299000;kg/an
0006301732;CANDIA Le Lude;2005;Eau (indirect);Carbone organique total (en tant que C total ou DCO/3);178000;kg/an
0006301207;TOTAL Raffinage France;2005;Eau (direct);Phosphore total;6930;kg/an
0006301732;CANDIA Le Lude;2005;Eau (indirect);Demande biologique en oxygène (DBO5);237000;kg/an
0006301732;CANDIA Le Lude;2005;Eau (indirect);Demande chimique en oxygène (DCO);533000;kg/an
0006301207;TOTAL Raffinage France;2005;Eau (direct);Phénols (en tant que C total);146;kg/an
0006301736;SENETD - La vergne;2005;Air;Méthane (CH4);147000;kg/an
0006301207;TOTAL Raffinage France;2005;Eau (direct);Acide fluorhydrique (flurorure d'hydrogène);150;kg/an
0006301217;EDF SA;2005;Air;Cadmium et composés (exprimés en tant que Cd);31;kg/an
0006301743;Sandrine MOREAU;2005;Air;Composés organiques volatils non méthaniques (COVNM);33600;kg/an
0006301770;Chantiers de l'Atlantique;2005;Air;Composés organiques volatils non méthaniques (COVNM);179000;kg/an
0006301804;DECOTEC;2005;Air;Composés organiques volatils non méthaniques (COVNM);54100;kg/an
0006301804;DECOTEC;2005;Air;Dichlorométhane (DCM, chlorure de méthylène);1060;kg/an
0006301804;DECOTEC;2005;Air;Phénols (en tant que C total);2.55;kg/an
0006301217;EDF SA;2005;Air;Chlore et composés inorganiques (en tant que HCl);40400;kg/an
0006301217;EDF SA;2005;Air;Composés organiques volatils non méthaniques (COVNM);62700;kg/an
0006301217;EDF SA;2005;Air;Fluor et composés inorganiques (en tant que HF);22000;kg/an
0006301217;EDF SA;2005;Air;Mercure et composés (exprimés en tant que Hg);156;kg/an
0006301822;POCLAIN TECHNICAST;2005;Air;Cuivre et composés (exprimés en tant que Cu);106;kg/an
0006301217;EDF SA;2005;Air;Monoxyde de carbone (CO);504000;kg/an
0006301829;GRT GAZ Station de Cherré;2005;Air;Méthane (CH4);162000;kg/an
0006301217;EDF SA;2005;Air;Nickel et composés (exprimés en tant que Ni);564;kg/an
0006301833;SYNDICAT MIXTE DE LA REGION DE Gd LIEU M;2005;Air;Méthane (CH4);182000;kg/an
0006301945;MARIE SURGELES USINE;2005;Eau (indirect);Demande biologique en oxygène (DBO5);43600;kg/an
0006301217;EDF SA;2005;Air;Oxydes de soufre (SOx/SO2);6290000;kg/an
0006301946;S2C;2005;Eau (direct);Fluor et ses composés (F);0.0937;kg/an
0006301217;EDF SA;2005;Air;Oxydes d'azote (NOx/NO2);16500000;kg/an
0006301217;EDF SA;2005;Air;Particules (PM10);113000;kg/an
0006302020;BOUYER LEROUX INCINERATION;2005;Air;Dioxyde de carbone (CO2) d'origine biomasse;12800000;kg/an
0006301217;EDF SA;2005;Air;Protoxyde d'azote (N2O);52900;kg/an
0006302054;CLS REMY COINTREAU;2005;Air;Composés organiques volatils non méthaniques (COVNM);125000;kg/an
0006301217;EDF SA;2005;Air;Zinc et composés (exprimés en tant que Zn);203;kg/an
0006302062;CENTRE HOSPITALIER LE MANS;2005;Eau (indirect);Phosphore total;6800;kg/an
0006302121;AMCOR FLEXIBLES MONTREUIL BELLAY SAS;2005;Air;Composés organiques volatils non méthaniques (COVNM);85500;kg/an
0006301217;EDF SA;2005;Eau (direct);Cuivre et composés (exprimés en tant que Cu);274;kg/an
0006302127;AROMES DE CHACE;2005;Eau (indirect);Demande biologique en oxygène (DBO5);75800;kg/an
0006301217;EDF SA;2005;Eau (direct);Fer et composés (exprimés en tant que Fe);10000;kg/an
0006301217;EDF SA;2005;Eau (direct);Zinc et composés (exprimés en tant que Zn);106;kg/an
0006302129;UIOM de La Roseraie;2005;Air;Dioxyde de carbone (CO2) d'origine biomasse;32300000;kg/an
0006302129;UIOM de La Roseraie;2005;Air;Oxydes d'azote (NOx/NO2);110000;kg/an
0006301228;DEFONTAINE;2005;Air;Acide fluorhydrique (flurorure d'hydrogène);105;kg/an
0006302141;SUEZ RV Normandie - ISDND DE SAINT FRAIMBAULT;2005;Air;Dioxyde de carbone (CO2) d'origine biomasse;10400000;kg/an
0006302141;SUEZ RV Normandie - ISDND DE SAINT FRAIMBAULT;2005;Air;Méthane (CH4);410000;kg/an
0006301231;SAVIC;2005;Eau (indirect);Demande biologique en oxygène (DBO5);54500;kg/an
0006301239;KNAUF ILE DE FRANCE / OUEST - St Philbert du Peuple;2005;Air;Composés organiques volatils non méthaniques (COVNM);117000;kg/an
0006302146;SAICA PACK FRANCE;2005;Eau (indirect);Demande biologique en oxygène (DBO5);56200;kg/an
0006302161;BDR THERMEA France SAS  (ex RADIATEURS I;2005;Air;Trichloréthylène;23700;kg/an
0006301264;FLEURY MICHON LS;2005;Eau (indirect);Demande biologique en oxygène (DBO5);84800;kg/an
0006302207;CUISINES ET BAINS INDUSTRIES;2005;Air;Composés organiques volatils non méthaniques (COVNM);141000;kg/an
0006302253;BISCUITS CANTREAU S.A.;2005;Eau (indirect);Demande biologique en oxygène (DBO5);66800;kg/an
0006302298;JEAN RIVEREAU;2005;Air;Acide fluorhydrique (flurorure d'hydrogène);750;kg/an
0006301292;SPPP;2005;Air;Composés organiques volatils non méthaniques (COVNM);174000;kg/an
0006301293;Ardagh MP West France SA;2005;Air;Composés organiques volatils non méthaniques (COVNM);146000;kg/an
0006400001;ALTEO GARDANNE;2005;Air;Oxydes d'azote (NOx/NO2);413000;kg/an
0006302311;GEVAL BASSE  BARBONTE;2005;Air;Méthane (CH4);153000;kg/an
0006302330;BARILLA FRANCE;2005;Eau (indirect);Carbone organique total (en tant que C total ou DCO/3);267000;kg/an
0006302330;BARILLA FRANCE;2005;Eau (indirect);Demande biologique en oxygène (DBO5);302000;kg/an
0006302330;BARILLA FRANCE;2005;Eau (indirect);Demande chimique en oxygène (DCO);801000;kg/an
0006400001;ALTEO GARDANNE;2005;Eau (direct);Aluminium et composés (exprimés en tant que Al);20800000;kg/an
0006302371;PRODIA OUEST;2005;Eau (direct);Ammoniac (NH3);1;kg/an
0006400001;ALTEO GARDANNE;2005;Eau (direct);Arsenic et composés (exprimés en tant que As);71;kg/an
0006302376;COUTURE SAS;2005;Air;Composés organiques volatils non méthaniques (COVNM);63600;kg/an
0006302382;BOUYER LEROUX SA;2005;Air;Dioxyde de carbone (CO2) d'origine biomasse;28600000;kg/an
0006302382;BOUYER LEROUX SA;2005;Air;Fluor et composés inorganiques (en tant que HF);5610;kg/an
0006302382;BOUYER LEROUX SA;2005;Air;Acide fluorhydrique (flurorure d'hydrogène);5610;kg/an
0006400001;ALTEO GARDANNE;2005;Eau (direct);Cadmium et composés (exprimés en tant que Cd);7;kg/an
0006400001;ALTEO GARDANNE;2005;Eau (direct);Chrome et composés (exprimés en tant que Cr);489000;kg/an
0006302424;ELIS ANJOU (SAS LES LAVANDIERES);2005;Eau (indirect);Carbone organique total (en tant que C total ou DCO/3);78300;kg/an
0006302424;ELIS ANJOU (SAS LES LAVANDIERES);2005;Eau (indirect);Demande biologique en oxygène (DBO5);49200;kg/an
0006400001;ALTEO GARDANNE;2005;Eau (direct);Cuivre et composés (exprimés en tant que Cu);11300;kg/an
0006302445;BAUDRY;2005;Air;Composés organiques volatils non méthaniques (COVNM);30900;kg/an
0006400001;ALTEO GARDANNE;2005;Eau (direct);Fer et composés (exprimés en tant que Fe);89700000;kg/an
0006302457;FARMEA;2005;Air;1,4-dioxane;0.16;kg/an
0006302457;FARMEA;2005;Air;Acide fluorhydrique (flurorure d'hydrogène);0.02;kg/an
0006400001;ALTEO GARDANNE;2005;Eau (direct);Manganèse et composés (exprimés en tant que Mn);42700;kg/an
0006302457;FARMEA;2005;Air;Aldéhyde formique (formaldéhyde);0.021;kg/an
0006302457;FARMEA;2005;Air;Chlore;45;kg/an
0006400001;ALTEO GARDANNE;2005;Eau (direct);Matières en suspension (MES);270000000;kg/an
0006302457;FARMEA;2005;Air;Cobalt et composés (exprimés en tant que Co);0.0015;kg/an
0006302457;FARMEA;2005;Air;Etain et composés (exprimés en tant que Sn);0.04;kg/an
0006400001;ALTEO GARDANNE;2005;Eau (direct);Mercure et composés (exprimés en tant que Hg);7;kg/an
0006302457;FARMEA;2005;Air;Méthanol (alcool méthylique);24;kg/an
0006400001;ALTEO GARDANNE;2005;Eau (direct);Nickel et composés (exprimés en tant que Ni);7000;kg/an
0006302562;GRANDJOUAN SACO Montilliers;2005;Air;Méthane (CH4);160000;kg/an
0006302581;SAVED;2005;Air;Acide fluorhydrique (flurorure d'hydrogène);24.9;kg/an
0006302581;SAVED;2005;Air;Cobalt et composés (exprimés en tant que Co);0.59;kg/an
0006400001;ALTEO GARDANNE;2005;Eau (direct);Plomb et composés (exprimés en tant que Pb);14600;kg/an
0006400001;ALTEO GARDANNE;2005;Eau (direct);Titane et composés (exprimés en tant que Ti);17400000;kg/an
0006302630;TOYOTA MATERIAL HANDLING MANUFACTURING FRANCE;2005;Air;Composés organiques volatils non méthaniques (COVNM);33300;kg/an
0006400001;ALTEO GARDANNE;2005;Eau (direct);Zinc et composés (exprimés en tant que Zn);26200;kg/an
0006400019;ROCKWOOD ELECTRONIC MATERIALS WAFER RECLAIM;2005;Eau (direct);Acide fluorhydrique (flurorure d'hydrogène);1200;kg/an
0006302636;CAVDA;2005;Eau (direct);Ammoniac (NH3);1.7;kg/an
0006400023;gazel energie;2005;Air;Chlore et composés inorganiques (en tant que HCl);57300;kg/an
0006302804;GEVAL- CSD du BEIGNON;2005;Air;Méthane (CH4);208000;kg/an
0006400023;gazel energie;2005;Air;Chrome et composés (exprimés en tant que Cr);496;kg/an
0006302833;SPBI;2005;Air;Composés organiques volatils non méthaniques (COVNM);95500;kg/an
0006400023;gazel energie;2005;Air;Composés organiques volatils non méthaniques (COVNM);49500;kg/an
0006302834;Etablissement BENETEAU;2005;Air;Composés organiques volatils non méthaniques (COVNM);108000;kg/an
0006400023;gazel energie;2005;Air;Nickel et composés (exprimés en tant que Ni);348;kg/an
0006400023;gazel energie;2005;Air;Oxydes de soufre (SOx/SO2);11100000;kg/an
0006302838;SPBI;2005;Air;Composés organiques volatils non méthaniques (COVNM);174000;kg/an
0006400023;gazel energie;2005;Air;Oxydes d'azote (NOx/NO2);7790000;kg/an
0006302840;SCHUR FLEXIBLE UNI FLEXO (ex SAC EMBAL);2005;Air;Composés organiques volatils non méthaniques (COVNM);396000;kg/an
0006400023;gazel energie;2005;Air;Particules (PM10);76000;kg/an
0006400023;gazel energie;2005;Air;Protoxyde d'azote (N2O);201000;kg/an
0006400023;gazel energie;2005;Air;Zinc et composés (exprimés en tant que Zn);821;kg/an
0006302853;RPC BEAUTE MAROLLES;2005;Eau (direct);Nickel et composés (exprimés en tant que Ni);53.7;kg/an
0006400024;SOCIETE GARDANNAISE DE COGENERATION;2005;Air;Oxydes d'azote (NOx/NO2);212000;kg/an
0006400033;LFoundry ROUSSET SAS;2005;Eau (indirect);Fluorures (en tant que F total);35700;kg/an
0006302858;KERVALIS LES ESSARTS;2005;Air;Dioxyde de carbone (CO2) d'origine biomasse;17300000;kg/an
0006400033;LFoundry ROUSSET SAS;2005;Eau (indirect);Phosphore total;19100;kg/an
0006400033;LFoundry ROUSSET SAS;2005;Eau (direct);Acide fluorhydrique (flurorure d'hydrogène);14600;kg/an
0006302917;MEUBLES GIRARDEAU;2005;Air;Composés organiques volatils non méthaniques (COVNM);98500;kg/an
0006400061;PASCALE;2005;Eau (direct);Aluminium et composés (exprimés en tant que Al);370000;kg/an
0006400061;PASCALE;2005;Eau (direct);Azote total;136000;kg/an
0006303134;ELCO PCB;2005;Eau (direct);Aldéhyde formique (formaldéhyde);33;kg/an
0006303134;ELCO PCB;2005;Eau (direct);Ammoniac (NH3);900;kg/an
0006400061;PASCALE;2005;Eau (direct);Carbone organique total (en tant que C total ou DCO/3);109000;kg/an
0006303134;ELCO PCB;2005;Eau (direct);Fluor et ses composés (F);106;kg/an
0006400061;PASCALE;2005;Eau (direct);Demande biologique en oxygène (DBO5);47300;kg/an
0006400061;PASCALE;2005;Eau (direct);Demande chimique en oxygène (DCO);327000;kg/an
0006303231;SIM EDIT;2005;Air;Composés organiques volatils non méthaniques (COVNM);36800;kg/an
0006400061;PASCALE;2005;Eau (direct);Fluorures (en tant que F total);154000;kg/an
0006400061;PASCALE;2005;Eau (direct);Phosphore total;21300;kg/an
0006303312;MHS electronics;2005;Air;Hexafluorure de soufre (SF6);277;kg/an
0006400061;PASCALE;2005;Eau (direct);Sulfates;2750000;kg/an
0006303312;MHS electronics;2005;Air;Perfluorocarbures (PFC);1190;kg/an
0006303312;MHS electronics;2005;Eau (direct);Fluor et ses composés (F);568;kg/an
0006400061;PASCALE;2005;Eau (direct);Chlore;238000;kg/an
0006303453;OVOTEAM;2005;Sol;Carbone organique total (en tant que C total ou DCO/3);158000;kg/an
0006400061;PASCALE;2005;Eau (direct);Fluor et ses composés (F);2300;kg/an
0006303453;OVOTEAM;2005;Sol;Demande biologique en oxygène (DBO5);276000;kg/an
0006303453;OVOTEAM;2005;Sol;Demande chimique en oxygène (DCO);474000;kg/an
0006400069;STMICROELECTRONICS SAS;2005;Air;Acide fluorhydrique (flurorure d'hydrogène);341;kg/an
0006303457;IMAYE GRAPHIC;2005;Air;Composés organiques volatils non méthaniques (COVNM);45000;kg/an
0006400069;STMICROELECTRONICS SAS;2005;Eau (indirect);Arsenic et composés (exprimés en tant que As);9.1;kg/an
0006303467;NWL France Production;2005;Eau (indirect);Nickel et composés (exprimés en tant que Ni);27.9;kg/an
0006400069;STMICROELECTRONICS SAS;2005;Eau (indirect);Azote total;69300;kg/an
0006400069;STMICROELECTRONICS SAS;2005;Eau (indirect);Fluorures (en tant que F total);80700;kg/an
0006303492;ERAM Industrie;2005;Air;Dichlorométhane (DCM, chlorure de méthylène);18600;kg/an
0006400069;STMICROELECTRONICS SAS;2005;Eau (indirect);Phosphore total;6930;kg/an
0006303492;ERAM Industrie;2005;Air;Tétrachloroéthylène (PER, tétrachloroéthylène);7520;kg/an
0006400069;STMICROELECTRONICS SAS;2005;Eau (direct);Acide fluorhydrique (flurorure d'hydrogène);836;kg/an
0006303516;GM LES PONTS DE CE;2005;Air;Fluor et ses composés (F);31;kg/an
0006303516;GM LES PONTS DE CE;2005;Air;Phénols (en tant que C total);0.9;kg/an
0006400069;STMICROELECTRONICS SAS;2005;Eau (direct);Ammoniac (NH3);182;kg/an
0006303517;LEBLOND FONDERIE - Alliages Métallurgie Leblond;2005;Air;Cuivre et composés (exprimés en tant que Cu);2430;kg/an
0006303517;LEBLOND FONDERIE - Alliages Métallurgie Leblond;2005;Air;Etain et composés (exprimés en tant que Sn);178;kg/an
0006400155;GRAP'SUD La Crau;2005;Eau (indirect);Demande biologique en oxygène (DBO5);49400;kg/an
0006303594;SINIAT;2005;Air;Composés organiques volatils non méthaniques (COVNM);124000;kg/an
0006400196;SAS ZEPHIRE;2005;Air;Chlore et composés inorganiques (en tant que HCl);41200;kg/an
0006303646;BOUYER LEROUX SA;2005;Air;Chlore et composés inorganiques (en tant que HCl);10500;kg/an
0006303646;BOUYER LEROUX SA;2005;Air;Chlore;10500;kg/an
0006400196;SAS ZEPHIRE;2005;Air;Dioxyde de carbone (CO2) d'origine biomasse;1140000000;kg/an
0006303646;BOUYER LEROUX SA;2005;Air;Fluor et ses composés (F);3030;kg/an
0006400196;SAS ZEPHIRE;2005;Air;Oxydes d'azote (NOx/NO2);490000;kg/an
0006303685;JH INDUSTRIES;2005;Air;Composés organiques volatils non méthaniques (COVNM);70400;kg/an
0006400209;TRANSFIX;2005;Eau (direct);Fluor et ses composés (F);40.3;kg/an
0006400239;FIRMENICH TOURRETTES;2005;Air;Composés organiques volatils non méthaniques (COVNM);54400;kg/an
0006303809;SECHE ECO INDUSTRIES site : la Cousinière;2005;Air;Dioxyde de carbone (CO2) d'origine biomasse;80200000;kg/an
0006303809;SECHE ECO INDUSTRIES site : la Cousinière;2005;Air;Méthane (CH4);4530000;kg/an
0006400259;LAFARGEHOLCIM CIMENTS;2005;Air;Oxydes d'azote (NOx/NO2);538000;kg/an
0006400277;SONITHERM;2005;Air;Cadmium et composés (exprimés en tant que Cd);30;kg/an
0006303818;SOTIRA SA;2005;Air;Composés organiques volatils non méthaniques (COVNM);117000;kg/an
0006400277;SONITHERM;2005;Air;Dioxines et furanes (PCDD + PCDF) (exprimés en iTeq);0.0037;kg/an
0006303906;MARGER INDUSTRIES (Site de La Bohalle);2005;Air;Aldéhyde formique (formaldéhyde);0.3;kg/an
0006303906;MARGER INDUSTRIES (Site de La Bohalle);2005;Air;Méthanol (alcool méthylique);32;kg/an
0006400277;SONITHERM;2005;Air;Mercure et composés (exprimés en tant que Hg);21;kg/an
0006303911;PALAMY;2005;Air;Composés organiques volatils non méthaniques (COVNM);377000;kg/an
0006400277;SONITHERM;2005;Air;Oxydes d'azote (NOx/NO2);587000;kg/an
0006400277;SONITHERM;2005;Eau (indirect);Cadmium et composés (exprimés en tant que Cd);7.2;kg/an
0006400280;VICAT SA;2005;Air;Composés organiques volatils non méthaniques (COVNM);46000;kg/an
0006303969;HUTCHINSON JEHIER;2005;Air;Composés organiques volatils non méthaniques (COVNM);116000;kg/an
0006303969;HUTCHINSON JEHIER;2005;Air;Dichlorométhane (DCM, chlorure de méthylène);1290;kg/an
0006400280;VICAT SA;2005;Air;Oxydes d'azote (NOx/NO2);1030000;kg/an
0006400294;CHARABOT;2005;Air;Méthanol (alcool méthylique);1460;kg/an
0006304150;COM COM VALLEES HAUT ANJOU;2005;Eau (direct);Azote total;53500;kg/an
0006400297;VALOMED- UIOM ANTIBES;2005;Air;Cadmium et composés (exprimés en tant que Cd);10.5;kg/an
0006304150;COM COM VALLEES HAUT ANJOU;2005;Eau (direct);Carbone organique total (en tant que C total ou DCO/3);62500;kg/an
0006304150;COM COM VALLEES HAUT ANJOU;2005;Eau (direct);Chrome et composés (exprimés en tant que Cr);676;kg/an
0006304150;COM COM VALLEES HAUT ANJOU;2005;Eau (direct);Demande chimique en oxygène (DCO);188000;kg/an
0006400297;VALOMED- UIOM ANTIBES;2005;Air;Chlore et composés inorganiques (en tant que HCl);12100;kg/an
0006400297;VALOMED- UIOM ANTIBES;2005;Air;Dioxyde de carbone (CO2) d'origine biomasse;59800000;kg/an
0006400297;VALOMED- UIOM ANTIBES;2005;Air;Oxydes d'azote (NOx/NO2);187000;kg/an
0006304568;STOROPACK France SAS anetz;2005;Air;Composés organiques volatils non méthaniques (COVNM);46000;kg/an
0006400297;VALOMED- UIOM ANTIBES;2005;Air;Protoxyde d'azote (N2O);12600;kg/an
0006400318;MANE ET FILS NOTRE-DAME;2005;Air;Composés organiques volatils non méthaniques (COVNM);159000;kg/an
;SLVA;2005;Eau (indirect);Carbone organique total (en tant que C total ou DCO/3);87000;kg/an
0006400318;MANE ET FILS NOTRE-DAME;2005;Air;Dichlorométhane (DCM, chlorure de méthylène);4920;kg/an
;SLVA;2005;Eau (indirect);Demande biologique en oxygène (DBO5);121000;kg/an
;SLVA;2005;Eau (indirect);Demande chimique en oxygène (DCO);261000;kg/an
0006400318;MANE ET FILS NOTRE-DAME;2005;Air;Acétaldéhyde (aldéhyde acétique  éthanal);17;kg/an
0006400318;MANE ET FILS NOTRE-DAME;2005;Air;Crésol (mélange d'isomères);4480;kg/an
0006400001;ALTEO GARDANNE;2005;Air;Oxydes de soufre (SOx/SO2);590000;kg/an
0006400318;MANE ET FILS NOTRE-DAME;2005;Air;Méthanol (alcool méthylique);1320;kg/an
0006400319;MANE ET FILS LA SARREE;2005;Air;Composés organiques volatils non méthaniques (COVNM);70200;kg/an
0006400319;MANE ET FILS LA SARREE;2005;Air;Acétaldéhyde (aldéhyde acétique  éthanal);50;kg/an
0006400320;IFF (France) SAS;2005;Air;Dichlorométhane (DCM, chlorure de méthylène);3500;kg/an
0006400402;SAINT-GOBAIN ISOVER;2005;Air;Aldéhyde formique (formaldéhyde);11800;kg/an
0006400323;PAYAN BERTRAND S.A;2005;Air;Benzène;3400;kg/an
0006400402;SAINT-GOBAIN ISOVER;2005;Air;Fluor et ses composés (F);2580;kg/an
0006400402;SAINT-GOBAIN ISOVER;2005;Air;Phénols (en tant que C total);4260;kg/an
0006400327;CENTIPHARM;2005;Air;Composés organiques volatils non méthaniques (COVNM);52000;kg/an
0006400402;SAINT-GOBAIN ISOVER;2005;Eau (direct);Fluor et ses composés (F);165;kg/an
0006400327;CENTIPHARM;2005;Air;Méthanol (alcool méthylique);2450;kg/an
0006400327;CENTIPHARM;2005;Eau (direct);Méthanol (alcool méthylique);552;kg/an
0006400414;SUEZ RV ENERGIE;2005;Air;Chlore et composés inorganiques (en tant que HCl);14500;kg/an
0006400414;SUEZ RV ENERGIE;2005;Air;Dioxyde de carbone (CO2) d'origine biomasse;67200000;kg/an
0006400328;FIRMENICH GRASSE S.A.;2005;Air;Composés organiques volatils non méthaniques (COVNM);40500;kg/an
0006400414;SUEZ RV ENERGIE;2005;Air;Mercure et composés (exprimés en tant que Hg);18.7;kg/an
0006400414;SUEZ RV ENERGIE;2005;Air;Oxydes d'azote (NOx/NO2);170000;kg/an
0006400328;FIRMENICH GRASSE S.A.;2005;Air;Dichlorométhane (DCM, chlorure de méthylène);10700;kg/an
0006400419;SILVATRIM;2005;Air;Composés organiques volatils non méthaniques (COVNM);108000;kg/an
0006400328;FIRMENICH GRASSE S.A.;2005;Air;Méthanol (alcool méthylique);34900;kg/an
0006400430;SOCATRI;2005;Eau (direct);Arsenic et composés (exprimés en tant que As);48.1;kg/an
0006400430;SOCATRI;2005;Eau (direct);Hydrocarbures;49000;kg/an
0006400430;SOCATRI;2005;Eau (direct);Nickel et composés (exprimés en tant que Ni);12700;kg/an
0006400332;ROBERTET PLAN DE GRASSE;2005;Air;Composés organiques volatils non méthaniques (COVNM);76800;kg/an
0006400332;ROBERTET PLAN DE GRASSE;2005;Air;Dichlorométhane (DCM, chlorure de méthylène);3920;kg/an
0006400333;ROBERTET SA;2005;Air;Composés organiques volatils non méthaniques (COVNM);215000;kg/an
0006400445;SMURFIT KAPPA PAPETERIE ALFA D'AVIGNON;2005;Eau (direct);Carbone organique total (en tant que C total ou DCO/3);177000;kg/an
0006400445;SMURFIT KAPPA PAPETERIE ALFA D'AVIGNON;2005;Eau (direct);Demande biologique en oxygène (DBO5);281000;kg/an
0006400337;KERRY FLAVOURS FRANCE SAS;2005;Air;Composés organiques volatils non méthaniques (COVNM);185000;kg/an
0006400445;SMURFIT KAPPA PAPETERIE ALFA D'AVIGNON;2005;Eau (direct);Demande chimique en oxygène (DCO);532000;kg/an
0006400337;KERRY FLAVOURS FRANCE SAS;2005;Air;Dichlorométhane (DCM, chlorure de méthylène);1980;kg/an
0006400455;APTUNION;2005;Eau (direct);Carbone organique total (en tant que C total ou DCO/3);1060000;kg/an
0006400455;APTUNION;2005;Eau (direct);Demande biologique en oxygène (DBO5);610000;kg/an
0006400337;KERRY FLAVOURS FRANCE SAS;2005;Air;Acétaldéhyde (aldéhyde acétique  éthanal);0.2;kg/an
0006400455;APTUNION;2005;Eau (direct);Demande chimique en oxygène (DCO);3190000;kg/an
0006400337;KERRY FLAVOURS FRANCE SAS;2005;Air;Méthanol (alcool méthylique);1.3;kg/an
0006400337;KERRY FLAVOURS FRANCE SAS;2005;Eau (indirect);Dichlorométhane (DCM, chlorure de méthylène);1100;kg/an
0006400499;SEPR;2005;Air;Oxydes d'azote (NOx/NO2);278000;kg/an
0006400499;SEPR;2005;Air;Acide fluorhydrique (flurorure d'hydrogène);600;kg/an
0006400340;TOURNAIRE;2005;Air;Trichloréthylène;2870;kg/an
0006400499;SEPR;2005;Air;Aldéhyde formique (formaldéhyde);40;kg/an
0006400499;SEPR;2005;Air;Cobalt et composés (exprimés en tant que Co);0.008;kg/an
0006400499;SEPR;2005;Eau (direct);Demande biologique en oxygène (DBO5);45900;kg/an
0006400347;MAJ SA;2005;Eau (indirect);Carbone organique total (en tant que C total ou DCO/3);81800;kg/an
0006400503;ROUSSELOT Isle sur Sorgue SAS;2005;Eau (indirect);Azote total;347000;kg/an
0006400503;ROUSSELOT Isle sur Sorgue SAS;2005;Eau (indirect);Carbone organique total (en tant que C total ou DCO/3);98300;kg/an
0006400347;MAJ SA;2005;Eau (indirect);Demande biologique en oxygène (DBO5);57400;kg/an
0006400503;ROUSSELOT Isle sur Sorgue SAS;2005;Eau (indirect);Chlorures (en tant que Cl total);10100000;kg/an
0006400503;ROUSSELOT Isle sur Sorgue SAS;2005;Eau (indirect);Demande biologique en oxygène (DBO5);59900;kg/an
0006400353;LA MESTA SAS;2005;Air;Chloroforme (trichlorométhane);1360;kg/an
0006400503;ROUSSELOT Isle sur Sorgue SAS;2005;Eau (indirect);Demande chimique en oxygène (DCO);295000;kg/an
0006400503;ROUSSELOT Isle sur Sorgue SAS;2005;Eau (indirect);Phosphore total;5060;kg/an
0006400353;LA MESTA SAS;2005;Air;Méthanol (alcool méthylique);15600;kg/an
0006400353;LA MESTA SAS;2005;Eau (direct);Chloroforme (trichlorométhane);1060;kg/an
0006400533;ETEX France (ex SINIAT) Carpentras;2005;Air;Oxydes de soufre (SOx/SO2);269000;kg/an
0006400353;LA MESTA SAS;2005;Eau (direct);Dichlorométhane (DCM, chlorure de méthylène);150;kg/an
0006400538;MALAUCENE INDUSTRIES;2005;Air;Composés organiques volatils non méthaniques (COVNM);277000;kg/an
0006400353;LA MESTA SAS;2005;Eau (direct);Tétrachloroéthylène (PER, tétrachloroéthylène);185;kg/an
0006400568;VALSUD;2005;Air;Dioxyde de carbone (CO2) d'origine biomasse;13100000;kg/an
0006400568;VALSUD;2005;Air;Méthane (CH4);1190000;kg/an
0006400353;LA MESTA SAS;2005;Eau (direct);Méthanol (alcool méthylique);2760;kg/an
0006400589;AIRBUS HELICOPTERS;2005;Air;Composés organiques volatils non méthaniques (COVNM);131000;kg/an
0006400365;ISDND LA GLACIERE;2005;Air;Dioxyde de carbone (CO2) d'origine biomasse;14500000;kg/an
0006400589;AIRBUS HELICOPTERS;2005;Air;Trichloréthylène;9830;kg/an
0006400365;ISDND LA GLACIERE;2005;Air;Méthane (CH4);1840000;kg/an
0006400627;STOGAZ Marignane;2005;Air;Composés organiques volatils non méthaniques (COVNM);59800;kg/an
0006400368;ACCUMULATEURS CLEMENT;2005;Air;Chlorométhane (chlorure de méthyle);260;kg/an
0006400635;HEINEKEN ENTREPRISE;2005;Eau (indirect);Carbone organique total (en tant que C total ou DCO/3);106000;kg/an
0006400384;CONTINENTALE NUTRITION - Site de Vedène;2005;Eau (indirect);Demande biologique en oxygène (DBO5);44000;kg/an
0006400635;HEINEKEN ENTREPRISE;2005;Eau (indirect);Demande chimique en oxygène (DCO);317000;kg/an
0006400641;COMPAGNIE DES DETERGENTS SAVON MARSEILLE;2005;Eau (indirect);Demande biologique en oxygène (DBO5);46100;kg/an
0006400398;DELTA DECHETS - ISDND du Coudoulet;2005;Air;Méthane (CH4);466000;kg/an
0006400651;ARKEMA FRANCE SA;2005;Air;Ammoniac (NH3);124000;kg/an
0006400651;ARKEMA FRANCE SA;2005;Air;Benzène;53900;kg/an
0006400402;SAINT-GOBAIN ISOVER;2005;Air;Ammoniac (NH3);118000;kg/an
0006400651;ARKEMA FRANCE SA;2005;Air;Composés organiques volatils non méthaniques (COVNM);262000;kg/an
0006400651;ARKEMA FRANCE SA;2005;Air;Oxydes d'azote (NOx/NO2);122000;kg/an
0006400402;SAINT-GOBAIN ISOVER;2005;Air;Composés organiques volatils non méthaniques (COVNM);59300;kg/an
0006400651;ARKEMA FRANCE SA;2005;Air;Méthanol (alcool méthylique);57200;kg/an
0006400651;ARKEMA FRANCE SA;2005;Eau (indirect);Azote total;85100;kg/an
0006400897;PAPETERIES ETIENNE;2005;Eau (direct);Phosphore total;6460;kg/an
0006400651;ARKEMA FRANCE SA;2005;Eau (indirect);Benzène;85;kg/an
0006400651;ARKEMA FRANCE SA;2005;Eau (indirect);Carbone organique total (en tant que C total ou DCO/3);145000;kg/an
0006400651;ARKEMA FRANCE SA;2005;Eau (indirect);Chlorures (en tant que Cl total);5020000;kg/an
0006400651;ARKEMA FRANCE SA;2005;Eau (indirect);Demande biologique en oxygène (DBO5);168000;kg/an
0006400651;ARKEMA FRANCE SA;2005;Eau (indirect);Demande chimique en oxygène (DCO);652000;kg/an
0006400651;ARKEMA FRANCE SA;2005;Eau (direct);Chlore;5020000;kg/an
0006400897;PAPETERIES ETIENNE;2005;Eau (direct);Phénols (en tant que C total);102;kg/an
0006400651;ARKEMA FRANCE SA;2005;Eau (direct);Méthanol (alcool méthylique);14000;kg/an
0006400673;NESTLE France Usine de St Menet;2005;Eau (indirect);Carbone organique total (en tant que C total ou DCO/3);117000;kg/an
0006400673;NESTLE France Usine de St Menet;2005;Eau (indirect);Demande chimique en oxygène (DCO);352000;kg/an
0006400913;IMERYS PCC France  (ex Solvay SF ex-CCP);2005;Air;1,2-dichloroéthane (DCE - chlorure d'éthylène);1350;kg/an
0006400691;SMPM;2005;Air;Composés organiques volatils non méthaniques (COVNM);80300;kg/an
0006400913;IMERYS PCC France  (ex Solvay SF ex-CCP);2005;Air;Composés organiques volatils non méthaniques (COVNM);65000;kg/an
0006400772;ARDAGH METAL BEVERAGE FRANCE SAS;2005;Air;Acide fluorhydrique (flurorure d'hydrogène);6.4;kg/an
0006400772;ARDAGH METAL BEVERAGE FRANCE SAS;2005;Eau (direct);Acide fluorhydrique (flurorure d'hydrogène);1560;kg/an
0006400913;IMERYS PCC France  (ex Solvay SF ex-CCP);2005;Eau (direct);1,2-dichloroéthane (DCE - chlorure d'éthylène);500;kg/an
0006400913;IMERYS PCC France  (ex Solvay SF ex-CCP);2005;Eau (direct);Dichlorométhane (DCM, chlorure de méthylène);1350;kg/an
0006400776;PROTEC METAUX ARENC;2005;Air;Composés organiques volatils non méthaniques (COVNM);32800;kg/an
0006400776;PROTEC METAUX ARENC;2005;Air;Dichlorométhane (DCM, chlorure de méthylène);17700;kg/an
0006400927;WILMAR FRANCE HOLDINGS SAS;2005;Air;Oxyde d'éthylène;80;kg/an
0006400776;PROTEC METAUX ARENC;2005;Air;Trichloréthylène;28400;kg/an
0006400825;ARKEMA france;2005;Air;1,1,1-trichloroéthane (TCE);113000;kg/an
0006400928;APPRYL;2005;Air;Composés organiques volatils non méthaniques (COVNM);33000;kg/an
0006400825;ARKEMA france;2005;Air;1,2-dichloroéthane (DCE - chlorure d'éthylène);153000;kg/an
0006400825;ARKEMA france;2005;Air;Chloroforme (trichlorométhane);4000;kg/an
0006400825;ARKEMA france;2005;Air;Chlorure de vinyle (chloroéthène);243000;kg/an
0006400941;Plateforme de La Mède - Stockage déporté de Lavéra;2005;Air;Composés organiques volatils non méthaniques (COVNM);38100;kg/an
0006400825;ARKEMA france;2005;Air;Composés organiques volatils non méthaniques (COVNM);2290000;kg/an
0006400825;ARKEMA france;2005;Air;Hydrochlorofluorocarbures (HCFC);852;kg/an
0006400942;Kem One Lavera;2005;Air;1,2-dichloroéthane (DCE - chlorure d'éthylène);236000;kg/an
0006400825;ARKEMA france;2005;Air;Hydroflurocarbures (HFC);1170;kg/an
0006400825;ARKEMA france;2005;Air;Mercure et composés (exprimés en tant que Hg);276;kg/an
0006400825;ARKEMA france;2005;Air;Monoxyde de carbone (CO);1300000;kg/an
0006400942;Kem One Lavera;2005;Air;Chloroforme (trichlorométhane);79700;kg/an
0006400825;ARKEMA france;2005;Air;Oxydes de soufre (SOx/SO2);834000;kg/an
0006400825;ARKEMA france;2005;Air;Oxydes d'azote (NOx/NO2);435000;kg/an
0006400942;Kem One Lavera;2005;Air;Chlorure de vinyle (chloroéthène);80400;kg/an
0006400825;ARKEMA france;2005;Air;Trichloréthylène;79000;kg/an
0006400825;ARKEMA france;2005;Air;Tétrachlorométhane (TCM, tétrachlorure de carbone);15000;kg/an
0006400825;ARKEMA france;2005;Air;Chlore;5000;kg/an
0006400825;ARKEMA france;2005;Eau (direct);1,2-dichloroéthane (DCE - chlorure d'éthylène);952;kg/an
0006400825;ARKEMA france;2005;Eau (direct);Carbone organique total (en tant que C total ou DCO/3);68100;kg/an
0006400942;Kem One Lavera;2005;Air;Composés organiques volatils non méthaniques (COVNM);557000;kg/an
0006400825;ARKEMA france;2005;Eau (direct);Chloroforme (trichlorométhane);282;kg/an
0006400825;ARKEMA france;2005;Eau (direct);Chlorures (en tant que Cl total);19600000;kg/an
0006400825;ARKEMA france;2005;Eau (direct);Composés organohalogénés (exprimés en tant que AOX);16800;kg/an
0006400942;Kem One Lavera;2005;Air;Dichlorométhane (DCM, chlorure de méthylène);34300;kg/an
0006400825;ARKEMA france;2005;Eau (direct);Demande biologique en oxygène (DBO5);99400;kg/an
0006400825;ARKEMA france;2005;Eau (direct);Demande chimique en oxygène (DCO);312000;kg/an
0006400942;Kem One Lavera;2005;Air;Hydrochlorofluorocarbures (HCFC);27200;kg/an
0006400825;ARKEMA france;2005;Eau (direct);Fer et composés (exprimés en tant que Fe);3270;kg/an
0006400825;ARKEMA france;2005;Eau (direct);Hexachlorobenzène (HCB);9.86;kg/an
0006400942;Kem One Lavera;2005;Air;Hydroflurocarbures (HFC);760;kg/an
0006400825;ARKEMA france;2005;Eau (direct);Hexachlorobutadiène (HCBD);19.6;kg/an
0006400825;ARKEMA france;2005;Eau (direct);1,2,3,4,5,6-hexachlorocyclohexane (HCH);11.1;kg/an
0006400942;Kem One Lavera;2005;Air;Mercure et composés (exprimés en tant que Hg);140;kg/an
0006400825;ARKEMA france;2005;Eau (direct);Mercure et composés (exprimés en tant que Hg);11.3;kg/an
0006400825;ARKEMA france;2005;Eau (direct);Phénols (en tant que C total);44.1;kg/an
0006400942;Kem One Lavera;2005;Air;Tétrachlorométhane (TCM, tétrachlorure de carbone);5850;kg/an
0006400825;ARKEMA france;2005;Eau (direct);Sulfates;3030000;kg/an
0006400825;ARKEMA france;2005;Eau (direct);Trichlorobenzènes (TCB) (tous les isomères);38;kg/an
0006400942;Kem One Lavera;2005;Air;Chlorométhane (chlorure de méthyle);12200;kg/an
0006400825;ARKEMA france;2005;Eau (direct);Trichloréthylène;156;kg/an
0006400825;ARKEMA france;2005;Eau (direct);Zinc et composés (exprimés en tant que Zn);250;kg/an
0006400942;Kem One Lavera;2005;Air;Méthanol (alcool méthylique);432;kg/an
0006400825;ARKEMA france;2005;Eau (direct);Chlore;4.2;kg/an
0006400942;Kem One Lavera;2005;Eau (indirect);1,2-dichloroéthane (DCE - chlorure d'éthylène);683;kg/an
0006400942;Kem One Lavera;2005;Eau (indirect);Carbone organique total (en tant que C total ou DCO/3);354000;kg/an
0006400828;GEOMETHANE;2005;Air;Méthane (CH4);233000;kg/an
0006400942;Kem One Lavera;2005;Eau (indirect);Chloroforme (trichlorométhane);1590;kg/an
0006400839;SANOFI CHIMIE;2005;Air;Composés organiques volatils non méthaniques (COVNM);232000;kg/an
0006400839;SANOFI CHIMIE;2005;Air;Dichlorométhane (DCM, chlorure de méthylène);34000;kg/an
0006400942;Kem One Lavera;2005;Eau (indirect);Chlorures (en tant que Cl total);78000000;kg/an
0006400839;SANOFI CHIMIE;2005;Air;Oxydes d'azote (NOx/NO2);136000;kg/an
0006400839;SANOFI CHIMIE;2005;Air;Méthanol (alcool méthylique);41000;kg/an
0006400874;Fibre- Excellence;2005;Air;Dioxyde de carbone (CO2) d'origine biomasse;855000000;kg/an
0006400942;Kem One Lavera;2005;Eau (indirect);Composés organohalogénés (exprimés en tant que AOX);2350;kg/an
0006400874;Fibre- Excellence;2005;Air;Méthane (CH4);763000;kg/an
0006400874;Fibre- Excellence;2005;Air;Oxydes de soufre (SOx/SO2);182000;kg/an
0006400874;Fibre- Excellence;2005;Air;Oxydes d'azote (NOx/NO2);447000;kg/an
0006400942;Kem One Lavera;2005;Eau (indirect);Cuivre et composés (exprimés en tant que Cu);342;kg/an
0006400874;Fibre- Excellence;2005;Air;Poussières totales;281000;kg/an
0006400874;Fibre- Excellence;2005;Air;Protoxyde d'azote (N2O);23700;kg/an
0006400942;Kem One Lavera;2005;Eau (indirect);Dichlorométhane (DCM, chlorure de méthylène);12;kg/an
0006400874;Fibre- Excellence;2005;Eau (direct);Carbone organique total (en tant que C total ou DCO/3);3330000;kg/an
0006400874;Fibre- Excellence;2005;Eau (direct);Composés organohalogénés (exprimés en tant que AOX);98100;kg/an
0006400942;Kem One Lavera;2005;Eau (direct);Mercure et composés (exprimés en tant que Hg);22;kg/an
0006400874;Fibre- Excellence;2005;Eau (direct);Demande biologique en oxygène (DBO5);442000;kg/an
0006400874;Fibre- Excellence;2005;Eau (direct);Demande chimique en oxygène (DCO);10000000;kg/an
0006400942;Kem One Lavera;2005;Eau (indirect);Tétrachlorométhane (TCM, tétrachlorure de carbone);31;kg/an
0006400874;Fibre- Excellence;2005;Eau (direct);Matières en suspension (MES);1390000;kg/an
0006400942;Kem One Lavera;2005;Eau (direct);Chlore;78000000;kg/an
0006400942;Kem One Lavera;2005;Eau (direct);Chlorométhane (chlorure de méthyle);27;kg/an
0006400886;LINPAC PLASTICS PROVENCE;2005;Air;Composés organiques volatils non méthaniques (COVNM);215000;kg/an
0006400897;PAPETERIES ETIENNE;2005;Eau (direct);Carbone organique total (en tant que C total ou DCO/3);411000;kg/an
0006400942;Kem One Lavera;2005;Eau (direct);Méthanol (alcool méthylique);1590;kg/an
0006400897;PAPETERIES ETIENNE;2005;Eau (direct);Demande biologique en oxygène (DBO5);250000;kg/an
0006400897;PAPETERIES ETIENNE;2005;Eau (direct);Demande chimique en oxygène (DCO);1230000;kg/an
0006400948;GEOGAZ Lavéra;2005;Eau (direct);Chlore;249000;kg/an
0006400955;NAPHTACHIMIE;2005;Air;Arsenic et composés (exprimés en tant que As);89.7;kg/an
0006400955;NAPHTACHIMIE;2005;Air;Benzène;24600;kg/an
0006400955;NAPHTACHIMIE;2005;Air;Cadmium et composés (exprimés en tant que Cd);53.6;kg/an
0006400955;NAPHTACHIMIE;2005;Air;Chloroforme (trichlorométhane);541;kg/an
0006401008;Basell Polyoléfines France SAS;2005;Air;Arsenic et composés (exprimés en tant que As);70;kg/an
0006401008;Basell Polyoléfines France SAS;2005;Air;Benzène;51200;kg/an
0006400955;NAPHTACHIMIE;2005;Air;Chrome et composés (exprimés en tant que Cr);445;kg/an
0006401008;Basell Polyoléfines France SAS;2005;Air;Composés organiques volatils non méthaniques (COVNM);1380000;kg/an
0006401008;Basell Polyoléfines France SAS;2005;Air;Mercure et composés (exprimés en tant que Hg);26;kg/an
0006400955;NAPHTACHIMIE;2005;Air;Composés organiques volatils non méthaniques (COVNM);1210000;kg/an
0006401008;Basell Polyoléfines France SAS;2005;Air;Méthane (CH4);185000;kg/an
0006401008;Basell Polyoléfines France SAS;2005;Air;Nickel et composés (exprimés en tant que Ni);4830;kg/an
0006400955;NAPHTACHIMIE;2005;Air;Cuivre et composés (exprimés en tant que Cu);199;kg/an
0006401008;Basell Polyoléfines France SAS;2005;Air;Oxydes de soufre (SOx/SO2);2970000;kg/an
0006401008;Basell Polyoléfines France SAS;2005;Air;Oxydes d'azote (NOx/NO2);1460000;kg/an
0006400955;NAPHTACHIMIE;2005;Air;Hydrochlorofluorocarbures (HCFC);1000;kg/an
0006401008;Basell Polyoléfines France SAS;2005;Air;Protoxyde d'azote (N2O);11900;kg/an
0006401008;Basell Polyoléfines France SAS;2005;Air;1,3-butadiène;14000;kg/an
0006400955;NAPHTACHIMIE;2005;Air;Mercure et composés (exprimés en tant que Hg);69.2;kg/an
0006400955;NAPHTACHIMIE;2005;Air;Méthane (CH4);363000;kg/an
0006401012;COMPAGNIE PETROCHIMIQUE DE BERRE SAS;2005;Air;Arsenic et composés (exprimés en tant que As);97;kg/an
0006401012;COMPAGNIE PETROCHIMIQUE DE BERRE SAS;2005;Air;Benzène;6500;kg/an
0006401012;COMPAGNIE PETROCHIMIQUE DE BERRE SAS;2005;Air;Cadmium et composés (exprimés en tant que Cd);22;kg/an
0006400955;NAPHTACHIMIE;2005;Air;Nickel et composés (exprimés en tant que Ni);2480;kg/an
0006401012;COMPAGNIE PETROCHIMIQUE DE BERRE SAS;2005;Air;Chrome et composés (exprimés en tant que Cr);293;kg/an
0006401012;COMPAGNIE PETROCHIMIQUE DE BERRE SAS;2005;Air;Composés organiques volatils non méthaniques (COVNM);1470000;kg/an
0006401012;COMPAGNIE PETROCHIMIQUE DE BERRE SAS;2005;Air;Mercure et composés (exprimés en tant que Hg);40;kg/an
0006400955;NAPHTACHIMIE;2005;Air;Oxydes de soufre (SOx/SO2);4440000;kg/an
0006401012;COMPAGNIE PETROCHIMIQUE DE BERRE SAS;2005;Air;Nickel et composés (exprimés en tant que Ni);5580;kg/an
0006401012;COMPAGNIE PETROCHIMIQUE DE BERRE SAS;2005;Air;Oxydes de soufre (SOx/SO2);6710000;kg/an
0006400955;NAPHTACHIMIE;2005;Air;Oxydes d'azote (NOx/NO2);2120000;kg/an
0006401012;COMPAGNIE PETROCHIMIQUE DE BERRE SAS;2005;Air;Oxydes d'azote (NOx/NO2);1700000;kg/an
0006401012;COMPAGNIE PETROCHIMIQUE DE BERRE SAS;2005;Air;Protoxyde d'azote (N2O);22800;kg/an
0006400955;NAPHTACHIMIE;2005;Air;Poussières totales;273000;kg/an
0006401012;COMPAGNIE PETROCHIMIQUE DE BERRE SAS;2005;Eau (direct);Phénols (en tant que C total);66;kg/an
0006400955;NAPHTACHIMIE;2005;Air;Protoxyde d'azote (N2O);70500;kg/an
0006401013;SOLAMAT MEREX;2005;Air;Mercure et composés (exprimés en tant que Hg);130;kg/an
0006401013;SOLAMAT MEREX;2005;Air;Acide fluorhydrique (flurorure d'hydrogène);13;kg/an
0006400955;NAPHTACHIMIE;2005;Air;Zinc et composés (exprimés en tant que Zn);2550;kg/an
0006400955;NAPHTACHIMIE;2005;Air;1,3-butadiène;34500;kg/an
0006401019;ASCOMETAL Fos-sur-Mer;2005;Air;Arsenic et composés (exprimés en tant que As);108;kg/an
0006400955;NAPHTACHIMIE;2005;Eau (direct);Arsenic et composés (exprimés en tant que As);195;kg/an
0006401019;ASCOMETAL Fos-sur-Mer;2005;Air;Cadmium et composés (exprimés en tant que Cd);122;kg/an
0006401019;ASCOMETAL Fos-sur-Mer;2005;Air;Chrome et composés (exprimés en tant que Cr);736;kg/an
0006400955;NAPHTACHIMIE;2005;Eau (direct);Azote total;62400;kg/an
0006401019;ASCOMETAL Fos-sur-Mer;2005;Air;Cuivre et composés (exprimés en tant que Cu);1750;kg/an
0006401019;ASCOMETAL Fos-sur-Mer;2005;Air;Manganèse et composés (exprimés en tant que Mn);1770;kg/an
0006400955;NAPHTACHIMIE;2005;Eau (direct);Cadmium et composés (exprimés en tant que Cd);10.4;kg/an
0006401019;ASCOMETAL Fos-sur-Mer;2005;Air;Mercure et composés (exprimés en tant que Hg);44.1;kg/an
0006401019;ASCOMETAL Fos-sur-Mer;2005;Air;Monoxyde de carbone (CO);1110000;kg/an
0006400955;NAPHTACHIMIE;2005;Eau (direct);Carbone organique total (en tant que C total ou DCO/3);93200;kg/an
0006401019;ASCOMETAL Fos-sur-Mer;2005;Air;Nickel et composés (exprimés en tant que Ni);703;kg/an
0006401019;ASCOMETAL Fos-sur-Mer;2005;Air;Zinc et composés (exprimés en tant que Zn);11900;kg/an
0006400955;NAPHTACHIMIE;2005;Eau (direct);Chrome et composés (exprimés en tant que Cr);138;kg/an
0006401019;ASCOMETAL Fos-sur-Mer;2005;Eau (direct);Cadmium et composés (exprimés en tant que Cd);5.3;kg/an
0006401019;ASCOMETAL Fos-sur-Mer;2005;Eau (direct);Cuivre et composés (exprimés en tant que Cu);55.1;kg/an
0006400955;NAPHTACHIMIE;2005;Eau (direct);Cuivre et composés (exprimés en tant que Cu);260;kg/an
0006401019;ASCOMETAL Fos-sur-Mer;2005;Eau (direct);Fer et composés (exprimés en tant que Fe);4060;kg/an
0006401019;ASCOMETAL Fos-sur-Mer;2005;Eau (direct);Manganèse et composés (exprimés en tant que Mn);1020;kg/an
0006401019;ASCOMETAL Fos-sur-Mer;2005;Eau (direct);Nickel et composés (exprimés en tant que Ni);94;kg/an
0006401019;ASCOMETAL Fos-sur-Mer;2005;Eau (direct);Plomb et composés (exprimés en tant que Pb);131;kg/an
0006401019;ASCOMETAL Fos-sur-Mer;2005;Eau (direct);Zinc et composés (exprimés en tant que Zn);1070;kg/an
0006400955;NAPHTACHIMIE;2005;Eau (direct);Demande biologique en oxygène (DBO5);60200;kg/an
0006401023;AREVA MIRAMAS;2005;Air;Mercure et composés (exprimés en tant que Hg);13.3;kg/an
0006400955;NAPHTACHIMIE;2005;Eau (direct);Demande chimique en oxygène (DCO);280000;kg/an
0006401026;DEULEP;2005;Air;Composés organiques volatils non méthaniques (COVNM);35800;kg/an
0006400955;NAPHTACHIMIE;2005;Eau (direct);Mercure et composés (exprimés en tant que Hg);5.2;kg/an
0006400955;NAPHTACHIMIE;2005;Eau (direct);Nickel et composés (exprimés en tant que Ni);161;kg/an
0006400955;NAPHTACHIMIE;2005;Eau (direct);Phénols (en tant que C total);65;kg/an
0006401027;DEPOT PETROLIER DE FOS;2005;Air;Composés organiques volatils non méthaniques (COVNM);78000;kg/an
0006400955;NAPHTACHIMIE;2005;Eau (direct);Plomb et composés (exprimés en tant que Pb);39;kg/an
0006401029;ESSO Raffinage SAS;2005;Air;Benzène;7300;kg/an
0006401029;ESSO Raffinage SAS;2005;Air;Chrome et composés (exprimés en tant que Cr);184;kg/an
0006400956;OXOCHIMIE;2005;Air;Composés organiques volatils non méthaniques (COVNM);36300;kg/an
0006401029;ESSO Raffinage SAS;2005;Air;Composés organiques volatils non méthaniques (COVNM);612000;kg/an
0006401029;ESSO Raffinage SAS;2005;Air;Cuivre et composés (exprimés en tant que Cu);121;kg/an
0006400956;OXOCHIMIE;2005;Eau (indirect);Carbone organique total (en tant que C total ou DCO/3);70100;kg/an
0006401029;ESSO Raffinage SAS;2005;Air;Monoxyde de carbone (CO);14500000;kg/an
0006401029;ESSO Raffinage SAS;2005;Air;Nickel et composés (exprimés en tant que Ni);1790;kg/an
0006400956;OXOCHIMIE;2005;Eau (indirect);Cyanures (sous forme de CN total);454;kg/an
0006401029;ESSO Raffinage SAS;2005;Air;Oxydes de soufre (SOx/SO2);4380000;kg/an
0006401029;ESSO Raffinage SAS;2005;Air;Oxydes d'azote (NOx/NO2);1460000;kg/an
0006400956;OXOCHIMIE;2005;Eau (indirect);Demande chimique en oxygène (DCO);210000;kg/an
0006401029;ESSO Raffinage SAS;2005;Air;Poussières totales;160000;kg/an
0006401029;ESSO Raffinage SAS;2005;Air;Protoxyde d'azote (N2O);19300;kg/an
0006401029;ESSO Raffinage SAS;2005;Air;Zinc et composés (exprimés en tant que Zn);343;kg/an
0006400956;OXOCHIMIE;2005;Eau (direct);Acide cyanhydrique (HCN);471;kg/an
0006401029;ESSO Raffinage SAS;2005;Eau (direct);Arsenic et composés (exprimés en tant que As);26;kg/an
0006401029;ESSO Raffinage SAS;2005;Eau (direct);Carbone organique total (en tant que C total ou DCO/3);65200;kg/an
0006400957;FLUXEL SAS;2005;Air;Composés organiques volatils non méthaniques (COVNM);285000;kg/an
0006401029;ESSO Raffinage SAS;2005;Eau (direct);Cuivre et composés (exprimés en tant que Cu);84;kg/an
0006401029;ESSO Raffinage SAS;2005;Eau (direct);Demande chimique en oxygène (DCO);196000;kg/an
0006401029;ESSO Raffinage SAS;2005;Eau (direct);Hydrocarbures;27800;kg/an
0006400957;FLUXEL SAS;2005;Eau (direct);Phénols (en tant que C total);197;kg/an
0006401029;ESSO Raffinage SAS;2005;Eau (direct);Nickel et composés (exprimés en tant que Ni);40;kg/an
0006401029;ESSO Raffinage SAS;2005;Eau (direct);Phénols (en tant que C total);624;kg/an
0006400959;PRIMAGAZ Lavéra;2005;Eau (direct);Chlore;110000;kg/an
0006401029;ESSO Raffinage SAS;2005;Eau (direct);Zinc et composés (exprimés en tant que Zn);444;kg/an
0006401040;IMERYS Aluminates SA;2005;Air;Oxydes de soufre (SOx/SO2);996000;kg/an
0006401040;IMERYS Aluminates SA;2005;Air;Oxydes d'azote (NOx/NO2);469000;kg/an
0006400978;BUTAGAZ - Site de Rognac;2005;Air;Composés organiques volatils non méthaniques (COVNM);78900;kg/an
0006401046;SOCIETE DU PIPELINE SUD-EUROPEEN;2005;Air;Composés organiques volatils non méthaniques (COVNM);59500;kg/an
0006400979;CABOT France;2005;Air;Oxydes de soufre (SOx/SO2);2590000;kg/an
0006401049;RHONE GAZ;2005;Air;Composés organiques volatils non méthaniques (COVNM);77600;kg/an
0006400979;CABOT France;2005;Air;Oxydes d'azote (NOx/NO2);833000;kg/an
0006400982;KEM ONE FOS (Ex VINYLFOS);2005;Air;1,2-dichloroéthane (DCE - chlorure d'éthylène);131000;kg/an
0006401052;ARCELORMITTAL Méditerranée;2005;Air;Arsenic et composés (exprimés en tant que As);155;kg/an
0006401052;ARCELORMITTAL Méditerranée;2005;Air;Benzène;14100;kg/an
0006400982;KEM ONE FOS (Ex VINYLFOS);2005;Air;Chlorure de vinyle (chloroéthène);9400;kg/an
0006401052;ARCELORMITTAL Méditerranée;2005;Air;Cadmium et composés (exprimés en tant que Cd);514;kg/an
0006401052;ARCELORMITTAL Méditerranée;2005;Air;Chlore et composés inorganiques (en tant que HCl);19400;kg/an
0006400982;KEM ONE FOS (Ex VINYLFOS);2005;Air;Composés organiques volatils non méthaniques (COVNM);204000;kg/an
0006401052;ARCELORMITTAL Méditerranée;2005;Air;Chrome et composés (exprimés en tant que Cr);578;kg/an
0006401052;ARCELORMITTAL Méditerranée;2005;Air;Composés organiques volatils non méthaniques (COVNM);822000;kg/an
0006400982;KEM ONE FOS (Ex VINYLFOS);2005;Air;Hydrochlorofluorocarbures (HCFC);770;kg/an
0006401052;ARCELORMITTAL Méditerranée;2005;Air;Cuivre et composés (exprimés en tant que Cu);576;kg/an
0006401052;ARCELORMITTAL Méditerranée;2005;Air;Dioxines et furanes (PCDD + PCDF) (exprimés en iTeq);0.00994;kg/an
0006400982;KEM ONE FOS (Ex VINYLFOS);2005;Air;Hydroflurocarbures (HFC);7480;kg/an
0006401052;ARCELORMITTAL Méditerranée;2005;Air;Fluor et composés inorganiques (en tant que HF);11600;kg/an
0006401052;ARCELORMITTAL Méditerranée;2005;Air;Hydrocarbures aromatiques polycycliques (HAP);343;kg/an
0006400982;KEM ONE FOS (Ex VINYLFOS);2005;Air;Oxydes d'azote (NOx/NO2);115000;kg/an
0006401052;ARCELORMITTAL Méditerranée;2005;Air;Hydrochlorofluorocarbures (HCFC);1260;kg/an
0006401052;ARCELORMITTAL Méditerranée;2005;Air;Hydroflurocarbures (HFC);324;kg/an
0006400982;KEM ONE FOS (Ex VINYLFOS);2005;Eau (direct);1,2-dichloroéthane (DCE - chlorure d'éthylène);146;kg/an
0006401052;ARCELORMITTAL Méditerranée;2005;Air;Manganèse et composés (exprimés en tant que Mn);2050;kg/an
0006401052;ARCELORMITTAL Méditerranée;2005;Air;Mercure et composés (exprimés en tant que Hg);73;kg/an
0006400982;KEM ONE FOS (Ex VINYLFOS);2005;Eau (direct);Chlorure de vinyle (chloroéthène);30;kg/an
0006401052;ARCELORMITTAL Méditerranée;2005;Air;Méthane (CH4);515000;kg/an
0006401052;ARCELORMITTAL Méditerranée;2005;Air;Nickel et composés (exprimés en tant que Ni);194;kg/an
0006400988;Lyondell Basell Services France SAS;2005;Air;Composés organiques volatils non méthaniques (COVNM);78300;kg/an
0006401052;ARCELORMITTAL Méditerranée;2005;Air;Oxydes de soufre (SOx/SO2);9400000;kg/an
0006401052;ARCELORMITTAL Méditerranée;2005;Air;Oxydes d'azote (NOx/NO2);7430000;kg/an
0006401052;ARCELORMITTAL Méditerranée;2005;Air;Plomb et composés (exprimés en tant que Pb);9170;kg/an
0006400989;Basell Fos SAS;2005;Air;Composés organiques volatils non méthaniques (COVNM);211000;kg/an
0006401052;ARCELORMITTAL Méditerranée;2005;Air;Poussières totales;6640000;kg/an
0006401052;ARCELORMITTAL Méditerranée;2005;Air;Protoxyde d'azote (N2O);143000;kg/an
0006400990;KEM ONE France;2005;Air;Hydrochlorofluorocarbures (HCFC);790;kg/an
0006401052;ARCELORMITTAL Méditerranée;2005;Air;Sulfure d'hydrogène (H2S);7320;kg/an
0006401052;ARCELORMITTAL Méditerranée;2005;Air;Zinc et composés (exprimés en tant que Zn);2090;kg/an
0006401052;ARCELORMITTAL Méditerranée;2005;Eau (direct);Azote total;179000;kg/an
0006400990;KEM ONE France;2005;Air;Hydroflurocarbures (HFC);200;kg/an
0006401052;ARCELORMITTAL Méditerranée;2005;Eau (direct);Carbone organique total (en tant que C total ou DCO/3);91800;kg/an
0006401052;ARCELORMITTAL Méditerranée;2005;Eau (direct);Chrome et composés (exprimés en tant que Cr);171;kg/an
0006401052;ARCELORMITTAL Méditerranée;2005;Eau (direct);Cuivre et composés (exprimés en tant que Cu);123;kg/an
0006401052;ARCELORMITTAL Méditerranée;2005;Eau (direct);Cyanures (sous forme de CN total);206;kg/an
0006400990;KEM ONE France;2005;Air;Oxydes d'azote (NOx/NO2);109000;kg/an
0006401052;ARCELORMITTAL Méditerranée;2005;Eau (direct);Demande chimique en oxygène (DCO);275000;kg/an
0006401052;ARCELORMITTAL Méditerranée;2005;Eau (direct);Fer et composés (exprimés en tant que Fe);13100;kg/an
0006400990;KEM ONE France;2005;Air;Chlore;120;kg/an
0006401052;ARCELORMITTAL Méditerranée;2005;Eau (direct);Manganèse et composés (exprimés en tant que Mn);2000;kg/an
0006401052;ARCELORMITTAL Méditerranée;2005;Eau (direct);Nickel et composés (exprimés en tant que Ni);143;kg/an
0006400997;LYONDELL CHIMIE France SAS;2005;Air;Arsenic et composés (exprimés en tant que As);31.4;kg/an
0006401052;ARCELORMITTAL Méditerranée;2005;Eau (direct);Phénols (en tant que C total);375;kg/an
0006400997;LYONDELL CHIMIE France SAS;2005;Air;Composés organiques volatils non méthaniques (COVNM);167000;kg/an
0006401052;ARCELORMITTAL Méditerranée;2005;Eau (direct);Plomb et composés (exprimés en tant que Pb);170;kg/an
0006400997;LYONDELL CHIMIE France SAS;2005;Air;Nickel et composés (exprimés en tant que Ni);177;kg/an
0006401052;ARCELORMITTAL Méditerranée;2005;Eau (direct);Zinc et composés (exprimés en tant que Zn);5960;kg/an
0006400997;LYONDELL CHIMIE France SAS;2005;Air;Oxydes d'azote (NOx/NO2);163000;kg/an
0006400997;LYONDELL CHIMIE France SAS;2005;Air;Acrylonitrile;19;kg/an
0006401055;GIE Terminal de la CRAU;2005;Air;Composés organiques volatils non méthaniques (COVNM);59300;kg/an
0006401056;TOTAL RAFFINAGE FRANCE;2005;Air;Benzène;12100;kg/an
0006400997;LYONDELL CHIMIE France SAS;2005;Air;Antimoine et composés (exprimés en tant que Sb);3.93;kg/an
0006401056;TOTAL RAFFINAGE FRANCE;2005;Air;Cadmium et composés (exprimés en tant que Cd);14;kg/an
0006400997;LYONDELL CHIMIE France SAS;2005;Air;Cobalt et composés (exprimés en tant que Co);0.38;kg/an
0006401056;TOTAL RAFFINAGE FRANCE;2005;Air;Composés organiques volatils non méthaniques (COVNM);904000;kg/an
0006401056;TOTAL RAFFINAGE FRANCE;2005;Air;Nickel et composés (exprimés en tant que Ni);3120;kg/an
0006400997;LYONDELL CHIMIE France SAS;2005;Air;Etain et composés (exprimés en tant que Sn);14.2;kg/an
0006401056;TOTAL RAFFINAGE FRANCE;2005;Air;Oxydes de soufre (SOx/SO2);7640000;kg/an
0006401056;TOTAL RAFFINAGE FRANCE;2005;Air;Oxydes d'azote (NOx/NO2);1450000;kg/an
0006400997;LYONDELL CHIMIE France SAS;2005;Air;Fluor et ses composés (F);6.7;kg/an
0006401056;TOTAL RAFFINAGE FRANCE;2005;Air;Poussières totales;415000;kg/an
0006401056;TOTAL RAFFINAGE FRANCE;2005;Air;Protoxyde d'azote (N2O);42000;kg/an
0006400997;LYONDELL CHIMIE France SAS;2005;Air;Méthanol (alcool méthylique);7360;kg/an
0006401056;TOTAL RAFFINAGE FRANCE;2005;Eau (direct);Demande chimique en oxygène (DCO);182000;kg/an
0006400997;LYONDELL CHIMIE France SAS;2005;Air;Oxyde de propylène (1,2-époxypropane);12100;kg/an
0006401056;TOTAL RAFFINAGE FRANCE;2005;Eau (direct);Hydrocarbures;13500;kg/an
0006400997;LYONDELL CHIMIE France SAS;2005;Air;Oxyde d'éthylène;31;kg/an
0006400997;LYONDELL CHIMIE France SAS;2005;Eau (direct);Phénols (en tant que C total);27;kg/an
0006400998;SOLAMAT MEREX;2005;Air;Mercure et composés (exprimés en tant que Hg);18.1;kg/an
0006401061;EDF CCG de Martigues;2005;Air;Cadmium et composés (exprimés en tant que Cd);79;kg/an
0006400998;SOLAMAT MEREX;2005;Air;Acide fluorhydrique (flurorure d'hydrogène);122;kg/an
0006401061;EDF CCG de Martigues;2005;Air;Nickel et composés (exprimés en tant que Ni);1410;kg/an
0006401001;FLUXEL;2005;Air;Composés organiques volatils non méthaniques (COVNM);236000;kg/an
0006401061;EDF CCG de Martigues;2005;Air;Oxydes de soufre (SOx/SO2);4210000;kg/an
0006401006;RTDH;2005;Air;Composés organiques volatils non méthaniques (COVNM);45500;kg/an
0006401061;EDF CCG de Martigues;2005;Air;Oxydes d'azote (NOx/NO2);1810000;kg/an
0006401007;COMPAGNIE PETROCHIMIQUE DE BERRE SAS;2005;Air;Arsenic et composés (exprimés en tant que As);82;kg/an
0006401061;EDF CCG de Martigues;2005;Air;Plomb et composés (exprimés en tant que Pb);234;kg/an
0006401007;COMPAGNIE PETROCHIMIQUE DE BERRE SAS;2005;Air;Benzène;68700;kg/an
0006401061;EDF CCG de Martigues;2005;Air;Protoxyde d'azote (N2O);13100;kg/an
0006401061;EDF CCG de Martigues;2005;Air;Zinc et composés (exprimés en tant que Zn);492;kg/an
0006401007;COMPAGNIE PETROCHIMIQUE DE BERRE SAS;2005;Air;Chlorure de vinyle (chloroéthène);9630;kg/an
0006401061;EDF CCG de Martigues;2005;Eau (direct);Cuivre et composés (exprimés en tant que Cu);842;kg/an
0006401061;EDF CCG de Martigues;2005;Eau (direct);Zinc et composés (exprimés en tant que Zn);299;kg/an
0006401007;COMPAGNIE PETROCHIMIQUE DE BERRE SAS;2005;Air;Composés organiques volatils non méthaniques (COVNM);2450000;kg/an
0006401007;COMPAGNIE PETROCHIMIQUE DE BERRE SAS;2005;Air;Hydrochlorofluorocarbures (HCFC);541;kg/an
0006401007;COMPAGNIE PETROCHIMIQUE DE BERRE SAS;2005;Air;Hydroflurocarbures (HFC);2740;kg/an
0006401066;Alkion Terminal Marseille;2005;Air;1,1,1-trichloroéthane (TCE);1600;kg/an
0006401007;COMPAGNIE PETROCHIMIQUE DE BERRE SAS;2005;Air;Mercure et composés (exprimés en tant que Hg);30;kg/an
0006401066;Alkion Terminal Marseille;2005;Air;Benzène;1440;kg/an
0006401066;Alkion Terminal Marseille;2005;Air;Chloroforme (trichlorométhane);10500;kg/an
0006401066;Alkion Terminal Marseille;2005;Air;Composés organiques volatils non méthaniques (COVNM);101000;kg/an
0006401007;COMPAGNIE PETROCHIMIQUE DE BERRE SAS;2005;Air;Nickel et composés (exprimés en tant que Ni);5630;kg/an
0006401007;COMPAGNIE PETROCHIMIQUE DE BERRE SAS;2005;Air;Oxydes de soufre (SOx/SO2);2750000;kg/an
0006401007;COMPAGNIE PETROCHIMIQUE DE BERRE SAS;2005;Air;Oxydes d'azote (NOx/NO2);808000;kg/an
0006401066;Alkion Terminal Marseille;2005;Air;Dichlorométhane (DCM, chlorure de méthylène);3390;kg/an
0006401007;COMPAGNIE PETROCHIMIQUE DE BERRE SAS;2005;Air;Protoxyde d'azote (N2O);10600;kg/an
0006401066;Alkion Terminal Marseille;2005;Air;Trichloréthylène;4370;kg/an
0006401007;COMPAGNIE PETROCHIMIQUE DE BERRE SAS;2005;Air;1,3-butadiène;196000;kg/an
0006401066;Alkion Terminal Marseille;2005;Air;Tétrachlorométhane (TCM, tétrachlorure de carbone);2030;kg/an
0006401110;LE CELLIER DES PRINCES;2005;Sol;Cadmium et composés (exprimés en tant que Cd);13;kg/an
0006401007;COMPAGNIE PETROCHIMIQUE DE BERRE SAS;2005;Air;Méthanol (alcool méthylique);87600;kg/an
0006401110;LE CELLIER DES PRINCES;2005;Sol;Chrome et composés (exprimés en tant que Cr);521;kg/an
0006401110;LE CELLIER DES PRINCES;2005;Sol;Cuivre et composés (exprimés en tant que Cu);2920;kg/an
0006401007;COMPAGNIE PETROCHIMIQUE DE BERRE SAS;2005;Air;Phénols (en tant que C total);12200;kg/an
0006401110;LE CELLIER DES PRINCES;2005;Sol;Mercure et composés (exprimés en tant que Hg);13;kg/an
0006401110;LE CELLIER DES PRINCES;2005;Sol;Nickel et composés (exprimés en tant que Ni);355;kg/an
0006401007;COMPAGNIE PETROCHIMIQUE DE BERRE SAS;2005;Eau (direct);Carbone organique total (en tant que C total ou DCO/3);124000;kg/an
0006401110;LE CELLIER DES PRINCES;2005;Sol;Plomb et composés (exprimés en tant que Pb);838;kg/an
0006401110;LE CELLIER DES PRINCES;2005;Sol;Zinc et composés (exprimés en tant que Zn);10700;kg/an
0006401007;COMPAGNIE PETROCHIMIQUE DE BERRE SAS;2005;Eau (direct);Demande biologique en oxygène (DBO5);68700;kg/an
0006401238;SAS CONSERVES DE PROVENCE;2005;Eau (indirect);Carbone organique total (en tant que C total ou DCO/3);120000;kg/an
0006401238;SAS CONSERVES DE PROVENCE;2005;Eau (indirect);Demande biologique en oxygène (DBO5);155000;kg/an
0006401238;SAS CONSERVES DE PROVENCE;2005;Eau (indirect);Demande chimique en oxygène (DCO);359000;kg/an
0006401007;COMPAGNIE PETROCHIMIQUE DE BERRE SAS;2005;Eau (direct);Demande chimique en oxygène (DCO);373000;kg/an
0006401007;COMPAGNIE PETROCHIMIQUE DE BERRE SAS;2005;Eau (direct);Chlorure de vinyle (chloroéthène);29;kg/an
0006501204;KERBIRIO;2005;Eau (direct);Zinc et composés (exprimés en tant que Zn);110;kg/an
0006401421;SUEZ RV MEDITERRANEE;2005;Air;Méthane (CH4);374000;kg/an
0006401567;LAFARGEHOLCIM CIMENTS;2005;Air;Benzène;2980;kg/an
0006401567;LAFARGEHOLCIM CIMENTS;2005;Air;Composés organiques volatils non méthaniques (COVNM);39600;kg/an
0006501303;SOGAL Jouy-Le-Chatel;2005;Eau (direct);Nickel et composés (exprimés en tant que Ni);836;kg/an
0006401567;LAFARGEHOLCIM CIMENTS;2005;Air;Dioxyde de carbone (CO2) d'origine biomasse;12400000;kg/an
0006401567;LAFARGEHOLCIM CIMENTS;2005;Air;Oxydes de soufre (SOx/SO2);644000;kg/an
0006501303;SOGAL Jouy-Le-Chatel;2005;Eau (direct);Zinc et composés (exprimés en tant que Zn);1610;kg/an
0006401567;LAFARGEHOLCIM CIMENTS;2005;Air;Oxydes d'azote (NOx/NO2);1060000;kg/an
0006501363;CIPEL;2005;Air;Composés organiques volatils non méthaniques (COVNM);78500;kg/an
0006401630;COLOR AZUR;2005;Eau (direct);Fluor et ses composés (F);35;kg/an
0006501363;CIPEL;2005;Air;Dichlorométhane (DCM, chlorure de méthylène);17500;kg/an
0006501363;CIPEL;2005;Air;Tétrachloroéthylène (PER, tétrachloroéthylène);55000;kg/an
0006401732;ECO RECYCLING SYSTEMS;2005;Eau (indirect);Phénols (en tant que C total);121;kg/an
0006501363;CIPEL;2005;Eau (direct);Chrome et composés (exprimés en tant que Cr);303;kg/an
0006401740;FIRMENICH SEILLANS;2005;Air;Composés organiques volatils non méthaniques (COVNM);111000;kg/an
0006501529;HELIO PRINT (ex H2D ex QUEBECOR );2005;Air;Composés organiques volatils non méthaniques (COVNM);473000;kg/an
0006401784;THALES ALENIA SPACE;2005;Air;Trichloréthylène;9970;kg/an
0006401794;STMicroelectronics (FAB6);2005;Air;Acide fluorhydrique (flurorure d'hydrogène);570;kg/an
0006501529;HELIO PRINT (ex H2D ex QUEBECOR );2005;Air;Protoxyde d'azote (N2O);21600;kg/an
0006401794;STMicroelectronics (FAB6);2005;Eau (indirect);Arsenic et composés (exprimés en tant que As);5.5;kg/an
0006401794;STMicroelectronics (FAB6);2005;Eau (indirect);Fluorures (en tant que F total);25300;kg/an
0006501602;BASF Health and Care Product France;2005;Air;Aldéhyde formique (formaldéhyde);0.3;kg/an
0006401794;STMicroelectronics (FAB6);2005;Eau (indirect);Phosphore total;19800;kg/an
0006401794;STMicroelectronics (FAB6);2005;Eau (direct);Acide fluorhydrique (flurorure d'hydrogène);504;kg/an
0006401794;STMicroelectronics (FAB6);2005;Eau (direct);Ammoniac (NH3);110;kg/an
0006501602;BASF Health and Care Product France;2005;Air;Méthanol (alcool méthylique);997;kg/an
0006501602;BASF Health and Care Product France;2005;Air;Oxyde d'éthylène;199;kg/an
0006401813;ELECTROLYSE PHOCEENNE SAS;2005;Eau (direct);Fluor et ses composés (F);15;kg/an
0006501602;BASF Health and Care Product France;2005;Eau (direct);Aldéhyde formique (formaldéhyde);1;kg/an
0006401988;APTUNION;2005;Sol;Carbone organique total (en tant que C total ou DCO/3);228000;kg/an
0006401988;APTUNION;2005;Sol;Demande biologique en oxygène (DBO5);157000;kg/an
0006501602;BASF Health and Care Product France;2005;Eau (direct);Méthanol (alcool méthylique);437;kg/an
0006401988;APTUNION;2005;Sol;Demande chimique en oxygène (DCO);685000;kg/an
0006501812;AGRANA FRUITS FRANCE (ex ATYS);2005;Eau (indirect);Carbone organique total (en tant que C total ou DCO/3);103000;kg/an
0006501812;AGRANA FRUITS FRANCE (ex ATYS);2005;Eau (indirect);Demande biologique en oxygène (DBO5);246000;kg/an
0006402078;KNAUF SUD - Rousset;2005;Air;Composés organiques volatils non méthaniques (COVNM);143000;kg/an
0006501812;AGRANA FRUITS FRANCE (ex ATYS);2005;Eau (indirect);Demande chimique en oxygène (DCO);308000;kg/an
0006501819;MITRYCHEM;2005;Air;Composés organiques volatils non méthaniques (COVNM);30700;kg/an
0006402211;Petroineos Manufacturing France SAS;2005;Air;Benzène;39000;kg/an
0006402211;Petroineos Manufacturing France SAS;2005;Air;Composés organiques volatils non méthaniques (COVNM);1330000;kg/an
0006501819;MITRYCHEM;2005;Air;Dichlorométhane (DCM, chlorure de méthylène);12300;kg/an
0006402211;Petroineos Manufacturing France SAS;2005;Air;Manganèse et composés (exprimés en tant que Mn);481;kg/an
0006402211;Petroineos Manufacturing France SAS;2005;Air;Nickel et composés (exprimés en tant que Ni);5680;kg/an
0006501831;BASF Polyuréthanes;2005;Air;Hydroflurocarbures (HFC);7540;kg/an
0006402211;Petroineos Manufacturing France SAS;2005;Air;Oxydes de soufre (SOx/SO2);10100000;kg/an
0006402211;Petroineos Manufacturing France SAS;2005;Air;Oxydes d'azote (NOx/NO2);2330000;kg/an
0006402211;Petroineos Manufacturing France SAS;2005;Air;Poussières totales;253000;kg/an
0006402211;Petroineos Manufacturing France SAS;2005;Air;Protoxyde d'azote (N2O);29500;kg/an
0006501842;AIR LIQUIDE FRANCE INDUSTRIE;2005;Air;Protoxyde d'azote (N2O);27800;kg/an
0006402211;Petroineos Manufacturing France SAS;2005;Air;Oxyde d'éthylène;9200;kg/an
0006402211;Petroineos Manufacturing France SAS;2005;Eau (direct);Azote total;61500;kg/an
0006501928;GENERIS;2005;Air;Dioxyde de carbone (CO2) d'origine biomasse;12700000;kg/an
0006402211;Petroineos Manufacturing France SAS;2005;Eau (direct);Carbone organique total (en tant que C total ou DCO/3);67400;kg/an
0006402211;Petroineos Manufacturing France SAS;2005;Eau (direct);Demande chimique en oxygène (DCO);202000;kg/an
0006501929;SILEC CABLE;2005;Air;Hexafluorure de soufre (SF6);2140;kg/an
0006501929;SILEC CABLE;2005;Eau (direct);Chrome et composés (exprimés en tant que Cr);911;kg/an
0006402259;SERAMM Usine des boues;2005;Eau (direct);Azote total;644000;kg/an
0006402259;SERAMM Usine des boues;2005;Eau (direct);Carbone organique total (en tant que C total ou DCO/3);1200000;kg/an
0006501929;SILEC CABLE;2005;Eau (direct);Cuivre et composés (exprimés en tant que Cu);81;kg/an
0006402259;SERAMM Usine des boues;2005;Eau (direct);Demande biologique en oxygène (DBO5);1550000;kg/an
0006402259;SERAMM Usine des boues;2005;Eau (direct);Demande chimique en oxygène (DCO);3590000;kg/an
0006501929;SILEC CABLE;2005;Eau (direct);Manganèse et composés (exprimés en tant que Mn);356;kg/an
0006402259;SERAMM Usine des boues;2005;Eau (direct);Phosphore total;26600;kg/an
0006501929;SILEC CABLE;2005;Eau (direct);Nickel et composés (exprimés en tant que Ni);70;kg/an
0006402289;ALBEMARLE;2005;Air;1,2-dichloroéthane (DCE - chlorure d'éthylène);160000;kg/an
0006501929;SILEC CABLE;2005;Eau (direct);Zinc et composés (exprimés en tant que Zn);977;kg/an
0006402289;ALBEMARLE;2005;Air;Composés organiques volatils non méthaniques (COVNM);166000;kg/an
0006501936;SAM MONTEREAU;2005;Air;Cadmium et composés (exprimés en tant que Cd);17;kg/an
0006402289;ALBEMARLE;2005;Air;Méthane (CH4);144000;kg/an
0006402289;ALBEMARLE;2005;Air;Chlore;600;kg/an
0006402289;ALBEMARLE;2005;Eau (direct);Antimoine et composés (exprimés en tant que Sb);66;kg/an
0006501936;SAM MONTEREAU;2005;Air;Chrome et composés (exprimés en tant que Cr);106;kg/an
0006501936;SAM MONTEREAU;2005;Air;Cuivre et composés (exprimés en tant que Cu);194;kg/an
0006501936;SAM MONTEREAU;2005;Air;Dioxines et furanes (PCDD + PCDF) (exprimés en iTeq);0.00172;kg/an
0006402664;ISDMA ROUMAGAYROL;2005;Air;Méthane (CH4);2690000;kg/an
0006402672;SAS ALPES ASSAINISSEMENT;2005;Air;Méthane (CH4);299000;kg/an
0006501936;SAM MONTEREAU;2005;Air;Mercure et composés (exprimés en tant que Hg);29;kg/an
0006402706;EURENCO Sorgues;2005;Air;Composés organiques volatils non méthaniques (COVNM);40700;kg/an
0006402706;EURENCO Sorgues;2005;Air;Hydrochlorofluorocarbures (HCFC);560;kg/an
0006501936;SAM MONTEREAU;2005;Air;Monoxyde de carbone (CO);1430000;kg/an
0006402706;EURENCO Sorgues;2005;Air;Hydroflurocarbures (HFC);720;kg/an
0006402706;EURENCO Sorgues;2005;Eau (direct);Arsenic et composés (exprimés en tant que As);8.2;kg/an
0006501936;SAM MONTEREAU;2005;Air;Oxydes d'azote (NOx/NO2);148000;kg/an
0006402706;EURENCO Sorgues;2005;Eau (direct);Azote total;286000;kg/an
0006402706;EURENCO Sorgues;2005;Eau (direct);Composés organohalogénés (exprimés en tant que AOX);1640;kg/an
0006501936;SAM MONTEREAU;2005;Air;Plomb et composés (exprimés en tant que Pb);272;kg/an
0006402706;EURENCO Sorgues;2005;Eau (direct);Manganèse et composés (exprimés en tant que Mn);1180;kg/an
0006402706;EURENCO Sorgues;2005;Eau (direct);Sulfates;1520000;kg/an
0006501936;SAM MONTEREAU;2005;Air;Zinc et composés (exprimés en tant que Zn);6120;kg/an
0006405521;SAS VALTEO;2005;Air;Dioxyde de carbone (CO2) d'origine biomasse;28100000;kg/an
0006501936;SAM MONTEREAU;2005;Eau (direct);Cuivre et composés (exprimés en tant que Cu);79;kg/an
0006405521;SAS VALTEO;2005;Air;Méthane (CH4);4810000;kg/an
0006501936;SAM MONTEREAU;2005;Eau (direct);Fer et composés (exprimés en tant que Fe);3370;kg/an
0006405522;SMIDDEV;2005;Air;Dioxyde de carbone (CO2) d'origine biomasse;10600000;kg/an
0006501936;SAM MONTEREAU;2005;Eau (direct);Nickel et composés (exprimés en tant que Ni);36;kg/an
0006405522;SMIDDEV;2005;Air;Méthane (CH4);1190000;kg/an
0006501936;SAM MONTEREAU;2005;Eau (direct);Zinc et composés (exprimés en tant que Zn);120;kg/an
0006500049;KERAGLASS;2005;Air;Arsenic et composés (exprimés en tant que As);251;kg/an
0006501956;SAFRAN AIRCRAFT ENGINES;2005;Air;Hydrochlorofluorocarbures (HCFC);995;kg/an
0006500049;KERAGLASS;2005;Air;Oxydes d'azote (NOx/NO2);273000;kg/an
0006500054;THOMSON VIDEOGLASS;2005;Air;Oxydes d'azote (NOx/NO2);597000;kg/an
0006501956;SAFRAN AIRCRAFT ENGINES;2005;Eau (direct);Mercure et composés (exprimés en tant que Hg);1.2;kg/an
0006500054;THOMSON VIDEOGLASS;2005;Eau (direct);Plomb et composés (exprimés en tant que Pb);214;kg/an
0006501966;SOMOVAL (UTOM de Monthyon) (SMITOM);2005;Air;Chlore et composés inorganiques (en tant que HCl);28100;kg/an
0006500188;SUN CHEMICAL C2E;2005;Air;Composés organiques volatils non méthaniques (COVNM);185000;kg/an
0006501966;SOMOVAL (UTOM de Monthyon) (SMITOM);2005;Air;Dioxyde de carbone (CO2) d'origine biomasse;59600000;kg/an
0006500510;EURO DISNEY ASSOCIES SAS;2005;Air;Hydroflurocarbures (HFC);586;kg/an
0006501966;SOMOVAL (UTOM de Monthyon) (SMITOM);2005;Air;Mercure et composés (exprimés en tant que Hg);32.5;kg/an
0006500510;EURO DISNEY ASSOCIES SAS;2005;Eau (indirect);Azote total;115000;kg/an
0006501966;SOMOVAL (UTOM de Monthyon) (SMITOM);2005;Air;Oxydes d'azote (NOx/NO2);262000;kg/an
0006500510;EURO DISNEY ASSOCIES SAS;2005;Eau (indirect);Carbone organique total (en tant que C total ou DCO/3);263000;kg/an
0006500510;EURO DISNEY ASSOCIES SAS;2005;Eau (indirect);Demande biologique en oxygène (DBO5);359000;kg/an
0006501966;SOMOVAL (UTOM de Monthyon) (SMITOM);2005;Air;Protoxyde d'azote (N2O);12500;kg/an
0006500510;EURO DISNEY ASSOCIES SAS;2005;Eau (indirect);Demande chimique en oxygène (DCO);788000;kg/an
0006500510;EURO DISNEY ASSOCIES SAS;2005;Eau (indirect);Matières en suspension (MES);528000;kg/an
0006502055;LESAFFRE Sucrerie;2005;Air;Aldéhyde formique (formaldéhyde);10.1;kg/an
0006501113;REP (Décharge de Fouju-Moisenay);2005;Air;Dioxyde de carbone (CO2) d'origine biomasse;10500000;kg/an
0006501113;REP (Décharge de Fouju-Moisenay);2005;Air;Méthane (CH4);473000;kg/an
0006502368;Brie Champagne Ethanol;2005;Air;Dioxyde de carbone (CO2) d'origine biomasse;18900000;kg/an
0006502368;Brie Champagne Ethanol;2005;Sol;Carbone organique total (en tant que C total ou DCO/3);165000;kg/an
0006501121;REP;2005;Air;Dioxyde de carbone (CO2) d'origine biomasse;208000000;kg/an
0006502368;Brie Champagne Ethanol;2005;Sol;Demande chimique en oxygène (DCO);809000;kg/an
0006501121;REP;2005;Air;Méthane (CH4);4510000;kg/an
0006501132;Storengy;2005;Air;Composés organiques volatils non méthaniques (COVNM);46100;kg/an
0006502548;Saint Gobain Quartz;2005;Eau (direct);Fluor et ses composés (F);91;kg/an
0006501132;Storengy;2005;Air;Méthane (CH4);322000;kg/an
0006501132;Storengy;2005;Air;Méthanol (alcool méthylique);600;kg/an
0006502609;WILLIAM SAURIN;2005;Air;Hydrochlorofluorocarbures (HCFC);810;kg/an
0006501167;Borealis Grandpuits;2005;Air;Ammoniac (NH3);416000;kg/an
0006501167;Borealis Grandpuits;2005;Air;Oxydes d'azote (NOx/NO2);710000;kg/an
0006501167;Borealis Grandpuits;2005;Air;Poussières totales;234000;kg/an
0006502609;WILLIAM SAURIN;2005;Eau (indirect);Carbone organique total (en tant que C total ou DCO/3);259000;kg/an
0006501167;Borealis Grandpuits;2005;Air;Protoxyde d'azote (N2O);1500000;kg/an
0006501167;Borealis Grandpuits;2005;Air;Méthanol (alcool méthylique);24500;kg/an
0006502609;WILLIAM SAURIN;2005;Eau (indirect);Demande biologique en oxygène (DBO5);434000;kg/an
0006501167;Borealis Grandpuits;2005;Eau (direct);Azote total;399000;kg/an
0006501167;Borealis Grandpuits;2005;Eau (direct);Méthanol (alcool méthylique);1980;kg/an
0006502609;WILLIAM SAURIN;2005;Eau (indirect);Demande chimique en oxygène (DCO);776000;kg/an
0006502609;WILLIAM SAURIN;2005;Eau (indirect);Phosphore total;7280;kg/an
0006501169;TOTAL Raffinage France;2005;Air;Arsenic et composés (exprimés en tant que As);64;kg/an
0006502612;SIETREM (exploitation Novergie IdF);2005;Air;Cadmium et composés (exprimés en tant que Cd);669;kg/an
0006501169;TOTAL Raffinage France;2005;Air;Benzène;5400;kg/an
0006501169;TOTAL Raffinage France;2005;Air;Cadmium et composés (exprimés en tant que Cd);176;kg/an
0006501169;TOTAL Raffinage France;2005;Air;Chrome et composés (exprimés en tant que Cr);3870;kg/an
0006502612;SIETREM (exploitation Novergie IdF);2005;Air;Dioxyde de carbone (CO2) d'origine biomasse;69200000;kg/an
0006501169;TOTAL Raffinage France;2005;Air;Composés organiques volatils non méthaniques (COVNM);540000;kg/an
0006501169;TOTAL Raffinage France;2005;Air;Cuivre et composés (exprimés en tant que Cu);262;kg/an
0006502612;SIETREM (exploitation Novergie IdF);2005;Air;Mercure et composés (exprimés en tant que Hg);11;kg/an
0006501169;TOTAL Raffinage France;2005;Air;Manganèse et composés (exprimés en tant que Mn);39600;kg/an
0006501169;TOTAL Raffinage France;2005;Air;Nickel et composés (exprimés en tant que Ni);3410;kg/an
0006502612;SIETREM (exploitation Novergie IdF);2005;Air;Oxydes d'azote (NOx/NO2);105000;kg/an
0006501169;TOTAL Raffinage France;2005;Air;Oxydes de soufre (SOx/SO2);3780000;kg/an
0006501169;TOTAL Raffinage France;2005;Air;Oxydes d'azote (NOx/NO2);1080000;kg/an
0006502612;SIETREM (exploitation Novergie IdF);2005;Air;Protoxyde d'azote (N2O);14400;kg/an
0006501169;TOTAL Raffinage France;2005;Air;Plomb et composés (exprimés en tant que Pb);2090;kg/an
0006501169;TOTAL Raffinage France;2005;Air;Poussières totales;699000;kg/an
0006502612;SIETREM (exploitation Novergie IdF);2005;Air;Antimoine et composés (exprimés en tant que Sb);3;kg/an
0006501169;TOTAL Raffinage France;2005;Air;Protoxyde d'azote (N2O);20800;kg/an
0006501169;TOTAL Raffinage France;2005;Air;Zinc et composés (exprimés en tant que Zn);1920;kg/an
0006501169;TOTAL Raffinage France;2005;Air;1,3-butadiène;32.4;kg/an
0006502612;SIETREM (exploitation Novergie IdF);2005;Air;Cobalt et composés (exprimés en tant que Co);1.8;kg/an
0006501169;TOTAL Raffinage France;2005;Eau (direct);Fluorures (en tant que F total);5910;kg/an
0006501169;TOTAL Raffinage France;2005;Eau (direct);Acide fluorhydrique (flurorure d'hydrogène);5910;kg/an
0006501169;TOTAL Raffinage France;2005;Eau (direct);Chlore;1190000;kg/an
0006502830;CFGV Cie Française des Grands Vins;2005;Eau (indirect);Demande biologique en oxygène (DBO5);77400;kg/an
0006502851;RECTICEL- PROSEAT;2005;Air;Hydroflurocarbures (HFC);3140;kg/an
0006502878;EDF CPE site de Vaires;2005;Air;Chlore et composés inorganiques (en tant que HCl);10100;kg/an
0006503198;SUEZ RV ENERGIE;2005;Air;Dioxyde de carbone (CO2) d'origine biomasse;45100000;kg/an
0006503198;SUEZ RV ENERGIE;2005;Air;Oxydes d'azote (NOx/NO2);149000;kg/an
0006502878;EDF CPE site de Vaires;2005;Air;Oxydes de soufre (SOx/SO2);898000;kg/an
0006503198;SUEZ RV ENERGIE;2005;Air;Acide fluorhydrique (flurorure d'hydrogène);159;kg/an
0006503198;SUEZ RV ENERGIE;2005;Air;Antimoine et composés (exprimés en tant que Sb);18.2;kg/an
0006502878;EDF CPE site de Vaires;2005;Air;Oxydes d'azote (NOx/NO2);581000;kg/an
0006503198;SUEZ RV ENERGIE;2005;Air;Cobalt et composés (exprimés en tant que Co);4.03;kg/an
0006502878;EDF CPE site de Vaires;2005;Air;Chlore;10100;kg/an
0006502878;EDF CPE site de Vaires;2005;Air;Fluor et ses composés (F);2560;kg/an
0006502878;EDF CPE site de Vaires;2005;Eau (direct);Cuivre et composés (exprimés en tant que Cu);442;kg/an
0006503207;BODYCOTE;2005;Air;Trichloréthylène;5120;kg/an
0006502878;EDF CPE site de Vaires;2005;Eau (direct);Zinc et composés (exprimés en tant que Zn);189;kg/an
0006503224;INITIAL;2005;Eau (indirect);Demande biologique en oxygène (DBO5);73700;kg/an
0006503255;CRMA;2005;Air;Trichloréthylène;12600;kg/an
0006502947;SNEEC;2005;Eau (direct);Mercure et composés (exprimés en tant que Hg);2.4;kg/an
0006503255;CRMA;2005;Eau (direct);Fluor et ses composés (F);2.14;kg/an
0006503268;RENAULT FLINS;2005;Air;Composés organiques volatils non méthaniques (COVNM);1200000;kg/an
0006503268;RENAULT FLINS;2005;Air;Hydroflurocarbures (HFC);5190;kg/an
0006503095;SUEZ RV IDF;2005;Air;Méthane (CH4);353000;kg/an
0006503268;RENAULT FLINS;2005;Eau (direct);Fluorures (en tant que F total);2550;kg/an
0006503268;RENAULT FLINS;2005;Eau (direct);Phosphore total;5350;kg/an
0006503268;RENAULT FLINS;2005;Eau (direct);Phénols (en tant que C total);43;kg/an
0006503268;RENAULT FLINS;2005;Eau (direct);Zinc et composés (exprimés en tant que Zn);239;kg/an
0006503133;GEO;2005;Eau (indirect);Demande biologique en oxygène (DBO5);63700;kg/an
0006503272;SUMCO FRANCE SAS;2005;Eau (direct);Ammoniac (NH3);166;kg/an
0006503162;STORENGY SA site de Beynes;2005;Air;Composés organiques volatils non méthaniques (COVNM);45400;kg/an
0006503162;STORENGY SA site de Beynes;2005;Air;Méthane (CH4);368000;kg/an
0006503273;VALENE;2005;Air;Arsenic et composés (exprimés en tant que As);21.8;kg/an
0006503162;STORENGY SA site de Beynes;2005;Air;Oxydes d'azote (NOx/NO2);207000;kg/an
0006503273;VALENE;2005;Air;Dioxyde de carbone (CO2) d'origine biomasse;34100000;kg/an
0006503273;VALENE;2005;Air;Acide fluorhydrique (flurorure d'hydrogène);72;kg/an
0006503162;STORENGY SA site de Beynes;2005;Air;Méthanol (alcool méthylique);1700;kg/an
0006503273;VALENE;2005;Air;Antimoine et composés (exprimés en tant que Sb);2.18;kg/an
0006503273;VALENE;2005;Air;Cobalt et composés (exprimés en tant que Co);2.14;kg/an
0006503170;ITON SEINE;2005;Air;Arsenic et composés (exprimés en tant que As);29;kg/an
0006503273;VALENE;2005;Air;Etain et composés (exprimés en tant que Sn);2.26;kg/an
0006503170;ITON SEINE;2005;Air;Cadmium et composés (exprimés en tant que Cd);41;kg/an
0006503170;ITON SEINE;2005;Air;Mercure et composés (exprimés en tant que Hg);31;kg/an
0006503288;TOTAL RAFFINAGE FRANCE;2005;Eau (direct);Phénols (en tant que C total);139;kg/an
0006503289;CALCIA gargenville (cimenterie);2005;Air;Dioxyde de carbone (CO2) d'origine biomasse;10600000;kg/an
0006503170;ITON SEINE;2005;Air;Oxydes d'azote (NOx/NO2);110000;kg/an
0006503289;CALCIA gargenville (cimenterie);2005;Air;Mercure et composés (exprimés en tant que Hg);11.1;kg/an
0006503289;CALCIA gargenville (cimenterie);2005;Air;Oxydes d'azote (NOx/NO2);632000;kg/an
0006503170;ITON SEINE;2005;Air;Plomb et composés (exprimés en tant que Pb);251;kg/an
0006503296;EMTA Guitrancourt;2005;Air;Méthane (CH4);353000;kg/an
0006503170;ITON SEINE;2005;Air;Zinc et composés (exprimés en tant que Zn);5310;kg/an
0006503322;SARP Industries;2005;Air;Cadmium et composés (exprimés en tant que Cd);21;kg/an
0006503322;SARP Industries;2005;Air;Mercure et composés (exprimés en tant que Hg);31;kg/an
0006503177;GE MEDICAL SYSTEMS (ex CGR MEV);2005;Air;Acide fluorhydrique (flurorure d'hydrogène);2.53;kg/an
0006503322;SARP Industries;2005;Eau (direct);Chlorures (en tant que Cl total);3420000;kg/an
0006503325;SEQENS (ex PCAS );2005;Air;Chloroforme (trichlorométhane);5210;kg/an
0006503183;HELYSEO;2005;Air;Dioxyde de carbone (CO2) d'origine biomasse;59300000;kg/an
0006503325;SEQENS (ex PCAS );2005;Air;Composés organiques volatils non méthaniques (COVNM);90300;kg/an
0006503325;SEQENS (ex PCAS );2005;Air;Dichlorométhane (DCM, chlorure de méthylène);5130;kg/an
0006503325;SEQENS (ex PCAS );2005;Air;Epichlorhydrine (1-chloro-2,3-époxypropane);5.3;kg/an
0006503183;HELYSEO;2005;Air;Protoxyde d'azote (N2O);11400;kg/an
0006503325;SEQENS (ex PCAS );2005;Air;Méthanol (alcool méthylique);7670;kg/an
0006503972;X FAB FRANCE (ex ALTIS SEMICONDUCTOR);2005;Air;Acide fluorhydrique (flurorure d'hydrogène);150;kg/an
0006503344;DOMA;2005;Eau (direct);Carbone organique total (en tant que C total ou DCO/3);50400;kg/an
0006503344;DOMA;2005;Eau (direct);Demande chimique en oxygène (DCO);151000;kg/an
0006503344;DOMA;2005;Eau (direct);Zinc et composés (exprimés en tant que Zn);103;kg/an
0006503344;DOMA;2005;Eau (direct);Fluor et ses composés (F);400;kg/an
0006503972;X FAB FRANCE (ex ALTIS SEMICONDUCTOR);2005;Air;Chlore;7;kg/an
0006503345;LINXENS FRANCE;2005;Air;Dichlorométhane (DCM, chlorure de méthylène);47200;kg/an
0006503345;LINXENS FRANCE;2005;Air;Méthanol (alcool méthylique);9660;kg/an
0006503972;X FAB FRANCE (ex ALTIS SEMICONDUCTOR);2005;Air;Fluor et ses composés (F);150;kg/an
0006503349;SOMEC;2005;Air;Oxydes d'azote (NOx/NO2);136000;kg/an
0006503972;X FAB FRANCE (ex ALTIS SEMICONDUCTOR);2005;Eau (direct);Fluorures (en tant que F total);5620;kg/an
0006503355;SELMER;2005;Air;Etain et composés (exprimés en tant que Sn);0.000001;kg/an
0006503972;X FAB FRANCE (ex ALTIS SEMICONDUCTOR);2005;Eau (direct);Fluor et ses composés (F);5620;kg/an
0006503411;AIRBUS SAFRAN LAUNCHERS (DEFENCE&SPACE);2005;Air;Hydrochlorofluorocarbures (HCFC);1360;kg/an
0006504202;SAFRAN AIRCRAFT ENGINES ( ex SNECMA);2005;Air;Nickel et composés (exprimés en tant que Ni);53;kg/an
0006503411;AIRBUS SAFRAN LAUNCHERS (DEFENCE&SPACE);2005;Eau (direct);Tétrachloroéthylène (PER, tétrachloroéthylène);61.3;kg/an
0006504212;DALKIA Grand Paris Sud Energie Positive;2005;Air;Oxydes d'azote (NOx/NO2);104000;kg/an
0006503434;SGI Société de Galvanoplastie Industrielle;2005;Eau (direct);Nickel et composés (exprimés en tant que Ni);26.7;kg/an
0006503449;PEUGEOT CITROEN POISSY SNC;2005;Air;Composés organiques volatils non méthaniques (COVNM);1000000;kg/an
0006504300;AMI FONDERIE;2005;Air;Dichlorométhane (DCM, chlorure de méthylène);2250;kg/an
0006503461;SEQENS Porcheville (ex PCAS);2005;Air;Chlorométhane (chlorure de méthyle);157;kg/an
0006503461;SEQENS Porcheville (ex PCAS);2005;Eau (direct);Chlorométhane (chlorure de méthyle);4.42;kg/an
0006504341;RENAULT;2005;Eau (direct);Zinc et composés (exprimés en tant que Zn);174;kg/an
0006503464;EDF CPE PORCHEVILLE;2005;Air;Cadmium et composés (exprimés en tant que Cd);81;kg/an
0006503464;EDF CPE PORCHEVILLE;2005;Air;Nickel et composés (exprimés en tant que Ni);1460;kg/an
0006503464;EDF CPE PORCHEVILLE;2005;Air;Oxydes de soufre (SOx/SO2);5330000;kg/an
0006503464;EDF CPE PORCHEVILLE;2005;Air;Oxydes d'azote (NOx/NO2);3250000;kg/an
0006503464;EDF CPE PORCHEVILLE;2005;Air;Particules (PM10);133000;kg/an
0006504556;ENORIS;2005;Air;Dioxines et furanes (PCDD + PCDF) (exprimés en iTeq);0.00144;kg/an
0006503464;EDF CPE PORCHEVILLE;2005;Air;Plomb et composés (exprimés en tant que Pb);241;kg/an
0006503464;EDF CPE PORCHEVILLE;2005;Air;Protoxyde d'azote (N2O);13600;kg/an
0006503464;EDF CPE PORCHEVILLE;2005;Air;Zinc et composés (exprimés en tant que Zn);507;kg/an
0006504556;ENORIS;2005;Air;Oxydes d'azote (NOx/NO2);198000;kg/an
0006503464;EDF CPE PORCHEVILLE;2005;Eau (direct);Cuivre et composés (exprimés en tant que Cu);578;kg/an
0006503464;EDF CPE PORCHEVILLE;2005;Eau (direct);Fer et composés (exprimés en tant que Fe);3710;kg/an
0006504644;SLEEVER INTERNATIONAL;2005;Air;Composés organiques volatils non méthaniques (COVNM);237000;kg/an
0006503464;EDF CPE PORCHEVILLE;2005;Eau (direct);Zinc et composés (exprimés en tant que Zn);370;kg/an
0006504964;LABORD GLUECOM FRANCE;2005;Sol;1,2-dichloroéthane (DCE - chlorure d'éthylène);45;kg/an
0006503465;ALPA ACIERIES LAMINOIRS PARIS;2005;Air;Cadmium et composés (exprimés en tant que Cd);20;kg/an
0006503465;ALPA ACIERIES LAMINOIRS PARIS;2005;Air;Mercure et composés (exprimés en tant que Hg);28;kg/an
0006503465;ALPA ACIERIES LAMINOIRS PARIS;2005;Air;Oxydes d'azote (NOx/NO2);142000;kg/an
0006503465;ALPA ACIERIES LAMINOIRS PARIS;2005;Air;Zinc et composés (exprimés en tant que Zn);370;kg/an
0006504964;LABORD GLUECOM FRANCE;2005;Sol;Trichloréthylène;177;kg/an
0006503481;GPSO - VEOLIA EAU - Cie Générale des Eau;2005;Eau (indirect);Cadmium et composés (exprimés en tant que Cd);8.3;kg/an
0006503481;GPSO - VEOLIA EAU - Cie Générale des Eau;2005;Eau (indirect);Cuivre et composés (exprimés en tant que Cu);61.9;kg/an
0006505082;SERIVEL;2005;Air;Oxydes d'azote (NOx/NO2);261000;kg/an
0006503481;GPSO - VEOLIA EAU - Cie Générale des Eau;2005;Eau (indirect);Nickel et composés (exprimés en tant que Ni);31.2;kg/an
0006503481;GPSO - VEOLIA EAU - Cie Générale des Eau;2005;Eau (indirect);Plomb et composés (exprimés en tant que Pb);88;kg/an
0006505086;VERMILLON REP;2005;Air;Composés organiques volatils non méthaniques (COVNM);63400;kg/an
0006503481;GPSO - VEOLIA EAU - Cie Générale des Eau;2005;Eau (indirect);Zinc et composés (exprimés en tant que Zn);102;kg/an
0006505094;PMC ISOCHEM;2005;Air;Composés organiques volatils non méthaniques (COVNM);42000;kg/an
0006503496;STORENGY SA;2005;Air;Méthane (CH4);110000;kg/an
0006505094;PMC ISOCHEM;2005;Air;Dichlorométhane (DCM, chlorure de méthylène);12700;kg/an
0006503496;STORENGY SA;2005;Air;Méthanol (alcool méthylique);500;kg/an
0006503523;CNIM THIVERVAL GRIGNON;2005;Air;Cadmium et composés (exprimés en tant que Cd);10.8;kg/an
0006505094;PMC ISOCHEM;2005;Air;1,4-dioxane;35;kg/an
0006503523;CNIM THIVERVAL GRIGNON;2005;Air;Dioxyde de carbone (CO2) d'origine biomasse;110000000;kg/an
0006503523;CNIM THIVERVAL GRIGNON;2005;Air;Mercure et composés (exprimés en tant que Hg);300;kg/an
0006505094;PMC ISOCHEM;2005;Air;Méthanol (alcool méthylique);4420;kg/an
0006503523;CNIM THIVERVAL GRIGNON;2005;Air;Oxydes d'azote (NOx/NO2);352000;kg/an
0006503523;CNIM THIVERVAL GRIGNON;2005;Air;Protoxyde d'azote (N2O);19100;kg/an
0006505185;SIOM;2005;Air;Dioxyde de carbone (CO2) d'origine biomasse;36600000;kg/an
0006503523;CNIM THIVERVAL GRIGNON;2005;Air;Acide fluorhydrique (flurorure d'hydrogène);351;kg/an
0006503523;CNIM THIVERVAL GRIGNON;2005;Air;Antimoine et composés (exprimés en tant que Sb);16.7;kg/an
0006503523;CNIM THIVERVAL GRIGNON;2005;Air;Cobalt et composés (exprimés en tant que Co);7.22;kg/an
0006505185;SIOM;2005;Air;Oxydes d'azote (NOx/NO2);138000;kg/an
0006503529;Tyco FIS France SAS;2005;Air;Composés organiques volatils non méthaniques (COVNM);49600;kg/an
0006505185;SIOM;2005;Air;Acide fluorhydrique (flurorure d'hydrogène);60;kg/an
0006505345;NOVERGIE Ile-de-France CVE d'argenteuil;2005;Air;Dioxines et furanes (PCDD + PCDF) (exprimés en iTeq);0.00222;kg/an
0006505345;NOVERGIE Ile-de-France CVE d'argenteuil;2005;Air;Dioxyde de carbone (CO2) d'origine biomasse;76600000;kg/an
0006505345;NOVERGIE Ile-de-France CVE d'argenteuil;2005;Air;Mercure et composés (exprimés en tant que Hg);15.4;kg/an
0006503565;THALES AVS FRANCE;2005;Air;Hexafluorure de soufre (SF6);72;kg/an
0006505345;NOVERGIE Ile-de-France CVE d'argenteuil;2005;Air;Oxydes d'azote (NOx/NO2);267000;kg/an
0006505345;NOVERGIE Ile-de-France CVE d'argenteuil;2005;Air;Protoxyde d'azote (N2O);16100;kg/an
0006505345;NOVERGIE Ile-de-France CVE d'argenteuil;2005;Eau (indirect);Mercure et composés (exprimés en tant que Hg);4.75;kg/an
0006503800;MAJ;2005;Eau (indirect);Carbone organique total (en tant que C total ou DCO/3);157000;kg/an
0006505345;NOVERGIE Ile-de-France CVE d'argenteuil;2005;Eau (indirect);Phénols (en tant que C total);31.6;kg/an
0006503800;MAJ;2005;Eau (indirect);Demande biologique en oxygène (DBO5);110000;kg/an
0006503800;MAJ;2005;Eau (indirect);Demande chimique en oxygène (DCO);250000;kg/an
0006505451;3M France;2005;Air;Composés organiques volatils non méthaniques (COVNM);134000;kg/an
0006503800;MAJ;2005;Eau (indirect);Phosphore total;16400;kg/an
0006503970;HELIO CORBEIL;2005;Air;Composés organiques volatils non méthaniques (COVNM);1060000;kg/an
0006505451;3M France;2005;Air;Aldéhyde formique (formaldéhyde);3240;kg/an
0006503972;X FAB FRANCE (ex ALTIS SEMICONDUCTOR);2005;Air;Hexafluorure de soufre (SF6);90;kg/an
0006505451;3M France;2005;Air;Phénols (en tant que C total);3240;kg/an
0006503972;X FAB FRANCE (ex ALTIS SEMICONDUCTOR);2005;Air;Hydrochlorofluorocarbures (HCFC);620;kg/an
0006503972;X FAB FRANCE (ex ALTIS SEMICONDUCTOR);2005;Air;Hydroflurocarbures (HFC);2200;kg/an
0006505483;M.A.J. Elis;2005;Eau (indirect);Phosphore total;7190;kg/an
0006503972;X FAB FRANCE (ex ALTIS SEMICONDUCTOR);2005;Air;Perfluorocarbures (PFC);10200;kg/an
0006503972;X FAB FRANCE (ex ALTIS SEMICONDUCTOR);2005;Air;Protoxyde d'azote (N2O);34100;kg/an
0006505507;JOINT FRANCAIS (Le);2005;Eau (direct);Arsenic et composés (exprimés en tant que As);24.1;kg/an
0006505507;JOINT FRANCAIS (Le);2005;Eau (direct);Nickel et composés (exprimés en tant que Ni);30.2;kg/an
0006505507;JOINT FRANCAIS (Le);2005;Eau (direct);Plomb et composés (exprimés en tant que Pb);24.1;kg/an
0006505836;FLEX N GATE;2005;Air;Composés organiques volatils non méthaniques (COVNM);584000;kg/an
0006505910;GRIFFINE ENDUCTION;2005;Air;Composés organiques volatils non méthaniques (COVNM);485000;kg/an
0006505916;CENEXI Etablissement OSNY;2005;Air;Méthanol (alcool méthylique);85;kg/an
0006506294;PMC ISOCHEM;2005;Air;Chloroforme (trichlorométhane);4600;kg/an
0006505916;CENEXI Etablissement OSNY;2005;Eau (direct);Méthanol (alcool méthylique);20;kg/an
0006506294;PMC ISOCHEM;2005;Air;Composés organiques volatils non méthaniques (COVNM);43900;kg/an
0006506294;PMC ISOCHEM;2005;Air;Dichlorométhane (DCM, chlorure de méthylène);7600;kg/an
0006506294;PMC ISOCHEM;2005;Eau (direct);Méthanol (alcool méthylique);1500;kg/an
0006505935;CEFIVAL;2005;Air;Acide fluorhydrique (flurorure d'hydrogène);163;kg/an
0006506327;VLG CHEM;2005;Air;Composés organiques volatils non méthaniques (COVNM);39100;kg/an
0006506327;VLG CHEM;2005;Air;Dichlorométhane (DCM, chlorure de méthylène);5220;kg/an
0006505935;CEFIVAL;2005;Eau (direct);Fluor et ses composés (F);2;kg/an
0006506327;VLG CHEM;2005;Air;Méthanol (alcool méthylique);33000;kg/an
0006506327;VLG CHEM;2005;Eau (indirect);Dichlorométhane (DCM, chlorure de méthylène);558;kg/an
0006506327;VLG CHEM;2005;Eau (direct);Méthanol (alcool méthylique);25200;kg/an
0006505963;BOUQUEVAL ENERGIE;2005;Air;Dioxyde de carbone (CO2) d'origine biomasse;134000000;kg/an
0006506328;GALVANOPLAST / SOCORFI;2005;Eau (indirect);Nickel et composés (exprimés en tant que Ni);308;kg/an
0006506328;GALVANOPLAST / SOCORFI;2005;Eau (indirect);Zinc et composés (exprimés en tant que Zn);162;kg/an
0006505997;AEROPORTS DE PARIS - CTFE;2005;Air;Oxydes d'azote (NOx/NO2);175000;kg/an
0006506329;Univar Solutions SAS;2005;Air;Dichlorométhane (DCM, chlorure de méthylène);3100;kg/an
0006506043;CGECP;2005;Air;Dioxyde de carbone (CO2) d'origine biomasse;69200000;kg/an
0006506329;Univar Solutions SAS;2005;Air;Méthanol (alcool méthylique);1000;kg/an
0006506329;Univar Solutions SAS;2005;Sol;Benzène, toluène, éthylbenzène, xylènes (BTEX);800;kg/an
0006506329;Univar Solutions SAS;2005;Sol;Composés organohalogénés (exprimés en tant que AOX);5000;kg/an
0006506043;CGECP;2005;Air;Oxydes d'azote (NOx/NO2);267000;kg/an
0006506329;Univar Solutions SAS;2005;Sol;Dichlorométhane (DCM, chlorure de méthylène);3500;kg/an
0006506329;Univar Solutions SAS;2005;Sol;Trichloréthylène;1000;kg/an
0006506043;CGECP;2005;Air;Protoxyde d'azote (N2O);14500;kg/an
0006506329;Univar Solutions SAS;2005;Sol;Tétrachloroéthylène (PER, tétrachloroéthylène);500;kg/an
0006506043;CGECP;2005;Eau (indirect);Mercure et composés (exprimés en tant que Hg);2.33;kg/an
0006506347;SOPROREAL;2005;Eau (indirect);Carbone organique total (en tant que C total ou DCO/3);185000;kg/an
0006506112;Chaufferie urbaine Bellevue;2005;Air;Oxydes de soufre (SOx/SO2);268000;kg/an
0006506347;SOPROREAL;2005;Eau (indirect);Cuivre et composés (exprimés en tant que Cu);51.1;kg/an
0006506347;SOPROREAL;2005;Eau (indirect);Demande biologique en oxygène (DBO5);222000;kg/an
0006506347;SOPROREAL;2005;Eau (indirect);Demande chimique en oxygène (DCO);555000;kg/an
0006506349;Peugeot Citroën Automobiles S.A. Aulnay;2005;Air;Composés organiques volatils non méthaniques (COVNM);1480000;kg/an
0006506112;Chaufferie urbaine Bellevue;2005;Air;Oxydes d'azote (NOx/NO2);126000;kg/an
0006506349;Peugeot Citroën Automobiles S.A. Aulnay;2005;Eau (indirect);Carbone organique total (en tant que C total ou DCO/3);73300;kg/an
0006506349;Peugeot Citroën Automobiles S.A. Aulnay;2005;Eau (indirect);Chrome et composés (exprimés en tant que Cr);310;kg/an
0006506349;Peugeot Citroën Automobiles S.A. Aulnay;2005;Eau (indirect);Demande biologique en oxygène (DBO5);47600;kg/an
0006506349;Peugeot Citroën Automobiles S.A. Aulnay;2005;Eau (indirect);Demande chimique en oxygène (DCO);220000;kg/an
0006506349;Peugeot Citroën Automobiles S.A. Aulnay;2005;Eau (indirect);Nickel et composés (exprimés en tant que Ni);196;kg/an
0006506349;Peugeot Citroën Automobiles S.A. Aulnay;2005;Eau (indirect);Zinc et composés (exprimés en tant que Zn);308;kg/an
0006506135;SOFINADE (ex LE DANTEC);2005;Air;Trichloréthylène;2080;kg/an
0006506356;SDCB SAS;2005;Air;Oxydes de soufre (SOx/SO2);203000;kg/an
0006506356;SDCB SAS;2005;Air;Oxydes d'azote (NOx/NO2);147000;kg/an
0006506379;ORANGINA SUNTORY FRANCE;2005;Eau (indirect);Carbone organique total (en tant que C total ou DCO/3);117000;kg/an
0006506146;SAREN (SIGIDURS);2005;Air;Chlore et composés inorganiques (en tant que HCl);17200;kg/an
0006506379;ORANGINA SUNTORY FRANCE;2005;Eau (indirect);Demande biologique en oxygène (DBO5);172000;kg/an
0006506379;ORANGINA SUNTORY FRANCE;2005;Eau (indirect);Demande chimique en oxygène (DCO);352000;kg/an
0006506146;SAREN (SIGIDURS);2005;Air;Mercure et composés (exprimés en tant que Hg);26;kg/an
0006506146;SAREN (SIGIDURS);2005;Air;Oxydes d'azote (NOx/NO2);219000;kg/an
0006506383;AIRBUS HELICOPTERS;2005;Air;Hydrochlorofluorocarbures (HCFC);946;kg/an
0006506383;AIRBUS HELICOPTERS;2005;Air;Trichloréthylène;5240;kg/an
0006506146;SAREN (SIGIDURS);2005;Air;Acide fluorhydrique (flurorure d'hydrogène);133;kg/an
0006506383;AIRBUS HELICOPTERS;2005;Eau (direct);Acide fluorhydrique (flurorure d'hydrogène);16.6;kg/an
0006506164;NCS PYROTECHNIE;2005;Air;Trichloréthylène;6900;kg/an
0006506383;AIRBUS HELICOPTERS;2005;Eau (direct);Fluor et ses composés (F);16.6;kg/an
0006506429;ELIS Blanchisseries de Pantin;2005;Eau (indirect);Carbone organique total (en tant que C total ou DCO/3);252000;kg/an
0006506164;NCS PYROTECHNIE;2005;Eau (direct);Chrome et composés (exprimés en tant que Cr);70.3;kg/an
0006506429;ELIS Blanchisseries de Pantin;2005;Eau (indirect);Demande biologique en oxygène (DBO5);189000;kg/an
0006506429;ELIS Blanchisseries de Pantin;2005;Eau (indirect);Demande chimique en oxygène (DCO);378000;kg/an
0006506429;ELIS Blanchisseries de Pantin;2005;Eau (indirect);Phosphore total;7390;kg/an
0006506164;NCS PYROTECHNIE;2005;Eau (direct);Chrome hexavalent et composés (exprimés en tant que Cr VI);59.4;kg/an
0006506446;Plaine Commune Energie;2005;Air;Oxydes d'azote (NOx/NO2);236000;kg/an
0006506184;CHIMEX;2005;Air;Méthanol (alcool méthylique);5;kg/an
0006506453;Dalkia Wastenergy;2005;Air;Cadmium et composés (exprimés en tant que Cd);27;kg/an
0006506453;Dalkia Wastenergy;2005;Air;Dioxines et furanes (PCDD + PCDF) (exprimés en iTeq);0.0028;kg/an
0006506453;Dalkia Wastenergy;2005;Air;Dioxyde de carbone (CO2) d'origine biomasse;297000000;kg/an
0006506184;CHIMEX;2005;Eau (direct);Méthanol (alcool méthylique);1;kg/an
0006506453;Dalkia Wastenergy;2005;Air;Mercure et composés (exprimés en tant que Hg);21;kg/an
0006506453;Dalkia Wastenergy;2005;Air;Nickel et composés (exprimés en tant que Ni);54;kg/an
0006506233;CPCU - CENTRALE DE BERCY;2005;Air;Oxydes de soufre (SOx/SO2);168000;kg/an
0006506453;Dalkia Wastenergy;2005;Air;Oxydes d'azote (NOx/NO2);608000;kg/an
0006506453;Dalkia Wastenergy;2005;Air;Plomb et composés (exprimés en tant que Pb);257;kg/an
0006506453;Dalkia Wastenergy;2005;Air;Protoxyde d'azote (N2O);61700;kg/an
0006506233;CPCU - CENTRALE DE BERCY;2005;Air;Oxydes d'azote (NOx/NO2);112000;kg/an
0006506453;Dalkia Wastenergy;2005;Eau (indirect);Mercure et composés (exprimés en tant que Hg);2;kg/an
0006506453;Dalkia Wastenergy;2005;Eau (indirect);Plomb et composés (exprimés en tant que Pb);28;kg/an
0006506236;Chaufferie de VAUGIRARD;2005;Air;Oxydes de soufre (SOx/SO2);268000;kg/an
0006506236;Chaufferie de VAUGIRARD;2005;Air;Oxydes d'azote (NOx/NO2);166000;kg/an
0006506454;CPCU ST OUEN I & II;2005;Air;Chlore et composés inorganiques (en tant que HCl);22700;kg/an
0006506259;TIRU;2005;Air;Cadmium et composés (exprimés en tant que Cd);70.5;kg/an
0006506454;CPCU ST OUEN I & II;2005;Air;Oxydes de soufre (SOx/SO2);700000;kg/an
0006506454;CPCU ST OUEN I & II;2005;Air;Oxydes d'azote (NOx/NO2);744000;kg/an
0006506454;CPCU ST OUEN I & II;2005;Air;Protoxyde d'azote (N2O);177000;kg/an
0006506259;TIRU;2005;Air;Chlore et composés inorganiques (en tant que HCl);34700;kg/an
0006506481;CREALIS SAS;2005;Air;Hydrochlorofluorocarbures (HCFC);6890;kg/an
0006506259;TIRU;2005;Air;Chrome et composés (exprimés en tant que Cr);104;kg/an
0006506481;CREALIS SAS;2005;Air;Hydroflurocarbures (HFC);7920;kg/an
0006506498;VALO'MARNE (EX CIE);2005;Air;Cadmium et composés (exprimés en tant que Cd);25.3;kg/an
0006506259;TIRU;2005;Air;Cuivre et composés (exprimés en tant que Cu);116;kg/an
0006506498;VALO'MARNE (EX CIE);2005;Air;Dioxyde de carbone (CO2) d'origine biomasse;113000000;kg/an
0006506498;VALO'MARNE (EX CIE);2005;Air;Mercure et composés (exprimés en tant que Hg);74.8;kg/an
0006506259;TIRU;2005;Air;Dioxines et furanes (PCDD + PCDF) (exprimés en iTeq);0.00501;kg/an
0006506498;VALO'MARNE (EX CIE);2005;Air;Protoxyde d'azote (N2O);21300;kg/an
0006506498;VALO'MARNE (EX CIE);2005;Air;Zinc et composés (exprimés en tant que Zn);594;kg/an
0006506514;IVRY PARIS 13;2005;Air;Cadmium et composés (exprimés en tant que Cd);62;kg/an
0006506259;TIRU;2005;Air;Dioxyde de carbone (CO2) d'origine biomasse;274000000;kg/an
0006506514;IVRY PARIS 13;2005;Air;Chlore et composés inorganiques (en tant que HCl);18800;kg/an
0006506514;IVRY PARIS 13;2005;Air;Cuivre et composés (exprimés en tant que Cu);153;kg/an
0006506514;IVRY PARIS 13;2005;Air;Dioxines et furanes (PCDD + PCDF) (exprimés en iTeq);0.0045;kg/an
0006506259;TIRU;2005;Air;Mercure et composés (exprimés en tant que Hg);48.3;kg/an
0006506514;IVRY PARIS 13;2005;Air;Dioxyde de carbone (CO2) d'origine biomasse;337000000;kg/an
0006506514;IVRY PARIS 13;2005;Air;Mercure et composés (exprimés en tant que Hg);78;kg/an
0006506259;TIRU;2005;Air;Nickel et composés (exprimés en tant que Ni);126;kg/an
0006506514;IVRY PARIS 13;2005;Air;Oxydes d'azote (NOx/NO2);1340000;kg/an
0006506514;IVRY PARIS 13;2005;Air;Plomb et composés (exprimés en tant que Pb);730;kg/an
0006506259;TIRU;2005;Air;Oxydes d'azote (NOx/NO2);850000;kg/an
0006506514;IVRY PARIS 13;2005;Air;Protoxyde d'azote (N2O);65500;kg/an
0006506514;IVRY PARIS 13;2005;Air;Acide fluorhydrique (flurorure d'hydrogène);200;kg/an
0006506259;TIRU;2005;Air;Plomb et composés (exprimés en tant que Pb);959;kg/an
0006506514;IVRY PARIS 13;2005;Air;Fluor et ses composés (F);680;kg/an
0006506514;IVRY PARIS 13;2005;Eau (indirect);Fluorures (en tant que F total);2440;kg/an
0006506259;TIRU;2005;Air;Protoxyde d'azote (N2O);55100;kg/an
0006506514;IVRY PARIS 13;2005;Eau (indirect);Mercure et composés (exprimés en tant que Hg);4;kg/an
0006506514;IVRY PARIS 13;2005;Eau (indirect);Plomb et composés (exprimés en tant que Pb);27;kg/an
0006506270;ENERTHERM;2005;Air;Oxydes de soufre (SOx/SO2);371000;kg/an
0006506514;IVRY PARIS 13;2005;Eau (direct);Fluor et ses composés (F);2440;kg/an
0006506520;BIO SPRINGER;2005;Air;Hydrochlorofluorocarbures (HCFC);2010;kg/an
0006506270;ENERTHERM;2005;Air;Oxydes d'azote (NOx/NO2);263000;kg/an
0006506520;BIO SPRINGER;2005;Eau (indirect);Azote total;419000;kg/an
0006506520;BIO SPRINGER;2005;Eau (indirect);Carbone organique total (en tant que C total ou DCO/3);1920000;kg/an
0006506520;BIO SPRINGER;2005;Eau (indirect);Demande biologique en oxygène (DBO5);3420000;kg/an
0006506270;ENERTHERM;2005;Eau (indirect);Zinc et composés (exprimés en tant que Zn);195;kg/an
0006506520;BIO SPRINGER;2005;Eau (indirect);Demande chimique en oxygène (DCO);5760000;kg/an
0006506520;BIO SPRINGER;2005;Eau (indirect);Matières en suspension (MES);1420000;kg/an
0006506520;BIO SPRINGER;2005;Eau (indirect);Phosphore total;38800;kg/an
0006506277;SAFRAN AIRCRAFT ENGINES;2005;Air;Trichloréthylène;11300;kg/an
0006506277;SAFRAN AIRCRAFT ENGINES;2005;Air;Acide fluorhydrique (flurorure d'hydrogène);300;kg/an
0006506525;AIR FRANCE INDUSTRIES;2005;Air;Composés organiques volatils non méthaniques (COVNM);32900;kg/an
0006506525;AIR FRANCE INDUSTRIES;2005;Eau (indirect);Dichlorométhane (DCM, chlorure de méthylène);1480;kg/an
0006506277;SAFRAN AIRCRAFT ENGINES;2005;Eau (direct);Acide fluorhydrique (flurorure d'hydrogène);294;kg/an
0006506525;AIR FRANCE INDUSTRIES;2005;Eau (indirect);Phénols (en tant que C total);31.4;kg/an
0006506529;GENERIS;2005;Air;Dioxyde de carbone (CO2) d'origine biomasse;54600000;kg/an
0006506284;MERSEN FRANCE GENNEVILLIERS;2005;Air;Chlore;90;kg/an
0006506529;GENERIS;2005;Air;Oxydes d'azote (NOx/NO2);166000;kg/an
0006506529;GENERIS;2005;Air;Acide fluorhydrique (flurorure d'hydrogène);69;kg/an
0006506284;MERSEN FRANCE GENNEVILLIERS;2005;Eau (direct);Chlore;3370;kg/an
0006506552;Centre de Production de Vitry-sur-Seine;2005;Eau (indirect);Benzène;1120;kg/an
0006506552;Centre de Production de Vitry-sur-Seine;2005;Air;Benzène;18600;kg/an
0006506552;Centre de Production de Vitry-sur-Seine;2005;Air;Composés organiques volatils non méthaniques (COVNM);657000;kg/an
0006506552;Centre de Production de Vitry-sur-Seine;2005;Air;Dichlorométhane (DCM, chlorure de méthylène);236000;kg/an
0006506552;Centre de Production de Vitry-sur-Seine;2005;Air;1,4-dioxane;184;kg/an
0006506552;Centre de Production de Vitry-sur-Seine;2005;Air;Méthanol (alcool méthylique);533;kg/an
0006506552;Centre de Production de Vitry-sur-Seine;2005;Eau (indirect);Benzène, toluène, éthylbenzène, xylènes (BTEX);7310;kg/an
0006506552;Centre de Production de Vitry-sur-Seine;2005;Eau (indirect);1,2-dichloroéthane (DCE - chlorure d'éthylène);235;kg/an
0006506552;Centre de Production de Vitry-sur-Seine;2005;Eau (indirect);Aluminium et composés (exprimés en tant que Al);35900;kg/an
0006506552;Centre de Production de Vitry-sur-Seine;2005;Eau (indirect);Carbone organique total (en tant que C total ou DCO/3);1290000;kg/an
0006506552;Centre de Production de Vitry-sur-Seine;2005;Eau (indirect);Azote total;279000;kg/an
0006506552;Centre de Production de Vitry-sur-Seine;2005;Eau (indirect);Composés organohalogénés (exprimés en tant que AOX);2970;kg/an
0006506552;Centre de Production de Vitry-sur-Seine;2005;Eau (indirect);Cuivre et composés (exprimés en tant que Cu);240;kg/an
0006506552;Centre de Production de Vitry-sur-Seine;2005;Eau (indirect);Cyanures (sous forme de CN total);430;kg/an
0006506552;Centre de Production de Vitry-sur-Seine;2005;Eau (indirect);Demande biologique en oxygène (DBO5);1770000;kg/an
0006506552;Centre de Production de Vitry-sur-Seine;2005;Eau (indirect);Demande chimique en oxygène (DCO);3860000;kg/an
0006600541;SA PAREFEUILLE-PROVENCE;2005;Air;Plomb et composés (exprimés en tant que Pb);640;kg/an
0006506552;Centre de Production de Vitry-sur-Seine;2005;Eau (indirect);Dichlorométhane (DCM, chlorure de méthylène);10600;kg/an
0006600559;GREIF FRANCE HOLDINGS;2005;Air;Composés organiques volatils non méthaniques (COVNM);34400;kg/an
0006506552;Centre de Production de Vitry-sur-Seine;2005;Eau (indirect);Matières en suspension (MES);1850000;kg/an
0006600562;OWENS-CORNING FIBERGLAS;2005;Air;Cadmium et composés (exprimés en tant que Cd);47.9;kg/an
0006506552;Centre de Production de Vitry-sur-Seine;2005;Eau (indirect);Phosphore total;262000;kg/an
0006600562;OWENS-CORNING FIBERGLAS;2005;Air;Méthanol (alcool méthylique);12800;kg/an
0006600562;OWENS-CORNING FIBERGLAS;2005;Eau (direct);Fluor et ses composés (F);55.4;kg/an
0006506552;Centre de Production de Vitry-sur-Seine;2005;Eau (indirect);Phénols (en tant que C total);350;kg/an
0006506552;Centre de Production de Vitry-sur-Seine;2005;Eau (indirect);Zinc et composés (exprimés en tant que Zn);5200;kg/an
0006600563;FERROPEM;2005;Air;Dioxyde de carbone (CO2) d'origine biomasse;12600000;kg/an
0006506552;Centre de Production de Vitry-sur-Seine;2005;Eau (direct);1,4-dioxane;397;kg/an
0006600563;FERROPEM;2005;Air;Oxydes de soufre (SOx/SO2);327000;kg/an
0006600672;SIRAP GEMA;2005;Air;Composés organiques volatils non méthaniques (COVNM);746000;kg/an
0006506552;Centre de Production de Vitry-sur-Seine;2005;Eau (direct);Méthanol (alcool méthylique);10200;kg/an
0006600717;DEULEP;2005;Air;Composés organiques volatils non méthaniques (COVNM);56800;kg/an
0006506556;Societe de Distribution de chaleur de Vitry;2005;Air;Oxydes de soufre (SOx/SO2);162000;kg/an
0006600794;HARIBO-RICQLES-ZAN;2005;Eau (indirect);Carbone organique total (en tant que C total ou DCO/3);117000;kg/an
0006600794;HARIBO-RICQLES-ZAN;2005;Eau (indirect);Demande biologique en oxygène (DBO5);239000;kg/an
0006600794;HARIBO-RICQLES-ZAN;2005;Eau (indirect);Demande chimique en oxygène (DCO);350000;kg/an
0006506556;Societe de Distribution de chaleur de Vitry;2005;Air;Oxydes d'azote (NOx/NO2);119000;kg/an
0006600802;SAINT MAMET SAS;2005;Sol;Carbone organique total (en tant que C total ou DCO/3);323000;kg/an
0006600802;SAINT MAMET SAS;2005;Sol;Demande biologique en oxygène (DBO5);854000;kg/an
0006600802;SAINT MAMET SAS;2005;Sol;Demande chimique en oxygène (DCO);1420000;kg/an
0006506558;EDF CPE Vitry Sur Seine;2005;Air;Chlore et composés inorganiques (en tant que HCl);36800;kg/an
0006600802;SAINT MAMET SAS;2005;Sol;Zinc et composés (exprimés en tant que Zn);237;kg/an
0006506558;EDF CPE Vitry Sur Seine;2005;Air;Fluor et composés inorganiques (en tant que HF);13400;kg/an
0006600803;UNION DES DISTILLERIES DE LA MEDITERRANE;2005;Sol;Carbone organique total (en tant que C total ou DCO/3);225000;kg/an
0006506558;EDF CPE Vitry Sur Seine;2005;Air;Mercure et composés (exprimés en tant que Hg);47;kg/an
0006600803;UNION DES DISTILLERIES DE LA MEDITERRANE;2005;Sol;Demande biologique en oxygène (DBO5);337000;kg/an
0006600803;UNION DES DISTILLERIES DE LA MEDITERRANE;2005;Sol;Demande chimique en oxygène (DCO);675000;kg/an
0006506558;EDF CPE Vitry Sur Seine;2005;Air;Nickel et composés (exprimés en tant que Ni);77;kg/an
0006600812;O-I FRANCE SAS;2005;Air;Cadmium et composés (exprimés en tant que Cd);27;kg/an
0006600812;O-I FRANCE SAS;2005;Air;Chrome et composés (exprimés en tant que Cr);312;kg/an
0006506558;EDF CPE Vitry Sur Seine;2005;Air;Oxydes de soufre (SOx/SO2);4320000;kg/an
0006600812;O-I FRANCE SAS;2005;Air;Oxydes de soufre (SOx/SO2);163000;kg/an
0006600812;O-I FRANCE SAS;2005;Air;Oxydes d'azote (NOx/NO2);127000;kg/an
0006506558;EDF CPE Vitry Sur Seine;2005;Air;Oxydes d'azote (NOx/NO2);3090000;kg/an
0006600812;O-I FRANCE SAS;2005;Air;Plomb et composés (exprimés en tant que Pb);1060;kg/an
0006600812;O-I FRANCE SAS;2005;Air;Acide fluorhydrique (flurorure d'hydrogène);1030;kg/an
0006600812;O-I FRANCE SAS;2005;Air;Antimoine et composés (exprimés en tant que Sb);6;kg/an
0006506558;EDF CPE Vitry Sur Seine;2005;Air;Particules (PM10);107000;kg/an
0006600812;O-I FRANCE SAS;2005;Air;Cobalt et composés (exprimés en tant que Co);2;kg/an
0006600893;OI France;2005;Air;Arsenic et composés (exprimés en tant que As);85;kg/an
0006600893;OI France;2005;Air;Cadmium et composés (exprimés en tant que Cd);23;kg/an
0006506558;EDF CPE Vitry Sur Seine;2005;Air;Protoxyde d'azote (N2O);14400;kg/an
0006600893;OI France;2005;Air;Chrome et composés (exprimés en tant que Cr);214;kg/an
0006600893;OI France;2005;Air;Oxydes de soufre (SOx/SO2);155000;kg/an
0006506558;EDF CPE Vitry Sur Seine;2005;Air;Chlore;36800;kg/an
0006600893;OI France;2005;Air;Oxydes d'azote (NOx/NO2);156000;kg/an
0006600893;OI France;2005;Air;Plomb et composés (exprimés en tant que Pb);249;kg/an
0006506558;EDF CPE Vitry Sur Seine;2005;Air;Fluor et ses composés (F);13400;kg/an
0006600901;GHM (GRANDES HUILERIES MEDIACO);2005;Air;Composés organiques volatils non méthaniques (COVNM);228000;kg/an
0006506558;EDF CPE Vitry Sur Seine;2005;Eau (direct);Cuivre et composés (exprimés en tant que Cu);2500;kg/an
0006506558;EDF CPE Vitry Sur Seine;2005;Eau (direct);Zinc et composés (exprimés en tant que Zn);1060;kg/an
0006601003;GDH (GESTION DE DEPOTS D'HYDROCARBURES);2005;Air;Composés organiques volatils non méthaniques (COVNM);32800;kg/an
0006506672;EUROSTAR ENGINEER (ex SABIC,exGEP,exLNP);2005;Air;Antimoine et composés (exprimés en tant que Sb);340;kg/an
0006506686;COCA COLA EUROPEAN PARTNERS CCEP;2005;Eau (indirect);Carbone organique total (en tant que C total ou DCO/3);157000;kg/an
0006601065;OCREAL;2005;Air;Dioxyde de carbone (CO2) d'origine biomasse;59200000;kg/an
0006601065;OCREAL;2005;Air;Oxydes d'azote (NOx/NO2);322000;kg/an
0006506686;COCA COLA EUROPEAN PARTNERS CCEP;2005;Eau (indirect);Demande biologique en oxygène (DBO5);248000;kg/an
0006601116;SANOFI Aventis R&D;2005;Air;Dichlorométhane (DCM, chlorure de méthylène);3140;kg/an
0006506686;COCA COLA EUROPEAN PARTNERS CCEP;2005;Eau (indirect);Demande chimique en oxygène (DCO);472000;kg/an
0006601116;SANOFI Aventis R&D;2005;Air;1,4-dioxane;3;kg/an
0006601116;SANOFI Aventis R&D;2005;Air;Aldéhyde formique (formaldéhyde);1.58;kg/an
0006601116;SANOFI Aventis R&D;2005;Air;Méthanol (alcool méthylique);884;kg/an
0006601116;SANOFI Aventis R&D;2005;Air;Phénols (en tant que C total);0.5;kg/an
0006506767;REP;2005;Air;Dioxyde de carbone (CO2) d'origine biomasse;50300000;kg/an
0006601116;SANOFI Aventis R&D;2005;Air;Sulfate de diméthyle;9.37;kg/an
0006506767;REP;2005;Air;Méthane (CH4);5620000;kg/an
0006601270;FLEXSYS;2005;Eau (direct);Méthanol (alcool méthylique);15;kg/an
0006506824;CHANTOVENT;2005;Eau (indirect);Demande biologique en oxygène (DBO5);54200;kg/an
0006506939;SIAAP;2005;Air;Dioxyde de carbone (CO2) d'origine biomasse;120000000;kg/an
0006601278;Timac AGRO SETE;2005;Air;Ammoniac (NH3);11900;kg/an
0006601278;Timac AGRO SETE;2005;Air;Fluor et composés inorganiques (en tant que HF);9920;kg/an
0006506939;SIAAP;2005;Air;Oxydes d'azote (NOx/NO2);440000;kg/an
0006601278;Timac AGRO SETE;2005;Eau (direct);Fluorures (en tant que F total);3400;kg/an
0006601278;Timac AGRO SETE;2005;Eau (direct);Phosphore total;8410;kg/an
0006507069;SIRR Syndicat Intercommunal Rambouillet;2005;Eau (indirect);Azote total;83000;kg/an
0006507069;SIRR Syndicat Intercommunal Rambouillet;2005;Eau (indirect);Carbone organique total (en tant que C total ou DCO/3);134000;kg/an
0006601279;Communauté Agglomération Bassin de Thau;2005;Air;Dioxyde de carbone (CO2) d'origine biomasse;18900000;kg/an
0006601279;Communauté Agglomération Bassin de Thau;2005;Eau (indirect);Cadmium et composés (exprimés en tant que Cd);31.7;kg/an
0006507069;SIRR Syndicat Intercommunal Rambouillet;2005;Eau (indirect);Demande biologique en oxygène (DBO5);208000;kg/an
0006601279;Communauté Agglomération Bassin de Thau;2005;Eau (indirect);Chlorures (en tant que Cl total);3120000;kg/an
0006601279;Communauté Agglomération Bassin de Thau;2005;Eau (indirect);Fluorures (en tant que F total);2870;kg/an
0006507069;SIRR Syndicat Intercommunal Rambouillet;2005;Eau (indirect);Demande chimique en oxygène (DCO);403000;kg/an
0006601279;Communauté Agglomération Bassin de Thau;2005;Eau (indirect);Mercure et composés (exprimés en tant que Hg);52.3;kg/an
0006601279;Communauté Agglomération Bassin de Thau;2005;Eau (indirect);Plomb et composés (exprimés en tant que Pb);128;kg/an
0006507069;SIRR Syndicat Intercommunal Rambouillet;2005;Eau (indirect);Phénols (en tant que C total);68;kg/an
0006601281;SAIPOL;2005;Air;Composés organiques volatils non méthaniques (COVNM);315000;kg/an
0006601317;KNAUF INDUSTRIES EST (ex Isobox);2005;Air;Composés organiques volatils non méthaniques (COVNM);46100;kg/an
0006507099;COSSON décharge (Epinay Ch.);2005;Air;Méthane (CH4);1740000;kg/an
0006601361;STERIMED;2005;Eau (direct);Carbone organique total (en tant que C total ou DCO/3);66600;kg/an
0006601361;STERIMED;2005;Eau (direct);Demande biologique en oxygène (DBO5);66900;kg/an
0006507099;COSSON décharge (Epinay Ch.);2005;Eau (direct);Ammoniac (NH3);4.51;kg/an
0006601361;STERIMED;2005;Eau (direct);Demande chimique en oxygène (DCO);200000;kg/an
0006507291;Storengy;2005;Air;Composés organiques volatils non méthaniques (COVNM);30300;kg/an
0006601388;DECHARGE - SUEZ RV MEDI (COL DE LA DONE);2005;Air;Dioxyde de carbone (CO2) d'origine biomasse;10700000;kg/an
0006601388;DECHARGE - SUEZ RV MEDI (COL DE LA DONE);2005;Air;Méthane (CH4);573000;kg/an
0006507291;Storengy;2005;Air;Méthane (CH4);305000;kg/an
0006601574;GIE CHIMIE SALINDRES;2005;Eau (direct);Fluorures (en tant que F total);11800;kg/an
0006507291;Storengy;2005;Air;Oxydes d'azote (NOx/NO2);211000;kg/an
0006601574;GIE CHIMIE SALINDRES;2005;Eau (direct);Nickel et composés (exprimés en tant que Ni);254;kg/an
0006601574;GIE CHIMIE SALINDRES;2005;Eau (direct);Phénols (en tant que C total);96;kg/an
0006601574;GIE CHIMIE SALINDRES;2005;Eau (direct);Sulfates;1820000;kg/an
0006507291;Storengy;2005;Air;Méthanol (alcool méthylique);1700;kg/an
0006507458;LOVETRA;2005;Air;Tétrachloroéthylène (PER, tétrachloroéthylène);23300;kg/an
0006601576;CTSDU DE BELLEGARDE;2005;Air;Méthane (CH4);172000;kg/an
0006601577;AXENS;2005;Air;Nickel et composés (exprimés en tant que Ni);777;kg/an
0006601577;AXENS;2005;Air;Oxydes d'azote (NOx/NO2);360000;kg/an
0006508051;TSEP;2005;Eau (indirect);Nickel et composés (exprimés en tant que Ni);30.2;kg/an
0006601577;AXENS;2005;Air;Poussières totales;249000;kg/an
0006601577;AXENS;2005;Air;Cobalt et composés (exprimés en tant que Co);206;kg/an
0006508155;SAFRAN Electronics & Defense;2005;Air;Dichlorométhane (DCM, chlorure de méthylène);3440;kg/an
0006601577;AXENS;2005;Air;Etain et composés (exprimés en tant que Sn);1.7;kg/an
0006508159;KNAUF PLATRES et Cie;2005;Air;Composés organiques volatils non méthaniques (COVNM);115000;kg/an
0006508918;Centre CEA Paris-Saclay - Site de Saclay;2005;Eau (direct);Zinc et composés (exprimés en tant que Zn);173;kg/an
0006601578;SOLVAY Rhodia Opérations;2005;Air;Chlorofluorocarbures (CFC);61800;kg/an
0006601578;SOLVAY Rhodia Opérations;2005;Air;Composés organiques volatils non méthaniques (COVNM);82700;kg/an
0006601578;SOLVAY Rhodia Opérations;2005;Air;Dichlorométhane (DCM, chlorure de méthylène);82700;kg/an
0006509286;SITA - Biodéconditionneur de Meaux;2005;Eau (indirect);Carbone organique total (en tant que C total ou DCO/3);183000;kg/an
0006601578;SOLVAY Rhodia Opérations;2005;Air;Hydrochlorofluorocarbures (HCFC);28000;kg/an
0006601578;SOLVAY Rhodia Opérations;2005;Air;Perfluorocarbures (PFC);78100;kg/an
0006509286;SITA - Biodéconditionneur de Meaux;2005;Eau (indirect);Demande biologique en oxygène (DBO5);268000;kg/an
0006601578;SOLVAY Rhodia Opérations;2005;Air;Acide fluorhydrique (flurorure d'hydrogène);800;kg/an
0006601578;SOLVAY Rhodia Opérations;2005;Eau (direct);Acide fluorhydrique (flurorure d'hydrogène);338000;kg/an
0006509286;SITA - Biodéconditionneur de Meaux;2005;Eau (indirect);Demande chimique en oxygène (DCO);490000;kg/an
0006601579;MAIRIE de NIMES (Les Lauzières);2005;Air;Dioxyde de carbone (CO2) d'origine biomasse;27700000;kg/an
0006601579;MAIRIE de NIMES (Les Lauzières);2005;Air;Méthane (CH4);2130000;kg/an
0006509528;COSSON;2005;Air;Méthane (CH4);1740000;kg/an
0006509528;COSSON;2005;Eau (direct);Ammoniac (NH3);4.51;kg/an
0006601697;Société EVOLIA;2005;Air;Antimoine et composés (exprimés en tant que Sb);0.306;kg/an
0006509809;IPC PETROLEUM FRANCE;2005;Air;Composés organiques volatils non méthaniques (COVNM);155000;kg/an
0006601697;Société EVOLIA;2005;Air;Cobalt et composés (exprimés en tant que Co);0.006;kg/an
0006510421;SEMAVERT - ISDND;2005;Air;Dioxyde de carbone (CO2) d'origine biomasse;50900000;kg/an
0006510421;SEMAVERT - ISDND;2005;Air;Méthane (CH4);1370000;kg/an
0006602306;KNAUF INDUSTRIES;2005;Air;Composés organiques volatils non méthaniques (COVNM);52500;kg/an
0006700354;SRF;2005;Air;Composés organiques volatils non méthaniques (COVNM);41700;kg/an
0006511605;EDF R&D Site des Renardières;2005;Air;Hydroflurocarbures (HFC);1040;kg/an
0006700354;SRF;2005;Eau (direct);Fluor et ses composés (F);73.4;kg/an
0006700355;SPRENGER Traitement de Surfaces;2005;Eau (indirect);Zinc et composés (exprimés en tant que Zn);791;kg/an
0006700368;SOCIETE NOUVELLE S.I.P.P.;2005;Eau (indirect);Carbone organique total (en tant que C total ou DCO/3);80500;kg/an
0006700368;SOCIETE NOUVELLE S.I.P.P.;2005;Eau (indirect);Demande biologique en oxygène (DBO5);66600;kg/an
0006511605;EDF R&D Site des Renardières;2005;Eau (direct);Chrome hexavalent et composés (exprimés en tant que Cr VI);287;kg/an
0006700368;SOCIETE NOUVELLE S.I.P.P.;2005;Eau (indirect);Demande chimique en oxygène (DCO);242000;kg/an
0006700368;SOCIETE NOUVELLE S.I.P.P.;2005;Eau (indirect);Phénols (en tant que C total);24.7;kg/an
0006700370;BRUNO SIEBERT SA;2005;Eau (direct);Demande biologique en oxygène (DBO5);46800;kg/an
0006511605;EDF R&D Site des Renardières;2005;Eau (direct);Nickel et composés (exprimés en tant que Ni);59;kg/an
0006700372;SEW USOCOME;2005;Air;Composés organiques volatils non méthaniques (COVNM);60000;kg/an
0006700379;CHEMET-GLI;2005;Air;Zinc et composés (exprimés en tant que Zn);890;kg/an
0006600081;TERREAL CASTELNAUDARY;2005;Air;Acide fluorhydrique (flurorure d'hydrogène);1720;kg/an
0006700380;SCHMIDT GROUPE;2005;Air;Composés organiques volatils non méthaniques (COVNM);151000;kg/an
0006600156;TERREAL LABASTIDE d'ANJOU;2005;Air;Acide fluorhydrique (flurorure d'hydrogène);2880;kg/an
0006700386;SITDCE - CENTRE DE VALORISATION ENERGETIQUE;2005;Air;Dioxyde de carbone (CO2) d'origine biomasse;101000000;kg/an
0006700386;SITDCE - CENTRE DE VALORISATION ENERGETIQUE;2005;Air;Cobalt et composés (exprimés en tant que Co);3.1;kg/an
0006700393;CLARIANT Production (France) - Usine de Huningue;2005;Air;Composés organiques volatils non méthaniques (COVNM);38600;kg/an
0006600237;SOCIETE  SUEZ RV MEDITERRANEE;2005;Air;Méthane (CH4);340000;kg/an
0006700393;CLARIANT Production (France) - Usine de Huningue;2005;Air;Méthanol (alcool méthylique);19800;kg/an
0006700393;CLARIANT Production (France) - Usine de Huningue;2005;Eau (indirect);Carbone organique total (en tant que C total ou DCO/3);463000;kg/an
0006600247;Orano Chimie Enrichissement Malvési;2005;Air;Ammoniac (NH3);125000;kg/an
0006700393;CLARIANT Production (France) - Usine de Huningue;2005;Eau (direct);Chlorures (en tant que Cl total);2730000;kg/an
0006700393;CLARIANT Production (France) - Usine de Huningue;2005;Eau (indirect);Chrome et composés (exprimés en tant que Cr);381;kg/an
0006700393;CLARIANT Production (France) - Usine de Huningue;2005;Eau (indirect);Composés organohalogénés (exprimés en tant que AOX);3470;kg/an
0006600247;Orano Chimie Enrichissement Malvési;2005;Air;Oxydes d'azote (NOx/NO2);150000;kg/an
0006700393;CLARIANT Production (France) - Usine de Huningue;2005;Eau (indirect);Cuivre et composés (exprimés en tant que Cu);144;kg/an
0006700393;CLARIANT Production (France) - Usine de Huningue;2005;Eau (indirect);Demande biologique en oxygène (DBO5);618000;kg/an
0006600247;Orano Chimie Enrichissement Malvési;2005;Air;Protoxyde d'azote (N2O);1780000;kg/an
0006700393;CLARIANT Production (France) - Usine de Huningue;2005;Eau (indirect);Demande chimique en oxygène (DCO);1360000;kg/an
0006700393;CLARIANT Production (France) - Usine de Huningue;2005;Eau (indirect);Nickel et composés (exprimés en tant que Ni);173;kg/an
0006600247;Orano Chimie Enrichissement Malvési;2005;Air;Acide fluorhydrique (flurorure d'hydrogène);240;kg/an
0006700393;CLARIANT Production (France) - Usine de Huningue;2005;Eau (indirect);Phénols (en tant que C total);464;kg/an
0006700393;CLARIANT Production (France) - Usine de Huningue;2005;Eau (direct);Aniline;18;kg/an
0006600247;Orano Chimie Enrichissement Malvési;2005;Air;Antimoine et composés (exprimés en tant que Sb);0.000098;kg/an
0006700393;CLARIANT Production (France) - Usine de Huningue;2005;Eau (direct);Méthanol (alcool méthylique);150000;kg/an
0006600247;Orano Chimie Enrichissement Malvési;2005;Air;Cobalt et composés (exprimés en tant que Co);0.000024;kg/an
0006600247;Orano Chimie Enrichissement Malvési;2005;Air;Etain et composés (exprimés en tant que Sn);0.000025;kg/an
0006600247;Orano Chimie Enrichissement Malvési;2005;Air;Fluor et ses composés (F);228;kg/an
0006700401;ADIENT France SAS (ex johnson controls);2005;Air;Composés organiques volatils non méthaniques (COVNM);417000;kg/an
0006700401;ADIENT France SAS (ex johnson controls);2005;Air;Dichlorométhane (DCM, chlorure de méthylène);21500;kg/an
0006600247;Orano Chimie Enrichissement Malvési;2005;Eau (direct);Acide fluorhydrique (flurorure d'hydrogène);453;kg/an
0006700402;JOHNSON CONTROLS ROTH;2005;Air;Composés organiques volatils non méthaniques (COVNM);45000;kg/an
0006600247;Orano Chimie Enrichissement Malvési;2005;Eau (direct);Ammoniac (NH3);528;kg/an
0006700404;ROQUETTE FRERES;2005;Air;Oxydes de soufre (SOx/SO2);199000;kg/an
0006700404;ROQUETTE FRERES;2005;Air;Oxydes d'azote (NOx/NO2);175000;kg/an
0006600247;Orano Chimie Enrichissement Malvési;2005;Eau (direct);Cadmium et composés (exprimés en tant que Cd);6.34;kg/an
0006700404;ROQUETTE FRERES;2005;Eau (direct);Carbone organique total (en tant que C total ou DCO/3);104000;kg/an
0006700404;ROQUETTE FRERES;2005;Eau (direct);Demande chimique en oxygène (DCO);313000;kg/an
0006600247;Orano Chimie Enrichissement Malvési;2005;Eau (direct);Mercure et composés (exprimés en tant que Hg);2.76;kg/an
0006700412;TREDI Hombourg;2005;Eau (direct);Nickel et composés (exprimés en tant que Ni);103;kg/an
0006700413;TREDI Strasbourg;2005;Air;Acide fluorhydrique (flurorure d'hydrogène);76;kg/an
0006600256;FOSELEV LOGISTIQUE SARL;2005;Air;Composés organiques volatils non méthaniques (COVNM);51600;kg/an
0006700413;TREDI Strasbourg;2005;Air;Antimoine et composés (exprimés en tant que Sb);1.01;kg/an
0006700413;TREDI Strasbourg;2005;Air;Cobalt et composés (exprimés en tant que Co);1.39;kg/an
0006600262;LAFARGE HOLCIM;2005;Air;Cuivre et composés (exprimés en tant que Cu);116;kg/an
0006700413;TREDI Strasbourg;2005;Air;Etain et composés (exprimés en tant que Sn);7.92;kg/an
0006700413;TREDI Strasbourg;2005;Eau (direct);Antimoine et composés (exprimés en tant que Sb);0.0084;kg/an
0006700413;TREDI Strasbourg;2005;Eau (direct);Fluor et ses composés (F);0.64;kg/an
0006600262;LAFARGE HOLCIM;2005;Air;Dioxyde de carbone (CO2) d'origine biomasse;24500000;kg/an
0006600262;LAFARGE HOLCIM;2005;Air;Oxydes d'azote (NOx/NO2);1010000;kg/an
0006700415;RHONE GAZ Herrlisheim;2005;Air;Composés organiques volatils non méthaniques (COVNM);50700;kg/an
0006600334;TERREAL ST MARTIN LALANDE;2005;Air;Acide fluorhydrique (flurorure d'hydrogène);4210;kg/an
0006700417;ATELIERS REUNIS CADDIE (ex ELECTROPOLI);2005;Air;Zinc et composés (exprimés en tant que Zn);440;kg/an
0006600410;SYNGENTA PRODUCTION FRANCE S.A.S;2005;Air;Aldéhyde formique (formaldéhyde);2.5;kg/an
0006700419;DALPHIMETAL France s.a.r.l. (ex-ECIA);2005;Air;Dichlorométhane (DCM, chlorure de méthylène);5100;kg/an
0006600429;EDF - CPT;2005;Air;Cadmium et composés (exprimés en tant que Cd);43;kg/an
0006700419;DALPHIMETAL France s.a.r.l. (ex-ECIA);2005;Sol;Dichlorométhane (DCM, chlorure de méthylène);4610;kg/an
0006600429;EDF - CPT;2005;Air;Nickel et composés (exprimés en tant que Ni);780;kg/an
0006600429;EDF - CPT;2005;Air;Oxydes de soufre (SOx/SO2);2840000;kg/an
0006700423;MARS Chocolat Steinbourg;2005;Eau (indirect);Demande biologique en oxygène (DBO5);64200;kg/an
0006600429;EDF - CPT;2005;Air;Oxydes d'azote (NOx/NO2);1570000;kg/an
0006700423;MARS Chocolat Steinbourg;2005;Eau (direct);Acide cyanhydrique (HCN);1;kg/an
0006700423;MARS Chocolat Steinbourg;2005;Eau (direct);Chlore;400;kg/an
0006600429;EDF - CPT;2005;Air;Zinc et composés (exprimés en tant que Zn);271;kg/an
0006700423;MARS Chocolat Steinbourg;2005;Eau (direct);Méthanol (alcool méthylique);5;kg/an
0006700423;MARS Chocolat Steinbourg;2005;Eau (direct);Sulfure d'hydrogène (H2S);1;kg/an
0006600429;EDF - CPT;2005;Eau (direct);Cuivre et composés (exprimés en tant que Cu);328;kg/an
0006700425;Hannecard;2005;Air;Composés organiques volatils non méthaniques (COVNM);167000;kg/an
0006600429;EDF - CPT;2005;Eau (direct);Zinc et composés (exprimés en tant que Zn);245;kg/an
0006700425;Hannecard;2005;Air;Dichlorométhane (DCM, chlorure de méthylène);2000;kg/an
0006700426;DOW France SAS (ex ROHM AND HAAS);2005;Air;Composés organiques volatils non méthaniques (COVNM);33100;kg/an
0006600430;Société EXPANSIA;2005;Air;Méthanol (alcool méthylique);3610;kg/an
0006700426;DOW France SAS (ex ROHM AND HAAS);2005;Air;Acrylonitrile;7460;kg/an
0006700426;DOW France SAS (ex ROHM AND HAAS);2005;Eau (direct);Azote total;78600;kg/an
0006700426;DOW France SAS (ex ROHM AND HAAS);2005;Eau (direct);Carbone organique total (en tant que C total ou DCO/3);101000;kg/an
0006600430;Société EXPANSIA;2005;Air;Oxyde d'éthylène;427;kg/an
0006700426;DOW France SAS (ex ROHM AND HAAS);2005;Eau (direct);Demande biologique en oxygène (DBO5);86700;kg/an
0006700426;DOW France SAS (ex ROHM AND HAAS);2005;Eau (direct);Demande chimique en oxygène (DCO);303000;kg/an
0006600432;SANOFI-CHIMIE;2005;Air;Composés organiques volatils non méthaniques (COVNM);214000;kg/an
0006700426;DOW France SAS (ex ROHM AND HAAS);2005;Eau (direct);Manganèse et composés (exprimés en tant que Mn);8750;kg/an
0006700426;DOW France SAS (ex ROHM AND HAAS);2005;Eau (direct);Sulfates;13500000;kg/an
0006600432;SANOFI-CHIMIE;2005;Air;Dichlorométhane (DCM, chlorure de méthylène);70000;kg/an
0006700426;DOW France SAS (ex ROHM AND HAAS);2005;Eau (direct);Zinc et composés (exprimés en tant que Zn);325;kg/an
0006600432;SANOFI-CHIMIE;2005;Air;Méthanol (alcool méthylique);59500;kg/an
0006600432;SANOFI-CHIMIE;2005;Eau (direct);Carbone organique total (en tant que C total ou DCO/3);99900;kg/an
0006700429;DSM Nutritional Products France;2005;Air;Composés organiques volatils non méthaniques (COVNM);32300;kg/an
0006600432;SANOFI-CHIMIE;2005;Eau (direct);Demande chimique en oxygène (DCO);300000;kg/an
0006700429;DSM Nutritional Products France;2005;Air;Dichlorométhane (DCM, chlorure de méthylène);18200;kg/an
0006700429;DSM Nutritional Products France;2005;Air;Hydrochlorofluorocarbures (HCFC);760;kg/an
0006600432;SANOFI-CHIMIE;2005;Eau (direct);Phosphore total;5910;kg/an
0006700429;DSM Nutritional Products France;2005;Air;Méthanol (alcool méthylique);1500;kg/an
0006700429;DSM Nutritional Products France;2005;Eau (direct);Dichlorométhane (DCM, chlorure de méthylène);26;kg/an
0006600453;Société des CIMENTS CALCIA;2005;Air;Mercure et composés (exprimés en tant que Hg);16;kg/an
0006700429;DSM Nutritional Products France;2005;Eau (direct);Phénols (en tant que C total);106;kg/an
0006700433;Vynova PPC SAS;2005;Air;Chloroforme (trichlorométhane);20400;kg/an
0006600453;Société des CIMENTS CALCIA;2005;Air;Oxydes d'azote (NOx/NO2);790000;kg/an
0006700433;Vynova PPC SAS;2005;Air;Composés organiques volatils non méthaniques (COVNM);99500;kg/an
0006600462;MONCIGALE;2005;Eau (indirect);Carbone organique total (en tant que C total ou DCO/3);118000;kg/an
0006600462;MONCIGALE;2005;Eau (indirect);Demande biologique en oxygène (DBO5);205000;kg/an
0006600462;MONCIGALE;2005;Eau (indirect);Demande chimique en oxygène (DCO);355000;kg/an
0006600514;CEA Marcoule;2005;Air;Nickel et composés (exprimés en tant que Ni);147;kg/an
0006700471;BOREALIS PEC RHIN;2005;Air;Protoxyde d'azote (N2O);1650000;kg/an
0006700471;BOREALIS PEC RHIN;2005;Air;Fluor et ses composés (F);1850000;kg/an
0006700471;BOREALIS PEC RHIN;2005;Eau (direct);Ammoniac (NH3);379000;kg/an
0006700471;BOREALIS PEC RHIN;2005;Eau (direct);Fluor et ses composés (F);13200000;kg/an
0006700433;Vynova PPC SAS;2005;Air;Mercure et composés (exprimés en tant que Hg);113;kg/an
0006700472;PAPETERIES DU RHIN;2005;Eau (indirect);Carbone organique total (en tant que C total ou DCO/3);64400;kg/an
0006700433;Vynova PPC SAS;2005;Air;Méthane (CH4);327000;kg/an
0006700433;Vynova PPC SAS;2005;Air;Chlore;10;kg/an
0006700472;PAPETERIES DU RHIN;2005;Eau (indirect);Demande chimique en oxygène (DCO);193000;kg/an
0006700433;Vynova PPC SAS;2005;Air;Oxyde de propylène (1,2-époxypropane);54;kg/an
0006700433;Vynova PPC SAS;2005;Eau (direct);1,2-dichloroéthane (DCE - chlorure d'éthylène);31;kg/an
0006700433;Vynova PPC SAS;2005;Eau (direct);Chloroforme (trichlorométhane);258;kg/an
0006700433;Vynova PPC SAS;2005;Eau (direct);Mercure et composés (exprimés en tant que Hg);24;kg/an
0006700478;DARAMIC SAS;2005;Air;Composés organiques volatils non méthaniques (COVNM);225000;kg/an
0006700433;Vynova PPC SAS;2005;Eau (direct);Tétrachlorométhane (TCM, tétrachlorure de carbone);35;kg/an
0006700433;Vynova PPC SAS;2005;Eau (direct);Hydrazine;2;kg/an
0006700479;Petroplus Raffinage Reichstett;2005;Air;Composés organiques volatils non méthaniques (COVNM);407000;kg/an
0006700479;Petroplus Raffinage Reichstett;2005;Air;Hydrochlorofluorocarbures (HCFC);1900;kg/an
0006700446;AMCOR Speciality Cartons France SAS;2005;Air;Composés organiques volatils non méthaniques (COVNM);64300;kg/an
0006700479;Petroplus Raffinage Reichstett;2005;Air;Oxydes de soufre (SOx/SO2);3050000;kg/an
0006700479;Petroplus Raffinage Reichstett;2005;Air;Oxydes d'azote (NOx/NO2);863000;kg/an
0006700452;DMC SAS;2005;Eau (indirect);Carbone organique total (en tant que C total ou DCO/3);62800;kg/an
0006700452;DMC SAS;2005;Eau (indirect);Demande biologique en oxygène (DBO5);47600;kg/an
0006700479;Petroplus Raffinage Reichstett;2005;Air;Protoxyde d'azote (N2O);90900;kg/an
0006700452;DMC SAS;2005;Eau (indirect);Demande chimique en oxygène (DCO);189000;kg/an
0006700452;DMC SAS;2005;Eau (indirect);Phénols (en tant que C total);33;kg/an
0006700479;Petroplus Raffinage Reichstett;2005;Eau (direct);Azote total;62500;kg/an
0006700452;DMC SAS;2005;Eau (direct);Fluor et ses composés (F);18;kg/an
0006700454;DELCROS;2005;Eau (direct);Acide fluorhydrique (flurorure d'hydrogène);55;kg/an
0006700479;Petroplus Raffinage Reichstett;2005;Eau (direct);Cuivre et composés (exprimés en tant que Cu);169;kg/an
0006700479;Petroplus Raffinage Reichstett;2005;Eau (direct);Demande biologique en oxygène (DBO5);56600;kg/an
0006700455;Manufacture de Cuir Gustave DEGERMANN;2005;Eau (indirect);Chrome et composés (exprimés en tant que Cr);68.5;kg/an
0006700479;Petroplus Raffinage Reichstett;2005;Eau (direct);Phénols (en tant que C total);171;kg/an
0006700479;Petroplus Raffinage Reichstett;2005;Eau (direct);Zinc et composés (exprimés en tant que Zn);419;kg/an
0006700480;WAGRAM TERMINAL SAS;2005;Air;Composés organiques volatils non méthaniques (COVNM);49900;kg/an
0006700457;FONDERIE DE NIEDERBRONN SAS;2005;Air;Aldéhyde formique (formaldéhyde);538;kg/an
0006700458;BDR THERMEA France ( ex DE DIETRICH);2005;Air;Fluor et ses composés (F);0.0564;kg/an
0006700493;Messier-Bugatti-Dowty;2005;Air;Composés organiques volatils non méthaniques (COVNM);36600;kg/an
0006700465;MAHLE Pistons France;2005;Air;Chlore;19.2;kg/an
0006700493;Messier-Bugatti-Dowty;2005;Air;Trichloréthylène;36600;kg/an
0006700465;MAHLE Pistons France;2005;Eau (direct);Fluor et ses composés (F);8.5;kg/an
0006700497;HAG COFFEX Site Coffex;2005;Air;Composés organiques volatils non méthaniques (COVNM);36000;kg/an
0006700467;PSA Peugeot Citroën SNC Mulhouse;2005;Air;Composés organiques volatils non méthaniques (COVNM);1080000;kg/an
0006700497;HAG COFFEX Site Coffex;2005;Air;Dichlorométhane (DCM, chlorure de méthylène);36000;kg/an
0006700467;PSA Peugeot Citroën SNC Mulhouse;2005;Air;Hydroflurocarbures (HFC);18700;kg/an
0006700467;PSA Peugeot Citroën SNC Mulhouse;2005;Air;Oxydes d'azote (NOx/NO2);105000;kg/an
0006700497;HAG COFFEX Site Coffex;2005;Eau (direct);Dichlorométhane (DCM, chlorure de méthylène);870;kg/an
0006700467;PSA Peugeot Citroën SNC Mulhouse;2005;Eau (indirect);Carbone organique total (en tant que C total ou DCO/3);209000;kg/an
0006700467;PSA Peugeot Citroën SNC Mulhouse;2005;Eau (indirect);Chrome et composés (exprimés en tant que Cr);71;kg/an
0006700498;CLESTRA HAUSERMAN;2005;Air;Composés organiques volatils non méthaniques (COVNM);73800;kg/an
0006700467;PSA Peugeot Citroën SNC Mulhouse;2005;Eau (indirect);Demande biologique en oxygène (DBO5);133000;kg/an
0006700467;PSA Peugeot Citroën SNC Mulhouse;2005;Eau (indirect);Demande chimique en oxygène (DCO);627000;kg/an
0006700502;CICE-CIE INDUSTRIELLE DES CHAUFFE EAU;2005;Air;Hydroflurocarbures (HFC);373;kg/an
0006700467;PSA Peugeot Citroën SNC Mulhouse;2005;Eau (indirect);Hydrocarbures;14700;kg/an
0006700467;PSA Peugeot Citroën SNC Mulhouse;2005;Eau (indirect);Nickel et composés (exprimés en tant que Ni);277;kg/an
0006700467;PSA Peugeot Citroën SNC Mulhouse;2005;Eau (indirect);Plomb et composés (exprimés en tant que Pb);142;kg/an
0006700503;BASF;2005;Air;Méthanol (alcool méthylique);55;kg/an
0006700467;PSA Peugeot Citroën SNC Mulhouse;2005;Eau (indirect);Zinc et composés (exprimés en tant que Zn);1140;kg/an
0006700503;BASF;2005;Eau (indirect);Azote total;73700;kg/an
0006700503;BASF;2005;Eau (indirect);Benzène, toluène, éthylbenzène, xylènes (BTEX);1130;kg/an
0006700468;PEUGEOT MOTOCYCLES DANNEMARIE;2005;Eau (direct);Fluor et ses composés (F);27.7;kg/an
0006700503;BASF;2005;Eau (indirect);Carbone organique total (en tant que C total ou DCO/3);275000;kg/an
0006700503;BASF;2005;Eau (indirect);Chlorures (en tant que Cl total);6220000;kg/an
0006700503;BASF;2005;Eau (indirect);Composés organohalogénés (exprimés en tant que AOX);4760;kg/an
0006700469;CONSTELLIUM NEUF BRISACH;2005;Air;Composés organiques volatils non méthaniques (COVNM);486000;kg/an
0006700469;CONSTELLIUM NEUF BRISACH;2005;Air;Cuivre et composés (exprimés en tant que Cu);177;kg/an
0006700469;CONSTELLIUM NEUF BRISACH;2005;Air;Oxydes d'azote (NOx/NO2);133000;kg/an
0006700503;BASF;2005;Eau (indirect);Demande biologique en oxygène (DBO5);347000;kg/an
0006700469;CONSTELLIUM NEUF BRISACH;2005;Air;Chlore;7040;kg/an
0006700469;CONSTELLIUM NEUF BRISACH;2005;Air;Fluor et ses composés (F);14.7;kg/an
0006700469;CONSTELLIUM NEUF BRISACH;2005;Eau (direct);Chlore;2500;kg/an
0006700503;BASF;2005;Eau (indirect);Demande chimique en oxygène (DCO);940000;kg/an
0006700469;CONSTELLIUM NEUF BRISACH;2005;Eau (direct);Fluor et ses composés (F);0.262;kg/an
0006700503;BASF;2005;Eau (indirect);Phénols (en tant que C total);198;kg/an
0006700503;BASF;2005;Eau (direct);Méthanol (alcool méthylique);26400;kg/an
0006700470;HEINEKEN ENTREPRISE SITE FISCHER;2005;Air;Hydroflurocarbures (HFC);240;kg/an
0006700505;LES ATELIERS REUNIS REVETEMENT SAS;2005;Eau (indirect);Tétrachloroéthylène (PER, tétrachloroéthylène);72;kg/an
0006700470;HEINEKEN ENTREPRISE SITE FISCHER;2005;Eau (indirect);Carbone organique total (en tant que C total ou DCO/3);268000;kg/an
0006700470;HEINEKEN ENTREPRISE SITE FISCHER;2005;Eau (indirect);Demande biologique en oxygène (DBO5);537000;kg/an
0006700470;HEINEKEN ENTREPRISE SITE FISCHER;2005;Eau (indirect);Demande chimique en oxygène (DCO);804000;kg/an
0006700505;LES ATELIERS REUNIS REVETEMENT SAS;2005;Eau (indirect);Zinc et composés (exprimés en tant que Zn);135;kg/an
0006700470;HEINEKEN ENTREPRISE SITE FISCHER;2005;Eau (direct);Chlore;3900;kg/an
0006700505;LES ATELIERS REUNIS REVETEMENT SAS;2005;Eau (direct);Fluor et ses composés (F);183;kg/an
0006700471;BOREALIS PEC RHIN;2005;Air;Ammoniac (NH3);97000;kg/an
0006700512;BUTAGAZ - Site de Reichstett;2005;Air;Composés organiques volatils non méthaniques (COVNM);43600;kg/an
0006700471;BOREALIS PEC RHIN;2005;Air;Oxydes d'azote (NOx/NO2);469000;kg/an
0006700513;BUTACHIMIE;2005;Air;Ammoniac (NH3);26900;kg/an
0006700513;BUTACHIMIE;2005;Air;Composés organiques volatils non méthaniques (COVNM);114000;kg/an
0006700513;BUTACHIMIE;2005;Air;Nickel et composés (exprimés en tant que Ni);55.2;kg/an
0006700513;BUTACHIMIE;2005;Air;Oxydes d'azote (NOx/NO2);935000;kg/an
0006700551;Mine Amélie;2005;Eau (direct);Matières en suspension (MES);65600000;kg/an
0006700551;Mine Amélie;2005;Eau (direct);Mercure et composés (exprimés en tant que Hg);74;kg/an
0006700551;Mine Amélie;2005;Eau (direct);Nickel et composés (exprimés en tant que Ni);2500;kg/an
0006700551;Mine Amélie;2005;Eau (direct);Plomb et composés (exprimés en tant que Pb);2660;kg/an
0006700551;Mine Amélie;2005;Eau (direct);Sulfates;27900000;kg/an
0006700513;BUTACHIMIE;2005;Air;Protoxyde d'azote (N2O);12600;kg/an
0006700551;Mine Amélie;2005;Eau (direct);Zinc et composés (exprimés en tant que Zn);4780;kg/an
0006700513;BUTACHIMIE;2005;Air;Zinc et composés (exprimés en tant que Zn);255;kg/an
0006700513;BUTACHIMIE;2005;Air;1,3-butadiène;33100;kg/an
0006700513;BUTACHIMIE;2005;Air;Acrylonitrile;57;kg/an
0006700561;STOEFFLER;2005;Eau (indirect);Demande biologique en oxygène (DBO5);55200;kg/an
0006700567;DS SMITH PAPER KAYSERSBERG;2005;Eau (direct);Carbone organique total (en tant que C total ou DCO/3);108000;kg/an
0006700513;BUTACHIMIE;2005;Air;Crésol (mélange d'isomères);22;kg/an
0006700567;DS SMITH PAPER KAYSERSBERG;2005;Eau (direct);Demande biologique en oxygène (DBO5);56100;kg/an
0006700567;DS SMITH PAPER KAYSERSBERG;2005;Eau (direct);Demande chimique en oxygène (DCO);325000;kg/an
0006700515;Burda Druck France (ex BRAUN);2005;Air;Composés organiques volatils non méthaniques (COVNM);88400;kg/an
0006700517;BRÄCKER S.A.S.;2005;Eau (indirect);Nickel et composés (exprimés en tant que Ni);34;kg/an
0006700522;BIMA 83;2005;Eau (indirect);Phénols (en tant que C total);97;kg/an
0006700569;SUEZ RV Nord Est RETZWILLER;2005;Air;Dioxyde de carbone (CO2) d'origine biomasse;15300000;kg/an
0006700569;SUEZ RV Nord Est RETZWILLER;2005;Air;Méthane (CH4);546000;kg/an
0006700526;ARLANXEO Emulsion Rubber France SAS;2005;Air;Composés organiques volatils non méthaniques (COVNM);71100;kg/an
0006700570;Ravago Building Soluations;2005;Air;Composés organiques volatils non méthaniques (COVNM);226000;kg/an
0006700526;ARLANXEO Emulsion Rubber France SAS;2005;Air;Hydroflurocarbures (HFC);68500;kg/an
0006700526;ARLANXEO Emulsion Rubber France SAS;2005;Air;1,3-butadiène;200;kg/an
0006700586;LESAFFRE CULINARY STRG (anct SENSIENT);2005;Eau (indirect);Carbone organique total (en tant que C total ou DCO/3);381000;kg/an
0006700586;LESAFFRE CULINARY STRG (anct SENSIENT);2005;Eau (indirect);Demande biologique en oxygène (DBO5);547000;kg/an
0006700526;ARLANXEO Emulsion Rubber France SAS;2005;Air;Acrylonitrile;760;kg/an
0006700586;LESAFFRE CULINARY STRG (anct SENSIENT);2005;Eau (indirect);Demande chimique en oxygène (DCO);1140000;kg/an
0006700526;ARLANXEO Emulsion Rubber France SAS;2005;Eau (direct);Arsenic et composés (exprimés en tant que As);15;kg/an
0006700589;COPVIAL SAS;2005;Eau (indirect);Carbone organique total (en tant que C total ou DCO/3);94500;kg/an
0006700589;COPVIAL SAS;2005;Eau (indirect);Demande biologique en oxygène (DBO5);128000;kg/an
0006700526;ARLANXEO Emulsion Rubber France SAS;2005;Eau (direct);Azote total;76400;kg/an
0006700589;COPVIAL SAS;2005;Eau (indirect);Demande chimique en oxygène (DCO);284000;kg/an
0006700598;WIENERBERGER SAS;2005;Air;Dioxyde de carbone (CO2) d'origine biomasse;18900000;kg/an
0006700526;ARLANXEO Emulsion Rubber France SAS;2005;Eau (direct);Carbone organique total (en tant que C total ou DCO/3);274000;kg/an
0006700598;WIENERBERGER SAS;2005;Air;Protoxyde d'azote (N2O);39800;kg/an
0006700526;ARLANXEO Emulsion Rubber France SAS;2005;Eau (direct);Cuivre et composés (exprimés en tant que Cu);407;kg/an
0006700607;Papeteries de turckheim;2005;Eau (direct);Carbone organique total (en tant que C total ou DCO/3);149000;kg/an
0006700607;Papeteries de turckheim;2005;Eau (direct);Demande biologique en oxygène (DBO5);53600;kg/an
0006700526;ARLANXEO Emulsion Rubber France SAS;2005;Eau (direct);Demande biologique en oxygène (DBO5);454000;kg/an
0006700607;Papeteries de turckheim;2005;Eau (direct);Demande chimique en oxygène (DCO);611000;kg/an
0006700526;ARLANXEO Emulsion Rubber France SAS;2005;Eau (direct);Demande chimique en oxygène (DCO);822000;kg/an
0006700608;MARS WRIGLEY CONFECTIONERY FRANCE;2005;Air;Hydroflurocarbures (HFC);236;kg/an
0006700526;ARLANXEO Emulsion Rubber France SAS;2005;Eau (direct);Nickel et composés (exprimés en tant que Ni);25;kg/an
0006700609;AUTOMOTIVE EXTERIORS EUROPE (FAURECIA);2005;Air;Composés organiques volatils non méthaniques (COVNM);231000;kg/an
0006700526;ARLANXEO Emulsion Rubber France SAS;2005;Eau (direct);Phénols (en tant que C total);467;kg/an
0006700612;LILLY FRANCE;2005;Air;Hydrocarbures aromatiques polycycliques (HAP);74;kg/an
0006700526;ARLANXEO Emulsion Rubber France SAS;2005;Eau (direct);Plomb et composés (exprimés en tant que Pb);25;kg/an
0006700612;LILLY FRANCE;2005;Air;Hydroflurocarbures (HFC);195;kg/an
0006700612;LILLY FRANCE;2005;Air;Aldéhyde formique (formaldéhyde);177;kg/an
0006700612;LILLY FRANCE;2005;Eau (indirect);Cuivre et composés (exprimés en tant que Cu);120;kg/an
0006700612;LILLY FRANCE;2005;Eau (indirect);Phosphore total;6120;kg/an
0006700526;ARLANXEO Emulsion Rubber France SAS;2005;Eau (direct);Acrylonitrile;2940;kg/an
0006700526;ARLANXEO Emulsion Rubber France SAS;2005;Eau (direct);Ammoniac (NH3);23800;kg/an
0006700536;Sénerval UVE;2005;Air;Chlorofluorocarbures (CFC);863;kg/an
0006700613;LIEBHERR FRANCE SAS;2005;Air;Composés organiques volatils non méthaniques (COVNM);55700;kg/an
0006700536;Sénerval UVE;2005;Air;Dioxines et furanes (PCDD + PCDF) (exprimés en iTeq);0.00267;kg/an
0006700536;Sénerval UVE;2005;Air;Hydrochlorofluorocarbures (HCFC);863;kg/an
0006700632;KRONENBOURG SUPPLY COMPANY SAS;2005;Air;Monoxyde de carbone (CO);9480000;kg/an
0006700633;MARS PF;2005;Eau (indirect);Carbone organique total (en tant que C total ou DCO/3);126000;kg/an
0006700536;Sénerval UVE;2005;Air;Mercure et composés (exprimés en tant que Hg);46.5;kg/an
0006700633;MARS PF;2005;Eau (indirect);Demande biologique en oxygène (DBO5);265000;kg/an
0006700633;MARS PF;2005;Eau (indirect);Demande chimique en oxygène (DCO);377000;kg/an
0006700536;Sénerval UVE;2005;Air;Oxydes d'azote (NOx/NO2);449000;kg/an
0006700633;MARS PF;2005;Eau (indirect);Phosphore total;7730;kg/an
0006700536;Sénerval UVE;2005;Air;Protoxyde d'azote (N2O);17300;kg/an
0006700637;WIENERBERGER SAS;2005;Air;Dioxyde de carbone (CO2) d'origine biomasse;13100000;kg/an
0006700637;WIENERBERGER SAS;2005;Air;Oxydes de soufre (SOx/SO2);174000;kg/an
0006700536;Sénerval UVE;2005;Air;Antimoine et composés (exprimés en tant que Sb);7.88;kg/an
0006700637;WIENERBERGER SAS;2005;Air;Protoxyde d'azote (N2O);61000;kg/an
0006700639;FEDERAL MOGUL VALVETRAIN (ex TRW);2005;Air;Cobalt et composés (exprimés en tant que Co);0.277;kg/an
0006700536;Sénerval UVE;2005;Eau (indirect);Cadmium et composés (exprimés en tant que Cd);5.72;kg/an
0006700536;Sénerval UVE;2005;Eau (indirect);Mercure et composés (exprimés en tant que Hg);5.13;kg/an
0006700642;ESSITY (ex TISSUE FRANCE);2005;Eau (direct);Carbone organique total (en tant que C total ou DCO/3);59600;kg/an
0006700642;ESSITY (ex TISSUE FRANCE);2005;Eau (direct);Demande chimique en oxygène (DCO);161000;kg/an
0006700536;Sénerval UVE;2005;Eau (indirect);Plomb et composés (exprimés en tant que Pb);73.3;kg/an
0006700643;TEREOS STARCH & SWEETENERS EUROPE;2005;Eau (direct);Carbone organique total (en tant que C total ou DCO/3);93100;kg/an
0006700536;Sénerval UVE;2005;Eau (direct);Chlore;3630;kg/an
0006700643;TEREOS STARCH & SWEETENERS EUROPE;2005;Eau (direct);Demande chimique en oxygène (DCO);279000;kg/an
0006700643;TEREOS STARCH & SWEETENERS EUROPE;2005;Eau (direct);Phosphore total;7940;kg/an
0006700536;Sénerval UVE;2005;Eau (direct);Cobalt et composés (exprimés en tant que Co);39.5;kg/an
0006700648;LANA PAPIERS SPECIAUX II;2005;Air;Méthane (CH4);226000;kg/an
0006700536;Sénerval UVE;2005;Eau (direct);Fluor et ses composés (F);1200;kg/an
0006700653;TRONOX France SAS;2005;Air;Monoxyde de carbone (CO);1200000;kg/an
0006700653;TRONOX France SAS;2005;Air;Oxydes de soufre (SOx/SO2);190000;kg/an
0006700536;Sénerval UVE;2005;Sol;Acide fluorhydrique (flurorure d'hydrogène);252;kg/an
0006700653;TRONOX France SAS;2005;Eau (direct);Arsenic et composés (exprimés en tant que As);17.2;kg/an
0006700653;TRONOX France SAS;2005;Eau (direct);Titane et composés (exprimés en tant que Ti);122;kg/an
0006700537;AMCOR (ex ALCAN);2005;Air;Composés organiques volatils non méthaniques (COVNM);436000;kg/an
0006700538;ALSACHIMIE;2005;Air;Composés organiques volatils non méthaniques (COVNM);450000;kg/an
0006700655;TDE Teintureries de l'Est;2005;Eau (indirect);Phosphore total;12300;kg/an
0006700538;ALSACHIMIE;2005;Air;Oxydes d'azote (NOx/NO2);1230000;kg/an
0006700656;VELCOREX since 1828;2005;Air;Protoxyde d'azote (N2O);18200;kg/an
0006700656;VELCOREX since 1828;2005;Eau (indirect);Carbone organique total (en tant que C total ou DCO/3);282000;kg/an
0006700538;ALSACHIMIE;2005;Air;Protoxyde d'azote (N2O);5090000;kg/an
0006700656;VELCOREX since 1828;2005;Eau (indirect);Demande biologique en oxygène (DBO5);277000;kg/an
0006700656;VELCOREX since 1828;2005;Eau (indirect);Demande chimique en oxygène (DCO);845000;kg/an
0006700538;ALSACHIMIE;2005;Eau (direct);Aluminium et composés (exprimés en tant que Al);2700;kg/an
0006700538;ALSACHIMIE;2005;Eau (direct);Azote total;1450000;kg/an
0006700538;ALSACHIMIE;2005;Eau (direct);Carbone organique total (en tant que C total ou DCO/3);1240000;kg/an
0006700663;CRISTAL UNION;2005;Eau (direct);Carbone organique total (en tant que C total ou DCO/3);64900;kg/an
0006700538;ALSACHIMIE;2005;Eau (direct);Chrome et composés (exprimés en tant que Cr);1110;kg/an
0006700663;CRISTAL UNION;2005;Eau (direct);Demande biologique en oxygène (DBO5);83500;kg/an
0006700663;CRISTAL UNION;2005;Eau (direct);Demande chimique en oxygène (DCO);195000;kg/an
0006700538;ALSACHIMIE;2005;Eau (direct);Composés organohalogénés (exprimés en tant que AOX);14800;kg/an
0006700668;BLUE PAPER;2005;Air;Dioxyde de carbone (CO2) d'origine biomasse;58700000;kg/an
0006700668;BLUE PAPER;2005;Eau (direct);Carbone organique total (en tant que C total ou DCO/3);657000;kg/an
0006700538;ALSACHIMIE;2005;Eau (direct);Cuivre et composés (exprimés en tant que Cu);2660;kg/an
0006700668;BLUE PAPER;2005;Eau (direct);Cuivre et composés (exprimés en tant que Cu);160;kg/an
0006700668;BLUE PAPER;2005;Eau (direct);Demande biologique en oxygène (DBO5);70300;kg/an
0006700538;ALSACHIMIE;2005;Eau (direct);Cyanures (sous forme de CN total);9670;kg/an
0006700668;BLUE PAPER;2005;Eau (direct);Demande chimique en oxygène (DCO);1970000;kg/an
0006700668;BLUE PAPER;2005;Eau (direct);Nickel et composés (exprimés en tant que Ni);80;kg/an
0006700538;ALSACHIMIE;2005;Eau (direct);Demande biologique en oxygène (DBO5);1830000;kg/an
0006700668;BLUE PAPER;2005;Eau (direct);Zinc et composés (exprimés en tant que Zn);1260;kg/an
0006700670;STOCKO CONTACT;2005;Eau (direct);Nickel et composés (exprimés en tant que Ni);44.2;kg/an
0006700538;ALSACHIMIE;2005;Eau (direct);Demande chimique en oxygène (DCO);3870000;kg/an
0006700673;VALEAURHIN;2005;Air;Dioxyde de carbone (CO2) d'origine biomasse;33000000;kg/an
0006700538;ALSACHIMIE;2005;Eau (direct);Fer et composés (exprimés en tant que Fe);8150;kg/an
0006700673;VALEAURHIN;2005;Air;Mercure et composés (exprimés en tant que Hg);17.6;kg/an
0006700673;VALEAURHIN;2005;Air;Oxydes de soufre (SOx/SO2);184000;kg/an
0006700538;ALSACHIMIE;2005;Eau (direct);Matières en suspension (MES);708000;kg/an
0006700673;VALEAURHIN;2005;Eau (direct);Azote total;746000;kg/an
0006700673;VALEAURHIN;2005;Eau (direct);Carbone organique total (en tant que C total ou DCO/3);943000;kg/an
0006700538;ALSACHIMIE;2005;Eau (direct);Nickel et composés (exprimés en tant que Ni);2590;kg/an
0006700673;VALEAURHIN;2005;Eau (direct);Demande biologique en oxygène (DBO5);598000;kg/an
0006700673;VALEAURHIN;2005;Eau (direct);Demande chimique en oxygène (DCO);2830000;kg/an
0006700538;ALSACHIMIE;2005;Eau (direct);Phosphore total;87300;kg/an
0006700673;VALEAURHIN;2005;Eau (direct);Matières en suspension (MES);1150000;kg/an
0006700673;VALEAURHIN;2005;Eau (direct);Phosphore total;71200;kg/an
0006700538;ALSACHIMIE;2005;Eau (direct);Phénols (en tant que C total);947;kg/an
0006700538;ALSACHIMIE;2005;Eau (direct);Zinc et composés (exprimés en tant que Zn);1280;kg/an
0006700677;Charcuterie Alsacienne de Molsheim ILLER S.A;2005;Eau (indirect);Demande biologique en oxygène (DBO5);85100;kg/an
0006700677;Charcuterie Alsacienne de Molsheim ILLER S.A;2005;Eau (indirect);Phosphore total;5320;kg/an
0006700541;EUROGLAS;2005;Air;Arsenic et composés (exprimés en tant que As);38;kg/an
0006700541;EUROGLAS;2005;Air;Cuivre et composés (exprimés en tant que Cu);138;kg/an
0006700678;RHODIA Opérations;2005;Air;Composés organiques volatils non méthaniques (COVNM);89800;kg/an
0006700678;RHODIA Opérations;2005;Air;Dichlorométhane (DCM, chlorure de méthylène);2930;kg/an
0006700541;EUROGLAS;2005;Air;Nickel et composés (exprimés en tant que Ni);56;kg/an
0006700678;RHODIA Opérations;2005;Air;Trichlorobenzènes (TCB) (tous les isomères);110;kg/an
0006700678;RHODIA Opérations;2005;Air;Méthanol (alcool méthylique);500;kg/an
0006700541;EUROGLAS;2005;Air;Oxydes d'azote (NOx/NO2);240000;kg/an
0006700678;RHODIA Opérations;2005;Eau (indirect);Azote total;173000;kg/an
0006700541;EUROGLAS;2005;Air;Acide fluorhydrique (flurorure d'hydrogène);210;kg/an
0006700678;RHODIA Opérations;2005;Eau (indirect);Phénols (en tant que C total);121;kg/an
0006700678;RHODIA Opérations;2005;Sol;Dichlorométhane (DCM, chlorure de méthylène);2930;kg/an
0006700541;EUROGLAS;2005;Air;Antimoine et composés (exprimés en tant que Sb);48;kg/an
0006700541;EUROGLAS;2005;Air;Cobalt et composés (exprimés en tant que Co);6;kg/an
0006700680;FLABEG France S.A.S;2005;Air;Méthanol (alcool méthylique);144;kg/an
0006700541;EUROGLAS;2005;Air;Etain et composés (exprimés en tant que Sn);18;kg/an
0006700683;H.B. FULLER ADHESIVES  FRANCE SAS;2005;Air;Dichlorométhane (DCM, chlorure de méthylène);2100;kg/an
0006700551;Mine Amélie;2005;Eau (direct);Arsenic et composés (exprimés en tant que As);2310;kg/an
0006700551;Mine Amélie;2005;Eau (direct);Cadmium et composés (exprimés en tant que Cd);50;kg/an
0006700551;Mine Amélie;2005;Eau (direct);Chlorures (en tant que Cl total);767000000;kg/an
0006700551;Mine Amélie;2005;Eau (direct);Chrome et composés (exprimés en tant que Cr);2730;kg/an
0006700551;Mine Amélie;2005;Eau (direct);Cuivre et composés (exprimés en tant que Cu);3440;kg/an
0006700683;H.B. FULLER ADHESIVES  FRANCE SAS;2005;Air;1,2-dibromoéthane (dibromure d'éthylène);2100;kg/an
0006700551;Mine Amélie;2005;Eau (direct);Fer et composés (exprimés en tant que Fe);1400000;kg/an
0006700688;HEINEKEN ENTREPRISE SAS;2005;Eau (indirect);Carbone organique total (en tant que C total ou DCO/3);396000;kg/an
0006700551;Mine Amélie;2005;Eau (direct);Manganèse et composés (exprimés en tant que Mn);40500;kg/an
0006801150;SOCLI;2005;Air;Composés organiques volatils non méthaniques (COVNM);89000;kg/an
0006700688;HEINEKEN ENTREPRISE SAS;2005;Eau (indirect);Demande chimique en oxygène (DCO);1190000;kg/an
0006700688;HEINEKEN ENTREPRISE SAS;2005;Eau (indirect);Phosphore total;9300;kg/an
0006700694;TANNERIES HAAS;2005;Eau (indirect);Carbone organique total (en tant que C total ou DCO/3);58800;kg/an
0006802152;MAEC Sas;2005;Air;Dichlorométhane (DCM, chlorure de méthylène);43000;kg/an
0006700694;TANNERIES HAAS;2005;Eau (indirect);Chrome et composés (exprimés en tant que Cr);78.9;kg/an
0006700694;TANNERIES HAAS;2005;Eau (indirect);Demande biologique en oxygène (DBO5);83100;kg/an
0006700694;TANNERIES HAAS;2005;Eau (indirect);Demande chimique en oxygène (DCO);176000;kg/an
0006700696;GUNTHER TOOLS;2005;Air;Méthanol (alcool méthylique);1.5;kg/an
0006802152;MAEC Sas;2005;Air;Tétrachloroéthylène (PER, tétrachloroéthylène);20000;kg/an
0006802157;RATIER FIGEAC  Sas;2005;Air;Dichlorométhane (DCM, chlorure de méthylène);1790;kg/an
0006802157;RATIER FIGEAC  Sas;2005;Air;Hydrochlorofluorocarbures (HCFC);1400;kg/an
0006700696;GUNTHER TOOLS;2005;Eau (direct);Méthanol (alcool méthylique);14.5;kg/an
0006802157;RATIER FIGEAC  Sas;2005;Air;Tétrachloroéthylène (PER, tétrachloroéthylène);20400;kg/an
0006700701;HOLCIM HAUT-RHIN;2005;Air;Oxydes d'azote (NOx/NO2);609000;kg/an
0006802160;SOLEV  Sas;2005;Air;Composés organiques volatils non méthaniques (COVNM);278000;kg/an
0006700720;SIL FALA;2005;Eau (indirect);Azote total;153000;kg/an
0006700720;SIL FALA;2005;Eau (indirect);Carbone organique total (en tant que C total ou DCO/3);787000;kg/an
0006700720;SIL FALA;2005;Eau (indirect);Demande biologique en oxygène (DBO5);1660000;kg/an
0006802160;SOLEV  Sas;2005;Air;Dichlorométhane (DCM, chlorure de méthylène);1260;kg/an
0006700720;SIL FALA;2005;Eau (indirect);Demande chimique en oxygène (DCO);2360000;kg/an
0006802171;Smdea (ex-Aslhvt);2005;Eau (direct);Azote total;64200;kg/an
0006802171;Smdea (ex-Aslhvt);2005;Eau (direct);Carbone organique total (en tant que C total ou DCO/3);923000;kg/an
0006700724;CHALEUR HAUTEPIERRE;2005;Air;Oxydes de soufre (SOx/SO2);190000;kg/an
0006700745;STEIH;2005;Eau (direct);Carbone organique total (en tant que C total ou DCO/3);132000;kg/an
0006802171;Smdea (ex-Aslhvt);2005;Eau (direct);Chrome et composés (exprimés en tant que Cr);100;kg/an
0006700745;STEIH;2005;Eau (direct);Chloroforme (trichlorométhane);32;kg/an
0006700745;STEIH;2005;Eau (direct);Chlorures (en tant que Cl total);7010000;kg/an
0006802171;Smdea (ex-Aslhvt);2005;Eau (direct);Cuivre et composés (exprimés en tant que Cu);160;kg/an
0006700745;STEIH;2005;Eau (direct);Chrome et composés (exprimés en tant que Cr);78.2;kg/an
0006700745;STEIH;2005;Eau (direct);Composés organohalogénés (exprimés en tant que AOX);3430;kg/an
0006802171;Smdea (ex-Aslhvt);2005;Eau (direct);Demande chimique en oxygène (DCO);2770000;kg/an
0006700745;STEIH;2005;Eau (direct);Demande biologique en oxygène (DBO5);90000;kg/an
0006802171;Smdea (ex-Aslhvt);2005;Eau (direct);Phosphore total;9600;kg/an
0006802177;NESTOR;2005;Eau (indirect);Carbone organique total (en tant que C total ou DCO/3);94700;kg/an
0006700745;STEIH;2005;Eau (direct);Demande chimique en oxygène (DCO);574000;kg/an
0006700745;STEIH;2005;Eau (direct);Mercure et composés (exprimés en tant que Hg);1.2;kg/an
0006700745;STEIH;2005;Eau (direct);Nickel et composés (exprimés en tant que Ni);39.9;kg/an
0006700745;STEIH;2005;Eau (direct);Phénols (en tant que C total);320;kg/an
0006700745;STEIH;2005;Eau (direct);Aniline;6.4;kg/an
0006802177;NESTOR;2005;Eau (indirect);Demande chimique en oxygène (DCO);284000;kg/an
0006700746;COGERI;2005;Air;Composés organiques volatils non méthaniques (COVNM);42600;kg/an
0006700746;COGERI;2005;Air;Oxydes d'azote (NOx/NO2);136000;kg/an
0006802180;Forges de Niaux;2005;Air;Composés organiques volatils non méthaniques (COVNM);71400;kg/an
0006700749;STATION D'EPURATION ASIHVT;2005;Eau (direct);Carbone organique total (en tant que C total ou DCO/3);375000;kg/an
0006700749;STATION D'EPURATION ASIHVT;2005;Eau (direct);Demande biologique en oxygène (DBO5);411000;kg/an
0006802180;Forges de Niaux;2005;Eau (direct);Fer et composés (exprimés en tant que Fe);5620;kg/an
0006700749;STATION D'EPURATION ASIHVT;2005;Eau (direct);Demande chimique en oxygène (DCO);1130000;kg/an
0006700752;TRESCH CLERGET SAS;2005;Eau (indirect);Demande biologique en oxygène (DBO5);84800;kg/an
0006802181;Aubert et Duval usine de Pamiers;2005;Air;Fluor et ses composés (F);145;kg/an
0006802185;Papeteries de Saint-Girons SAS;2005;Eau (direct);Carbone organique total (en tant que C total ou DCO/3);173000;kg/an
0006700760;MAHLE BEHR France;2005;Air;Tétrachloroéthylène (PER, tétrachloroéthylène);54700;kg/an
0006802185;Papeteries de Saint-Girons SAS;2005;Eau (direct);Demande chimique en oxygène (DCO);520000;kg/an
0006700774;INTERDECAF;2005;Air;Composés organiques volatils non méthaniques (COVNM);45000;kg/an
0006700774;INTERDECAF;2005;Air;Dichlorométhane (DCM, chlorure de méthylène);45000;kg/an
0006802188;RECAERO;2005;Eau (direct);Acide cyanhydrique (HCN);0.001;kg/an
0006700774;INTERDECAF;2005;Eau (direct);Dichlorométhane (DCM, chlorure de méthylène);694;kg/an
0006802188;RECAERO;2005;Eau (direct);Fluor et ses composés (F);0.922;kg/an
0006802192;MONTFERRIER;2005;Eau (indirect);Carbone organique total (en tant que C total ou DCO/3);67600;kg/an
0006700775;COSTIL TANNERIES DE FRANCE SAS;2005;Eau (indirect);Carbone organique total (en tant que C total ou DCO/3);59200;kg/an
0006700775;COSTIL TANNERIES DE FRANCE SAS;2005;Eau (indirect);Chrome et composés (exprimés en tant que Cr);606;kg/an
0006802192;MONTFERRIER;2005;Eau (indirect);Demande biologique en oxygène (DBO5);56700;kg/an
0006700775;COSTIL TANNERIES DE FRANCE SAS;2005;Eau (indirect);Demande biologique en oxygène (DBO5);87800;kg/an
0006700775;COSTIL TANNERIES DE FRANCE SAS;2005;Eau (indirect);Demande chimique en oxygène (DCO);178000;kg/an
0006802192;MONTFERRIER;2005;Eau (indirect);Demande chimique en oxygène (DCO);251000;kg/an
0006700789;MALTERIES FRANCO-BELGES;2005;Eau (direct);Demande biologique en oxygène (DBO5);64000;kg/an
0006802235;EDF CPE site d'ALBI;2005;Air;Chlore et composés inorganiques (en tant que HCl);12400;kg/an
0006802235;EDF CPE site d'ALBI;2005;Air;Fluor et composés inorganiques (en tant que HF);7240;kg/an
0006700794;WIENERBERGER;2005;Air;Chlore;800;kg/an
0006802235;EDF CPE site d'ALBI;2005;Air;Mercure et composés (exprimés en tant que Hg);11;kg/an
0006700794;WIENERBERGER;2005;Air;Fluor et ses composés (F);1100;kg/an
0006802235;EDF CPE site d'ALBI;2005;Air;Oxydes de soufre (SOx/SO2);2370000;kg/an
0006802235;EDF CPE site d'ALBI;2005;Air;Oxydes d'azote (NOx/NO2);1540000;kg/an
0006700796;WIENERBERGER;2005;Air;Fluor et ses composés (F);580;kg/an
0006802235;EDF CPE site d'ALBI;2005;Air;Particules (PM10);376000;kg/an
0006802235;EDF CPE site d'ALBI;2005;Air;Poussières totales;432000;kg/an
0006700805;LALIQUE;2005;Air;Acide fluorhydrique (flurorure d'hydrogène);1.28;kg/an
0006700805;LALIQUE;2005;Eau (direct);Fluor et ses composés (F);180000;kg/an
0006802235;EDF CPE site d'ALBI;2005;Eau (direct);Cuivre et composés (exprimés en tant que Cu);452;kg/an
0006700806;KNAUF INDUSTRIES (anc ISOBOX TECHN);2005;Air;Composés organiques volatils non méthaniques (COVNM);67600;kg/an
0006802235;EDF CPE site d'ALBI;2005;Eau (direct);Zinc et composés (exprimés en tant que Zn);194;kg/an
0006802238;VOA VERRERIE OUVRIERE D' ALBI SA;2005;Air;Arsenic et composés (exprimés en tant que As);125;kg/an
0006700838;LOHR Industrie;2005;Air;Composés organiques volatils non méthaniques (COVNM);107000;kg/an
0006700846;DELABLI division Delpierre site de Wisches;2005;Eau (indirect);Carbone organique total (en tant que C total ou DCO/3);105000;kg/an
0006802238;VOA VERRERIE OUVRIERE D' ALBI SA;2005;Air;Cadmium et composés (exprimés en tant que Cd);29;kg/an
0006700846;DELABLI division Delpierre site de Wisches;2005;Eau (indirect);Demande biologique en oxygène (DBO5);160000;kg/an
0006700846;DELABLI division Delpierre site de Wisches;2005;Eau (indirect);Demande chimique en oxygène (DCO);314000;kg/an
0006802238;VOA VERRERIE OUVRIERE D' ALBI SA;2005;Air;Nickel et composés (exprimés en tant que Ni);88;kg/an
0006700847;BESTFOODS FRANCE Industries;2005;Eau (indirect);Carbone organique total (en tant que C total ou DCO/3);52200;kg/an
0006700847;BESTFOODS FRANCE Industries;2005;Eau (indirect);Demande biologique en oxygène (DBO5);69200;kg/an
0006700847;BESTFOODS FRANCE Industries;2005;Eau (indirect);Demande chimique en oxygène (DCO);157000;kg/an
0006802238;VOA VERRERIE OUVRIERE D' ALBI SA;2005;Air;Oxydes de soufre (SOx/SO2);307000;kg/an
0006802238;VOA VERRERIE OUVRIERE D' ALBI SA;2005;Air;Oxydes d'azote (NOx/NO2);229000;kg/an
0006701057;Société des Malteries d'Alsace;2005;Eau (indirect);Carbone organique total (en tant que C total ou DCO/3);155000;kg/an
0006701057;Société des Malteries d'Alsace;2005;Eau (indirect);Demande biologique en oxygène (DBO5);240000;kg/an
0006802238;VOA VERRERIE OUVRIERE D' ALBI SA;2005;Air;Plomb et composés (exprimés en tant que Pb);1250;kg/an
0006701057;Société des Malteries d'Alsace;2005;Eau (indirect);Demande chimique en oxygène (DCO);466000;kg/an
0006701060;BIO SPRINGER;2005;Eau (indirect);Carbone organique total (en tant que C total ou DCO/3);212000;kg/an
0006802257;BIGARD;2005;Eau (indirect);Azote total;60400;kg/an
0006701060;BIO SPRINGER;2005;Eau (indirect);Demande biologique en oxygène (DBO5);318000;kg/an
0006701060;BIO SPRINGER;2005;Eau (indirect);Demande chimique en oxygène (DCO);636000;kg/an
0006701060;BIO SPRINGER;2005;Eau (indirect);Phosphore total;9860;kg/an
0006701094;STANDART SAS;2005;Eau (indirect);Carbone organique total (en tant que C total ou DCO/3);97700;kg/an
0006802257;BIGARD;2005;Eau (indirect);Carbone organique total (en tant que C total ou DCO/3);233000;kg/an
0006701094;STANDART SAS;2005;Eau (indirect);Demande biologique en oxygène (DBO5);143000;kg/an
0006701094;STANDART SAS;2005;Eau (indirect);Demande chimique en oxygène (DCO);293000;kg/an
0006802257;BIGARD;2005;Eau (indirect);Demande biologique en oxygène (DBO5);386000;kg/an
0006802257;BIGARD;2005;Eau (indirect);Demande chimique en oxygène (DCO);700000;kg/an
0006701188;IMPRIMERIE ALSACIENNE DIDIER QUEBECOR;2005;Air;Composés organiques volatils non méthaniques (COVNM);250000;kg/an
0006701216;ISTRA;2005;Eau (direct);Cadmium et composés (exprimés en tant que Cd);6;kg/an
0006802257;BIGARD;2005;Eau (indirect);Phosphore total;9610;kg/an
0006701221;BRASSERIE SCHUTZENBERGER;2005;Eau (indirect);Carbone organique total (en tant que C total ou DCO/3);52100;kg/an
0006802263;SEPIPROD Usine Lacaze Basse;2005;Air;Epichlorhydrine (1-chloro-2,3-époxypropane);1;kg/an
0006701221;BRASSERIE SCHUTZENBERGER;2005;Eau (indirect);Demande biologique en oxygène (DBO5);138000;kg/an
0006701221;BRASSERIE SCHUTZENBERGER;2005;Eau (indirect);Demande chimique en oxygène (DCO);156000;kg/an
0006802263;SEPIPROD Usine Lacaze Basse;2005;Air;Fluor et ses composés (F);10;kg/an
0006701424;MILLIPORE;2005;Air;Dichlorométhane (DCM, chlorure de méthylène);1260;kg/an
0006802263;SEPIPROD Usine Lacaze Basse;2005;Air;Oxyde de propylène (1,2-époxypropane);4;kg/an
0006802263;SEPIPROD Usine Lacaze Basse;2005;Air;Oxyde d'éthylène;18;kg/an
0006701483;EVERAD ADHESIVES SAS;2005;Air;Méthanol (alcool méthylique);0.2;kg/an
0006802263;SEPIPROD Usine Lacaze Basse;2005;Eau (indirect);Carbone organique total (en tant que C total ou DCO/3);117000;kg/an
0006701518;FAURECIA INSPIRING MOBILITY;2005;Air;Aldéhyde formique (formaldéhyde);993;kg/an
0006802263;SEPIPROD Usine Lacaze Basse;2005;Eau (indirect);Demande chimique en oxygène (DCO);352000;kg/an
0006701518;FAURECIA INSPIRING MOBILITY;2005;Air;Phénols (en tant que C total);634;kg/an
0006802263;SEPIPROD Usine Lacaze Basse;2005;Eau (indirect);Phénols (en tant que C total);24;kg/an
0006802263;SEPIPROD Usine Lacaze Basse;2005;Eau (direct);Fluor et ses composés (F);256;kg/an
0006701621;Arthur Metz;2005;Eau (indirect);Demande biologique en oxygène (DBO5);125000;kg/an
0006802267;SA PIERRE FABRE MEDICAMENT;2005;Air;Composés organiques volatils non méthaniques (COVNM);392000;kg/an
0006701724;STEELCASE Marlenheim;2005;Eau (indirect);Chloroforme (trichlorométhane);145;kg/an
0006802267;SA PIERRE FABRE MEDICAMENT;2005;Eau (indirect);Carbone organique total (en tant que C total ou DCO/3);68200;kg/an
0006802267;SA PIERRE FABRE MEDICAMENT;2005;Eau (indirect);Demande chimique en oxygène (DCO);205000;kg/an
0006802267;SA PIERRE FABRE MEDICAMENT;2005;Eau (indirect);Dichlorométhane (DCM, chlorure de méthylène);162;kg/an
0006802267;SA PIERRE FABRE MEDICAMENT;2005;Eau (direct);1,4-dioxane;4150;kg/an
0006802267;SA PIERRE FABRE MEDICAMENT;2005;Eau (direct);Méthanol (alcool méthylique);40100;kg/an
0006802269;SAS HYDRO EXTRUSION ALBI;2005;Eau (direct);Fluor et ses composés (F);964;kg/an
0006802285;SAS GELATINES WEISHARDT;2005;Eau (direct);Azote total;154000;kg/an
0006701841;EVNA;2005;Air;Dioxyde de carbone (CO2) d'origine biomasse;33200000;kg/an
0006701841;EVNA;2005;Air;Acide fluorhydrique (flurorure d'hydrogène);105;kg/an
0006701841;EVNA;2005;Air;Antimoine et composés (exprimés en tant que Sb);0.06;kg/an
0006701841;EVNA;2005;Air;Cobalt et composés (exprimés en tant que Co);0.82;kg/an
0006802298;SAS TARNAISE DES PANNEAUX;2005;Air;Dioxyde de carbone (CO2) d'origine biomasse;64500000;kg/an
0006701841;EVNA;2005;Eau (direct);Fluor et ses composés (F);0.676;kg/an
0006702042;FREUDENBERG PERFORMANCE MATERIALS;2005;Air;Acrylonitrile;479;kg/an
0006802298;SAS TARNAISE DES PANNEAUX;2005;Air;Oxydes d'azote (NOx/NO2);147000;kg/an
0006702042;FREUDENBERG PERFORMANCE MATERIALS;2005;Air;Acétaldéhyde (aldéhyde acétique  éthanal);30;kg/an
0006702042;FREUDENBERG PERFORMANCE MATERIALS;2005;Air;Aldéhyde formique (formaldéhyde);246;kg/an
0006802298;SAS TARNAISE DES PANNEAUX;2005;Eau (direct);Carbone organique total (en tant que C total ou DCO/3);92000;kg/an
0006702042;FREUDENBERG PERFORMANCE MATERIALS;2005;Air;Méthanol (alcool méthylique);1140;kg/an
0006802298;SAS TARNAISE DES PANNEAUX;2005;Eau (direct);Demande chimique en oxygène (DCO);276000;kg/an
0006802323;GALVACIER SAS;2005;Air;Zinc et composés (exprimés en tant que Zn);550;kg/an
0006802325;SOCIETE LAINIERE DU BASCAUD;2005;Eau (direct);Carbone organique total (en tant que C total ou DCO/3);104000;kg/an
0006702046;KERMEL;2005;Eau (indirect);Phénols (en tant que C total);117;kg/an
0006802325;SOCIETE LAINIERE DU BASCAUD;2005;Eau (direct);Demande biologique en oxygène (DBO5);120000;kg/an
0006702053;HUSSOR;2005;Air;Composés organiques volatils non méthaniques (COVNM);41500;kg/an
0006802325;SOCIETE LAINIERE DU BASCAUD;2005;Eau (direct);Demande chimique en oxygène (DCO);313000;kg/an
0006702056;BUDELPACK LIEPVRE SAS;2005;Eau (indirect);Carbone organique total (en tant que C total ou DCO/3);83400;kg/an
0006702056;BUDELPACK LIEPVRE SAS;2005;Eau (indirect);Demande biologique en oxygène (DBO5);198000;kg/an
0006802339;YEO FRAIS;2005;Eau (indirect);Carbone organique total (en tant que C total ou DCO/3);260000;kg/an
0006702056;BUDELPACK LIEPVRE SAS;2005;Eau (indirect);Demande chimique en oxygène (DCO);250000;kg/an
0006802339;YEO FRAIS;2005;Eau (indirect);Demande biologique en oxygène (DBO5);369000;kg/an
0006702151;SOJINAL;2005;Eau (indirect);Carbone organique total (en tant que C total ou DCO/3);86600;kg/an
0006802339;YEO FRAIS;2005;Eau (indirect);Demande chimique en oxygène (DCO);780000;kg/an
0006702151;SOJINAL;2005;Eau (indirect);Demande chimique en oxygène (DCO);260000;kg/an
0006802339;YEO FRAIS;2005;Eau (indirect);Phosphore total;5950;kg/an
0006702202;TFL France SAS;2005;Air;Aldéhyde formique (formaldéhyde);1;kg/an
0006702202;TFL France SAS;2005;Eau (indirect);Carbone organique total (en tant que C total ou DCO/3);51600;kg/an
0006802344;AIRBUS OPERATIONS SAS site Clément Ader;2005;Air;Composés organiques volatils non méthaniques (COVNM);204000;kg/an
0006702202;TFL France SAS;2005;Eau (indirect);Phénols (en tant que C total);222;kg/an
0006802353;AIRBUS OPERATIONS SAS  St Martin du TOUCH;2005;Air;Composés organiques volatils non méthaniques (COVNM);48600;kg/an
0006702209;SIVOM agglo mulhousienne Sausheim - UIOM;2005;Air;Arsenic et composés (exprimés en tant que As);26.6;kg/an
0006702209;SIVOM agglo mulhousienne Sausheim - UIOM;2005;Air;Dioxyde de carbone (CO2) d'origine biomasse;62000000;kg/an
0006802385;BOUYER LEROUX site de COLOMIERS;2005;Air;Dioxyde de carbone (CO2) d'origine biomasse;24700000;kg/an
0006702209;SIVOM agglo mulhousienne Sausheim - UIOM;2005;Air;Nickel et composés (exprimés en tant que Ni);174;kg/an
0006802396;MECAPROTEC INDUSTRIES 1 - MPI;2005;Eau (direct);Fluor et ses composés (F);6.31;kg/an
0006702209;SIVOM agglo mulhousienne Sausheim - UIOM;2005;Air;Oxydes d'azote (NOx/NO2);130000;kg/an
0006702247;DAIICHI SANKYO ALTKIRCH SARL;2005;Air;Composés organiques volatils non méthaniques (COVNM);42600;kg/an
0006802405;SATYS SURFACE TREATMENT Toulouse (PRODEM;2005;Air;Acide fluorhydrique (flurorure d'hydrogène);228;kg/an
0006702247;DAIICHI SANKYO ALTKIRCH SARL;2005;Air;Acétaldéhyde (aldéhyde acétique  éthanal);116;kg/an
0006702247;DAIICHI SANKYO ALTKIRCH SARL;2005;Air;Méthanol (alcool méthylique);42400;kg/an
0006802405;SATYS SURFACE TREATMENT Toulouse (PRODEM;2005;Eau (direct);Fluor et ses composés (F);0.85;kg/an
0006702299;TRANSPORTS KLEIN;2005;Eau (indirect);Demande biologique en oxygène (DBO5);90500;kg/an
0006702300;SUEZ RV Nord-Est;2005;Air;Méthane (CH4);219000;kg/an
0006802412;SETMI;2005;Air;Oxydes d'azote (NOx/NO2);208000;kg/an
0006702408;SMICTOM d'Alsace Centrale;2005;Air;Méthane (CH4);1630000;kg/an
0006702409;SMICTOM NORD ALSACE;2005;Eau (direct);Fluor et ses composés (F);1.85;kg/an
0006802412;SETMI;2005;Air;Zinc et composés (exprimés en tant que Zn);908;kg/an
0006802412;SETMI;2005;Air;Acide fluorhydrique (flurorure d'hydrogène);375;kg/an
0006702557;CFS CELLPACK PACKAGING;2005;Air;Composés organiques volatils non méthaniques (COVNM);329000;kg/an
0006702686;TRONOX FRANCE SAS;2005;Eau (direct);Arsenic et composés (exprimés en tant que As);8.8;kg/an
0006802412;SETMI;2005;Air;Antimoine et composés (exprimés en tant que Sb);3.5;kg/an
0006702686;TRONOX FRANCE SAS;2005;Eau (direct);Manganèse et composés (exprimés en tant que Mn);1840;kg/an
0006802412;SETMI;2005;Air;Cobalt et composés (exprimés en tant que Co);0.77;kg/an
0006802412;SETMI;2005;Air;Etain et composés (exprimés en tant que Sn);10;kg/an
0006703195;Dow AgroSciences S.A.S.;2005;Air;Sulfure d'hydrogène (H2S);38000;kg/an
0006802412;SETMI;2005;Air;Fluor et ses composés (F);375;kg/an
0006703195;Dow AgroSciences S.A.S.;2005;Air;Zinc et composés (exprimés en tant que Zn);493;kg/an
0006703195;Dow AgroSciences S.A.S.;2005;Air;Sulfure de carbone;86700;kg/an
0006802424;SOCIETE TRAITEMENTS CHIMIQUES DES METAUX;2005;Air;Sulfure d'hydrogène (H2S);4990;kg/an
0006802424;SOCIETE TRAITEMENTS CHIMIQUES DES METAUX;2005;Air;Etain et composés (exprimés en tant que Sn);0.08;kg/an
0006802431;ANTARGAZ FINAGAZ;2005;Air;Composés organiques volatils non méthaniques (COVNM);31900;kg/an
0006802760;NXP SEMICONDUCTORS FRANCE SAS;2005;Air;Acide fluorhydrique (flurorure d'hydrogène);8;kg/an
0006802435;ROZIERE S.A.;2005;Air;Composés organiques volatils non méthaniques (COVNM);42000;kg/an
0006802760;NXP SEMICONDUCTORS FRANCE SAS;2005;Air;Chlore;71.4;kg/an
0006802437;ABATTOIR DE CAPDENAC SARL;2005;Eau (indirect);Carbone organique total (en tant que C total ou DCO/3);55400;kg/an
0006802437;ABATTOIR DE CAPDENAC SARL;2005;Eau (indirect);Demande chimique en oxygène (DCO);166000;kg/an
0006802760;NXP SEMICONDUCTORS FRANCE SAS;2005;Air;Crésol (mélange d'isomères);0.523;kg/an
0006802459;PECHDO SA TANNERIES NOUVELLES;2005;Eau (indirect);Carbone organique total (en tant que C total ou DCO/3);89100;kg/an
0006802459;PECHDO SA TANNERIES NOUVELLES;2005;Eau (indirect);Demande chimique en oxygène (DCO);267000;kg/an
0006802760;NXP SEMICONDUCTORS FRANCE SAS;2005;Air;Fluor et ses composés (F);8;kg/an
0006802463;RODEZ ABATTOIR;2005;Eau (indirect);Azote total;83400;kg/an
0006802463;RODEZ ABATTOIR;2005;Eau (indirect);Carbone organique total (en tant que C total ou DCO/3);128000;kg/an
0006802760;NXP SEMICONDUCTORS FRANCE SAS;2005;Eau (direct);Fluorures (en tant que F total);6340;kg/an
0006802463;RODEZ ABATTOIR;2005;Eau (indirect);Demande biologique en oxygène (DBO5);238000;kg/an
0006802463;RODEZ ABATTOIR;2005;Eau (indirect);Demande chimique en oxygène (DCO);383000;kg/an
0006802760;NXP SEMICONDUCTORS FRANCE SAS;2005;Eau (direct);Acide fluorhydrique (flurorure d'hydrogène);5000;kg/an
0006802464;SOCIETE PORC MONTAGNE;2005;Eau (indirect);Azote total;69300;kg/an
0006802760;NXP SEMICONDUCTORS FRANCE SAS;2005;Eau (direct);Fluor et ses composés (F);1340;kg/an
0006802464;SOCIETE PORC MONTAGNE;2005;Eau (indirect);Carbone organique total (en tant que C total ou DCO/3);105000;kg/an
0006802464;SOCIETE PORC MONTAGNE;2005;Eau (indirect);Demande biologique en oxygène (DBO5);195000;kg/an
0006802838;MEYLAN 60;2005;Eau (direct);Carbone organique total (en tant que C total ou DCO/3);92900;kg/an
0006802464;SOCIETE PORC MONTAGNE;2005;Eau (indirect);Demande chimique en oxygène (DCO);314000;kg/an
0006802838;MEYLAN 60;2005;Eau (direct);Demande chimique en oxygène (DCO);279000;kg/an
0006802467;SOCIETE FROMAGERE DE RODEZ;2005;Eau (indirect);Azote total;53400;kg/an
0006802932;THALES ALENIA SPACE FRANCE;2005;Air;Acide fluorhydrique (flurorure d'hydrogène);30;kg/an
0006802467;SOCIETE FROMAGERE DE RODEZ;2005;Eau (indirect);Carbone organique total (en tant que C total ou DCO/3);453000;kg/an
0006802467;SOCIETE FROMAGERE DE RODEZ;2005;Eau (indirect);Demande chimique en oxygène (DCO);1360000;kg/an
0006802467;SOCIETE FROMAGERE DE RODEZ;2005;Eau (indirect);Matières en suspension (MES);304000;kg/an
0006802944;ARIANEGROUP (ex HERAKLES);2005;Eau (direct);Cadmium et composés (exprimés en tant que Cd);6;kg/an
0006802467;SOCIETE FROMAGERE DE RODEZ;2005;Eau (indirect);Phosphore total;10300;kg/an
0006802468;SOCIETE FROMAGERE DE RODEZ;2005;Eau (indirect);Carbone organique total (en tant que C total ou DCO/3);66400;kg/an
0006802468;SOCIETE FROMAGERE DE RODEZ;2005;Eau (indirect);Demande chimique en oxygène (DCO);199000;kg/an
0006802957;CMT FINITION le martinet;2005;Eau (indirect);Tétrachloroéthylène (PER, tétrachloroéthylène);192;kg/an
0006803102;SASCA;2005;Air;Composés organiques volatils non méthaniques (COVNM);45000;kg/an
0006802471;SAS ITA MOULDING PROCESS;2005;Air;Composés organiques volatils non méthaniques (COVNM);36400;kg/an
0006802471;SAS ITA MOULDING PROCESS;2005;Air;Dichlorométhane (DCM, chlorure de méthylène);5880;kg/an
0006803107;Boehringer Ingelheim (ex MERIAL);2005;Eau (indirect);Mercure et composés (exprimés en tant que Hg);5.2;kg/an
0006802476;VM BUILDING SOLUTIONS;2005;Air;Zinc et composés (exprimés en tant que Zn);350;kg/an
0006802476;VM BUILDING SOLUTIONS;2005;Eau (direct);Cadmium et composés (exprimés en tant que Cd);17;kg/an
0006803426;SIDENERGIE SA;2005;Air;Dioxyde de carbone (CO2) d'origine biomasse;18300000;kg/an
0006802476;VM BUILDING SOLUTIONS;2005;Eau (direct);Nickel et composés (exprimés en tant que Ni);85;kg/an
0006802476;VM BUILDING SOLUTIONS;2005;Eau (direct);Zinc et composés (exprimés en tant que Zn);900;kg/an
0006803622;KNAUF INDUSTRIES SUD OUEST;2005;Air;Composés organiques volatils non méthaniques (COVNM);39100;kg/an
0006802478;JINJIANG SAM;2005;Air;Hexafluorure de soufre (SF6);1980;kg/an
0006803634;RAYNAL ET ROQUELAURE;2005;Eau (indirect);Carbone organique total (en tant que C total ou DCO/3);61800;kg/an
0006803634;RAYNAL ET ROQUELAURE;2005;Eau (indirect);Demande biologique en oxygène (DBO5);109000;kg/an
0006802481;ORANO Mining - station de Bertholène;2005;Eau (direct);Manganèse et composés (exprimés en tant que Mn);1640;kg/an
0006802501;BOSTIK - USINE D'IBOS;2005;Air;Méthanol (alcool méthylique);267;kg/an
0006803634;RAYNAL ET ROQUELAURE;2005;Eau (indirect);Demande chimique en oxygène (DCO);185000;kg/an
0006803707;NOUVELLE FONDERIE GILLET INDUSTRIES SA;2005;Air;Etain et composés (exprimés en tant que Sn);0.016;kg/an
0006802504;ALUMINIUM PECHINEY - USINE DE LANNEMEZAN;2005;Air;Fluor et composés inorganiques (en tant que HF);249000;kg/an
0006802504;ALUMINIUM PECHINEY - USINE DE LANNEMEZAN;2005;Air;Hydrocarbures aromatiques polycycliques (HAP);472;kg/an
0006802504;ALUMINIUM PECHINEY - USINE DE LANNEMEZAN;2005;Air;Oxydes de soufre (SOx/SO2);462000;kg/an
0006803824;EUROSERUM;2005;Eau (indirect);Carbone organique total (en tant que C total ou DCO/3);132000;kg/an
0006802504;ALUMINIUM PECHINEY - USINE DE LANNEMEZAN;2005;Air;Perfluorocarbures (PFC);95500;kg/an
0006802504;ALUMINIUM PECHINEY - USINE DE LANNEMEZAN;2005;Air;Poussières totales;434000;kg/an
0006803824;EUROSERUM;2005;Eau (indirect);Demande biologique en oxygène (DBO5);135000;kg/an
0006802504;ALUMINIUM PECHINEY - USINE DE LANNEMEZAN;2005;Air;Benzo (a) pyrène;45;kg/an
0006802504;ALUMINIUM PECHINEY - USINE DE LANNEMEZAN;2005;Air;Fluor et ses composés (F);330000;kg/an
0006803824;EUROSERUM;2005;Eau (indirect);Demande chimique en oxygène (DCO);397000;kg/an
0006802504;ALUMINIUM PECHINEY - USINE DE LANNEMEZAN;2005;Eau (direct);Fluorures (en tant que F total);12400;kg/an
0006802504;ALUMINIUM PECHINEY - USINE DE LANNEMEZAN;2005;Eau (direct);Fluor et ses composés (F);2920;kg/an
0006803836;EDILIANS (ex imerys Tuilerie Leguevin);2005;Air;Chlore et composés inorganiques (en tant que HCl);19000;kg/an
0006802505;ARKEMA;2005;Air;Acide cyanhydrique (HCN);6500;kg/an
0006803963;SA COVED;2005;Air;Méthane (CH4);1050000;kg/an
0006802505;ARKEMA;2005;Air;Ammoniac (NH3);113000;kg/an
0006802505;ARKEMA;2005;Air;Composés organiques volatils non méthaniques (COVNM);227000;kg/an
0006804098;SOULIE RESTAURATION SA;2005;Eau (indirect);Carbone organique total (en tant que C total ou DCO/3);56100;kg/an
0006802505;ARKEMA;2005;Air;Antimoine et composés (exprimés en tant que Sb);0.225;kg/an
0006802505;ARKEMA;2005;Air;Chlore;500;kg/an
0006804098;SOULIE RESTAURATION SA;2005;Eau (indirect);Demande biologique en oxygène (DBO5);93500;kg/an
0006802505;ARKEMA;2005;Air;Cobalt et composés (exprimés en tant que Co);1.4;kg/an
0006802505;ARKEMA;2005;Air;Fluor et ses composés (F);2;kg/an
0006804098;SOULIE RESTAURATION SA;2005;Eau (indirect);Demande chimique en oxygène (DCO);168000;kg/an
0006802505;ARKEMA;2005;Air;Hydrazine;138;kg/an
0006802505;ARKEMA;2005;Air;Méthanol (alcool méthylique);1800;kg/an
0006802505;ARKEMA;2005;Eau (direct);Carbone organique total (en tant que C total ou DCO/3);122000;kg/an
0006802505;ARKEMA;2005;Eau (direct);Cyanures (sous forme de CN total);125;kg/an
0006804265;SAS COVED;2005;Air;Fluor et composés inorganiques (en tant que HF);11000;kg/an
0006802505;ARKEMA;2005;Eau (direct);Hydrazine;141;kg/an
0006802513;FERROPEM;2005;Air;Oxydes de soufre (SOx/SO2);326000;kg/an
0006804265;SAS COVED;2005;Air;Méthane (CH4);273000;kg/an
0006802518;DAHER Tarbes;2005;Air;Trichloréthylène;13700;kg/an
0006804265;SAS COVED;2005;Air;Oxydes de soufre (SOx/SO2);3670000;kg/an
0006802544;BASF HEALTH AND CARE PRODUCTS FRANCE;2005;Air;Méthanol (alcool méthylique);50;kg/an
0006804445;DRIMM;2005;Air;Chlore;1140;kg/an
0006802544;BASF HEALTH AND CARE PRODUCTS FRANCE;2005;Eau (direct);Carbone organique total (en tant que C total ou DCO/3);96500;kg/an
0006802544;BASF HEALTH AND CARE PRODUCTS FRANCE;2005;Eau (direct);Demande biologique en oxygène (DBO5);113000;kg/an
0006804445;DRIMM;2005;Air;Cobalt et composés (exprimés en tant que Co);0.09;kg/an
0006802544;BASF HEALTH AND CARE PRODUCTS FRANCE;2005;Eau (direct);Demande chimique en oxygène (DCO);290000;kg/an
0006802544;BASF HEALTH AND CARE PRODUCTS FRANCE;2005;Eau (direct);Méthanol (alcool méthylique);50;kg/an
0006804445;DRIMM;2005;Air;Etain et composés (exprimés en tant que Sn);0.09;kg/an
0006802548;FIBRE EXCELLENCE SAINT-GAUDENS;2005;Air;Dioxyde de carbone (CO2) d'origine biomasse;750000000;kg/an
0006804445;DRIMM;2005;Air;Fluor et ses composés (F);425;kg/an
0006802548;FIBRE EXCELLENCE SAINT-GAUDENS;2005;Air;Monoxyde de carbone (CO);2190000;kg/an
0006802548;FIBRE EXCELLENCE SAINT-GAUDENS;2005;Air;Oxydes de soufre (SOx/SO2);389000;kg/an
0006804445;DRIMM;2005;Eau (direct);Ammoniac (NH3);104;kg/an
0006802548;FIBRE EXCELLENCE SAINT-GAUDENS;2005;Air;Oxydes d'azote (NOx/NO2);521000;kg/an
0006802548;FIBRE EXCELLENCE SAINT-GAUDENS;2005;Air;Protoxyde d'azote (N2O);21400;kg/an
0006804445;DRIMM;2005;Eau (direct);Chlore;388;kg/an
0006802548;FIBRE EXCELLENCE SAINT-GAUDENS;2005;Eau (direct);Carbone organique total (en tant que C total ou DCO/3);1110000;kg/an
0006802548;FIBRE EXCELLENCE SAINT-GAUDENS;2005;Eau (direct);Chloroforme (trichlorométhane);37.4;kg/an
0006804445;DRIMM;2005;Eau (direct);Fluor et ses composés (F);83.9;kg/an
0006802548;FIBRE EXCELLENCE SAINT-GAUDENS;2005;Eau (direct);Composés organohalogénés (exprimés en tant que AOX);17800;kg/an
0006802548;FIBRE EXCELLENCE SAINT-GAUDENS;2005;Eau (direct);Demande biologique en oxygène (DBO5);324000;kg/an
0006804821;ONYX - SOVAL;2005;Air;Méthane (CH4);2390000;kg/an
0006802548;FIBRE EXCELLENCE SAINT-GAUDENS;2005;Eau (direct);Demande chimique en oxygène (DCO);3330000;kg/an
0006802548;FIBRE EXCELLENCE SAINT-GAUDENS;2005;Eau (direct);Di(2-éthylhexyle)phtalate (DEHP);833;kg/an
0006804821;ONYX - SOVAL;2005;Eau (direct);Chrome hexavalent et composés (exprimés en tant que Cr VI);57;kg/an
0006802548;FIBRE EXCELLENCE SAINT-GAUDENS;2005;Eau (direct);Matières en suspension (MES);1160000;kg/an
0006804830;COVED;2005;Air;Méthane (CH4);260000;kg/an
0006802551;Usine de MARIGNAC;2005;Air;Hexafluorure de soufre (SF6);4540;kg/an
0006802560;ECONOTRE;2005;Air;Oxydes d'azote (NOx/NO2);264000;kg/an
0006900013;EDF SEI;2005;Air;Composés organiques volatils non méthaniques (COVNM);71400;kg/an
0006802560;ECONOTRE;2005;Air;Protoxyde d'azote (N2O);15600;kg/an
0006802560;ECONOTRE;2005;Air;Acide fluorhydrique (flurorure d'hydrogène);41;kg/an
0006802560;ECONOTRE;2005;Air;Antimoine et composés (exprimés en tant que Sb);5;kg/an
0006802560;ECONOTRE;2005;Air;Cobalt et composés (exprimés en tant que Co);2;kg/an
0006900013;EDF SEI;2005;Air;Oxydes de soufre (SOx/SO2);1470000;kg/an
0006802560;ECONOTRE;2005;Air;Etain et composés (exprimés en tant que Sn);7;kg/an
0006802560;ECONOTRE;2005;Eau (direct);Fluor et ses composés (F);596;kg/an
0006900013;EDF SEI;2005;Air;Oxydes d'azote (NOx/NO2);2710000;kg/an
0006900024;ARIANESPACE - KOUROU/ELA 2;2005;Air;Chlorofluorocarbures (CFC);790;kg/an
0006802586;TERREAL (usine);2005;Air;Chlore;129;kg/an
0006802586;TERREAL (usine);2005;Air;Fluor et ses composés (F);50;kg/an
0006900024;ARIANESPACE - KOUROU/ELA 2;2005;Air;Hydrazine;0.7;kg/an
0006802598;LAFARGE CIMENTS;2005;Air;Composés organiques volatils non méthaniques (COVNM);47700;kg/an
0006802598;LAFARGE CIMENTS;2005;Air;Cuivre et composés (exprimés en tant que Cu);186;kg/an
0006900025;ARIANESPACE-KOUROU/ELA;2005;Air;Chlore et composés inorganiques (en tant que HCl);130000;kg/an
0006802598;LAFARGE CIMENTS;2005;Air;Dioxyde de carbone (CO2) d'origine biomasse;36000000;kg/an
0006802598;LAFARGE CIMENTS;2005;Air;Oxydes de soufre (SOx/SO2);202000;kg/an
0006802598;LAFARGE CIMENTS;2005;Air;Oxydes d'azote (NOx/NO2);1360000;kg/an
0006900025;ARIANESPACE-KOUROU/ELA;2005;Air;Chlorofluorocarbures (CFC);1580;kg/an
0006802617;SOGEFI FILTRATION FRANCE;2005;Air;Aldéhyde formique (formaldéhyde);6.27;kg/an
0006900025;ARIANESPACE-KOUROU/ELA;2005;Air;Hydrazine;2.5;kg/an
0006802617;SOGEFI FILTRATION FRANCE;2005;Air;Phénols (en tant que C total);9.62;kg/an
0006802617;SOGEFI FILTRATION FRANCE;2005;Eau (direct);Ammoniac (NH3);361;kg/an
0006802617;SOGEFI FILTRATION FRANCE;2005;Eau (direct);Fluor et ses composés (F);0.632;kg/an
0006900028;REGULUS SA UPG;2005;Air;Chlore;336;kg/an
0006802640;Sage Automotive Interiors France;2005;Eau (indirect);Carbone organique total (en tant que C total ou DCO/3);173000;kg/an
0006802640;Sage Automotive Interiors France;2005;Eau (indirect);Demande biologique en oxygène (DBO5);200000;kg/an
0006802640;Sage Automotive Interiors France;2005;Eau (indirect);Demande chimique en oxygène (DCO);520000;kg/an
0006900028;REGULUS SA UPG;2005;Sol;Trichloréthylène;720;kg/an
0006802641;Alliance Maestria;2005;Air;Composés organiques volatils non méthaniques (COVNM);45000;kg/an
0006900030;CNES CSG - EPCU S5(prépa charges utiles);2005;Air;Hydrazine;0.54;kg/an
0006900030;CNES CSG - EPCU S5(prépa charges utiles);2005;Eau (direct);Hydrazine;0.005;kg/an
0006802653;MELINA SAS;2005;Eau (indirect);Carbone organique total (en tant que C total ou DCO/3);70800;kg/an
0006802653;MELINA SAS;2005;Eau (indirect);Demande biologique en oxygène (DBO5);73000;kg/an
0006900030;CNES CSG - EPCU S5(prépa charges utiles);2005;Sol;Hydrazine;0.005;kg/an
0006802653;MELINA SAS;2005;Eau (indirect);Demande chimique en oxygène (DCO);330000;kg/an
0006802653;MELINA SAS;2005;Eau (indirect);Dichlorométhane (DCM, chlorure de méthylène);36;kg/an
0006900053;Monsieur Jonchier Bernard;2005;Air;Ammoniac (NH3);13100;kg/an
0006802653;MELINA SAS;2005;Eau (indirect);Tétrachloroéthylène (PER, tétrachloroéthylène);215;kg/an
0006802653;MELINA SAS;2005;Eau (direct);Ammoniac (NH3);740;kg/an
0006802726;SUEZ RV ENERGIE;2005;Air;Dioxines et furanes (PCDD + PCDF) (exprimés en iTeq);0.00151;kg/an
0006802726;SUEZ RV ENERGIE;2005;Air;Dioxyde de carbone (CO2) d'origine biomasse;10200000;kg/an
0006900067;RHUMS SAINT MAURICE;2005;Eau (direct);Carbone organique total (en tant que C total ou DCO/3);72500;kg/an
0006802726;SUEZ RV ENERGIE;2005;Air;Acide fluorhydrique (flurorure d'hydrogène);249;kg/an
0006802760;NXP SEMICONDUCTORS FRANCE SAS;2005;Air;Hydroflurocarbures (HFC);227;kg/an
0006900067;RHUMS SAINT MAURICE;2005;Eau (direct);Demande biologique en oxygène (DBO5);102000;kg/an
0006802760;NXP SEMICONDUCTORS FRANCE SAS;2005;Air;Perfluorocarbures (PFC);7000;kg/an
0007000034;WIENERBERGER SAS (briqueterie);2005;Air;Fluor et composés inorganiques (en tant que HF);11300;kg/an
0007000034;WIENERBERGER SAS (briqueterie);2005;Air;Oxydes de soufre (SOx/SO2);186000;kg/an
0007000034;WIENERBERGER SAS (briqueterie);2005;Air;Chlore;2770;kg/an
0007000483;ARKEMA FRANCE;2005;Air;Oxyde d'éthylène;20800;kg/an
0007000034;WIENERBERGER SAS (briqueterie);2005;Air;Fluor et ses composés (F);11300;kg/an
0007000483;ARKEMA FRANCE;2005;Air;Sulfate de diméthyle;28;kg/an
0007000190;EQIOM;2005;Air;Composés organiques volatils non méthaniques (COVNM);35000;kg/an
0007000489;NORPAPER AVOT-VALLEE SAS;2005;Sol;Benzo (a) pyrène;0.1;kg/an
0007000190;EQIOM;2005;Air;Oxydes de soufre (SOx/SO2);204000;kg/an
0007000489;NORPAPER AVOT-VALLEE SAS;2005;Sol;Cadmium et composés (exprimés en tant que Cd);1.3;kg/an
0007000489;NORPAPER AVOT-VALLEE SAS;2005;Sol;Chrome et composés (exprimés en tant que Cr);28.1;kg/an
0007000190;EQIOM;2005;Air;Oxydes d'azote (NOx/NO2);721000;kg/an
0007000489;NORPAPER AVOT-VALLEE SAS;2005;Sol;Cuivre et composés (exprimés en tant que Cu);151;kg/an
0007000489;NORPAPER AVOT-VALLEE SAS;2005;Sol;Plomb et composés (exprimés en tant que Pb);26.7;kg/an
0007000190;EQIOM;2005;Air;Antimoine et composés (exprimés en tant que Sb);3.87;kg/an
0007000489;NORPAPER AVOT-VALLEE SAS;2005;Sol;Zinc et composés (exprimés en tant que Zn);214;kg/an
0007000190;EQIOM;2005;Air;Cobalt et composés (exprimés en tant que Co);1.9;kg/an
0007000190;EQIOM;2005;Air;Ethylèneimine (aziridine);5.09;kg/an
0007000490;RDM BLENDECQUES SAS;2005;Eau (direct);Carbone organique total (en tant que C total ou DCO/3);68200;kg/an
0007000223;SEVE;2005;Air;Oxydes d'azote (NOx/NO2);176000;kg/an
0007000490;RDM BLENDECQUES SAS;2005;Eau (direct);Demande chimique en oxygène (DCO);205000;kg/an
0007000436;HEINEKEN ENTREPRISE;2005;Eau (indirect);Carbone organique total (en tant que C total ou DCO/3);112000;kg/an
0007000499;PPG;2005;Air;Composés organiques volatils non méthaniques (COVNM);95400;kg/an
0007000436;HEINEKEN ENTREPRISE;2005;Eau (indirect);Demande biologique en oxygène (DBO5);104000;kg/an
0007000504;EDF Direction Production Ingénierie -;2005;Air;Chlore et composés inorganiques (en tant que HCl);413000;kg/an
0007000436;HEINEKEN ENTREPRISE;2005;Eau (indirect);Demande chimique en oxygène (DCO);335000;kg/an
0007000436;HEINEKEN ENTREPRISE;2005;Eau (indirect);Phosphore total;16400;kg/an
0007000438;DILLINGER (ex GTS INDUSTRIES);2005;Air;Composés organiques volatils non méthaniques (COVNM);65000;kg/an
0007000504;EDF Direction Production Ingénierie -;2005;Air;Fluor et composés inorganiques (en tant que HF);25400;kg/an
0007000438;DILLINGER (ex GTS INDUSTRIES);2005;Air;Oxydes de soufre (SOx/SO2);286000;kg/an
0007000504;EDF Direction Production Ingénierie -;2005;Air;Mercure et composés (exprimés en tant que Hg);35;kg/an
0007000504;EDF Direction Production Ingénierie -;2005;Air;Nickel et composés (exprimés en tant que Ni);100;kg/an
0007000442;SAINT GOBAIN GLASS FRANCE;2005;Air;Chlore et composés inorganiques (en tant que HCl);22800;kg/an
0007000504;EDF Direction Production Ingénierie -;2005;Air;Oxydes de soufre (SOx/SO2);4980000;kg/an
0007000504;EDF Direction Production Ingénierie -;2005;Air;Oxydes d'azote (NOx/NO2);3660000;kg/an
0007000442;SAINT GOBAIN GLASS FRANCE;2005;Air;Oxydes de soufre (SOx/SO2);638000;kg/an
0007000504;EDF Direction Production Ingénierie -;2005;Air;Particules (PM10);554000;kg/an
0007000504;EDF Direction Production Ingénierie -;2005;Air;Poussières totales;692000;kg/an
0007000442;SAINT GOBAIN GLASS FRANCE;2005;Air;Oxydes d'azote (NOx/NO2);473000;kg/an
0007000504;EDF Direction Production Ingénierie -;2005;Air;Protoxyde d'azote (N2O);10500;kg/an
0007000504;EDF Direction Production Ingénierie -;2005;Air;Chlore;413000;kg/an
0007000442;SAINT GOBAIN GLASS FRANCE;2005;Air;Acide fluorhydrique (flurorure d'hydrogène);788;kg/an
0007000504;EDF Direction Production Ingénierie -;2005;Air;Fluor et ses composés (F);25400;kg/an
0007000504;EDF Direction Production Ingénierie -;2005;Eau (direct);Cuivre et composés (exprimés en tant que Cu);726;kg/an
0007000442;SAINT GOBAIN GLASS FRANCE;2005;Eau (direct);Fluor et ses composés (F);0.061;kg/an
0007000504;EDF Direction Production Ingénierie -;2005;Eau (direct);Zinc et composés (exprimés en tant que Zn);302;kg/an
0007000445;DSM Food Specialties;2005;Eau (indirect);Azote total;186000;kg/an
0007000507;ANTARGAZ;2005;Air;Composés organiques volatils non méthaniques (COVNM);45700;kg/an
0007000445;DSM Food Specialties;2005;Eau (indirect);Carbone organique total (en tant que C total ou DCO/3);934000;kg/an
0007000507;ANTARGAZ;2005;Air;1,3-butadiène;22.7;kg/an
0007000445;DSM Food Specialties;2005;Eau (indirect);Demande biologique en oxygène (DBO5);1610000;kg/an
0007000508;COMILOG ex Dunkerque Electrométallurgie;2005;Air;Cadmium et composés (exprimés en tant que Cd);14;kg/an
0007000445;DSM Food Specialties;2005;Eau (indirect);Demande chimique en oxygène (DCO);2800000;kg/an
0007000508;COMILOG ex Dunkerque Electrométallurgie;2005;Air;Chrome et composés (exprimés en tant que Cr);177;kg/an
0007000508;COMILOG ex Dunkerque Electrométallurgie;2005;Air;Manganèse et composés (exprimés en tant que Mn);4200;kg/an
0007000445;DSM Food Specialties;2005;Eau (indirect);Phosphore total;117000;kg/an
0007000508;COMILOG ex Dunkerque Electrométallurgie;2005;Air;Mercure et composés (exprimés en tant que Hg);65;kg/an
0007000508;COMILOG ex Dunkerque Electrométallurgie;2005;Air;Monoxyde de carbone (CO);917000;kg/an
0007000508;COMILOG ex Dunkerque Electrométallurgie;2005;Air;Zinc et composés (exprimés en tant que Zn);865;kg/an
0007000508;COMILOG ex Dunkerque Electrométallurgie;2005;Air;Antimoine et composés (exprimés en tant que Sb);24;kg/an
0007000445;DSM Food Specialties;2005;Eau (indirect);Zinc et composés (exprimés en tant que Zn);676;kg/an
0007000508;COMILOG ex Dunkerque Electrométallurgie;2005;Air;Cobalt et composés (exprimés en tant que Co);25;kg/an
0007000508;COMILOG ex Dunkerque Electrométallurgie;2005;Air;Etain et composés (exprimés en tant que Sn);50;kg/an
0007000458;SITA Nord Est SAS;2005;Air;Méthane (CH4);115000;kg/an
0007000460;SITA FD - La Caloterie;2005;Air;Dioxyde de carbone (CO2) d'origine biomasse;14600000;kg/an
0007000509;EDF CPE site de Dunkerque;2005;Air;Oxydes de soufre (SOx/SO2);190000;kg/an
0007000509;EDF CPE site de Dunkerque;2005;Air;Oxydes d'azote (NOx/NO2);148000;kg/an
0007000509;EDF CPE site de Dunkerque;2005;Eau (direct);Cuivre et composés (exprimés en tant que Cu);258;kg/an
0007000460;SITA FD - La Caloterie;2005;Air;Méthane (CH4);547000;kg/an
0007000519;3M FRANCE;2005;Air;Composés organiques volatils non méthaniques (COVNM);35400;kg/an
0007000519;3M FRANCE;2005;Air;Antimoine et composés (exprimés en tant que Sb);1.03;kg/an
0007000461;SUEZ RV NORD EST - ISDND Lewarde;2005;Air;Dioxyde de carbone (CO2) d'origine biomasse;37300000;kg/an
0007000519;3M FRANCE;2005;Air;Cobalt et composés (exprimés en tant que Co);0.16;kg/an
0007000519;3M FRANCE;2005;Air;Fluor et ses composés (F);290;kg/an
0007000519;3M FRANCE;2005;Air;Méthanol (alcool méthylique);0.11;kg/an
0007000461;SUEZ RV NORD EST - ISDND Lewarde;2005;Air;Méthane (CH4);1620000;kg/an
0007000520;Flint Group France;2005;Air;Composés organiques volatils non méthaniques (COVNM);105000;kg/an
0007000463;SUEZ RV NORD EST - ISDND Hersin-Coupigny;2005;Air;Dioxyde de carbone (CO2) d'origine biomasse;46600000;kg/an
0007000527;TERIS Loon Plage;2005;Eau (direct);Fluorures (en tant que F total);7800;kg/an
0007000527;TERIS Loon Plage;2005;Eau (direct);Mercure et composés (exprimés en tant que Hg);3.2;kg/an
0007000463;SUEZ RV NORD EST - ISDND Hersin-Coupigny;2005;Air;Méthane (CH4);2330000;kg/an
0007000534;SYNTHEXIM (Site Calaire);2005;Eau (indirect);1,2-dichloroéthane (DCE - chlorure d'éthylène);278;kg/an
0007000534;SYNTHEXIM (Site Calaire);2005;Eau (indirect);Azote total;69700;kg/an
0007000473;BRIDGESTONE/FIRESTONE FRANCE SA;2005;Air;Composés organiques volatils non méthaniques (COVNM);490000;kg/an
0007000534;SYNTHEXIM (Site Calaire);2005;Eau (indirect);Carbone organique total (en tant que C total ou DCO/3);328000;kg/an
0007000534;SYNTHEXIM (Site Calaire);2005;Eau (indirect);Chlorures (en tant que Cl total);3020000;kg/an
0007000481;HSWT;2005;Air;Dioxines et furanes (PCDD + PCDF) (exprimés en iTeq);0.0094;kg/an
0007000534;SYNTHEXIM (Site Calaire);2005;Eau (indirect);Composés organohalogénés (exprimés en tant que AOX);20800;kg/an
0007000534;SYNTHEXIM (Site Calaire);2005;Eau (indirect);Demande biologique en oxygène (DBO5);421000;kg/an
0007000534;SYNTHEXIM (Site Calaire);2005;Eau (indirect);Demande chimique en oxygène (DCO);899000;kg/an
0007000534;SYNTHEXIM (Site Calaire);2005;Eau (indirect);Dichlorométhane (DCM, chlorure de méthylène);143;kg/an
0007000481;HSWT;2005;Air;Méthanol (alcool méthylique);11;kg/an
0007000534;SYNTHEXIM (Site Calaire);2005;Eau (indirect);Sulfates;1710000;kg/an
0007000534;SYNTHEXIM (Site Calaire);2005;Eau (indirect);Zinc et composés (exprimés en tant que Zn);167;kg/an
0007000481;HSWT;2005;Eau (direct);Chlorures (en tant que Cl total);2740000;kg/an
0007000534;SYNTHEXIM (Site Calaire);2005;Eau (direct);Ammoniac (NH3);16600;kg/an
0007000481;HSWT;2005;Eau (direct);Sulfates;2140000;kg/an
0007000554;CVE de Maubeuge;2005;Air;Dioxyde de carbone (CO2) d'origine biomasse;36000000;kg/an
0007000554;CVE de Maubeuge;2005;Air;Mercure et composés (exprimés en tant que Hg);27.7;kg/an
0007000481;HSWT;2005;Eau (direct);Méthanol (alcool méthylique);6360;kg/an
0007000554;CVE de Maubeuge;2005;Air;Oxydes d'azote (NOx/NO2);103000;kg/an
0007000581;ASTRAZENECA DUNKERQUE PRODUCTION;2005;Air;Hydroflurocarbures (HFC);423;kg/an
0007000482;CANDIA;2005;Eau (indirect);Carbone organique total (en tant que C total ou DCO/3);116000;kg/an
0007000581;ASTRAZENECA DUNKERQUE PRODUCTION;2005;Air;Méthanol (alcool méthylique);2220;kg/an
0007000581;ASTRAZENECA DUNKERQUE PRODUCTION;2005;Eau (direct);Méthanol (alcool méthylique);876;kg/an
0007000482;CANDIA;2005;Eau (indirect);Demande biologique en oxygène (DBO5);198000;kg/an
0007000482;CANDIA;2005;Eau (indirect);Demande chimique en oxygène (DCO);349000;kg/an
0007000582;BRASSERIE DE SAINT-OMER;2005;Eau (indirect);Carbone organique total (en tant que C total ou DCO/3);53700;kg/an
0007000482;CANDIA;2005;Eau (indirect);Phosphore total;9380;kg/an
0007000582;BRASSERIE DE SAINT-OMER;2005;Eau (indirect);Demande biologique en oxygène (DBO5);54800;kg/an
0007000582;BRASSERIE DE SAINT-OMER;2005;Eau (indirect);Demande chimique en oxygène (DCO);161000;kg/an
0007000483;ARKEMA FRANCE;2005;Air;Ammoniac (NH3);137000;kg/an
0007000582;BRASSERIE DE SAINT-OMER;2005;Eau (indirect);Phosphore total;15300;kg/an
0007000588;Société de la Raffinerie de Dunkerque;2005;Air;Ammoniac (NH3);30000;kg/an
0007000483;ARKEMA FRANCE;2005;Air;Composés organiques volatils non méthaniques (COVNM);122000;kg/an
0007000588;Société de la Raffinerie de Dunkerque;2005;Air;Composés organiques volatils non méthaniques (COVNM);90800;kg/an
0007000588;Société de la Raffinerie de Dunkerque;2005;Air;Oxydes de soufre (SOx/SO2);2840000;kg/an
0007000483;ARKEMA FRANCE;2005;Air;1,4-dioxane;1190;kg/an
0007000588;Société de la Raffinerie de Dunkerque;2005;Air;Oxydes d'azote (NOx/NO2);459000;kg/an
0007000588;Société de la Raffinerie de Dunkerque;2005;Air;Poussières totales;267000;kg/an
0007000483;ARKEMA FRANCE;2005;Air;Acrylonitrile;498;kg/an
0007000588;Société de la Raffinerie de Dunkerque;2005;Eau (direct);Ammoniac (NH3);30100;kg/an
0007000588;Société de la Raffinerie de Dunkerque;2005;Eau (direct);Chlore;66000;kg/an
0007000483;ARKEMA FRANCE;2005;Air;Aldéhyde formique (formaldéhyde);474;kg/an
0007000483;ARKEMA FRANCE;2005;Air;Chlorométhane (chlorure de méthyle);47700;kg/an
0007000589;INEOS STYROLUTION FRANCE SAS;2005;Air;Composés organiques volatils non méthaniques (COVNM);311000;kg/an
0007000483;ARKEMA FRANCE;2005;Air;Oxyde de propylène (1,2-époxypropane);2400;kg/an
0007000635;BEFESA  VALERA SAS;2005;Air;Fluor et ses composés (F);581;kg/an
0007000605;Les Brasseurs de Gayant;2005;Eau (indirect);Carbone organique total (en tant que C total ou DCO/3);67700;kg/an
0007000605;Les Brasseurs de Gayant;2005;Eau (indirect);Demande biologique en oxygène (DBO5);76200;kg/an
0007000605;Les Brasseurs de Gayant;2005;Eau (indirect);Demande chimique en oxygène (DCO);203000;kg/an
0007000635;BEFESA  VALERA SAS;2005;Eau (direct);Acide cyanhydrique (HCN);0.03;kg/an
0007000635;BEFESA  VALERA SAS;2005;Eau (direct);Fluor et ses composés (F);41.6;kg/an
0007000607;AIR LIQUIDE FRANCE INDUSTRIE (ALFI);2005;Air;Protoxyde d'azote (N2O);79300;kg/an
0007000636;VALEO Equipements Electriques Moteur;2005;Air;Composés organiques volatils non méthaniques (COVNM);171000;kg/an
0007000640;UMICORE;2005;Air;Oxydes de soufre (SOx/SO2);401000;kg/an
0007000612;NORZINCO;2005;Air;Zinc et composés (exprimés en tant que Zn);1660;kg/an
0007000640;UMICORE;2005;Eau (direct);Cadmium et composés (exprimés en tant que Cd);6.7;kg/an
0007000618;WIPAK GRYSPEERT SAS;2005;Air;Composés organiques volatils non méthaniques (COVNM);80700;kg/an
0007000640;UMICORE;2005;Eau (direct);Fluorures (en tant que F total);2170;kg/an
0007000619;AGRATI;2005;Eau (direct);Nickel et composés (exprimés en tant que Ni);104;kg/an
0007000619;AGRATI;2005;Eau (direct);Zinc et composés (exprimés en tant que Zn);215;kg/an
0007000640;UMICORE;2005;Eau (direct);Mercure et composés (exprimés en tant que Hg);1.17;kg/an
0007000620;VYNOVA MAZINGARBE  SAS;2005;Air;Chlorure de vinyle (chloroéthène);9100;kg/an
0007000620;VYNOVA MAZINGARBE  SAS;2005;Eau (direct);Chlorure de vinyle (chloroéthène);206;kg/an
0007000640;UMICORE;2005;Eau (direct);Plomb et composés (exprimés en tant que Pb);59.5;kg/an
0007000621;ARC FRANCE;2005;Air;Arsenic et composés (exprimés en tant que As);145;kg/an
0007000655;Ets BELLIER et Cie;2005;Eau (indirect);Carbone organique total (en tant que C total ou DCO/3);68000;kg/an
0007000621;ARC FRANCE;2005;Air;Chlore et composés inorganiques (en tant que HCl);19500;kg/an
0007000621;ARC FRANCE;2005;Air;Oxydes de soufre (SOx/SO2);169000;kg/an
0007000621;ARC FRANCE;2005;Air;Oxydes d'azote (NOx/NO2);1150000;kg/an
0007000655;Ets BELLIER et Cie;2005;Eau (indirect);Demande biologique en oxygène (DBO5);59700;kg/an
0007000621;ARC FRANCE;2005;Eau (direct);Nickel et composés (exprimés en tant que Ni);41;kg/an
0007000621;ARC FRANCE;2005;Eau (direct);Plomb et composés (exprimés en tant que Pb);94;kg/an
0007000655;Ets BELLIER et Cie;2005;Eau (indirect);Demande chimique en oxygène (DCO);204000;kg/an
0007000621;ARC FRANCE;2005;Eau (direct);Zinc et composés (exprimés en tant que Zn);165;kg/an
0007000631;VALLOUREC  OIL AND GAS FRANCE;2005;Air;Composés organiques volatils non méthaniques (COVNM);113000;kg/an
0007000655;Ets BELLIER et Cie;2005;Eau (indirect);Zinc et composés (exprimés en tant que Zn);115;kg/an
0007000658;TEREOS France;2005;Air;Oxydes de soufre (SOx/SO2);310000;kg/an
0007000632;VTFR Tuberie (ex V&M France - TUBERIE);2005;Eau (direct);Cadmium et composés (exprimés en tant que Cd);24;kg/an
0007000632;VTFR Tuberie (ex V&M France - TUBERIE);2005;Eau (direct);Plomb et composés (exprimés en tant que Pb);48;kg/an
0007000658;TEREOS France;2005;Air;Oxydes d'azote (NOx/NO2);192000;kg/an
0007000658;TEREOS France;2005;Air;Protoxyde d'azote (N2O);24000;kg/an
0007000635;BEFESA  VALERA SAS;2005;Air;Cadmium et composés (exprimés en tant que Cd);14.6;kg/an
0007000663;UNIPER FRANCE POWER SAS ex-EON ex-SNET;2005;Air;Arsenic et composés (exprimés en tant que As);34;kg/an
0007000635;BEFESA  VALERA SAS;2005;Air;Chrome et composés (exprimés en tant que Cr);194;kg/an
0007000635;BEFESA  VALERA SAS;2005;Air;Manganèse et composés (exprimés en tant que Mn);269;kg/an
0007000663;UNIPER FRANCE POWER SAS ex-EON ex-SNET;2005;Air;Cadmium et composés (exprimés en tant que Cd);28;kg/an
0007000635;BEFESA  VALERA SAS;2005;Air;Mercure et composés (exprimés en tant que Hg);33.4;kg/an
0007000635;BEFESA  VALERA SAS;2005;Air;Monoxyde de carbone (CO);1320000;kg/an
0007000663;UNIPER FRANCE POWER SAS ex-EON ex-SNET;2005;Air;Chlore et composés inorganiques (en tant que HCl);30200;kg/an
0007000635;BEFESA  VALERA SAS;2005;Air;Nickel et composés (exprimés en tant que Ni);130;kg/an
0007000635;BEFESA  VALERA SAS;2005;Air;Plomb et composés (exprimés en tant que Pb);308;kg/an
0007000663;UNIPER FRANCE POWER SAS ex-EON ex-SNET;2005;Air;Chrome et composés (exprimés en tant que Cr);866;kg/an
0007000635;BEFESA  VALERA SAS;2005;Air;Zinc et composés (exprimés en tant que Zn);2240;kg/an
0007000663;UNIPER FRANCE POWER SAS ex-EON ex-SNET;2005;Air;Cuivre et composés (exprimés en tant que Cu);156;kg/an
0007000663;UNIPER FRANCE POWER SAS ex-EON ex-SNET;2005;Air;Fluor et composés inorganiques (en tant que HF);77600;kg/an
0007000663;UNIPER FRANCE POWER SAS ex-EON ex-SNET;2005;Air;Manganèse et composés (exprimés en tant que Mn);576;kg/an
0007000757;INGREDIA;2005;Eau (indirect);Demande biologique en oxygène (DBO5);385000;kg/an
0007000757;INGREDIA;2005;Eau (indirect);Demande chimique en oxygène (DCO);821000;kg/an
0007000663;UNIPER FRANCE POWER SAS ex-EON ex-SNET;2005;Air;Mercure et composés (exprimés en tant que Hg);28;kg/an
0007000757;INGREDIA;2005;Eau (indirect);Phosphore total;12300;kg/an
0007000663;UNIPER FRANCE POWER SAS ex-EON ex-SNET;2005;Air;Nickel et composés (exprimés en tant que Ni);583;kg/an
0007000761;AGC FRANCE SAS;2005;Air;Arsenic et composés (exprimés en tant que As);40;kg/an
0007000761;AGC FRANCE SAS;2005;Air;Cadmium et composés (exprimés en tant que Cd);23;kg/an
0007000663;UNIPER FRANCE POWER SAS ex-EON ex-SNET;2005;Air;Oxydes de soufre (SOx/SO2);7160000;kg/an
0007000761;AGC FRANCE SAS;2005;Air;Chlore et composés inorganiques (en tant que HCl);38800;kg/an
0007000761;AGC FRANCE SAS;2005;Air;Nickel et composés (exprimés en tant que Ni);254;kg/an
0007000663;UNIPER FRANCE POWER SAS ex-EON ex-SNET;2005;Air;Oxydes d'azote (NOx/NO2);2150000;kg/an
0007000761;AGC FRANCE SAS;2005;Air;Oxydes de soufre (SOx/SO2);1500000;kg/an
0007000761;AGC FRANCE SAS;2005;Air;Oxydes d'azote (NOx/NO2);1010000;kg/an
0007000663;UNIPER FRANCE POWER SAS ex-EON ex-SNET;2005;Air;Particules (PM10);712000;kg/an
0007000761;AGC FRANCE SAS;2005;Eau (direct);Arsenic et composés (exprimés en tant que As);11;kg/an
0007000663;UNIPER FRANCE POWER SAS ex-EON ex-SNET;2005;Air;Poussières totales;1340000;kg/an
0007000762;PPG FRANCE MANUFACTURING;2005;Air;Composés organiques volatils non méthaniques (COVNM);511000;kg/an
0007000663;UNIPER FRANCE POWER SAS ex-EON ex-SNET;2005;Air;Protoxyde d'azote (N2O);29100;kg/an
0007000663;UNIPER FRANCE POWER SAS ex-EON ex-SNET;2005;Air;Zinc et composés (exprimés en tant que Zn);304;kg/an
0007000766;POLYCHIM Industrie SAS;2005;Air;Composés organiques volatils non méthaniques (COVNM);82100;kg/an
0007000768;Dinde des Pays du Nord;2005;Eau (indirect);Carbone organique total (en tant que C total ou DCO/3);70500;kg/an
0007000768;Dinde des Pays du Nord;2005;Eau (indirect);Demande biologique en oxygène (DBO5);113000;kg/an
0007000768;Dinde des Pays du Nord;2005;Eau (indirect);Demande chimique en oxygène (DCO);212000;kg/an
0007000663;UNIPER FRANCE POWER SAS ex-EON ex-SNET;2005;Air;Acide fluorhydrique (flurorure d'hydrogène);77600;kg/an
0007000663;UNIPER FRANCE POWER SAS ex-EON ex-SNET;2005;Air;Cobalt et composés (exprimés en tant que Co);28;kg/an
0007000772;PREFERE RESINS FRANCE (ex DYNEA);2005;Air;Aldéhyde formique (formaldéhyde);10.1;kg/an
0007000663;UNIPER FRANCE POWER SAS ex-EON ex-SNET;2005;Air;Etain et composés (exprimés en tant que Sn);11;kg/an
0007000772;PREFERE RESINS FRANCE (ex DYNEA);2005;Air;Antimoine et composés (exprimés en tant que Sb);0.072;kg/an
0007000772;PREFERE RESINS FRANCE (ex DYNEA);2005;Air;Cobalt et composés (exprimés en tant que Co);0.32;kg/an
0007000772;PREFERE RESINS FRANCE (ex DYNEA);2005;Air;Etain et composés (exprimés en tant que Sn);1.09;kg/an
0007000663;UNIPER FRANCE POWER SAS ex-EON ex-SNET;2005;Eau (direct);Cuivre et composés (exprimés en tant que Cu);60;kg/an
0007000663;UNIPER FRANCE POWER SAS ex-EON ex-SNET;2005;Eau (direct);Mercure et composés (exprimés en tant que Hg);2;kg/an
0007000671;ARKEMA - usine de Loison sous Lens -;2005;Eau (indirect);Carbone organique total (en tant que C total ou DCO/3);142000;kg/an
0007000776;PRODUITS CHIMIQUES DE LOOS;2005;Air;Chlore et composés inorganiques (en tant que HCl);10900;kg/an
0007000776;PRODUITS CHIMIQUES DE LOOS;2005;Eau (direct);Matières en suspension (MES);424000;kg/an
0007000776;PRODUITS CHIMIQUES DE LOOS;2005;Eau (direct);Mercure et composés (exprimés en tant que Hg);8.96;kg/an
0007000776;PRODUITS CHIMIQUES DE LOOS;2005;Eau (direct);Zinc et composés (exprimés en tant que Zn);36500;kg/an
0007000671;ARKEMA - usine de Loison sous Lens -;2005;Eau (indirect);Demande biologique en oxygène (DBO5);262000;kg/an
0007000785;EQIOM Cimenterie de Lumbres;2005;Air;Cuivre et composés (exprimés en tant que Cu);210;kg/an
0007000785;EQIOM Cimenterie de Lumbres;2005;Air;Dioxyde de carbone (CO2) d'origine biomasse;13700000;kg/an
0007000785;EQIOM Cimenterie de Lumbres;2005;Air;Mercure et composés (exprimés en tant que Hg);42;kg/an
0007000785;EQIOM Cimenterie de Lumbres;2005;Air;Nickel et composés (exprimés en tant que Ni);65;kg/an
0007000785;EQIOM Cimenterie de Lumbres;2005;Air;Oxydes de soufre (SOx/SO2);491000;kg/an
0007000671;ARKEMA - usine de Loison sous Lens -;2005;Eau (indirect);Demande chimique en oxygène (DCO);427000;kg/an
0007000785;EQIOM Cimenterie de Lumbres;2005;Air;Oxydes d'azote (NOx/NO2);1580000;kg/an
0007000785;EQIOM Cimenterie de Lumbres;2005;Air;Zinc et composés (exprimés en tant que Zn);502;kg/an
0007000671;ARKEMA - usine de Loison sous Lens -;2005;Eau (indirect);Zinc et composés (exprimés en tant que Zn);117;kg/an
0007000673;ASCOMETAL LES DUNES;2005;Air;Chrome et composés (exprimés en tant que Cr);259;kg/an
0007000789;POLYNT COMPOSITES FRANCE;2005;Eau (indirect);Benzène;4;kg/an
0007000673;ASCOMETAL LES DUNES;2005;Air;Cuivre et composés (exprimés en tant que Cu);114;kg/an
0007000794;VERSALIS FRANCE SAS Dunes;2005;Air;Benzène;16800;kg/an
0007000673;ASCOMETAL LES DUNES;2005;Air;Manganèse et composés (exprimés en tant que Mn);2650;kg/an
0007000794;VERSALIS FRANCE SAS Dunes;2005;Air;Composés organiques volatils non méthaniques (COVNM);1790000;kg/an
0007000794;VERSALIS FRANCE SAS Dunes;2005;Air;Monoxyde de carbone (CO);3070000;kg/an
0007000673;ASCOMETAL LES DUNES;2005;Air;Nickel et composés (exprimés en tant que Ni);233;kg/an
0007000794;VERSALIS FRANCE SAS Dunes;2005;Air;Méthane (CH4);362000;kg/an
0007000794;VERSALIS FRANCE SAS Dunes;2005;Air;Oxydes de soufre (SOx/SO2);445000;kg/an
0007000673;ASCOMETAL LES DUNES;2005;Air;Zinc et composés (exprimés en tant que Zn);2470;kg/an
0007000794;VERSALIS FRANCE SAS Dunes;2005;Air;Oxydes d'azote (NOx/NO2);711000;kg/an
0007000794;VERSALIS FRANCE SAS Dunes;2005;Air;Protoxyde d'azote (N2O);28100;kg/an
0007000673;ASCOMETAL LES DUNES;2005;Eau (direct);Fer et composés (exprimés en tant que Fe);9890;kg/an
0007000794;VERSALIS FRANCE SAS Dunes;2005;Air;1,3-butadiène;3750;kg/an
0007000794;VERSALIS FRANCE SAS Dunes;2005;Air;Méthanol (alcool méthylique);6600;kg/an
0007000794;VERSALIS FRANCE SAS Dunes;2005;Eau (direct);Benzène, toluène, éthylbenzène, xylènes (BTEX);365;kg/an
0007000794;VERSALIS FRANCE SAS Dunes;2005;Eau (direct);Demande biologique en oxygène (DBO5);56700;kg/an
0007000794;VERSALIS FRANCE SAS Dunes;2005;Eau (direct);Naphthalène;543;kg/an
0007000676;MILLET AFR;2005;Air;Composés organiques volatils non méthaniques (COVNM);81000;kg/an
0007000794;VERSALIS FRANCE SAS Dunes;2005;Eau (direct);Phénols (en tant que C total);1010;kg/an
0007000798;ENERSYS SARL;2005;Eau (direct);Plomb et composés (exprimés en tant que Pb);67.5;kg/an
0007000800;MERYL FIBER;2005;Eau (direct);Azote total;72600;kg/an
0007000800;MERYL FIBER;2005;Eau (direct);Carbone organique total (en tant que C total ou DCO/3);166000;kg/an
0007000676;MILLET AFR;2005;Eau (indirect);Nickel et composés (exprimés en tant que Ni);22;kg/an
0007000800;MERYL FIBER;2005;Eau (direct);Demande biologique en oxygène (DBO5);290000;kg/an
0007000800;MERYL FIBER;2005;Eau (direct);Demande chimique en oxygène (DCO);499000;kg/an
0007000683;ALVANCE ALUMINIUM DUNKERQUE SAS;2005;Air;Fluor et composés inorganiques (en tant que HF);125000;kg/an
0007000683;ALVANCE ALUMINIUM DUNKERQUE SAS;2005;Air;Oxydes de soufre (SOx/SO2);3290000;kg/an
0007000809;REXAM Beverage Can;2005;Air;Composés organiques volatils non méthaniques (COVNM);124000;kg/an
0007000821;NYRSTAR FRANCE;2005;Air;Oxydes de soufre (SOx/SO2);434000;kg/an
0007000683;ALVANCE ALUMINIUM DUNKERQUE SAS;2005;Air;Perfluorocarbures (PFC);2070;kg/an
0007000821;NYRSTAR FRANCE;2005;Air;Zinc et composés (exprimés en tant que Zn);5020;kg/an
0007000683;ALVANCE ALUMINIUM DUNKERQUE SAS;2005;Air;Poussières totales;232000;kg/an
0007000821;NYRSTAR FRANCE;2005;Eau (direct);Cadmium et composés (exprimés en tant que Cd);34.8;kg/an
0007000821;NYRSTAR FRANCE;2005;Eau (direct);Fluorures (en tant que F total);6400;kg/an
0007000821;NYRSTAR FRANCE;2005;Eau (direct);Mercure et composés (exprimés en tant que Hg);15.5;kg/an
0007000683;ALVANCE ALUMINIUM DUNKERQUE SAS;2005;Air;Benzo (a) pyrène;1.28;kg/an
0007000821;NYRSTAR FRANCE;2005;Eau (direct);Plomb et composés (exprimés en tant que Pb);238;kg/an
0007000821;NYRSTAR FRANCE;2005;Eau (direct);Zinc et composés (exprimés en tant que Zn);735;kg/an
0007000683;ALVANCE ALUMINIUM DUNKERQUE SAS;2005;Air;Fluor et ses composés (F);125000;kg/an
0007000824;APERAM ISBERGUES;2005;Air;Cadmium et composés (exprimés en tant que Cd);16.6;kg/an
0007000683;ALVANCE ALUMINIUM DUNKERQUE SAS;2005;Eau (direct);Fluorures (en tant que F total);3610;kg/an
0007000824;APERAM ISBERGUES;2005;Air;Chrome et composés (exprimés en tant que Cr);507;kg/an
0007000824;APERAM ISBERGUES;2005;Air;Cuivre et composés (exprimés en tant que Cu);298;kg/an
0007000683;ALVANCE ALUMINIUM DUNKERQUE SAS;2005;Eau (direct);Benzo (a) pyrène;0.00109;kg/an
0007000824;APERAM ISBERGUES;2005;Air;Mercure et composés (exprimés en tant que Hg);23.1;kg/an
0007000824;APERAM ISBERGUES;2005;Air;Oxydes d'azote (NOx/NO2);182000;kg/an
0007000683;ALVANCE ALUMINIUM DUNKERQUE SAS;2005;Eau (direct);Fluor et ses composés (F);3610;kg/an
0007000824;APERAM ISBERGUES;2005;Air;Zinc et composés (exprimés en tant que Zn);2160;kg/an
0007000824;APERAM ISBERGUES;2005;Eau (direct);Azote total;148000;kg/an
0007000690;CONTINENTALE NUTRITION- SITE MARENGO I;2005;Eau (indirect);Demande biologique en oxygène (DBO5);82600;kg/an
0007000824;APERAM ISBERGUES;2005;Eau (direct);Nickel et composés (exprimés en tant que Ni);37.9;kg/an
0007000824;APERAM ISBERGUES;2005;Eau (direct);Plomb et composés (exprimés en tant que Pb);63.4;kg/an
0007000699;Communauté d'Agglomération ARTOIS COMM;2005;Air;Arsenic et composés (exprimés en tant que As);65.1;kg/an
0007000825;GRAFTECH FRANCE SNC;2005;Air;Cadmium et composés (exprimés en tant que Cd);19;kg/an
0007000825;GRAFTECH FRANCE SNC;2005;Air;Oxydes de soufre (SOx/SO2);398000;kg/an
0007000699;Communauté d'Agglomération ARTOIS COMM;2005;Air;Oxydes d'azote (NOx/NO2);177000;kg/an
0007000829;FRANCAISE DE MECANIQUE;2005;Eau (indirect);Carbone organique total (en tant que C total ou DCO/3);99400;kg/an
0007000699;Communauté d'Agglomération ARTOIS COMM;2005;Air;Protoxyde d'azote (N2O);10700;kg/an
0007000829;FRANCAISE DE MECANIQUE;2005;Eau (indirect);Demande biologique en oxygène (DBO5);60500;kg/an
0007000829;FRANCAISE DE MECANIQUE;2005;Eau (indirect);Demande chimique en oxygène (DCO);298000;kg/an
0007000706;SCORA;2005;Eau (direct);Méthanol (alcool méthylique);545;kg/an
0007000720;Ferroglobe Manganèse France SAS;2005;Air;Arsenic et composés (exprimés en tant que As);254;kg/an
0007000832;MAUBEUGE CONSTRUCTION AUTOMOBILE (MCA);2005;Air;Composés organiques volatils non méthaniques (COVNM);1020000;kg/an
0007000720;Ferroglobe Manganèse France SAS;2005;Air;Cadmium et composés (exprimés en tant que Cd);47;kg/an
0007000832;MAUBEUGE CONSTRUCTION AUTOMOBILE (MCA);2005;Air;Hydroflurocarbures (HFC);2700;kg/an
0007000720;Ferroglobe Manganèse France SAS;2005;Air;Cuivre et composés (exprimés en tant que Cu);175;kg/an
0007000832;MAUBEUGE CONSTRUCTION AUTOMOBILE (MCA);2005;Eau (direct);Nickel et composés (exprimés en tant que Ni);190;kg/an
0007000720;Ferroglobe Manganèse France SAS;2005;Air;Manganèse et composés (exprimés en tant que Mn);2660;kg/an
0007000837;OUTREAU Technologies (SASU)-(ex MIO);2005;Air;Manganèse et composés (exprimés en tant que Mn);1910;kg/an
0007000837;OUTREAU Technologies (SASU)-(ex MIO);2005;Air;Nickel et composés (exprimés en tant que Ni);518;kg/an
0007000720;Ferroglobe Manganèse France SAS;2005;Air;Mercure et composés (exprimés en tant que Hg);87;kg/an
0007000838;CADENCE Industrie;2005;Air;Composés organiques volatils non méthaniques (COVNM);445000;kg/an
0007000720;Ferroglobe Manganèse France SAS;2005;Air;Oxydes de soufre (SOx/SO2);219000;kg/an
0007000851;LAMINES MARCHANDS EUROPEENS (LME);2005;Air;Cadmium et composés (exprimés en tant que Cd);24.1;kg/an
0007000851;LAMINES MARCHANDS EUROPEENS (LME);2005;Air;Dioxines et furanes (PCDD + PCDF) (exprimés en iTeq);0.0034;kg/an
0007000720;Ferroglobe Manganèse France SAS;2005;Air;Oxydes d'azote (NOx/NO2);137000;kg/an
0007000851;LAMINES MARCHANDS EUROPEENS (LME);2005;Air;Hydrocarbures aromatiques polycycliques (HAP);211;kg/an
0007000851;LAMINES MARCHANDS EUROPEENS (LME);2005;Air;Manganèse et composés (exprimés en tant que Mn);1950;kg/an
0007000720;Ferroglobe Manganèse France SAS;2005;Air;Plomb et composés (exprimés en tant que Pb);994;kg/an
0007000851;LAMINES MARCHANDS EUROPEENS (LME);2005;Air;Mercure et composés (exprimés en tant que Hg);38.4;kg/an
0007000851;LAMINES MARCHANDS EUROPEENS (LME);2005;Air;Plomb et composés (exprimés en tant que Pb);1060;kg/an
0007000720;Ferroglobe Manganèse France SAS;2005;Air;Zinc et composés (exprimés en tant que Zn);375;kg/an
0007000851;LAMINES MARCHANDS EUROPEENS (LME);2005;Air;Zinc et composés (exprimés en tant que Zn);6460;kg/an
0007000851;LAMINES MARCHANDS EUROPEENS (LME);2005;Air;Antimoine et composés (exprimés en tant que Sb);6;kg/an
0007000720;Ferroglobe Manganèse France SAS;2005;Eau (direct);Cadmium et composés (exprimés en tant que Cd);7.5;kg/an
0007000851;LAMINES MARCHANDS EUROPEENS (LME);2005;Air;Benzo (a) pyrène;0.046;kg/an
0007000851;LAMINES MARCHANDS EUROPEENS (LME);2005;Air;Cobalt et composés (exprimés en tant que Co);1.79;kg/an
0007000720;Ferroglobe Manganèse France SAS;2005;Eau (direct);Cyanures (sous forme de CN total);1080;kg/an
0007000851;LAMINES MARCHANDS EUROPEENS (LME);2005;Air;Etain et composés (exprimés en tant que Sn);15.5;kg/an
0007000851;LAMINES MARCHANDS EUROPEENS (LME);2005;Eau (direct);Chrome et composés (exprimés en tant que Cr);64.9;kg/an
0007000720;Ferroglobe Manganèse France SAS;2005;Eau (direct);Manganèse et composés (exprimés en tant que Mn);3430;kg/an
0007000851;LAMINES MARCHANDS EUROPEENS (LME);2005;Eau (direct);Nickel et composés (exprimés en tant que Ni);32.4;kg/an
0007000851;LAMINES MARCHANDS EUROPEENS (LME);2005;Eau (direct);Cobalt et composés (exprimés en tant que Co);26.9;kg/an
0007000720;Ferroglobe Manganèse France SAS;2005;Eau (direct);Plomb et composés (exprimés en tant que Pb);261;kg/an
0007000854;BALL PACKAGING EUROPE BIERNE SAS;2005;Air;Composés organiques volatils non méthaniques (COVNM);406000;kg/an
0007000854;BALL PACKAGING EUROPE BIERNE SAS;2005;Air;Méthanol (alcool méthylique);876;kg/an
0007000854;BALL PACKAGING EUROPE BIERNE SAS;2005;Eau (indirect);Etain et composés (exprimés en tant que Sn);278;kg/an
0007000720;Ferroglobe Manganèse France SAS;2005;Eau (direct);Zinc et composés (exprimés en tant que Zn);182;kg/an
0007000855;BELL (BONDUELLE EUROPE LONG LIFE ex BCI);2005;Sol;Phosphore total;10700;kg/an
0007000859;MERCK SANTE SAS;2005;Air;Composés organiques volatils non méthaniques (COVNM);48100;kg/an
0007000721;RYSSEN ALCOOLS;2005;Eau (direct);Cuivre et composés (exprimés en tant que Cu);58;kg/an
0007000859;MERCK SANTE SAS;2005;Air;Dichlorométhane (DCM, chlorure de méthylène);5560;kg/an
0007000859;MERCK SANTE SAS;2005;Air;Méthanol (alcool méthylique);8690;kg/an
0007000859;MERCK SANTE SAS;2005;Eau (direct);Méthanol (alcool méthylique);548;kg/an
0007000725;ROQUETTE TEXTILES;2005;Eau (indirect);Carbone organique total (en tant que C total ou DCO/3);109000;kg/an
0007000725;ROQUETTE TEXTILES;2005;Eau (indirect);Cuivre et composés (exprimés en tant que Cu);57.2;kg/an
0007000860;SONOCO PAPER FRANCE;2005;Eau (indirect);Carbone organique total (en tant que C total ou DCO/3);355000;kg/an
0007000725;ROQUETTE TEXTILES;2005;Eau (indirect);Demande biologique en oxygène (DBO5);89600;kg/an
0007000860;SONOCO PAPER FRANCE;2005;Eau (indirect);Demande biologique en oxygène (DBO5);508000;kg/an
0007000860;SONOCO PAPER FRANCE;2005;Eau (indirect);Demande chimique en oxygène (DCO);1060000;kg/an
0007000725;ROQUETTE TEXTILES;2005;Eau (indirect);Demande chimique en oxygène (DCO);326000;kg/an
0007000869;CROWN Emballage France SAS;2005;Air;Composés organiques volatils non méthaniques (COVNM);40000;kg/an
0007000726;ROLAND UNI-PACKAGING;2005;Air;Composés organiques volatils non méthaniques (COVNM);112000;kg/an
0007000873;CHEMINEES PHILIPPE;2005;Air;Monoxyde de carbone (CO);1960000;kg/an
0007000727;RENAULT DOUAI SNC;2005;Air;Composés organiques volatils non méthaniques (COVNM);1290000;kg/an
0007000874;CHAUX ET DOLOMIES DU BOULONNAIS;2005;Air;Monoxyde de carbone (CO);1550000;kg/an
0007000874;CHAUX ET DOLOMIES DU BOULONNAIS;2005;Air;Oxydes d'azote (NOx/NO2);258000;kg/an
0007000727;RENAULT DOUAI SNC;2005;Air;Hydroflurocarbures (HFC);9590;kg/an
0007000882;.SYNTHEXIM;2005;Air;Chloroforme (trichlorométhane);65000;kg/an
0007000727;RENAULT DOUAI SNC;2005;Eau (direct);Fluorures (en tant que F total);2410;kg/an
0007000882;.SYNTHEXIM;2005;Air;Composés organiques volatils non méthaniques (COVNM);73000;kg/an
0007000882;.SYNTHEXIM;2005;Air;Dichlorométhane (DCM, chlorure de méthylène);1820;kg/an
0007000727;RENAULT DOUAI SNC;2005;Eau (direct);Nickel et composés (exprimés en tant que Ni);241;kg/an
0007000882;.SYNTHEXIM;2005;Air;Méthanol (alcool méthylique);900;kg/an
0007000882;.SYNTHEXIM;2005;Eau (direct);Benzène, toluène, éthylbenzène, xylènes (BTEX);305;kg/an
0007000727;RENAULT DOUAI SNC;2005;Eau (direct);Zinc et composés (exprimés en tant que Zn);401;kg/an
0007000882;.SYNTHEXIM;2005;Eau (direct);Chloroforme (trichlorométhane);1790;kg/an
0007000882;.SYNTHEXIM;2005;Eau (direct);Dichlorométhane (DCM, chlorure de méthylène);23;kg/an
0007000733;RHODIA OPERATIONS;2005;Air;Composés organiques volatils non méthaniques (COVNM);35000;kg/an
0007000882;.SYNTHEXIM;2005;Eau (direct);Méthanol (alcool méthylique);5830;kg/an
0007000893;PLASTIC OMNIUM;2005;Air;Composés organiques volatils non méthaniques (COVNM);188000;kg/an
0007000733;RHODIA OPERATIONS;2005;Air;Oxydes d'azote (NOx/NO2);144000;kg/an
0007000733;RHODIA OPERATIONS;2005;Eau (direct);Azote total;134000;kg/an
0007000915;WEPA FRANCE (ex WEPA LILLE);2005;Eau (indirect);Carbone organique total (en tant que C total ou DCO/3);146000;kg/an
0007000733;RHODIA OPERATIONS;2005;Eau (direct);Carbone organique total (en tant que C total ou DCO/3);128000;kg/an
0007000915;WEPA FRANCE (ex WEPA LILLE);2005;Eau (indirect);Demande biologique en oxygène (DBO5);194000;kg/an
0007000733;RHODIA OPERATIONS;2005;Eau (direct);Demande chimique en oxygène (DCO);383000;kg/an
0007000915;WEPA FRANCE (ex WEPA LILLE);2005;Eau (indirect);Demande chimique en oxygène (DCO);438000;kg/an
0007000915;WEPA FRANCE (ex WEPA LILLE);2005;Eau (indirect);Matières en suspension (MES);6220000;kg/an
0007000738;BIGARD;2005;Air;Hydrochlorofluorocarbures (HCFC);1770;kg/an
0007000738;BIGARD;2005;Eau (indirect);Carbone organique total (en tant que C total ou DCO/3);110000;kg/an
0007000918;TOTAL Raffinage France SA;2005;Air;Benzène;6800;kg/an
0007000918;TOTAL Raffinage France SA;2005;Air;Composés organiques volatils non méthaniques (COVNM);680000;kg/an
0007000738;BIGARD;2005;Eau (indirect);Demande biologique en oxygène (DBO5);153000;kg/an
0007000918;TOTAL Raffinage France SA;2005;Air;Monoxyde de carbone (CO);678000;kg/an
0007000918;TOTAL Raffinage France SA;2005;Air;Nickel et composés (exprimés en tant que Ni);2450;kg/an
0007000918;TOTAL Raffinage France SA;2005;Air;Oxydes de soufre (SOx/SO2);6680000;kg/an
0007000918;TOTAL Raffinage France SA;2005;Air;Oxydes d'azote (NOx/NO2);2860000;kg/an
0007000738;BIGARD;2005;Eau (indirect);Demande chimique en oxygène (DCO);330000;kg/an
0007000918;TOTAL Raffinage France SA;2005;Air;Poussières totales;190000;kg/an
0007000918;TOTAL Raffinage France SA;2005;Air;Protoxyde d'azote (N2O);38300;kg/an
0007000742;DAUDRUY VAN CAUWENBERGHE et FILS;2005;Eau (direct);Phosphore total;22300;kg/an
0007000918;TOTAL Raffinage France SA;2005;Eau (direct);Cyanures (sous forme de CN total);57;kg/an
0007000918;TOTAL Raffinage France SA;2005;Eau (direct);Demande biologique en oxygène (DBO5);62200;kg/an
0007000745;AHLSTROM Specialities;2005;Eau (direct);Arsenic et composés (exprimés en tant que As);51.8;kg/an
0007000918;TOTAL Raffinage France SA;2005;Eau (direct);Demande chimique en oxygène (DCO);228000;kg/an
0007000918;TOTAL Raffinage France SA;2005;Eau (direct);Phénols (en tant que C total);150;kg/an
0007000918;TOTAL Raffinage France SA;2005;Eau (direct);Zinc et composés (exprimés en tant que Zn);340;kg/an
0007000745;AHLSTROM Specialities;2005;Eau (direct);Cadmium et composés (exprimés en tant que Cd);25.9;kg/an
0007000922;VENATOR (Ex Huntsman P&A France);2005;Air;Oxydes de soufre (SOx/SO2);350000;kg/an
0007000745;AHLSTROM Specialities;2005;Eau (direct);Manganèse et composés (exprimés en tant que Mn);263;kg/an
0007000922;VENATOR (Ex Huntsman P&A France);2005;Eau (direct);Aluminium et composés (exprimés en tant que Al);256000;kg/an
0007000922;VENATOR (Ex Huntsman P&A France);2005;Eau (direct);Arsenic et composés (exprimés en tant que As);7;kg/an
0007000745;AHLSTROM Specialities;2005;Eau (direct);Mercure et composés (exprimés en tant que Hg);2.6;kg/an
0007000922;VENATOR (Ex Huntsman P&A France);2005;Eau (direct);Cadmium et composés (exprimés en tant que Cd);9;kg/an
0007000922;VENATOR (Ex Huntsman P&A France);2005;Eau (direct);Carbone organique total (en tant que C total ou DCO/3);118000;kg/an
0007000922;VENATOR (Ex Huntsman P&A France);2005;Eau (direct);Chrome et composés (exprimés en tant que Cr);15000;kg/an
0007000922;VENATOR (Ex Huntsman P&A France);2005;Eau (direct);Cuivre et composés (exprimés en tant que Cu);610;kg/an
0007000745;AHLSTROM Specialities;2005;Eau (direct);Nickel et composés (exprimés en tant que Ni);29.8;kg/an
0007000922;VENATOR (Ex Huntsman P&A France);2005;Eau (direct);Demande chimique en oxygène (DCO);353000;kg/an
0007000922;VENATOR (Ex Huntsman P&A France);2005;Eau (direct);Fer et composés (exprimés en tant que Fe);620000;kg/an
0007000922;VENATOR (Ex Huntsman P&A France);2005;Eau (direct);Manganèse et composés (exprimés en tant que Mn);41000;kg/an
0007000745;AHLSTROM Specialities;2005;Eau (direct);Plomb et composés (exprimés en tant que Pb);49;kg/an
0007000922;VENATOR (Ex Huntsman P&A France);2005;Eau (direct);Matières en suspension (MES);1060000;kg/an
0007000922;VENATOR (Ex Huntsman P&A France);2005;Eau (direct);Nickel et composés (exprimés en tant que Ni);350;kg/an
0007000745;AHLSTROM Specialities;2005;Eau (direct);Zinc et composés (exprimés en tant que Zn);975;kg/an
0007000922;VENATOR (Ex Huntsman P&A France);2005;Eau (direct);Plomb et composés (exprimés en tant que Pb);210;kg/an
0007000922;VENATOR (Ex Huntsman P&A France);2005;Eau (direct);Sulfates;34400000;kg/an
0007000750;RECYTECH;2005;Air;Zinc et composés (exprimés en tant que Zn);613;kg/an
0007000922;VENATOR (Ex Huntsman P&A France);2005;Eau (direct);Titane et composés (exprimés en tant que Ti);279000;kg/an
0007000922;VENATOR (Ex Huntsman P&A France);2005;Eau (direct);Zinc et composés (exprimés en tant que Zn);1700;kg/an
0007000750;RECYTECH;2005;Air;Chlore;2190;kg/an
0007000750;RECYTECH;2005;Air;Fluor et ses composés (F);226;kg/an
0007000936;TEREOS Sucrerie de Lillers;2005;Air;Oxydes de soufre (SOx/SO2);1010000;kg/an
0007000936;TEREOS Sucrerie de Lillers;2005;Air;Oxydes d'azote (NOx/NO2);433000;kg/an
0007000757;INGREDIA;2005;Eau (indirect);Carbone organique total (en tant que C total ou DCO/3);274000;kg/an
0007000937;Etablissement de Marconnelle;2005;Sol;Demande biologique en oxygène (DBO5);44100;kg/an
;GAEC LES NOUES;2005;Air;Ammoniac (NH3);10200;kg/an
0007000938;TEREOS FRANCE;2005;Air;Oxydes de soufre (SOx/SO2);313000;kg/an
0007000938;TEREOS FRANCE;2005;Air;Oxydes d'azote (NOx/NO2);143000;kg/an
0007000939;SUBLISTATIC INTERNATIONAL;2005;Air;Composés organiques volatils non méthaniques (COVNM);507000;kg/an
;AUGUIN Dominique;2005;Air;Ammoniac (NH3);10400;kg/an
0007000940;STORA ENSO CORBEHEM;2005;Air;Chlore et composés inorganiques (en tant que HCl);12900;kg/an
0007000940;STORA ENSO CORBEHEM;2005;Air;Oxydes de soufre (SOx/SO2);1050000;kg/an
0007000940;STORA ENSO CORBEHEM;2005;Air;Oxydes d'azote (NOx/NO2);759000;kg/an
;GAEC ELINEAU;2005;Air;Ammoniac (NH3);13000;kg/an
0007000940;STORA ENSO CORBEHEM;2005;Air;Protoxyde d'azote (N2O);12200;kg/an
0007000940;STORA ENSO CORBEHEM;2005;Eau (direct);Azote total;53500;kg/an
;GAEC LA ROGERIE;2005;Air;Ammoniac (NH3);10800;kg/an
0007000940;STORA ENSO CORBEHEM;2005;Eau (direct);Carbone organique total (en tant que C total ou DCO/3);484000;kg/an
0007000940;STORA ENSO CORBEHEM;2005;Eau (direct);Composés organohalogénés (exprimés en tant que AOX);1850;kg/an
0007000940;STORA ENSO CORBEHEM;2005;Eau (direct);Demande biologique en oxygène (DBO5);90200;kg/an
;GAEC Sans Frontière;2005;Air;Ammoniac (NH3);16300;kg/an
0007000940;STORA ENSO CORBEHEM;2005;Eau (direct);Demande chimique en oxygène (DCO);1450000;kg/an
0007000940;STORA ENSO CORBEHEM;2005;Eau (direct);Phosphore total;15300;kg/an
;GAEC Vallée de la Vie;2005;Air;Ammoniac (NH3);15200;kg/an
0007000945;SITA NORD;2005;Air;Méthane (CH4);155000;kg/an
;GALLOT Pascal;2005;Air;Ammoniac (NH3);13000;kg/an
0007000949;SPECITUBES SAS;2005;Air;Dichlorométhane (DCM, chlorure de méthylène);175000;kg/an
0007000949;SPECITUBES SAS;2005;Eau (direct);Acide fluorhydrique (flurorure d'hydrogène);13.6;kg/an
;GAEC Les Trois Cantons;2005;Air;Ammoniac (NH3);15100;kg/an
0007000955;ARCELORMITTAL  ATLANTIQUE et LORRAINE;2005;Air;Oxydes d'azote (NOx/NO2);159000;kg/an
0007000955;ARCELORMITTAL  ATLANTIQUE et LORRAINE;2005;Eau (direct);Arsenic et composés (exprimés en tant que As);14;kg/an
;LOG ELEVAGE;2005;Air;Ammoniac (NH3);21100;kg/an
0007000955;ARCELORMITTAL  ATLANTIQUE et LORRAINE;2005;Eau (direct);Zinc et composés (exprimés en tant que Zn);210;kg/an
0007000956;ARCELORMITTAL FRANCE;2005;Air;Ammoniac (NH3);1580000;kg/an
;EARL Elevage de la Maine;2005;Air;Ammoniac (NH3);11000;kg/an
0007000956;ARCELORMITTAL FRANCE;2005;Air;Arsenic et composés (exprimés en tant que As);45;kg/an
;GAEC LIMOUZIN;2005;Air;Ammoniac (NH3);11000;kg/an
0010400110;Usine d'incinération des ordures ménagères au SITOM Nord Isère;2005;Air;Dioxyde de carbone (CO2) d'origine biomasse;39600000;kg/an
;GAEC Le Manoir;2005;Air;Ammoniac (NH3);12100;kg/an
0010400110;Usine d'incinération des ordures ménagères au SITOM Nord Isère;2005;Air;Oxydes d'azote (NOx/NO2);113000;kg/an
;GAEC La Cessière;2005;Air;Ammoniac (NH3);11000;kg/an
;EARL L ENERGIE;2005;Air;Ammoniac (NH3);10500;kg/an
0010400156;UIOM de LIVET;2005;Air;Acide fluorhydrique (flurorure d'hydrogène);111;kg/an
0010900062;NIGAY S.A.S;2005;Eau (indirect);Carbone organique total (en tant que C total ou DCO/3);70200;kg/an
0010900062;NIGAY S.A.S;2005;Eau (indirect);Demande biologique en oxygène (DBO5);75500;kg/an
0010900062;NIGAY S.A.S;2005;Eau (indirect);Demande chimique en oxygène (DCO);211000;kg/an
;SCEA des Arsons;2005;Air;Ammoniac (NH3);21900;kg/an
;SARL LA CLAU;2005;Air;Ammoniac (NH3);10100;kg/an
;SICA SARL LA POMAREDE;2005;Air;Ammoniac (NH3);14400;kg/an
;SASU Le Porc du Maynié;2005;Air;Ammoniac (NH3);13700;kg/an
;EARL GUILLAUME Jean-Luc;2005;Air;Ammoniac (NH3);11100;kg/an
0012100006;SOCIETE DE COGENERATION DE TAVAUX;2005;Air;Oxydes d'azote (NOx/NO2);136000;kg/an
0010500010;BARRIOL ET DALLIERE INDUSTRIES SAS;2005;Eau (indirect);Arsenic et composés (exprimés en tant que As);17;kg/an
0010500024;SUEZ RV Borde Matin ISDND et ISDI;2005;Air;Dioxyde de carbone (CO2) d'origine biomasse;72600000;kg/an
0012100040;MBF ALUMINIUM;2005;Air;Antimoine et composés (exprimés en tant que Sb);0.42;kg/an
0010500024;SUEZ RV Borde Matin ISDND et ISDI;2005;Air;Méthane (CH4);5360000;kg/an
0010500024;SUEZ RV Borde Matin ISDND et ISDI;2005;Eau (direct);Arsenic et composés (exprimés en tant que As);11;kg/an
0010500024;SUEZ RV Borde Matin ISDND et ISDI;2005;Eau (direct);Nickel et composés (exprimés en tant que Ni);23.1;kg/an
0012100040;MBF ALUMINIUM;2005;Air;Cobalt et composés (exprimés en tant que Co);1.68;kg/an
0012100040;MBF ALUMINIUM;2005;Air;Etain et composés (exprimés en tant que Sn);6.31;kg/an
0010500025;Source Badoit;2005;Eau (indirect);Arsenic et composés (exprimés en tant que As);12;kg/an
;GAEC DE CASSAN;2005;Air;Ammoniac (NH3);10200;kg/an
0010500026;ISDND de Mably;2005;Air;Dioxyde de carbone (CO2) d'origine biomasse;12700000;kg/an
;SOCAER-ETOILE PORCINE;2005;Air;Ammoniac (NH3);18500;kg/an
0010500026;ISDND de Mably;2005;Air;Méthane (CH4);1140000;kg/an
0010500026;ISDND de Mably;2005;Eau (indirect);Arsenic et composés (exprimés en tant que As);15.9;kg/an
;DESHAYES Hubert;2005;Air;Ammoniac (NH3);10400;kg/an
0010600063;GERFLOR TARARE SNC;2005;Air;Composés organiques volatils non méthaniques (COVNM);192000;kg/an
;EARL Guillaume;2005;Air;Ammoniac (NH3);11400;kg/an
0010600133;MALERBA N° 6;2005;Air;Aldéhyde formique (formaldéhyde);49.5;kg/an
0016200056;COMMUNAUTE DE COMMUNE D'AURILLAC;2005;Air;Méthane (CH4);318000;kg/an
0016300069;SAPEC 1;2005;Eau (indirect);Nickel et composés (exprimés en tant que Ni);21;kg/an
0010600224;RENAULT TRUCKS;2005;Air;Composés organiques volatils non méthaniques (COVNM);35100;kg/an
0016300107;O-I MANUFACTURING FRANCE;2005;Air;Arsenic et composés (exprimés en tant que As);73;kg/an
0010600289;SAFRAN LANDING SYSTEMS (ex MESSIER BUGA);2005;Eau (direct);Benzo (a) pyrène;0.28;kg/an
0016300107;O-I MANUFACTURING FRANCE;2005;Air;Cadmium et composés (exprimés en tant que Cd);12;kg/an
0010600308;DAIKIN CHEMICAL FRANCE;2005;Air;Fluor et ses composés (F);2770;kg/an
0016300107;O-I MANUFACTURING FRANCE;2005;Air;Chlore et composés inorganiques (en tant que HCl);25900;kg/an
0010600308;DAIKIN CHEMICAL FRANCE;2005;Eau (direct);Fluor et ses composés (F);14;kg/an
0016300107;O-I MANUFACTURING FRANCE;2005;Air;Nickel et composés (exprimés en tant que Ni);119;kg/an
0010600720;FONDERIE VENISSIEUX  SAS;2005;Eau (indirect);Zinc et composés (exprimés en tant que Zn);256;kg/an
0016300107;O-I MANUFACTURING FRANCE;2005;Air;Oxydes de soufre (SOx/SO2);658000;kg/an
0016300107;O-I MANUFACTURING FRANCE;2005;Air;Oxydes d'azote (NOx/NO2);551000;kg/an
0010600774;GRANGE SAS;2005;Air;Composés organiques volatils non méthaniques (COVNM);50900;kg/an
0016300107;O-I MANUFACTURING FRANCE;2005;Air;Plomb et composés (exprimés en tant que Pb);203;kg/an
0016300107;O-I MANUFACTURING FRANCE;2005;Air;Etain et composés (exprimés en tant que Sn);1990;kg/an
0016300107;O-I MANUFACTURING FRANCE;2005;Air;Fluor et ses composés (F);1610;kg/an
0010700012;ROUTIN 1883;2005;Eau (indirect);Carbone organique total (en tant que C total ou DCO/3);100000;kg/an
0010700012;ROUTIN 1883;2005;Eau (indirect);Demande biologique en oxygène (DBO5);275000;kg/an
0016300107;O-I MANUFACTURING FRANCE;2005;Eau (direct);Zinc et composés (exprimés en tant que Zn);137;kg/an
0010700012;ROUTIN 1883;2005;Eau (indirect);Demande chimique en oxygène (DCO);300000;kg/an
0016300113;TRAITEMENT DE SURFACE CLERMONTOIS;2005;Air;Acide fluorhydrique (flurorure d'hydrogène);32.3;kg/an
0016300113;TRAITEMENT DE SURFACE CLERMONTOIS;2005;Eau (direct);Acide fluorhydrique (flurorure d'hydrogène);91.3;kg/an
0016300168;SOCIETE DES EAUX DE VOLVIC - USINE VOLVIC FRUITS CHANCET 2;2005;Eau (indirect);Carbone organique total (en tant que C total ou DCO/3);191000;kg/an
0010700150;OCV CHAMBERY(Usine B);2005;Air;Oxydes de soufre (SOx/SO2);257000;kg/an
0010700150;OCV CHAMBERY(Usine B);2005;Air;Oxydes d'azote (NOx/NO2);191000;kg/an
0016300168;SOCIETE DES EAUX DE VOLVIC - USINE VOLVIC FRUITS CHANCET 2;2005;Eau (indirect);Demande biologique en oxygène (DBO5);330000;kg/an
0010700305;LANXESS Epierre;2005;Eau (direct);Phosphore total;8630;kg/an
0016300168;SOCIETE DES EAUX DE VOLVIC - USINE VOLVIC FRUITS CHANCET 2;2005;Eau (indirect);Demande chimique en oxygène (DCO);572000;kg/an
;SCA Le Grand Chaume;2005;Air;Ammoniac (NH3);14700;kg/an
0016300261;Hôpital Gabriel Montpied;2005;Eau (direct);Hydrazine;80;kg/an
;BONNIN Joël;2005;Air;Ammoniac (NH3);10400;kg/an
;S.A.S Elvaporcs;2005;Air;Ammoniac (NH3);19200;kg/an
;EARL LUMINEAU;2005;Air;Ammoniac (NH3);10100;kg/an
0016400362;SUEZ RV Centre Est;2005;Air;Méthane (CH4);249000;kg/an
;GOSSE Daniel;2005;Air;Ammoniac (NH3);10100;kg/an
0016400362;SUEZ RV Centre Est;2005;Eau (indirect);Arsenic et composés (exprimés en tant que As);12;kg/an
0016400362;SUEZ RV Centre Est;2005;Eau (indirect);Manganèse et composés (exprimés en tant que Mn);220;kg/an
0016400363;SICTOM Nord Allier;2005;Air;Méthane (CH4);1230000;kg/an
;GAEC BARRE FRERES;2005;Air;Ammoniac (NH3);12100;kg/an
;GAEC GOURAUD;2005;Air;Ammoniac (NH3);11700;kg/an
0016500024;AEP GROUP;2005;Air;Composés organiques volatils non méthaniques (COVNM);156000;kg/an
0016500081;CF&R;2005;Air;Hydroflurocarbures (HFC);226;kg/an
;EARL LE MANOIR;2005;Air;Ammoniac (NH3);11800;kg/an
0016500081;CF&R;2005;Eau (indirect);Carbone organique total (en tant que C total ou DCO/3);130000;kg/an
0016500081;CF&R;2005;Eau (indirect);Demande biologique en oxygène (DBO5);262000;kg/an
;GAEC DU MOULIN;2005;Air;Ammoniac (NH3);13000;kg/an
0016500081;CF&R;2005;Eau (indirect);Demande chimique en oxygène (DCO);390000;kg/an
0016500081;CF&R;2005;Eau (indirect);Phosphore total;7430;kg/an
0016500084;G'IMPRIM;2005;Air;Composés organiques volatils non méthaniques (COVNM);290000;kg/an
0022100036;GARDEL S.A.;2005;Sol;Aluminium et composés (exprimés en tant que Al);16500;kg/an
0022100036;GARDEL S.A.;2005;Sol;Carbone organique total (en tant que C total ou DCO/3);2620000;kg/an
0022100036;GARDEL S.A.;2005;Sol;Cuivre et composés (exprimés en tant que Cu);138;kg/an
0016500087;SYMPTTOM Monistrol sur Loire - ISDND;2005;Air;Méthane (CH4);367000;kg/an
0022100036;GARDEL S.A.;2005;Sol;Demande biologique en oxygène (DBO5);5040000;kg/an
0022100036;GARDEL S.A.;2005;Sol;Demande chimique en oxygène (DCO);7870000;kg/an
0016500126;SICTOM ISSOIRE BRIOUDE;2005;Air;Méthane (CH4);320000;kg/an
0022100036;GARDEL S.A.;2005;Sol;Fer et composés (exprimés en tant que Fe);31300;kg/an
0022100036;GARDEL S.A.;2005;Sol;Matières en suspension (MES);1130000;kg/an
0022100036;GARDEL S.A.;2005;Sol;Plomb et composés (exprimés en tant que Pb);30;kg/an
0016500127;SICTOM VELAY PILAT;2005;Air;Méthane (CH4);212000;kg/an
0016900050;SCA de la Guiche;2005;Air;Ammoniac (NH3);15400;kg/an
0016900056;SCA de la Guiche;2005;Air;Ammoniac (NH3);21800;kg/an
0022100044;CENTRALE DE JARRY-NORD;2005;Air;Benzène;2460;kg/an
0022100044;CENTRALE DE JARRY-NORD;2005;Air;Cadmium et composés (exprimés en tant que Cd);47;kg/an
;PESTOURIE;2005;Air;Ammoniac (NH3);16700;kg/an
0022100044;CENTRALE DE JARRY-NORD;2005;Air;Composés organiques volatils non méthaniques (COVNM);69500;kg/an
0022100044;CENTRALE DE JARRY-NORD;2005;Air;Monoxyde de carbone (CO);1930000;kg/an
0022100044;CENTRALE DE JARRY-NORD;2005;Air;Nickel et composés (exprimés en tant que Ni);848;kg/an
0022100044;CENTRALE DE JARRY-NORD;2005;Air;Oxydes de soufre (SOx/SO2);4030000;kg/an
0022100044;CENTRALE DE JARRY-NORD;2005;Air;Oxydes d'azote (NOx/NO2);9540000;kg/an
;SCA de Civray;2005;Air;Ammoniac (NH3);24800;kg/an
0022100044;CENTRALE DE JARRY-NORD;2005;Air;Particules (PM10);165000;kg/an
0022100044;CENTRALE DE JARRY-NORD;2005;Air;Plomb et composés (exprimés en tant que Pb);369;kg/an
0022100044;CENTRALE DE JARRY-NORD;2005;Air;Poussières totales;165000;kg/an
;HYPOR FRANCE;2005;Air;Ammoniac (NH3);44300;kg/an
0022100044;CENTRALE DE JARRY-NORD;2005;Air;Protoxyde d'azote (N2O);11100;kg/an
0022100044;CENTRALE DE JARRY-NORD;2005;Air;Zinc et composés (exprimés en tant que Zn);295;kg/an
;scea DU CORMIER;2005;Air;Ammoniac (NH3);23700;kg/an
0018100006;SNR CEVENNES;2005;Air;Composés organiques volatils non méthaniques (COVNM);52200;kg/an
0022100088;RHUM DAMOISEAU S.A.S;2005;Eau (direct);Carbone organique total (en tant que C total ou DCO/3);286000;kg/an
0018100006;SNR CEVENNES;2005;Air;Méthanol (alcool méthylique);250;kg/an
0022100088;RHUM DAMOISEAU S.A.S;2005;Eau (direct);Demande biologique en oxygène (DBO5);435000;kg/an
0022100088;RHUM DAMOISEAU S.A.S;2005;Eau (direct);Demande chimique en oxygène (DCO);617000;kg/an
0018100014;CC DU PAYS GRAND COMBIEN (décharge);2005;Air;Méthane (CH4);266000;kg/an
0018100024;JAL GROUP FRANCE;2005;Air;Trichloréthylène;2560;kg/an
0022100092;Distillerie MONTEBELLO;2005;Eau (direct);Carbone organique total (en tant que C total ou DCO/3);76800;kg/an
0018100025;JALLATTE;2005;Air;Dichlorométhane (DCM, chlorure de méthylène);8210;kg/an
0022100092;Distillerie MONTEBELLO;2005;Eau (direct);Demande biologique en oxygène (DBO5);103000;kg/an
0022100092;Distillerie MONTEBELLO;2005;Eau (direct);Demande chimique en oxygène (DCO);230000;kg/an
;le préau SAS;2005;Air;Ammoniac (NH3);49300;kg/an
0022100164;CENTRALE ESM ST MARTIN;2005;Air;Oxydes d'azote (NOx/NO2);224000;kg/an
0018300005;CYDEL- UTVE ARC IRIS;2005;Air;Dioxyde de carbone (CO2) d'origine biomasse;90700000;kg/an
0018300005;CYDEL- UTVE ARC IRIS;2005;Air;Oxydes d'azote (NOx/NO2);116000;kg/an
0018300005;CYDEL- UTVE ARC IRIS;2005;Air;Protoxyde d'azote (N2O);18600;kg/an
;GAEC ELEVAGE DAMANY;2005;Air;Ammoniac (NH3);15500;kg/an
0018300699;CABM;2005;Air;Méthane (CH4);176000;kg/an
;SEUDAC;2005;Eau (indirect);Carbone organique total (en tant que C total ou DCO/3);107000;kg/an
;SCEA DES MENHIRS;2005;Air;Ammoniac (NH3);15700;kg/an
;SEUDAC;2005;Eau (indirect);Demande biologique en oxygène (DBO5);175000;kg/an
;SEUDAC;2005;Eau (indirect);Demande chimique en oxygène (DCO);322000;kg/an
;COCHERIL Daniel;2005;Air;Ammoniac (NH3);15700;kg/an
;CHARAL;2005;Eau (indirect);Carbone organique total (en tant que C total ou DCO/3);75000;kg/an
;CHARAL;2005;Eau (indirect);Demande biologique en oxygène (DBO5);123000;kg/an
;EARL DU HAUT CAINGAN;2005;Air;Ammoniac (NH3);13700;kg/an
;CHARAL;2005;Eau (indirect);Demande chimique en oxygène (DCO);225000;kg/an
;SEM des abattoirs de la Valeynie;2005;Eau (indirect);Carbone organique total (en tant que C total ou DCO/3);66800;kg/an
;SCA LE BIHAN-GLOUX;2005;Air;Ammoniac (NH3);28400;kg/an
;SEM des abattoirs de la Valeynie;2005;Eau (indirect);Demande biologique en oxygène (DBO5);110000;kg/an
;SEM des abattoirs de la Valeynie;2005;Eau (indirect);Demande chimique en oxygène (DCO);200000;kg/an
;SARL LE MOUEL;2005;Air;Ammoniac (NH3);22500;kg/an
;SCEA ANDRIEU;2005;Air;Ammoniac (NH3);15600;kg/an
;SCEA LOTOUT BERNABE;2005;Air;Ammoniac (NH3);11700;kg/an
;EARL DE LA HELLIOTERIE;2005;Air;Ammoniac (NH3);15600;kg/an
;EARL LE BRIS;2005;Air;Ammoniac (NH3);15800;kg/an
;LE DU ISIDORE;2005;Air;Ammoniac (NH3);10000;kg/an
;SNC DOUX POUSSINS;2005;Air;Ammoniac (NH3);148000;kg/an
;SOCIETE AUREGAN MEGRET;2005;Air;Ammoniac (NH3);20300;kg/an
;EARL BAUDOUIN;2005;Air;Ammoniac (NH3);10200;kg/an
;Ets Yves Nicol;2005;Air;Ammoniac (NH3);22800;kg/an
0022200009;LA MARTINIQUAISE DE VALORISATION S.A.;2005;Air;Dioxyde de carbone (CO2) d'origine biomasse;311000000;kg/an
;GAEC DE LORGERIE;2005;Air;Ammoniac (NH3);18200;kg/an
0022200009;LA MARTINIQUAISE DE VALORISATION S.A.;2005;Air;Oxydes d'azote (NOx/NO2);122000;kg/an
0022200009;LA MARTINIQUAISE DE VALORISATION S.A.;2005;Air;Protoxyde d'azote (N2O);11200;kg/an
;SCEA ELEVAGE DE LA VILLE BARBE;2005;Air;Ammoniac (NH3);12300;kg/an
;SCEA DE LA VILLE POISSIN;2005;Air;Ammoniac (NH3);21100;kg/an
0022200014;Distillerie Dillon SA;2005;Eau (direct);Carbone organique total (en tant que C total ou DCO/3);86000;kg/an
0022200014;Distillerie Dillon SA;2005;Eau (direct);Demande biologique en oxygène (DBO5);47800;kg/an
;SCEA DE LA VILLE PEAN;2005;Air;Ammoniac (NH3);10900;kg/an
0022200014;Distillerie Dillon SA;2005;Eau (direct);Demande chimique en oxygène (DCO);258000;kg/an
0022200016;EDF SEI - PK;2005;Air;Benzène;1090;kg/an
;EARL DE LA VILLE BELLANGER;2005;Air;Ammoniac (NH3);20200;kg/an
0022200016;EDF SEI - PK;2005;Air;Cadmium et composés (exprimés en tant que Cd);22;kg/an
0022200016;EDF SEI - PK;2005;Air;Composés organiques volatils non méthaniques (COVNM);40400;kg/an
;SARL DU MOELOU;2005;Air;Ammoniac (NH3);52700;kg/an
0022200016;EDF SEI - PK;2005;Air;Nickel et composés (exprimés en tant que Ni);376;kg/an
0022200016;EDF SEI - PK;2005;Air;Oxydes de soufre (SOx/SO2);2220000;kg/an
;SCEA YANNICK LE GOFF;2005;Air;Ammoniac (NH3);12900;kg/an
0022200016;EDF SEI - PK;2005;Air;Oxydes d'azote (NOx/NO2);6470000;kg/an
0022200016;EDF SEI - PK;2005;Air;Particules (PM10);84200;kg/an
0022100003;Distillerie Rhumeries Agri de M- Galante;2005;Eau (direct);Carbone organique total (en tant que C total ou DCO/3);59500;kg/an
0022200020;RHUMS MARTINIQUAIS SAINT JAMES;2005;Air;Composés organiques volatils non méthaniques (COVNM);71200;kg/an
0022100003;Distillerie Rhumeries Agri de M- Galante;2005;Eau (direct);Demande chimique en oxygène (DCO);179000;kg/an
0022200031;EDF SEI - Bf;2005;Air;Benzène;2830;kg/an
0022200031;EDF SEI - Bf;2005;Air;Cadmium et composés (exprimés en tant que Cd);55;kg/an
0022100006;ALBIOMA LE MOULE;2005;Air;Chlore et composés inorganiques (en tant que HCl);37600;kg/an
0022200031;EDF SEI - Bf;2005;Air;Composés organiques volatils non méthaniques (COVNM);77000;kg/an
0022200031;EDF SEI - Bf;2005;Air;Monoxyde de carbone (CO);1470000;kg/an
0022100006;ALBIOMA LE MOULE;2005;Air;Dioxyde de carbone (CO2) d'origine biomasse;133000000;kg/an
0022200031;EDF SEI - Bf;2005;Air;Nickel et composés (exprimés en tant que Ni);974;kg/an
0022200031;EDF SEI - Bf;2005;Air;Oxydes de soufre (SOx/SO2);4770000;kg/an
0022100006;ALBIOMA LE MOULE;2005;Air;Oxydes de soufre (SOx/SO2);1790000;kg/an
0022200031;EDF SEI - Bf;2005;Air;Oxydes d'azote (NOx/NO2);12500000;kg/an
0022200031;EDF SEI - Bf;2005;Air;Plomb et composés (exprimés en tant que Pb);424;kg/an
0022100006;ALBIOMA LE MOULE;2005;Air;Oxydes d'azote (NOx/NO2);996000;kg/an
0022200031;EDF SEI - Bf;2005;Air;Poussières totales;256000;kg/an
0022200031;EDF SEI - Bf;2005;Air;Protoxyde d'azote (N2O);13000;kg/an
0022100006;ALBIOMA LE MOULE;2005;Air;Protoxyde d'azote (N2O);14500;kg/an
0022200031;EDF SEI - Bf;2005;Air;Zinc et composés (exprimés en tant que Zn);338;kg/an
0022100006;ALBIOMA LE MOULE;2005;Eau (direct);Cuivre et composés (exprimés en tant que Cu);626;kg/an
0022200040;SAEM LE GALION;2005;Air;Monoxyde de carbone (CO);636000;kg/an
0022200040;SAEM LE GALION;2005;Air;Poussières totales;753000;kg/an
0022100006;ALBIOMA LE MOULE;2005;Eau (direct);Zinc et composés (exprimés en tant que Zn);127;kg/an
0022200040;SAEM LE GALION;2005;Eau (direct);Carbone organique total (en tant que C total ou DCO/3);697000;kg/an
0022200040;SAEM LE GALION;2005;Eau (direct);Demande biologique en oxygène (DBO5);686000;kg/an
0022100013;ELECTRICITE DE FRANCE JYS;2005;Air;Oxydes d'azote (NOx/NO2);187000;kg/an
0022200040;SAEM LE GALION;2005;Eau (direct);Demande chimique en oxygène (DCO);2090000;kg/an
0022200040;SAEM LE GALION;2005;Eau (direct);Matières en suspension (MES);770000;kg/an
0022200044;SARA raffinerie;2005;Air;Composés organiques volatils non méthaniques (COVNM);136000;kg/an
0022200044;SARA raffinerie;2005;Air;Oxydes de soufre (SOx/SO2);933000;kg/an
0022200044;SARA raffinerie;2005;Air;Oxydes d'azote (NOx/NO2);232000;kg/an
0022100014;Centrale EDF de St Barthelemy;2005;Air;Oxydes d'azote (NOx/NO2);1190000;kg/an
;22204201;2005;Air;Ammoniac (NH3);27100;kg/an
0022100015;ELECTRICITE DE FRANCE St Martin;2005;Air;Oxydes d'azote (NOx/NO2);884000;kg/an
;EARL ELEVAGE PEN AR GOE;2005;Air;Ammoniac (NH3);14300;kg/an
0022100016;ENERGIES ANTILLES;2005;Air;Oxydes de soufre (SOx/SO2);985000;kg/an
;HUET PHILIPPE;2005;Air;Ammoniac (NH3);13200;kg/an
0022100016;ENERGIES ANTILLES;2005;Air;Oxydes d'azote (NOx/NO2);1250000;kg/an
0022100034;INCINERATEUR DE SAINT BARTHELEMY;2005;Air;Dioxines et furanes (PCDD + PCDF) (exprimés en iTeq);0.0013;kg/an
;EARL DE KERNARHANT;2005;Air;Ammoniac (NH3);13700;kg/an
0022100034;INCINERATEUR DE SAINT BARTHELEMY;2005;Air;Chlore;1050;kg/an
0022100034;INCINERATEUR DE SAINT BARTHELEMY;2005;Air;Fluor et ses composés (F);19;kg/an
;LE PAGE PHILIPPE;2005;Air;Ammoniac (NH3);13800;kg/an
;LE MIGNOT Guy;2005;Air;Ammoniac (NH3);14300;kg/an
;SBA Société Bisontine d'Abattage;2005;Eau (indirect);Carbone organique total (en tant que C total ou DCO/3);168000;kg/an
;EARL ELEVAGE ROBERT Hervé;2005;Air;Ammoniac (NH3);14800;kg/an
;SBA Société Bisontine d'Abattage;2005;Eau (indirect);Demande biologique en oxygène (DBO5);245000;kg/an
;SBA Société Bisontine d'Abattage;2005;Eau (indirect);Demande chimique en oxygène (DCO);504000;kg/an
;EARL LONCLE et ROBERT;2005;Air;Ammoniac (NH3);13600;kg/an
;SAS KERANNA;2005;Air;Ammoniac (NH3);47500;kg/an
;DEMONTROND Lionel éleveur de porcs;2005;Air;Ammoniac (NH3);10700;kg/an
;SCEA BALUSSON;2005;Air;Ammoniac (NH3);26000;kg/an
0025100019;TERRALIA;2005;Air;Méthane (CH4);157000;kg/an
0025100039;ArcelorMittal Stainless and Nickel Alloys Wire;2005;Eau (direct);Nickel et composés (exprimés en tant que Ni);779;kg/an
;EARL DU BOURG;2005;Air;Ammoniac (NH3);10600;kg/an
;SCEA OEUF D'ARMOR;2005;Air;Ammoniac (NH3);14800;kg/an
0025100039;ArcelorMittal Stainless and Nickel Alloys Wire;2005;Eau (direct);Fluor et ses composés (F);920;kg/an
;LE FEVRE Anne;2005;Air;Ammoniac (NH3);13500;kg/an
0025100048;PremEster;2005;Air;Composés organiques volatils non méthaniques (COVNM);106000;kg/an
;SCEA DE LA PIERRE BLEUE;2005;Air;Ammoniac (NH3);13000;kg/an
0025100048;PremEster;2005;Eau (direct);Carbone organique total (en tant que C total ou DCO/3);76700;kg/an
;SCEA CRESTEL;2005;Air;Ammoniac (NH3);17300;kg/an
0025100048;PremEster;2005;Eau (direct);Chrome et composés (exprimés en tant que Cr);80;kg/an
0025100048;PremEster;2005;Eau (direct);Demande biologique en oxygène (DBO5);43400;kg/an
;EARL LE JEUNE;2005;Air;Ammoniac (NH3);10400;kg/an
0025100048;PremEster;2005;Eau (direct);Demande chimique en oxygène (DCO);230000;kg/an
;EARL CLAUDE HERVEIC;2005;Air;Ammoniac (NH3);36000;kg/an
0025100048;PremEster;2005;Eau (direct);Nickel et composés (exprimés en tant que Ni);167;kg/an
0025100048;PremEster;2005;Eau (direct);Phénols (en tant que C total);1700;kg/an
;GAEC LE BOUDER;2005;Air;Ammoniac (NH3);19400;kg/an
;ABATTOIR ARCADIE CENTRE EST;2005;Eau (indirect);Demande biologique en oxygène (DBO5);76800;kg/an
;SARL PORFINS;2005;Air;Ammoniac (NH3);17800;kg/an
;FROMARSAC;2005;Eau (direct);Carbone organique total (en tant que C total ou DCO/3);171000;kg/an
;FROMARSAC;2005;Eau (direct);Demande chimique en oxygène (DCO);513000;kg/an
;SAS PEB;2005;Air;Ammoniac (NH3);33100;kg/an
;FROMAGERIE DES CHAUMES;2005;Eau (direct);Phosphore total;5040;kg/an
0024600015;GRT GAZ Palleau;2005;Air;Méthane (CH4);141000;kg/an
;Les éleveurs de la Chevillotte;2005;Eau (indirect);Carbone organique total (en tant que C total ou DCO/3);50600;kg/an
0024600028;INDUSTEEL FRANCE site du Creusot (Secteur Creusot);2005;Air;Chrome et composés (exprimés en tant que Cr);250;kg/an
0024600028;INDUSTEEL FRANCE site du Creusot (Secteur Creusot);2005;Air;Nickel et composés (exprimés en tant que Ni);87;kg/an
0024600028;INDUSTEEL FRANCE site du Creusot (Secteur Creusot);2005;Air;Acide fluorhydrique (flurorure d'hydrogène);2000;kg/an
;Les éleveurs de la Chevillotte;2005;Eau (indirect);Demande biologique en oxygène (DBO5);80300;kg/an
0024600028;INDUSTEEL FRANCE site du Creusot (Secteur Creusot);2005;Eau (direct);Nickel et composés (exprimés en tant que Ni);51;kg/an
0024600028;INDUSTEEL FRANCE site du Creusot (Secteur Creusot);2005;Eau (direct);Plomb et composés (exprimés en tant que Pb);31;kg/an
;Les éleveurs de la Chevillotte;2005;Eau (indirect);Demande chimique en oxygène (DCO);152000;kg/an
0024600028;INDUSTEEL FRANCE site du Creusot (Secteur Creusot);2005;Eau (direct);Zinc et composés (exprimés en tant que Zn);187;kg/an
0024600028;INDUSTEEL FRANCE site du Creusot (Secteur Creusot);2005;Eau (direct);Acide fluorhydrique (flurorure d'hydrogène);1200;kg/an
;SOCIETE FROMAGERE BESNIER;2005;Eau (indirect);Carbone organique total (en tant que C total ou DCO/3);98700;kg/an
;SOCIETE FROMAGERE BESNIER;2005;Eau (indirect);Demande biologique en oxygène (DBO5);131000;kg/an
0024700068;SCHNEIDER ELECTRIC AMT;2005;Air;Hexafluorure de soufre (SF6);204;kg/an
;SOCIETE FROMAGERE BESNIER;2005;Eau (indirect);Demande chimique en oxygène (DCO);296000;kg/an
0024700068;SCHNEIDER ELECTRIC AMT;2005;Air;Méthanol (alcool méthylique);100;kg/an
;LIOT SAS;2005;Air;Ammoniac (NH3);16200;kg/an
;EARL LES TRINQUETS;2005;Air;Ammoniac (NH3);15200;kg/an
0024700073;SUNNYLAND France SA;2005;Eau (indirect);Demande biologique en oxygène (DBO5);43800;kg/an
;SARL B.P.O;2005;Air;Ammoniac (NH3);17000;kg/an
;EARL VENT DE PLAINE;2005;Air;Ammoniac (NH3);13300;kg/an
0024700107;POLYDEC BOURGOGNE;2005;Air;Composés organiques volatils non méthaniques (COVNM);74800;kg/an
;EARL DE LA GALLINETTE;2005;Air;Ammoniac (NH3);18300;kg/an
0024700109;TOURNUS DEMOLITION AUTO;2005;Air;Composés organiques volatils non méthaniques (COVNM);35300;kg/an
0024700109;TOURNUS DEMOLITION AUTO;2005;Air;Trichloréthylène;9360;kg/an
;SOCOPA VIANDES;2005;Eau (direct);Ammoniac (NH3);80;kg/an
;SARL WILLEMS;2005;Air;Ammoniac (NH3);11700;kg/an
0024700115;SMEVOM du Charolais-Brionnais et de l'Au;2005;Air;Méthane (CH4);257000;kg/an
;EARL DE BELLEVUE;2005;Air;Ammoniac (NH3);11300;kg/an
0024900001;I.S.D.N.D de Monéteau;2005;Air;Méthane (CH4);221000;kg/an
;EARL LE ROUX Frères;2005;Air;Ammoniac (NH3);11800;kg/an
;LE COENT Hervé;2005;Air;Ammoniac (NH3);10100;kg/an
0024900041;KNAUF ISBA;2005;Air;Composés organiques volatils non méthaniques (COVNM);35300;kg/an
;EARL de GUERNIGOU;2005;Air;Ammoniac (NH3);14100;kg/an
;SCEA ELEVAGE DE KERGOFF;2005;Air;Ammoniac (NH3);16200;kg/an
0024900044;COVED_ ISDND de Champigny;2005;Air;Méthane (CH4);571000;kg/an
;SARL DE ROSSIVIN;2005;Air;Ammoniac (NH3);21800;kg/an
0024900045;COVED - ISDND de Villiers;2005;Air;Méthane (CH4);457000;kg/an
;GAEC DE KERBOULLOU;2005;Air;Ammoniac (NH3);17500;kg/an
0025000002;VALEST;2005;Air;Dioxyde de carbone (CO2) d'origine biomasse;10300000;kg/an
0025000002;VALEST;2005;Air;Méthane (CH4);772000;kg/an
;SCEA PICART;2005;Air;Ammoniac (NH3);12200;kg/an
0025000022;SMET 71;2005;Air;Méthane (CH4);715000;kg/an
;EARL CARRER;2005;Air;Ammoniac (NH3);10300;kg/an
0025000023;VALEST;2005;Air;Dioxyde de carbone (CO2) d'origine biomasse;11500000;kg/an
;SCEA CUEFF;2005;Air;Ammoniac (NH3);11400;kg/an
0025000023;VALEST;2005;Air;Méthane (CH4);594000;kg/an
;MARPORC SARL 6 rue des Rougeots 25270 AVANNE-AVENEY;2005;Air;Ammoniac (NH3);15700;kg/an
;Juvardeil 1 et 2;2005;Air;Ammoniac (NH3);22500;kg/an
;MAUGES'OEUF (SCEA);2005;Air;Ammoniac (NH3);18100;kg/an
;MENORET Cecile;2005;Air;Ammoniac (NH3);20300;kg/an
;SARL BERTHEVAS;2005;Air;Ammoniac (NH3);15300;kg/an
;Grimaud Frères Sélection;2005;Air;Ammoniac (NH3);49400;kg/an
;BIANIC;2005;Eau (indirect);Carbone organique total (en tant que C total ou DCO/3);79200;kg/an
;GRIMAUD FRERES SELECTION (S.A.S);2005;Air;Ammoniac (NH3);30100;kg/an
;BIANIC;2005;Eau (indirect);Demande biologique en oxygène (DBO5);109000;kg/an
;EURY Pascal;2005;Air;Ammoniac (NH3);15800;kg/an
;BIANIC;2005;Eau (indirect);Demande chimique en oxygène (DCO);238000;kg/an
;SCEA BONNY;2005;Air;Ammoniac (NH3);13700;kg/an
;AIR PORC;2005;Air;Ammoniac (NH3);10300;kg/an
;SCEA DES BEAUX LINGES;2005;Air;Ammoniac (NH3);13800;kg/an
;INRA;2005;Eau (indirect);Carbone organique total (en tant que C total ou DCO/3);50200;kg/an
;GAEC DESLANDES;2005;Air;Ammoniac (NH3);12400;kg/an
;INRA;2005;Eau (indirect);Demande biologique en oxygène (DBO5);55900;kg/an
;INRA;2005;Eau (indirect);Demande chimique en oxygène (DCO);151000;kg/an
;SARL AGENA;2005;Air;Ammoniac (NH3);11600;kg/an
;EARL LEHERICEY;2005;Air;Ammoniac (NH3);14000;kg/an
;EARL GROUSSIN Olivier;2005;Air;Ammoniac (NH3);13900;kg/an
;EARL FRANCOIS;2005;Air;Ammoniac (NH3);17400;kg/an
;NICOLLE Daniel;2005;Air;Ammoniac (NH3);18300;kg/an
;VILLERET JACQUES;2005;Air;Ammoniac (NH3);13800;kg/an
;GAEC DES DEUX VAL;2005;Air;Ammoniac (NH3);17400;kg/an
;EARL DU SCY;2005;Air;Ammoniac (NH3);14000;kg/an
;EARL DE LA COUDRAIE;2005;Air;Ammoniac (NH3);10700;kg/an
;SARL FILLATRE;2005;Air;Ammoniac (NH3);11800;kg/an
;SARL des Equets;2005;Air;Ammoniac (NH3);20400;kg/an
;GAEC DE L'IDEE;2005;Air;Ammoniac (NH3);14500;kg/an
;EARL DENONAIN ET FILS;2005;Air;Ammoniac (NH3);13300;kg/an
;SOCIETE NOUVELLE AIM GROUP;2005;Eau (direct);Carbone organique total (en tant que C total ou DCO/3);139000;kg/an
;SOCIETE NOUVELLE AIM GROUP;2005;Eau (direct);Demande biologique en oxygène (DBO5);324000;kg/an
;FERMIERS LANDAIS SAS;2005;Eau (indirect);Demande biologique en oxygène (DBO5);66000;kg/an
;SOCIETE NOUVELLE AIM GROUP;2005;Eau (direct);Demande chimique en oxygène (DCO);417000;kg/an
;SOCIETE NOUVELLE AIM GROUP;2005;Eau (direct);Matières en suspension (MES);474000;kg/an
;PYRENEX;2005;Eau (direct);Carbone organique total (en tant que C total ou DCO/3);56700;kg/an
;SOCIETE NOUVELLE AIM GROUP;2005;Eau (direct);Phosphore total;7950;kg/an
;GAEC ILE DE France;2005;Air;Ammoniac (NH3);13000;kg/an
;PYRENEX;2005;Eau (direct);Demande biologique en oxygène (DBO5);71300;kg/an
;PYRENEX;2005;Eau (direct);Demande chimique en oxygène (DCO);170000;kg/an
;EARL les Grands Vergers;2005;Air;Ammoniac (NH3);15400;kg/an
;SERVAIS S.A.S;2005;Eau (indirect);Demande biologique en oxygène (DBO5);70900;kg/an
;EARL DE LA PLAINE;2005;Air;Ammoniac (NH3);13200;kg/an
;EARL LEGUET;2005;Air;Ammoniac (NH3);13800;kg/an
;SARL LEMONNIER;2005;Air;Ammoniac (NH3);21200;kg/an
;SARL DOMAINE DES GENETS;2005;Air;Ammoniac (NH3);26200;kg/an
;Les ELEVEURS de la CHAMPAGNE;2005;Eau (indirect);Carbone organique total (en tant que C total ou DCO/3);136000;kg/an
;Les ELEVEURS de la CHAMPAGNE;2005;Sol;Chrome et composés (exprimés en tant que Cr);161;kg/an
;DELORY Didier;2005;Air;Ammoniac (NH3);11600;kg/an
;Les ELEVEURS de la CHAMPAGNE;2005;Eau (indirect);Demande biologique en oxygène (DBO5);211000;kg/an
;Les ELEVEURS de la CHAMPAGNE;2005;Eau (indirect);Demande chimique en oxygène (DCO);409000;kg/an
;DELORY Didier;2005;Sol;Phosphore total;20900;kg/an
;Les ELEVEURS de la CHAMPAGNE;2005;Sol;Nickel et composés (exprimés en tant que Ni);95;kg/an
;Les ELEVEURS de la CHAMPAGNE;2005;Sol;Plomb et composés (exprimés en tant que Pb);238;kg/an
;GONET Philippe;2005;Sol;Phosphore total;13200;kg/an
;EARL DES VENTS - CONAN Arnaud;2005;Air;Ammoniac (NH3);18000;kg/an
;GAEC des GRANDES VIGNES;2005;Air;Ammoniac (NH3);13900;kg/an
;SCEA de la CERTINE;2005;Air;Ammoniac (NH3);46000;kg/an
;MARQUET Guy;2005;Air;Ammoniac (NH3);24600;kg/an
;SCEA du Val Deffontaines;2005;Air;Ammoniac (NH3);13900;kg/an
;SCEA DU PONT DU GUI;2005;Air;Ammoniac (NH3);13500;kg/an
;SCEA les ROULIERS;2005;Air;Ammoniac (NH3);24000;kg/an
;EARL LES OEUFS DU BOULAY;2005;Air;Ammoniac (NH3);16200;kg/an
;SCEA PORCHERE de la VOIE ROMAINE;2005;Air;Ammoniac (NH3);23800;kg/an
;GAEC LA SIONNIERE;2005;Air;Ammoniac (NH3);16200;kg/an
;MOULE Arnaud;2005;Air;Ammoniac (NH3);11600;kg/an
;SCEA de la HAIE des PRES;2005;Air;Ammoniac (NH3);16100;kg/an
;EARL des GARNIERS;2005;Air;Ammoniac (NH3);10400;kg/an
;SCEA de Monceville;2005;Air;Ammoniac (NH3);125000;kg/an
;SCEA ELEVAGE DE LA SOUDE;2005;Air;Ammoniac (NH3);37200;kg/an
;Eggteam SAS - Site Domaine de l'Orme;2005;Air;Ammoniac (NH3);19900;kg/an
;EARL DE LA PERRIERE ( porcherie de COLOMBEY les 2 EGLISES);2005;Air;Ammoniac (NH3);12600;kg/an
;SCEA DE LA VERRERIE;2005;Air;Ammoniac (NH3);19600;kg/an
;GRANDJEAN Elisabeth;2005;Air;Ammoniac (NH3);10400;kg/an
;SAS élevages de CAZALS;2005;Air;Ammoniac (NH3);25500;kg/an
;GAEC FORET;2005;Air;Ammoniac (NH3);14100;kg/an
;GAEC DE WENNUS;2005;Air;Ammoniac (NH3);31400;kg/an
;BERGERE Jérôme;2005;Air;Ammoniac (NH3);10400;kg/an
;EARL DOMÄINE DE TAUZIA;2005;Air;Ammoniac (NH3);26600;kg/an
;MAUSSIONNAIE (SCEA DE LA);2005;Air;Ammoniac (NH3);12900;kg/an
;SCEA LOUVEAU;2005;Air;Ammoniac (NH3);11600;kg/an
;SCEA du gravier;2005;Air;Ammoniac (NH3);13600;kg/an
;ELEVAGE AVICOLE DU VAL D'EVRE;2005;Air;Ammoniac (NH3);15500;kg/an
;SCEA TOUCHET;2005;Air;Ammoniac (NH3);14700;kg/an
;ELBEL (G.F.A);2005;Air;Ammoniac (NH3);18800;kg/an
;BOISSELIER OLIVIER (EARL);2005;Air;Ammoniac (NH3);11300;kg/an
;Herissiere volaille;2005;Air;Ammoniac (NH3);13000;kg/an
;LES ETOUBLES (SCEA);2005;Air;Ammoniac (NH3);17200;kg/an
;EARL DU BOIS GIGANT;2005;Air;Ammoniac (NH3);11400;kg/an
;LAC (EARL DU);2005;Air;Ammoniac (NH3);10500;kg/an
;LA ROULONNIERE;2005;Air;Ammoniac (NH3);29400;kg/an
;GAEC LA MOLLIERE;2005;Air;Ammoniac (NH3);12200;kg/an
;BEAULIEU;2005;Air;Ammoniac (NH3);28600;kg/an
;GUESNERIE GERARD;2005;Air;Ammoniac (NH3);11800;kg/an
;La Croix 1 et 2;2005;Air;Ammoniac (NH3);21400;kg/an
;EARL DU LIMET;2005;Air;Ammoniac (NH3);34800;kg/an
;SAINT GEORGES 1 et 2;2005;Air;Ammoniac (NH3);21400;kg/an
;SCEA LA HAIE DES PRES;2005;Air;Ammoniac (NH3);52700;kg/an
;SOUCELLES 1, 2, 3;2005;Air;Ammoniac (NH3);18900;kg/an
;SCEA du Pré aux Auges;2005;Air;Ammoniac (NH3);20600;kg/an
;EARL JANIN;2005;Air;Ammoniac (NH3);18400;kg/an
;SOUILLETS (GAEC LES);2005;Air;Ammoniac (NH3);10700;kg/an
;EARL DE LA CARRIERE;2005;Air;Ammoniac (NH3);11400;kg/an
;PINEAU (SCEA DU);2005;Air;Ammoniac (NH3);12200;kg/an
;EARLdu Groseillier;2005;Air;Ammoniac (NH3);10800;kg/an
;MERIAU (EARL);2005;Air;Ammoniac (NH3);12100;kg/an
;BUISSON (GAEC DU);2005;Air;Ammoniac (NH3);10700;kg/an
;SARL XELOT;2005;Air;Ammoniac (NH3);13900;kg/an
;earl la joliviere;2005;Air;Ammoniac (NH3);12200;kg/an
;AMELYS (EARL LES);2005;Air;Ammoniac (NH3);13800;kg/an
;GALLIN'OEUF (SARL);2005;Air;Ammoniac (NH3);15400;kg/an
;GUITTON (EARL);2005;Air;Ammoniac (NH3);19900;kg/an
;PONANT (EARL DU);2005;Air;Ammoniac (NH3);17300;kg/an
;GRIMAULT SCEA;2005;Air;Ammoniac (NH3);22800;kg/an
;JULIERE SCEA;2005;Air;Ammoniac (NH3);20400;kg/an
;RUFRAGER ELEVAGE LORRAIN;2005;Air;Ammoniac (NH3);11900;kg/an
;OVOMAUGES;2005;Air;Ammoniac (NH3);18000;kg/an
;ERDRE (GAEC DE L');2005;Air;Ammoniac (NH3);10700;kg/an
;GROUPE BIGARD;2005;Eau (indirect);Carbone organique total (en tant que C total ou DCO/3);61600;kg/an
;GROUPE BIGARD;2005;Eau (indirect);Demande biologique en oxygène (DBO5);103000;kg/an
;GROUPE BIGARD;2005;Eau (indirect);Demande chimique en oxygène (DCO);185000;kg/an
;LOISEAU Jocelyn;2005;Air;Ammoniac (NH3);11500;kg/an
;SARL GOUBAUD;2005;Air;Ammoniac (NH3);11600;kg/an
;SARL LDP;2005;Air;Ammoniac (NH3);25900;kg/an
;Griamud Frères Sélection;2005;Air;Ammoniac (NH3);22200;kg/an
;EARL VANDAELE;2005;Air;Ammoniac (NH3);13700;kg/an
;SARL VERLEENE;2005;Air;Ammoniac (NH3);19200;kg/an
;BOURGET (SCEA);2005;Air;Ammoniac (NH3);11800;kg/an
;CHARAL;2005;Eau (indirect);Azote total;71300;kg/an
;CHARAL;2005;Eau (indirect);Carbone organique total (en tant que C total ou DCO/3);387000;kg/an
;SCEA des trois chênes;2005;Air;Ammoniac (NH3);21500;kg/an
;CHARAL;2005;Eau (indirect);Demande biologique en oxygène (DBO5);450000;kg/an
;EARL DE LA WATTERSTRAETE;2005;Air;Ammoniac (NH3);12700;kg/an
;CHARAL;2005;Eau (indirect);Demande chimique en oxygène (DCO);1160000;kg/an
;CHARAL;2005;Eau (indirect);Matières en suspension (MES);424000;kg/an
;SARL DELOMMEZ;2005;Air;Ammoniac (NH3);10200;kg/an
;EARL DETHOOR;2005;Air;Ammoniac (NH3);12100;kg/an
;CHARAL;2005;Eau (indirect);Phosphore total;9550;kg/an
;EARL Dominique GRASSET;2005;Air;Ammoniac (NH3);14900;kg/an
;SARL FERME AVICOLE BAUDUIN;2005;Air;Ammoniac (NH3);12500;kg/an
;BEL AIR 2;2005;Air;Ammoniac (NH3);10100;kg/an
;GAEC LAURENT;2005;Air;Ammoniac (NH3);19000;kg/an
;LIONOR SA;2005;Eau (indirect);Carbone organique total (en tant que C total ou DCO/3);109000;kg/an
;LIONOR SA;2005;Eau (indirect);Demande biologique en oxygène (DBO5);168000;kg/an
;LIONOR SA;2005;Eau (indirect);Demande chimique en oxygène (DCO);328000;kg/an
;SCEA CORBEL;2005;Air;Ammoniac (NH3);19000;kg/an
;SARL DE LA FERME DU MAZE;2005;Air;Ammoniac (NH3);13100;kg/an
;EARL GESTIN;2005;Air;Ammoniac (NH3);10700;kg/an
;SARL Jean CARTON;2005;Air;Ammoniac (NH3);22600;kg/an
;EARL DE L'YSER;2005;Air;Ammoniac (NH3);16500;kg/an
;EARL DE PERROS;2005;Air;Ammoniac (NH3);10900;kg/an
;ETS ABHERVE;2005;Air;Ammoniac (NH3);12000;kg/an
;GAEC DU MARCHIS;2005;Air;Ammoniac (NH3);15900;kg/an
;SARL DES TROIS CARRIERES;2005;Air;Ammoniac (NH3);17400;kg/an
;SA LOAEC;2005;Air;Ammoniac (NH3);18100;kg/an
;KPH;2005;Air;Ammoniac (NH3);15500;kg/an
;GAEC KERAUDY;2005;Air;Ammoniac (NH3);11100;kg/an
;INTEROVO AVICOLE FRANCE;2005;Air;Ammoniac (NH3);84700;kg/an
;SARL LE BAUT;2005;Air;Ammoniac (NH3);13600;kg/an
;HURET Jean-Claude;2005;Air;Ammoniac (NH3);10200;kg/an
;SCEA de KERROCH;2005;Air;Ammoniac (NH3);11900;kg/an
;GAEC EMILY;2005;Air;Ammoniac (NH3);13700;kg/an
;BAYART Philippe (EARL du Gal);2005;Air;Ammoniac (NH3);11100;kg/an
;EARL AVICOLE DU VIVIER;2005;Air;Ammoniac (NH3);17400;kg/an
;TRANNIN;2005;Air;Ammoniac (NH3);11400;kg/an
;SAGE du JARIEL;2005;Air;Ammoniac (NH3);15200;kg/an
;SARL l'Oeuf des Monts d'auvergne;2005;Air;Ammoniac (NH3);23900;kg/an
;S.A.S PORTES ET APPRAT;2005;Air;Ammoniac (NH3);14100;kg/an
;FERMIERE DU LANGUEDOC;2005;Air;Ammoniac (NH3);20200;kg/an
;EURL BOY;2005;Air;Ammoniac (NH3);15800;kg/an
;GAEC DE KERHORONG;2005;Air;Ammoniac (NH3);11600;kg/an
;GAEC DE BEAUPRE MAHE;2005;Air;Ammoniac (NH3);11400;kg/an
;SARL ZACHER;2005;Air;Ammoniac (NH3);14600;kg/an
;EARL TARDIVEL;2005;Air;Ammoniac (NH3);11400;kg/an
;SARL VAL PRODUITS;2005;Air;Ammoniac (NH3);13000;kg/an
;EARL LES OEUFS DU VERGER;2005;Air;Ammoniac (NH3);22600;kg/an
;Groupe BIGARD;2005;Eau (indirect);Azote total;50700;kg/an
;EARL PERRIGOUE Franck;2005;Air;Ammoniac (NH3);13000;kg/an
;Groupe BIGARD;2005;Eau (indirect);Carbone organique total (en tant que C total ou DCO/3);362000;kg/an
;Groupe BIGARD;2005;Eau (indirect);Demande biologique en oxygène (DBO5);485000;kg/an
;Groupe BIGARD;2005;Eau (indirect);Demande chimique en oxygène (DCO);1090000;kg/an
;EARL DE LA GRANDE RUE;2005;Air;Ammoniac (NH3);11800;kg/an
;Groupe BIGARD;2005;Eau (indirect);Matières en suspension (MES);376000;kg/an
;Groupe BIGARD;2005;Eau (indirect);Phosphore total;6250;kg/an
;EARL de la Ville au grand;2005;Air;Ammoniac (NH3);14300;kg/an
;PALMID'OR BOURGOGNE;2005;Eau (indirect);Demande biologique en oxygène (DBO5);54900;kg/an
;SA PRELY;2005;Air;Ammoniac (NH3);10200;kg/an
;EARL de l'ISLE;2005;Air;Ammoniac (NH3);16100;kg/an
;SCEA FGMF;2005;Air;Ammoniac (NH3);19900;kg/an
;EARL DE PONT ROUZ;2005;Air;Ammoniac (NH3);15400;kg/an
;EARL CHOUANET;2005;Air;Ammoniac (NH3);12200;kg/an
;EURL La Ville Poissin;2005;Air;Ammoniac (NH3);32400;kg/an
;SA GALOR;2005;Air;Ammoniac (NH3);12200;kg/an
;EARL DU ROSS;2005;Air;Ammoniac (NH3);12000;kg/an
;entremont;2005;Eau (indirect);Carbone organique total (en tant que C total ou DCO/3);74000;kg/an
;entremont;2005;Eau (indirect);Demande biologique en oxygène (DBO5);136000;kg/an
;RAFFRAY Michel;2005;Air;Ammoniac (NH3);11800;kg/an
;entremont;2005;Eau (indirect);Demande chimique en oxygène (DCO);222000;kg/an
;CHÂTEAU MUSSET;2005;Air;Ammoniac (NH3);20300;kg/an
;besnier etaux;2005;Eau (direct);Demande biologique en oxygène (DBO5);80000;kg/an
;LE FONDREAU;2005;Air;Ammoniac (NH3);23600;kg/an
;Fromagerie de la Tournette;2005;Eau (indirect);Carbone organique total (en tant que C total ou DCO/3);107000;kg/an
;Fromagerie de la Tournette;2005;Eau (indirect);Demande biologique en oxygène (DBO5);51700;kg/an
;CHATET;2005;Air;Ammoniac (NH3);22200;kg/an
;Fromagerie de la Tournette;2005;Eau (indirect);Demande chimique en oxygène (DCO);320000;kg/an
;SA BALLIS;2005;Air;Ammoniac (NH3);18800;kg/an
;EARL DE KERDAVID;2005;Air;Ammoniac (NH3);10400;kg/an
;EARL BRETAUD;2005;Air;Ammoniac (NH3);12200;kg/an
;LOUINEAU Jacky;2005;Air;Ammoniac (NH3);10200;kg/an
;EARL PORCINE DE TREDION;2005;Air;Ammoniac (NH3);14200;kg/an
;EARL les Clôtures;2005;Air;Ammoniac (NH3);12800;kg/an
;GAEC DE LA GROIE;2005;Air;Ammoniac (NH3);19700;kg/an
;EARL GANNAT-THEOTEC;2005;Air;Ammoniac (NH3);29600;kg/an
;earl ru et boulogne;2005;Air;Ammoniac (NH3);11900;kg/an
;TOULLEC Amaury;2005;Air;Ammoniac (NH3);31100;kg/an
;BILLAUDEAU;2005;Air;Ammoniac (NH3);15200;kg/an
;EARL SUIGNARD;2005;Air;Ammoniac (NH3);12200;kg/an
;EARL POULIQUEN;2005;Air;Ammoniac (NH3);11300;kg/an
;EARL LA BITAUDIERE;2005;Air;Ammoniac (NH3);33800;kg/an
;EARL EURBI;2005;Air;Ammoniac (NH3);18000;kg/an
;SARL L'ENVOL;2005;Air;Ammoniac (NH3);31100;kg/an
;DELAVAUD Christian;2005;Air;Ammoniac (NH3);10400;kg/an
;GOASDUFF;2005;Air;Ammoniac (NH3);119000;kg/an
;EARL BOISSEAU Patrick;2005;Air;Ammoniac (NH3);15100;kg/an
;EARL MORVAN QUEFFELEC;2005;Air;Ammoniac (NH3);14500;kg/an
;EARL DE KERMEZOU;2005;Air;Ammoniac (NH3);16400;kg/an
;EARL LA LONDETTE;2005;Air;Ammoniac (NH3);18300;kg/an
;EARL MADEC;2005;Air;Ammoniac (NH3);12800;kg/an
;SNC IMPERY VOLAILLES;2005;Air;Ammoniac (NH3);12900;kg/an
;DOMAINE DE SOMMERY;2005;Air;Ammoniac (NH3);25100;kg/an
;EARL MARC Patrick;2005;Air;Ammoniac (NH3);26400;kg/an
;BROGARD PASCAL;2005;Air;Ammoniac (NH3);10000;kg/an
;EARL ELLEOUET MARINHEIRO;2005;Air;Ammoniac (NH3);10800;kg/an
;MICHEL Denis;2005;Air;Ammoniac (NH3);12000;kg/an
;EARL POUIC POUIC;2005;Air;Ammoniac (NH3);15500;kg/an
;EARL GUILLO MICHEL;2005;Air;Ammoniac (NH3);10200;kg/an
;EARL DU BOUILLEN VIHAN;2005;Air;Ammoniac (NH3);12200;kg/an
;GUILLAUME MICHEL ET EVELYNE;2005;Air;Ammoniac (NH3);15100;kg/an
;EARL DAGORN Didier;2005;Air;Ammoniac (NH3);11300;kg/an
;LE BRAZIDEC;2005;Air;Ammoniac (NH3);15000;kg/an
;HAMON Michel;2005;Air;Ammoniac (NH3);12100;kg/an
;QUERE;2005;Air;Ammoniac (NH3);12500;kg/an
;SCEA Monsieur BACON Jean Yves;2005;Air;Ammoniac (NH3);11900;kg/an
;GFA DE MANER-BIHAN;2005;Air;Ammoniac (NH3);19700;kg/an
;EARL VIGOUROUX;2005;Air;Ammoniac (NH3);16000;kg/an
;TROENES LOUIS PHILIPPE;2005;Air;Ammoniac (NH3);16700;kg/an
;PAPE Michel;2005;Air;Ammoniac (NH3);13500;kg/an
;SCEA HEMIDY;2005;Air;Ammoniac (NH3);13700;kg/an
;LE MOULLEC Serge;2005;Air;Ammoniac (NH3);10400;kg/an
;EARL DE DIDROUZ ATAO;2005;Air;Ammoniac (NH3);11900;kg/an
;EARL DES SALLES DE BOBLAYE;2005;Air;Ammoniac (NH3);12800;kg/an
;SCEA DU VAL BODRON;2005;Air;Ammoniac (NH3);17400;kg/an
;COEXPLOITATION CADIO MC;2005;Air;Ammoniac (NH3);12500;kg/an
;EARL DANO JEAN;2005;Air;Ammoniac (NH3);14400;kg/an
;SCEA J AND B;2005;Air;Ammoniac (NH3);10100;kg/an
;SCEA DE CONVEAU;2005;Air;Ammoniac (NH3);13700;kg/an
;THEBAUD PAUL;2005;Air;Ammoniac (NH3);11000;kg/an
;EARL DE KERGAL;2005;Air;Ammoniac (NH3);12300;kg/an
;SCEA DE TALHOUET L'EAU;2005;Air;Ammoniac (NH3);13100;kg/an
;SARL L'Oeuf Briard;2005;Air;Ammoniac (NH3);13000;kg/an
;GAEC DE KERMOISAN;2005;Air;Ammoniac (NH3);15400;kg/an
;EARL de LA POMMERAIS;2005;Air;Ammoniac (NH3);15000;kg/an
;ETS LE GAL;2005;Air;Ammoniac (NH3);14100;kg/an
;GAEC DE PEN AN NEAC'H;2005;Air;Ammoniac (NH3);11700;kg/an
;COSPEREC M.N;2005;Air;Ammoniac (NH3);10300;kg/an
;SAS BLANCHARD;2005;Air;Ammoniac (NH3);13500;kg/an
;EARL DU CEDRE BLEU;2005;Air;Ammoniac (NH3);12800;kg/an
;COUE PAUL;2005;Air;Ammoniac (NH3);11000;kg/an
;EARL LE GUERN;2005;Air;Ammoniac (NH3);11900;kg/an
;CARO ANDREE;2005;Air;Ammoniac (NH3);10400;kg/an
;EARL ARNAUD HEMON;2005;Air;Ammoniac (NH3);10400;kg/an
;RANNOU Benoit;2005;Air;Ammoniac (NH3);10100;kg/an
;SCEA PLOUZENNEC;2005;Air;Ammoniac (NH3);18100;kg/an
;GUILLEMOT Gilbert;2005;Air;Ammoniac (NH3);10100;kg/an
;SARL RANNOU;2005;Air;Ammoniac (NH3);20400;kg/an
;COLLET PASCAL;2005;Air;Ammoniac (NH3);13300;kg/an
;SCEA DE BELLEVUE CARFANTAN;2005;Air;Ammoniac (NH3);16400;kg/an
;SCEA LE BIHAN PHILIPPE;2005;Air;Ammoniac (NH3);10400;kg/an
;EARL DU MOULIN DU DUC;2005;Air;Ammoniac (NH3);12200;kg/an
;SCEA DES PRES FERRONS MINIER;2005;Air;Ammoniac (NH3);14100;kg/an
;SARL LE GALL;2005;Air;Ammoniac (NH3);18000;kg/an
;SCEA AVRIL ROBERT;2005;Air;Ammoniac (NH3);11700;kg/an
;EARL DES CHATAIGNERS;2005;Air;Ammoniac (NH3);10000;kg/an
;EARL DES CHENES GUEGAN;2005;Air;Ammoniac (NH3);14300;kg/an
;EARL TROMEUR;2005;Air;Ammoniac (NH3);12000;kg/an
;SOCIETE CIVILE DU GRAND PUITS;2005;Air;Ammoniac (NH3);29900;kg/an
;SCEA GALLOU;2005;Air;Ammoniac (NH3);16500;kg/an
;SARL LANRIDEG;2005;Air;Ammoniac (NH3);11600;kg/an
;DOMAINE DE POT AU PIN;2005;Air;Ammoniac (NH3);47900;kg/an
;SAS RANNOU;2005;Air;Ammoniac (NH3);34100;kg/an
;EARL PLUFERN;2005;Air;Ammoniac (NH3);10400;kg/an
;EARL CLEUZIOU;2005;Air;Ammoniac (NH3);15600;kg/an
;EARL BRIANT;2005;Air;Ammoniac (NH3);18500;kg/an
;EARL DE KERIGOU;2005;Air;Ammoniac (NH3);10400;kg/an
;EARL PRIMEL;2005;Air;Ammoniac (NH3);12600;kg/an
;EARL FEREC;2005;Air;Ammoniac (NH3);10000;kg/an
;EARL KERJEAN;2005;Air;Ammoniac (NH3);17400;kg/an
;SARL Avicor;2005;Air;Ammoniac (NH3);21000;kg/an
;Société PERON;2005;Air;Ammoniac (NH3);14800;kg/an
;SCEA BERNARD;2005;Air;Ammoniac (NH3);14500;kg/an
;GAEC AVEL-GWALARN;2005;Air;Ammoniac (NH3);12000;kg/an
;BECAM Hervé;2005;Air;Ammoniac (NH3);15900;kg/an
;SAS LE VERGE;2005;Air;Ammoniac (NH3);30900;kg/an
;Société PERON;2005;Air;Ammoniac (NH3);19100;kg/an
;EARL PAUGAM;2005;Air;Ammoniac (NH3);14500;kg/an
;CORBEL André Daniel;2005;Air;Ammoniac (NH3);15300;kg/an
;EARL SEAC'H;2005;Air;Ammoniac (NH3);16100;kg/an
;SCEA de KERSCAO;2005;Air;Ammoniac (NH3);11700;kg/an
;CORBEL Jean-René;2005;Air;Ammoniac (NH3);12000;kg/an
;EARL DE KERVORICE;2005;Air;Ammoniac (NH3);14900;kg/an
;GAEC KER EVEN;2005;Air;Ammoniac (NH3);16300;kg/an
;SARL MOULIN DU CHATEL;2005;Air;Ammoniac (NH3);11500;kg/an
;EARL BODENES;2005;Air;Ammoniac (NH3);11700;kg/an
;EARL LARNICOL;2005;Air;Ammoniac (NH3);12100;kg/an
;EARL DE PENHOAT;2005;Air;Ammoniac (NH3);11800;kg/an
;EARL ELEVAGE AVICOLE DE CORNOUAILLE;2005;Air;Ammoniac (NH3);13900;kg/an
;EARL SALVAR;2005;Air;Ammoniac (NH3);13300;kg/an
;EARL LA BOISSIERE;2005;Air;Ammoniac (NH3);11300;kg/an
;SCEA TURBAUX;2005;Air;Ammoniac (NH3);14500;kg/an
;EARL DE LA CLARTE;2005;Air;Ammoniac (NH3);19100;kg/an
;GAEC RHUNIC;2005;Air;Ammoniac (NH3);14900;kg/an
;COUDE Joël;2005;Air;Ammoniac (NH3);10900;kg/an
;SARL LE ROY;2005;Air;Ammoniac (NH3);15100;kg/an
;SCEA COSPEREC;2005;Air;Ammoniac (NH3);14100;kg/an
;GUEGUEN OLLIVIER;2005;Air;Ammoniac (NH3);10200;kg/an
;FERME DU PRE;2005;Air;Ammoniac (NH3);145000;kg/an
;SCEA DE KERBREZELLEC;2005;Air;Ammoniac (NH3);18200;kg/an
;EARL des 3 DOMS;2005;Air;Ammoniac (NH3);13400;kg/an
;SARL FRAMIOEUF;2005;Air;Ammoniac (NH3);19200;kg/an
;GAEC TREGUEE;2005;Air;Ammoniac (NH3);17400;kg/an
;GAEC DE LA CORNIERE;2005;Air;Ammoniac (NH3);14000;kg/an
;SCEA KERVI;2005;Air;Ammoniac (NH3);15100;kg/an
;LE TENO Loïc;2005;Air;Ammoniac (NH3);10400;kg/an
;EARL LE GUEN;2005;Air;Ammoniac (NH3);11100;kg/an
;MEROT CHRISTOPHE;2005;Air;Ammoniac (NH3);10100;kg/an
;GAEC ROCH FILY;2005;Air;Ammoniac (NH3);10700;kg/an
;SCEA PINIER JOSSO;2005;Air;Ammoniac (NH3);14100;kg/an
;SA BILLON Henri;2005;Air;Ammoniac (NH3);23600;kg/an
;SCEA ROLLAND DANIEL;2005;Air;Ammoniac (NH3);13900;kg/an
;KEROUANTON Jean-Jacques;2005;Air;Ammoniac (NH3);10100;kg/an
;DANO Sylvaine;2005;Air;Ammoniac (NH3);11500;kg/an
;EARL DES TROIS ETANGS;2005;Air;Ammoniac (NH3);12200;kg/an
;EARL BOCNEUF LA RIVIERE;2005;Air;Ammoniac (NH3);10300;kg/an
;SA BREZAL;2005;Air;Ammoniac (NH3);38500;kg/an
;SCEA RIOU;2005;Air;Ammoniac (NH3);23900;kg/an
;BRIEN CHRISTIAN;2005;Air;Ammoniac (NH3);10600;kg/an
;EARL DU CAMBLEN;2005;Air;Ammoniac (NH3);10300;kg/an
;EARL DU LEURRIOU;2005;Air;Ammoniac (NH3);15400;kg/an
;EARL DU COIN;2005;Air;Ammoniac (NH3);12100;kg/an
;EARL LOSSEC;2005;Air;Ammoniac (NH3);20800;kg/an
;SCEA RIOU;2005;Air;Ammoniac (NH3);15700;kg/an
;EARL GUIDEC;2005;Air;Ammoniac (NH3);11100;kg/an
;EARL DE KERIZAMEL;2005;Air;Ammoniac (NH3);12300;kg/an
;EARL HAMON;2005;Air;Ammoniac (NH3);10100;kg/an
;EARL LE MERCIER;2005;Air;Ammoniac (NH3);10900;kg/an
;SCEA REVIN;2005;Air;Ammoniac (NH3);27000;kg/an
;EARL LES LANDES GUILLOCHON PATRICK;2005;Air;Ammoniac (NH3);10600;kg/an
;EARL PEMOC'H AR PONT;2005;Air;Ammoniac (NH3);20100;kg/an
;SARL des horthensias;2005;Air;Ammoniac (NH3);13900;kg/an
;SCEA JEZEQUEL;2005;Air;Ammoniac (NH3);18300;kg/an
;GAEC DE POINT DE VUE;2005;Air;Ammoniac (NH3);15000;kg/an
;LE GALL;2005;Air;Ammoniac (NH3);13600;kg/an
;GAEC HELLEGOUARCH;2005;Air;Ammoniac (NH3);13000;kg/an
;EARL BODERIOU;2005;Air;Ammoniac (NH3);11200;kg/an
;EARL DE PRAT-AR-LAND;2005;Air;Ammoniac (NH3);13200;kg/an
;GUIGUENO GISELE;2005;Air;Ammoniac (NH3);14100;kg/an
;SCEA DE L'HIPPODROME;2005;Air;Ammoniac (NH3);16000;kg/an
;EURL PALUT;2005;Air;Ammoniac (NH3);25300;kg/an
;HUIBAN LOUIS;2005;Air;Ammoniac (NH3);12400;kg/an
;SCEA RIOU;2005;Air;Ammoniac (NH3);20300;kg/an
;SARL AVICOLE DU SOUS BOIS;2005;Air;Ammoniac (NH3);30900;kg/an
;SCEA PENNEC;2005;Air;Ammoniac (NH3);18200;kg/an
;SCEA DE KERALLE;2005;Air;Ammoniac (NH3);10700;kg/an
;SCEA BACON;2005;Air;Ammoniac (NH3);11900;kg/an
;SCEA GUIVARC'H;2005;Air;Ammoniac (NH3);14100;kg/an
;SCEA DE GOASTOM;2005;Air;Ammoniac (NH3);11500;kg/an
;SARL DE LA BASSE COUR;2005;Air;Ammoniac (NH3);18000;kg/an
;EARL LEONBERG;2005;Air;Ammoniac (NH3);20000;kg/an
;Société Jean-Marie MINGAM;2005;Air;Ammoniac (NH3);19500;kg/an
;EARL DES QUATRES VENTS;2005;Air;Ammoniac (NH3);10900;kg/an
;SCEA DE QUISTINIT;2005;Air;Ammoniac (NH3);14400;kg/an
;EARL DE L'ECUSSON;2005;Air;Ammoniac (NH3);10300;kg/an
;SAS KERJEAN;2005;Air;Ammoniac (NH3);18300;kg/an
;SCEA DUCHESNE;2005;Air;Ammoniac (NH3);12300;kg/an
;EARL BALEM;2005;Air;Ammoniac (NH3);12700;kg/an
;SARL ELEV. MENEZ-KAMP;2005;Air;Ammoniac (NH3);17500;kg/an
;SCEA JADE;2005;Air;Ammoniac (NH3);11500;kg/an
;EARL DE PENHOAT;2005;Air;Ammoniac (NH3);21700;kg/an
;EARL PENNANEC'H-SCIELLER;2005;Air;Ammoniac (NH3);16500;kg/an
;SAS Jean GUEGUENIAT;2005;Air;Ammoniac (NH3);29000;kg/an
;EARL DE ROZ HUEL;2005;Air;Ammoniac (NH3);13900;kg/an
;SA DE TALHEN RAUDE;2005;Air;Ammoniac (NH3);13500;kg/an
;EARL PERROT;2005;Air;Ammoniac (NH3);10400;kg/an
;EARL DE LA COUR;2005;Air;Ammoniac (NH3);13500;kg/an
;Sarl COADOUR;2005;Air;Ammoniac (NH3);22100;kg/an
;RIVOAL Philippe;2005;Air;Ammoniac (NH3);13000;kg/an
;CHARLOTTIN;2005;Air;Ammoniac (NH3);11000;kg/an
;EARL DE LA VALLEE;2005;Air;Ammoniac (NH3);10400;kg/an
;SARL LAPOUS;2005;Air;Ammoniac (NH3);10100;kg/an
;EARL DU DOMAINE DES ALOUETTES;2005;Air;Ammoniac (NH3);11300;kg/an
;GAEC DU VOULIC;2005;Air;Ammoniac (NH3);11200;kg/an
;EARL DU FAOUET;2005;Air;Ammoniac (NH3);16700;kg/an
;SARL DE SANT ALAR;2005;Air;Ammoniac (NH3);18100;kg/an
;QUEGUINER HERVE;2005;Air;Ammoniac (NH3);10100;kg/an
;EARL QUILLIOU;2005;Air;Ammoniac (NH3);10300;kg/an
;DESJARS BRUNO;2005;Air;Ammoniac (NH3);10400;kg/an
;GAEC DE BRAMBELAY;2005;Air;Ammoniac (NH3);14500;kg/an
;EARL des GENETS;2005;Air;Ammoniac (NH3);10700;kg/an
;EARL GOARNISSON;2005;Air;Ammoniac (NH3);18700;kg/an
;JOIN Marcel;2005;Air;Ammoniac (NH3);11800;kg/an
;JAFFRE;2005;Air;Ammoniac (NH3);10400;kg/an
;SARL POULMARCh;2005;Air;Ammoniac (NH3);15400;kg/an
;LE RAY;2005;Air;Ammoniac (NH3);10200;kg/an
;SAS KERJEAN;2005;Air;Ammoniac (NH3);64200;kg/an
;EARL du COSQUER;2005;Air;Ammoniac (NH3);13500;kg/an
;SARL RUFEL;2005;Air;Ammoniac (NH3);16900;kg/an
;GAEC RUMEN;2005;Air;Ammoniac (NH3);12200;kg/an
;SCEA DE L'OUST;2005;Air;Ammoniac (NH3);14500;kg/an
;SCEA VOLAILLES GUILLEROISES;2005;Air;Ammoniac (NH3);10900;kg/an
;SARL DE LA VALLEE;2005;Air;Ammoniac (NH3);18700;kg/an
;EARL DU TUMULUS;2005;Air;Ammoniac (NH3);13500;kg/an
;EARL KERVEILLANT;2005;Air;Ammoniac (NH3);11600;kg/an
;MADEC Jean-Paul;2005;Air;Ammoniac (NH3);10900;kg/an
;SCEA FORMAL;2005;Air;Ammoniac (NH3);21400;kg/an
;GAEC DE L'ORGELIERE;2005;Air;Ammoniac (NH3);11100;kg/an
;SARL TANGUY;2005;Air;Ammoniac (NH3);19300;kg/an
;GAEC DE MANEGUEN;2005;Air;Ammoniac (NH3);24600;kg/an
;GAEC DE KERYANO;2005;Air;Ammoniac (NH3);13500;kg/an
;EARL DU DOMAINE;2005;Air;Ammoniac (NH3);12700;kg/an
;SARL DE LA VALLEE;2005;Air;Ammoniac (NH3);16700;kg/an
;SCEA DES AJONCS;2005;Air;Ammoniac (NH3);11000;kg/an
;SCEA ANNIC;2005;Air;Ammoniac (NH3);12400;kg/an
;EARL POULIQUEN;2005;Air;Ammoniac (NH3);23300;kg/an
;SA FAVE;2005;Air;Ammoniac (NH3);41400;kg/an
;SCEA CHAUDEVILLE;2005;Air;Ammoniac (NH3);15000;kg/an
;EARL du COSQUER;2005;Air;Ammoniac (NH3);14100;kg/an
;SCEA LE MENE;2005;Air;Ammoniac (NH3);32800;kg/an
;EARL DU CRUGUEL;2005;Air;Ammoniac (NH3);15100;kg/an
;SCEA LE GENDRE;2005;Air;Ammoniac (NH3);18400;kg/an
;SARL AVEL VOR;2005;Air;Ammoniac (NH3);26300;kg/an
;SCEA PIRON;2005;Air;Ammoniac (NH3);18200;kg/an
;BAQUE Francis - EARL PEYRAN;2005;Air;Ammoniac (NH3);10700;kg/an
;EARL LENAFF;2005;Air;Ammoniac (NH3);13000;kg/an
;BAQUE Francis - EARL PEYRAN;2005;Eau (direct);Phosphore total;6450;kg/an
;EARL DONVAL Charles;2005;Air;Ammoniac (NH3);13700;kg/an
;SARL PORCILAND;2005;Air;Ammoniac (NH3);15800;kg/an
;GAEC DE LESTANET;2005;Air;Ammoniac (NH3);21300;kg/an
;BOP Jean Yves- LANDAPORC;2005;Air;Ammoniac (NH3);11900;kg/an
;SAS ELEVAGE DES TUYAS;2005;Air;Ammoniac (NH3);33600;kg/an
;NURSYLAND;2005;Air;Ammoniac (NH3);12400;kg/an
;EARL DE PEYROULET;2005;Air;Ammoniac (NH3);17300;kg/an
;LAFOSSE Christian - SCEA DECHE DISE;2005;Air;Ammoniac (NH3);11700;kg/an
;SEPALM;2005;Air;Ammoniac (NH3);33700;kg/an
;SAS Couvoir de Côte la d'argent;2005;Air;Ammoniac (NH3);31900;kg/an
;SAS KERJEAN;2005;Air;Ammoniac (NH3);24000;kg/an
;SA BIANEIS;2005;Air;Ammoniac (NH3);14500;kg/an
;GRIMAUD frères Centre Option;2005;Air;Ammoniac (NH3);22400;kg/an
;SA L'OEUF LANDAIS;2005;Air;Ammoniac (NH3);27300;kg/an
;EARL AVI 3000;2005;Air;Ammoniac (NH3);12200;kg/an
;SA L'OEUF LANDAIS;2005;Air;Ammoniac (NH3);71800;kg/an
;ELEVAGE LISNOBLE;2005;Air;Ammoniac (NH3);16700;kg/an
;EARL DU GUILLER;2005;Air;Ammoniac (NH3);10900;kg/an
;SAS LES FILS DE A. DEPENNE;2005;Sol;Phosphore total;7730;kg/an
;scea avicole DU GUINDY;2005;Air;Ammoniac (NH3);21700;kg/an
;SCEA COUE;2005;Air;Ammoniac (NH3);10100;kg/an
;GAEC DE KERBOHEC;2005;Air;Ammoniac (NH3);15400;kg/an
;ETS LE GAL;2005;Air;Ammoniac (NH3);33000;kg/an
;SCEA TERRE ET PORC;2005;Air;Ammoniac (NH3);16100;kg/an
;EARL DE KERFRANCOIS;2005;Air;Ammoniac (NH3);11800;kg/an
;SCEA ETIENNE-LECLERC;2005;Air;Ammoniac (NH3);22400;kg/an
;SCEA LE DOUARIN;2005;Air;Ammoniac (NH3);17700;kg/an
;EARL FERME DU MENHIR;2005;Air;Ammoniac (NH3);13500;kg/an
;SA COUVOIR JOSSET;2005;Air;Ammoniac (NH3);86000;kg/an
;SCEA BACQUER PRODUCTION;2005;Air;Ammoniac (NH3);34700;kg/an
;EARL DE LA LANDE MOY;2005;Air;Ammoniac (NH3);10700;kg/an
;sas oeufs de kerlo;2005;Air;Ammoniac (NH3);31100;kg/an
;EARL DE LA ROSETTE;2005;Air;Ammoniac (NH3);12900;kg/an
;SCEA GUILLARD;2005;Air;Ammoniac (NH3);14600;kg/an
;SCEA DE LA VILLE GUINVRAY;2005;Air;Ammoniac (NH3);16200;kg/an
;DOUX DINDONNEAUX SNC;2005;Air;Ammoniac (NH3);36800;kg/an
;SCEA EKIALDE;2005;Air;Ammoniac (NH3);24300;kg/an
;EARL DU CHEF DU BOIS;2005;Air;Ammoniac (NH3);14200;kg/an
;MARINE PHILIPPE/ SARL EPPSA;2005;Air;Ammoniac (NH3);10600;kg/an
;SAS HUBBARD;2005;Air;Ammoniac (NH3);63300;kg/an
;SCEA ELEVAGE VALLEE CAVET;2005;Air;Ammoniac (NH3);21400;kg/an
;S.A.S. SOVOPA;2005;Air;Ammoniac (NH3);28200;kg/an
;TROADEC Mickael;2005;Air;Ammoniac (NH3);13900;kg/an
;EARL LE BOIS D'ENVEZE;2005;Air;Ammoniac (NH3);17400;kg/an
;DOUX DINDONNEAUX SNC;2005;Air;Ammoniac (NH3);12700;kg/an
;S.A.R.L. N.C.A.;2005;Air;Ammoniac (NH3);42400;kg/an
;RACHET Philippe;2005;Air;Ammoniac (NH3);10400;kg/an
;EARL TY GUEN;2005;Air;Ammoniac (NH3);12800;kg/an
;GAEC ROUILLARD;2005;Air;Ammoniac (NH3);11200;kg/an
;EARL LE GOURRIEREC;2005;Air;Ammoniac (NH3);10800;kg/an
;GAEC DE LA LANDE GLAMAREC;2005;Air;Ammoniac (NH3);11700;kg/an
;Réveillon;2005;Air;Ammoniac (NH3);17000;kg/an
;SCEA DE TOUVOIE;2005;Air;Ammoniac (NH3);10300;kg/an
;SCEA SEVAULT;2005;Air;Ammoniac (NH3);13900;kg/an
;EARL PIG FARMER;2005;Air;Ammoniac (NH3);10900;kg/an
;MADRANGE;2005;Eau (indirect);Carbone organique total (en tant que C total ou DCO/3);58200;kg/an
;MADRANGE;2005;Eau (indirect);Demande biologique en oxygène (DBO5);83700;kg/an
;GAEC LES ROBRETIERES;2005;Air;Ammoniac (NH3);11700;kg/an
;MADRANGE;2005;Eau (indirect);Demande chimique en oxygène (DCO);175000;kg/an
;MADRANGE;2005;Eau (indirect);Phosphore total;8920;kg/an
;SA BALLIS;2005;Air;Ammoniac (NH3);29100;kg/an
;RABALLAND Abel;2005;Air;Ammoniac (NH3);10400;kg/an
;LAITERIE LES FAYES;2005;Eau (indirect);Carbone organique total (en tant que C total ou DCO/3);93500;kg/an
;LAITERIE LES FAYES;2005;Eau (indirect);Demande biologique en oxygène (DBO5);164000;kg/an
;SA BALLIS;2005;Air;Ammoniac (NH3);40600;kg/an
;LAITERIE LES FAYES;2005;Eau (indirect);Demande chimique en oxygène (DCO);281000;kg/an
;EARL LES PEUPLIERS;2005;Air;Ammoniac (NH3);14500;kg/an
;REGIE MUNICIPALE DE L'ABATTOIR DE LIMOGES;2005;Eau (indirect);Carbone organique total (en tant que C total ou DCO/3);266000;kg/an
;REGIE MUNICIPALE DE L'ABATTOIR DE LIMOGES;2005;Eau (indirect);Demande biologique en oxygène (DBO5);327000;kg/an
;SARL DELBRI;2005;Air;Ammoniac (NH3);12600;kg/an
;REGIE MUNICIPALE DE L'ABATTOIR DE LIMOGES;2005;Eau (indirect);Demande chimique en oxygène (DCO);798000;kg/an
;MADRANGE CHARCUTERIE DE LA VALOINE;2005;Eau (indirect);Demande biologique en oxygène (DBO5);67400;kg/an
;SA BALLIS;2005;Air;Ammoniac (NH3);12000;kg/an
;SAS LES ELEVAGES DU MAS LONG;2005;Air;Ammoniac (NH3);14200;kg/an
;SCEA MULTIPIG;2005;Air;Ammoniac (NH3);14100;kg/an
;EARL LA RENAUDIERE;2005;Air;Ammoniac (NH3);10000;kg/an
;EARL DES HAUTES CHARBONNIERES;2005;Air;Ammoniac (NH3);13900;kg/an
;EARL Millet;2005;Air;Ammoniac (NH3);11000;kg/an
;BOUZONIE (EARL);2005;Air;Ammoniac (NH3);10400;kg/an
;EARL HUMEAU;2005;Air;Ammoniac (NH3);10000;kg/an
;CHAMPS CLERIS (SCEA des);2005;Air;Ammoniac (NH3);13900;kg/an
;EARL ROY;2005;Air;Ammoniac (NH3);20100;kg/an
;PICHAUD Patrice;2005;Air;Ammoniac (NH3);37200;kg/an
;EARL RIBIERRE;2005;Air;Ammoniac (NH3);19700;kg/an
;EARL LA RANCONNIERE;2005;Air;Ammoniac (NH3);12800;kg/an
;SARL DU VAL DES FOURCHES;2005;Air;Ammoniac (NH3);26200;kg/an
;SCEA GENE CAUX;2005;Air;Ammoniac (NH3);11300;kg/an
;SCEA LES TREMBLATS II;2005;Air;Ammoniac (NH3);14100;kg/an
;TAHON Pascal;2005;Air;Ammoniac (NH3);10800;kg/an
;SCEA du Mont aux Roux;2005;Air;Ammoniac (NH3);12900;kg/an
;EARL du Bois des Bergeries;2005;Air;Ammoniac (NH3);10400;kg/an
;SCEA CHEDRU;2005;Air;Ammoniac (NH3);14500;kg/an
;SCEA DE VARENNES;2005;Air;Ammoniac (NH3);11200;kg/an
;SARL CLIPORC;2005;Air;Ammoniac (NH3);14800;kg/an
;EARL Toutain;2005;Air;Ammoniac (NH3);17700;kg/an
;SCEA DE LA VALLEE DU RUET;2005;Air;Ammoniac (NH3);13900;kg/an
;EARL élevage avicole du Cailly;2005;Air;Ammoniac (NH3);17400;kg/an
;Elevage de la Michaudière;2005;Air;Ammoniac (NH3);15200;kg/an
;EARL LES PLUMATS;2005;Air;Ammoniac (NH3);12300;kg/an
;EARL dans le 7 n'oeufs;2005;Air;Ammoniac (NH3);16300;kg/an
;SCEA Hubert LEVESQUE et Fils;2005;Air;Ammoniac (NH3);28400;kg/an
;GAEC LA GONDROMIERE;2005;Air;Ammoniac (NH3);21700;kg/an
;GAEC LA RENAUDIERE;2005;Air;Ammoniac (NH3);13800;kg/an
;SCEA PRO-PORCS;2005;Air;Ammoniac (NH3);14800;kg/an
;EARL LMA PASQUIER;2005;Air;Ammoniac (NH3);22100;kg/an
;SCEA SEGOVOL;2005;Air;Ammoniac (NH3);12300;kg/an
;PAMPROEUF PRODUCTION PONDEUSES;2005;Air;Ammoniac (NH3);31700;kg/an
;SCEA L'AUBERGERE;2005;Air;Ammoniac (NH3);19700;kg/an
;EARL DELIGNE C;2005;Air;Ammoniac (NH3);11900;kg/an
;SCEA LA MAZINOISE;2005;Air;Ammoniac (NH3);18200;kg/an
;SCEA ISAPOULES;2005;Air;Ammoniac (NH3);24500;kg/an
;SAS BOYE ACCOUVAGE;2005;Air;Ammoniac (NH3);16300;kg/an
;EARL BOCAVOL;2005;Air;Ammoniac (NH3);26700;kg/an
;SCEA BLAVI;2005;Air;Ammoniac (NH3);12600;kg/an
;SCEA LE QUAIREUX;2005;Air;Ammoniac (NH3);10700;kg/an
;EARL LE CHAMP MACON;2005;Air;Ammoniac (NH3);10900;kg/an
;EARL MAROLLEAU;2005;Air;Ammoniac (NH3);11100;kg/an
;SAPINIERE SARL;2005;Air;Ammoniac (NH3);22500;kg/an
;GAEC LA POUPLIERE;2005;Air;Ammoniac (NH3);10200;kg/an
;EARL PETITES GIRARDIERES;2005;Air;Ammoniac (NH3);10800;kg/an
;EARL PELLETIER;2005;Air;Ammoniac (NH3);11600;kg/an
;EARL LE COLOMBIER;2005;Air;Ammoniac (NH3);12200;kg/an
;EARL le Vieux noyer;2005;Air;Ammoniac (NH3);39300;kg/an
;EARL DELOBEL Bertrand;2005;Air;Ammoniac (NH3);14100;kg/an
;DELATTE;2005;Air;Ammoniac (NH3);29000;kg/an
;SCEA Avicole de l'Ancre;2005;Air;Ammoniac (NH3);18000;kg/an
;SCEA de Beauvoisie;2005;Air;Ammoniac (NH3);20300;kg/an
;SARL AVICOLE DU FRESQUET;2005;Air;Ammoniac (NH3);22500;kg/an
;GALLES SAS;2005;Air;Ammoniac (NH3);13700;kg/an
;OVAL'OEUFS;2005;Air;Ammoniac (NH3);28800;kg/an
;SCEA MAUREL;2005;Air;Ammoniac (NH3);12500;kg/an
;SCEA Choisy;2005;Air;Ammoniac (NH3);11000;kg/an
;SCEA Porc Belair;2005;Air;Ammoniac (NH3);16800;kg/an
;AXIOM;2005;Air;Ammoniac (NH3);14800;kg/an
;SAS ABATTOIRS DE BESSINES;2005;Eau (indirect);Carbone organique total (en tant que C total ou DCO/3);107000;kg/an
;SAS ABATTOIRS DE BESSINES;2005;Eau (indirect);Demande biologique en oxygène (DBO5);121000;kg/an
;SAS ABATTOIRS DE BESSINES;2005;Eau (indirect);Demande chimique en oxygène (DCO);322000;kg/an
0007000956;ARCELORMITTAL FRANCE;2005;Air;Benzène;68600;kg/an
0007000956;ARCELORMITTAL FRANCE;2005;Air;Cadmium et composés (exprimés en tant que Cd);220;kg/an
0007000956;ARCELORMITTAL FRANCE;2005;Air;Chlore et composés inorganiques (en tant que HCl);57300;kg/an
0007000956;ARCELORMITTAL FRANCE;2005;Air;Chrome et composés (exprimés en tant que Cr);718;kg/an
0007000956;ARCELORMITTAL FRANCE;2005;Air;Cuivre et composés (exprimés en tant que Cu);950;kg/an
0007000956;ARCELORMITTAL FRANCE;2005;Air;Dioxines et furanes (PCDD + PCDF) (exprimés en iTeq);0.0109;kg/an
0007000956;ARCELORMITTAL FRANCE;2005;Air;Hydrocarbures aromatiques polycycliques (HAP);468;kg/an
0007000956;ARCELORMITTAL FRANCE;2005;Air;Hydrochlorofluorocarbures (HCFC);2050;kg/an
0007000956;ARCELORMITTAL FRANCE;2005;Air;Hydroflurocarbures (HFC);1360;kg/an
0007000956;ARCELORMITTAL FRANCE;2005;Air;Manganèse et composés (exprimés en tant que Mn);1880;kg/an
0007000956;ARCELORMITTAL FRANCE;2005;Air;Mercure et composés (exprimés en tant que Hg);54;kg/an
0007000956;ARCELORMITTAL FRANCE;2005;Air;Méthane (CH4);2230000;kg/an
0007000956;ARCELORMITTAL FRANCE;2005;Air;Nickel et composés (exprimés en tant que Ni);142;kg/an
0007000956;ARCELORMITTAL FRANCE;2005;Air;Oxydes de soufre (SOx/SO2);5980000;kg/an
0007000956;ARCELORMITTAL FRANCE;2005;Air;Oxydes d'azote (NOx/NO2);7610000;kg/an
0007000956;ARCELORMITTAL FRANCE;2005;Air;Plomb et composés (exprimés en tant que Pb);7530;kg/an
0007000956;ARCELORMITTAL FRANCE;2005;Air;Poussières totales;3030000;kg/an
0007000956;ARCELORMITTAL FRANCE;2005;Air;Protoxyde d'azote (N2O);51800;kg/an
0007000956;ARCELORMITTAL FRANCE;2005;Air;Zinc et composés (exprimés en tant que Zn);1640;kg/an
0007000956;ARCELORMITTAL FRANCE;2005;Eau (direct);Aluminium et composés (exprimés en tant que Al);6790;kg/an
0007000956;ARCELORMITTAL FRANCE;2005;Eau (direct);Arsenic et composés (exprimés en tant que As);231;kg/an
0007000956;ARCELORMITTAL FRANCE;2005;Eau (direct);Azote total;101000;kg/an
0007000956;ARCELORMITTAL FRANCE;2005;Eau (direct);Carbone organique total (en tant que C total ou DCO/3);125000;kg/an
0007000956;ARCELORMITTAL FRANCE;2005;Eau (direct);Chlorures (en tant que Cl total);4350000;kg/an
0007000956;ARCELORMITTAL FRANCE;2005;Eau (direct);Chrome et composés (exprimés en tant que Cr);831;kg/an
0007000956;ARCELORMITTAL FRANCE;2005;Eau (direct);Chrome hexavalent et composés (exprimés en tant que Cr VI);265;kg/an
0007000956;ARCELORMITTAL FRANCE;2005;Eau (direct);Cyanures (sous forme de CN total);245;kg/an
0007000956;ARCELORMITTAL FRANCE;2005;Eau (direct);Demande chimique en oxygène (DCO);375000;kg/an
0007000956;ARCELORMITTAL FRANCE;2005;Eau (direct);Fer et composés (exprimés en tant que Fe);5960;kg/an
0007000956;ARCELORMITTAL FRANCE;2005;Eau (direct);Fluorures (en tant que F total);43300;kg/an
0007000956;ARCELORMITTAL FRANCE;2005;Eau (direct);Manganèse et composés (exprimés en tant que Mn);2840;kg/an
0007000956;ARCELORMITTAL FRANCE;2005;Eau (direct);Mercure et composés (exprimés en tant que Hg);6.8;kg/an
0007100121;ALBIOMA Bois Rouge;2005;Air;Chlore;18900;kg/an
0007100125;STSM - Galvanisation Reunion;2005;Air;Chlore;1160;kg/an
0007100593;EDF-SEI;2005;Air;Benzène;1480;kg/an
0007100593;EDF-SEI;2005;Air;Cadmium et composés (exprimés en tant que Cd);29;kg/an
0007201348;RHODIA  OPERATIONS (Groupe SOLVAY);2005;Eau (direct);Phosphore total;7420;kg/an
0007100593;EDF-SEI;2005;Air;Composés organiques volatils non méthaniques (COVNM);133000;kg/an
0007100593;EDF-SEI;2005;Air;Hydrocarbures aromatiques polycycliques (HAP);71;kg/an
0007201374;MFP MICHELIN - Site de POITIERS;2005;Air;Composés organiques volatils non méthaniques (COVNM);51500;kg/an
0007100593;EDF-SEI;2005;Air;Monoxyde de carbone (CO);664000;kg/an
0007100593;EDF-SEI;2005;Air;Nickel et composés (exprimés en tant que Ni);484;kg/an
0007100593;EDF-SEI;2005;Air;Oxydes de soufre (SOx/SO2);2950000;kg/an
0007201384;MARIE SURGELES;2005;Sol;Demande biologique en oxygène (DBO5);100000;kg/an
0007100593;EDF-SEI;2005;Air;Oxydes d'azote (NOx/NO2);6780000;kg/an
0007100593;EDF-SEI;2005;Air;Particules (PM10);141000;kg/an
0007201392;MOTEURS LEROY SOMER;2005;Air;Composés organiques volatils non méthaniques (COVNM);43800;kg/an
0007100593;EDF-SEI;2005;Air;Plomb et composés (exprimés en tant que Pb);216;kg/an
0007100701;EDF-SEI;2005;Air;Composés organiques volatils non méthaniques (COVNM);31700;kg/an
0007201394;LEROY SOMER FONDERIE;2005;Air;Composés organiques volatils non méthaniques (COVNM);227000;kg/an
0007201406;HUTCHINSON SNC;2005;Air;Composés organiques volatils non méthaniques (COVNM);108000;kg/an
0007201097;KRATON (ex ARIZONA CHEMICAL);2005;Air;Composés organiques volatils non méthaniques (COVNM);108000;kg/an
0007201406;HUTCHINSON SNC;2005;Air;Trichloréthylène;11800;kg/an
0007201097;KRATON (ex ARIZONA CHEMICAL);2005;Air;Antimoine et composés (exprimés en tant que Sb);0.1;kg/an
0007201440;EURIAL;2005;Sol;Carbone organique total (en tant que C total ou DCO/3);395000;kg/an
0007201097;KRATON (ex ARIZONA CHEMICAL);2005;Air;Fluor et ses composés (F);1640;kg/an
0007201440;EURIAL;2005;Sol;Demande biologique en oxygène (DBO5);602000;kg/an
0007201440;EURIAL;2005;Sol;Demande chimique en oxygène (DCO);924000;kg/an
0007201097;KRATON (ex ARIZONA CHEMICAL);2005;Eau (indirect);Benzène, toluène, éthylbenzène, xylènes (BTEX);1830;kg/an
0007201440;EURIAL;2005;Sol;Phosphore total;9340;kg/an
0007201097;KRATON (ex ARIZONA CHEMICAL);2005;Eau (indirect);Phénols (en tant que C total);614;kg/an
0007201097;KRATON (ex ARIZONA CHEMICAL);2005;Eau (direct);Aldéhyde formique (formaldéhyde);32.6;kg/an
0007201479;RICHARD LALEU;2005;Air;Composés organiques volatils non méthaniques (COVNM);239000;kg/an
0007201097;KRATON (ex ARIZONA CHEMICAL);2005;Eau (direct);Cobalt et composés (exprimés en tant que Co);0.35;kg/an
0007201494;AIGLE  INTERNATIONAL;2005;Air;Composés organiques volatils non méthaniques (COVNM);69600;kg/an
0007201097;KRATON (ex ARIZONA CHEMICAL);2005;Eau (direct);Fluor et ses composés (F);105;kg/an
0007201506;DASSAULT AVIATION;2005;Air;Acide fluorhydrique (flurorure d'hydrogène);62.1;kg/an
0007201099;ALSTOM TRANSPORT;2005;Air;Composés organiques volatils non méthaniques (COVNM);64400;kg/an
0007201529;LAFARGE CIMENTS;2005;Air;Cadmium et composés (exprimés en tant que Cd);13.3;kg/an
0007201529;LAFARGE CIMENTS;2005;Air;Dioxyde de carbone (CO2) d'origine biomasse;14100000;kg/an
0007201117;MARIE SURGELES;2005;Eau (indirect);Demande biologique en oxygène (DBO5);127000;kg/an
0007201529;LAFARGE CIMENTS;2005;Air;Oxydes de soufre (SOx/SO2);276000;kg/an
0007201529;LAFARGE CIMENTS;2005;Air;Oxydes d'azote (NOx/NO2);1140000;kg/an
0007201542;CIMENTS CALCIA sas;2005;Air;Composés organiques volatils non méthaniques (COVNM);75000;kg/an
0007201158;LIBERTY FOUNDRY POITOU;2005;Air;Composés organiques volatils non méthaniques (COVNM);109000;kg/an
0007201542;CIMENTS CALCIA sas;2005;Air;Dioxyde de carbone (CO2) d'origine biomasse;33800000;kg/an
0007201542;CIMENTS CALCIA sas;2005;Air;Oxydes de soufre (SOx/SO2);1450000;kg/an
0007201158;LIBERTY FOUNDRY POITOU;2005;Air;Zinc et composés (exprimés en tant que Zn);5430;kg/an
0007201542;CIMENTS CALCIA sas;2005;Air;Oxydes d'azote (NOx/NO2);1200000;kg/an
0007201542;CIMENTS CALCIA sas;2005;Eau (direct);Zinc et composés (exprimés en tant que Zn);156;kg/an
0007201158;LIBERTY FOUNDRY POITOU;2005;Eau (direct);Zinc et composés (exprimés en tant que Zn);287;kg/an
0007201173;IMERYS REFRACTORY MINERALS CLERAC;2005;Air;Dioxyde de carbone (CO2) d'origine biomasse;18100000;kg/an
0007201562;LOEUL PIRIOT;2005;Eau (indirect);Demande biologique en oxygène (DBO5);53600;kg/an
0007201587;HEULIEZ SAS_Fab. Régionale du Bocage FRB;2005;Air;Composés organiques volatils non méthaniques (COVNM);197000;kg/an
0007201173;IMERYS REFRACTORY MINERALS CLERAC;2005;Air;Oxydes de soufre (SOx/SO2);414000;kg/an
0007201587;HEULIEZ SAS_Fab. Régionale du Bocage FRB;2005;Eau (indirect);Nickel et composés (exprimés en tant que Ni);33;kg/an
0007201189;COOPERL ARC ATLANTIQUE;2005;Eau (indirect);Azote total;80700;kg/an
0007201189;COOPERL ARC ATLANTIQUE;2005;Eau (indirect);Carbone organique total (en tant que C total ou DCO/3);493000;kg/an
0007201604;Armor Protéines site de Surgères;2005;Sol;Demande biologique en oxygène (DBO5);384000;kg/an
0007201604;Armor Protéines site de Surgères;2005;Sol;Demande chimique en oxygène (DCO);609000;kg/an
0007201604;Armor Protéines site de Surgères;2005;Sol;Phosphore total;5960;kg/an
0007201189;COOPERL ARC ATLANTIQUE;2005;Eau (indirect);Demande biologique en oxygène (DBO5);471000;kg/an
0007201614;ELIVIA BRESSUIRE;2005;Eau (indirect);Carbone organique total (en tant que C total ou DCO/3);131000;kg/an
0007201614;ELIVIA BRESSUIRE;2005;Eau (indirect);Demande biologique en oxygène (DBO5);193000;kg/an
0007201189;COOPERL ARC ATLANTIQUE;2005;Eau (indirect);Demande chimique en oxygène (DCO);1480000;kg/an
0007201614;ELIVIA BRESSUIRE;2005;Eau (indirect);Demande chimique en oxygène (DCO);392000;kg/an
0007201189;COOPERL ARC ATLANTIQUE;2005;Eau (indirect);Matières en suspension (MES);502000;kg/an
0007201189;COOPERL ARC ATLANTIQUE;2005;Eau (indirect);Phosphore total;7150;kg/an
0007201636;DECONS SAS;2005;Air;Chlore et composés inorganiques (en tant que HCl);21600;kg/an
0007201190;GASTRONOME INDUSTRIE SEVRIENNE;2005;Eau (indirect);Azote total;58700;kg/an
0007201641;GASTRONOME NUEIL;2005;Eau (indirect);Carbone organique total (en tant que C total ou DCO/3);89500;kg/an
0007201641;GASTRONOME NUEIL;2005;Eau (indirect);Demande biologique en oxygène (DBO5);127000;kg/an
0007201190;GASTRONOME INDUSTRIE SEVRIENNE;2005;Eau (indirect);Carbone organique total (en tant que C total ou DCO/3);157000;kg/an
0007201641;GASTRONOME NUEIL;2005;Eau (indirect);Demande chimique en oxygène (DCO);269000;kg/an
0007201190;GASTRONOME INDUSTRIE SEVRIENNE;2005;Eau (indirect);Demande biologique en oxygène (DBO5);214000;kg/an
0007201655;VERALLIA - COGNAC;2005;Air;Arsenic et composés (exprimés en tant que As);283;kg/an
0007201190;GASTRONOME INDUSTRIE SEVRIENNE;2005;Eau (indirect);Demande chimique en oxygène (DCO);471000;kg/an
0007201655;VERALLIA - COGNAC;2005;Air;Cadmium et composés (exprimés en tant que Cd);74.8;kg/an
0007201655;VERALLIA - COGNAC;2005;Air;Chlore et composés inorganiques (en tant que HCl);12400;kg/an
0007201190;GASTRONOME INDUSTRIE SEVRIENNE;2005;Eau (indirect);Phosphore total;5100;kg/an
0007201655;VERALLIA - COGNAC;2005;Air;Chrome et composés (exprimés en tant que Cr);526;kg/an
0007201655;VERALLIA - COGNAC;2005;Air;Nickel et composés (exprimés en tant que Ni);138;kg/an
0007201205;Grand Poitiers communauté urbaine;2005;Air;Dioxyde de carbone (CO2) d'origine biomasse;21600000;kg/an
0007201655;VERALLIA - COGNAC;2005;Air;Oxydes de soufre (SOx/SO2);854000;kg/an
0007201655;VERALLIA - COGNAC;2005;Air;Oxydes d'azote (NOx/NO2);389000;kg/an
0007201225;CHROME DUR INDUSTRIEL;2005;Air;Acide fluorhydrique (flurorure d'hydrogène);11.3;kg/an
0007201655;VERALLIA - COGNAC;2005;Air;Plomb et composés (exprimés en tant que Pb);3100;kg/an
0007201655;VERALLIA - COGNAC;2005;Air;Poussières totales;161000;kg/an
0007201655;VERALLIA - COGNAC;2005;Air;Acide fluorhydrique (flurorure d'hydrogène);3370;kg/an
0007201655;VERALLIA - COGNAC;2005;Air;Chlore;12400;kg/an
0007201655;VERALLIA - COGNAC;2005;Air;Cobalt et composés (exprimés en tant que Co);8;kg/an
0007201226;GrandAngoulême;2005;Air;Antimoine et composés (exprimés en tant que Sb);12.3;kg/an
0007201655;VERALLIA - COGNAC;2005;Air;Etain et composés (exprimés en tant que Sn);17600;kg/an
0007201656;Groupe THIOLLET;2005;Eau (direct);Carbone organique total (en tant que C total ou DCO/3);174000;kg/an
0007201226;GrandAngoulême;2005;Air;Chlore;1450;kg/an
0007201656;Groupe THIOLLET;2005;Eau (direct);Demande biologique en oxygène (DBO5);256000;kg/an
0007201656;Groupe THIOLLET;2005;Eau (direct);Demande chimique en oxygène (DCO);522000;kg/an
0007201226;GrandAngoulême;2005;Air;Cobalt et composés (exprimés en tant que Co);4.54;kg/an
0007201660;FDL;2005;Sol;Demande biologique en oxygène (DBO5);44900;kg/an
0007201226;GrandAngoulême;2005;Air;Fluor et ses composés (F);79;kg/an
0007201670;AMCOR FLEXIBLES VENTHENAT;2005;Air;Composés organiques volatils non méthaniques (COVNM);1810000;kg/an
0007201271;Société Fromagère de Riblaire;2005;Sol;Carbone organique total (en tant que C total ou DCO/3);205000;kg/an
0007201271;Société Fromagère de Riblaire;2005;Sol;Demande biologique en oxygène (DBO5);385000;kg/an
0007201731;PAPETERIE DU POITOU;2005;Air;Composés organiques volatils non méthaniques (COVNM);42300;kg/an
0007201271;Société Fromagère de Riblaire;2005;Sol;Demande chimique en oxygène (DCO);616000;kg/an
0007201820;IMERYS REFRACTORY MINERALS CLERAC;2005;Air;Dioxyde de carbone (CO2) d'origine biomasse;25800000;kg/an
0007201287;TERREAL;2005;Air;Fluor et composés inorganiques (en tant que HF);5730;kg/an
0007201820;IMERYS REFRACTORY MINERALS CLERAC;2005;Air;Oxydes de soufre (SOx/SO2);301000;kg/an
0007202022;SOCOPA VIANDES CELLES;2005;Sol;Carbone organique total (en tant que C total ou DCO/3);141000;kg/an
0007201294;SOTRIVAL;2005;Air;Dioxyde de carbone (CO2) d'origine biomasse;13000000;kg/an
0007202022;SOCOPA VIANDES CELLES;2005;Sol;Demande biologique en oxygène (DBO5);202000;kg/an
0007202022;SOCOPA VIANDES CELLES;2005;Sol;Demande chimique en oxygène (DCO);422000;kg/an
0007202022;SOCOPA VIANDES CELLES;2005;Sol;Phosphore total;5920;kg/an
0007201294;SOTRIVAL;2005;Air;Méthane (CH4);1220000;kg/an
0007201311;SIMAIR;2005;Air;Trichloréthylène;9000;kg/an
0007202157;SUEZ RV SUD OUEST (ex SITA);2005;Air;Méthane (CH4);439000;kg/an
0007201311;SIMAIR;2005;Sol;Trichloréthylène;9000;kg/an
0007202158;SUEZ RV SUD OUEST (ex SITA);2005;Air;Méthane (CH4);783000;kg/an
0007201319;CEE PACKAGING SOLUTIONS;2005;Air;Composés organiques volatils non méthaniques (COVNM);152000;kg/an
0007202170;MDP INDUSTRIE;2005;Air;Composés organiques volatils non méthaniques (COVNM);38800;kg/an
0007201319;CEE PACKAGING SOLUTIONS;2005;Air;Tétrachloroéthylène (PER, tétrachloroéthylène);2930;kg/an
0007202185;SOYAUX PLASTIQUES COMPLEXAGE;2005;Air;Composés organiques volatils non méthaniques (COVNM);132000;kg/an
0007201319;CEE PACKAGING SOLUTIONS;2005;Air;Méthanol (alcool méthylique);37700;kg/an
0007201321;SAFT;2005;Air;Nickel et composés (exprimés en tant que Ni);92;kg/an
0007202250;MEUBLES CELIO sa;2005;Air;Composés organiques volatils non méthaniques (COVNM);40600;kg/an
0007201321;SAFT;2005;Eau (direct);Azote total;156000;kg/an
0007202617;Séché Eco-Industries;2005;Air;Méthane (CH4);359000;kg/an
0007201321;SAFT;2005;Eau (direct);Cadmium et composés (exprimés en tant que Cd);19.4;kg/an
0007202625;SAFRAN AIRCRAFT ENGINES (ex SNECMA);2005;Air;Nickel et composés (exprimés en tant que Ni);86;kg/an
0007201328;RHODIA OPERATIONS;2005;Air;Composés organiques volatils non méthaniques (COVNM);83200;kg/an
0007202664;CA FRANCE CHAMPIGNON;2005;Sol;Carbone organique total (en tant que C total ou DCO/3);183000;kg/an
0007201328;RHODIA OPERATIONS;2005;Eau (direct);Azote total;1420000;kg/an
0007202664;CA FRANCE CHAMPIGNON;2005;Sol;Demande chimique en oxygène (DCO);481000;kg/an
0007202664;CA FRANCE CHAMPIGNON;2005;Sol;Matières en suspension (MES);422000;kg/an
0007201328;RHODIA OPERATIONS;2005;Eau (direct);Carbone organique total (en tant que C total ou DCO/3);63200;kg/an
0007202664;CA FRANCE CHAMPIGNON;2005;Sol;Phosphore total;7620;kg/an
0007201328;RHODIA OPERATIONS;2005;Eau (direct);Cuivre et composés (exprimés en tant que Cu);72.8;kg/an
0007202768;COVERIS;2005;Air;Composés organiques volatils non méthaniques (COVNM);172000;kg/an
0007201328;RHODIA OPERATIONS;2005;Eau (direct);Demande chimique en oxygène (DCO);189000;kg/an
0007201328;RHODIA OPERATIONS;2005;Eau (direct);Fluorures (en tant que F total);4200;kg/an
0007201328;RHODIA OPERATIONS;2005;Eau (direct);Phosphore total;9600;kg/an
0007202774;CHARENTAISE DE DECOR;2005;Eau (direct);Acide fluorhydrique (flurorure d'hydrogène);242;kg/an
0007201348;RHODIA  OPERATIONS (Groupe SOLVAY);2005;Air;Composés organiques volatils non méthaniques (COVNM);111000;kg/an
0007202778;ROUSSELOT ANGOULEME SAS;2005;Eau (direct);Azote total;136000;kg/an
0007205910;SOCOPLAN;2005;Air;Composés organiques volatils non méthaniques (COVNM);177000;kg/an
0007202778;ROUSSELOT ANGOULEME SAS;2005;Eau (direct);Carbone organique total (en tant que C total ou DCO/3);84100;kg/an
0007202778;ROUSSELOT ANGOULEME SAS;2005;Eau (direct);Demande chimique en oxygène (DCO);252000;kg/an
0007202778;ROUSSELOT ANGOULEME SAS;2005;Eau (direct);Phosphore total;7410;kg/an
0007202944;Station de Chazelles;2005;Air;Méthane (CH4);213000;kg/an
0007202944;Station de Chazelles;2005;Air;Oxydes d'azote (NOx/NO2);439000;kg/an
0007206188;AUTOMOTIVE PLASTICS ROCHEFORT;2005;Air;Composés organiques volatils non méthaniques (COVNM);51300;kg/an
0007202957;PAPETERIES DE VEUZE;2005;Eau (direct);Carbone organique total (en tant que C total ou DCO/3);50300;kg/an
0007202957;PAPETERIES DE VEUZE;2005;Eau (direct);Demande chimique en oxygène (DCO);151000;kg/an
0007206332;SMITED - CET DE COULONGES-THOUARSAIS;2005;Air;Méthane (CH4);270000;kg/an
0007206418;DANISCO_IFF;2005;Air;Composés organiques volatils non méthaniques (COVNM);134000;kg/an
0007203048;CPK Production France (ex Mondelez);2005;Eau (indirect);Demande biologique en oxygène (DBO5);66600;kg/an
0007206418;DANISCO_IFF;2005;Eau (indirect);Azote total;68000;kg/an
0007203105;DANISCO;2005;Air;Hydroflurocarbures (HFC);104;kg/an
0007206418;DANISCO_IFF;2005;Eau (indirect);Carbone organique total (en tant que C total ou DCO/3);483000;kg/an
0007203128;AVI-CHARENTE;2005;Eau (indirect);Carbone organique total (en tant que C total ou DCO/3);190000;kg/an
0007206418;DANISCO_IFF;2005;Eau (indirect);Demande biologique en oxygène (DBO5);840000;kg/an
0007203128;AVI-CHARENTE;2005;Eau (indirect);Demande biologique en oxygène (DBO5);336000;kg/an
0007206418;DANISCO_IFF;2005;Eau (indirect);Demande chimique en oxygène (DCO);1850000;kg/an
0007203128;AVI-CHARENTE;2005;Eau (indirect);Demande chimique en oxygène (DCO);571000;kg/an
0007206418;DANISCO_IFF;2005;Eau (indirect);Phosphore total;11700;kg/an
0007203172;SCHNEIDER ELECTRIC-Site de l'Isle d'Espagnac;2005;Air;Zinc et composés (exprimés en tant que Zn);352;kg/an
0007206789;COVI S.A.S.;2005;Eau (indirect);Carbone organique total (en tant que C total ou DCO/3);67800;kg/an
0007203172;SCHNEIDER ELECTRIC-Site de l'Isle d'Espagnac;2005;Air;Fluor et ses composés (F);63;kg/an
0007203172;SCHNEIDER ELECTRIC-Site de l'Isle d'Espagnac;2005;Eau (direct);Fluor et ses composés (F);5.1;kg/an
0007206789;COVI S.A.S.;2005;Eau (indirect);Demande biologique en oxygène (DBO5);116000;kg/an
0007206789;COVI S.A.S.;2005;Eau (indirect);Demande chimique en oxygène (DCO);203000;kg/an
0007203207;CHU;2005;Eau (indirect);Demande biologique en oxygène (DBO5);47600;kg/an
0007300024;EDF Corse;2005;Air;Benzène;1990;kg/an
0007203207;CHU;2005;Eau (indirect);Demande chimique en oxygène (DCO);165000;kg/an
0007203207;CHU;2005;Eau (indirect);Phénols (en tant que C total);28;kg/an
0007300024;EDF Corse;2005;Air;Cadmium et composés (exprimés en tant que Cd);38;kg/an
0007203654;UVE/UIOM CDA de La Rochelle (SETRADONYX);2005;Air;Dioxyde de carbone (CO2) d'origine biomasse;27800000;kg/an
0007203654;UVE/UIOM CDA de La Rochelle (SETRADONYX);2005;Air;Antimoine et composés (exprimés en tant que Sb);1.21;kg/an
0007300024;EDF Corse;2005;Air;Composés organiques volatils non méthaniques (COVNM);160000;kg/an
0007203654;UVE/UIOM CDA de La Rochelle (SETRADONYX);2005;Air;Cobalt et composés (exprimés en tant que Co);16.6;kg/an
0007203654;UVE/UIOM CDA de La Rochelle (SETRADONYX);2005;Air;Etain et composés (exprimés en tant que Sn);3.5;kg/an
0007203654;UVE/UIOM CDA de La Rochelle (SETRADONYX);2005;Eau (direct);Fluor et ses composés (F);77.1;kg/an
0007300024;EDF Corse;2005;Air;Monoxyde de carbone (CO);620000;kg/an
0007300024;EDF Corse;2005;Air;Nickel et composés (exprimés en tant que Ni);687;kg/an
0007203926;Ciments Calcia;2005;Air;Arsenic et composés (exprimés en tant que As);25;kg/an
0007300024;EDF Corse;2005;Air;Oxydes de soufre (SOx/SO2);1810000;kg/an
0007203926;Ciments Calcia;2005;Air;Cadmium et composés (exprimés en tant que Cd);12.5;kg/an
0007203926;Ciments Calcia;2005;Air;Dioxyde de carbone (CO2) d'origine biomasse;54100000;kg/an
0007203926;Ciments Calcia;2005;Air;Mercure et composés (exprimés en tant que Hg);10.6;kg/an
0007300024;EDF Corse;2005;Air;Oxydes d'azote (NOx/NO2);12300000;kg/an
0007203926;Ciments Calcia;2005;Air;Oxydes d'azote (NOx/NO2);1140000;kg/an
0007204009;SURFILM;2005;Air;Composés organiques volatils non méthaniques (COVNM);251000;kg/an
0007204022;Société Nouvelle COLIBRI Pâtisseries;2005;Eau (indirect);Demande biologique en oxygène (DBO5);53200;kg/an
0007300024;EDF Corse;2005;Air;Particules (PM10);174000;kg/an
0007300024;EDF Corse;2005;Air;Plomb et composés (exprimés en tant que Pb);299;kg/an
0007204027;Liberty Aluminium Poitou;2005;Air;Composés organiques volatils non méthaniques (COVNM);81000;kg/an
0007300024;EDF Corse;2005;Air;Poussières totales;174000;kg/an
0007300024;EDF Corse;2005;Air;Zinc et composés (exprimés en tant que Zn);239;kg/an
0007204402;LABORATOIRES RIVADIS SAS;2005;Eau (indirect);Demande biologique en oxygène (DBO5);52900;kg/an
0007300024;EDF Corse;2005;Eau (direct);Zinc et composés (exprimés en tant que Zn);193;kg/an
0007205801;Centre Multifiliaire de Valorisation des Déchets;2005;Air;Dioxines et furanes (PCDD + PCDF) (exprimés en iTeq);0.0028;kg/an
0007205801;Centre Multifiliaire de Valorisation des Déchets;2005;Air;Dioxyde de carbone (CO2) d'origine biomasse;14000000;kg/an
0007300025;EDF Corse;2005;Air;Cadmium et composés (exprimés en tant que Cd);28;kg/an
0007205801;Centre Multifiliaire de Valorisation des Déchets;2005;Air;Antimoine et composés (exprimés en tant que Sb);16.7;kg/an
0007205801;Centre Multifiliaire de Valorisation des Déchets;2005;Air;Cobalt et composés (exprimés en tant que Co);7.3;kg/an
0007300025;EDF Corse;2005;Air;Composés organiques volatils non méthaniques (COVNM);50300;kg/an
0007205801;Centre Multifiliaire de Valorisation des Déchets;2005;Eau (direct);Fluor et ses composés (F);72.1;kg/an
0007300025;EDF Corse;2005;Air;Monoxyde de carbone (CO);604000;kg/an
0007300025;EDF Corse;2005;Air;Nickel et composés (exprimés en tant que Ni);416;kg/an
0007300025;EDF Corse;2005;Air;Oxydes de soufre (SOx/SO2);1600000;kg/an
0007300025;EDF Corse;2005;Air;Oxydes d'azote (NOx/NO2);6090000;kg/an
0007300025;EDF Corse;2005;Air;Particules (PM10);129000;kg/an
0007405212;SMURFIT Kappa Papier Recyclé France Papeterie de la Seine;2005;Eau (indirect);Zinc et composés (exprimés en tant que Zn);167;kg/an
0007402231;AMCOR FLEXIBLES SAINT MAUR ex ALCAN;2005;Air;Composés organiques volatils non méthaniques (COVNM);149000;kg/an
;scea avicole des carrières;2005;Air;Ammoniac (NH3);15100;kg/an
0007402239;SECAN;2005;Eau (direct);Acide fluorhydrique (flurorure d'hydrogène);73.6;kg/an
;SCEA DES FAUCHERELLES;2005;Air;Ammoniac (NH3);12200;kg/an
;EARL DES DUPUIT;2005;Air;Ammoniac (NH3);21000;kg/an
0007402253;SGD SA;2005;Air;Cadmium et composés (exprimés en tant que Cd);29;kg/an
;socete agricole gosset;2005;Air;Ammoniac (NH3);13200;kg/an
;EARL Rathueville;2005;Air;Ammoniac (NH3);12400;kg/an
0007402253;SGD SA;2005;Air;Oxydes de soufre (SOx/SO2);213000;kg/an
;EARL VERZEAUX;2005;Air;Ammoniac (NH3);21500;kg/an
;SCEA 08;2005;Air;Ammoniac (NH3);34800;kg/an
0007402253;SGD SA;2005;Air;Oxydes d'azote (NOx/NO2);165000;kg/an
;EARL DU BOIS D'ARGENT;2005;Air;Ammoniac (NH3);10400;kg/an
0007402253;SGD SA;2005;Air;Acide fluorhydrique (flurorure d'hydrogène);1030;kg/an
;EARL VAGNIER;2005;Air;Ammoniac (NH3);11900;kg/an
0007402258;SIAAP;2005;Air;Dioxyde de carbone (CO2) d'origine biomasse;18400000;kg/an
0009000009;AIRBUS FRANCE Etablissement de Saint-Nazaire;2005;Air;Hydrochlorofluorocarbures (HCFC);4290;kg/an
0007402258;SIAAP;2005;Eau (indirect);Cadmium et composés (exprimés en tant que Cd);5.3;kg/an
0009000017;12° base de soutien du matériel;2005;Air;Composés organiques volatils non méthaniques (COVNM);42000;kg/an
0009000116;3° RHC;2005;Eau (indirect);Phosphore total;20400;kg/an
0007402258;SIAAP;2005;Eau (indirect);Cuivre et composés (exprimés en tant que Cu);491;kg/an
0007402258;SIAAP;2005;Eau (indirect);Cyanures (sous forme de CN total);82;kg/an
0009056710;Atelier industriel de l'aéronautique de Clermont-ferrand;2005;Air;Composés organiques volatils non méthaniques (COVNM);68000;kg/an
0007402258;SIAAP;2005;Eau (indirect);Fer et composés (exprimés en tant que Fe);26700;kg/an
0010000002;MBDA France;2005;Air;Composés organiques volatils non méthaniques (COVNM);33500;kg/an
0007402258;SIAAP;2005;Eau (indirect);Nickel et composés (exprimés en tant que Ni);37.1;kg/an
0010000002;MBDA France;2005;Air;Hydrochlorofluorocarbures (HCFC);2890;kg/an
0007402258;SIAAP;2005;Eau (indirect);Plomb et composés (exprimés en tant que Pb);403;kg/an
0010000002;MBDA France;2005;Air;Tétrachloroéthylène (PER, tétrachloroéthylène);14000;kg/an
0010000003;MBDA France;2005;Sol;Phosphore total;14800;kg/an
0007402258;SIAAP;2005;Eau (indirect);Zinc et composés (exprimés en tant que Zn);961;kg/an
0010000020;ETA;2005;Eau (direct);Acide fluorhydrique (flurorure d'hydrogène);200;kg/an
0007402261;STEF-VITRY SAS;2005;Air;Hydrochlorofluorocarbures (HCFC);1900;kg/an
0007402281;SNC Cogé VITRY;2005;Air;Oxydes d'azote (NOx/NO2);193000;kg/an
0010000033;MANUFACTURE FRANCAISE DES PNEUMATIQUES MICHELIN;2005;Air;Composés organiques volatils non méthaniques (COVNM);91400;kg/an
0007402281;SNC Cogé VITRY;2005;Air;Protoxyde d'azote (N2O);12900;kg/an
0010000035;PAULSTRA HUTCHINSON SNC;2005;Air;Composés organiques volatils non méthaniques (COVNM);160000;kg/an
0007402282;SAFRAN TRANSMISSION SYSTEMS;2005;Air;Dichlorométhane (DCM, chlorure de méthylène);2180;kg/an
0010000039;SANDVIK MATERIALS TECHNOLOGY France SAS division PRECITUBE;2005;Air;Trichloréthylène;27000;kg/an
0007402282;SAFRAN TRANSMISSION SYSTEMS;2005;Air;Tétrachloroéthylène (PER, tétrachloroéthylène);7270;kg/an
0010000039;SANDVIK MATERIALS TECHNOLOGY France SAS division PRECITUBE;2005;Eau (direct);Acide fluorhydrique (flurorure d'hydrogène);1.4;kg/an
0007402283;SIAAP;2005;Air;Dioxyde de carbone (CO2) d'origine biomasse;20400000;kg/an
0010000043;LES VOLAILLES DE BLANCAFORT;2005;Eau (indirect);Carbone organique total (en tant que C total ou DCO/3);72100;kg/an
0007402350;CPCU ST-OUEN III;2005;Air;Oxydes d'azote (NOx/NO2);125000;kg/an
0010000043;LES VOLAILLES DE BLANCAFORT;2005;Eau (indirect);Demande biologique en oxygène (DBO5);162000;kg/an
0010000043;LES VOLAILLES DE BLANCAFORT;2005;Eau (indirect);Demande chimique en oxygène (DCO);216000;kg/an
0010000060;SOCIETE NOUVELLE ATELIERS 28;2005;Air;Composés organiques volatils non méthaniques (COVNM);46300;kg/an
0007402350;CPCU ST-OUEN III;2005;Air;Protoxyde d'azote (N2O);12500;kg/an
0007402352;Fareva Romainville;2005;Air;Composés organiques volatils non méthaniques (COVNM);150000;kg/an
0010000108;BEMIS Epernon;2005;Air;Composés organiques volatils non méthaniques (COVNM);76000;kg/an
0007402352;Fareva Romainville;2005;Air;Méthanol (alcool méthylique);291;kg/an
0010000119;CLIP (Cie Labo Indust du Perche);2005;Air;Composés organiques volatils non méthaniques (COVNM);36700;kg/an
0007402352;Fareva Romainville;2005;Eau (indirect);1,2-dichloroéthane (DCE - chlorure d'éthylène);18;kg/an
0010000149;CHARTRES METROPOLE TRAITEMENT VALORISATI;2005;Air;Hydroflurocarbures (HFC);121;kg/an
0007402352;Fareva Romainville;2005;Eau (indirect);Azote total;265000;kg/an
0010000149;CHARTRES METROPOLE TRAITEMENT VALORISATI;2005;Air;Oxydes d'azote (NOx/NO2);216000;kg/an
0010000149;CHARTRES METROPOLE TRAITEMENT VALORISATI;2005;Air;Protoxyde d'azote (N2O);11400;kg/an
0007402352;Fareva Romainville;2005;Eau (indirect);Carbone organique total (en tant que C total ou DCO/3);1130000;kg/an
0010000220;SEALED AIR  SAS;2005;Air;Composés organiques volatils non méthaniques (COVNM);59600;kg/an
0010000242;HYDRO EXTRUSION LUCE/CHATEAUROUX;2005;Eau (direct);Aluminium et composés (exprimés en tant que Al);2420;kg/an
0007402352;Fareva Romainville;2005;Eau (indirect);Chloroforme (trichlorométhane);125;kg/an
0010000313;PAULSTRA;2005;Air;Composés organiques volatils non méthaniques (COVNM);355000;kg/an
0007402352;Fareva Romainville;2005;Eau (indirect);Composés organohalogénés (exprimés en tant que AOX);2030;kg/an
0010000313;PAULSTRA;2005;Air;Trichloréthylène;2560;kg/an
0010000313;PAULSTRA;2005;Eau (direct);Nickel et composés (exprimés en tant que Ni);206;kg/an
0007402352;Fareva Romainville;2005;Eau (indirect);Demande biologique en oxygène (DBO5);1020000;kg/an
0007402352;Fareva Romainville;2005;Eau (indirect);Demande chimique en oxygène (DCO);3260000;kg/an
0010000314;PELLICULAGES ET VERNISSAGES DE L'OUEST;2005;Air;Composés organiques volatils non méthaniques (COVNM);138000;kg/an
0010000316;LABORATOIRES EXPANSCIENCE;2005;Air;1,2-dichloroéthane (DCE - chlorure d'éthylène);12000;kg/an
0007402352;Fareva Romainville;2005;Eau (indirect);Matières en suspension (MES);1290000;kg/an
0010000316;LABORATOIRES EXPANSCIENCE;2005;Eau (indirect);1,2-dichloroéthane (DCE - chlorure d'éthylène);79;kg/an
0007402352;Fareva Romainville;2005;Eau (indirect);Phosphore total;23700;kg/an
0010000323;HUHTAMAKI FRANCE;2005;Air;Composés organiques volatils non méthaniques (COVNM);217000;kg/an
0007402352;Fareva Romainville;2005;Eau (indirect);Phénols (en tant que C total);4730;kg/an
0010000329;ETHYPHARM;2005;Air;Composés organiques volatils non méthaniques (COVNM);96100;kg/an
0010000336;RAIGI;2005;Air;Dichlorométhane (DCM, chlorure de méthylène);19900;kg/an
0007402352;Fareva Romainville;2005;Eau (direct);Aldéhyde formique (formaldéhyde);80;kg/an
0010000336;RAIGI;2005;Air;Hydroflurocarbures (HFC);4790;kg/an
0007402352;Fareva Romainville;2005;Eau (direct);Chlore;181000;kg/an
0007402355;SIAAPMarne Aval;2005;Eau (indirect);Aluminium et composés (exprimés en tant que Al);3610;kg/an
0010000400;SAMREV SAS;2005;Air;Composés organiques volatils non méthaniques (COVNM);30400;kg/an
0010000410;Etablissement de Dreux;2005;Air;Composés organiques volatils non méthaniques (COVNM);40700;kg/an
0007402355;SIAAPMarne Aval;2005;Eau (indirect);Cadmium et composés (exprimés en tant que Cd);10;kg/an
0007402355;SIAAPMarne Aval;2005;Eau (indirect);Cuivre et composés (exprimés en tant que Cu);250;kg/an
0010000416;SICTOM de la région de Châteaudun;2005;Air;Hydroflurocarbures (HFC);116;kg/an
0007402355;SIAAPMarne Aval;2005;Eau (indirect);Plomb et composés (exprimés en tant que Pb);119;kg/an
0007402355;SIAAPMarne Aval;2005;Eau (indirect);Zinc et composés (exprimés en tant que Zn);414;kg/an
0010000419;SUPERTAPE FRANCE;2005;Air;Composés organiques volatils non méthaniques (COVNM);145000;kg/an
0007402356;MAJ;2005;Eau (indirect);Carbone organique total (en tant que C total ou DCO/3);163000;kg/an
0007402356;MAJ;2005;Eau (indirect);Demande biologique en oxygène (DBO5);122000;kg/an
0010000442;SUEZ RV CENTRE OUEST - PRUDEMANCHE 1;2005;Air;Méthane (CH4);317000;kg/an
0007402356;MAJ;2005;Eau (indirect);Demande chimique en oxygène (DCO);245000;kg/an
0007403769;SEMMARIS;2005;Eau (indirect);Carbone organique total (en tant que C total ou DCO/3);83100;kg/an
0010000451;Cristal Union - Etablissement Toury;2005;Air;Composés organiques volatils non méthaniques (COVNM);37000;kg/an
0010000451;Cristal Union - Etablissement Toury;2005;Eau (direct);Carbone organique total (en tant que C total ou DCO/3);190000;kg/an
0007403769;SEMMARIS;2005;Eau (indirect);Demande biologique en oxygène (DBO5);62300;kg/an
0010000451;Cristal Union - Etablissement Toury;2005;Eau (direct);Demande biologique en oxygène (DBO5);318000;kg/an
0010000451;Cristal Union - Etablissement Toury;2005;Eau (direct);Demande chimique en oxygène (DCO);571000;kg/an
0007403769;SEMMARIS;2005;Eau (indirect);Demande chimique en oxygène (DCO);249000;kg/an
0010000458;THERMOCOLOR CENTRE;2005;Eau (direct);Acide fluorhydrique (flurorure d'hydrogène);1200;kg/an
0007403809;GALLAZZI France ( ex CEDULIOSE );2005;Air;Composés organiques volatils non méthaniques (COVNM);78300;kg/an
0007403968;Université Paris VI;2005;Eau (indirect);Demande biologique en oxygène (DBO5);70900;kg/an
0010000473;UVEA;2005;Air;Oxydes d'azote (NOx/NO2);204000;kg/an
0010000473;UVEA;2005;Air;Antimoine et composés (exprimés en tant que Sb);1.58;kg/an
0010000473;UVEA;2005;Air;Cobalt et composés (exprimés en tant que Co);14.7;kg/an
0007404691;GALION;2005;Eau (direct);Acide fluorhydrique (flurorure d'hydrogène);4.53;kg/an
0010000503;BODIN JOYEUX 1;2005;Eau (indirect);Chrome et composés (exprimés en tant que Cr);58;kg/an
0007404691;GALION;2005;Eau (direct);Ammoniac (NH3);99;kg/an
0010000509;ARKEMA (ex : CECA);2005;Air;Oxyde d'éthylène;60;kg/an
0007405212;SMURFIT Kappa Papier Recyclé France Papeterie de la Seine;2005;Air;Oxydes d'azote (NOx/NO2);125000;kg/an
0010000513;CHATEAUROUX CERAMICS;2005;Air;Fluor et composés inorganiques (en tant que HF);10700;kg/an
0010000513;CHATEAUROUX CERAMICS;2005;Air;Fluor et ses composés (F);10700;kg/an
0007405212;SMURFIT Kappa Papier Recyclé France Papeterie de la Seine;2005;Eau (indirect);Aluminium et composés (exprimés en tant que Al);7950;kg/an
0010000532;ELIS BERRYLES- LES LAVANDIERES;2005;Eau (indirect);Carbone organique total (en tant que C total ou DCO/3);161000;kg/an
0010000562;COLIEGE METALCO EMBALLAGE;2005;Air;Etain et composés (exprimés en tant que Sn);1.34;kg/an
0007405212;SMURFIT Kappa Papier Recyclé France Papeterie de la Seine;2005;Eau (indirect);Carbone organique total (en tant que C total ou DCO/3);308000;kg/an
0007405212;SMURFIT Kappa Papier Recyclé France Papeterie de la Seine;2005;Eau (indirect);Cuivre et composés (exprimés en tant que Cu);500;kg/an
0010000572;MEADWESTVACO EMBALLAGE;2005;Air;Composés organiques volatils non méthaniques (COVNM);81500;kg/an
0007405212;SMURFIT Kappa Papier Recyclé France Papeterie de la Seine;2005;Eau (indirect);Demande biologique en oxygène (DBO5);325000;kg/an
0010000575;LINAMAR LIGHT METALS / MONTUPET;2005;Air;Composés organiques volatils non méthaniques (COVNM);122000;kg/an
0010000575;LINAMAR LIGHT METALS / MONTUPET;2005;Air;Fluor et ses composés (F);13;kg/an
0007405212;SMURFIT Kappa Papier Recyclé France Papeterie de la Seine;2005;Eau (indirect);Demande chimique en oxygène (DCO);924000;kg/an
0010000575;LINAMAR LIGHT METALS / MONTUPET;2005;Air;Phénols (en tant que C total);7560;kg/an
0010000575;LINAMAR LIGHT METALS / MONTUPET;2005;Eau (direct);Fluor et ses composés (F);449;kg/an
0007405212;SMURFIT Kappa Papier Recyclé France Papeterie de la Seine;2005;Eau (indirect);Matières en suspension (MES);825000;kg/an
0010000648;Ciments Calcia - SITE DE VILLIERS AU BOUIN;2005;Air;Oxydes d'azote (NOx/NO2);225000;kg/an
0010000577;INTERNATIONAL COOKWARE;2005;Air;Chlore et composés inorganiques (en tant que HCl);11300;kg/an
0010000612;SETS;2005;Eau (direct);Nickel et composés (exprimés en tant que Ni);72.9;kg/an
0010000612;SETS;2005;Eau (direct);Zinc et composés (exprimés en tant que Zn);123;kg/an
0010000625;STEARINERIE DUBOIS;2005;Air;Méthanol (alcool méthylique);480;kg/an
0010000663;PAPETERIES PALM;2005;Eau (direct);Carbone organique total (en tant que C total ou DCO/3);51200;kg/an
0010000663;PAPETERIES PALM;2005;Eau (direct);Demande chimique en oxygène (DCO);154000;kg/an
0010000680;STORENGY;2005;Air;Méthanol (alcool méthylique);2600;kg/an
0010000684;HUMERY Frères;2005;Air;Composés organiques volatils non méthaniques (COVNM);31600;kg/an
0010001408;TRISALID;2005;Air;Cadmium et composés (exprimés en tant que Cd);12.2;kg/an
0010000685;HUTCHINSON;2005;Air;Composés organiques volatils non méthaniques (COVNM);118000;kg/an
0010001408;TRISALID;2005;Air;Mercure et composés (exprimés en tant que Hg);28.8;kg/an
0010001408;TRISALID;2005;Air;Oxydes d'azote (NOx/NO2);151000;kg/an
0010000685;HUTCHINSON;2005;Air;Trichloréthylène;73500;kg/an
0010001457;SCA HYGIENE PRODUCTS OPERATIONS;2005;Eau (indirect);Carbone organique total (en tant que C total ou DCO/3);110000;kg/an
0010000689;INDENA;2005;Air;Composés organiques volatils non méthaniques (COVNM);255000;kg/an
0010001457;SCA HYGIENE PRODUCTS OPERATIONS;2005;Eau (indirect);Demande biologique en oxygène (DBO5);85000;kg/an
0010001457;SCA HYGIENE PRODUCTS OPERATIONS;2005;Eau (indirect);Demande chimique en oxygène (DCO);329000;kg/an
0010000689;INDENA;2005;Air;Dichlorométhane (DCM, chlorure de méthylène);6380;kg/an
0010000689;INDENA;2005;Air;Méthanol (alcool méthylique);4670;kg/an
0010001460;PFMP PROGIPHARM;2005;Air;Composés organiques volatils non méthaniques (COVNM);111000;kg/an
0010000689;INDENA;2005;Eau (indirect);Demande biologique en oxygène (DBO5);48800;kg/an
0010001460;PFMP PROGIPHARM;2005;Eau (indirect);Hydrocarbures;49000;kg/an
0010000689;INDENA;2005;Eau (direct);Méthanol (alcool méthylique);2920;kg/an
0010001516;TROUILLET PANNEAUX;2005;Air;Dichlorométhane (DCM, chlorure de méthylène);1600;kg/an
0010000702;MICHELIN;2005;Air;Composés organiques volatils non méthaniques (COVNM);149000;kg/an
0010001557;TEREOS FRANCE Site d'Artenay;2005;Air;Composés organiques volatils non méthaniques (COVNM);37600;kg/an
0010001557;TEREOS FRANCE Site d'Artenay;2005;Air;Dioxyde de carbone (CO2) d'origine biomasse;30300000;kg/an
0010000735;SAFETY Production SAS;2005;Eau (direct);Cobalt et composés (exprimés en tant que Co);9;kg/an
0010001557;TEREOS FRANCE Site d'Artenay;2005;Sol;Azote total;61700;kg/an
0010001557;TEREOS FRANCE Site d'Artenay;2005;Sol;Carbone organique total (en tant que C total ou DCO/3);183000;kg/an
0010001557;TEREOS FRANCE Site d'Artenay;2005;Sol;Demande biologique en oxygène (DBO5);242000;kg/an
0010000740;STMICROELECTRONICS SAS;2005;Air;Composés organiques volatils non méthaniques (COVNM);61900;kg/an
0010001557;TEREOS FRANCE Site d'Artenay;2005;Sol;Demande chimique en oxygène (DCO);548000;kg/an
0010000740;STMICROELECTRONICS SAS;2005;Air;Acide fluorhydrique (flurorure d'hydrogène);722;kg/an
0010001568;S. D. H. FERROVIAIRE;2005;Air;Méthanol (alcool méthylique);0.54;kg/an
0010001568;S. D. H. FERROVIAIRE;2005;Eau (direct);Acide fluorhydrique (flurorure d'hydrogène);2860;kg/an
0010000740;STMICROELECTRONICS SAS;2005;Eau (indirect);Fluorures (en tant que F total);2840;kg/an
0010000740;STMICROELECTRONICS SAS;2005;Eau (indirect);Nickel et composés (exprimés en tant que Ni);59;kg/an
0010001570;TERRALIA;2005;Air;Méthane (CH4);693000;kg/an
0010000740;STMICROELECTRONICS SAS;2005;Eau (direct);Acide fluorhydrique (flurorure d'hydrogène);2840;kg/an
0010000740;STMICROELECTRONICS SAS;2005;Eau (direct);Fluor et ses composés (F);2840;kg/an
0010001585;SIFA TECHNOLOGIES SA (GROUPE ARCHE);2005;Air;Composés organiques volatils non méthaniques (COVNM);48200;kg/an
0010000761;STIN;2005;Eau (direct);Fluor et ses composés (F);14;kg/an
0010001615;SODECTRA (centre décapage orléanais);2005;Air;Composés organiques volatils non méthaniques (COVNM);39400;kg/an
0010000765;SYNTHRON;2005;Air;Aldéhyde formique (formaldéhyde);150;kg/an
0010001615;SODECTRA (centre décapage orléanais);2005;Air;Dichlorométhane (DCM, chlorure de méthylène);39400;kg/an
0010001638;A S M;2005;Air;Composés organiques volatils non méthaniques (COVNM);31100;kg/an
0010000765;SYNTHRON;2005;Air;Epichlorhydrine (1-chloro-2,3-époxypropane);30;kg/an
0010001638;A S M;2005;Air;Trichloréthylène;15000;kg/an
0010000765;SYNTHRON;2005;Air;Méthanol (alcool méthylique);80;kg/an
0010001646;STCM  B1;2005;Air;Antimoine et composés (exprimés en tant que Sb);2.03;kg/an
0010000765;SYNTHRON;2005;Eau (direct);Aldéhyde formique (formaldéhyde);220;kg/an
0010001646;STCM  B1;2005;Sol;Etain et composés (exprimés en tant que Sn);2.03;kg/an
0010000765;SYNTHRON;2005;Eau (direct);Epichlorhydrine (1-chloro-2,3-époxypropane);23;kg/an
0010000765;SYNTHRON;2005;Eau (direct);Méthanol (alcool méthylique);22;kg/an
0010001674;SANOFI WINTHROP INDUSTRIE;2005;Air;Composés organiques volatils non méthaniques (COVNM);78000;kg/an
0010001696;THALES LAS France SAS;2005;Air;Acide fluorhydrique (flurorure d'hydrogène);10.6;kg/an
0010001696;THALES LAS France SAS;2005;Eau (direct);Fluor et ses composés (F);2.01;kg/an
0010000796;EPTA RACK;2005;Air;Composés organiques volatils non méthaniques (COVNM);66000;kg/an
0010001721;ORGAPHARM Etablissement secondaire;2005;Air;1,2-dichloroéthane (DCE - chlorure d'éthylène);17100;kg/an
0010001721;ORGAPHARM Etablissement secondaire;2005;Air;Composés organiques volatils non méthaniques (COVNM);162000;kg/an
0010000796;EPTA RACK;2005;Air;Dichlorométhane (DCM, chlorure de méthylène);8570;kg/an
0010001721;ORGAPHARM Etablissement secondaire;2005;Air;Méthanol (alcool méthylique);4670;kg/an
0010001721;ORGAPHARM Etablissement secondaire;2005;Eau (direct);Méthanol (alcool méthylique);300;kg/an
0010000796;EPTA RACK;2005;Air;Trichloréthylène;57400;kg/an
0010000802;ANTARTIC;2005;Eau (direct);Carbone organique total (en tant que C total ou DCO/3);92900;kg/an
0010001733;MARS PF FRANCE;2005;Air;Hydroflurocarbures (HFC);443;kg/an
0010001733;MARS PF FRANCE;2005;Eau (indirect);Carbone organique total (en tant que C total ou DCO/3);225000;kg/an
0010000802;ANTARTIC;2005;Eau (direct);Demande biologique en oxygène (DBO5);241000;kg/an
0010001733;MARS PF FRANCE;2005;Eau (indirect);Demande biologique en oxygène (DBO5);240000;kg/an
0010001733;MARS PF FRANCE;2005;Eau (indirect);Demande chimique en oxygène (DCO);675000;kg/an
0010000802;ANTARTIC;2005;Eau (direct);Demande chimique en oxygène (DCO);279000;kg/an
0010001733;MARS PF FRANCE;2005;Eau (indirect);Phosphore total;5440;kg/an
0010000889;BRABANT CHIMIE;2005;Air;Méthanol (alcool méthylique);56;kg/an
0010000896;BRENNTAG;2005;Air;Dichlorométhane (DCM, chlorure de méthylène);1490;kg/an
0010001744;DURALEX INTERNATIONAL;2005;Air;Oxydes d'azote (NOx/NO2);114000;kg/an
0010001758;TRIGANO JARDIN;2005;Eau (direct);Cadmium et composés (exprimés en tant que Cd);47;kg/an
0010000942;BRANDT France;2005;Air;Protoxyde d'azote (N2O);144000;kg/an
0010001758;TRIGANO JARDIN;2005;Eau (direct);Carbone organique total (en tant que C total ou DCO/3);169000;kg/an
0010001758;TRIGANO JARDIN;2005;Eau (direct);Chrome et composés (exprimés en tant que Cr);265;kg/an
0010000947;FAURECIA Sièges d'Automobile;2005;Air;Composés organiques volatils non méthaniques (COVNM);70000;kg/an
0010001758;TRIGANO JARDIN;2005;Eau (direct);Chrome hexavalent et composés (exprimés en tant que Cr VI);61;kg/an
0010001758;TRIGANO JARDIN;2005;Eau (direct);Cuivre et composés (exprimés en tant que Cu);246;kg/an
0010001758;TRIGANO JARDIN;2005;Eau (direct);Demande chimique en oxygène (DCO);507000;kg/an
0010000968;DSS Paper Coullons;2005;Sol;Carbone organique total (en tant que C total ou DCO/3);77400;kg/an
0010001758;TRIGANO JARDIN;2005;Eau (direct);Fluorures (en tant que F total);15100;kg/an
0010001758;TRIGANO JARDIN;2005;Eau (direct);Nickel et composés (exprimés en tant que Ni);225;kg/an
0010001758;TRIGANO JARDIN;2005;Eau (direct);Phosphore total;70200;kg/an
0010001758;TRIGANO JARDIN;2005;Eau (direct);Plomb et composés (exprimés en tant que Pb);233;kg/an
0010001758;TRIGANO JARDIN;2005;Eau (direct);Zinc et composés (exprimés en tant que Zn);280;kg/an
0010001758;TRIGANO JARDIN;2005;Eau (direct);Fluor et ses composés (F);9.93;kg/an
0010001770;STORENGY;2005;Air;Composés organiques volatils non méthaniques (COVNM);81500;kg/an
0010001770;STORENGY;2005;Air;Méthane (CH4);596000;kg/an
0010001770;STORENGY;2005;Air;Méthanol (alcool méthylique);700;kg/an
0010001771;STORENGY;2005;Air;Méthane (CH4);211000;kg/an
0010001771;STORENGY;2005;Air;Oxydes d'azote (NOx/NO2);301000;kg/an
0010001771;STORENGY;2005;Air;Méthanol (alcool méthylique);0.4;kg/an
0010001774;IMPRIMERIE BLOIS;2005;Air;Composés organiques volatils non méthaniques (COVNM);74100;kg/an
0010001779;DELPHI  FRANCE;2005;Air;Dichlorométhane (DCM, chlorure de méthylène);34500;kg/an
0010001788;FAURECIA AUTOMOTIVE COMPOSITES;2005;Eau (direct);Mercure et composés (exprimés en tant que Hg);32;kg/an
0010001790;IDI COMPOSITES INTERNATIONAL EUROPE;2005;Air;Composés organiques volatils non méthaniques (COVNM);134000;kg/an
0010001790;IDI COMPOSITES INTERNATIONAL EUROPE;2005;Air;Dichlorométhane (DCM, chlorure de méthylène);1900;kg/an
0010001799;SIEOM de Mer - Vernou-en-Sologne;2005;Air;Acide fluorhydrique (flurorure d'hydrogène);20;kg/an
0010001799;SIEOM de Mer - Vernou-en-Sologne;2005;Air;Chlore;366;kg/an
0010001805;VALEO VISION;2005;Air;Composés organiques volatils non méthaniques (COVNM);51100;kg/an
0010001805;VALEO VISION;2005;Air;Dichlorométhane (DCM, chlorure de méthylène);8640;kg/an
0010001813;HB FULLER ADHESIVES;2005;Air;Dichlorométhane (DCM, chlorure de méthylène);11800;kg/an
0010001868;SOTOMOB;2005;Air;Composés organiques volatils non méthaniques (COVNM);49300;kg/an
0010002151;SODEC;2005;Air;Méthane (CH4);217000;kg/an
0010002231;SOCIETE JACOBI CARBONS FRANCE;2005;Air;Ammoniac (NH3);13500;kg/an
0010002231;SOCIETE JACOBI CARBONS FRANCE;2005;Air;Dioxyde de carbone (CO2) d'origine biomasse;14800000;kg/an
0010002254;CRISTAL UNION Etablissement de CORBEILLES;2005;Air;Oxydes de soufre (SOx/SO2);236000;kg/an
0010002254;CRISTAL UNION Etablissement de CORBEILLES;2005;Air;Oxydes d'azote (NOx/NO2);134000;kg/an
0010002254;CRISTAL UNION Etablissement de CORBEILLES;2005;Sol;Carbone organique total (en tant que C total ou DCO/3);112000;kg/an
0010002254;CRISTAL UNION Etablissement de CORBEILLES;2005;Sol;Demande biologique en oxygène (DBO5);174000;kg/an
0010002254;CRISTAL UNION Etablissement de CORBEILLES;2005;Sol;Demande chimique en oxygène (DCO);337000;kg/an
0010002254;CRISTAL UNION Etablissement de CORBEILLES;2005;Sol;Chlore;42600;kg/an
0010002273;PRODIA SAS;2005;Eau (indirect);Demande biologique en oxygène (DBO5);49800;kg/an
0010003779;MALTERIES FRANCO SUISSES;2005;Eau (indirect);Carbone organique total (en tant que C total ou DCO/3);304000;kg/an
0010003779;MALTERIES FRANCO SUISSES;2005;Eau (indirect);Demande biologique en oxygène (DBO5);478000;kg/an
0010003779;MALTERIES FRANCO SUISSES;2005;Eau (indirect);Demande chimique en oxygène (DCO);912000;kg/an
0010003779;MALTERIES FRANCO SUISSES;2005;Eau (indirect);Phosphore total;5610;kg/an
0010003836;Knauf Industries Est;2005;Air;Composés organiques volatils non méthaniques (COVNM);53100;kg/an
0010003855;SETRAD - ISDND Saint Laurent;2005;Air;Méthane (CH4);749000;kg/an
0010003878;CIMENTS CALCIA - SITE DE BEFFES;2005;Air;Benzène;1660;kg/an
0010003878;CIMENTS CALCIA - SITE DE BEFFES;2005;Air;Dioxyde de carbone (CO2) d'origine biomasse;17600000;kg/an
0010003878;CIMENTS CALCIA - SITE DE BEFFES;2005;Air;Oxydes de soufre (SOx/SO2);881000;kg/an
0010003878;CIMENTS CALCIA - SITE DE BEFFES;2005;Air;Oxydes d'azote (NOx/NO2);521000;kg/an
0010004012;SUEZ RV Centre Ouest - ISDND Sonzay;2005;Air;Dioxyde de carbone (CO2) d'origine biomasse;25700000;kg/an
0010004012;SUEZ RV Centre Ouest - ISDND Sonzay;2005;Air;Méthane (CH4);2280000;kg/an
0010004172;METALOR TECHNOLOGIES SAS;2005;Air;Dichlorométhane (DCM, chlorure de méthylène);9960;kg/an
0010004204;PROVA;2005;Air;Composés organiques volatils non méthaniques (COVNM);265000;kg/an
0010004219;PROCTER ET GAMBLE BLOIS;2005;Eau (indirect);Carbone organique total (en tant que C total ou DCO/3);52000;kg/an
0010004219;PROCTER ET GAMBLE BLOIS;2005;Eau (indirect);Demande biologique en oxygène (DBO5);61100;kg/an
0010004219;PROCTER ET GAMBLE BLOIS;2005;Eau (indirect);Demande chimique en oxygène (DCO);156000;kg/an
0010004219;PROCTER ET GAMBLE BLOIS;2005;Eau (indirect);Zinc et composés (exprimés en tant que Zn);140;kg/an
0010004249;HUTCHINSON;2005;Air;Composés organiques volatils non méthaniques (COVNM);215000;kg/an
0010004362;SUEZ RV CENTRE OUEST - ORVAL;2005;Air;Méthane (CH4);545000;kg/an
0010004585;SWISS KRONO;2005;Air;Composés organiques volatils non méthaniques (COVNM);397000;kg/an
0010004585;SWISS KRONO;2005;Air;Dioxyde de carbone (CO2) d'origine biomasse;106000000;kg/an
0010004585;SWISS KRONO;2005;Air;Oxydes d'azote (NOx/NO2);170000;kg/an
0010004799;DELPHARM Saint Remy;2005;Air;Dichlorométhane (DCM, chlorure de méthylène);9360;kg/an
0010004854;Société BRANCHER KINGSWOOD;2005;Air;Composés organiques volatils non méthaniques (COVNM);46900;kg/an
0010004980;GERGONNE INDUSTRIE;2005;Air;Composés organiques volatils non méthaniques (COVNM);72100;kg/an
0010005083;SKF FRANCE;2005;Air;Composés organiques volatils non méthaniques (COVNM);88200;kg/an
0010005151;SETRAD;2005;Air;Méthane (CH4);220000;kg/an
0010005199;GRTgaz Station de Roussines;2005;Air;Méthane (CH4);297000;kg/an
0010005199;GRTgaz Station de Roussines;2005;Air;Oxydes d'azote (NOx/NO2);173000;kg/an
0010005755;SUEZ RV Centre Ouest - Installation de stockage de Déchets non dangereux de CHEVILLY 1;2005;Air;Méthane (CH4);326000;kg/an
0010005759;SETRAD;2005;Air;Méthane (CH4);890000;kg/an
0010006073;PROLUDIC;2005;Air;Composés organiques volatils non méthaniques (COVNM);38500;kg/an
0010006170;SUEZ RV CENTRE OUEST - MONTEREAU;2005;Air;Méthane (CH4);259000;kg/an
0010006675;Asco Joucomatic;2005;Air;Tétrachloroéthylène (PER, tétrachloroéthylène);2140;kg/an
0010006675;Asco Joucomatic;2005;Sol;Tétrachloroéthylène (PER, tétrachloroéthylène);2140;kg/an
0010007111;SUEZ RV CENTRE OUEST - VILLEHERVIERS;2005;Air;Méthane (CH4);917000;kg/an
0010007112;SUEZ RV CENTRE OUEST - ORCHAISE;2005;Air;Méthane (CH4);317000;kg/an
0010007226;BRUN RELIURES;2005;Air;Composés organiques volatils non méthaniques (COVNM);37600;kg/an
0010100040;NATUREX SA;2005;Air;Composés organiques volatils non méthaniques (COVNM);190000;kg/an
0010100109;SNTS1;2005;Eau (direct);Chrome hexavalent et composés (exprimés en tant que Cr VI);50;kg/an
0010100109;SNTS1;2005;Eau (direct);Cyanures (sous forme de CN total);250;kg/an
0010100109;SNTS1;2005;Eau (direct);Nickel et composés (exprimés en tant que Ni);150;kg/an
0010100109;SNTS1;2005;Eau (direct);Zinc et composés (exprimés en tant que Zn);1100;kg/an
;SCEA de la Buissonnière;2005;Air;Ammoniac (NH3);21300;kg/an
;SCA Val du Puits;2005;Air;Ammoniac (NH3);31300;kg/an
;SCEA de Promontval;2005;Air;Ammoniac (NH3);19400;kg/an
0010300043;Compagnie de Cogénération de Champblain;2005;Air;Oxydes d'azote (NOx/NO2);124000;kg/an
0010300057;COVESTRO ELASTOMERS;2005;Air;Dichlorométhane (DCM, chlorure de méthylène);23600;kg/an
0010300057;COVESTRO ELASTOMERS;2005;Air;Trichloréthylène;6100;kg/an
0010300057;COVESTRO ELASTOMERS;2005;Air;4,4'-méthylène-bis(2-chloroaniline) (MOCA - MBOCA);0.19;kg/an
0010300065;NOVOCERAM SAS;2005;Air;Acide fluorhydrique (flurorure d'hydrogène);1210;kg/an
0010300103;COVED SUD EST;2005;Air;Méthane (CH4);2050000;kg/an
0010300110;REFRESCO Site de Margès;2005;Sol;Carbone organique total (en tant que C total ou DCO/3);273000;kg/an
0010300110;REFRESCO Site de Margès;2005;Sol;Demande biologique en oxygène (DBO5);402000;kg/an
0010300110;REFRESCO Site de Margès;2005;Sol;Demande chimique en oxygène (DCO);818000;kg/an
0010300115;ANDROS;2005;Eau (indirect);Carbone organique total (en tant que C total ou DCO/3);232000;kg/an
0010300115;ANDROS;2005;Eau (indirect);Demande biologique en oxygène (DBO5);277000;kg/an
0010300115;ANDROS;2005;Eau (indirect);Demande chimique en oxygène (DCO);696000;kg/an
;SA GALOR;2005;Air;Ammoniac (NH3);19000;kg/an
0010400032;SUEZ RR IWS CHEMICALS FRANCE;2005;Air;Oxydes d'azote (NOx/NO2);178000;kg/an
0010400032;SUEZ RR IWS CHEMICALS FRANCE;2005;Eau (direct);Arsenic et composés (exprimés en tant que As);25;kg/an
0010400032;SUEZ RR IWS CHEMICALS FRANCE;2005;Eau (direct);Composés organohalogénés (exprimés en tant que AOX);1710;kg/an
0010400032;SUEZ RR IWS CHEMICALS FRANCE;2005;Eau (direct);Fluorures (en tant que F total);2410;kg/an
0010400032;SUEZ RR IWS CHEMICALS FRANCE;2005;Eau (direct);Phénols (en tant que C total);49;kg/an
0010400032;SUEZ RR IWS CHEMICALS FRANCE;2005;Eau (direct);Sulfates;4220000;kg/an
0010400048;DANONE;2005;Air;Hydroflurocarbures (HFC);150;kg/an
0010400048;DANONE;2005;Eau (direct);Azote total;120000;kg/an
0010400048;DANONE;2005;Eau (direct);Carbone organique total (en tant que C total ou DCO/3);728000;kg/an
0010400048;DANONE;2005;Eau (direct);Demande biologique en oxygène (DBO5);1100000;kg/an
0010400048;DANONE;2005;Eau (direct);Demande chimique en oxygène (DCO);2180000;kg/an
0010400048;DANONE;2005;Eau (direct);Matières en suspension (MES);489000;kg/an
0010400048;DANONE;2005;Eau (direct);Phosphore total;11700;kg/an
0010400049;MARTINET;2005;Eau (direct);Carbone organique total (en tant que C total ou DCO/3);155000;kg/an
0010400049;MARTINET;2005;Eau (direct);Demande biologique en oxygène (DBO5);134000;kg/an
0010400049;MARTINET;2005;Eau (direct);Demande chimique en oxygène (DCO);177000;kg/an
0010400059;BALTHAZARD ET COTTE- CARRIERES ET CHAUX;2005;Air;Dioxyde de carbone (CO2) d'origine biomasse;11600000;kg/an
0010400074;GIE SPIRAL;2005;Eau (direct);Aluminium et composés (exprimés en tant que Al);32500;kg/an
0010400074;GIE SPIRAL;2005;Eau (direct);Azote total;91600;kg/an
0010400074;GIE SPIRAL;2005;Eau (direct);Benzène, toluène, éthylbenzène, xylènes (BTEX);5550;kg/an
0010400074;GIE SPIRAL;2005;Eau (direct);Carbone organique total (en tant que C total ou DCO/3);306000;kg/an
0010400074;GIE SPIRAL;2005;Eau (direct);Chloroforme (trichlorométhane);840;kg/an
0010400074;GIE SPIRAL;2005;Eau (direct);Chlorures (en tant que Cl total);41300000;kg/an
0010400074;GIE SPIRAL;2005;Eau (direct);Composés organohalogénés (exprimés en tant que AOX);35000;kg/an
0010400074;GIE SPIRAL;2005;Eau (direct);Fer et composés (exprimés en tant que Fe);15500;kg/an
0010400074;GIE SPIRAL;2005;Eau (direct);1,2,3,4,5,6-hexachlorocyclohexane (HCH);48;kg/an
0010400074;GIE SPIRAL;2005;Eau (direct);Hydrocarbures;10200;kg/an
0010400074;GIE SPIRAL;2005;Eau (direct);Matières en suspension (MES);3340000;kg/an
0010400074;GIE SPIRAL;2005;Eau (direct);Phosphore total;23000;kg/an
0010400074;GIE SPIRAL;2005;Eau (direct);Sulfates;10800000;kg/an
0010400074;GIE SPIRAL;2005;Eau (direct);Trichlorobenzènes (TCB) (tous les isomères);1280;kg/an
0010400074;GIE SPIRAL;2005;Eau (direct);Tétrachloroéthylène (PER, tétrachloroéthylène);37;kg/an
0010400094;SOITEC;2005;Air;Chlore;332;kg/an
0010400094;SOITEC;2005;Air;Fluor et ses composés (F);39;kg/an
0010400094;SOITEC;2005;Eau (direct);Ammoniac (NH3);10900;kg/an
0010400094;SOITEC;2005;Eau (direct);Fluor et ses composés (F);1150;kg/an
0010400104;NOVAPEX;2005;Air;Composés organiques volatils non méthaniques (COVNM);259000;kg/an
0010400104;NOVAPEX;2005;Eau (direct);Benzène;73;kg/an
0010400104;NOVAPEX;2005;Eau (direct);Phénols (en tant que C total);2080;kg/an
0010400105;EVONIK AEROSIL FRANCE;2005;Air;Chlore;7;kg/an
0007000958;ARCELORMITTAL ATLANTIQUE et LORRAINE;2005;Air;Dioxyde de carbone (CO2) total (d'origine biomasse et non biomasse);14100000;kg/an
0007000962;IMERYS ALUMINATES - Usine de Dunkerque;2005;Air;Dioxyde de carbone (CO2) total (d'origine biomasse et non biomasse);159000000;kg/an
0007000976;CALAIS ENERGIE;2005;Air;Dioxyde de carbone (CO2) total (d'origine biomasse et non biomasse);30000000;kg/an
0007000999;UIOM d' Henin Beaumont;2005;Air;Dioxyde de carbone (CO2) total (d'origine biomasse et non biomasse);41200000;kg/an
0007001004;INOVA OPERATIONS SAS;2005;Air;Dioxyde de carbone (CO2) total (d'origine biomasse et non biomasse);88500000;kg/an
0007001005;DALKIA;2005;Air;Dioxyde de carbone (CO2) total (d'origine biomasse et non biomasse);19200000;kg/an
0007001008;Chaufferie de Longchamp;2005;Air;Dioxyde de carbone (CO2) total (d'origine biomasse et non biomasse);10500000;kg/an
0007001019;Chaufferie de Lille-Hellemmes;2005;Air;Dioxyde de carbone (CO2) total (d'origine biomasse et non biomasse);11000000;kg/an
0007001030;SICAL;2005;Air;Dioxyde de carbone (CO2) total (d'origine biomasse et non biomasse);38400000;kg/an
0007001045;CARGILL HAUBOURDIN SAS;2005;Air;Dioxyde de carbone (CO2) total (d'origine biomasse et non biomasse);57000000;kg/an
0007001046;LESIEUR;2005;Air;Dioxyde de carbone (CO2) total (d'origine biomasse et non biomasse);13800000;kg/an
0007001051;TEREOS (ex SICA PULPES DE BOIRY);2005;Air;Dioxyde de carbone (CO2) total (d'origine biomasse et non biomasse);37300000;kg/an
0007001053;CIDEME;2005;Air;Dioxyde de carbone (CO2) total (d'origine biomasse et non biomasse);85900000;kg/an
0007001055;SEVELNORD;2005;Air;Dioxyde de carbone (CO2) total (d'origine biomasse et non biomasse);43600000;kg/an
0007001152;DESVRES Usine de Longfossé;2005;Air;Dioxyde de carbone (CO2) total (d'origine biomasse et non biomasse);10300000;kg/an
0007001157;NESTLE PURINA PETCARE;2005;Air;Dioxyde de carbone (CO2) total (d'origine biomasse et non biomasse);23800000;kg/an
0007001158;Papeterie de Maresquel;2005;Air;Dioxyde de carbone (CO2) total (d'origine biomasse et non biomasse);24900000;kg/an
0007001170;DALKIA (Chaufferie du CHR) COGE SANTE;2005;Air;Dioxyde de carbone (CO2) total (d'origine biomasse et non biomasse);33200000;kg/an
0007001176;LESAFFRE (Société Industrielle);2005;Air;Dioxyde de carbone (CO2) total (d'origine biomasse et non biomasse);52100000;kg/an
0007001214;RESONOR;2005;Air;Dioxyde de carbone (CO2) total (d'origine biomasse et non biomasse);107000000;kg/an
0007001236;ARC BLARINGHEM;2005;Air;Dioxyde de carbone (CO2) total (d'origine biomasse et non biomasse);12100000;kg/an
0007001279;ENGIE Thermique France - Centrale DK6;2005;Air;Dioxyde de carbone (CO2) total (d'origine biomasse et non biomasse);949000000;kg/an
0007001304;WIZPAPER SAS;2005;Air;Dioxyde de carbone (CO2) total (d'origine biomasse et non biomasse);61000000;kg/an
0007001335;O-I FRANCE SAS usine de WINGLES;2005;Air;Dioxyde de carbone (CO2) total (d'origine biomasse et non biomasse);47400000;kg/an
0007001409;CANELIA;2005;Air;Dioxyde de carbone (CO2) total (d'origine biomasse et non biomasse);14000000;kg/an
0007001494;COGESTAR;2005;Air;Dioxyde de carbone (CO2) total (d'origine biomasse et non biomasse);18700000;kg/an
0007001495;ARTOIS ENERGIE;2005;Air;Dioxyde de carbone (CO2) total (d'origine biomasse et non biomasse);39100000;kg/an
0007001579;VALNOR;2005;Air;Dioxyde de carbone (CO2) total (d'origine biomasse et non biomasse);16200000;kg/an
0007001630;DESVRES Maubeuge;2005;Air;Dioxyde de carbone (CO2) total (d'origine biomasse et non biomasse);25900000;kg/an
0007001696;ENERSOL;2005;Air;Dioxyde de carbone (CO2) total (d'origine biomasse et non biomasse);150000000;kg/an
0007001779;GRTgaz - Station de Taisnières;2005;Air;Dioxyde de carbone (CO2) total (d'origine biomasse et non biomasse);134000000;kg/an
0007001833;TATA STEEL MAUBEUGE SAS;2005;Air;Dioxyde de carbone (CO2) total (d'origine biomasse et non biomasse);45700000;kg/an
0007002235;CIDEME;2005;Air;Dioxyde de carbone (CO2) total (d'origine biomasse et non biomasse);72900000;kg/an
0007002309;GRTgaz - Station de Pitgam;2005;Air;Dioxyde de carbone (CO2) total (d'origine biomasse et non biomasse);81600000;kg/an
0007002377;THYSSEN KRUPP ELECTRICAL STEEL UGO;2005;Air;Dioxyde de carbone (CO2) total (d'origine biomasse et non biomasse);22100000;kg/an
0010000968;DSS Paper Coullons;2005;Sol;Demande biologique en oxygène (DBO5);73800;kg/an
0010000968;DSS Paper Coullons;2005;Sol;Demande chimique en oxygène (DCO);232000;kg/an
0010000973;CHRYSO SAS;2005;Air;Aldéhyde formique (formaldéhyde);2280;kg/an
0010000973;CHRYSO SAS;2005;Air;Chlore;260;kg/an
0010000974;ARCEVAL (CIDEME);2005;Air;Dioxines et furanes (PCDD + PCDF) (exprimés en iTeq);0.00657;kg/an
0010000974;ARCEVAL (CIDEME);2005;Air;Dioxyde de carbone (CO2) d'origine biomasse;23200000;kg/an
0010001019;S.I.D.E.S.U.P;2005;Air;Composés organiques volatils non méthaniques (COVNM);103000;kg/an
0010001035;COMPTOIR DE PRODUITS CHIMIQUES ET D'ENTRETIEN;2005;Air;Composés organiques volatils non méthaniques (COVNM);69200;kg/an
0010001078;Joffrey Carré;2005;Air;Dichlorométhane (DCM, chlorure de méthylène);4800;kg/an
0010001092;ECO-LOGISTIQUE Réemploi;2005;Air;Dichlorométhane (DCM, chlorure de méthylène);6660;kg/an
0010001092;ECO-LOGISTIQUE Réemploi;2005;Air;Tétrachloroéthylène (PER, tétrachloroéthylène);3600;kg/an
0010001092;ECO-LOGISTIQUE Réemploi;2005;Air;Méthanol (alcool méthylique);165;kg/an
0010001092;ECO-LOGISTIQUE Réemploi;2005;Air;Phénols (en tant que C total);525;kg/an
0010001104;EMA PHARMACEUTICALS;2005;Air;Tétrachloroéthylène (PER, tétrachloroéthylène);4020;kg/an
0010001132;FEDERAL MOGUL OPERATIONS FRANCE;2005;Air;Dichlorométhane (DCM, chlorure de méthylène);4100;kg/an
0010001132;FEDERAL MOGUL OPERATIONS FRANCE;2005;Eau (direct);Nickel et composés (exprimés en tant que Ni);20.9;kg/an
0010001145;ESSITY OPERATIONS FRANCE;2005;Air;Oxydes de soufre (SOx/SO2);165000;kg/an
0010001145;ESSITY OPERATIONS FRANCE;2005;Eau (direct);Carbone organique total (en tant que C total ou DCO/3);83200;kg/an
0010001145;ESSITY OPERATIONS FRANCE;2005;Eau (direct);Composés organohalogénés (exprimés en tant que AOX);1890;kg/an
0010001145;ESSITY OPERATIONS FRANCE;2005;Eau (direct);Demande biologique en oxygène (DBO5);48000;kg/an
0010001145;ESSITY OPERATIONS FRANCE;2005;Eau (direct);Demande chimique en oxygène (DCO);250000;kg/an
0010001214;HONDA FRANCE MANUFACTURING SAS;2005;Air;Benzène;3020;kg/an
0010001220;HYPRED;2005;Air;Dichlorométhane (DCM, chlorure de méthylène);2810;kg/an
0007002398;LIBERTY ASCOVAL;2005;Air;Dioxyde de carbone (CO2) total (d'origine biomasse et non biomasse);78000000;kg/an
0010001220;HYPRED;2005;Air;Méthanol (alcool méthylique);50;kg/an
0010001229;ISOSSOL;2005;Air;Composés organiques volatils non méthaniques (COVNM);145000;kg/an
0007002401;COVALYS ex-VALNOR (CVE ANTARES);2005;Air;Dioxyde de carbone (CO2) total (d'origine biomasse et non biomasse);261000000;kg/an
0010001230;PMC ISOCHEM;2005;Air;Chloroforme (trichlorométhane);1650;kg/an
0007002425;Stoelzle de Masnières Parfumeries;2005;Air;Dioxyde de carbone (CO2) total (d'origine biomasse et non biomasse);55200000;kg/an
0010001230;PMC ISOCHEM;2005;Air;Composés organiques volatils non méthaniques (COVNM);42200;kg/an
0007002546;ROQUETTE Frères;2005;Air;Dioxyde de carbone (CO2) total (d'origine biomasse et non biomasse);636000000;kg/an
0010001230;PMC ISOCHEM;2005;Air;Dichlorométhane (DCM, chlorure de méthylène);21900;kg/an
0010001230;PMC ISOCHEM;2005;Air;Monoxyde de carbone (CO);1700000;kg/an
0007002576;WIENERBERGER SAS;2005;Air;Dioxyde de carbone (CO2) total (d'origine biomasse et non biomasse);23300000;kg/an
0010001240;JOHN DEERE;2005;Air;Composés organiques volatils non méthaniques (COVNM);52400;kg/an
0007002731;TOYOTA M.M.F.;2005;Air;Dioxyde de carbone (CO2) total (d'origine biomasse et non biomasse);21600000;kg/an
0010001299;ORGAPHARM;2005;Air;Composés organiques volatils non méthaniques (COVNM);55000;kg/an
0010001299;ORGAPHARM;2005;Air;Dichlorométhane (DCM, chlorure de méthylène);1670;kg/an
0005100008;Smurfit Kappa PRF;2005;Air;Dioxyde de carbone (CO2) total (d'origine biomasse et non biomasse);21600000;kg/an
0005100009;SUEZ RV NORD EST;2005;Air;Dioxyde de carbone (CO2) total (d'origine biomasse et non biomasse);22800000;kg/an
0010001299;ORGAPHARM;2005;Air;1,4-dioxane;263;kg/an
0010001299;ORGAPHARM;2005;Air;Méthanol (alcool méthylique);2520;kg/an
0010001306;LOIRET AFFINAGE;2005;Air;Fluor et composés inorganiques (en tant que HF);15100;kg/an
0005100058;NLMK COATING S.A.;2005;Air;Dioxyde de carbone (CO2) total (d'origine biomasse et non biomasse);13900000;kg/an
0010001321;SEMOFLEX VAL DE LOIRE/la maison pilote;2005;Air;Composés organiques volatils non méthaniques (COVNM);390000;kg/an
0005100097;NESTLE France SAS;2005;Air;Dioxyde de carbone (CO2) total (d'origine biomasse et non biomasse);26500000;kg/an
0010001378;ORRION CHEMICALS ORGAFORM;2005;Air;Composés organiques volatils non méthaniques (COVNM);67300;kg/an
0005100114;TEREOS FRANCE (BUCY);2005;Air;Dioxyde de carbone (CO2) total (d'origine biomasse et non biomasse);138000000;kg/an
0005100143;WEPA GREENFIELD SAS;2005;Air;Dioxyde de carbone (CO2) total (d'origine biomasse et non biomasse);24500000;kg/an
0010001378;ORRION CHEMICALS ORGAFORM;2005;Air;Dichlorométhane (DCM, chlorure de méthylène);7220;kg/an
0005100185;ARKEMA Usine de Chauny;2005;Air;Dioxyde de carbone (CO2) total (d'origine biomasse et non biomasse);45700000;kg/an
0010001378;ORRION CHEMICALS ORGAFORM;2005;Air;1,4-dioxane;350;kg/an
0005100190;DSP France SAS  (ex DOW FRANCE);2005;Air;Dioxyde de carbone (CO2) total (d'origine biomasse et non biomasse);14200000;kg/an
0005100220;SAINT LOUIS SUCRE ÉTABLISSEMENT NORD EST;2005;Air;Dioxyde de carbone (CO2) total (d'origine biomasse et non biomasse);135000000;kg/an
0010001378;ORRION CHEMICALS ORGAFORM;2005;Air;Méthanol (alcool méthylique);15;kg/an
0005100257;VERALLIA FRANCE (ex St Gobain Emballage);2005;Air;Dioxyde de carbone (CO2) total (d'origine biomasse et non biomasse);126000000;kg/an
0005100293;EVERBAL PAPETERIE;2005;Air;Dioxyde de carbone (CO2) total (d'origine biomasse et non biomasse);21300000;kg/an
0005100348;TERGAL INDUSTRIES;2005;Air;Dioxyde de carbone (CO2) total (d'origine biomasse et non biomasse);29400000;kg/an
0005101729;TEREOS SUCRERIE D'ABBEVILLE;2005;Air;Dioxyde de carbone (CO2) total (d'origine biomasse et non biomasse);50900000;kg/an
0005100395;CEREAL PARTNERS FRANCE;2005;Air;Dioxyde de carbone (CO2) total (d'origine biomasse et non biomasse);16600000;kg/an
0005100464;Etablissement de VIC;2005;Air;Dioxyde de carbone (CO2) total (d'origine biomasse et non biomasse);71700000;kg/an
0005100466;INTERSNACK FRANCE ex-VICO SA;2005;Air;Dioxyde de carbone (CO2) total (d'origine biomasse et non biomasse);17700000;kg/an
0005100467;GAVEL;2005;Air;Dioxyde de carbone (CO2) total (d'origine biomasse et non biomasse);24300000;kg/an
0005101812;ETOUVIE ENERGIES ET ENVIRONNEMENT;2005;Air;Dioxyde de carbone (CO2) total (d'origine biomasse et non biomasse);18300000;kg/an
0005101887;AJINOMOTO ANIMAL NUTRITION EUROPE;2005;Air;Dioxyde de carbone (CO2) total (d'origine biomasse et non biomasse);34500000;kg/an
0005100494;NOVABION;2005;Air;Dioxyde de carbone (CO2) total (d'origine biomasse et non biomasse);31600000;kg/an
0005100507;ENGIE COFELY;2005;Air;Dioxyde de carbone (CO2) total (d'origine biomasse et non biomasse);19800000;kg/an
0005100521;TEREOS FRANCE;2005;Air;Dioxyde de carbone (CO2) total (d'origine biomasse et non biomasse);182000000;kg/an
0005101900;AMIENS ENERGIES;2005;Air;Dioxyde de carbone (CO2) total (d'origine biomasse et non biomasse);18000000;kg/an
0005100536;WILLIAM SAURIN PRODUCTION;2005;Air;Dioxyde de carbone (CO2) total (d'origine biomasse et non biomasse);15100000;kg/an
0005100557;AHLSTROM CHANTRAINE;2005;Air;Dioxyde de carbone (CO2) total (d'origine biomasse et non biomasse);16300000;kg/an
0005101901;GOODYEAR DUNLOP TIRES Amiens SUD;2005;Air;Dioxyde de carbone (CO2) total (d'origine biomasse et non biomasse);14400000;kg/an
0005101904;PROCTER et  GAMBLE AMIENS;2005;Air;Dioxyde de carbone (CO2) total (d'origine biomasse et non biomasse);12100000;kg/an
0005100692;COFELY ex DALKIA;2005;Air;Dioxyde de carbone (CO2) total (d'origine biomasse et non biomasse);14300000;kg/an
0005101927;USINE AMIENS NORD (GOODYEAR);2005;Air;Dioxyde de carbone (CO2) total (d'origine biomasse et non biomasse);54500000;kg/an
0005101952;NESTLE production PURINA PETCARE;2005;Air;Dioxyde de carbone (CO2) total (d'origine biomasse et non biomasse);11100000;kg/an
0005100756;ATEMAX FRANCE;2005;Air;Dioxyde de carbone (CO2) total (d'origine biomasse et non biomasse);27000000;kg/an
0005100757;SAICA PAPER  FRANCE (ROCHETTE VENIZEL);2005;Air;Dioxyde de carbone (CO2) total (d'origine biomasse et non biomasse);100000000;kg/an
0005102078;DS SMITH PACKAGING EX OTOR PICARDIE;2005;Air;Dioxyde de carbone (CO2) total (d'origine biomasse et non biomasse);26300000;kg/an
0005100850;ETEX France Building Performance;2005;Air;Dioxyde de carbone (CO2) total (d'origine biomasse et non biomasse);48300000;kg/an
0005102147;SICA PULPE HAUTE PICARDIE;2005;Air;Dioxyde de carbone (CO2) total (d'origine biomasse et non biomasse);32400000;kg/an
0005100864;VALNOR;2005;Air;Dioxyde de carbone (CO2) total (d'origine biomasse et non biomasse);11700000;kg/an
0005102153;SAINT LOUIS SUCRE;2005;Air;Dioxyde de carbone (CO2) total (d'origine biomasse et non biomasse);179000000;kg/an
0005102374;BONDUELLE EUROPE LONG LIFE;2005;Air;Dioxyde de carbone (CO2) total (d'origine biomasse et non biomasse);24900000;kg/an
0005100918;SPONTEX;2005;Air;Dioxyde de carbone (CO2) total (d'origine biomasse et non biomasse);34900000;kg/an
0005101027;TEREOS FRANCE (Ex SICA PULPOSEC);2005;Air;Dioxyde de carbone (CO2) total (d'origine biomasse et non biomasse);24400000;kg/an
0005102404;TEREOS  STARCH & SWEETENER EUROPE;2005;Air;Dioxyde de carbone (CO2) total (d'origine biomasse et non biomasse);354000000;kg/an
0005101029;TEREOS FRANCE;2005;Air;Dioxyde de carbone (CO2) total (d'origine biomasse et non biomasse);79800000;kg/an
0005102490;SITPA  Rosieres;2005;Air;Dioxyde de carbone (CO2) total (d'origine biomasse et non biomasse);26300000;kg/an
0005101041;CONTINENTAL France SNC;2005;Air;Dioxyde de carbone (CO2) total (d'origine biomasse et non biomasse);19100000;kg/an
0005102505;ROYE sucrerie et conditionnement;2005;Air;Dioxyde de carbone (CO2) total (d'origine biomasse et non biomasse);63400000;kg/an
0005101072;REGEAL;2005;Air;Dioxyde de carbone (CO2) total (d'origine biomasse et non biomasse);36100000;kg/an
0005102507;DESHYDRATATION DE PULPES SUCRERIE ROYE;2005;Air;Dioxyde de carbone (CO2) total (d'origine biomasse et non biomasse);22200000;kg/an
0005101075;COFELY;2005;Air;Dioxyde de carbone (CO2) total (d'origine biomasse et non biomasse);25500000;kg/an
0005101102;CREIL ENERGIE (ex DALKIA FRANCE);2005;Air;Dioxyde de carbone (CO2) total (d'origine biomasse et non biomasse);20000000;kg/an
0005102550;Sapsa Bedding;2005;Air;Dioxyde de carbone (CO2) total (d'origine biomasse et non biomasse);12700000;kg/an
0005101124;ISDND de Crépy en Valois;2005;Air;Dioxyde de carbone (CO2) total (d'origine biomasse et non biomasse);13200000;kg/an
0005102581;ROQUETTE  FRERES;2005;Air;Dioxyde de carbone (CO2) total (d'origine biomasse et non biomasse);51300000;kg/an
0005101138;CLARIANT PRODUCTION (France);2005;Air;Dioxyde de carbone (CO2) total (d'origine biomasse et non biomasse);35900000;kg/an
0005102598;Cristal Union, établissement de Sainte Emilie;2005;Air;Dioxyde de carbone (CO2) total (d'origine biomasse et non biomasse);87200000;kg/an
0005101176;SAVERGLASS (SAV ...);2005;Air;Dioxyde de carbone (CO2) total (d'origine biomasse et non biomasse);68000000;kg/an
0005103204;EDILIANS tuilerie de St Germer;2005;Air;Dioxyde de carbone (CO2) total (d'origine biomasse et non biomasse);37500000;kg/an
0005101211;STORENGY;2005;Air;Dioxyde de carbone (CO2) total (d'origine biomasse et non biomasse);25900000;kg/an
0005103728;SOCOPIC-Sté Cogénér.Picardie (ex.Dalkia);2005;Air;Dioxyde de carbone (CO2) total (d'origine biomasse et non biomasse);110000000;kg/an
0005101363;ARCELORMITTAL FRANCE;2005;Air;Dioxyde de carbone (CO2) total (d'origine biomasse et non biomasse);71000000;kg/an
0005101367;CSDU de MOULIN SOUS TOUVENT;2005;Air;Dioxyde de carbone (CO2) total (d'origine biomasse et non biomasse);12100000;kg/an
0005103811;ESIANE;2005;Air;Dioxyde de carbone (CO2) total (d'origine biomasse et non biomasse);135000000;kg/an
0005101410;NSO ENERGIES;2005;Air;Dioxyde de carbone (CO2) total (d'origine biomasse et non biomasse);17300000;kg/an
0005103871;COGELYO Alaincourt;2005;Air;Dioxyde de carbone (CO2) total (d'origine biomasse et non biomasse);29300000;kg/an
0005101505;HEXION Specialty chemicals - RIBECOURT;2005;Air;Dioxyde de carbone (CO2) total (d'origine biomasse et non biomasse);20100000;kg/an
0005101506;BOSTIK;2005;Air;Dioxyde de carbone (CO2) total (d'origine biomasse et non biomasse);13500000;kg/an
0005104683;FRONERI BEAUVAIS;2005;Air;Dioxyde de carbone (CO2) total (d'origine biomasse et non biomasse);10300000;kg/an
0005101565;ISDND SPAT SAINT MAXIMIN;2005;Air;Dioxyde de carbone (CO2) total (d'origine biomasse et non biomasse);20100000;kg/an
0005101610;SAINT GOBAIN GLASS;2005;Air;Dioxyde de carbone (CO2) total (d'origine biomasse et non biomasse);92000000;kg/an
0005105155;COGELYO PSM;2005;Air;Dioxyde de carbone (CO2) total (d'origine biomasse et non biomasse);89400000;kg/an
0005101637;OLEON (ex NOVANCE);2005;Air;Dioxyde de carbone (CO2) total (d'origine biomasse et non biomasse);15500000;kg/an
0005101657;SITA OISE - site de Villeneuve sur Verberie;2005;Air;Dioxyde de carbone (CO2) total (d'origine biomasse et non biomasse);17000000;kg/an
0005200016;EURENCO (ex-BERGERAC NC);2005;Air;Dioxyde de carbone (CO2) total (d'origine biomasse et non biomasse);47000000;kg/an
0005200086;CONDAT SAS;2005;Air;Dioxyde de carbone (CO2) total (d'origine biomasse et non biomasse);110000000;kg/an
0005101669;ARKEMA Usine de Villers saint Paul;2005;Air;Dioxyde de carbone (CO2) total (d'origine biomasse et non biomasse);30300000;kg/an
0005200110;CORENSO France SA;2005;Air;Dioxyde de carbone (CO2) total (d'origine biomasse et non biomasse);23800000;kg/an
0005200156;CHAUX DE ST ASTIER SAS;2005;Air;Dioxyde de carbone (CO2) total (d'origine biomasse et non biomasse);37900000;kg/an
0005200214;LHOIST France Centre et Sud-Ouest SAS;2005;Air;Dioxyde de carbone (CO2) total (d'origine biomasse et non biomasse);60400000;kg/an
0005200266;ORION ENGENEERED CARBONS SAS;2005;Air;Dioxyde de carbone (CO2) total (d'origine biomasse et non biomasse);150000000;kg/an
0005500107;COOPERL ARC ATLANTIQUE;2005;Air;Dioxyde de carbone (CO2) total (d'origine biomasse et non biomasse);11500000;kg/an
0005200351;SIMOREP & CIE- CS MICHELIN;2005;Air;Dioxyde de carbone (CO2) total (d'origine biomasse et non biomasse);232000000;kg/an
0005500165;ARMOR PROTEINES;2005;Air;Dioxyde de carbone (CO2) total (d'origine biomasse et non biomasse);13200000;kg/an
0005200352;SIAP PROCINER;2005;Air;Dioxyde de carbone (CO2) total (d'origine biomasse et non biomasse);15200000;kg/an
0005500338;SMITRED OUEST D'ARMOR (UIOM DE PLUZUNET);2005;Air;Dioxyde de carbone (CO2) total (d'origine biomasse et non biomasse);47500000;kg/an
0005200359;SAIPOL SA;2005;Air;Dioxyde de carbone (CO2) total (d'origine biomasse et non biomasse);14700000;kg/an
0005200378;VALBOM;2005;Air;Dioxyde de carbone (CO2) total (d'origine biomasse et non biomasse);189000000;kg/an
0005500400;SAINT-BRIEUC FONDERIE (ex MANOIR);2005;Air;Dioxyde de carbone (CO2) total (d'origine biomasse et non biomasse);16300000;kg/an
0005200391;PAPETERIES DE BEGLES (SAPB);2005;Air;Dioxyde de carbone (CO2) total (d'origine biomasse et non biomasse);32900000;kg/an
0005500440;IDEX ENVIRONNEMENT BRETAGNE( SARL);2005;Air;Dioxyde de carbone (CO2) total (d'origine biomasse et non biomasse);79500000;kg/an
0005200420;SMURFIT KAPPA CELLULOSE DU PIN;2005;Air;Dioxyde de carbone (CO2) total (d'origine biomasse et non biomasse);973000000;kg/an
0005200678;RIVE DROITE ENVIRONNEMENT SAS;2005;Air;Dioxyde de carbone (CO2) total (d'origine biomasse et non biomasse);106000000;kg/an
0005500521;EDF-CETAC (BRENNILIS);2005;Air;Dioxyde de carbone (CO2) total (d'origine biomasse et non biomasse);13400000;kg/an
0005500609;BUNGE France;2005;Air;Dioxyde de carbone (CO2) total (d'origine biomasse et non biomasse);25100000;kg/an
0005200859;SOVAL;2005;Air;Dioxyde de carbone (CO2) total (d'origine biomasse et non biomasse);22100000;kg/an
0005201068;CHU Hôpitaux de Bordeaux;2005;Air;Dioxyde de carbone (CO2) total (d'origine biomasse et non biomasse);10600000;kg/an
0005500610;SOTRAVAL-SPL;2005;Air;Dioxyde de carbone (CO2) total (d'origine biomasse et non biomasse);103000000;kg/an
0005201222;ETEX FRANCE BUILDING PERFORMANCE;2005;Air;Dioxyde de carbone (CO2) total (d'origine biomasse et non biomasse);25500000;kg/an
0005500616;SIDEPAQ;2005;Air;Dioxyde de carbone (CO2) total (d'origine biomasse et non biomasse);47700000;kg/an
0005500644;ENTREMONT;2005;Air;Dioxyde de carbone (CO2) total (d'origine biomasse et non biomasse);19600000;kg/an
0005201261;ARIANEGROUP;2005;Air;Dioxyde de carbone (CO2) total (d'origine biomasse et non biomasse);16800000;kg/an
0005500708;VALCOR VALORISATION CORNOUAILLE;2005;Air;Dioxyde de carbone (CO2) total (d'origine biomasse et non biomasse);21500000;kg/an
0005201375;O-I France SAS;2005;Air;Dioxyde de carbone (CO2) total (d'origine biomasse et non biomasse);109000000;kg/an
0005500721;E.D.F. TAC de DIRINON;2005;Air;Dioxyde de carbone (CO2) total (d'origine biomasse et non biomasse);24600000;kg/an
0005500798;TILLY-SABCO BRETAGNE;2005;Air;Dioxyde de carbone (CO2) total (d'origine biomasse et non biomasse);10200000;kg/an
0005201464;SITCOM côte sud des Landes;2005;Air;Dioxyde de carbone (CO2) total (d'origine biomasse et non biomasse);18700000;kg/an
0005501193;ENTREMONT ALLIANCE Quimper;2005;Air;Dioxyde de carbone (CO2) total (d'origine biomasse et non biomasse);16000000;kg/an
0005501218;PDM INDUSTRIES;2005;Air;Dioxyde de carbone (CO2) total (d'origine biomasse et non biomasse);51900000;kg/an
0005201623;NANKAI PLYWOOD ROLPIN (NP ROLPIN);2005;Air;Dioxyde de carbone (CO2) total (d'origine biomasse et non biomasse);23200000;kg/an
0005201648;DARBO SAS;2005;Air;Dioxyde de carbone (CO2) total (d'origine biomasse et non biomasse);54100000;kg/an
0005501387;PSA Automobile SA;2005;Air;Dioxyde de carbone (CO2) total (d'origine biomasse et non biomasse);67500000;kg/an
0005201691;GASCOGNE PAPIER;2005;Air;Dioxyde de carbone (CO2) total (d'origine biomasse et non biomasse);401000000;kg/an
0005201748;SÉBASTIEN LABARRIERE;2005;Air;Dioxyde de carbone (CO2) total (d'origine biomasse et non biomasse);61500000;kg/an
0005501399;SOCIETE DESHYOUEST;2005;Air;Dioxyde de carbone (CO2) total (d'origine biomasse et non biomasse);32300000;kg/an
0005201767;VERMILION REP S.A.S.;2005;Air;Dioxyde de carbone (CO2) total (d'origine biomasse et non biomasse);23000000;kg/an
0005501461;ENTREMONT;2005;Air;Dioxyde de carbone (CO2) total (d'origine biomasse et non biomasse);13200000;kg/an
0005501486;CARGILL;2005;Air;Dioxyde de carbone (CO2) total (d'origine biomasse et non biomasse);19600000;kg/an
0005201789;SIVOM des cantons du pays de Born;2005;Air;Dioxyde de carbone (CO2) total (d'origine biomasse et non biomasse);69400000;kg/an
0005201807;EGGER Panneaux & Décors;2005;Air;Dioxyde de carbone (CO2) total (d'origine biomasse et non biomasse);74500000;kg/an
0005501504;VALOREIZH;2005;Air;Dioxyde de carbone (CO2) total (d'origine biomasse et non biomasse);109000000;kg/an
0005201831;EDILIANS;2005;Air;Dioxyde de carbone (CO2) total (d'origine biomasse et non biomasse);40600000;kg/an
0005501505;ENERSUD - SOC RENNAISE DISTRI CHALEUR;2005;Air;Dioxyde de carbone (CO2) total (d'origine biomasse et non biomasse);69500000;kg/an
0005201996;TIMAC AGRO SA;2005;Air;Dioxyde de carbone (CO2) total (d'origine biomasse et non biomasse);11000000;kg/an
0005202000;RAYONIER A.M. TARTAS;2005;Air;Dioxyde de carbone (CO2) total (d'origine biomasse et non biomasse);363000000;kg/an
0005501512;ARMOR PROTEINES;2005;Air;Dioxyde de carbone (CO2) total (d'origine biomasse et non biomasse);20600000;kg/an
0005501533;TIMAC AGRO SA (QI);2005;Air;Dioxyde de carbone (CO2) total (d'origine biomasse et non biomasse);14400000;kg/an
0005202016;Usine DRT Vielle-Saint-Girons;2005;Air;Dioxyde de carbone (CO2) total (d'origine biomasse et non biomasse);71400000;kg/an
0005501573;SMICTOM Sud Est 35;2005;Air;Dioxyde de carbone (CO2) total (d'origine biomasse et non biomasse);18400000;kg/an
0005202243;SOGAD S.A.;2005;Air;Dioxyde de carbone (CO2) total (d'origine biomasse et non biomasse);24400000;kg/an
0005501710;SIFDDA Bretagne;2005;Air;Dioxyde de carbone (CO2) total (d'origine biomasse et non biomasse);22000000;kg/an
0005202270;BRUYERES & Fils;2005;Air;Dioxyde de carbone (CO2) total (d'origine biomasse et non biomasse);28700000;kg/an
0005501776;GUERBET;2005;Air;Dioxyde de carbone (CO2) total (d'origine biomasse et non biomasse);11700000;kg/an
0005202289;LHOIST FRANCE OUEST;2005;Air;Dioxyde de carbone (CO2) total (d'origine biomasse et non biomasse);100000000;kg/an
0005501863;SAS ENTREMONT;2005;Air;Dioxyde de carbone (CO2) total (d'origine biomasse et non biomasse);23200000;kg/an
0005501941;Com Com Auray Quiberon Terre Atlantique;2005;Air;Dioxyde de carbone (CO2) total (d'origine biomasse et non biomasse);23100000;kg/an
0005202379;Transport et Infrastructures Gaz France;2005;Air;Dioxyde de carbone (CO2) total (d'origine biomasse et non biomasse);30000000;kg/an
0005501977;SOCIETE LAITIERE DE PONTIVY;2005;Air;Dioxyde de carbone (CO2) total (d'origine biomasse et non biomasse);20900000;kg/an
0005202444;CIVD de Bacheforès;2005;Air;Dioxyde de carbone (CO2) total (d'origine biomasse et non biomasse);22100000;kg/an
0005202511;CELSA France SAS;2005;Air;Dioxyde de carbone (CO2) total (d'origine biomasse et non biomasse);57600000;kg/an
0005202609;TOTAL E&P France;2005;Air;Dioxyde de carbone (CO2) total (d'origine biomasse et non biomasse);682000000;kg/an
0005501981;SITTOM-MI;2005;Air;Dioxyde de carbone (CO2) total (d'origine biomasse et non biomasse);19200000;kg/an
0005202639;BEARN URBASER ENERGIE;2005;Air;Dioxyde de carbone (CO2) total (d'origine biomasse et non biomasse);68800000;kg/an
0005503394;COGELYO OUEST enceinte CITROEN;2005;Air;Dioxyde de carbone (CO2) total (d'origine biomasse et non biomasse);25500000;kg/an
0005202690;ARKEMA France;2005;Air;Dioxyde de carbone (CO2) total (d'origine biomasse et non biomasse);28400000;kg/an
0005202713;SOBEGI SAS;2005;Air;Dioxyde de carbone (CO2) total (d'origine biomasse et non biomasse);35000000;kg/an
0005503680;SAVE;2005;Air;Dioxyde de carbone (CO2) total (d'origine biomasse et non biomasse);14500000;kg/an
0005202749;PAPETERIE DES GAVES;2005;Air;Dioxyde de carbone (CO2) total (d'origine biomasse et non biomasse);21500000;kg/an
0005504122;En'RnoV;2005;Air;Dioxyde de carbone (CO2) total (d'origine biomasse et non biomasse);19000000;kg/an
0005202759;ACETEX CHIMIE;2005;Air;Dioxyde de carbone (CO2) total (d'origine biomasse et non biomasse);107000000;kg/an
0005600010;LUCANE;2005;Air;Dioxyde de carbone (CO2) total (d'origine biomasse et non biomasse);47100000;kg/an
0005202760;YARA France SAS;2005;Air;Dioxyde de carbone (CO2) total (d'origine biomasse et non biomasse);22700000;kg/an
0005600022;ADISSEO FRANCE S.A.S;2005;Air;Dioxyde de carbone (CO2) total (d'origine biomasse et non biomasse);112000000;kg/an
0005204771;RIVE DROITE ENERGIE;2005;Air;Dioxyde de carbone (CO2) total (d'origine biomasse et non biomasse);20500000;kg/an
0005205103;ARKEMA  France SA;2005;Air;Dioxyde de carbone (CO2) total (d'origine biomasse et non biomasse);14000000;kg/an
0005600023;ERASTEEL SAS;2005;Air;Dioxyde de carbone (CO2) total (d'origine biomasse et non biomasse);27800000;kg/an
0005600024;VICAT SA;2005;Air;Dioxyde de carbone (CO2) total (d'origine biomasse et non biomasse);307000000;kg/an
0005205111;SETHELEC SNC;2005;Air;Dioxyde de carbone (CO2) total (d'origine biomasse et non biomasse);26700000;kg/an
0005600041;PEUGEOT CITROEN AUTOMOBILES S.A.;2005;Air;Dioxyde de carbone (CO2) total (d'origine biomasse et non biomasse);41200000;kg/an
0005205205;Station de compression d'Auros;2005;Air;Dioxyde de carbone (CO2) total (d'origine biomasse et non biomasse);14200000;kg/an
0005600072;CHAUFFERIE DE FONTBOUILLANT;2005;Air;Dioxyde de carbone (CO2) total (d'origine biomasse et non biomasse);12400000;kg/an
0005205229;COGESTAR SNC;2005;Air;Dioxyde de carbone (CO2) total (d'origine biomasse et non biomasse);72500000;kg/an
0005205487;Usine POLYREY;2005;Air;Dioxyde de carbone (CO2) total (d'origine biomasse et non biomasse);34400000;kg/an
0005600074;Goodyear Montluçon;2005;Air;Dioxyde de carbone (CO2) total (d'origine biomasse et non biomasse);20400000;kg/an
0005600155;CHEMVIRON FRANCE;2005;Air;Dioxyde de carbone (CO2) total (d'origine biomasse et non biomasse);15900000;kg/an
0005600289;AUBERT & DUVAL ALLIAGES;2005;Air;Dioxyde de carbone (CO2) total (d'origine biomasse et non biomasse);45600000;kg/an
0005205559;STEICO Casteljaloux;2005;Air;Dioxyde de carbone (CO2) total (d'origine biomasse et non biomasse);142000000;kg/an
0005601438;IDEX Energies;2005;Air;Dioxyde de carbone (CO2) total (d'origine biomasse et non biomasse);11800000;kg/an
0005600328;MFP MICHELIN - Site de Cataroux;2005;Air;Dioxyde de carbone (CO2) total (d'origine biomasse et non biomasse);74700000;kg/an
0005205717;PERIGORD ENERGIES;2005;Air;Dioxyde de carbone (CO2) total (d'origine biomasse et non biomasse);176000000;kg/an
0005600332;MANUF FRANC PNEUMATIQ MICHELIN;2005;Air;Dioxyde de carbone (CO2) total (d'origine biomasse et non biomasse);20500000;kg/an
0005206306;BOUYER LEROUX;2005;Air;Dioxyde de carbone (CO2) total (d'origine biomasse et non biomasse);59000000;kg/an
0005207262;Olivier BERGEMAYOU;2005;Air;Dioxyde de carbone (CO2) total (d'origine biomasse et non biomasse);68800000;kg/an
0005600334;CRISTAL UNION;2005;Air;Dioxyde de carbone (CO2) total (d'origine biomasse et non biomasse);13200000;kg/an
0005300004;ATEMAX France - Usine de St Langis;2005;Air;Dioxyde de carbone (CO2) total (d'origine biomasse et non biomasse);46700000;kg/an
0005600372;CONSTELLIUM ISSOIRE;2005;Air;Dioxyde de carbone (CO2) total (d'origine biomasse et non biomasse);47300000;kg/an
0005300044;TERREAL SAS;2005;Air;Dioxyde de carbone (CO2) total (d'origine biomasse et non biomasse);17600000;kg/an
0005300235;Saint Louis Sucre Site de Cagny;2005;Air;Dioxyde de carbone (CO2) total (d'origine biomasse et non biomasse);46000000;kg/an
0005600419;ROCKWOOL FRANCE SAS;2005;Air;Dioxyde de carbone (CO2) total (d'origine biomasse et non biomasse);84500000;kg/an
0005300285;PSA AUTOMOBILES SA;2005;Air;Dioxyde de carbone (CO2) total (d'origine biomasse et non biomasse);14500000;kg/an
0005600463;SANOFI CHIMIE;2005;Air;Dioxyde de carbone (CO2) total (d'origine biomasse et non biomasse);21300000;kg/an
0005600465;EUROPAFI;2005;Air;Dioxyde de carbone (CO2) total (d'origine biomasse et non biomasse);12800000;kg/an
0005300463;CIMENTS CALCIA;2005;Air;Dioxyde de carbone (CO2) total (d'origine biomasse et non biomasse);349000000;kg/an
0005601318;LES FROMAGERIES OCCITANES;2005;Air;Dioxyde de carbone (CO2) total (d'origine biomasse et non biomasse);12900000;kg/an
0005301060;COOPERATIVE ISIGNY SAINTE MERE;2005;Air;Dioxyde de carbone (CO2) total (d'origine biomasse et non biomasse);18800000;kg/an
0005301512;ELVIR S.A.S.;2005;Air;Dioxyde de carbone (CO2) total (d'origine biomasse et non biomasse);15500000;kg/an
0005601340;EUROSERUM;2005;Air;Dioxyde de carbone (CO2) total (d'origine biomasse et non biomasse);10800000;kg/an
0005301789;MAITRES LAITIERS DU COTENTIN;2005;Air;Dioxyde de carbone (CO2) total (d'origine biomasse et non biomasse);11400000;kg/an
0005601391;SDC MOULINS;2005;Air;Dioxyde de carbone (CO2) total (d'origine biomasse et non biomasse);14200000;kg/an
0005601405;BONILAIT PROTEINES SA;2005;Air;Dioxyde de carbone (CO2) total (d'origine biomasse et non biomasse);12900000;kg/an
0005301827;CARGILL FRANCE SAS - site de Baupte;2005;Air;Dioxyde de carbone (CO2) total (d'origine biomasse et non biomasse);34900000;kg/an
0005301850;LIS France;2005;Air;Dioxyde de carbone (CO2) total (d'origine biomasse et non biomasse);16000000;kg/an
0005301912;Etablissement de LA HAGUE;2005;Air;Dioxyde de carbone (CO2) total (d'origine biomasse et non biomasse);93400000;kg/an
0005601635;VALTOM;2005;Air;Dioxyde de carbone (CO2) total (d'origine biomasse et non biomasse);11300000;kg/an
0005700724;MAC CAIN ALIMENTAIRE SAS;2005;Air;Dioxyde de carbone (CO2) total (d'origine biomasse et non biomasse);20900000;kg/an
0005302137;HME BRASS FRANCE SAS;2005;Air;Dioxyde de carbone (CO2) total (d'origine biomasse et non biomasse);10000000;kg/an
0005700795;EDILIANS;2005;Air;Dioxyde de carbone (CO2) total (d'origine biomasse et non biomasse);20600000;kg/an
0005302589;ESSITY OPERATIONS LE THEIL;2005;Air;Dioxyde de carbone (CO2) total (d'origine biomasse et non biomasse);20000000;kg/an
0005302603;PCAS SEQENS;2005;Air;Dioxyde de carbone (CO2) total (d'origine biomasse et non biomasse);15500000;kg/an
0005701122;CANELIA;2005;Air;Dioxyde de carbone (CO2) total (d'origine biomasse et non biomasse);16500000;kg/an
0005701128;PEUGEOT CITROEN MECANIQUE DE L'EST SNC;2005;Air;Dioxyde de carbone (CO2) total (d'origine biomasse et non biomasse);39800000;kg/an
0005302798;SOCIETE LAITIERE DU PAYS D'AUGE - SOLAIPA;2005;Air;Dioxyde de carbone (CO2) total (d'origine biomasse et non biomasse);22700000;kg/an
0005302852;CHU de Caen;2005;Air;Dioxyde de carbone (CO2) total (d'origine biomasse et non biomasse);12300000;kg/an
0005701143;ARCELORMITTAL FRANCE;2005;Air;Dioxyde de carbone (CO2) total (d'origine biomasse et non biomasse);11000000;kg/an
0005302859;PROVINCE ENERGIE;2005;Air;Dioxyde de carbone (CO2) total (d'origine biomasse et non biomasse);12500000;kg/an
0005701177;LUZEAL;2005;Air;Dioxyde de carbone (CO2) total (d'origine biomasse et non biomasse);143000000;kg/an
0005302882;SIRAC;2005;Air;Dioxyde de carbone (CO2) total (d'origine biomasse et non biomasse);94900000;kg/an
0005701178;SMURFIT KAPPA PAPIER RECYCLE FRANCE;2005;Air;Dioxyde de carbone (CO2) total (d'origine biomasse et non biomasse);17900000;kg/an
0005701253;SAINT-GOBAIN PAM;2005;Air;Dioxyde de carbone (CO2) total (d'origine biomasse et non biomasse);27400000;kg/an
0005401050;KRONOSPAN;2005;Air;Dioxyde de carbone (CO2) total (d'origine biomasse et non biomasse);32200000;kg/an
0005701271;ENGIE COFELY (chaufferie du Vert Bois);2005;Air;Dioxyde de carbone (CO2) total (d'origine biomasse et non biomasse);18000000;kg/an
0005401075;KRONOSPAN SAS;2005;Air;Dioxyde de carbone (CO2) total (d'origine biomasse et non biomasse);18700000;kg/an
0005701322;BONGRAIN GERARD (usine);2005;Air;Dioxyde de carbone (CO2) total (d'origine biomasse et non biomasse);12300000;kg/an
0005401101;UNIVERSITE DE BOURGOGNE;2005;Air;Dioxyde de carbone (CO2) total (d'origine biomasse et non biomasse);12600000;kg/an
0005701360;GRTgaz - Station de Voisines;2005;Air;Dioxyde de carbone (CO2) total (d'origine biomasse et non biomasse);64000000;kg/an
0005701428;Cristal - UnionEts de Bazancourt site de Betheniville;2005;Air;Dioxyde de carbone (CO2) total (d'origine biomasse et non biomasse);37600000;kg/an
0005401104;EUROSERUM;2005;Air;Dioxyde de carbone (CO2) total (d'origine biomasse et non biomasse);22700000;kg/an
0005701445;USINE DE LAVANNES;2005;Air;Dioxyde de carbone (CO2) total (d'origine biomasse et non biomasse);15300000;kg/an
0005401121;Chaufferie urbaine de Mâcon;2005;Air;Dioxyde de carbone (CO2) total (d'origine biomasse et non biomasse);37900000;kg/an
0005701448;SITA DECTRA - decharge Pargny;2005;Air;Dioxyde de carbone (CO2) total (d'origine biomasse et non biomasse);12000000;kg/an
0005401138;UVE Dijon métropole;2005;Air;Dioxyde de carbone (CO2) total (d'origine biomasse et non biomasse);80000000;kg/an
0005701451;LUZEAL;2005;Air;Dioxyde de carbone (CO2) total (d'origine biomasse et non biomasse);54800000;kg/an
0005701453;SCA DE DESHYDRATATION;2005;Air;Dioxyde de carbone (CO2) total (d'origine biomasse et non biomasse);26200000;kg/an
0005401144;APERAM STAINLESS FRANCE;2005;Air;Dioxyde de carbone (CO2) total (d'origine biomasse et non biomasse);56900000;kg/an
0005401147;Allia Digoin;2005;Air;Dioxyde de carbone (CO2) total (d'origine biomasse et non biomasse);10700000;kg/an
0005701463;REMIVAL;2005;Air;Dioxyde de carbone (CO2) total (d'origine biomasse et non biomasse);65700000;kg/an
0005701475;OI Manufacturing france;2005;Air;Dioxyde de carbone (CO2) total (d'origine biomasse et non biomasse);108000000;kg/an
0005401151;INDUSTEEL FRANCE site du Creusot (secteur Breuil);2005;Air;Dioxyde de carbone (CO2) total (d'origine biomasse et non biomasse);69900000;kg/an
0005701477;SOCCRAM - ENGIE  RESEAUX;2005;Air;Dioxyde de carbone (CO2) total (d'origine biomasse et non biomasse);46400000;kg/an
0005401173;CHALON ENERGIE SA;2005;Air;Dioxyde de carbone (CO2) total (d'origine biomasse et non biomasse);34500000;kg/an
0005701491;OI MANUFACTURING France - Usine de REIMS FOOD;2005;Air;Dioxyde de carbone (CO2) total (d'origine biomasse et non biomasse);54700000;kg/an
0005701497;LUZEAL;2005;Air;Dioxyde de carbone (CO2) total (d'origine biomasse et non biomasse);28600000;kg/an
0005401194;Etablissement d'Aiserey;2005;Air;Dioxyde de carbone (CO2) total (d'origine biomasse et non biomasse);18700000;kg/an
0005701498;CRISTAL UNION;2005;Air;Dioxyde de carbone (CO2) total (d'origine biomasse et non biomasse);52700000;kg/an
0005401195;Uniper - Centrale de LUCY;2005;Air;Dioxyde de carbone (CO2) total (d'origine biomasse et non biomasse);766000000;kg/an
0005401201;COM COM Sénonais UIOM;2005;Air;Dioxyde de carbone (CO2) total (d'origine biomasse et non biomasse);14500000;kg/an
0005701506;PLYSOROL INTERNATIONAL SAS;2005;Air;Dioxyde de carbone (CO2) total (d'origine biomasse et non biomasse);14800000;kg/an
0005701507;TEREOS NUTRITION ANIMALE;2005;Air;Dioxyde de carbone (CO2) total (d'origine biomasse et non biomasse);42200000;kg/an
0005401220;VERALLIA FRANCE;2005;Air;Dioxyde de carbone (CO2) total (d'origine biomasse et non biomasse);185000000;kg/an
0005401224;NORDEON et MARVELL GLASS (anciennement Philips);2005;Air;Dioxyde de carbone (CO2) total (d'origine biomasse et non biomasse);15500000;kg/an
0005701515;TEREOS  FRANCE;2005;Air;Dioxyde de carbone (CO2) total (d'origine biomasse et non biomasse);106000000;kg/an
0005701531;TEREOS STARCH & SWEETENERS EUROPE;2005;Air;Dioxyde de carbone (CO2) total (d'origine biomasse et non biomasse);12500000;kg/an
0005401225;KODAK INDUSTRIE;2005;Air;Dioxyde de carbone (CO2) total (d'origine biomasse et non biomasse);37000000;kg/an
0005701539;TEREOS NUTRITION ANIMALE;2005;Air;Dioxyde de carbone (CO2) total (d'origine biomasse et non biomasse);42600000;kg/an
0005401250;CHALON ENERGIE SA;2005;Air;Dioxyde de carbone (CO2) total (d'origine biomasse et non biomasse);55200000;kg/an
0005701543;VERALLIA-FRANCE;2005;Air;Dioxyde de carbone (CO2) total (d'origine biomasse et non biomasse);47700000;kg/an
0005701544;TEREOS NUTRITION ANIMALE;2005;Air;Dioxyde de carbone (CO2) total (d'origine biomasse et non biomasse);32600000;kg/an
0005401253;MICHELIN;2005;Air;Dioxyde de carbone (CO2) total (d'origine biomasse et non biomasse);34300000;kg/an
0005701552;ADM Bazancourt SASU;2005;Air;Dioxyde de carbone (CO2) total (d'origine biomasse et non biomasse);57800000;kg/an
0005401254;APERAM ALLOYS IMPHY;2005;Air;Dioxyde de carbone (CO2) total (d'origine biomasse et non biomasse);10700000;kg/an
0005701563;SUEZ RV NORD EST  - Dormans;2005;Air;Dioxyde de carbone (CO2) total (d'origine biomasse et non biomasse);10800000;kg/an
0005701671;TEREOS NUTRITION ANIMALE;2005;Air;Dioxyde de carbone (CO2) total (d'origine biomasse et non biomasse);28600000;kg/an
0005401256;chaufferie du Banlay;2005;Air;Dioxyde de carbone (CO2) total (d'origine biomasse et non biomasse);11800000;kg/an
0005701701;CIMENTS CALCIA;2005;Air;Dioxyde de carbone (CO2) total (d'origine biomasse et non biomasse);857000000;kg/an
0005401257;SODIEN (ex SOCCRAM);2005;Air;Dioxyde de carbone (CO2) total (d'origine biomasse et non biomasse);35100000;kg/an
0005701706;SUN DESHY;2005;Air;Dioxyde de carbone (CO2) total (d'origine biomasse et non biomasse);79500000;kg/an
0005401262;SECUA SNC (chaufferie d'Autun);2005;Air;Dioxyde de carbone (CO2) total (d'origine biomasse et non biomasse);12300000;kg/an
0005701719;TEREOS FRANCE;2005;Air;Dioxyde de carbone (CO2) total (d'origine biomasse et non biomasse);40200000;kg/an
0005401296;Usine de Frangey;2005;Air;Dioxyde de carbone (CO2) total (d'origine biomasse et non biomasse);217000000;kg/an
0005701721;SUN DESHY;2005;Air;Dioxyde de carbone (CO2) total (d'origine biomasse et non biomasse);27000000;kg/an
0005401298;EURIAL ULTRA FRAIS;2005;Air;Dioxyde de carbone (CO2) total (d'origine biomasse et non biomasse);17200000;kg/an
0005701723;OMYA Usine;2005;Air;Dioxyde de carbone (CO2) total (d'origine biomasse et non biomasse);25800000;kg/an
0005701726;IMERYS TC site du bois du roi;2005;Air;Dioxyde de carbone (CO2) total (d'origine biomasse et non biomasse);13000000;kg/an
0005701735;LUZEAL;2005;Air;Dioxyde de carbone (CO2) total (d'origine biomasse et non biomasse);57000000;kg/an
0005401338;RHODIA OPERATIONS (groupe solvay);2005;Air;Dioxyde de carbone (CO2) total (d'origine biomasse et non biomasse);14300000;kg/an
0005701751;LUZEAL;2005;Air;Dioxyde de carbone (CO2) total (d'origine biomasse et non biomasse);57600000;kg/an
0005701760;SUN DESHY;2005;Air;Dioxyde de carbone (CO2) total (d'origine biomasse et non biomasse);39000000;kg/an
0005401359;Salzgitter Mannessmann Stainless Tubes France;2005;Air;Dioxyde de carbone (CO2) total (d'origine biomasse et non biomasse);11300000;kg/an
0005701765;PRODEVA;2005;Air;Dioxyde de carbone (CO2) total (d'origine biomasse et non biomasse);60400000;kg/an
0005401426;TERREAL SAS;2005;Air;Dioxyde de carbone (CO2) total (d'origine biomasse et non biomasse);27000000;kg/an
0005401471;VALLOUREC & MANNESMANN France tuberie de Montbard;2005;Air;Dioxyde de carbone (CO2) total (d'origine biomasse et non biomasse);13300000;kg/an
0005701783;MALTEUROP FRANCE;2005;Air;Dioxyde de carbone (CO2) total (d'origine biomasse et non biomasse);20300000;kg/an
0005401474;SENS BIO ENERGIE SERVICES;2005;Air;Dioxyde de carbone (CO2) total (d'origine biomasse et non biomasse);12500000;kg/an
0005401632;DIJON ENERGIES (ex DALKIA);2005;Air;Dioxyde de carbone (CO2) total (d'origine biomasse et non biomasse);14800000;kg/an
0005701887;Mannesmann Précision Tubes France;2005;Air;Dioxyde de carbone (CO2) total (d'origine biomasse et non biomasse);19500000;kg/an
0005701908;CAPDEA -  Assencières;2005;Air;Dioxyde de carbone (CO2) total (d'origine biomasse et non biomasse);36000000;kg/an
0005401765;SONIRVAL - VALEST;2005;Air;Dioxyde de carbone (CO2) total (d'origine biomasse et non biomasse);15600000;kg/an
0005701910;CAPDEA - Aulnay;2005;Air;Dioxyde de carbone (CO2) total (d'origine biomasse et non biomasse);25600000;kg/an
0005701946;DISLAUB;2005;Air;Dioxyde de carbone (CO2) total (d'origine biomasse et non biomasse);26800000;kg/an
0005701961;Michelin MFPM;2005;Air;Dioxyde de carbone (CO2) total (d'origine biomasse et non biomasse);42700000;kg/an
0005701965;ACCURIDE;2005;Air;Dioxyde de carbone (CO2) total (d'origine biomasse et non biomasse);18100000;kg/an
0005702099;SEM Energie;2005;Air;Dioxyde de carbone (CO2) total (d'origine biomasse et non biomasse);12600000;kg/an
0005401857;NOVASERRE Rousson;2005;Air;Dioxyde de carbone (CO2) total (d'origine biomasse et non biomasse);10100000;kg/an
0005702129;CRISTAL UNION;2005;Air;Dioxyde de carbone (CO2) total (d'origine biomasse et non biomasse);103000000;kg/an
0005401880;Chaufferie de la Fontaine d'Ouche;2005;Air;Dioxyde de carbone (CO2) total (d'origine biomasse et non biomasse);31100000;kg/an
0005702199;SHMVD;2005;Air;Dioxyde de carbone (CO2) total (d'origine biomasse et non biomasse);58400000;kg/an
0005402057;MOCIA;2005;Air;Dioxyde de carbone (CO2) total (d'origine biomasse et non biomasse);50200000;kg/an
0005702209;SEDAN ÉNERGIE (ex-PERIN FRERES et COG);2005;Air;Dioxyde de carbone (CO2) total (d'origine biomasse et non biomasse);21700000;kg/an
0005500035;KERMENE;2005;Air;Dioxyde de carbone (CO2) total (d'origine biomasse et non biomasse);13900000;kg/an
0005702271;WEPA France;2005;Air;Dioxyde de carbone (CO2) total (d'origine biomasse et non biomasse);13700000;kg/an
0005500040;LNA LAITERIE NOUVELLE DE L ARGUENON;2005;Air;Dioxyde de carbone (CO2) total (d'origine biomasse et non biomasse);18200000;kg/an
0005702421;CHALONS ENERGIE;2005;Air;Dioxyde de carbone (CO2) total (d'origine biomasse et non biomasse);39700000;kg/an
0005702478;SUEZ RV NORD EST - SAINT-AUBIN;2005;Air;Dioxyde de carbone (CO2) total (d'origine biomasse et non biomasse);13200000;kg/an
0005702543;CAPDEA - Marigny le Chatel;2005;Air;Dioxyde de carbone (CO2) total (d'origine biomasse et non biomasse);68200000;kg/an
0005500070;ENTREMONT ALLIANCE;2005;Air;Dioxyde de carbone (CO2) total (d'origine biomasse et non biomasse);16600000;kg/an
0005702595;Coopérative Agricole de Déshydratation d'Arcis sur Aube;2005;Air;Dioxyde de carbone (CO2) total (d'origine biomasse et non biomasse);50600000;kg/an
0005800378;SEDIBEX;2005;Air;Dioxyde de carbone (CO2) total (d'origine biomasse et non biomasse);102000000;kg/an
0005702699;Cristal union;2005;Air;Dioxyde de carbone (CO2) total (d'origine biomasse et non biomasse);62600000;kg/an
0005702721;SAICA PAPER EL;2005;Air;Dioxyde de carbone (CO2) total (d'origine biomasse et non biomasse);37700000;kg/an
0005800379;Résocéane;2005;Air;Dioxyde de carbone (CO2) total (d'origine biomasse et non biomasse);31800000;kg/an
0005702815;SEM Cogénération Les Noes Près Troyes;2005;Air;Dioxyde de carbone (CO2) total (d'origine biomasse et non biomasse);15500000;kg/an
0005800386;SAIPOL;2005;Air;Dioxyde de carbone (CO2) total (d'origine biomasse et non biomasse);39500000;kg/an
0005800290;CABOT CARBONE SAS;2005;Air;Dioxyde de carbone (CO2) total (d'origine biomasse et non biomasse);240000000;kg/an
0005800291;UCDV;2005;Air;Dioxyde de carbone (CO2) total (d'origine biomasse et non biomasse);72100000;kg/an
0005800387;CIE FRANCAISE ECO HUILE;2005;Air;Dioxyde de carbone (CO2) total (d'origine biomasse et non biomasse);21400000;kg/an
0005800297;TOTAL RAFFINAGE FRANCE;2005;Air;Dioxyde de carbone (CO2) total (d'origine biomasse et non biomasse);2990000000;kg/an
0005800392;DANONE;2005;Air;Dioxyde de carbone (CO2) total (d'origine biomasse et non biomasse);10500000;kg/an
0005800299;TOTAL FLUIDES;2005;Air;Dioxyde de carbone (CO2) total (d'origine biomasse et non biomasse);23300000;kg/an
0005800301;MILLENNIUM INORGANIC CHEMICALS le HAVRE;2005;Air;Dioxyde de carbone (CO2) total (d'origine biomasse et non biomasse);60300000;kg/an
0005800398;CRISTAL UNION;2005;Air;Dioxyde de carbone (CO2) total (d'origine biomasse et non biomasse);37600000;kg/an
0005800305;TOURRES ET CIE;2005;Air;Dioxyde de carbone (CO2) total (d'origine biomasse et non biomasse);75900000;kg/an
0005800316;AIR LIQUIDE FRANCE INDUSTRIE;2005;Air;Dioxyde de carbone (CO2) total (d'origine biomasse et non biomasse);291000000;kg/an
0005800409;RENAULT S.N.C.;2005;Air;Dioxyde de carbone (CO2) total (d'origine biomasse et non biomasse);41200000;kg/an
0005800323;SODES - Usine de Lillebonne;2005;Air;Dioxyde de carbone (CO2) total (d'origine biomasse et non biomasse);83900000;kg/an
0005800331;YARA France;2005;Air;Dioxyde de carbone (CO2) total (d'origine biomasse et non biomasse);537000000;kg/an
0005800410;RENAULT S.N.C.;2005;Air;Dioxyde de carbone (CO2) total (d'origine biomasse et non biomasse);25500000;kg/an
0005800348;ExxonMobil Chemical France;2005;Air;Dioxyde de carbone (CO2) total (d'origine biomasse et non biomasse);1200000000;kg/an
0005800349;ESSO RAFFINAGE;2005;Air;Dioxyde de carbone (CO2) total (d'origine biomasse et non biomasse);2750000000;kg/an
0005800412;SANOFI CHIMIE SA;2005;Air;Dioxyde de carbone (CO2) total (d'origine biomasse et non biomasse);34600000;kg/an
0005800416;POCHET DU COURVAL;2005;Air;Dioxyde de carbone (CO2) total (d'origine biomasse et non biomasse);60200000;kg/an
0005800351;REGIE PUBLIQUE DE L' ENERGIE CALORIFIQUE;2005;Air;Dioxyde de carbone (CO2) total (d'origine biomasse et non biomasse);19600000;kg/an
0005800355;ARKEMA;2005;Air;Dioxyde de carbone (CO2) total (d'origine biomasse et non biomasse);18100000;kg/an
0005800429;AHLSTROM-MUNKSJO SPECIALTIES;2005;Air;Dioxyde de carbone (CO2) total (d'origine biomasse et non biomasse);17400000;kg/an
0005800356;TOTAL PETROCHEMICALS FRANCE Notre Dame de Gravenchon;2005;Air;Dioxyde de carbone (CO2) total (d'origine biomasse et non biomasse);32300000;kg/an
0005800433;LAFARGEHOLCIM CIMENTS;2005;Air;Dioxyde de carbone (CO2) total (d'origine biomasse et non biomasse);796000000;kg/an
0005800357;TOTAL RAFFINAGE FRANCE;2005;Air;Dioxyde de carbone (CO2) total (d'origine biomasse et non biomasse);1130000000;kg/an
0005800360;DRPC;2005;Air;Dioxyde de carbone (CO2) total (d'origine biomasse et non biomasse);1420000000;kg/an
0005800439;CHEVRON ORONITE SAS;2005;Air;Dioxyde de carbone (CO2) total (d'origine biomasse et non biomasse);79200000;kg/an
0005800375;ASHLAND SPECIALTIES France;2005;Air;Dioxyde de carbone (CO2) total (d'origine biomasse et non biomasse);12800000;kg/an
0005800441;Chapelle Darblay;2005;Air;Dioxyde de carbone (CO2) total (d'origine biomasse et non biomasse);264000000;kg/an
0005800444;THERMEVRA;2005;Air;Dioxyde de carbone (CO2) total (d'origine biomasse et non biomasse);45000000;kg/an
0005800445;CURB - Société VALMY DEFENSE 82 (SVD 82);2005;Air;Dioxyde de carbone (CO2) total (d'origine biomasse et non biomasse);43800000;kg/an
0006103254;PAPETERIES DE LANCEY;2005;Air;Dioxyde de carbone (CO2) total (d'origine biomasse et non biomasse);44400000;kg/an
0005800446;DALKIA CANTELEU;2005;Air;Dioxyde de carbone (CO2) total (d'origine biomasse et non biomasse);12500000;kg/an
0006103265;VICAT - PAPETERIES DE VIZILLE;2005;Air;Dioxyde de carbone (CO2) total (d'origine biomasse et non biomasse);22800000;kg/an
0005800483;EUROFOIL FRANCE;2005;Air;Dioxyde de carbone (CO2) total (d'origine biomasse et non biomasse);11400000;kg/an
0006103283;Papeteries de Voiron et de Lancey site de Voreppe;2005;Air;Dioxyde de carbone (CO2) total (d'origine biomasse et non biomasse);53100000;kg/an
0006103291;SNF SA ANDREZIEUX;2005;Air;Dioxyde de carbone (CO2) total (d'origine biomasse et non biomasse);33100000;kg/an
0005800489;METROPOLE ROUEN NORMANDIE;2005;Air;Dioxyde de carbone (CO2) total (d'origine biomasse et non biomasse);35100000;kg/an
0006103344;SDCF;2005;Air;Dioxyde de carbone (CO2) total (d'origine biomasse et non biomasse);24500000;kg/an
0006103348;AUBERT ET DUVAL;2005;Air;Dioxyde de carbone (CO2) total (d'origine biomasse et non biomasse);20700000;kg/an
0006103381;INDUSTEEL FRANCE;2005;Air;Dioxyde de carbone (CO2) total (d'origine biomasse et non biomasse);46700000;kg/an
0006103394;SOFIDEL FRANCE;2005;Air;Dioxyde de carbone (CO2) total (d'origine biomasse et non biomasse);11400000;kg/an
0006103396;M.F.DES PNEUMATIQUES MICHELIN;2005;Air;Dioxyde de carbone (CO2) total (d'origine biomasse et non biomasse);20800000;kg/an
0006103493;VERALLIA FRANCE (ST GOBAIN EMBALLAGE);2005;Air;Dioxyde de carbone (CO2) total (d'origine biomasse et non biomasse);112000000;kg/an
0006103523;OI FRANCE SAS;2005;Air;Dioxyde de carbone (CO2) total (d'origine biomasse et non biomasse);82700000;kg/an
0006103571;CENTRE HOSPITALIER LE VINATIER;2005;Air;Dioxyde de carbone (CO2) total (d'origine biomasse et non biomasse);13100000;kg/an
0006103586;LAFARGE CIMENTS;2005;Air;Dioxyde de carbone (CO2) total (d'origine biomasse et non biomasse);305000000;kg/an
0006103596;RHODIA OPERATIONS;2005;Air;Dioxyde de carbone (CO2) total (d'origine biomasse et non biomasse);105000000;kg/an
0006103644;SANOFI PASTEUR MARCY;2005;Air;Dioxyde de carbone (CO2) total (d'origine biomasse et non biomasse);28100000;kg/an
0006103663;SANOFI PASTEUR NVL;2005;Air;Dioxyde de carbone (CO2) total (d'origine biomasse et non biomasse);23500000;kg/an
0006103676;Métropole de Lyon;2005;Air;Dioxyde de carbone (CO2) total (d'origine biomasse et non biomasse);11200000;kg/an
0006103685;ARKEMA FRANCE;2005;Air;Dioxyde de carbone (CO2) total (d'origine biomasse et non biomasse);54800000;kg/an
0006103699;EDILIANS ex IMERYS TC;2005;Air;Dioxyde de carbone (CO2) total (d'origine biomasse et non biomasse);27800000;kg/an
0006103714;Air Liquide France Industrie;2005;Air;Dioxyde de carbone (CO2) total (d'origine biomasse et non biomasse);163000000;kg/an
0006103718;STEP St-Fons Grand Lyon;2005;Air;Dioxyde de carbone (CO2) total (d'origine biomasse et non biomasse);33100000;kg/an
0006103731;RHODIA OPERATIONS;2005;Air;Dioxyde de carbone (CO2) total (d'origine biomasse et non biomasse);180000000;kg/an
0006103735;EDILIANS;2005;Air;Dioxyde de carbone (CO2) total (d'origine biomasse et non biomasse);29900000;kg/an
0006103810;Vaulx en Velin Villeurbanne Energies;2005;Air;Dioxyde de carbone (CO2) total (d'origine biomasse et non biomasse);51300000;kg/an
0006103843;VENISSIEUX ENERGIES;2005;Air;Dioxyde de carbone (CO2) total (d'origine biomasse et non biomasse);123000000;kg/an
0006103844;RENAULT TRUCKS SAS;2005;Air;Dioxyde de carbone (CO2) total (d'origine biomasse et non biomasse);25800000;kg/an
0006103851;TOKAI CARBON SAVOIE;2005;Air;Dioxyde de carbone (CO2) total (d'origine biomasse et non biomasse);12600000;kg/an
0006103879;SYTRAIVAL;2005;Air;Dioxyde de carbone (CO2) total (d'origine biomasse et non biomasse);68100000;kg/an
0006103973;TOTAL RAFFINAGE France;2005;Air;Dioxyde de carbone (CO2) total (d'origine biomasse et non biomasse);1270000000;kg/an
0006104046;Chaufferie des Semailles à Rillieux-la-Pape;2005;Air;Dioxyde de carbone (CO2) total (d'origine biomasse et non biomasse);12400000;kg/an
0006104050;NEOVALY;2005;Air;Dioxyde de carbone (CO2) total (d'origine biomasse et non biomasse);134000000;kg/an
0006104159;LAFAYETTE - ELM Opérations;2005;Air;Dioxyde de carbone (CO2) total (d'origine biomasse et non biomasse);56500000;kg/an
0006104223;METROPOLE DE LYON - Unité de Traitement de de Valorisation Energétique des déchets urbains de Lyon Sud;2005;Air;Dioxyde de carbone (CO2) total (d'origine biomasse et non biomasse);211000000;kg/an
0006104280;ELYDE;2005;Air;Dioxyde de carbone (CO2) total (d'origine biomasse et non biomasse);24900000;kg/an
0006104364;OCV CHAMBERY (Usine C);2005;Air;Dioxyde de carbone (CO2) total (d'origine biomasse et non biomasse);26800000;kg/an
0006104367;PLACOPLATRE;2005;Air;Dioxyde de carbone (CO2) total (d'origine biomasse et non biomasse);48400000;kg/an
0006104372;SCDC (CENTRALE CROIX ROUGE);2005;Air;Dioxyde de carbone (CO2) total (d'origine biomasse et non biomasse);15000000;kg/an
0006104373;SCDC (CENTRALE DE BISSY);2005;Air;Dioxyde de carbone (CO2) total (d'origine biomasse et non biomasse);57000000;kg/an
0006104379;ARKEMA USINE DE LA CHAMBRE;2005;Air;Dioxyde de carbone (CO2) total (d'origine biomasse et non biomasse);70100000;kg/an
0006104426;FERROPEM GROUPE FERROATLANTICA;2005;Air;Dioxyde de carbone (CO2) total (d'origine biomasse et non biomasse);213000000;kg/an
0006104438;FERROPEM;2005;Air;Dioxyde de carbone (CO2) total (d'origine biomasse et non biomasse);222000000;kg/an
0006104439;CARBONE SAVOIE;2005;Air;Dioxyde de carbone (CO2) total (d'origine biomasse et non biomasse);43300000;kg/an
0006104447;RDM LA ROCHETTE  SAS;2005;Air;Dioxyde de carbone (CO2) total (d'origine biomasse et non biomasse);114000000;kg/an
0006104466;TRIMET;2005;Air;Dioxyde de carbone (CO2) total (d'origine biomasse et non biomasse);236000000;kg/an
0006104505;UGITECH;2005;Air;Dioxyde de carbone (CO2) total (d'origine biomasse et non biomasse);58400000;kg/an
0006104509;UIOM VALEZAN;2005;Air;Dioxyde de carbone (CO2) total (d'origine biomasse et non biomasse);11700000;kg/an
0006104529;Chauferie urbaine de Novel;2005;Air;Dioxyde de carbone (CO2) total (d'origine biomasse et non biomasse);10300000;kg/an
0006104565;SYND MIXTE DU LAC D ANNECY;2005;Air;Dioxyde de carbone (CO2) total (d'origine biomasse et non biomasse);107000000;kg/an
0006104583;ALPINE ALUMINIUM;2005;Air;Dioxyde de carbone (CO2) total (d'origine biomasse et non biomasse);10200000;kg/an
0006104586;PAPETERIES DE CRAN;2005;Air;Dioxyde de carbone (CO2) total (d'origine biomasse et non biomasse);15300000;kg/an
0006104624;SIVOM DE LA REGION DE CLUSES;2005;Air;Dioxyde de carbone (CO2) total (d'origine biomasse et non biomasse);34500000;kg/an
0006104655;SET MONT BLANC - SUEZ;2005;Air;Dioxyde de carbone (CO2) total (d'origine biomasse et non biomasse);36300000;kg/an
0006104660;BAIKOWSKI;2005;Air;Dioxyde de carbone (CO2) total (d'origine biomasse et non biomasse);21400000;kg/an
0006104679;TEFAL SA;2005;Air;Dioxyde de carbone (CO2) total (d'origine biomasse et non biomasse);21700000;kg/an
0006104749;IDEX Environnement;2005;Air;Dioxyde de carbone (CO2) total (d'origine biomasse et non biomasse);27200000;kg/an
0007002805;Flandres Energies - Unité de cogénération de l'usine Cerestar;2005;Air;Dioxyde de carbone (CO2) total (d'origine biomasse et non biomasse);94800000;kg/an
0007002964;BORALEX Blendecques SAS;2005;Air;Dioxyde de carbone (CO2) total (d'origine biomasse et non biomasse);33700000;kg/an
0007003322;RYSSEN ALCOOLS SAS;2005;Air;Dioxyde de carbone (CO2) total (d'origine biomasse et non biomasse);16300000;kg/an
0007100049;ALBIOMA ALG Centrale thermique;2005;Air;Dioxyde de carbone (CO2) total (d'origine biomasse et non biomasse);640000000;kg/an
0007100121;ALBIOMA Bois Rouge;2005;Air;Dioxyde de carbone (CO2) total (d'origine biomasse et non biomasse);987000000;kg/an
0006104898;CHU DE SAINT-ETIENNE;2005;Air;Dioxyde de carbone (CO2) total (d'origine biomasse et non biomasse);12200000;kg/an
0006105221;OSIRIS GIE;2005;Air;Dioxyde de carbone (CO2) total (d'origine biomasse et non biomasse);416000000;kg/an
0006105222;ELKEM SILICONES FRANCE;2005;Air;Dioxyde de carbone (CO2) total (d'origine biomasse et non biomasse);14900000;kg/an
0006105223;ADISSEO FRANCE SAS;2005;Air;Dioxyde de carbone (CO2) total (d'origine biomasse et non biomasse);22500000;kg/an
0006105225;ADISSEO FRANCE SAS;2005;Air;Dioxyde de carbone (CO2) total (d'origine biomasse et non biomasse);73400000;kg/an
0006105226;ADISSEO PS;2005;Air;Dioxyde de carbone (CO2) total (d'origine biomasse et non biomasse);20900000;kg/an
0006106947;SUEZ RR IWS CHEMICALS FRANCE;2005;Air;Dioxyde de carbone (CO2) total (d'origine biomasse et non biomasse);76800000;kg/an
0006106990;ONYX AUVERGNE RHONE ALPES;2005;Air;Dioxyde de carbone (CO2) total (d'origine biomasse et non biomasse);20600000;kg/an
0006107023;MOULIN VIEUX SA;2005;Air;Dioxyde de carbone (CO2) total (d'origine biomasse et non biomasse);10700000;kg/an
0006107044;SUEZ RV CENTRE EST DONZERE;2005;Air;Dioxyde de carbone (CO2) total (d'origine biomasse et non biomasse);15700000;kg/an
0006107156;ISDnD La Tienne;2005;Air;Dioxyde de carbone (CO2) total (d'origine biomasse et non biomasse);21400000;kg/an
0006200031;MANUFACTURE DE BACCARAT;2005;Air;Dioxyde de carbone (CO2) total (d'origine biomasse et non biomasse);14700000;kg/an
0006200037;SOVAB;2005;Air;Dioxyde de carbone (CO2) total (d'origine biomasse et non biomasse);25300000;kg/an
0006200067;EDF - CCG Blénod;2005;Air;Dioxyde de carbone (CO2) total (d'origine biomasse et non biomasse);2770000000;kg/an
0006200092;STORENGY;2005;Air;Dioxyde de carbone (CO2) total (d'origine biomasse et non biomasse);64000000;kg/an
0006200104;Brasserie Champigneulles;2005;Air;Dioxyde de carbone (CO2) total (d'origine biomasse et non biomasse);14100000;kg/an
0006200154;SOLVAY OPERATIONS FRANCE;2005;Air;Dioxyde de carbone (CO2) total (d'origine biomasse et non biomasse);83700000;kg/an
0006200158;SOLVAY OPERATIONS FRANCE;2005;Air;Dioxyde de carbone (CO2) total (d'origine biomasse et non biomasse);617000000;kg/an
0006200199;SAINT GOBAIN PAM (Usine Foug);2005;Air;Dioxyde de carbone (CO2) total (d'origine biomasse et non biomasse);52300000;kg/an
0006200203;SOFIDEL FRANCE;2005;Air;Dioxyde de carbone (CO2) total (d'origine biomasse et non biomasse);47400000;kg/an
0006200297;NOVACOGE;2005;Air;Dioxyde de carbone (CO2) total (d'origine biomasse et non biomasse);131000000;kg/an
0006200307;NOVACARB;2005;Air;Dioxyde de carbone (CO2) total (d'origine biomasse et non biomasse);603000000;kg/an
0006200339;GLANZSTOFF LONGLAVILLE;2005;Air;Dioxyde de carbone (CO2) total (d'origine biomasse et non biomasse);19000000;kg/an
0006200373;VAL'ERGIE (ex.NANCY ENERGIE) à  Ludres;2005;Air;Dioxyde de carbone (CO2) total (d'origine biomasse et non biomasse);82200000;kg/an
0006200462;Hôpitaux de Brabois (CHRU);2005;Air;Dioxyde de carbone (CO2) total (d'origine biomasse et non biomasse);12000000;kg/an
0006200472;ESTIA;2005;Air;Dioxyde de carbone (CO2) total (d'origine biomasse et non biomasse);18200000;kg/an
0006200487;chaufferie Haut du Lièvre;2005;Air;Dioxyde de carbone (CO2) total (d'origine biomasse et non biomasse);13600000;kg/an
0006200499;SAM RIVA;2005;Air;Dioxyde de carbone (CO2) total (d'origine biomasse et non biomasse);138000000;kg/an
0006200529;SUEZ RV NORD EST;2005;Air;Dioxyde de carbone (CO2) total (d'origine biomasse et non biomasse);13100000;kg/an
0006200539;SAINT GOBAIN PAM;2005;Air;Dioxyde de carbone (CO2) total (d'origine biomasse et non biomasse);934000000;kg/an
0006200620;STIT;2005;Air;Dioxyde de carbone (CO2) total (d'origine biomasse et non biomasse);13500000;kg/an
0006200667;SEEV VANDOEUVRE;2005;Air;Dioxyde de carbone (CO2) total (d'origine biomasse et non biomasse);30100000;kg/an
0006200673;GENSEL;2005;Air;Dioxyde de carbone (CO2) total (d'origine biomasse et non biomasse);130000000;kg/an
0006200720;KIMBERLY CLARK SAS;2005;Air;Dioxyde de carbone (CO2) total (d'origine biomasse et non biomasse);39900000;kg/an
0006200725;VICAT (usine de Xeuilley);2005;Air;Dioxyde de carbone (CO2) total (d'origine biomasse et non biomasse);366000000;kg/an
0006200746;IDEX ENERGIES - CENTRALE THERMIQUE;2005;Air;Dioxyde de carbone (CO2) total (d'origine biomasse et non biomasse);13000000;kg/an
0006200817;INNOSPEC PERFORMANCE CHEMICALS;2005;Air;Dioxyde de carbone (CO2) total (d'origine biomasse et non biomasse);14400000;kg/an
0006200900;CARRIERES ET FOURS A CHAUX DE DUGNY;2005;Air;Dioxyde de carbone (CO2) total (d'origine biomasse et non biomasse);443000000;kg/an
0006200909;AHLSTROM-MUNKSJÖ STENAY SAS;2005;Air;Dioxyde de carbone (CO2) total (d'origine biomasse et non biomasse);85200000;kg/an
0006200920;SUEZ RV MEUSE (ex-MEUSE ENERGIE);2005;Air;Dioxyde de carbone (CO2) total (d'origine biomasse et non biomasse);22800000;kg/an
0006200938;VALTRIS ENTERPRISES FRANCE SAS;2005;Air;Dioxyde de carbone (CO2) total (d'origine biomasse et non biomasse);11000000;kg/an
0006200939;LACTO SERUM FRANCE;2005;Air;Dioxyde de carbone (CO2) total (d'origine biomasse et non biomasse);38600000;kg/an
0006200952;CET d'ABONCOURT;2005;Air;Dioxyde de carbone (CO2) total (d'origine biomasse et non biomasse);10100000;kg/an
0006201019;CERAMIQUES DE FORBACH;2005;Air;Dioxyde de carbone (CO2) total (d'origine biomasse et non biomasse);17500000;kg/an
0006201058;LA SNET - SODELIF;2005;Air;Dioxyde de carbone (CO2) total (d'origine biomasse et non biomasse);678000000;kg/an
0006201074;Cokes de Carling SAS;2005;Air;Dioxyde de carbone (CO2) total (d'origine biomasse et non biomasse);254000000;kg/an
0006201168;ELYO NORD EST COFELY - Farébersviller;2005;Air;Dioxyde de carbone (CO2) total (d'origine biomasse et non biomasse);18300000;kg/an
0006201196;SUEZ RV Nord Est;2005;Air;Dioxyde de carbone (CO2) total (d'origine biomasse et non biomasse);10300000;kg/an
0006201203;SOVITEC FRANCE SAS;2005;Air;Dioxyde de carbone (CO2) total (d'origine biomasse et non biomasse);17600000;kg/an
0006201258;COFELY - Forbach;2005;Air;Dioxyde de carbone (CO2) total (d'origine biomasse et non biomasse);25000000;kg/an
0006201286;ArcelorMittal Gandrange;2005;Air;Dioxyde de carbone (CO2) total (d'origine biomasse et non biomasse);208000000;kg/an
0006201313;ASCOMETAL HAGONDANGE SAS;2005;Air;Dioxyde de carbone (CO2) total (d'origine biomasse et non biomasse);75900000;kg/an
0006201330;SMART FRANCE SAS;2005;Air;Dioxyde de carbone (CO2) total (d'origine biomasse et non biomasse);13100000;kg/an
0006201358;LIBERTY RAIL Hayange;2005;Air;Dioxyde de carbone (CO2) total (d'origine biomasse et non biomasse);34100000;kg/an
0006201364;ARCELORMITTAL ATLANTIQUE ET LORRAINE;2005;Air;Dioxyde de carbone (CO2) total (d'origine biomasse et non biomasse);4350000000;kg/an
0006201370;EQIOM;2005;Air;Dioxyde de carbone (CO2) total (d'origine biomasse et non biomasse);603000000;kg/an
0006201463;CEDEC;2005;Air;Dioxyde de carbone (CO2) total (d'origine biomasse et non biomasse);19500000;kg/an
0006201556;SOCIETE MECANIQUE AUTOMOBILE DE L EST (SMAE);2005;Air;Dioxyde de carbone (CO2) total (d'origine biomasse et non biomasse);15100000;kg/an
0006201560;UEM;2005;Air;Dioxyde de carbone (CO2) total (d'origine biomasse et non biomasse);50600000;kg/an
0006201561;UEM;2005;Air;Dioxyde de carbone (CO2) total (d'origine biomasse et non biomasse);159000000;kg/an
0006201610;SFTR;2005;Air;Dioxyde de carbone (CO2) total (d'origine biomasse et non biomasse);11100000;kg/an
0006201682;DEPALOR S.A.S;2005;Air;Dioxyde de carbone (CO2) total (d'origine biomasse et non biomasse);15500000;kg/an
0006201702;FERCO SAS;2005;Air;Dioxyde de carbone (CO2) total (d'origine biomasse et non biomasse);11800000;kg/an
0006201721;CENTRE DE PRODUCTION THERMIQUE EDF;2005;Air;Dioxyde de carbone (CO2) total (d'origine biomasse et non biomasse);956000000;kg/an
0006201759;ARKEMA;2005;Air;Dioxyde de carbone (CO2) total (d'origine biomasse et non biomasse);365000000;kg/an
0006201816;INNOVENE MANUFACTURING FRANCE SAS;2005;Air;Dioxyde de carbone (CO2) total (d'origine biomasse et non biomasse);172000000;kg/an
0006201829;AMCOR FLEXIBLES SARREBOURG SAS;2005;Air;Dioxyde de carbone (CO2) total (d'origine biomasse et non biomasse);11100000;kg/an
0006201859;Les céramiques de sarguemines;2005;Air;Dioxyde de carbone (CO2) total (d'origine biomasse et non biomasse);12200000;kg/an
0006201922;SUEZ RV NORD EST;2005;Air;Dioxyde de carbone (CO2) total (d'origine biomasse et non biomasse);20200000;kg/an
0006201943;SOCIETE MECANIQUE AUTOMOBILE DE L'EST (SMAE);2005;Air;Dioxyde de carbone (CO2) total (d'origine biomasse et non biomasse);17900000;kg/an
0006201963;AKERS France usine de Thionville;2005;Air;Dioxyde de carbone (CO2) total (d'origine biomasse et non biomasse);30700000;kg/an
0006202062;SOUCHE PARTICIPATION;2005;Air;Dioxyde de carbone (CO2) total (d'origine biomasse et non biomasse);58400000;kg/an
0006202068;AHLSTROM-MUNKSJÖ ARCHES;2005;Air;Dioxyde de carbone (CO2) total (d'origine biomasse et non biomasse);25100000;kg/an
0006202114;UNION LAITIERE VITTELOISE;2005;Air;Dioxyde de carbone (CO2) total (d'origine biomasse et non biomasse);11200000;kg/an
0006202183;ETABLISSEMENT PAPETERIES DE DOCELLES;2005;Air;Dioxyde de carbone (CO2) total (d'origine biomasse et non biomasse);44100000;kg/an
0006202229;PAPETERIES DE CLAIREFONTAINE;2005;Air;Dioxyde de carbone (CO2) total (d'origine biomasse et non biomasse);76200000;kg/an
0006202256;OI Manufacturing France;2005;Air;Dioxyde de carbone (CO2) total (d'origine biomasse et non biomasse);122000000;kg/an
0006202274;NORSKE SKOG;2005;Air;Dioxyde de carbone (CO2) total (d'origine biomasse et non biomasse);34700000;kg/an
0006202307;LUCART SAS;2005;Air;Dioxyde de carbone (CO2) total (d'origine biomasse et non biomasse);22000000;kg/an
0006202326;SUEZ RV NORD EST;2005;Air;Dioxyde de carbone (CO2) total (d'origine biomasse et non biomasse);11300000;kg/an
0006202392;FENIIX;2005;Air;Dioxyde de carbone (CO2) total (d'origine biomasse et non biomasse);76000000;kg/an
0006202396;EGGER PANNEAUX ET DECORS;2005;Air;Dioxyde de carbone (CO2) total (d'origine biomasse et non biomasse);228000000;kg/an
0006202417;PAPETERIE RAON;2005;Air;Dioxyde de carbone (CO2) total (d'origine biomasse et non biomasse);21000000;kg/an
0006202418;PAPETERIE DES CHATELLES;2005;Air;Dioxyde de carbone (CO2) total (d'origine biomasse et non biomasse);19000000;kg/an
0006202493;GREGOIRE SA;2005;Air;Dioxyde de carbone (CO2) total (d'origine biomasse et non biomasse);16200000;kg/an
0006202608;ENGIE COFELY (Ex ELYO);2005;Air;Dioxyde de carbone (CO2) total (d'origine biomasse et non biomasse);26700000;kg/an
0006204536;GRTgaz - Station de Morelmaison;2005;Air;Dioxyde de carbone (CO2) total (d'origine biomasse et non biomasse);101000000;kg/an
0006204560;LA SNET - Centrale Emile Huchet;2005;Air;Dioxyde de carbone (CO2) total (d'origine biomasse et non biomasse);3220000000;kg/an
0006204691;COGESTAR (Papeterie Arjo Wiggins);2005;Air;Dioxyde de carbone (CO2) total (d'origine biomasse et non biomasse);27600000;kg/an
0006204816;CCV;2005;Air;Dioxyde de carbone (CO2) total (d'origine biomasse et non biomasse);20300000;kg/an
0006204851;INTERPANE GLASS France;2005;Air;Dioxyde de carbone (CO2) total (d'origine biomasse et non biomasse);149000000;kg/an
0006204993;HAGANIS;2005;Air;Dioxyde de carbone (CO2) total (d'origine biomasse et non biomasse);77100000;kg/an
0006205449;SOCIETE DES FOURS A CHAUX DE SORCY;2005;Air;Dioxyde de carbone (CO2) total (d'origine biomasse et non biomasse);404000000;kg/an
0006205585;SODEVAR (Puits Vouters);2005;Air;Dioxyde de carbone (CO2) total (d'origine biomasse et non biomasse);19700000;kg/an
0006205633;EDF Direction Production Ingénierie;2005;Air;Dioxyde de carbone (CO2) total (d'origine biomasse et non biomasse);1990000000;kg/an
0006206515;COGESTAR 2;2005;Air;Dioxyde de carbone (CO2) total (d'origine biomasse et non biomasse);28200000;kg/an
0006206553;DALKIA EBANGE;2005;Air;Dioxyde de carbone (CO2) total (d'origine biomasse et non biomasse);65500000;kg/an
0006206645;Régie municipale d'électricité;2005;Air;Dioxyde de carbone (CO2) total (d'origine biomasse et non biomasse);12200000;kg/an
0006207102;TPF;2005;Air;Dioxyde de carbone (CO2) total (d'origine biomasse et non biomasse);1320000000;kg/an
0006207526;FROMAGERIE HENRI HUTIN;2005;Air;Dioxyde de carbone (CO2) total (d'origine biomasse et non biomasse);13900000;kg/an
0006300877;MICHELIN;2005;Air;Dioxyde de carbone (CO2) total (d'origine biomasse et non biomasse);39700000;kg/an
0006300878;MICHELIN;2005;Air;Dioxyde de carbone (CO2) total (d'origine biomasse et non biomasse);20300000;kg/an
0006300890;LTR INDUSTRIES;2005;Air;Dioxyde de carbone (CO2) total (d'origine biomasse et non biomasse);69100000;kg/an
0006300905;SABOURIN SAS;2005;Air;Dioxyde de carbone (CO2) total (d'origine biomasse et non biomasse);11600000;kg/an
0006300906;LAITERIE DU VAL D'ANCENIS;2005;Air;Dioxyde de carbone (CO2) total (d'origine biomasse et non biomasse);28100000;kg/an
0006300908;LAFARGEHOLCIM CIMENTS (usine cimenterie);2005;Air;Dioxyde de carbone (CO2) total (d'origine biomasse et non biomasse);1050000000;kg/an
0006300911;HUHTAMAKI LA ROCHELLE - HLR;2005;Air;Dioxyde de carbone (CO2) total (d'origine biomasse et non biomasse);13300000;kg/an
0006300949;AIRBUS OPERATIONS SAS;2005;Air;Dioxyde de carbone (CO2) total (d'origine biomasse et non biomasse);11500000;kg/an
0006300974;Terminal Méthanier;2005;Air;Dioxyde de carbone (CO2) total (d'origine biomasse et non biomasse);17700000;kg/an
0006300981;Fromageries Bel Production France;2005;Air;Dioxyde de carbone (CO2) total (d'origine biomasse et non biomasse);11300000;kg/an
0006300987;FMGC;2005;Air;Dioxyde de carbone (CO2) total (d'origine biomasse et non biomasse);29700000;kg/an
0006300995;FONDERIE GM BOUHYER;2005;Air;Dioxyde de carbone (CO2) total (d'origine biomasse et non biomasse);24200000;kg/an
0006301007;HERBIGNAC CHEESE INGREDIENTS;2005;Air;Dioxyde de carbone (CO2) total (d'origine biomasse et non biomasse);15700000;kg/an
0006301010;SOCIETE LAITIERE DE MAYENNE;2005;Air;Dioxyde de carbone (CO2) total (d'origine biomasse et non biomasse);39200000;kg/an
0006301011;FROMAGERE DE BOUVRON (société);2005;Air;Dioxyde de carbone (CO2) total (d'origine biomasse et non biomasse);15100000;kg/an
0006301012;SOCIETE FROMAGERE DE CHARCHIGNE;2005;Air;Dioxyde de carbone (CO2) total (d'origine biomasse et non biomasse);10300000;kg/an
0006301019;BELIPA;2005;Air;Dioxyde de carbone (CO2) total (d'origine biomasse et non biomasse);53800000;kg/an
0006301022;TEREOS Etablissement de Nantes;2005;Air;Dioxyde de carbone (CO2) total (d'origine biomasse et non biomasse);45100000;kg/an
0006301048;ARJO WIGGINS Papiers Couchés S.A.S.;2005;Air;Dioxyde de carbone (CO2) total (d'origine biomasse et non biomasse);76500000;kg/an
0006301049;Arc en Ciel 2034;2005;Air;Dioxyde de carbone (CO2) total (d'origine biomasse et non biomasse);76100000;kg/an
0006301090;Chaufferie Saint-Nicolas;2005;Air;Dioxyde de carbone (CO2) total (d'origine biomasse et non biomasse);16700000;kg/an
0006301114;SECANIM CENTRE;2005;Air;Dioxyde de carbone (CO2) total (d'origine biomasse et non biomasse);31300000;kg/an
0006301117;ArcelorMittal Atlantique et Lorraine;2005;Air;Dioxyde de carbone (CO2) total (d'origine biomasse et non biomasse);34300000;kg/an
0006301130;SOCOPA ENTREPRISE SICO;2005;Air;Dioxyde de carbone (CO2) total (d'origine biomasse et non biomasse);16500000;kg/an
0006301133;SYNER'GIE;2005;Air;Dioxyde de carbone (CO2) total (d'origine biomasse et non biomasse);33000000;kg/an
0006301184;ACI Usine du Mans;2005;Air;Dioxyde de carbone (CO2) total (d'origine biomasse et non biomasse);33000000;kg/an
0006301207;TOTAL Raffinage France;2005;Air;Dioxyde de carbone (CO2) total (d'origine biomasse et non biomasse);1310000000;kg/an
0006301217;EDF SA;2005;Air;Dioxyde de carbone (CO2) total (d'origine biomasse et non biomasse);5270000000;kg/an
0006301299;NORPAPER;2005;Air;Dioxyde de carbone (CO2) total (d'origine biomasse et non biomasse);29300000;kg/an
0006301300;Papeterie le Bourray;2005;Air;Dioxyde de carbone (CO2) total (d'origine biomasse et non biomasse);16900000;kg/an
0006301328;NADIC;2005;Air;Dioxyde de carbone (CO2) total (d'origine biomasse et non biomasse);18000000;kg/an
0006301343;LHOIST FRANCE OUEST;2005;Air;Dioxyde de carbone (CO2) total (d'origine biomasse et non biomasse);303000000;kg/an
0006301344;Syner'Val;2005;Air;Dioxyde de carbone (CO2) total (d'origine biomasse et non biomasse);148000000;kg/an
0006301360;CELIA - LAITERIE DE CRAON;2005;Air;Dioxyde de carbone (CO2) total (d'origine biomasse et non biomasse);21700000;kg/an
0006301389;ALLARD Emballages;2005;Air;Dioxyde de carbone (CO2) total (d'origine biomasse et non biomasse);26300000;kg/an
0006301411;CARGILL France;2005;Air;Dioxyde de carbone (CO2) total (d'origine biomasse et non biomasse);24600000;kg/an
0006301453;ALCEA;2005;Air;Dioxyde de carbone (CO2) total (d'origine biomasse et non biomasse);45200000;kg/an
0006301486;CODEMA;2005;Air;Dioxyde de carbone (CO2) total (d'origine biomasse et non biomasse);19800000;kg/an
0006301584;FIBERTEX NONWOVENS;2005;Air;Dioxyde de carbone (CO2) total (d'origine biomasse et non biomasse);10000000;kg/an
0006301637;SPEM Pointe - ETF;2005;Air;Dioxyde de carbone (CO2) total (d'origine biomasse et non biomasse);67600000;kg/an
0006301733;Fromagerie BEL Production France;2005;Air;Dioxyde de carbone (CO2) total (d'origine biomasse et non biomasse);20700000;kg/an
0006301829;GRT GAZ Station de Cherré;2005;Air;Dioxyde de carbone (CO2) total (d'origine biomasse et non biomasse);31200000;kg/an
0006302020;BOUYER LEROUX INCINERATION;2005;Air;Dioxyde de carbone (CO2) total (d'origine biomasse et non biomasse);22500000;kg/an
0006302129;UIOM de La Roseraie;2005;Air;Dioxyde de carbone (CO2) total (d'origine biomasse et non biomasse);56700000;kg/an
0006302141;SUEZ RV Normandie - ISDND DE SAINT FRAIMBAULT;2005;Air;Dioxyde de carbone (CO2) total (d'origine biomasse et non biomasse);10400000;kg/an
0006302155;CONSEIL DEPART CENTRE VALOR  ENERG;2005;Air;Dioxyde de carbone (CO2) total (d'origine biomasse et non biomasse);58700000;kg/an
0006302298;JEAN RIVEREAU;2005;Air;Dioxyde de carbone (CO2) total (d'origine biomasse et non biomasse);14000000;kg/an
0006302382;BOUYER LEROUX SA;2005;Air;Dioxyde de carbone (CO2) total (d'origine biomasse et non biomasse);36900000;kg/an
0006302547;COGELYO;2005;Air;Dioxyde de carbone (CO2) total (d'origine biomasse et non biomasse);15700000;kg/an
0006302581;SAVED;2005;Air;Dioxyde de carbone (CO2) total (d'origine biomasse et non biomasse);16700000;kg/an
0006302818;DALKIA - CHU Angers;2005;Air;Dioxyde de carbone (CO2) total (d'origine biomasse et non biomasse);13400000;kg/an
0006302858;KERVALIS LES ESSARTS;2005;Air;Dioxyde de carbone (CO2) total (d'origine biomasse et non biomasse);17300000;kg/an
0006303739;COGENERATION DU BOURRAY sté;2005;Air;Dioxyde de carbone (CO2) total (d'origine biomasse et non biomasse);31300000;kg/an
0006303809;SECHE ECO INDUSTRIES site : la Cousinière;2005;Air;Dioxyde de carbone (CO2) total (d'origine biomasse et non biomasse);80200000;kg/an
0006303984;PIGEON CHAUX SAS;2005;Air;Dioxyde de carbone (CO2) total (d'origine biomasse et non biomasse);59300000;kg/an
0006400001;ALTEO GARDANNE;2005;Air;Dioxyde de carbone (CO2) total (d'origine biomasse et non biomasse);276000000;kg/an
0006400004;CEA CADARACHE;2005;Air;Dioxyde de carbone (CO2) total (d'origine biomasse et non biomasse);14600000;kg/an
0006400007;APEE;2005;Air;Dioxyde de carbone (CO2) total (d'origine biomasse et non biomasse);22000000;kg/an
0006400023;gazel energie;2005;Air;Dioxyde de carbone (CO2) total (d'origine biomasse et non biomasse);2930000000;kg/an
0006400024;SOCIETE GARDANNAISE DE COGENERATION;2005;Air;Dioxyde de carbone (CO2) total (d'origine biomasse et non biomasse);182000000;kg/an
0006400033;LFoundry ROUSSET SAS;2005;Air;Dioxyde de carbone (CO2) total (d'origine biomasse et non biomasse);10600000;kg/an
0006400196;SAS ZEPHIRE;2005;Air;Dioxyde de carbone (CO2) total (d'origine biomasse et non biomasse);1230000000;kg/an
0006400259;LAFARGEHOLCIM CIMENTS;2005;Air;Dioxyde de carbone (CO2) total (d'origine biomasse et non biomasse);275000000;kg/an
0006400280;VICAT SA;2005;Air;Dioxyde de carbone (CO2) total (d'origine biomasse et non biomasse);617000000;kg/an
0006400297;VALOMED- UIOM ANTIBES;2005;Air;Dioxyde de carbone (CO2) total (d'origine biomasse et non biomasse);105000000;kg/an
0006400365;ISDND LA GLACIERE;2005;Air;Dioxyde de carbone (CO2) total (d'origine biomasse et non biomasse);14500000;kg/an
0006400402;SAINT-GOBAIN ISOVER;2005;Air;Dioxyde de carbone (CO2) total (d'origine biomasse et non biomasse);39000000;kg/an
0006400414;SUEZ RV ENERGIE;2005;Air;Dioxyde de carbone (CO2) total (d'origine biomasse et non biomasse);118000000;kg/an
0006400445;SMURFIT KAPPA PAPETERIE ALFA D'AVIGNON;2005;Air;Dioxyde de carbone (CO2) total (d'origine biomasse et non biomasse);29300000;kg/an
0006400451;GB FOODS PRODUCTION FRANCE SAS / LIEBIG;2005;Air;Dioxyde de carbone (CO2) total (d'origine biomasse et non biomasse);11300000;kg/an
0006400463;AZUR DISTILLATION;2005;Air;Dioxyde de carbone (CO2) total (d'origine biomasse et non biomasse);11400000;kg/an
0006400499;SEPR;2005;Air;Dioxyde de carbone (CO2) total (d'origine biomasse et non biomasse);12200000;kg/an
0006400503;ROUSSELOT Isle sur Sorgue SAS;2005;Air;Dioxyde de carbone (CO2) total (d'origine biomasse et non biomasse);19300000;kg/an
0006400533;ETEX France (ex SINIAT) Carpentras;2005;Air;Dioxyde de carbone (CO2) total (d'origine biomasse et non biomasse);36300000;kg/an
0006400538;MALAUCENE INDUSTRIES;2005;Air;Dioxyde de carbone (CO2) total (d'origine biomasse et non biomasse);11400000;kg/an
0006400568;VALSUD;2005;Air;Dioxyde de carbone (CO2) total (d'origine biomasse et non biomasse);13100000;kg/an
0006400619;Saint Louis Sucre (Etablissement de Marseille);2005;Air;Dioxyde de carbone (CO2) total (d'origine biomasse et non biomasse);30200000;kg/an
0006400651;ARKEMA FRANCE SA;2005;Air;Dioxyde de carbone (CO2) total (d'origine biomasse et non biomasse);115000000;kg/an
0006400673;NESTLE France Usine de St Menet;2005;Air;Dioxyde de carbone (CO2) total (d'origine biomasse et non biomasse);15000000;kg/an
0006400825;ARKEMA france;2005;Air;Dioxyde de carbone (CO2) total (d'origine biomasse et non biomasse);184000000;kg/an
0006400874;Fibre- Excellence;2005;Air;Dioxyde de carbone (CO2) total (d'origine biomasse et non biomasse);905000000;kg/an
0006400881;GRT GAZ SMC;2005;Air;Dioxyde de carbone (CO2) total (d'origine biomasse et non biomasse);36000000;kg/an
0006400904;CHAUX DE PROVENCE SACAM;2005;Air;Dioxyde de carbone (CO2) total (d'origine biomasse et non biomasse);139000000;kg/an
0006400913;IMERYS PCC France  (ex Solvay SF ex-CCP);2005;Air;Dioxyde de carbone (CO2) total (d'origine biomasse et non biomasse);27400000;kg/an
0006400942;Kem One Lavera;2005;Air;Dioxyde de carbone (CO2) total (d'origine biomasse et non biomasse);83500000;kg/an
0006400955;NAPHTACHIMIE;2005;Air;Dioxyde de carbone (CO2) total (d'origine biomasse et non biomasse);1040000000;kg/an
0006400956;OXOCHIMIE;2005;Air;Dioxyde de carbone (CO2) total (d'origine biomasse et non biomasse);12800000;kg/an
0006400979;CABOT France;2005;Air;Dioxyde de carbone (CO2) total (d'origine biomasse et non biomasse);250000000;kg/an
0006400982;KEM ONE FOS (Ex VINYLFOS);2005;Air;Dioxyde de carbone (CO2) total (d'origine biomasse et non biomasse);115000000;kg/an
0006400990;KEM ONE France;2005;Air;Dioxyde de carbone (CO2) total (d'origine biomasse et non biomasse);65000000;kg/an
0006400997;LYONDELL CHIMIE France SAS;2005;Air;Dioxyde de carbone (CO2) total (d'origine biomasse et non biomasse);250000000;kg/an
0006400998;SOLAMAT MEREX;2005;Air;Dioxyde de carbone (CO2) total (d'origine biomasse et non biomasse);26900000;kg/an
0006401007;COMPAGNIE PETROCHIMIQUE DE BERRE SAS;2005;Air;Dioxyde de carbone (CO2) total (d'origine biomasse et non biomasse);447000000;kg/an
0006401008;Basell Polyoléfines France SAS;2005;Air;Dioxyde de carbone (CO2) total (d'origine biomasse et non biomasse);1140000000;kg/an
0006401009;FIGENAL;2005;Air;Dioxyde de carbone (CO2) total (d'origine biomasse et non biomasse);86300000;kg/an
0006401012;COMPAGNIE PETROCHIMIQUE DE BERRE SAS;2005;Air;Dioxyde de carbone (CO2) total (d'origine biomasse et non biomasse);982000000;kg/an
0006401013;SOLAMAT MEREX;2005;Air;Dioxyde de carbone (CO2) total (d'origine biomasse et non biomasse);19700000;kg/an
0006401019;ASCOMETAL Fos-sur-Mer;2005;Air;Dioxyde de carbone (CO2) total (d'origine biomasse et non biomasse);85600000;kg/an
0006401022;CIFC;2005;Air;Dioxyde de carbone (CO2) total (d'origine biomasse et non biomasse);118000000;kg/an
0006401029;ESSO Raffinage SAS;2005;Air;Dioxyde de carbone (CO2) total (d'origine biomasse et non biomasse);675000000;kg/an
0006401040;IMERYS Aluminates SA;2005;Air;Dioxyde de carbone (CO2) total (d'origine biomasse et non biomasse);143000000;kg/an
0006401052;ARCELORMITTAL Méditerranée;2005;Air;Dioxyde de carbone (CO2) total (d'origine biomasse et non biomasse);8490000000;kg/an
0006401056;TOTAL RAFFINAGE FRANCE;2005;Air;Dioxyde de carbone (CO2) total (d'origine biomasse et non biomasse);1490000000;kg/an
0006401061;EDF CCG de Martigues;2005;Air;Dioxyde de carbone (CO2) total (d'origine biomasse et non biomasse);974000000;kg/an
0006401078;CORIANCE pour STSP;2005;Air;Dioxyde de carbone (CO2) total (d'origine biomasse et non biomasse);14400000;kg/an
0006401079;ELENGY (TONKIN);2005;Air;Dioxyde de carbone (CO2) total (d'origine biomasse et non biomasse);13200000;kg/an
0006401238;SAS CONSERVES DE PROVENCE;2005;Air;Dioxyde de carbone (CO2) total (d'origine biomasse et non biomasse);14900000;kg/an
0006401301;Lafarge couverture;2005;Air;Dioxyde de carbone (CO2) total (d'origine biomasse et non biomasse);13000000;kg/an
0006401321;CONSERVES FRANCE;2005;Air;Dioxyde de carbone (CO2) total (d'origine biomasse et non biomasse);15800000;kg/an
0006401519;LAVERA ENERGIES;2005;Air;Dioxyde de carbone (CO2) total (d'origine biomasse et non biomasse);271000000;kg/an
0006401555;SETHELEC SNC;2005;Air;Dioxyde de carbone (CO2) total (d'origine biomasse et non biomasse);122000000;kg/an
0006401567;LAFARGEHOLCIM CIMENTS;2005;Air;Dioxyde de carbone (CO2) total (d'origine biomasse et non biomasse);451000000;kg/an
0006401622;CHAUX DE LA TOUR;2005;Air;Dioxyde de carbone (CO2) total (d'origine biomasse et non biomasse);118000000;kg/an
0006401643;ETEX France  (ex SINIAT) Per;2005;Air;Dioxyde de carbone (CO2) total (d'origine biomasse et non biomasse);13800000;kg/an
0006402211;Petroineos Manufacturing France SAS;2005;Air;Dioxyde de carbone (CO2) total (d'origine biomasse et non biomasse);1450000000;kg/an
0006402706;EURENCO Sorgues;2005;Air;Dioxyde de carbone (CO2) total (d'origine biomasse et non biomasse);24800000;kg/an
0006403649;BMI MONIER;2005;Air;Dioxyde de carbone (CO2) total (d'origine biomasse et non biomasse);19000000;kg/an
0006405521;SAS VALTEO;2005;Air;Dioxyde de carbone (CO2) total (d'origine biomasse et non biomasse);28100000;kg/an
0006405522;SMIDDEV;2005;Air;Dioxyde de carbone (CO2) total (d'origine biomasse et non biomasse);10600000;kg/an
0006500049;KERAGLASS;2005;Air;Dioxyde de carbone (CO2) total (d'origine biomasse et non biomasse);18100000;kg/an
0006500054;THOMSON VIDEOGLASS;2005;Air;Dioxyde de carbone (CO2) total (d'origine biomasse et non biomasse);53500000;kg/an
0006500510;EURO DISNEY ASSOCIES SAS;2005;Air;Dioxyde de carbone (CO2) total (d'origine biomasse et non biomasse);16700000;kg/an
0006500641;GEREP;2005;Air;Dioxyde de carbone (CO2) total (d'origine biomasse et non biomasse);32100000;kg/an
0006500846;ENGIE - GEODALYS;2005;Air;Dioxyde de carbone (CO2) total (d'origine biomasse et non biomasse);19300000;kg/an
0006501028;V & B Fliesen GmbH;2005;Air;Dioxyde de carbone (CO2) total (d'origine biomasse et non biomasse);30300000;kg/an
0006501113;REP (Décharge de Fouju-Moisenay);2005;Air;Dioxyde de carbone (CO2) total (d'origine biomasse et non biomasse);10500000;kg/an
0006501121;REP;2005;Air;Dioxyde de carbone (CO2) total (d'origine biomasse et non biomasse);208000000;kg/an
0006501167;Borealis Grandpuits;2005;Air;Dioxyde de carbone (CO2) total (d'origine biomasse et non biomasse);710000000;kg/an
0006501169;TOTAL Raffinage France;2005;Air;Dioxyde de carbone (CO2) total (d'origine biomasse et non biomasse);773000000;kg/an
0006501447;GEOVAL (ex SAN Marne la Vallée / Dalkia);2005;Air;Dioxyde de carbone (CO2) total (d'origine biomasse et non biomasse);13600000;kg/an
0006501529;HELIO PRINT (ex H2D ex QUEBECOR );2005;Air;Dioxyde de carbone (CO2) total (d'origine biomasse et non biomasse);20500000;kg/an
0006501663;CGCU Cie GEOTHERMIQUE CHAUFFAGE URBAIN;2005;Air;Dioxyde de carbone (CO2) total (d'origine biomasse et non biomasse);21500000;kg/an
0006501928;GENERIS;2005;Air;Dioxyde de carbone (CO2) total (d'origine biomasse et non biomasse);22300000;kg/an
0006501929;SILEC CABLE;2005;Air;Dioxyde de carbone (CO2) total (d'origine biomasse et non biomasse);11400000;kg/an
0006501936;SAM MONTEREAU;2005;Air;Dioxyde de carbone (CO2) total (d'origine biomasse et non biomasse);92500000;kg/an
0006501948;Chaufferie de Surville;2005;Air;Dioxyde de carbone (CO2) total (d'origine biomasse et non biomasse);16700000;kg/an
0006501956;SAFRAN AIRCRAFT ENGINES;2005;Air;Dioxyde de carbone (CO2) total (d'origine biomasse et non biomasse);50100000;kg/an
0006501966;SOMOVAL (UTOM de Monthyon) (SMITOM);2005;Air;Dioxyde de carbone (CO2) total (d'origine biomasse et non biomasse);105000000;kg/an
0006502055;LESAFFRE Sucrerie;2005;Air;Dioxyde de carbone (CO2) total (d'origine biomasse et non biomasse);24100000;kg/an
0006502108;GTNM;2005;Air;Dioxyde de carbone (CO2) total (d'origine biomasse et non biomasse);10200000;kg/an
0006502229;FRANCE BUILDING PERFORMANCE SA;2005;Air;Dioxyde de carbone (CO2) total (d'origine biomasse et non biomasse);31000000;kg/an
0006502368;Brie Champagne Ethanol;2005;Air;Dioxyde de carbone (CO2) total (d'origine biomasse et non biomasse);42300000;kg/an
0006502612;SIETREM (exploitation Novergie IdF);2005;Air;Dioxyde de carbone (CO2) total (d'origine biomasse et non biomasse);890000000;kg/an
0006502739;OUVRE FILS Sucrerie et Distillerie;2005;Air;Dioxyde de carbone (CO2) total (d'origine biomasse et non biomasse);22900000;kg/an
0006502878;EDF CPE site de Vaires;2005;Air;Dioxyde de carbone (CO2) total (d'origine biomasse et non biomasse);195000000;kg/an
0006503162;STORENGY SA site de Beynes;2005;Air;Dioxyde de carbone (CO2) total (d'origine biomasse et non biomasse);36500000;kg/an
0006503170;ITON SEINE;2005;Air;Dioxyde de carbone (CO2) total (d'origine biomasse et non biomasse);44900000;kg/an
0006503183;HELYSEO;2005;Air;Dioxyde de carbone (CO2) total (d'origine biomasse et non biomasse);112000000;kg/an
0006503198;SUEZ RV ENERGIE;2005;Air;Dioxyde de carbone (CO2) total (d'origine biomasse et non biomasse);79300000;kg/an
0006503218;COFELY;2005;Air;Dioxyde de carbone (CO2) total (d'origine biomasse et non biomasse);36000000;kg/an
0006503227;TECHNOCENTRE RENAULT;2005;Air;Dioxyde de carbone (CO2) total (d'origine biomasse et non biomasse);12800000;kg/an
0006503268;RENAULT FLINS;2005;Air;Dioxyde de carbone (CO2) total (d'origine biomasse et non biomasse);50700000;kg/an
0006503273;VALENE;2005;Air;Dioxyde de carbone (CO2) total (d'origine biomasse et non biomasse);60200000;kg/an
0006503289;CALCIA gargenville (cimenterie);2005;Air;Dioxyde de carbone (CO2) total (d'origine biomasse et non biomasse);324000000;kg/an
0006503322;SARP Industries;2005;Air;Dioxyde de carbone (CO2) total (d'origine biomasse et non biomasse);73400000;kg/an
0006503344;DOMA;2005;Air;Dioxyde de carbone (CO2) total (d'origine biomasse et non biomasse);11300000;kg/an
0006503349;SOMEC;2005;Air;Dioxyde de carbone (CO2) total (d'origine biomasse et non biomasse);44900000;kg/an
0006503406;TERREAL;2005;Air;Dioxyde de carbone (CO2) total (d'origine biomasse et non biomasse);14100000;kg/an
0006503449;PEUGEOT CITROEN POISSY SNC;2005;Air;Dioxyde de carbone (CO2) total (d'origine biomasse et non biomasse);67800000;kg/an
0006503464;EDF CPE PORCHEVILLE;2005;Air;Dioxyde de carbone (CO2) total (d'origine biomasse et non biomasse);999000000;kg/an
0006503465;ALPA ACIERIES LAMINOIRS PARIS;2005;Air;Dioxyde de carbone (CO2) total (d'origine biomasse et non biomasse);61300000;kg/an
0006503493;ENERLAY;2005;Air;Dioxyde de carbone (CO2) total (d'origine biomasse et non biomasse);12700000;kg/an
0006503496;STORENGY SA;2005;Air;Dioxyde de carbone (CO2) total (d'origine biomasse et non biomasse);20200000;kg/an
0006503523;CNIM THIVERVAL GRIGNON;2005;Air;Dioxyde de carbone (CO2) total (d'origine biomasse et non biomasse);193000000;kg/an
0006503571;VELIDIS ex ELYO (Chaufferie VELIZY 3);2005;Air;Dioxyde de carbone (CO2) total (d'origine biomasse et non biomasse);49500000;kg/an
0006503580;VERSEO;2005;Air;Dioxyde de carbone (CO2) total (d'origine biomasse et non biomasse);39900000;kg/an
0006503972;X FAB FRANCE (ex ALTIS SEMICONDUCTOR);2005;Air;Dioxyde de carbone (CO2) total (d'origine biomasse et non biomasse);11600000;kg/an
0006504202;SAFRAN AIRCRAFT ENGINES ( ex SNECMA);2005;Air;Dioxyde de carbone (CO2) total (d'origine biomasse et non biomasse);16700000;kg/an
0006504212;DALKIA Grand Paris Sud Energie Positive;2005;Air;Dioxyde de carbone (CO2) total (d'origine biomasse et non biomasse);59500000;kg/an
0006504238;MAISON d'ARRET de FLEURY MEROGIS;2005;Air;Dioxyde de carbone (CO2) total (d'origine biomasse et non biomasse);11200000;kg/an
0006504288;SIPENR SEER Grigny-Viry;2005;Air;Dioxyde de carbone (CO2) total (d'origine biomasse et non biomasse);21900000;kg/an
0006504556;ENORIS;2005;Air;Dioxyde de carbone (CO2) total (d'origine biomasse et non biomasse);112000000;kg/an
0006504729;WIENERBERGER S.A.S.;2005;Air;Dioxyde de carbone (CO2) total (d'origine biomasse et non biomasse);13900000;kg/an
0006504815;AEROPORTS DE PARIS;2005;Air;Dioxyde de carbone (CO2) total (d'origine biomasse et non biomasse);29000000;kg/an
0006504996;ENGIE COFELY;2005;Air;Dioxyde de carbone (CO2) total (d'origine biomasse et non biomasse);20500000;kg/an
0006505082;SERIVEL;2005;Air;Dioxyde de carbone (CO2) total (d'origine biomasse et non biomasse);167000000;kg/an
0006505130;CONCORDIA ENERGIE;2005;Air;Dioxyde de carbone (CO2) total (d'origine biomasse et non biomasse);14200000;kg/an
0006505185;SIOM;2005;Air;Dioxyde de carbone (CO2) total (d'origine biomasse et non biomasse);64200000;kg/an
0006505237;SOCCRAM Chaufferie de la Grande Borne;2005;Air;Dioxyde de carbone (CO2) total (d'origine biomasse et non biomasse);16400000;kg/an
0006505307;ENERLIS;2005;Air;Dioxyde de carbone (CO2) total (d'origine biomasse et non biomasse);100000000;kg/an
0006505345;NOVERGIE Ile-de-France CVE d'argenteuil;2005;Air;Dioxyde de carbone (CO2) total (d'origine biomasse et non biomasse);366000000;kg/an
0006505451;3M France;2005;Air;Dioxyde de carbone (CO2) total (d'origine biomasse et non biomasse);11100000;kg/an
0006505584;PLACOPLATRE;2005;Air;Dioxyde de carbone (CO2) total (d'origine biomasse et non biomasse);35500000;kg/an
0006505963;BOUQUEVAL ENERGIE;2005;Air;Dioxyde de carbone (CO2) total (d'origine biomasse et non biomasse);134000000;kg/an
0006505997;AEROPORTS DE PARIS - CTFE;2005;Air;Dioxyde de carbone (CO2) total (d'origine biomasse et non biomasse);132000000;kg/an
0006506043;CGECP;2005;Air;Dioxyde de carbone (CO2) total (d'origine biomasse et non biomasse);121000000;kg/an
0006506112;Chaufferie urbaine Bellevue;2005;Air;Dioxyde de carbone (CO2) total (d'origine biomasse et non biomasse);78100000;kg/an
0006506138;Chaufferie de Sarcelles;2005;Air;Dioxyde de carbone (CO2) total (d'origine biomasse et non biomasse);39000000;kg/an
0006506233;CPCU - CENTRALE DE BERCY;2005;Air;Dioxyde de carbone (CO2) total (d'origine biomasse et non biomasse);61500000;kg/an
0006506236;Chaufferie de VAUGIRARD;2005;Air;Dioxyde de carbone (CO2) total (d'origine biomasse et non biomasse);94100000;kg/an
0006506240;Chaufferie de GRENELLE;2005;Air;Dioxyde de carbone (CO2) total (d'origine biomasse et non biomasse);32600000;kg/an
0006506259;TIRU;2005;Air;Dioxyde de carbone (CO2) total (d'origine biomasse et non biomasse);481000000;kg/an
0006506266;CEVE (Ex SDCC);2005;Air;Dioxyde de carbone (CO2) total (d'origine biomasse et non biomasse);27800000;kg/an
0006506270;ENERTHERM;2005;Air;Dioxyde de carbone (CO2) total (d'origine biomasse et non biomasse);121000000;kg/an
0006506277;SAFRAN AIRCRAFT ENGINES;2005;Air;Dioxyde de carbone (CO2) total (d'origine biomasse et non biomasse);25100000;kg/an
0006506282;EDF TAC GENNEVILLIERS;2005;Air;Dioxyde de carbone (CO2) total (d'origine biomasse et non biomasse);14700000;kg/an
0006506295;GENNEVILLIERS ENERGIE;2005;Air;Dioxyde de carbone (CO2) total (d'origine biomasse et non biomasse);25700000;kg/an
0006506303;KALITA;2005;Air;Dioxyde de carbone (CO2) total (d'origine biomasse et non biomasse);15700000;kg/an
0006506320;CICEO;2005;Air;Dioxyde de carbone (CO2) total (d'origine biomasse et non biomasse);10500000;kg/an
0006506325;SOCLIS;2005;Air;Dioxyde de carbone (CO2) total (d'origine biomasse et non biomasse);20400000;kg/an
0006506333;ENGIE RESEAUX;2005;Air;Dioxyde de carbone (CO2) total (d'origine biomasse et non biomasse);33900000;kg/an
0006506348;Dalkia;2005;Air;Dioxyde de carbone (CO2) total (d'origine biomasse et non biomasse);25000000;kg/an
0006506349;Peugeot Citroën Automobiles S.A. Aulnay;2005;Air;Dioxyde de carbone (CO2) total (d'origine biomasse et non biomasse);41300000;kg/an
0006506356;SDCB SAS;2005;Air;Dioxyde de carbone (CO2) total (d'origine biomasse et non biomasse);63400000;kg/an
0006506365;IDEX ENERGIES (SEMECO);2005;Air;Dioxyde de carbone (CO2) total (d'origine biomasse et non biomasse);32800000;kg/an
0006506369;Chaufferie de Bondy;2005;Air;Dioxyde de carbone (CO2) total (d'origine biomasse et non biomasse);19200000;kg/an
0006506395;GEOPICTA;2005;Air;Dioxyde de carbone (CO2) total (d'origine biomasse et non biomasse);21500000;kg/an
0006506415;CHAUFFERIE S.G.R.M.;2005;Air;Dioxyde de carbone (CO2) total (d'origine biomasse et non biomasse);14200000;kg/an
0006506442;Plaine Commune Energie (site FABIEN);2005;Air;Dioxyde de carbone (CO2) total (d'origine biomasse et non biomasse);13700000;kg/an
0006506446;Plaine Commune Energie;2005;Air;Dioxyde de carbone (CO2) total (d'origine biomasse et non biomasse);101000000;kg/an
0006506453;Dalkia Wastenergy;2005;Air;Dioxyde de carbone (CO2) total (d'origine biomasse et non biomasse);522000000;kg/an
0006506454;CPCU ST OUEN I & II;2005;Air;Dioxyde de carbone (CO2) total (d'origine biomasse et non biomasse);548000000;kg/an
0006506455;SEBIO;2005;Air;Dioxyde de carbone (CO2) total (d'origine biomasse et non biomasse);21200000;kg/an
0006506456;SEVEO GIE;2005;Air;Dioxyde de carbone (CO2) total (d'origine biomasse et non biomasse);34400000;kg/an
0006506457;PLAINE COMMUNE ENERGIE;2005;Air;Dioxyde de carbone (CO2) total (d'origine biomasse et non biomasse);18100000;kg/an
0006506493;SCUC CHAUFFERIE A  CENTRE;2005;Air;Dioxyde de carbone (CO2) total (d'origine biomasse et non biomasse);11600000;kg/an
0006506494;SCUC CHAUFFERIE DU PALAIS F;2005;Air;Dioxyde de carbone (CO2) total (d'origine biomasse et non biomasse);11100000;kg/an
0006506495;SCUC CHAUFFERIE ECHAT OUEST;2005;Air;Dioxyde de carbone (CO2) total (d'origine biomasse et non biomasse);13300000;kg/an
0006506496;SCUC CHAUFFERIE CT1;2005;Air;Dioxyde de carbone (CO2) total (d'origine biomasse et non biomasse);14000000;kg/an
0006506498;VALO'MARNE (EX CIE);2005;Air;Dioxyde de carbone (CO2) total (d'origine biomasse et non biomasse);206000000;kg/an
0006506505;RCU;2005;Air;Dioxyde de carbone (CO2) total (d'origine biomasse et non biomasse);52000000;kg/an
0006506514;IVRY PARIS 13;2005;Air;Dioxyde de carbone (CO2) total (d'origine biomasse et non biomasse);591000000;kg/an
0006506515;CPCU - CENTRALE D'IVRY;2005;Air;Dioxyde de carbone (CO2) total (d'origine biomasse et non biomasse);38200000;kg/an
0006506520;BIO SPRINGER;2005;Air;Dioxyde de carbone (CO2) total (d'origine biomasse et non biomasse);50400000;kg/an
0006506529;GENERIS;2005;Air;Dioxyde de carbone (CO2) total (d'origine biomasse et non biomasse);96100000;kg/an
0006506552;Centre de Production de Vitry-sur-Seine;2005;Air;Dioxyde de carbone (CO2) total (d'origine biomasse et non biomasse);46500000;kg/an
0006506556;Societe de Distribution de chaleur de Vitry;2005;Air;Dioxyde de carbone (CO2) total (d'origine biomasse et non biomasse);52900000;kg/an
0006506558;EDF CPE Vitry Sur Seine;2005;Air;Dioxyde de carbone (CO2) total (d'origine biomasse et non biomasse);1450000000;kg/an
0006506767;REP;2005;Air;Dioxyde de carbone (CO2) total (d'origine biomasse et non biomasse);50300000;kg/an
0006506939;SIAAP;2005;Air;Dioxyde de carbone (CO2) total (d'origine biomasse et non biomasse);132000000;kg/an
0006506941;Chaufferie de Meaux Beauval;2005;Air;Dioxyde de carbone (CO2) total (d'origine biomasse et non biomasse);64700000;kg/an
0006507039;Cogénération de Renault Flins;2005;Air;Dioxyde de carbone (CO2) total (d'origine biomasse et non biomasse);101000000;kg/an
0006507535;DALKIA (CH René Dubost);2005;Air;Dioxyde de carbone (CO2) total (d'origine biomasse et non biomasse);11600000;kg/an
0006508159;KNAUF PLATRES et Cie;2005;Air;Dioxyde de carbone (CO2) total (d'origine biomasse et non biomasse);56100000;kg/an
0006508918;Centre CEA Paris-Saclay - Site de Saclay;2005;Air;Dioxyde de carbone (CO2) total (d'origine biomasse et non biomasse);17900000;kg/an
0006510421;SEMAVERT - ISDND;2005;Air;Dioxyde de carbone (CO2) total (d'origine biomasse et non biomasse);50900000;kg/an
0006511220;Station de Compression de Château Landon;2005;Air;Dioxyde de carbone (CO2) total (d'origine biomasse et non biomasse);14700000;kg/an
0006600081;TERREAL CASTELNAUDARY;2005;Air;Dioxyde de carbone (CO2) total (d'origine biomasse et non biomasse);15500000;kg/an
0006600156;TERREAL LABASTIDE d'ANJOU;2005;Air;Dioxyde de carbone (CO2) total (d'origine biomasse et non biomasse);20900000;kg/an
0006600171;TERREAL LASBORDES;2005;Air;Dioxyde de carbone (CO2) total (d'origine biomasse et non biomasse);19500000;kg/an
0006600247;Orano Chimie Enrichissement Malvési;2005;Air;Dioxyde de carbone (CO2) total (d'origine biomasse et non biomasse);16100000;kg/an
0006600262;LAFARGE HOLCIM;2005;Air;Dioxyde de carbone (CO2) total (d'origine biomasse et non biomasse);565000000;kg/an
0006600334;TERREAL ST MARTIN LALANDE;2005;Air;Dioxyde de carbone (CO2) total (d'origine biomasse et non biomasse);15300000;kg/an
0006600429;EDF - CPT;2005;Air;Dioxyde de carbone (CO2) total (d'origine biomasse et non biomasse);547000000;kg/an
0006600432;SANOFI-CHIMIE;2005;Air;Dioxyde de carbone (CO2) total (d'origine biomasse et non biomasse);12300000;kg/an
0006600453;Société des CIMENTS CALCIA;2005;Air;Dioxyde de carbone (CO2) total (d'origine biomasse et non biomasse);550000000;kg/an
0006600514;CEA Marcoule;2005;Air;Dioxyde de carbone (CO2) total (d'origine biomasse et non biomasse);30300000;kg/an
0006600541;SA PAREFEUILLE-PROVENCE;2005;Air;Dioxyde de carbone (CO2) total (d'origine biomasse et non biomasse);14300000;kg/an
0006600562;OWENS-CORNING FIBERGLAS;2005;Air;Dioxyde de carbone (CO2) total (d'origine biomasse et non biomasse);38100000;kg/an
0006600563;FERROPEM;2005;Air;Dioxyde de carbone (CO2) total (d'origine biomasse et non biomasse);155000000;kg/an
0006600637;NIMERGIE SAS;2005;Air;Dioxyde de carbone (CO2) total (d'origine biomasse et non biomasse);49000000;kg/an
0006600803;UNION DES DISTILLERIES DE LA MEDITERRANE;2005;Air;Dioxyde de carbone (CO2) total (d'origine biomasse et non biomasse);12200000;kg/an
0006600812;O-I FRANCE SAS;2005;Air;Dioxyde de carbone (CO2) total (d'origine biomasse et non biomasse);77300000;kg/an
0006600893;OI France;2005;Air;Dioxyde de carbone (CO2) total (d'origine biomasse et non biomasse);53500000;kg/an
0006601065;OCREAL;2005;Air;Dioxyde de carbone (CO2) total (d'origine biomasse et non biomasse);104000000;kg/an
0006601105;DALKIA FRANCE;2005;Air;Dioxyde de carbone (CO2) total (d'origine biomasse et non biomasse);13800000;kg/an
0006601262;Centrale de Cogénération de Sète;2005;Air;Dioxyde de carbone (CO2) total (d'origine biomasse et non biomasse);25400000;kg/an
0006601279;Communauté Agglomération Bassin de Thau;2005;Air;Dioxyde de carbone (CO2) total (d'origine biomasse et non biomasse);66400000;kg/an
0006601281;SAIPOL;2005;Air;Dioxyde de carbone (CO2) total (d'origine biomasse et non biomasse);14400000;kg/an
0006601361;STERIMED;2005;Air;Dioxyde de carbone (CO2) total (d'origine biomasse et non biomasse);20400000;kg/an
0006601388;DECHARGE - SUEZ RV MEDI (COL DE LA DONE);2005;Air;Dioxyde de carbone (CO2) total (d'origine biomasse et non biomasse);10700000;kg/an
0006601574;GIE CHIMIE SALINDRES;2005;Air;Dioxyde de carbone (CO2) total (d'origine biomasse et non biomasse);19300000;kg/an
0006601577;AXENS;2005;Air;Dioxyde de carbone (CO2) total (d'origine biomasse et non biomasse);20900000;kg/an
0006601579;MAIRIE de NIMES (Les Lauzières);2005;Air;Dioxyde de carbone (CO2) total (d'origine biomasse et non biomasse);27700000;kg/an
0006700361;NLMK Strasbourg;2005;Air;Dioxyde de carbone (CO2) total (d'origine biomasse et non biomasse);30200000;kg/an
0006700373;SETE;2005;Air;Dioxyde de carbone (CO2) total (d'origine biomasse et non biomasse);45800000;kg/an
0006700386;SITDCE - CENTRE DE VALORISATION ENERGETIQUE;2005;Air;Dioxyde de carbone (CO2) total (d'origine biomasse et non biomasse);201000000;kg/an
0006700387;SCCU CENTRALE THERMIQUE;2005;Air;Dioxyde de carbone (CO2) total (d'origine biomasse et non biomasse);25100000;kg/an
0006700393;CLARIANT Production (France) - Usine de Huningue;2005;Air;Dioxyde de carbone (CO2) total (d'origine biomasse et non biomasse);10700000;kg/an
0006700404;ROQUETTE FRERES;2005;Air;Dioxyde de carbone (CO2) total (d'origine biomasse et non biomasse);130000000;kg/an
0006700413;TREDI Strasbourg;2005;Air;Dioxyde de carbone (CO2) total (d'origine biomasse et non biomasse);37100000;kg/an
0006700426;DOW France SAS (ex ROHM AND HAAS);2005;Air;Dioxyde de carbone (CO2) total (d'origine biomasse et non biomasse);29400000;kg/an
0006700428;CENPA SAS;2005;Air;Dioxyde de carbone (CO2) total (d'origine biomasse et non biomasse);18100000;kg/an
0006700429;DSM Nutritional Products France;2005;Air;Dioxyde de carbone (CO2) total (d'origine biomasse et non biomasse);13700000;kg/an
0006700445;ALCOA ARCHITECTURALS PRODUCTS USINE 1;2005;Air;Dioxyde de carbone (CO2) total (d'origine biomasse et non biomasse);10500000;kg/an
0006700464;ETEX FRANCE BUILDING PERFORMANCE;2005;Air;Dioxyde de carbone (CO2) total (d'origine biomasse et non biomasse);20200000;kg/an
0006700467;PSA Peugeot Citroën SNC Mulhouse;2005;Air;Dioxyde de carbone (CO2) total (d'origine biomasse et non biomasse);61700000;kg/an
0006700469;CONSTELLIUM NEUF BRISACH;2005;Air;Dioxyde de carbone (CO2) total (d'origine biomasse et non biomasse);124000000;kg/an
0006700471;BOREALIS PEC RHIN;2005;Air;Dioxyde de carbone (CO2) total (d'origine biomasse et non biomasse);335000000;kg/an
0006700472;PAPETERIES DU RHIN;2005;Air;Dioxyde de carbone (CO2) total (d'origine biomasse et non biomasse);12000000;kg/an
0006700479;Petroplus Raffinage Reichstett;2005;Air;Dioxyde de carbone (CO2) total (d'origine biomasse et non biomasse);487000000;kg/an
0006700503;BASF;2005;Air;Dioxyde de carbone (CO2) total (d'origine biomasse et non biomasse);17100000;kg/an
0006700513;BUTACHIMIE;2005;Air;Dioxyde de carbone (CO2) total (d'origine biomasse et non biomasse);307000000;kg/an
0006700526;ARLANXEO Emulsion Rubber France SAS;2005;Air;Dioxyde de carbone (CO2) total (d'origine biomasse et non biomasse);57100000;kg/an
0006700536;Sénerval UVE;2005;Air;Dioxyde de carbone (CO2) total (d'origine biomasse et non biomasse);212000000;kg/an
0006700538;ALSACHIMIE;2005;Air;Dioxyde de carbone (CO2) total (d'origine biomasse et non biomasse);500000000;kg/an
0006700541;EUROGLAS;2005;Air;Dioxyde de carbone (CO2) total (d'origine biomasse et non biomasse);97700000;kg/an
0006700567;DS SMITH PAPER KAYSERSBERG;2005;Air;Dioxyde de carbone (CO2) total (d'origine biomasse et non biomasse);71800000;kg/an
0006700569;SUEZ RV Nord Est RETZWILLER;2005;Air;Dioxyde de carbone (CO2) total (d'origine biomasse et non biomasse);15300000;kg/an
0006700598;WIENERBERGER SAS;2005;Air;Dioxyde de carbone (CO2) total (d'origine biomasse et non biomasse);49900000;kg/an
0006700607;Papeteries de turckheim;2005;Air;Dioxyde de carbone (CO2) total (d'origine biomasse et non biomasse);62800000;kg/an
0006700612;LILLY FRANCE;2005;Air;Dioxyde de carbone (CO2) total (d'origine biomasse et non biomasse);12800000;kg/an
0006700619;Centrale Thermique de Didenheim;2005;Air;Dioxyde de carbone (CO2) total (d'origine biomasse et non biomasse);28200000;kg/an
0006700632;KRONENBOURG SUPPLY COMPANY SAS;2005;Air;Dioxyde de carbone (CO2) total (d'origine biomasse et non biomasse);34800000;kg/an
0006700637;WIENERBERGER SAS;2005;Air;Dioxyde de carbone (CO2) total (d'origine biomasse et non biomasse);39300000;kg/an
0006700642;ESSITY (ex TISSUE FRANCE);2005;Air;Dioxyde de carbone (CO2) total (d'origine biomasse et non biomasse);35600000;kg/an
0006700643;TEREOS STARCH & SWEETENERS EUROPE;2005;Air;Dioxyde de carbone (CO2) total (d'origine biomasse et non biomasse);98000000;kg/an
0006700653;TRONOX France SAS;2005;Air;Dioxyde de carbone (CO2) total (d'origine biomasse et non biomasse);23700000;kg/an
0006700656;VELCOREX since 1828;2005;Air;Dioxyde de carbone (CO2) total (d'origine biomasse et non biomasse);17700000;kg/an
0006700663;CRISTAL UNION;2005;Air;Dioxyde de carbone (CO2) total (d'origine biomasse et non biomasse);47200000;kg/an
0006700664;BRIQUETERIE DE ROUFFACH;2005;Air;Dioxyde de carbone (CO2) total (d'origine biomasse et non biomasse);13700000;kg/an
0006700668;BLUE PAPER;2005;Air;Dioxyde de carbone (CO2) total (d'origine biomasse et non biomasse);66200000;kg/an
0006700673;VALEAURHIN;2005;Air;Dioxyde de carbone (CO2) total (d'origine biomasse et non biomasse);37400000;kg/an
0006700678;RHODIA Opérations;2005;Air;Dioxyde de carbone (CO2) total (d'origine biomasse et non biomasse);18100000;kg/an
0006700701;HOLCIM HAUT-RHIN;2005;Air;Dioxyde de carbone (CO2) total (d'origine biomasse et non biomasse);301000000;kg/an
0006700720;SIL FALA;2005;Air;Dioxyde de carbone (CO2) total (d'origine biomasse et non biomasse);23200000;kg/an
0006700724;CHALEUR HAUTEPIERRE;2005;Air;Dioxyde de carbone (CO2) total (d'origine biomasse et non biomasse);53600000;kg/an
0006700746;COGERI;2005;Air;Dioxyde de carbone (CO2) total (d'origine biomasse et non biomasse);37600000;kg/an
0006700794;WIENERBERGER;2005;Air;Dioxyde de carbone (CO2) total (d'origine biomasse et non biomasse);23600000;kg/an
0006700795;SITEK INSULATION S.A.S.;2005;Air;Dioxyde de carbone (CO2) total (d'origine biomasse et non biomasse);25800000;kg/an
0006701841;EVNA;2005;Air;Dioxyde de carbone (CO2) total (d'origine biomasse et non biomasse);58300000;kg/an
0006702200;Linde France Usine de Chalampé;2005;Air;Dioxyde de carbone (CO2) total (d'origine biomasse et non biomasse);126000000;kg/an
0006702209;SIVOM agglo mulhousienne Sausheim - UIOM;2005;Air;Dioxyde de carbone (CO2) total (d'origine biomasse et non biomasse);109000000;kg/an
0006702264;Groupe Hospitalier Région de Mulhouse et Sud Alsace;2005;Air;Dioxyde de carbone (CO2) total (d'origine biomasse et non biomasse);14100000;kg/an
0006702335;COGENERATION LAFARGE PLATRE;2005;Air;Dioxyde de carbone (CO2) total (d'origine biomasse et non biomasse);17500000;kg/an
0006702686;TRONOX FRANCE SAS;2005;Air;Dioxyde de carbone (CO2) total (d'origine biomasse et non biomasse);12500000;kg/an
0006702704;STRASBOURG ENERGIE;2005;Air;Dioxyde de carbone (CO2) total (d'origine biomasse et non biomasse);36400000;kg/an
0006703195;Dow AgroSciences S.A.S.;2005;Air;Dioxyde de carbone (CO2) total (d'origine biomasse et non biomasse);17900000;kg/an
0006801150;SOCLI;2005;Air;Dioxyde de carbone (CO2) total (d'origine biomasse et non biomasse);33400000;kg/an
0006801419;SAS EDILIANS;2005;Air;Dioxyde de carbone (CO2) total (d'origine biomasse et non biomasse);12900000;kg/an
0006802150;ANDROS Usine Andros;2005;Air;Dioxyde de carbone (CO2) total (d'origine biomasse et non biomasse);12900000;kg/an
0006802181;Aubert et Duval usine de Pamiers;2005;Air;Dioxyde de carbone (CO2) total (d'origine biomasse et non biomasse);18000000;kg/an
0006802185;Papeteries de Saint-Girons SAS;2005;Air;Dioxyde de carbone (CO2) total (d'origine biomasse et non biomasse);22200000;kg/an
0006802235;EDF CPE site d'ALBI;2005;Air;Dioxyde de carbone (CO2) total (d'origine biomasse et non biomasse);446000000;kg/an
0006802238;VOA VERRERIE OUVRIERE D' ALBI SA;2005;Air;Dioxyde de carbone (CO2) total (d'origine biomasse et non biomasse);78600000;kg/an
0005800492;CITRON SA;2005;Air;Dioxyde de carbone (CO2) total (d'origine biomasse et non biomasse);35000000;kg/an
0006802285;SAS GELATINES WEISHARDT;2005;Air;Dioxyde de carbone (CO2) total (d'origine biomasse et non biomasse);16600000;kg/an
0006802298;SAS TARNAISE DES PANNEAUX;2005;Air;Dioxyde de carbone (CO2) total (d'origine biomasse et non biomasse);64700000;kg/an
0006802344;AIRBUS OPERATIONS SAS site Clément Ader;2005;Air;Dioxyde de carbone (CO2) total (d'origine biomasse et non biomasse);22400000;kg/an
0006802353;AIRBUS OPERATIONS SAS  St Martin du TOUCH;2005;Air;Dioxyde de carbone (CO2) total (d'origine biomasse et non biomasse);21300000;kg/an
0006802373;CNES - Centre Spatial de Toulouse (CST);2005;Air;Dioxyde de carbone (CO2) total (d'origine biomasse et non biomasse);11300000;kg/an
0006802385;BOUYER LEROUX site de COLOMIERS;2005;Air;Dioxyde de carbone (CO2) total (d'origine biomasse et non biomasse);147000000;kg/an
0006802412;SETMI;2005;Air;Dioxyde de carbone (CO2) total (d'origine biomasse et non biomasse);160000000;kg/an
0005800495;Unité de Valorisation Energétique VESTA;2005;Air;Dioxyde de carbone (CO2) total (d'origine biomasse et non biomasse);279000000;kg/an
0006802424;SOCIETE TRAITEMENTS CHIMIQUES DES METAUX;2005;Air;Dioxyde de carbone (CO2) total (d'origine biomasse et non biomasse);10800000;kg/an
0006802453;VILLEROY ET BOCH SAS;2005;Air;Dioxyde de carbone (CO2) total (d'origine biomasse et non biomasse);11300000;kg/an
0006802467;SOCIETE FROMAGERE DE RODEZ;2005;Air;Dioxyde de carbone (CO2) total (d'origine biomasse et non biomasse);10000000;kg/an
0005800496;EXXONMOBIL CHEMICAL FRANCE;2005;Air;Dioxyde de carbone (CO2) total (d'origine biomasse et non biomasse);32800000;kg/an
0006802504;ALUMINIUM PECHINEY - USINE DE LANNEMEZAN;2005;Air;Dioxyde de carbone (CO2) total (d'origine biomasse et non biomasse);93500000;kg/an
0005800519;ExxonMobil Polymeres;2005;Air;Dioxyde de carbone (CO2) total (d'origine biomasse et non biomasse);18200000;kg/an
0006802505;ARKEMA;2005;Air;Dioxyde de carbone (CO2) total (d'origine biomasse et non biomasse);42800000;kg/an
0006802513;FERROPEM;2005;Air;Dioxyde de carbone (CO2) total (d'origine biomasse et non biomasse);35200000;kg/an
0005800523;NESTLE France;2005;Air;Dioxyde de carbone (CO2) total (d'origine biomasse et non biomasse);89600000;kg/an
0006802544;BASF HEALTH AND CARE PRODUCTS FRANCE;2005;Air;Dioxyde de carbone (CO2) total (d'origine biomasse et non biomasse);11400000;kg/an
0006802548;FIBRE EXCELLENCE SAINT-GAUDENS;2005;Air;Dioxyde de carbone (CO2) total (d'origine biomasse et non biomasse);795000000;kg/an
0005800540;DA ALIZAY;2005;Air;Dioxyde de carbone (CO2) total (d'origine biomasse et non biomasse);831000000;kg/an
0006802560;ECONOTRE;2005;Air;Dioxyde de carbone (CO2) total (d'origine biomasse et non biomasse);153000000;kg/an
0006802598;LAFARGE CIMENTS;2005;Air;Dioxyde de carbone (CO2) total (d'origine biomasse et non biomasse);574000000;kg/an
0005800571;VALLOUREC TUBES FRANCE;2005;Air;Dioxyde de carbone (CO2) total (d'origine biomasse et non biomasse);37500000;kg/an
0006802657;Centrale de Cogénération SETHELEC de Graulhet;2005;Air;Dioxyde de carbone (CO2) total (d'origine biomasse et non biomasse);25800000;kg/an
0005800575;LUBRIZOL France;2005;Air;Dioxyde de carbone (CO2) total (d'origine biomasse et non biomasse);45800000;kg/an
0006802726;SUEZ RV ENERGIE;2005;Air;Dioxyde de carbone (CO2) total (d'origine biomasse et non biomasse);23700000;kg/an
0006802812;IMERYS TC;2005;Air;Dioxyde de carbone (CO2) total (d'origine biomasse et non biomasse);14600000;kg/an
0006802838;MEYLAN 60;2005;Air;Dioxyde de carbone (CO2) total (d'origine biomasse et non biomasse);15700000;kg/an
0005800585;KIMBERLY CLARK SNC;2005;Air;Dioxyde de carbone (CO2) total (d'origine biomasse et non biomasse);22800000;kg/an
0006802885;IMERYS T C - Site industriel de Bessens;2005;Air;Dioxyde de carbone (CO2) total (d'origine biomasse et non biomasse);15300000;kg/an
0005800587;ESSITY OPERATIONS FRANCE;2005;Air;Dioxyde de carbone (CO2) total (d'origine biomasse et non biomasse);36300000;kg/an
0006802899;RANGUEIL ENERGIE SERVICES;2005;Air;Dioxyde de carbone (CO2) total (d'origine biomasse et non biomasse);18000000;kg/an
0005800595;HOLOPHANE SAS;2005;Air;Dioxyde de carbone (CO2) total (d'origine biomasse et non biomasse);36600000;kg/an
0005800606;SOCIETE CHIMIQUE DE OISSEL;2005;Air;Dioxyde de carbone (CO2) total (d'origine biomasse et non biomasse);15400000;kg/an
0006803147;CONSTELLATION UTILITES SERVICES;2005;Air;Dioxyde de carbone (CO2) total (d'origine biomasse et non biomasse);22600000;kg/an
0005800607;BOREALIS CHIMIE;2005;Air;Dioxyde de carbone (CO2) total (d'origine biomasse et non biomasse);486000000;kg/an
0006803406;CHU Rangueil;2005;Air;Dioxyde de carbone (CO2) total (d'origine biomasse et non biomasse);10600000;kg/an
0006803426;SIDENERGIE SA;2005;Air;Dioxyde de carbone (CO2) total (d'origine biomasse et non biomasse);18600000;kg/an
0005800610;SAINT LOUIS SUCRE;2005;Air;Dioxyde de carbone (CO2) total (d'origine biomasse et non biomasse);118000000;kg/an
0006803442;TERREAL;2005;Air;Dioxyde de carbone (CO2) total (d'origine biomasse et non biomasse);21000000;kg/an
0005800635;ARLANXEO ELASTOMERES FRANCE SAS;2005;Air;Dioxyde de carbone (CO2) total (d'origine biomasse et non biomasse);34100000;kg/an
0006803836;EDILIANS (ex imerys Tuilerie Leguevin);2005;Air;Dioxyde de carbone (CO2) total (d'origine biomasse et non biomasse);26500000;kg/an
0006900013;EDF SEI;2005;Air;Dioxyde de carbone (CO2) total (d'origine biomasse et non biomasse);205000000;kg/an
0005800763;BARRY CALLEBAUT FRANCE;2005;Air;Dioxyde de carbone (CO2) total (d'origine biomasse et non biomasse);14000000;kg/an
0007000190;EQIOM;2005;Air;Dioxyde de carbone (CO2) total (d'origine biomasse et non biomasse);358000000;kg/an
0007000436;HEINEKEN ENTREPRISE;2005;Air;Dioxyde de carbone (CO2) total (d'origine biomasse et non biomasse);15000000;kg/an
0005801049;VERRERIES BROSSE SAS;2005;Air;Dioxyde de carbone (CO2) total (d'origine biomasse et non biomasse);10600000;kg/an
0005801243;ECOSTU'AIR;2005;Air;Dioxyde de carbone (CO2) total (d'origine biomasse et non biomasse);137000000;kg/an
0007000438;DILLINGER (ex GTS INDUSTRIES);2005;Air;Dioxyde de carbone (CO2) total (d'origine biomasse et non biomasse);87300000;kg/an
0005801260;centre de traitement des déchets;2005;Air;Dioxyde de carbone (CO2) total (d'origine biomasse et non biomasse);19200000;kg/an
0007000442;SAINT GOBAIN GLASS FRANCE;2005;Air;Dioxyde de carbone (CO2) total (d'origine biomasse et non biomasse);117000000;kg/an
0005801277;Chaufferie de Mont-Saint-Aignan;2005;Air;Dioxyde de carbone (CO2) total (d'origine biomasse et non biomasse);29400000;kg/an
0007000460;SITA FD - La Caloterie;2005;Air;Dioxyde de carbone (CO2) total (d'origine biomasse et non biomasse);14600000;kg/an
0007000461;SUEZ RV NORD EST - ISDND Lewarde;2005;Air;Dioxyde de carbone (CO2) total (d'origine biomasse et non biomasse);37300000;kg/an
0005801362;TARANIS DU ROUVRAY;2005;Air;Dioxyde de carbone (CO2) total (d'origine biomasse et non biomasse);296000000;kg/an
0007000463;SUEZ RV NORD EST - ISDND Hersin-Coupigny;2005;Air;Dioxyde de carbone (CO2) total (d'origine biomasse et non biomasse);46600000;kg/an
0005801522;LINEX PANNEAUX;2005;Air;Dioxyde de carbone (CO2) total (d'origine biomasse et non biomasse);55200000;kg/an
0007000481;HSWT;2005;Air;Dioxyde de carbone (CO2) total (d'origine biomasse et non biomasse);32800000;kg/an
0007000483;ARKEMA FRANCE;2005;Air;Dioxyde de carbone (CO2) total (d'origine biomasse et non biomasse);22400000;kg/an
0005801612;COGELYO Ouest SAIPOL;2005;Air;Dioxyde de carbone (CO2) total (d'origine biomasse et non biomasse);40900000;kg/an
0007000489;NORPAPER AVOT-VALLEE SAS;2005;Air;Dioxyde de carbone (CO2) total (d'origine biomasse et non biomasse);24700000;kg/an
0007000490;RDM BLENDECQUES SAS;2005;Air;Dioxyde de carbone (CO2) total (d'origine biomasse et non biomasse);78600000;kg/an
0005801681;VERESCENCE;2005;Air;Dioxyde de carbone (CO2) total (d'origine biomasse et non biomasse);127000000;kg/an
0005801770;SETOM;2005;Air;Dioxyde de carbone (CO2) total (d'origine biomasse et non biomasse);80200000;kg/an
0005801788;FICOBEL;2005;Air;Dioxyde de carbone (CO2) total (d'origine biomasse et non biomasse);87200000;kg/an
0007000492;Cartonneries de Gondardenne;2005;Air;Dioxyde de carbone (CO2) total (d'origine biomasse et non biomasse);64700000;kg/an
0007000504;EDF Direction Production Ingénierie -;2005;Air;Dioxyde de carbone (CO2) total (d'origine biomasse et non biomasse);1080000000;kg/an
0005801843;SDCMG COFELY ex ELYO CENTRE OUEST;2005;Air;Dioxyde de carbone (CO2) total (d'origine biomasse et non biomasse);18300000;kg/an
0007000508;COMILOG ex Dunkerque Electrométallurgie;2005;Air;Dioxyde de carbone (CO2) total (d'origine biomasse et non biomasse);76000000;kg/an
0007000509;EDF CPE site de Dunkerque;2005;Air;Dioxyde de carbone (CO2) total (d'origine biomasse et non biomasse);378000000;kg/an
0005802051;CENTRE HOSPITALIER UNIVERSITAIRE;2005;Air;Dioxyde de carbone (CO2) total (d'origine biomasse et non biomasse);10600000;kg/an
0007000534;SYNTHEXIM (Site Calaire);2005;Air;Dioxyde de carbone (CO2) total (d'origine biomasse et non biomasse);25700000;kg/an
0005802143;EDF;2005;Air;Dioxyde de carbone (CO2) total (d'origine biomasse et non biomasse);3150000000;kg/an
0007000540;BLEDINA;2005;Air;Dioxyde de carbone (CO2) total (d'origine biomasse et non biomasse);15800000;kg/an
0005802195;Centrale thermique de Smurfit Socar;2005;Air;Dioxyde de carbone (CO2) total (d'origine biomasse et non biomasse);19000000;kg/an
0007000542;Auchelaine SARL;2005;Air;Dioxyde de carbone (CO2) total (d'origine biomasse et non biomasse);12300000;kg/an
0007000554;CVE de Maubeuge;2005;Air;Dioxyde de carbone (CO2) total (d'origine biomasse et non biomasse);63600000;kg/an
0005802360;TRIADIS SERVICES;2005;Air;Dioxyde de carbone (CO2) total (d'origine biomasse et non biomasse);25200000;kg/an
0007000574;R-Energies Chaufferie de L'Alma;2005;Air;Dioxyde de carbone (CO2) total (d'origine biomasse et non biomasse);17300000;kg/an
0007000588;Société de la Raffinerie de Dunkerque;2005;Air;Dioxyde de carbone (CO2) total (d'origine biomasse et non biomasse);275000000;kg/an
0005900119;VILLE DE BESANCON (CELSIUS);2005;Air;Dioxyde de carbone (CO2) total (d'origine biomasse et non biomasse);39800000;kg/an
0007000620;VYNOVA MAZINGARBE  SAS;2005;Air;Dioxyde de carbone (CO2) total (d'origine biomasse et non biomasse);42500000;kg/an
0007000621;ARC FRANCE;2005;Air;Dioxyde de carbone (CO2) total (d'origine biomasse et non biomasse);365000000;kg/an
0005900367;WIENERBERGER (EX KORAMIC);2005;Air;Dioxyde de carbone (CO2) total (d'origine biomasse et non biomasse);34000000;kg/an
0007000632;VTFR Tuberie (ex V&M France - TUBERIE);2005;Air;Dioxyde de carbone (CO2) total (d'origine biomasse et non biomasse);53200000;kg/an
0005900458;VALINEA;2005;Air;Dioxyde de carbone (CO2) total (d'origine biomasse et non biomasse);44900000;kg/an
0007000635;BEFESA  VALERA SAS;2005;Air;Dioxyde de carbone (CO2) total (d'origine biomasse et non biomasse);49500000;kg/an
0005900530;PREVAL HD UIOM;2005;Air;Dioxyde de carbone (CO2) total (d'origine biomasse et non biomasse);41500000;kg/an
0007000637;MG-VALDUNES;2005;Air;Dioxyde de carbone (CO2) total (d'origine biomasse et non biomasse);12400000;kg/an
0007000646;BONDUELLE EUROPE LONG LIFE (BELL) ex BCI;2005;Air;Dioxyde de carbone (CO2) total (d'origine biomasse et non biomasse);18500000;kg/an
0007000648;ETABLISSEMENTS BOCAHUT SAS.;2005;Air;Dioxyde de carbone (CO2) total (d'origine biomasse et non biomasse);113000000;kg/an
0005900536;ARMSTRONG BUILDING PRODUCTS S.A.;2005;Air;Dioxyde de carbone (CO2) total (d'origine biomasse et non biomasse);52100000;kg/an
0007000656;Sucrerie de BOIRY;2005;Air;Dioxyde de carbone (CO2) total (d'origine biomasse et non biomasse);71100000;kg/an
0007000658;TEREOS France;2005;Air;Dioxyde de carbone (CO2) total (d'origine biomasse et non biomasse);88000000;kg/an
0005900608;PEUGEOT CITROEN SOCHAUX SNC;2005;Air;Dioxyde de carbone (CO2) total (d'origine biomasse et non biomasse);81000000;kg/an
0007000661;MC CAIN ALIMENTAIRE;2005;Air;Dioxyde de carbone (CO2) total (d'origine biomasse et non biomasse);28800000;kg/an
0007000663;UNIPER FRANCE POWER SAS ex-EON ex-SNET;2005;Air;Dioxyde de carbone (CO2) total (d'origine biomasse et non biomasse);930000000;kg/an
0005900787;EDILIANS;2005;Air;Dioxyde de carbone (CO2) total (d'origine biomasse et non biomasse);16000000;kg/an
0007000673;ASCOMETAL LES DUNES;2005;Air;Dioxyde de carbone (CO2) total (d'origine biomasse et non biomasse);96900000;kg/an
0007000683;ALVANCE ALUMINIUM DUNKERQUE SAS;2005;Air;Dioxyde de carbone (CO2) total (d'origine biomasse et non biomasse);447000000;kg/an
0005900825;SOCCRAM;2005;Air;Dioxyde de carbone (CO2) total (d'origine biomasse et non biomasse);21700000;kg/an
0007000699;Communauté d'Agglomération ARTOIS COMM;2005;Air;Dioxyde de carbone (CO2) total (d'origine biomasse et non biomasse);103000000;kg/an
0007000720;Ferroglobe Manganèse France SAS;2005;Air;Dioxyde de carbone (CO2) total (d'origine biomasse et non biomasse);265000000;kg/an
0005900881;SYDOM du Jura;2005;Air;Dioxyde de carbone (CO2) total (d'origine biomasse et non biomasse);23800000;kg/an
0007000727;RENAULT DOUAI SNC;2005;Air;Dioxyde de carbone (CO2) total (d'origine biomasse et non biomasse);45500000;kg/an
0005900978;EQIOM (Cimenterie);2005;Air;Dioxyde de carbone (CO2) total (d'origine biomasse et non biomasse);314000000;kg/an
0007000733;RHODIA OPERATIONS;2005;Air;Dioxyde de carbone (CO2) total (d'origine biomasse et non biomasse);21700000;kg/an
0007000742;DAUDRUY VAN CAUWENBERGHE et FILS;2005;Air;Dioxyde de carbone (CO2) total (d'origine biomasse et non biomasse);16600000;kg/an
0005900985;PROVALT JURA Unité 1 / PRODIA Unité 2;2005;Air;Dioxyde de carbone (CO2) total (d'origine biomasse et non biomasse);30100000;kg/an
0007000745;AHLSTROM Specialities;2005;Air;Dioxyde de carbone (CO2) total (d'origine biomasse et non biomasse);22100000;kg/an
0005901100;FIDAY GESTION;2005;Air;Dioxyde de carbone (CO2) total (d'origine biomasse et non biomasse);20700000;kg/an
0007000749;REFINAL INDUSTRIES;2005;Air;Dioxyde de carbone (CO2) total (d'origine biomasse et non biomasse);11700000;kg/an
0007000750;RECYTECH;2005;Air;Dioxyde de carbone (CO2) total (d'origine biomasse et non biomasse);33300000;kg/an
0005901115;COMPAGNIE FRANCAISE DU PANNEAU;2005;Air;Dioxyde de carbone (CO2) total (d'origine biomasse et non biomasse);142000000;kg/an
0007000752;SRTN - Chaufferie de Beaulieu;2005;Air;Dioxyde de carbone (CO2) total (d'origine biomasse et non biomasse);11000000;kg/an
0007000757;INGREDIA;2005;Air;Dioxyde de carbone (CO2) total (d'origine biomasse et non biomasse);28700000;kg/an
0005901195;CF2P SAS (ex IKEA INDUSTRY FRANCE);2005;Air;Dioxyde de carbone (CO2) total (d'origine biomasse et non biomasse);53600000;kg/an
0007000761;AGC FRANCE SAS;2005;Air;Dioxyde de carbone (CO2) total (d'origine biomasse et non biomasse);277000000;kg/an
0007000785;EQIOM Cimenterie de Lumbres;2005;Air;Dioxyde de carbone (CO2) total (d'origine biomasse et non biomasse);607000000;kg/an
0005901226;LA ROCHERE S.A.;2005;Air;Dioxyde de carbone (CO2) total (d'origine biomasse et non biomasse);12500000;kg/an
0007000789;POLYNT COMPOSITES FRANCE;2005;Air;Dioxyde de carbone (CO2) total (d'origine biomasse et non biomasse);34000000;kg/an
0005901243;EUROSERUM;2005;Air;Dioxyde de carbone (CO2) total (d'origine biomasse et non biomasse);17600000;kg/an
0007000794;VERSALIS FRANCE SAS Dunes;2005;Air;Dioxyde de carbone (CO2) total (d'origine biomasse et non biomasse);424000000;kg/an
0007000800;MERYL FIBER;2005;Air;Dioxyde de carbone (CO2) total (d'origine biomasse et non biomasse);22500000;kg/an
0005901265;PARISOT INDUSTRIE SAS;2005;Air;Dioxyde de carbone (CO2) total (d'origine biomasse et non biomasse);10100000;kg/an
0007000814;Station d'Avion HP;2005;Air;Dioxyde de carbone (CO2) total (d'origine biomasse et non biomasse);10300000;kg/an
0007000821;NYRSTAR FRANCE;2005;Air;Dioxyde de carbone (CO2) total (d'origine biomasse et non biomasse);18500000;kg/an
0005901306;PSA AUTOMOBILES SA;2005;Air;Dioxyde de carbone (CO2) total (d'origine biomasse et non biomasse);16200000;kg/an
0007000824;APERAM ISBERGUES;2005;Air;Dioxyde de carbone (CO2) total (d'origine biomasse et non biomasse);109000000;kg/an
0007000825;GRAFTECH FRANCE SNC;2005;Air;Dioxyde de carbone (CO2) total (d'origine biomasse et non biomasse);37400000;kg/an
0005901928;GE THERMAL MANUFACTURING(exALSTOM POWER);2005;Air;Dioxyde de carbone (CO2) total (d'origine biomasse et non biomasse);12300000;kg/an
0007000829;FRANCAISE DE MECANIQUE;2005;Air;Dioxyde de carbone (CO2) total (d'origine biomasse et non biomasse);15500000;kg/an
0005901990;SERTRID;2005;Air;Dioxyde de carbone (CO2) total (d'origine biomasse et non biomasse);79500000;kg/an
0007000832;MAUBEUGE CONSTRUCTION AUTOMOBILE (MCA);2005;Air;Dioxyde de carbone (CO2) total (d'origine biomasse et non biomasse);39400000;kg/an
0007000846;MC CAIN ALIMENTAIRE;2005;Air;Dioxyde de carbone (CO2) total (d'origine biomasse et non biomasse);44300000;kg/an
0005902116;Franche comte energies;2005;Air;Dioxyde de carbone (CO2) total (d'origine biomasse et non biomasse);77600000;kg/an
0007000851;LAMINES MARCHANDS EUROPEENS (LME);2005;Air;Dioxyde de carbone (CO2) total (d'origine biomasse et non biomasse);86700000;kg/an
0007000853;C&D FOODS France;2005;Air;Dioxyde de carbone (CO2) total (d'origine biomasse et non biomasse);13600000;kg/an
0005902597;SYBERT UIOM;2005;Air;Dioxyde de carbone (CO2) total (d'origine biomasse et non biomasse);49500000;kg/an
0007000854;BALL PACKAGING EUROPE BIERNE SAS;2005;Air;Dioxyde de carbone (CO2) total (d'origine biomasse et non biomasse);17400000;kg/an
0007000860;SONOCO PAPER FRANCE;2005;Air;Dioxyde de carbone (CO2) total (d'origine biomasse et non biomasse);12300000;kg/an
0005902685;INOVYN France;2005;Air;Dioxyde de carbone (CO2) total (d'origine biomasse et non biomasse);584000000;kg/an
0007000861;MAGNESITA;2005;Air;Dioxyde de carbone (CO2) total (d'origine biomasse et non biomasse);16500000;kg/an
0007000866;LEROUX SAS;2005;Air;Dioxyde de carbone (CO2) total (d'origine biomasse et non biomasse);11000000;kg/an
0005902723;GEMDOUBS (ex PAPETERIE DU DOUBS ex OTOR);2005;Air;Dioxyde de carbone (CO2) total (d'origine biomasse et non biomasse);37800000;kg/an
0007000874;CHAUX ET DOLOMIES DU BOULONNAIS;2005;Air;Dioxyde de carbone (CO2) total (d'origine biomasse et non biomasse);746000000;kg/an
0007000915;WEPA FRANCE (ex WEPA LILLE);2005;Air;Dioxyde de carbone (CO2) total (d'origine biomasse et non biomasse);20900000;kg/an
0006000275;CENTRALE ENERGIE DECHETS LIMOGES (CEDLM);2005;Air;Dioxyde de carbone (CO2) total (d'origine biomasse et non biomasse);62700000;kg/an
0007000918;TOTAL Raffinage France SA;2005;Air;Dioxyde de carbone (CO2) total (d'origine biomasse et non biomasse);1300000000;kg/an
0007000922;VENATOR (Ex Huntsman P&A France);2005;Air;Dioxyde de carbone (CO2) total (d'origine biomasse et non biomasse);75100000;kg/an
0007000936;TEREOS Sucrerie de Lillers;2005;Air;Dioxyde de carbone (CO2) total (d'origine biomasse et non biomasse);214000000;kg/an
0006000314;SMURFIT KAPPA Papier Recyclé France;2005;Air;Dioxyde de carbone (CO2) total (d'origine biomasse et non biomasse);38700000;kg/an
0007000937;Etablissement de Marconnelle;2005;Air;Dioxyde de carbone (CO2) total (d'origine biomasse et non biomasse);23400000;kg/an
0007000938;TEREOS FRANCE;2005;Air;Dioxyde de carbone (CO2) total (d'origine biomasse et non biomasse);64800000;kg/an
0006000319;Papeterie d'Aubazine;2005;Air;Dioxyde de carbone (CO2) total (d'origine biomasse et non biomasse);11500000;kg/an
0007000940;STORA ENSO CORBEHEM;2005;Air;Dioxyde de carbone (CO2) total (d'origine biomasse et non biomasse);376000000;kg/an
0007000951;SOTRENOR;2005;Air;Dioxyde de carbone (CO2) total (d'origine biomasse et non biomasse);17500000;kg/an
0006000322;SMURFIT KAPPA PAPIER RECYCLE FRANCE PAPETERIE D'UZERCHE;2005;Air;Dioxyde de carbone (CO2) total (d'origine biomasse et non biomasse);17900000;kg/an
0007000955;ARCELORMITTAL  ATLANTIQUE et LORRAINE;2005;Air;Dioxyde de carbone (CO2) total (d'origine biomasse et non biomasse);47300000;kg/an
0006000346;Papeteries et cartonneries Lacaux Frères;2005;Air;Dioxyde de carbone (CO2) total (d'origine biomasse et non biomasse);12100000;kg/an
0010400110;Usine d'incinération des ordures ménagères au SITOM Nord Isère;2005;Air;Dioxyde de carbone (CO2) total (d'origine biomasse et non biomasse);117000000;kg/an
0010400156;UIOM de LIVET;2005;Air;Dioxyde de carbone (CO2) total (d'origine biomasse et non biomasse);13200000;kg/an
0006000348;PANNEAUX DE CORREZE;2005;Air;Dioxyde de carbone (CO2) total (d'origine biomasse et non biomasse);52400000;kg/an
0010400157;UIOM de PONTCHARRA;2005;Air;Dioxyde de carbone (CO2) total (d'origine biomasse et non biomasse);12700000;kg/an
0006000385;INTERNATIONAL PAPER;2005;Air;Dioxyde de carbone (CO2) total (d'origine biomasse et non biomasse);922000000;kg/an
0010500024;SUEZ RV Borde Matin ISDND et ISDI;2005;Air;Dioxyde de carbone (CO2) total (d'origine biomasse et non biomasse);72600000;kg/an
0006000427;SYTTOM-UIOM BRIVE;2005;Air;Dioxyde de carbone (CO2) total (d'origine biomasse et non biomasse);102000000;kg/an
0010500026;ISDND de Mably;2005;Air;Dioxyde de carbone (CO2) total (d'origine biomasse et non biomasse);12700000;kg/an
0006000454;SETHELEC;2005;Air;Dioxyde de carbone (CO2) total (d'origine biomasse et non biomasse);61100000;kg/an
0010500177;BOUYER LEROUX Site de St Marcellin en Forez;2005;Air;Dioxyde de carbone (CO2) total (d'origine biomasse et non biomasse);18000000;kg/an
0006001284;Centre Hospitalier Universitaire de Limoges;2005;Air;Dioxyde de carbone (CO2) total (d'origine biomasse et non biomasse);15500000;kg/an
0010600289;SAFRAN LANDING SYSTEMS (ex MESSIER BUGA);2005;Air;Dioxyde de carbone (CO2) total (d'origine biomasse et non biomasse);18100000;kg/an
0006001292;DALKIA FRANCE;2005;Air;Dioxyde de carbone (CO2) total (d'origine biomasse et non biomasse);28500000;kg/an
0010700150;OCV CHAMBERY(Usine B);2005;Air;Dioxyde de carbone (CO2) total (d'origine biomasse et non biomasse);37700000;kg/an
0010800048;CHAUFFERIE DES PAPETERIES DU LEMAN;2005;Air;Dioxyde de carbone (CO2) total (d'origine biomasse et non biomasse);32900000;kg/an
0006002672;CORREZE ENERGIES;2005;Air;Dioxyde de carbone (CO2) total (d'origine biomasse et non biomasse);32500000;kg/an
0012100006;SOCIETE DE COGENERATION DE TAVAUX;2005;Air;Dioxyde de carbone (CO2) total (d'origine biomasse et non biomasse);162000000;kg/an
0006101210;BOUYER LEROUX;2005;Air;Dioxyde de carbone (CO2) total (d'origine biomasse et non biomasse);11700000;kg/an
0016300107;O-I MANUFACTURING FRANCE;2005;Air;Dioxyde de carbone (CO2) total (d'origine biomasse et non biomasse);149000000;kg/an
0006101980;FERROPEM;2005;Air;Dioxyde de carbone (CO2) total (d'origine biomasse et non biomasse);203000000;kg/an
0006101989;KEM ONE BALAN;2005;Air;Dioxyde de carbone (CO2) total (d'origine biomasse et non biomasse);44200000;kg/an
0016300261;Hôpital Gabriel Montpied;2005;Air;Dioxyde de carbone (CO2) total (d'origine biomasse et non biomasse);11400000;kg/an
0006102002;SIDEFAGE;2005;Air;Dioxyde de carbone (CO2) total (d'origine biomasse et non biomasse);108000000;kg/an
0018200023;LAFARGE COUVERTURE;2005;Air;Dioxyde de carbone (CO2) total (d'origine biomasse et non biomasse);26100000;kg/an
0018300005;CYDEL- UTVE ARC IRIS;2005;Air;Dioxyde de carbone (CO2) total (d'origine biomasse et non biomasse);160000000;kg/an
0006102026;Chaufferie de La Reyssouze;2005;Air;Dioxyde de carbone (CO2) total (d'origine biomasse et non biomasse);12600000;kg/an
0022100006;ALBIOMA LE MOULE;2005;Air;Dioxyde de carbone (CO2) total (d'origine biomasse et non biomasse);478000000;kg/an
0022100013;ELECTRICITE DE FRANCE JYS;2005;Air;Dioxyde de carbone (CO2) total (d'origine biomasse et non biomasse);102000000;kg/an
0006102089;STORENGY;2005;Air;Dioxyde de carbone (CO2) total (d'origine biomasse et non biomasse);39400000;kg/an
0006102124;VERALLIA Lagnieu;2005;Air;Dioxyde de carbone (CO2) total (d'origine biomasse et non biomasse);117000000;kg/an
0022100014;Centrale EDF de St Barthelemy;2005;Air;Dioxyde de carbone (CO2) total (d'origine biomasse et non biomasse);63600000;kg/an
0006102201;WIENERBERGER SAS;2005;Air;Dioxyde de carbone (CO2) total (d'origine biomasse et non biomasse);55500000;kg/an
0022100015;ELECTRICITE DE FRANCE St Martin;2005;Air;Dioxyde de carbone (CO2) total (d'origine biomasse et non biomasse);55700000;kg/an
0022100016;ENERGIES ANTILLES;2005;Air;Dioxyde de carbone (CO2) total (d'origine biomasse et non biomasse);92500000;kg/an
0006102245;TORAY FILMS EUROPE SAS;2005;Air;Dioxyde de carbone (CO2) total (d'origine biomasse et non biomasse);33100000;kg/an
0022100044;CENTRALE DE JARRY-NORD;2005;Air;Dioxyde de carbone (CO2) total (d'origine biomasse et non biomasse);575000000;kg/an
0022100164;CENTRALE ESM ST MARTIN;2005;Air;Dioxyde de carbone (CO2) total (d'origine biomasse et non biomasse);62300000;kg/an
0006102272;Trédi Saint Vulbas;2005;Air;Dioxyde de carbone (CO2) total (d'origine biomasse et non biomasse);38500000;kg/an
0022200009;LA MARTINIQUAISE DE VALORISATION S.A.;2005;Air;Dioxyde de carbone (CO2) total (d'origine biomasse et non biomasse);424000000;kg/an
0022200016;EDF SEI - PK;2005;Air;Dioxyde de carbone (CO2) total (d'origine biomasse et non biomasse);298000000;kg/an
0006102299;ATEMAX France;2005;Air;Dioxyde de carbone (CO2) total (d'origine biomasse et non biomasse);14500000;kg/an
0022200031;EDF SEI - Bf;2005;Air;Dioxyde de carbone (CO2) total (d'origine biomasse et non biomasse);675000000;kg/an
0022200044;SARA raffinerie;2005;Air;Dioxyde de carbone (CO2) total (d'origine biomasse et non biomasse);157000000;kg/an
0006102315;IVECO BUS;2005;Air;Dioxyde de carbone (CO2) total (d'origine biomasse et non biomasse);10800000;kg/an
0024600015;GRT GAZ Palleau;2005;Air;Dioxyde de carbone (CO2) total (d'origine biomasse et non biomasse);40200000;kg/an
0025000002;VALEST;2005;Air;Dioxyde de carbone (CO2) total (d'origine biomasse et non biomasse);10300000;kg/an
0006102348;CALCIA  SA;2005;Air;Dioxyde de carbone (CO2) total (d'origine biomasse et non biomasse);183000000;kg/an
0025000023;VALEST;2005;Air;Dioxyde de carbone (CO2) total (d'origine biomasse et non biomasse);11500000;kg/an
0006102350;LAFARGE CIMENTS;2005;Air;Dioxyde de carbone (CO2) total (d'origine biomasse et non biomasse);54500000;kg/an
0006102364;OI FRANCE SAS;2005;Air;Dioxyde de carbone (CO2) total (d'origine biomasse et non biomasse);44000000;kg/an
0006102409;CHEMVIRON FRANCE SAS;2005;Air;Dioxyde de carbone (CO2) total (d'origine biomasse et non biomasse);17000000;kg/an
0006102435;LAFARGE CIMENTS;2005;Air;Dioxyde de carbone (CO2) total (d'origine biomasse et non biomasse);659000000;kg/an
0006102447;UNION DES DISTILLERIE DE LA MEDITERRANEE;2005;Air;Dioxyde de carbone (CO2) total (d'origine biomasse et non biomasse);13800000;kg/an
0006102753;STORENGY;2005;Air;Dioxyde de carbone (CO2) total (d'origine biomasse et non biomasse);14900000;kg/an
0006102767;POLYTECHNYL (ex RHODIA);2005;Air;Dioxyde de carbone (CO2) total (d'origine biomasse et non biomasse);21100000;kg/an
0006102785;Chaufferie Dreyfus;2005;Air;Dioxyde de carbone (CO2) total (d'origine biomasse et non biomasse);33300000;kg/an
0006102824;VICAT;2005;Air;Dioxyde de carbone (CO2) total (d'origine biomasse et non biomasse);898000000;kg/an
0006102832;Carrières et Chaux Balthazar et Cotte La Buisse;2005;Air;Dioxyde de carbone (CO2) total (d'origine biomasse et non biomasse);71900000;kg/an
0006102839;POLIMERI EUROPA ELASTOMERES France;2005;Air;Dioxyde de carbone (CO2) total (d'origine biomasse et non biomasse);31000000;kg/an
0006102850;FREGATA HYGIENE;2005;Air;Dioxyde de carbone (CO2) total (d'origine biomasse et non biomasse);10400000;kg/an
0006102870;WINOA;2005;Air;Dioxyde de carbone (CO2) total (d'origine biomasse et non biomasse);20100000;kg/an
0006102871;ASCOMETAL usine d' ALLEVARD;2005;Air;Dioxyde de carbone (CO2) total (d'origine biomasse et non biomasse);28600000;kg/an
0006102885;ST MICROELECTRONICS;2005;Air;Dioxyde de carbone (CO2) total (d'origine biomasse et non biomasse);16200000;kg/an
0006102899;PAPETERIES DE LA GORGE;2005;Air;Dioxyde de carbone (CO2) total (d'origine biomasse et non biomasse);11200000;kg/an
0007000956;ARCELORMITTAL FRANCE;2005;Air;Dioxyde de carbone (CO2) total (d'origine biomasse et non biomasse);11500000000;kg/an
0006102900;Papeteries des alpes;2005;Air;Dioxyde de carbone (CO2) total (d'origine biomasse et non biomasse);26400000;kg/an
0006102911;CATERPILLAR FRANCE - site d'Echirolles;2005;Air;Dioxyde de carbone (CO2) total (d'origine biomasse et non biomasse);11600000;kg/an
0006102923;COMPAGNIE DE CHAUFFAGE CCIAG;2005;Air;Dioxyde de carbone (CO2) total (d'origine biomasse et non biomasse);84200000;kg/an
0006102993;ARKEMA;2005;Air;Dioxyde de carbone (CO2) total (d'origine biomasse et non biomasse);35200000;kg/an
0006102997;FERROPEM;2005;Air;Dioxyde de carbone (CO2) total (d'origine biomasse et non biomasse);200000000;kg/an
0007100593;EDF-SEI;2005;Air;Dioxyde de carbone (CO2) total (d'origine biomasse et non biomasse);411000000;kg/an
0007100701;EDF-SEI;2005;Air;Dioxyde de carbone (CO2) total (d'origine biomasse et non biomasse);52000000;kg/an
0006103048;RHODIA OPERATIONS;2005;Air;Dioxyde de carbone (CO2) total (d'origine biomasse et non biomasse);389000000;kg/an
0006103052;PAPETERIES DU PONT DE CLAIX;2005;Air;Dioxyde de carbone (CO2) total (d'origine biomasse et non biomasse);24600000;kg/an
0006103062;AHLSTROM  MUNKSJO LA GERE;2005;Air;Dioxyde de carbone (CO2) total (d'origine biomasse et non biomasse);42200000;kg/an
0007201097;KRATON (ex ARIZONA CHEMICAL);2005;Air;Dioxyde de carbone (CO2) total (d'origine biomasse et non biomasse);15300000;kg/an
0007201173;IMERYS REFRACTORY MINERALS CLERAC;2005;Air;Dioxyde de carbone (CO2) total (d'origine biomasse et non biomasse);31900000;kg/an
0006103075;Usine de Rives;2005;Air;Dioxyde de carbone (CO2) total (d'origine biomasse et non biomasse);15800000;kg/an
0006103108;VICAT;2005;Air;Dioxyde de carbone (CO2) total (d'origine biomasse et non biomasse);282000000;kg/an
0007201205;Grand Poitiers communauté urbaine;2005;Air;Dioxyde de carbone (CO2) total (d'origine biomasse et non biomasse);37900000;kg/an
0006103167;Lely Environnement;2005;Air;Dioxyde de carbone (CO2) total (d'origine biomasse et non biomasse);17400000;kg/an
0007201226;GrandAngoulême;2005;Air;Dioxyde de carbone (CO2) total (d'origine biomasse et non biomasse);30800000;kg/an
0006103189;EUROFLOAT;2005;Air;Dioxyde de carbone (CO2) total (d'origine biomasse et non biomasse);105000000;kg/an
0006103190;TREDI;2005;Air;Dioxyde de carbone (CO2) total (d'origine biomasse et non biomasse);217000000;kg/an
0007201267;BONILAIT PROTEINES;2005;Air;Dioxyde de carbone (CO2) total (d'origine biomasse et non biomasse);22000000;kg/an
0006103196;SUEZ RV CENTRE EST;2005;Air;Dioxyde de carbone (CO2) total (d'origine biomasse et non biomasse);34800000;kg/an
0007201287;TERREAL;2005;Air;Dioxyde de carbone (CO2) total (d'origine biomasse et non biomasse);74000000;kg/an
0006103219;ECL;2005;Air;Dioxyde de carbone (CO2) total (d'origine biomasse et non biomasse);55100000;kg/an
0007201294;SOTRIVAL;2005;Air;Dioxyde de carbone (CO2) total (d'origine biomasse et non biomasse);13000000;kg/an
0006103222;COMPAGNIE DE CHAUFFAGE CCIAG;2005;Air;Dioxyde de carbone (CO2) total (d'origine biomasse et non biomasse);11300000;kg/an
0007201328;RHODIA OPERATIONS;2005;Air;Dioxyde de carbone (CO2) total (d'origine biomasse et non biomasse);25400000;kg/an
0007201348;RHODIA  OPERATIONS (Groupe SOLVAY);2005;Air;Dioxyde de carbone (CO2) total (d'origine biomasse et non biomasse);90400000;kg/an
0006103223;GRENOBLE-ALPES METROPOLE;2005;Air;Dioxyde de carbone (CO2) total (d'origine biomasse et non biomasse);135000000;kg/an
0007201362;AHLSTROM MUNKSJÖ SPECIALTIES;2005;Air;Dioxyde de carbone (CO2) total (d'origine biomasse et non biomasse);24900000;kg/an
0007201508;MONIER;2005;Air;Dioxyde de carbone (CO2) total (d'origine biomasse et non biomasse);29700000;kg/an
0007201518;UIOM D'OLERON;2005;Air;Dioxyde de carbone (CO2) total (d'origine biomasse et non biomasse);17500000;kg/an
0007201529;LAFARGE CIMENTS;2005;Air;Dioxyde de carbone (CO2) total (d'origine biomasse et non biomasse);698000000;kg/an
0007201542;CIMENTS CALCIA sas;2005;Air;Dioxyde de carbone (CO2) total (d'origine biomasse et non biomasse);764000000;kg/an
0007201655;VERALLIA - COGNAC;2005;Air;Dioxyde de carbone (CO2) total (d'origine biomasse et non biomasse);121000000;kg/an
0007201656;Groupe THIOLLET;2005;Air;Dioxyde de carbone (CO2) total (d'origine biomasse et non biomasse);28200000;kg/an
0007201820;IMERYS REFRACTORY MINERALS CLERAC;2005;Air;Dioxyde de carbone (CO2) total (d'origine biomasse et non biomasse);38200000;kg/an
0007202778;ROUSSELOT ANGOULEME SAS;2005;Air;Dioxyde de carbone (CO2) total (d'origine biomasse et non biomasse);42500000;kg/an
0007202944;Station de Chazelles;2005;Air;Dioxyde de carbone (CO2) total (d'origine biomasse et non biomasse);10000000;kg/an
0007202957;PAPETERIES DE VEUZE;2005;Air;Dioxyde de carbone (CO2) total (d'origine biomasse et non biomasse);37900000;kg/an
0007203207;CHU;2005;Air;Dioxyde de carbone (CO2) total (d'origine biomasse et non biomasse);13900000;kg/an
0007203654;UVE/UIOM CDA de La Rochelle (SETRADONYX);2005;Air;Dioxyde de carbone (CO2) total (d'origine biomasse et non biomasse);48800000;kg/an
0007203926;Ciments Calcia;2005;Air;Dioxyde de carbone (CO2) total (d'origine biomasse et non biomasse);615000000;kg/an
0007204930;DALKIA (ex-ESYS-MONTENAY);2005;Air;Dioxyde de carbone (CO2) total (d'origine biomasse et non biomasse);15600000;kg/an
0007205801;Centre Multifiliaire de Valorisation des Déchets;2005;Air;Dioxyde de carbone (CO2) total (d'origine biomasse et non biomasse);24600000;kg/an
0007205804;SMICTOM D'AUNIS ET DES VAL DES SAINTONGE - UIOM DE SURGERES;2005;Air;Dioxyde de carbone (CO2) total (d'origine biomasse et non biomasse);13000000;kg/an
0007205805;UIOM CYCLERGIE;2005;Air;Dioxyde de carbone (CO2) total (d'origine biomasse et non biomasse);23600000;kg/an
0007300024;EDF Corse;2005;Air;Dioxyde de carbone (CO2) total (d'origine biomasse et non biomasse);456000000;kg/an
0007300025;EDF Corse;2005;Air;Dioxyde de carbone (CO2) total (d'origine biomasse et non biomasse);450000000;kg/an
0007402241;UNITE PLACOPLATRE;2005;Air;Dioxyde de carbone (CO2) total (d'origine biomasse et non biomasse);110000000;kg/an
0007402253;SGD SA;2005;Air;Dioxyde de carbone (CO2) total (d'origine biomasse et non biomasse);80400000;kg/an
0007402258;SIAAP;2005;Air;Dioxyde de carbone (CO2) total (d'origine biomasse et non biomasse);18400000;kg/an
0007402281;SNC Cogé VITRY;2005;Air;Dioxyde de carbone (CO2) total (d'origine biomasse et non biomasse);296000000;kg/an
0007402283;SIAAP;2005;Air;Dioxyde de carbone (CO2) total (d'origine biomasse et non biomasse);22300000;kg/an
0007402350;CPCU ST-OUEN III;2005;Air;Dioxyde de carbone (CO2) total (d'origine biomasse et non biomasse);285000000;kg/an
0007403805;Etablissement Industriel de Bobigny;2005;Air;Dioxyde de carbone (CO2) total (d'origine biomasse et non biomasse);12500000;kg/an
0007403845;COGENERATION D'AULNAY;2005;Air;Dioxyde de carbone (CO2) total (d'origine biomasse et non biomasse);14800000;kg/an
0007403867;COFELY Département Industrie Centre de production de Romainville SANOFI-AVENTIS;2005;Air;Dioxyde de carbone (CO2) total (d'origine biomasse et non biomasse);14800000;kg/an
0007405212;SMURFIT Kappa Papier Recyclé France Papeterie de la Seine;2005;Air;Dioxyde de carbone (CO2) total (d'origine biomasse et non biomasse);119000000;kg/an
0009056710;Atelier industriel de l'aéronautique de Clermont-ferrand;2005;Air;Dioxyde de carbone (CO2) total (d'origine biomasse et non biomasse);12600000;kg/an
0010000033;MANUFACTURE FRANCAISE DES PNEUMATIQUES MICHELIN;2005;Air;Dioxyde de carbone (CO2) total (d'origine biomasse et non biomasse);23400000;kg/an
0010000045;CHAUFFERIE ZUP de BOURGES DO2626L;2005;Air;Dioxyde de carbone (CO2) total (d'origine biomasse et non biomasse);44900000;kg/an
0010000149;CHARTRES METROPOLE TRAITEMENT VALORISATI;2005;Air;Dioxyde de carbone (CO2) total (d'origine biomasse et non biomasse);111000000;kg/an
0010000451;Cristal Union - Etablissement Toury;2005;Air;Dioxyde de carbone (CO2) total (d'origine biomasse et non biomasse);61400000;kg/an
0010000473;UVEA;2005;Air;Dioxyde de carbone (CO2) total (d'origine biomasse et non biomasse);39100000;kg/an
0010000504;LHOIST FRANCE OUEST;2005;Air;Dioxyde de carbone (CO2) total (d'origine biomasse et non biomasse);174000000;kg/an
0010000513;CHATEAUROUX CERAMICS;2005;Air;Dioxyde de carbone (CO2) total (d'origine biomasse et non biomasse);23500000;kg/an
0010000575;LINAMAR LIGHT METALS / MONTUPET;2005;Air;Dioxyde de carbone (CO2) total (d'origine biomasse et non biomasse);21200000;kg/an
0010000577;INTERNATIONAL COOKWARE;2005;Air;Dioxyde de carbone (CO2) total (d'origine biomasse et non biomasse);10700000;kg/an
0010000648;Ciments Calcia - SITE DE VILLIERS AU BOUIN;2005;Air;Dioxyde de carbone (CO2) total (d'origine biomasse et non biomasse);248000000;kg/an
0010000663;PAPETERIES PALM;2005;Air;Dioxyde de carbone (CO2) total (d'origine biomasse et non biomasse);41500000;kg/an
0010000670;DALKIA France;2005;Air;Dioxyde de carbone (CO2) total (d'origine biomasse et non biomasse);28800000;kg/an
0010000680;STORENGY;2005;Air;Dioxyde de carbone (CO2) total (d'origine biomasse et non biomasse);15500000;kg/an
0010000690;INOVA OPERATIONS SAS;2005;Air;Dioxyde de carbone (CO2) total (d'origine biomasse et non biomasse);17000000;kg/an
0010000702;MICHELIN;2005;Air;Dioxyde de carbone (CO2) total (d'origine biomasse et non biomasse);34400000;kg/an
0010000710;Cogénération du Sanitas;2005;Air;Dioxyde de carbone (CO2) total (d'origine biomasse et non biomasse);12300000;kg/an
0010000729;DALKIA SCBC- DR Centre Ouest;2005;Air;Dioxyde de carbone (CO2) total (d'origine biomasse et non biomasse);21600000;kg/an
0010000974;ARCEVAL (CIDEME);2005;Air;Dioxyde de carbone (CO2) total (d'origine biomasse et non biomasse);41500000;kg/an
0010001019;S.I.D.E.S.U.P;2005;Air;Dioxyde de carbone (CO2) total (d'origine biomasse et non biomasse);19500000;kg/an
0010001145;ESSITY OPERATIONS FRANCE;2005;Air;Dioxyde de carbone (CO2) total (d'origine biomasse et non biomasse);83600000;kg/an
0010001306;LOIRET AFFINAGE;2005;Air;Dioxyde de carbone (CO2) total (d'origine biomasse et non biomasse);11800000;kg/an
0010001395;SUEZ RV Energie - AMILLY;2005;Air;Dioxyde de carbone (CO2) total (d'origine biomasse et non biomasse);22400000;kg/an
0010001408;TRISALID;2005;Air;Dioxyde de carbone (CO2) total (d'origine biomasse et non biomasse);89200000;kg/an
0010001457;SCA HYGIENE PRODUCTS OPERATIONS;2005;Air;Dioxyde de carbone (CO2) total (d'origine biomasse et non biomasse);28600000;kg/an
0010001557;TEREOS FRANCE Site d'Artenay;2005;Air;Dioxyde de carbone (CO2) total (d'origine biomasse et non biomasse);97100000;kg/an
0010001592;U I O M de Pithiviers;2005;Air;Dioxyde de carbone (CO2) total (d'origine biomasse et non biomasse);24100000;kg/an
0010001612;SOCOS;2005;Air;Dioxyde de carbone (CO2) total (d'origine biomasse et non biomasse);52800000;kg/an
0010001613;SODC BANNIER;2005;Air;Dioxyde de carbone (CO2) total (d'origine biomasse et non biomasse);30300000;kg/an
0010001618;SOFLEC;2005;Air;Dioxyde de carbone (CO2) total (d'origine biomasse et non biomasse);10700000;kg/an
0010001733;MARS PF FRANCE;2005;Air;Dioxyde de carbone (CO2) total (d'origine biomasse et non biomasse);19000000;kg/an
0010001744;DURALEX INTERNATIONAL;2005;Air;Dioxyde de carbone (CO2) total (d'origine biomasse et non biomasse);30200000;kg/an
0010001767;BLESOISE DE DISTRIB. DE CHALEUR - COFELY;2005;Air;Dioxyde de carbone (CO2) total (d'origine biomasse et non biomasse);21000000;kg/an
0010001770;STORENGY;2005;Air;Dioxyde de carbone (CO2) total (d'origine biomasse et non biomasse);118000000;kg/an
0010002231;SOCIETE JACOBI CARBONS FRANCE;2005;Air;Dioxyde de carbone (CO2) total (d'origine biomasse et non biomasse);22500000;kg/an
0010002253;Etablissement de PITHIVIERS LE VIEIL;2005;Air;Dioxyde de carbone (CO2) total (d'origine biomasse et non biomasse);39100000;kg/an
0010002254;CRISTAL UNION Etablissement de CORBEILLES;2005;Air;Dioxyde de carbone (CO2) total (d'origine biomasse et non biomasse);65200000;kg/an
0010002284;SPL CME;2005;Air;Dioxyde de carbone (CO2) total (d'origine biomasse et non biomasse);13400000;kg/an
0010003817;COMPAGNIE DE COGENERATION DE LA BRAYE;2005;Air;Dioxyde de carbone (CO2) total (d'origine biomasse et non biomasse);96400000;kg/an
0010003878;CIMENTS CALCIA - SITE DE BEFFES;2005;Air;Dioxyde de carbone (CO2) total (d'origine biomasse et non biomasse);420000000;kg/an
0010004012;SUEZ RV Centre Ouest - ISDND Sonzay;2005;Air;Dioxyde de carbone (CO2) total (d'origine biomasse et non biomasse);25700000;kg/an
0010004212;Descartes Energies;2005;Air;Dioxyde de carbone (CO2) total (d'origine biomasse et non biomasse);29800000;kg/an
0010004249;HUTCHINSON;2005;Air;Dioxyde de carbone (CO2) total (d'origine biomasse et non biomasse);19100000;kg/an
0010004382;MALTERIES FRANCO-SUISSE;2005;Air;Dioxyde de carbone (CO2) total (d'origine biomasse et non biomasse);16700000;kg/an
0010004438;SMURFIT SOCAR;2005;Air;Dioxyde de carbone (CO2) total (d'origine biomasse et non biomasse);29500000;kg/an
0010004585;SWISS KRONO;2005;Air;Dioxyde de carbone (CO2) total (d'origine biomasse et non biomasse);176000000;kg/an
0010100059;COGESTAR;2005;Air;Dioxyde de carbone (CO2) total (d'origine biomasse et non biomasse);36700000;kg/an
0010300043;Compagnie de Cogénération de Champblain;2005;Air;Dioxyde de carbone (CO2) total (d'origine biomasse et non biomasse);172000000;kg/an
0010300065;NOVOCERAM SAS;2005;Air;Dioxyde de carbone (CO2) total (d'origine biomasse et non biomasse);15000000;kg/an
0010400022;ISERGIE;2005;Air;Dioxyde de carbone (CO2) total (d'origine biomasse et non biomasse);57900000;kg/an
0010400032;SUEZ RR IWS CHEMICALS FRANCE;2005;Air;Dioxyde de carbone (CO2) total (d'origine biomasse et non biomasse);69500000;kg/an
0010400048;DANONE;2005;Air;Dioxyde de carbone (CO2) total (d'origine biomasse et non biomasse);12800000;kg/an
0010400059;BALTHAZARD ET COTTE- CARRIERES ET CHAUX;2005;Air;Dioxyde de carbone (CO2) total (d'origine biomasse et non biomasse);75200000;kg/an
0010400106;DALKIA;2005;Air;Dioxyde de carbone (CO2) total (d'origine biomasse et non biomasse);49400000;kg/an
