jaar;nic;bedrijfsnaam;plaats;stof;emissie totaal;eenheid
2000;60;Sappi Maastricht BV;Maastricht;Kooldioxide (CO2);276900000;kg
2000;62;Chemelot Site Permit BV;Geleen;Kooldioxide (CO2);2983143000;kg
2000;65;PQ Silicas BV;Eijsden;Kooldioxide (CO2);34138000;kg
2000;66;Marsna Paper B.V.;Meerssen;Kooldioxide (CO2);18996000;kg
2000;84;BASF Nederland B.V.;Maastricht;Kooldioxide (CO2);6057000;kg
2000;113;VDL Nedcar B.V.;Born;Kooldioxide (CO2);32000000;kg
2000;148;ENCI BV (Maastricht);Maastricht;Kooldioxide (CO2);776821000;kg
2000;159;Fenzi AGT Netherlands B.V.;Maastricht;Kooldioxide (CO2);4028597;kg
2000;174;Tata Steel Nederland Tubes BV locatie Maastricht;Maastricht;Kooldioxide (CO2);710655;kg
2000;325;Lawter Maastricht BV;Maastricht;Kooldioxide (CO2);3885021;kg
2000;1102;Honeywell Fluorine Products Europe B.V.;Weert;Kooldioxide (CO2);4934760;kg
2000;1104;Solvay Chemie BV;Herten;Kooldioxide (CO2);8156000;kg
2000;1107;Nouryon Functional Chemicals B.V.;Herkenbosch;Kooldioxide (CO2);10553585;kg
2000;1404;DSM Pharma Chemicals Venlo BV;Venlo;Kooldioxide (CO2);5163000;kg
2000;3513;MGG Netherlands BV;Tegelen;Kooldioxide (CO2);4337328;kg
2000;3853;Alcoa Nederland B.V.;Roermond;Kooldioxide (CO2);7089;kg
2000;4301;Smurfit Westrock Roermond Paper BV;Roermond;Kooldioxide (CO2);153055000;kg
2000;4753;Rockwool B.V.;Roermond;Kooldioxide (CO2);167350000;kg
2000;5727;EverZinc Nederland B.V.;Eijsden;Kooldioxide (CO2);13206000;kg
2000;5729;Celanese Production Netherlands B.V.;Geleen;Kooldioxide (CO2);5698301;kg
2000;5739;E-MAX BILLETS;Kerkrade;Kooldioxide (CO2);13621913;kg
2000;5740;WEPA Nederland B.V.;Swalmen;Kooldioxide (CO2);23782000;kg
2000;5743;Walkro Blitterswijck BV;Blitterswijck;Kooldioxide (CO2);331420;kg
2000;5746;Nuon Power Generation BV (Buggenum);Haelen;Kooldioxide (CO2);9870000;kg
2000;5750;FrieslandCampina Born;Born;Kooldioxide (CO2);4807000;kg
2000;9003;Everris International BV;Heerlen;Kooldioxide (CO2);8629;kg
2000;9014;Essent Productie Geleen B.V.;Geleen;Kooldioxide (CO2);800000000;kg
2000;10001;Nobian Industrial Chemicals BV (Rotterdam);Botlek Rotterdam;Kooldioxide (CO2);193179000;kg
2000;10002;Nouryon Performance Formulations b.v.;Europoort Rotterdam;Kooldioxide (CO2);33955000;kg
2000;10003;Synres B.V.;Hoek Van Holland;Kooldioxide (CO2);10540181;kg
2000;10004;Lyondell Chemical Nederland Ltd.;Botlek Rotterdam;Kooldioxide (CO2);108939349;kg
2000;10005;LBC Rotterdam BV;Botlek Rotterdam;Kooldioxide (CO2);5157000;kg
2000;10006;Shell Nederland Chemie BV (Pernis);Vondelingenplaat Rotterdam;Kooldioxide (CO2);55020000;kg
2000;10011;Leerdammer Company BV;Schoonrewoerd;Kooldioxide (CO2);598500;kg
2000;10012;Kemira Agro Pernis BV;Vondelingenplaat Rotterdam;Kooldioxide (CO2);449552;kg
2000;10013;Hydro Agri Rotterdam B.V.;Vlaardingen;Kooldioxide (CO2);9500;kg
2000;10016;Climax Molybdenum BV;Botlek Rotterdam;Kooldioxide (CO2);8002806;kg
2000;10017;Evonik Carbon Black Nederland BV;Botlek Rotterdam;Kooldioxide (CO2);141000000;kg
2000;10042;Kemira Rotterdam B.V. - locatie Botlek;Botlek Rotterdam;Kooldioxide (CO2);700000;kg
2000;10062;ExxonMobil Chemical Holland BV (RAP);Botlek Rotterdam;Kooldioxide (CO2);459524000;kg
2000;10063;AVR-Afvalverwerking;Botlek Rotterdam;Kooldioxide (CO2);2436202465;kg
2000;10073;Tronox Pigments (Holland) BV;Botlek Rotterdam;Kooldioxide (CO2);105866000;kg
2000;10076;HVC AfvalEnergieCentrale Dordrecht;Dordrecht;Kooldioxide (CO2);299343754;kg
2000;10079;Chemours Netherlands B.V.;Dordrecht;Kooldioxide (CO2);273346951;kg
2000;10082;Akzo Nobel Car Refinishes B.V.;Sassenheim;Kooldioxide (CO2);3851500;kg
2000;10086;NV Nutricia Zoetermeer;Zoetermeer;Kooldioxide (CO2);8722000;kg
2000;10095;Delft Gelatin B.V.;Delft;Kooldioxide (CO2);13489650;kg
2000;10097;SD Guthrie International Zwijndrecht Refinery B.V.;Zwijndrecht;Kooldioxide (CO2);56602950;kg
2000;10546;Lactalis Leerdammer BV (Schoonrewoerd);Schoonrewoerd;Kooldioxide (CO2);3270000;kg
2000;10590;FrieslandCampina Rotterdam;Rotterdam;Kooldioxide (CO2);2466000;kg
2000;10615;ENCI BV (Rotterdam);Botlek Rotterdam;Kooldioxide (CO2);20669441;kg
2000;10621;Hunter Douglas Europe BV;Rotterdam;Kooldioxide (CO2);16687000;kg
2000;10687;Biotech Campus Delft;Delft;Kooldioxide (CO2);198430000;kg
2000;10689;Air Products Nederland BV (Botlek);Botlek Rotterdam;Kooldioxide (CO2);206823000;kg
2000;10698;Cargill Bioindustrial BV;Gouda;Kooldioxide (CO2);50681244;kg
2000;10722;O-I Manufacturing Netherlands BV Schiedam;Schiedam;Kooldioxide (CO2);75961415;kg
2000;10723;O-I Netherlands BV (Leerdam);Leerdam;Kooldioxide (CO2);116140181;kg
2000;10738;Cerexagri BV / ARKEMA Rotterdam BV;Vondelingenplaat Rotterdam;Kooldioxide (CO2);10045000;kg
2000;10793;Tata Steel Nederland Tubes BV locatie Zwijndrecht;Zwijndrecht;Kooldioxide (CO2);987660;kg
2000;10829;Cosun Beet company (Puttershoek);Puttershoek;Kooldioxide (CO2);81733225;kg
2000;10928;Aluminium & Chemie Rotterdam B.V.;Botlek Rotterdam;Kooldioxide (CO2);126284000;kg
2000;10971;Ferro (Holland) B.V. (HS);Rotterdam;Kooldioxide (CO2);8723000;kg
2000;10972;Ferro (Holland) B.V. (IW);Rotterdam;Kooldioxide (CO2);2371000;kg
2000;11024;Cabot B.V.;Botlek Rotterdam;Kooldioxide (CO2);167889730;kg
2000;11046;PURAC Biochem B.V.;Gorinchem;Kooldioxide (CO2);68120000;kg
2000;11105;Heineken Netherlands Supply B.V., brouwerij Zoeterwoude;Zoeterwoude;Kooldioxide (CO2);77162013;kg
2000;11111;Ashland Industries Nederland B.V.;Zwijndrecht;Kooldioxide (CO2);20443000;kg
2000;11366;LANXESS Rotterdam Botlek;Botlek Rotterdam;Kooldioxide (CO2);279519000;kg
2000;12134;Archer Daniels Midland Europoort BV (ADM);Europoort Rotterdam;Kooldioxide (CO2);301903000;kg
2000;12135;ExxonMobil Chemical Holland BV (ROP van RPI);Europoort Rotterdam;Kooldioxide (CO2);87932000;kg
2000;12147;E.ON Warmte Station Galileistraat;Rotterdam;Kooldioxide (CO2);521279000;kg
2000;12149;Uniper Benelux NV (Maasvlakte);Maasvlakte Rotterdam;Kooldioxide (CO2);5290000000;kg
2000;12158;HVC Slibverbrandingsinstallatie;Dordrecht;Kooldioxide (CO2);108006500;kg
2000;12162;Evos Rotterdam B.V.;Europoort Rotterdam;Kooldioxide (CO2);7870574;kg
2000;12167;UZIMET BV;Rijswijk;Kooldioxide (CO2);225000;kg
2000;12168;INV NYLON CHEMICALS NETHERLANDS B.V.;Botlek Rotterdam;Kooldioxide (CO2);10727950;kg
2000;12170;FrieslandCampina Maasdam;Maasdam;Kooldioxide (CO2);1901000;kg
2000;12171;Zuivelfabriek De Graafstroom;Bleskensgraaf Ca;Kooldioxide (CO2);3267880;kg
2000;12172;Promelca B.V. (Gorinchem);Gorinchem;Kooldioxide (CO2);25381000;kg
2000;12174;Ducor Petrochemicals B.V.;Botlek Rotterdam;Kooldioxide (CO2);8370169;kg
2000;12176;Air Products Nederland BV (Pernis);Vondelingenplaat Rotterdam;Kooldioxide (CO2);532095000;kg
2000;12177;VPR Energy B.V.;Europoort Rotterdam;Kooldioxide (CO2);60560000;kg
2000;13001;Tessenderlo Chemie Rotterdam BV;Vlaardingen;Kooldioxide (CO2);7972949;kg
2000;19004;ExxonMobil Chemical Holland BV (RPP van RPI);Botlek Rotterdam;Kooldioxide (CO2);35134000;kg
2000;19071;Shin-Etsu PVC BV (VCM Botlek);Botlek Rotterdam;Kooldioxide (CO2);77943500;kg
2000;19072;FrieslandCampina Nederland B.V.;Noordwijk;Kooldioxide (CO2);1305000;kg
2000;21010;Sonneborn Refined Products BV (Amsterdam);Amsterdam;Kooldioxide (CO2);26280000;kg
2000;21011;Rütgers Resins B.V.;Uithoorn;Kooldioxide (CO2);23582000;kg
2000;21101;Ketjen Netherlands BV;Amsterdam;Kooldioxide (CO2);86629000;kg
2000;21102;ICL FERTILIZERS EUROPE C.V.;Amsterdam;Kooldioxide (CO2);15767000;kg
2000;21103;DSM Agro BV;Velsen-Noord;Kooldioxide (CO2);11171000;kg
2000;21104;GE Plastics ABS B.V.;Amsterdam;Kooldioxide (CO2);13913000;kg
2000;21301;LANXESS Manufacturing Netherlands BV;Amsterdam;Kooldioxide (CO2);5826761;kg
2000;21302;Abbott Healthcare Products BV (Weesp);Weesp;Kooldioxide (CO2);18275836;kg
2000;21304;Givaudan Nederland B.V. (Naarden);Naarden;Kooldioxide (CO2);10728717;kg
2000;21403;Norit Nederland BV (Zaandam);Zaandam;Kooldioxide (CO2);33764786;kg
2000;22002;Campina BV (Heiloo);Heiloo;Kooldioxide (CO2);1939000;kg
2000;22006;FrieslandCampina Nederland B.V. Lutjewinkel;Lutjewinkel;Kooldioxide (CO2);5267000;kg
2000;22007;Campina BV (Ursem);Ursem;Kooldioxide (CO2);4790000;kg
2000;22008;Kaptein PCF;Oosthuizen;Kooldioxide (CO2);588000;kg
2000;22010;DMV International, locatie Uitgeest;Uitgeest;Kooldioxide (CO2);7395000;kg
2000;22011;CONO Kaasmakers (Stompetoren);Stompetoren;Kooldioxide (CO2);6850000;kg
2000;22012;CONO Kaasmakers (Middenbeemster);Westbeemster;Kooldioxide (CO2);2658000;kg
2000;22020;Campina BV (Hilversum);Hilversum;Kooldioxide (CO2);2146000;kg
2000;22617;Bunge Netherlands BV;Amsterdam;Kooldioxide (CO2);60593000;kg
2000;22626;Cargill BV (Multiseed);Amsterdam;Kooldioxide (CO2);32389088;kg
2000;23301;Tata Steel IJmuiden BV;Velsen-Noord;Kooldioxide (CO2);5702000000;kg
2000;24000;Vattenfall Power Generation B.V. (Hemweg);Amsterdam;Kooldioxide (CO2);3708547897;kg
2000;24003;Vattenfall Power Generation B.V. (Velsen);Velsen-Noord;Kooldioxide (CO2);3929523961;kg
2000;24302;Crown van Gelder International B.V.;Velsen-Noord;Kooldioxide (CO2);150000000;kg
2000;24714;ENCI BV (IJmuiden);Velsen-Noord;Kooldioxide (CO2);36534770;kg
2000;28070;Alpha Assembly Solutions Netherlands BV;Naarden;Kooldioxide (CO2);1353000;kg
2000;28072;Quaker Chemical B.V. (A Quaker Houghton Company);Uithoorn;Kooldioxide (CO2);2271070;kg
2000;28085;AEB Amsterdam;Amsterdam;Kooldioxide (CO2);744009092;kg
2000;28091;HVC N.V.;Alkmaar;Kooldioxide (CO2);428202500;kg
2000;28095;Campina BV (Alkmaar);Alkmaar;Kooldioxide (CO2);101000;kg
2000;28096;Friesland Foods Cheese BV (Huizen);Huizen;Kooldioxide (CO2);362000;kg
2000;28097;A-ware Zaandam BV;Zaandam;Kooldioxide (CO2);177000;kg
2000;28098;FrieslandCampina Limmen (Ecomel);Limmen;Kooldioxide (CO2);686000;kg
2000;28175;Waeles Nederland BV;Nieuw-Vennep;Kooldioxide (CO2);380650;kg
2000;28176;Vattenfall Power Generation B.V. (IJmond 1);Velsen-Noord;Kooldioxide (CO2);1923519650;kg
2000;31201;Rohm and Haas B.V.;Amersfoort;Kooldioxide (CO2);1792164;kg
2000;31301;DSM Minera;Maarssen;Kooldioxide (CO2);4832100;kg
2000;31306;Pembroek B.V.;Loosdrecht;Kooldioxide (CO2);90300;kg
2000;31311;CARBOGEN AMCIS B.V.;Veenendaal;Kooldioxide (CO2);3651200;kg
2000;31322;Kerry Bio-Science (Utrecht);Utrecht;Kooldioxide (CO2);2717000;kg
2000;39103;Koninklijke ERU Kaasfabriek B.V.;Woerden;Kooldioxide (CO2);805000;kg
2000;39111;NEDAL Aluminium BV (Utrecht);Utrecht;Kooldioxide (CO2);5282000;kg
2000;41003;Shell Nederland Chemie BV (Moerdijk);Moerdijk;Kooldioxide (CO2);2415645000;kg
2000;41101;SABIC Innovative Plastics BV;Bergen op Zoom;Kooldioxide (CO2);604235759;kg
2000;41102;Allnex Netherlands B.V.;Bergen op Zoom;Kooldioxide (CO2);15900400;kg
2000;41103;Synthos Breda BV;Breda;Kooldioxide (CO2);10154851;kg
2000;41106;IFF Nederland BV;Tilburg;Kooldioxide (CO2);7098000;kg
2000;41108;Caldic Chemie Produktie BV;Zevenbergen;Kooldioxide (CO2);9984068;kg
2000;41307;Aspen Oss B.V.;Oss;Kooldioxide (CO2);30274000;kg
2000;41402;Trobas Gelatine B.V.;Dongen;Kooldioxide (CO2);7401744;kg
2000;41428;Covestro (Netherlands) B.V., vestiging Waalwijk;Waalwijk;Kooldioxide (CO2);4908086;kg
2000;42022;Nutricia Cuijk B.V.;Cuijk;Kooldioxide (CO2);7505000;kg
2000;42028;Campina Foodservice (Bergeyk);Bergeijk;Kooldioxide (CO2);3496000;kg
2000;42034;FrieslandCampina DMV B.V.;Veghel;Kooldioxide (CO2);39516000;kg
2000;42309;CSM Suiker BV (Wittouck);Breda;Kooldioxide (CO2);58200000;kg
2000;42310;Cosun Beet Company-Dinteloord;Dinteloord;Kooldioxide (CO2);106266710;kg
2000;42408;Swinkels Family Brewers N.V.;Lieshout;Kooldioxide (CO2);50154;kg
2000;42629;Cargill BV;Bergen op Zoom;Kooldioxide (CO2);68510000;kg
2000;42834;Rendac Son BV;Son en Breugel;Kooldioxide (CO2);42198000;kg
2000;43001;Avesta Sandvik Tube B.V.;Helmond;Kooldioxide (CO2);261000;kg
2000;43003;Tata Steel Nederland Tubes BV locatie Oosterhout;Oosterhout;Kooldioxide (CO2);13657000;kg
2000;43012;Hitmetal B.V.;Beek en Donk;Kooldioxide (CO2);214;kg
2000;43013;Nyrstar Budel BV;Budel-Dorplein;Kooldioxide (CO2);18919000;kg
2000;43403;DAF Trucks N.V.;Eindhoven;Kooldioxide (CO2);20749100;kg
2000;43513;LDM b.v.;Drunen;Kooldioxide (CO2);1394562;kg
2000;43514;Outokumpu Copper HME BV;Waalwijk;Kooldioxide (CO2);235000;kg
2000;43856;Hydro Extrusion Drunen;Drunen;Kooldioxide (CO2);18483702;kg
2000;44004;Amer Centrale;Geertruidenberg;Kooldioxide (CO2);6411732000;kg
2000;44006;RWZI Oijen (Waterschap Aa en Maas);Oijen;Kooldioxide (CO2);3968313;kg
2000;44007;PreZero Energy Roosendaal B.V.;Roosendaal;Kooldioxide (CO2);39033000;kg
2000;44162;Vlisco Netherlands BV;Helmond;Kooldioxide (CO2);25898650;kg
2000;44303;SCA Hygiene Products BV (Tilburg);Tilburg;Kooldioxide (CO2);12374000;kg
2000;44772;Ardagh Glass Dongen BV;Dongen;Kooldioxide (CO2);93300950;kg
2000;44773;Saint Gobain Construction Products NL BV;Etten-Leur;Kooldioxide (CO2);74017476;kg
2000;48002;Unipol Holland BV;Oss;Kooldioxide (CO2);2395750;kg
2000;48020;CNC;Moerdijk;Kooldioxide (CO2);52007701;kg
2000;48022;Dr. W. Kolb Nederland BV;Klundert;Kooldioxide (CO2);1928200;kg
2000;48023;FrieslandCampina Rijkevoort (Holland Cheese);Rijkevoort;Kooldioxide (CO2);8339000;kg
2000;48024;Essity Operations Cuijk B.V.;Katwijk NB;Kooldioxide (CO2);21581000;kg
2000;48029;FrieslandCampina Eindhoven (Consumer Products Europe);Eindhoven;Kooldioxide (CO2);4618000;kg
2000;48031;FrieslandCampina Butter & Milkpowder - Den Bosch;'s-Hertogenbosch;Kooldioxide (CO2);2775000;kg
2000;48040;FrieslandCampina Tilburg (Holland Cheese);Tilburg;Kooldioxide (CO2);7717000;kg
2000;48051;KBM Master Alloys BV (Oss);Oss;Kooldioxide (CO2);811196;kg
2000;48073;Nedzink BV;Budel-Dorplein;Kooldioxide (CO2);1653000;kg
2000;48074;Friesland Foods Cheese;Raamsdonksveer;Kooldioxide (CO2);177000;kg
2000;48080;Nutrifeed Veghel BV;Veghel;Kooldioxide (CO2);70000;kg
2000;49005;Frico Slices BV (Raamsdonkveer);Raamsdonksveer;Kooldioxide (CO2);41000;kg
2000;49006;WKC Moerdijk;Moerdijk;Kooldioxide (CO2);515355462;kg
2000;49010;Basell Benelux B.V.;Moerdijk;Kooldioxide (CO2);957000;kg
2000;51101;Synthomer Middelburg BV;Middelburg;Kooldioxide (CO2);48228000;kg
2000;51102;Rosier Nederland B.V.;Sas Van GEnt;Kooldioxide (CO2);20335000;kg
2000;51104;Dow Benelux BV (Hoek);Hoek;Kooldioxide (CO2);1871397994;kg
2000;51105;YARA Sluiskil BV;Sluiskil;Kooldioxide (CO2);2546315000;kg
2000;51107;ARKEMA B.V. location Vlissingen;Vlissingen;Kooldioxide (CO2);6087972;kg
2000;51404;ICL-IP Terneuzen BV;Terneuzen;Kooldioxide (CO2);9756000;kg
2000;52612;Cargill Benelux BV;Sas Van GEnt;Kooldioxide (CO2);227450000;kg
2000;53504;Zeeland Aluminium Company (Zalco BV);Vlissingen;Kooldioxide (CO2);353763000;kg
2000;54001;EPZ NV (Conventional Operations);Borssele;Kooldioxide (CO2);1818532638;kg
2000;56118;Stepan Nederland BV;Ritthem;Kooldioxide (CO2);11655710;kg
2000;56119;Decontamination Services BV;Ritthem;Kooldioxide (CO2);23282500;kg
2000;56121;ThermPhos International BV;Ritthem;Kooldioxide (CO2);261502272;kg
2000;61302;N.V. Organon vergunning ingetrokken;Apeldoorn;Kooldioxide (CO2);1780248;kg
2000;61411;Sonac Vuren BV;Vuren;Kooldioxide (CO2);22490178;kg
2000;61412;National Starch & Chemical B.V.;Zutphen;Kooldioxide (CO2);665000;kg
2000;61418;SACHEM Europe BV;Zaltbommel;Kooldioxide (CO2);3161726;kg
2000;61423;BASF Nederland B.V.;Arnhem;Kooldioxide (CO2);1188000;kg
2000;61425;Enka B.V.;Ede;Kooldioxide (CO2);153457000;kg
2000;61426;CP Kelco;Nijmegen;Kooldioxide (CO2);934000;kg
2000;61436;Givaudan Nederland BV (Barneveld);Barneveld;Kooldioxide (CO2);5190000;kg
2000;62006;FrieslandCampina Cheese Varsseveld;Varsseveld;Kooldioxide (CO2);2424000;kg
2000;62009;FrieslandCampina Butter&Milkpowder (Lochem);Lochem;Kooldioxide (CO2);34650000;kg
2000;62010;Nestlé Nederland BV (Nunspeet);Nunspeet;Kooldioxide (CO2);15415000;kg
2000;62013;FrieslandCampina Steenderen;Steenderen;Kooldioxide (CO2);3392000;kg
2000;62016;Frico Cheese BV (Winterswijk);Winterswijk;Kooldioxide (CO2);2783000;kg
2000;62025;FrieslandCampina (Borculo);Borculo;Kooldioxide (CO2);13459000;kg
2000;62027;Friesche Vlag BV (Arnhem);Arnhem;Kooldioxide (CO2);5795000;kg
2000;62031;Arla Foods BV;Nijkerk;Kooldioxide (CO2);3289000;kg
2000;63003;Corus Tubes Arnhem;Arnhem;Kooldioxide (CO2);164000;kg
2000;63012;KME Netherlands B.V.;Zutphen;Kooldioxide (CO2);6876000;kg
2000;63508;Nijmeegsche IJzergieterij BV;Nijmegen;Kooldioxide (CO2);4709000;kg
2000;63524;Lincoln Smitweld B.V.;Nijmegen;Kooldioxide (CO2);1962677;kg
2000;63601;Hydro Extrusion Harderwijk;Harderwijk;Kooldioxide (CO2);17797000;kg
2000;64304;Papierfabriek Doetinchem bv;Doetinchem;Kooldioxide (CO2);31830000;kg
2000;64308;Sappi Nijmegen BV/InnovioPapers;Nijmegen;Kooldioxide (CO2);102514000;kg
2000;64335;DS Smith De Hoop B.V.;Eerbeek;Kooldioxide (CO2);239542000;kg
2000;64353;Stora Enso;Wapenveld;Kooldioxide (CO2);250247000;kg
2000;64354;VHP Security Paper B.V.;Ugchelen;Kooldioxide (CO2);6459000;kg
2000;64360;Smurfit Westrock Parenco B.V.;Renkum;Kooldioxide (CO2);263457000;kg
2000;66201;Coldenhove Paper B.V.;Eerbeek;Kooldioxide (CO2);18585000;kg
2000;66206;TANATEX Chemicals BV;Ede;Kooldioxide (CO2);889538;kg
2000;66220;Smart Packaging Solutions B.V.;Loenen;Kooldioxide (CO2);9950000;kg
2000;66239;Mead Johnson B.V.;Nijmegen;Kooldioxide (CO2);5767000;kg
2000;66253;Stichting Mestverwerking Gelderland SMG (KGBI Stroe);Stroe;Kooldioxide (CO2);3000000;kg
2000;66325;Stichting Mestverwerking Gelderland SMG (KGBI Elspeet);Elspeet;Kooldioxide (CO2);2300000;kg
2000;66355;PFW Aroma ingredients bv;Barneveld;Kooldioxide (CO2);1142700;kg
2000;69033;Vika BV;Ede;Kooldioxide (CO2);2352000;kg
2000;69040;Frico Cheese BV (Markelo);Markelo;Kooldioxide (CO2);765000;kg
2000;69067;Groot Zevert Vergisting;Beltrum;Kooldioxide (CO2);912627;kg
2000;71102;KLK Kolb Specialties B.V.;Delden;Kooldioxide (CO2);6886452;kg
2000;71103;Nouryon Functional Chemicals;Deventer;Kooldioxide (CO2);11506863;kg
2000;71105;Nobian Chemicals BV (Hengelo);Hengelo;Kooldioxide (CO2);427800000;kg
2000;71301;Abbott Biologicals B.V. (Olst);Olst;Kooldioxide (CO2);1677000;kg
2000;72010;Frico Cheese BV (Wierden);Wierden;Kooldioxide (CO2);1861000;kg
2000;72016;Royal Lactalis Leerdammer BV (Dalfsen);Dalfsen;Kooldioxide (CO2);3788000;kg
2000;72024;Ausnutria Kampen BV;Kampen;Kooldioxide (CO2);9158000;kg
2000;72025;Coöp. Zuivelindustrie Dinkelland B.A.;Losser;Kooldioxide (CO2);1615000;kg
2000;72027;Ausnutria Ommen B.V.;Ommen;Kooldioxide (CO2);2251000;kg
2000;72030;Friesland Nutrition, Rijssen;Rijssen;Kooldioxide (CO2);981000;kg
2000;73508;Aluminium Hardenberg B.V.;Hardenberg;Kooldioxide (CO2);11420000;kg
2000;74003;Centrale Harculo;Zwolle;Kooldioxide (CO2);83000000;kg
2000;75305;locatie Boeldershoek;Hengelo;Kooldioxide (CO2);230000000;kg
2000;75342;FrieslandCampina Balkbrug;Balkbrug;Kooldioxide (CO2);8567000;kg
2000;75349;CZ Rouveen kaasspecialiteiten;Rouveen;Kooldioxide (CO2);730000;kg
2000;81103;Norit Nederland B.V.;Klazienaveen;Kooldioxide (CO2);139000000;kg
2000;81104;DOC Kaas (Zuivelfabriek);Hoogeveen;Kooldioxide (CO2);8552000;kg
2000;81105;Diolen Industrial Fibers B.V.;Emmen;Kooldioxide (CO2);225569525;kg
2000;81202;AOC Nederland BV (Schoonebeek);Zandpol;Kooldioxide (CO2);13114000;kg
2000;82002;FrieslandCampina Domo B.V. (Beilen);Beilen;Kooldioxide (CO2);9815000;kg
2000;82603;Avebe u.a. (Gasselternijveen);Gasselternijveen;Kooldioxide (CO2);99791000;kg
2000;83019;Frico Cheese BV (Assen);Assen;Kooldioxide (CO2);8556000;kg
2000;83501;2 RG;Klazienaveen;Kooldioxide (CO2);7803356;kg
2000;84999;FrieslandCampina Kievit (Meppel);Meppel;Kooldioxide (CO2);15208000;kg
2000;85002;Attero BV;Wijster;Kooldioxide (CO2);588101000;kg
2000;85003;Envalior Engineering Materials B.V.;Emmen;Kooldioxide (CO2);145848;kg
2000;85005;Friesland Foods Cheese;Meppel;Kooldioxide (CO2);358000;kg
2000;92001;FrieslandCampina Cheese Gerkesklooster;Gerkesklooster;Kooldioxide (CO2);15986000;kg
2000;92004;Hochwald Foods Nederland BV;Bolsward;Kooldioxide (CO2);6939000;kg
2000;92008;Phoenix BV;Scharsterbrug;Kooldioxide (CO2);7917000;kg
2000;92011;Frico Cheese, Sint Nicolaasga;Sint Nicolaasga;Kooldioxide (CO2);1103000;kg
2000;92012;FrieslandCampina (Leeuwarden);Leeuwarden;Kooldioxide (CO2);7891000;kg
2000;92015;FrieslandCampina Dronrijp;Dronryp;Kooldioxide (CO2);9387000;kg
2000;92016;Friesland Foods Cheese BV (Oosterwolde);Oosterwolde;Kooldioxide (CO2);14953000;kg
2000;92018;Frico Cheese BV (Elsloo);Elsloo;Kooldioxide (CO2);4851000;kg
2000;92020;Frico Cheese BV (Olterterp);Olterterp;Kooldioxide (CO2);4851000;kg
2000;92023;Frico Cheese BV (Burgum);Burgum;Kooldioxide (CO2);5571000;kg
2000;92025;Frico Cheese, Wolvega;De Blesse;Kooldioxide (CO2);1263000;kg
2000;92030;FrieslandCampina (Workum);Workum;Kooldioxide (CO2);16961000;kg
2000;94003;Centrale Bergum;Burgum;Kooldioxide (CO2);57000000;kg
2000;94301;Huhtamaki Nederland B.V.;Franeker;Kooldioxide (CO2);14975000;kg
2000;94706;BASF Nederland B.V.;Heerenveen;Kooldioxide (CO2);9172761;kg
2000;101002;Henkel Nederland Operations B.V.;Scheemda;Kooldioxide (CO2);1526836;kg
2000;101103;BioMCN B.V.;Farmsum;Kooldioxide (CO2);645000000;kg
2000;101104;Dow Benelux B.V.;Delfzijl;Kooldioxide (CO2);9467564;kg
2000;101105;P.Q. Silicas B.V.;Winschoten;Kooldioxide (CO2);16961000;kg
2000;101108;Qemetica NL Silica bv;Delfzijl;Kooldioxide (CO2);29600000;kg
2000;101404;Delamine B.V.;Farmsum;Kooldioxide (CO2);1225124;kg
2000;101405;Electric Glass Fiber NL, B.V.;Westerbroek;Kooldioxide (CO2);55293000;kg
2000;101408;Nedmag B.V.;Veendam;Kooldioxide (CO2);90270759;kg
2000;102001;FrieslandCampina Nederland B.V.;Bedum;Kooldioxide (CO2);18818000;kg
2000;102301;Suiker Unie (Groningen);Groningen;Kooldioxide (CO2);101784097;kg
2000;102302;Cosun Beet Company-Vierverlaten;Groningen;Kooldioxide (CO2);82256100;kg
2000;102615;Avebe b.a. (DWM Veendam);Veendam;Kooldioxide (CO2);21626000;kg
2000;102620;Coöperatie AVEBE U.A.;Ter Apelkanaal;Kooldioxide (CO2);160645000;kg
2000;102621;Avebe u.a. (Foxhol);Foxhol;Kooldioxide (CO2);69195000;kg
2000;103009;KBM Master Alloys B.V.;Delfzijl;Kooldioxide (CO2);3154048;kg
2000;103010;DAMCO Aluminium Delfzijl Coöperatie U.A.;Farmsum;Kooldioxide (CO2);179704000;kg
2000;104001;ENGIE Energie Nederland NV;Eemshaven;Kooldioxide (CO2);4417000000;kg
2000;104003;Delesto B.V.;Farmsum;Kooldioxide (CO2);1844362738;kg
2000;104301;WKC De Eendracht;Appingedam;Kooldioxide (CO2);66146000;kg
2000;104302;Solidus Solutions Board Groningen-Hoogkerk;Groningen;Kooldioxide (CO2);26781000;kg
2000;104304;Eska B.V.;Hoogezand;Kooldioxide (CO2);65044000;kg
2000;104305;Eska B.V.;Sappemeer;Kooldioxide (CO2);51269000;kg
2000;104307;Solidus Board Bad Nieuweschans B.V.;Bad Nieuweschans;Kooldioxide (CO2);38580000;kg
2000;104521;FrieslandCampina Wolvega;Wolvega;Kooldioxide (CO2);1263000;kg
2000;105001;ChemCom Industries BV;Farmsum;Kooldioxide (CO2);131925;kg
2000;105004;Teijin Aramid B.V.;Farmsum;Kooldioxide (CO2);16526257;kg
2000;105007;FrieslandCampina Nederland B.V.;Marum;Kooldioxide (CO2);8019000;kg
2000;105014;Brunner Mond BV (inrichting bestaat niet meer);Farmsum;Kooldioxide (CO2);84100000;kg
2000;105016;Nobian Industrial Chemicals B.V. - SSC (Shared Service Center);Farmsum;Kooldioxide (CO2);6356675;kg
2000;105019;Friesland Foods Western Europe (Groningen);Groningen;Kooldioxide (CO2);3184000;kg
2000;114711;Yakult Nederland BV;Almere;Kooldioxide (CO2);734000;kg
2000;114722;Waterschap Noorderzijlvest - RWZI Garmerwolde;Garmerwolde;Kooldioxide (CO2);8913423;kg
2000;114723;RWZI Harderwijk;Harderwijk;Kooldioxide (CO2);3630923;kg
2000;114724;RWZI Apeldoorn;Apeldoorn;Kooldioxide (CO2);8758163;kg
2000;114725;RWZI Ede;Ede;Kooldioxide (CO2);6189998;kg
2000;114726;RWZI Nieuwgraaf (Waterschap Rijn en IJssel);Duiven;Kooldioxide (CO2);6229496;kg
2000;114728;RWZI Nieuwveer;Breda;Kooldioxide (CO2);11842132;kg
2000;114729;RWZI Aarle-Rixtel (Waterschap Aa en Maas);Aarle-Rixtel;Kooldioxide (CO2);2705254;kg
2000;114732;RWZI Venlo;Venlo;Kooldioxide (CO2);10780775;kg
2000;114733;RWZI Hoensbroek;Hoensbroek;Kooldioxide (CO2);10419795;kg
2000;114734;RWZI Enschede;Enschede;Kooldioxide (CO2);14132613;kg
2000;114736;RWZI Dokhaven en Slibverwerkingsinstallatie Sluisjesdijk;Rotterdam;Kooldioxide (CO2);11387000;kg
2000;114737;AWZI Kralingseveer (Hoogheemraadschap van Schieland);Capelle aan den Ijssel;Kooldioxide (CO2);8242643;kg
2000;114740;RWZI Susteren;Susteren;Kooldioxide (CO2);6752390;kg
2000;114741;RWZI Amersfoort;Amersfoort;Kooldioxide (CO2);5937805;kg
2000;114743;RWZI Dinther (Waterschap Aa en Maas);Heeswijk-Dinther;Kooldioxide (CO2);5791489;kg
2000;114744;Elsta P&U;Hoek;Kooldioxide (CO2);1873119000;kg
2000;114823;Jos Menten Metaalrecycling BV;Roermond;Kooldioxide (CO2);507303;kg
2000;115019;Kemira Agro Rozenburg B.V.;Europoort Rotterdam;Kooldioxide (CO2);810051201;kg
2000;115142;Campina B. V.;Woerden;Kooldioxide (CO2);4198000;kg
2000;201639;Solidus Solutions Board Oude Pekela;Oude Pekela;Kooldioxide (CO2);38309000;kg
2000;220150;Hoogheemraadschap Hollands Noorderkwartier SDI/RWZI Beverwijk;Beverwijk;Kooldioxide (CO2);36989095;kg
2000;220264;Rioolwaterzuiveringsinstallatie Hengelo;Hengelo;Kooldioxide (CO2);6290988;kg
2001;60;Sappi Maastricht BV;Maastricht;Kooldioxide (CO2);264147000;kg
2001;65;PQ Silicas BV;Eijsden;Kooldioxide (CO2);33556000;kg
2001;66;Marsna Paper B.V.;Meerssen;Kooldioxide (CO2);18520000;kg
2001;90;VDL Castings Heerlen BV;Hoensbroek;Kooldioxide (CO2);11805;kg
2001;148;ENCI BV (Maastricht);Maastricht;Kooldioxide (CO2);781258000;kg
2001;151;O-I Netherlands BV (Maastricht);Maastricht;Kooldioxide (CO2);112506711;kg
2001;159;Fenzi AGT Netherlands B.V.;Maastricht;Kooldioxide (CO2);4124123;kg
2001;174;Tata Steel Nederland Tubes BV locatie Maastricht;Maastricht;Kooldioxide (CO2);864645;kg
2001;325;Lawter Maastricht BV;Maastricht;Kooldioxide (CO2);4331538;kg
2001;1102;Honeywell Fluorine Products Europe B.V.;Weert;Kooldioxide (CO2);4934760;kg
2001;1104;Solvay Chemie BV;Herten;Kooldioxide (CO2);8156000;kg
2001;1107;Nouryon Functional Chemicals B.V.;Herkenbosch;Kooldioxide (CO2);10498000;kg
2001;3513;MGG Netherlands BV;Tegelen;Kooldioxide (CO2);4777067;kg
2001;4301;Smurfit Westrock Roermond Paper BV;Roermond;Kooldioxide (CO2);155248000;kg
2001;5727;EverZinc Nederland B.V.;Eijsden;Kooldioxide (CO2);13206000;kg
2001;5729;Celanese Production Netherlands B.V.;Geleen;Kooldioxide (CO2);5658451;kg
2001;5739;E-MAX BILLETS;Kerkrade;Kooldioxide (CO2);16005748;kg
2001;5740;WEPA Nederland B.V.;Swalmen;Kooldioxide (CO2);24238000;kg
2001;5743;Walkro Blitterswijck BV;Blitterswijck;Kooldioxide (CO2);331420;kg
2001;5750;FrieslandCampina Born;Born;Kooldioxide (CO2);5225000;kg
2001;9003;Everris International BV;Heerlen;Kooldioxide (CO2);9297010;kg
2001;10001;Nobian Industrial Chemicals BV (Rotterdam);Botlek Rotterdam;Kooldioxide (CO2);194624000;kg
2001;10002;Nouryon Performance Formulations b.v.;Europoort Rotterdam;Kooldioxide (CO2);3798000;kg
2001;10004;Lyondell Chemical Nederland Ltd.;Botlek Rotterdam;Kooldioxide (CO2);101025000;kg
2001;10005;LBC Rotterdam BV;Botlek Rotterdam;Kooldioxide (CO2);4041248;kg
2001;10006;Shell Nederland Chemie BV (Pernis);Vondelingenplaat Rotterdam;Kooldioxide (CO2);38934000;kg
2001;10011;Leerdammer Company BV;Schoonrewoerd;Kooldioxide (CO2);598500;kg
2001;10016;Climax Molybdenum BV;Botlek Rotterdam;Kooldioxide (CO2);8484931;kg
2001;10017;Evonik Carbon Black Nederland BV;Botlek Rotterdam;Kooldioxide (CO2);151000000;kg
2001;10042;Kemira Rotterdam B.V. - locatie Botlek;Botlek Rotterdam;Kooldioxide (CO2);740000;kg
2001;10061;Esso Nederland BV (Raffinaderij Rotterdam);Botlek Rotterdam;Kooldioxide (CO2);2159818088;kg
2001;10062;ExxonMobil Chemical Holland BV (RAP);Botlek Rotterdam;Kooldioxide (CO2);424415610;kg
2001;10064;Almatis BV;Botlek Rotterdam;Kooldioxide (CO2);17187585;kg
2001;10076;HVC AfvalEnergieCentrale Dordrecht;Dordrecht;Kooldioxide (CO2);195100000;kg
2001;10079;Chemours Netherlands B.V.;Dordrecht;Kooldioxide (CO2);271386305;kg
2001;10082;Akzo Nobel Car Refinishes B.V.;Sassenheim;Kooldioxide (CO2);4555000;kg
2001;10086;NV Nutricia Zoetermeer;Zoetermeer;Kooldioxide (CO2);9472000;kg
2001;10095;Delft Gelatin B.V.;Delft;Kooldioxide (CO2);10486470;kg
2001;10097;SD Guthrie International Zwijndrecht Refinery B.V.;Zwijndrecht;Kooldioxide (CO2);61601053;kg
2001;10100;Bakelite Botlek Rotterdam;Botlek Rotterdam;Kooldioxide (CO2);2588000;kg
2001;10546;Lactalis Leerdammer BV (Schoonrewoerd);Schoonrewoerd;Kooldioxide (CO2);2884000;kg
2001;10590;FrieslandCampina Rotterdam;Rotterdam;Kooldioxide (CO2);2400000;kg
2001;10615;ENCI BV (Rotterdam);Botlek Rotterdam;Kooldioxide (CO2);21775776;kg
2001;10687;Biotech Campus Delft;Delft;Kooldioxide (CO2);231311000;kg
2001;10698;Cargill Bioindustrial BV;Gouda;Kooldioxide (CO2);49773630;kg
2001;10722;O-I Manufacturing Netherlands BV Schiedam;Schiedam;Kooldioxide (CO2);59340738;kg
2001;10723;O-I Netherlands BV (Leerdam);Leerdam;Kooldioxide (CO2);119569171;kg
2001;10738;Cerexagri BV / ARKEMA Rotterdam BV;Vondelingenplaat Rotterdam;Kooldioxide (CO2);19232500;kg
2001;10793;Tata Steel Nederland Tubes BV locatie Zwijndrecht;Zwijndrecht;Kooldioxide (CO2);1010500;kg
2001;10829;Cosun Beet company (Puttershoek);Puttershoek;Kooldioxide (CO2);61505600;kg
2001;10928;Aluminium & Chemie Rotterdam B.V.;Botlek Rotterdam;Kooldioxide (CO2);130606000;kg
2001;10971;Ferro (Holland) B.V. (HS);Rotterdam;Kooldioxide (CO2);8294900;kg
2001;10972;Ferro (Holland) B.V. (IW);Rotterdam;Kooldioxide (CO2);2371000;kg
2001;11024;Cabot B.V.;Botlek Rotterdam;Kooldioxide (CO2);145445530;kg
2001;11046;PURAC Biochem B.V.;Gorinchem;Kooldioxide (CO2);68120000;kg
2001;11105;Heineken Netherlands Supply B.V., brouwerij Zoeterwoude;Zoeterwoude;Kooldioxide (CO2);76017410;kg
2001;11111;Ashland Industries Nederland B.V.;Zwijndrecht;Kooldioxide (CO2);18043368;kg
2001;11366;LANXESS Rotterdam Botlek;Botlek Rotterdam;Kooldioxide (CO2);273680000;kg
2001;12135;ExxonMobil Chemical Holland BV (ROP van RPI);Europoort Rotterdam;Kooldioxide (CO2);87261000;kg
2001;12147;E.ON Warmte Station Galileistraat;Rotterdam;Kooldioxide (CO2);480544230;kg
2001;12149;Uniper Benelux NV (Maasvlakte);Maasvlakte Rotterdam;Kooldioxide (CO2);6105217000;kg
2001;12150;Uniper Centrale RoCa;Rotterdam;Kooldioxide (CO2);676000000;kg
2001;12157;HVC ZVI B.V.;Dordrecht;Kooldioxide (CO2);9599524;kg
2001;12158;HVC Slibverbrandingsinstallatie;Dordrecht;Kooldioxide (CO2);104604000;kg
2001;12162;Evos Rotterdam B.V.;Europoort Rotterdam;Kooldioxide (CO2);7870574;kg
2001;12167;UZIMET BV;Rijswijk;Kooldioxide (CO2);225000;kg
2001;12168;INV NYLON CHEMICALS NETHERLANDS B.V.;Botlek Rotterdam;Kooldioxide (CO2);8594634;kg
2001;12170;FrieslandCampina Maasdam;Maasdam;Kooldioxide (CO2);1938000;kg
2001;12171;Zuivelfabriek De Graafstroom;Bleskensgraaf Ca;Kooldioxide (CO2);3498000;kg
2001;12172;Promelca B.V. (Gorinchem);Gorinchem;Kooldioxide (CO2);25897000;kg
2001;12174;Ducor Petrochemicals B.V.;Botlek Rotterdam;Kooldioxide (CO2);11509071;kg
2001;12176;Air Products Nederland BV (Pernis);Vondelingenplaat Rotterdam;Kooldioxide (CO2);532095000;kg
2001;12177;VPR Energy B.V.;Europoort Rotterdam;Kooldioxide (CO2);69459000;kg
2001;19004;ExxonMobil Chemical Holland BV (RPP van RPI);Botlek Rotterdam;Kooldioxide (CO2);62191000;kg
2001;19071;Shin-Etsu PVC BV (VCM Botlek);Botlek Rotterdam;Kooldioxide (CO2);81817000;kg
2001;19072;FrieslandCampina Nederland B.V.;Noordwijk;Kooldioxide (CO2);1223000;kg
2001;19073;Westlake Epoxy B.V.;Vondelingenplaat Rotterdam;Kooldioxide (CO2);45687000;kg
2001;21010;Sonneborn Refined Products BV (Amsterdam);Amsterdam;Kooldioxide (CO2);24594000;kg
2001;21011;Rütgers Resins B.V.;Uithoorn;Kooldioxide (CO2);24087000;kg
2001;21101;Ketjen Netherlands BV;Amsterdam;Kooldioxide (CO2);79779000;kg
2001;21102;ICL FERTILIZERS EUROPE C.V.;Amsterdam;Kooldioxide (CO2);18160000;kg
2001;21104;GE Plastics ABS B.V.;Amsterdam;Kooldioxide (CO2);12855473;kg
2001;21301;LANXESS Manufacturing Netherlands BV;Amsterdam;Kooldioxide (CO2);4593037;kg
2001;21304;Givaudan Nederland B.V. (Naarden);Naarden;Kooldioxide (CO2);10941562;kg
2001;21403;Norit Nederland BV (Zaandam);Zaandam;Kooldioxide (CO2);34290398;kg
2001;22002;Campina BV (Heiloo);Heiloo;Kooldioxide (CO2);1984000;kg
2001;22006;FrieslandCampina Nederland B.V. Lutjewinkel;Lutjewinkel;Kooldioxide (CO2);6214000;kg
2001;22008;Kaptein PCF;Oosthuizen;Kooldioxide (CO2);573000;kg
2001;22010;DMV International, locatie Uitgeest;Uitgeest;Kooldioxide (CO2);4900000;kg
2001;22011;CONO Kaasmakers (Stompetoren);Stompetoren;Kooldioxide (CO2);7027000;kg
2001;22012;CONO Kaasmakers (Middenbeemster);Westbeemster;Kooldioxide (CO2);2746000;kg
2001;22020;Campina BV (Hilversum);Hilversum;Kooldioxide (CO2);2201000;kg
2001;22602;Tate & Lyle Netherlands BV;Koog aan de Zaan;Kooldioxide (CO2);77412754;kg
2001;22617;Bunge Netherlands BV;Amsterdam;Kooldioxide (CO2);62757681;kg
2001;22626;Cargill BV (Multiseed);Amsterdam;Kooldioxide (CO2);34166718;kg
2001;23301;Tata Steel IJmuiden BV;Velsen-Noord;Kooldioxide (CO2);5603000000;kg
2001;24000;Vattenfall Power Generation B.V. (Hemweg);Amsterdam;Kooldioxide (CO2);4219438657;kg
2001;24002;Vattenfall Power Generation B.V. (Diemen);Diemen;Kooldioxide (CO2);608573569;kg
2001;24003;Vattenfall Power Generation B.V. (Velsen);Velsen-Noord;Kooldioxide (CO2);4912451887;kg
2001;24302;Crown van Gelder International B.V.;Velsen-Noord;Kooldioxide (CO2);153000000;kg
2001;24714;ENCI BV (IJmuiden);Velsen-Noord;Kooldioxide (CO2);26755445;kg
2001;28070;Alpha Assembly Solutions Netherlands BV;Naarden;Kooldioxide (CO2);1469199;kg
2001;28072;Quaker Chemical B.V. (A Quaker Houghton Company);Uithoorn;Kooldioxide (CO2);2224954;kg
2001;28087;Schiphol Nederland BV;Schiphol;Kooldioxide (CO2);24605744;kg
2001;28091;HVC N.V.;Alkmaar;Kooldioxide (CO2);443911352;kg
2001;28095;Campina BV (Alkmaar);Alkmaar;Kooldioxide (CO2);94000;kg
2001;28096;Friesland Foods Cheese BV (Huizen);Huizen;Kooldioxide (CO2);376000;kg
2001;28098;FrieslandCampina Limmen (Ecomel);Limmen;Kooldioxide (CO2);686000;kg
2001;28175;Waeles Nederland BV;Nieuw-Vennep;Kooldioxide (CO2);396828;kg
2001;28176;Vattenfall Power Generation B.V. (IJmond 1);Velsen-Noord;Kooldioxide (CO2);1267259060;kg
2001;28183;PVS Chemicals Holland B.V.;Amsterdam;Kooldioxide (CO2);2120538;kg
2001;31201;Rohm and Haas B.V.;Amersfoort;Kooldioxide (CO2);2116597;kg
2001;31301;DSM Minera;Maarssen;Kooldioxide (CO2);4244000;kg
2001;31306;Pembroek B.V.;Loosdrecht;Kooldioxide (CO2);90300;kg
2001;31311;CARBOGEN AMCIS B.V.;Veenendaal;Kooldioxide (CO2);4475200;kg
2001;34001;Nuon Power Generation BV (Lage Weide / Merwedekanaal);Utrecht;Kooldioxide (CO2);1302332946;kg
2001;39103;Koninklijke ERU Kaasfabriek B.V.;Woerden;Kooldioxide (CO2);805000;kg
2001;39111;NEDAL Aluminium BV (Utrecht);Utrecht;Kooldioxide (CO2);5282000;kg
2001;41003;Shell Nederland Chemie BV (Moerdijk);Moerdijk;Kooldioxide (CO2);2867689000;kg
2001;41101;SABIC Innovative Plastics BV;Bergen op Zoom;Kooldioxide (CO2);641336803;kg
2001;41102;Allnex Netherlands B.V.;Bergen op Zoom;Kooldioxide (CO2);15553400;kg
2001;41103;Synthos Breda BV;Breda;Kooldioxide (CO2);10092791;kg
2001;41106;IFF Nederland BV;Tilburg;Kooldioxide (CO2);7098000;kg
2001;41108;Caldic Chemie Produktie BV;Zevenbergen;Kooldioxide (CO2);9089300;kg
2001;41307;Aspen Oss B.V.;Oss;Kooldioxide (CO2);36966000;kg
2001;41402;Trobas Gelatine B.V.;Dongen;Kooldioxide (CO2);7972676;kg
2001;41428;Covestro (Netherlands) B.V., vestiging Waalwijk;Waalwijk;Kooldioxide (CO2);4976944;kg
2001;41521;Afvalstoffen Terminal Moerdijk BV (ATM);Moerdijk;Kooldioxide (CO2);79885377;kg
2001;42022;Nutricia Cuijk B.V.;Cuijk;Kooldioxide (CO2);5881000;kg
2001;42028;Campina Foodservice (Bergeyk);Bergeijk;Kooldioxide (CO2);3277000;kg
2001;42034;FrieslandCampina DMV B.V.;Veghel;Kooldioxide (CO2);43725000;kg
2001;42309;CSM Suiker BV (Wittouck);Breda;Kooldioxide (CO2);50200000;kg
2001;42310;Cosun Beet Company-Dinteloord;Dinteloord;Kooldioxide (CO2);92819331;kg
2001;42408;Swinkels Family Brewers N.V.;Lieshout;Kooldioxide (CO2);52978000;kg
2001;42629;Cargill BV;Bergen op Zoom;Kooldioxide (CO2);69009863;kg
2001;42834;Rendac Son BV;Son en Breugel;Kooldioxide (CO2);41299973;kg
2001;43003;Tata Steel Nederland Tubes BV locatie Oosterhout;Oosterhout;Kooldioxide (CO2);13875000;kg
2001;43012;Hitmetal B.V.;Beek en Donk;Kooldioxide (CO2);214;kg
2001;43013;Nyrstar Budel BV;Budel-Dorplein;Kooldioxide (CO2);17386000;kg
2001;43513;LDM b.v.;Drunen;Kooldioxide (CO2);1394562;kg
2001;43514;Outokumpu Copper HME BV;Waalwijk;Kooldioxide (CO2);235000;kg
2001;44004;Amer Centrale;Geertruidenberg;Kooldioxide (CO2);7480579000;kg
2001;44006;RWZI Oijen (Waterschap Aa en Maas);Oijen;Kooldioxide (CO2);3499541;kg
2001;44007;PreZero Energy Roosendaal B.V.;Roosendaal;Kooldioxide (CO2);40071429;kg
2001;44009;BV Afvalverbranding Zuid Nederland (AZN);Moerdijk;Kooldioxide (CO2);488000000;kg
2001;44162;Vlisco Netherlands BV;Helmond;Kooldioxide (CO2);27476060;kg
2001;44303;SCA Hygiene Products BV (Tilburg);Tilburg;Kooldioxide (CO2);12926000;kg
2001;44772;Ardagh Glass Dongen BV;Dongen;Kooldioxide (CO2);87878980;kg
2001;47001;Slibverwerking Noord-Brabant NV;Moerdijk;Kooldioxide (CO2);119000000;kg
2001;48002;Unipol Holland BV;Oss;Kooldioxide (CO2);2485772;kg
2001;48020;CNC;Moerdijk;Kooldioxide (CO2);56110077;kg
2001;48022;Dr. W. Kolb Nederland BV;Klundert;Kooldioxide (CO2);2185500;kg
2001;48023;FrieslandCampina Rijkevoort (Holland Cheese);Rijkevoort;Kooldioxide (CO2);8867000;kg
2001;48024;Essity Operations Cuijk B.V.;Katwijk NB;Kooldioxide (CO2);21061000;kg
2001;48029;FrieslandCampina Eindhoven (Consumer Products Europe);Eindhoven;Kooldioxide (CO2);4860000;kg
2001;48031;FrieslandCampina Butter & Milkpowder - Den Bosch;'s-Hertogenbosch;Kooldioxide (CO2);3000000;kg
2001;48040;FrieslandCampina Tilburg (Holland Cheese);Tilburg;Kooldioxide (CO2);7940000;kg
2001;48051;KBM Master Alloys BV (Oss);Oss;Kooldioxide (CO2);939748;kg
2001;48073;Nedzink BV;Budel-Dorplein;Kooldioxide (CO2);1794000;kg
2001;48074;Friesland Foods Cheese;Raamsdonksveer;Kooldioxide (CO2);155000;kg
2001;48080;Nutrifeed Veghel BV;Veghel;Kooldioxide (CO2);70000;kg
2001;49005;Frico Slices BV (Raamsdonkveer);Raamsdonksveer;Kooldioxide (CO2);48000;kg
2001;49006;WKC Moerdijk;Moerdijk;Kooldioxide (CO2);598890039;kg
2001;49010;Basell Benelux B.V.;Moerdijk;Kooldioxide (CO2);2605000;kg
2001;51101;Synthomer Middelburg BV;Middelburg;Kooldioxide (CO2);44404000;kg
2001;51102;Rosier Nederland B.V.;Sas Van GEnt;Kooldioxide (CO2);19103505;kg
2001;51104;Dow Benelux BV (Hoek);Hoek;Kooldioxide (CO2);1814333436;kg
2001;51105;YARA Sluiskil BV;Sluiskil;Kooldioxide (CO2);2342176000;kg
2001;51107;ARKEMA B.V. location Vlissingen;Vlissingen;Kooldioxide (CO2);3972633;kg
2001;51404;ICL-IP Terneuzen BV;Terneuzen;Kooldioxide (CO2);9549000;kg
2001;52612;Cargill Benelux BV;Sas Van GEnt;Kooldioxide (CO2);219010000;kg
2001;53504;Zeeland Aluminium Company (Zalco BV);Vlissingen;Kooldioxide (CO2);299949000;kg
2001;54001;EPZ NV (Conventional Operations);Borssele;Kooldioxide (CO2);2059000000;kg
2001;56118;Stepan Nederland BV;Ritthem;Kooldioxide (CO2);7753020;kg
2001;56119;Decontamination Services BV;Ritthem;Kooldioxide (CO2);26292900;kg
2001;56120;Sea Way Chemical Processing B.V.;Ritthem;Kooldioxide (CO2);431621;kg
2001;56121;ThermPhos International BV;Ritthem;Kooldioxide (CO2);289319023;kg
2001;61302;N.V. Organon vergunning ingetrokken;Apeldoorn;Kooldioxide (CO2);2543390;kg
2001;61412;National Starch & Chemical B.V.;Zutphen;Kooldioxide (CO2);739000;kg
2001;61418;SACHEM Europe BV;Zaltbommel;Kooldioxide (CO2);3161726;kg
2001;61423;BASF Nederland B.V.;Arnhem;Kooldioxide (CO2);1188000;kg
2001;61425;Enka B.V.;Ede;Kooldioxide (CO2);142626000;kg
2001;61436;Givaudan Nederland BV (Barneveld);Barneveld;Kooldioxide (CO2);5662900;kg
2001;62006;FrieslandCampina Cheese Varsseveld;Varsseveld;Kooldioxide (CO2);2424000;kg
2001;62009;FrieslandCampina Butter&Milkpowder (Lochem);Lochem;Kooldioxide (CO2);35087000;kg
2001;62010;Nestlé Nederland BV (Nunspeet);Nunspeet;Kooldioxide (CO2);16587000;kg
2001;62013;FrieslandCampina Steenderen;Steenderen;Kooldioxide (CO2);3578000;kg
2001;62016;Frico Cheese BV (Winterswijk);Winterswijk;Kooldioxide (CO2);945000;kg
2001;62025;FrieslandCampina (Borculo);Borculo;Kooldioxide (CO2);31569000;kg
2001;62027;Friesche Vlag BV (Arnhem);Arnhem;Kooldioxide (CO2);5442000;kg
2001;62031;Arla Foods BV;Nijkerk;Kooldioxide (CO2);3387000;kg
2001;63003;Corus Tubes Arnhem;Arnhem;Kooldioxide (CO2);164000;kg
2001;63012;KME Netherlands B.V.;Zutphen;Kooldioxide (CO2);7600000;kg
2001;63524;Lincoln Smitweld B.V.;Nijmegen;Kooldioxide (CO2);1962923;kg
2001;63601;Hydro Extrusion Harderwijk;Harderwijk;Kooldioxide (CO2);17797000;kg
2001;64001;Centrale Gelderland;Nijmegen;Kooldioxide (CO2);1928000000;kg
2001;64304;Papierfabriek Doetinchem bv;Doetinchem;Kooldioxide (CO2);32066000;kg
2001;64307;Schut Papier B.V.;Heelsum;Kooldioxide (CO2);1238000;kg
2001;64308;Sappi Nijmegen BV/InnovioPapers;Nijmegen;Kooldioxide (CO2);82900000;kg
2001;64335;DS Smith De Hoop B.V.;Eerbeek;Kooldioxide (CO2);217380000;kg
2001;64345;Folding Boxboard Eerbeek bv;Eerbeek;Kooldioxide (CO2);70000000;kg
2001;64353;Stora Enso;Wapenveld;Kooldioxide (CO2);248111000;kg
2001;64354;VHP Security Paper B.V.;Ugchelen;Kooldioxide (CO2);4532000;kg
2001;64735;AGC Flatglass Nederland BV;Tiel;Kooldioxide (CO2);109834372;kg
2001;66201;Coldenhove Paper B.V.;Eerbeek;Kooldioxide (CO2);15571000;kg
2001;66206;TANATEX Chemicals BV;Ede;Kooldioxide (CO2);914355;kg
2001;66220;Smart Packaging Solutions B.V.;Loenen;Kooldioxide (CO2);10392000;kg
2001;66239;Mead Johnson B.V.;Nijmegen;Kooldioxide (CO2);5767000;kg
2001;66253;Stichting Mestverwerking Gelderland SMG (KGBI Stroe);Stroe;Kooldioxide (CO2);2600000;kg
2001;66323;Stichting Mestverwerking Gelderland SMG (KGBI Ede);Ede;Kooldioxide (CO2);1900000;kg
2001;66325;Stichting Mestverwerking Gelderland SMG (KGBI Elspeet);Elspeet;Kooldioxide (CO2);1900000;kg
2001;66326;Stichting Mestverwerking Gelderland SMG (KGBI Putten);Putten;Kooldioxide (CO2);1700000;kg
2001;66355;PFW Aroma ingredients bv;Barneveld;Kooldioxide (CO2);1057500;kg
2001;69033;Vika BV;Ede;Kooldioxide (CO2);2184000;kg
2001;71102;KLK Kolb Specialties B.V.;Delden;Kooldioxide (CO2);8378200;kg
2001;71103;Nouryon Functional Chemicals;Deventer;Kooldioxide (CO2);11338372;kg
2001;71105;Nobian Chemicals BV (Hengelo);Hengelo;Kooldioxide (CO2);410685000;kg
2001;72016;Royal Lactalis Leerdammer BV (Dalfsen);Dalfsen;Kooldioxide (CO2);4072000;kg
2001;72024;Ausnutria Kampen BV;Kampen;Kooldioxide (CO2);9090000;kg
2001;72025;Coöp. Zuivelindustrie Dinkelland B.A.;Losser;Kooldioxide (CO2);1601000;kg
2001;72027;Ausnutria Ommen B.V.;Ommen;Kooldioxide (CO2);2251000;kg
2001;72030;Friesland Nutrition, Rijssen;Rijssen;Kooldioxide (CO2);132000;kg
2001;73508;Aluminium Hardenberg B.V.;Hardenberg;Kooldioxide (CO2);11420000;kg
2001;74003;Centrale Harculo;Zwolle;Kooldioxide (CO2);10000000;kg
2001;75305;locatie Boeldershoek;Hengelo;Kooldioxide (CO2);240000000;kg
2001;75342;FrieslandCampina Balkbrug;Balkbrug;Kooldioxide (CO2);8274000;kg
2001;75349;CZ Rouveen kaasspecialiteiten;Rouveen;Kooldioxide (CO2);730000;kg
2001;81103;Norit Nederland B.V.;Klazienaveen;Kooldioxide (CO2);133000000;kg
2001;81104;DOC Kaas (Zuivelfabriek);Hoogeveen;Kooldioxide (CO2);9605000;kg
2001;81105;Diolen Industrial Fibers B.V.;Emmen;Kooldioxide (CO2);235776853;kg
2001;81202;AOC Nederland BV (Schoonebeek);Zandpol;Kooldioxide (CO2);13114000;kg
2001;82002;FrieslandCampina Domo B.V. (Beilen);Beilen;Kooldioxide (CO2);12935000;kg
2001;82603;Avebe u.a. (Gasselternijveen);Gasselternijveen;Kooldioxide (CO2);102384191;kg
2001;83019;Frico Cheese BV (Assen);Assen;Kooldioxide (CO2);7666000;kg
2001;84808;SOLIDUS SOLUTIONS Board B.V. Coevorden;Coevorden;Kooldioxide (CO2);25473000;kg
2001;84999;FrieslandCampina Kievit (Meppel);Meppel;Kooldioxide (CO2);17586000;kg
2001;85002;Attero BV;Wijster;Kooldioxide (CO2);632427000;kg
2001;85003;Envalior Engineering Materials B.V.;Emmen;Kooldioxide (CO2);2170000;kg
2001;85005;Friesland Foods Cheese;Meppel;Kooldioxide (CO2);360000;kg
2001;92001;FrieslandCampina Cheese Gerkesklooster;Gerkesklooster;Kooldioxide (CO2);16511000;kg
2001;92008;Phoenix BV;Scharsterbrug;Kooldioxide (CO2);7795000;kg
2001;92012;FrieslandCampina (Leeuwarden);Leeuwarden;Kooldioxide (CO2);8093000;kg
2001;92015;FrieslandCampina Dronrijp;Dronryp;Kooldioxide (CO2);11460000;kg
2001;92016;Friesland Foods Cheese BV (Oosterwolde);Oosterwolde;Kooldioxide (CO2);14086000;kg
2001;92018;Frico Cheese BV (Elsloo);Elsloo;Kooldioxide (CO2);4814000;kg
2001;92020;Frico Cheese BV (Olterterp);Olterterp;Kooldioxide (CO2);4814000;kg
2001;92023;Frico Cheese BV (Burgum);Burgum;Kooldioxide (CO2);5261000;kg
2001;92025;Frico Cheese, Wolvega;De Blesse;Kooldioxide (CO2);1264000;kg
2001;92030;FrieslandCampina (Workum);Workum;Kooldioxide (CO2);16508000;kg
2001;94003;Centrale Bergum;Burgum;Kooldioxide (CO2);688000000;kg
2001;94301;Huhtamaki Nederland B.V.;Franeker;Kooldioxide (CO2);13722000;kg
2001;94304;SCA Hygiene Products BV (Suameer);Sumar;Kooldioxide (CO2);1992000;kg
2001;94706;BASF Nederland B.V.;Heerenveen;Kooldioxide (CO2);9361231;kg
2001;101002;Henkel Nederland Operations B.V.;Scheemda;Kooldioxide (CO2);1547807;kg
2001;101103;BioMCN B.V.;Farmsum;Kooldioxide (CO2);576006000;kg
2001;101104;Dow Benelux B.V.;Delfzijl;Kooldioxide (CO2);11448213;kg
2001;101105;P.Q. Silicas B.V.;Winschoten;Kooldioxide (CO2);16719000;kg
2001;101404;Delamine B.V.;Farmsum;Kooldioxide (CO2);1365862;kg
2001;102001;FrieslandCampina Nederland B.V.;Bedum;Kooldioxide (CO2);19688000;kg
2001;102615;Avebe b.a. (DWM Veendam);Veendam;Kooldioxide (CO2);18647000;kg
2001;102620;Coöperatie AVEBE U.A.;Ter Apelkanaal;Kooldioxide (CO2);171899410;kg
2001;102621;Avebe u.a. (Foxhol);Foxhol;Kooldioxide (CO2);67657000;kg
2001;103009;KBM Master Alloys B.V.;Delfzijl;Kooldioxide (CO2);3068548;kg
2001;103010;DAMCO Aluminium Delfzijl Coöperatie U.A.;Farmsum;Kooldioxide (CO2);171592637;kg
2001;104001;ENGIE Energie Nederland NV;Eemshaven;Kooldioxide (CO2);4029000000;kg
2001;104003;Delesto B.V.;Farmsum;Kooldioxide (CO2);1805402231;kg
2001;104301;WKC De Eendracht;Appingedam;Kooldioxide (CO2);67460000;kg
2001;104302;Solidus Solutions Board Groningen-Hoogkerk;Groningen;Kooldioxide (CO2);25003000;kg
2001;104304;Eska B.V.;Hoogezand;Kooldioxide (CO2);71957000;kg
2001;104305;Eska B.V.;Sappemeer;Kooldioxide (CO2);37799000;kg
2001;104521;FrieslandCampina Wolvega;Wolvega;Kooldioxide (CO2);1264000;kg
2001;105001;ChemCom Industries BV;Farmsum;Kooldioxide (CO2);234644;kg
2001;105004;Teijin Aramid B.V.;Farmsum;Kooldioxide (CO2);13700000;kg
2001;105007;FrieslandCampina Nederland B.V.;Marum;Kooldioxide (CO2);6505000;kg
2001;105014;Brunner Mond BV (inrichting bestaat niet meer);Farmsum;Kooldioxide (CO2);87700000;kg
2001;105016;Nobian Industrial Chemicals B.V. - SSC (Shared Service Center);Farmsum;Kooldioxide (CO2);6763003;kg
2001;105019;Friesland Foods Western Europe (Groningen);Groningen;Kooldioxide (CO2);3409000;kg
2001;114711;Yakult Nederland BV;Almere;Kooldioxide (CO2);734000;kg
2001;114720;Sonac Almere BV;Almere;Kooldioxide (CO2);4280446;kg
2001;114726;RWZI Nieuwgraaf (Waterschap Rijn en IJssel);Duiven;Kooldioxide (CO2);7703745;kg
2001;114728;RWZI Nieuwveer;Breda;Kooldioxide (CO2);13106738;kg
2001;114729;RWZI Aarle-Rixtel (Waterschap Aa en Maas);Aarle-Rixtel;Kooldioxide (CO2);3156655;kg
2001;114730;RWZI Eindhoven (Waterschap De Dommel);Eindhoven;Kooldioxide (CO2);8039578;kg
2001;114731;RWZI Utrecht (Hoogheemraadschap de Stichtse Rijnlanden);Utrecht;Kooldioxide (CO2);553000;kg
2001;114732;RWZI Venlo;Venlo;Kooldioxide (CO2);11943135;kg
2001;114733;RWZI Hoensbroek;Hoensbroek;Kooldioxide (CO2);9266146;kg
2001;114734;RWZI Enschede;Enschede;Kooldioxide (CO2);8378551;kg
2001;114736;RWZI Dokhaven en Slibverwerkingsinstallatie Sluisjesdijk;Rotterdam;Kooldioxide (CO2);10709812;kg
2001;114739;Dienst Waterbeheer en Riolering;Amsterdam;Kooldioxide (CO2);33107625;kg
2001;114740;RWZI Susteren;Susteren;Kooldioxide (CO2);7303826;kg
2001;114741;RWZI Amersfoort;Amersfoort;Kooldioxide (CO2);6041708;kg
2001;114743;RWZI Dinther (Waterschap Aa en Maas);Heeswijk-Dinther;Kooldioxide (CO2);6064248;kg
2001;114744;Elsta P&U;Hoek;Kooldioxide (CO2);1954018000;kg
2001;114823;Jos Menten Metaalrecycling BV;Roermond;Kooldioxide (CO2);507303;kg
2001;115019;Kemira Agro Rozenburg B.V.;Europoort Rotterdam;Kooldioxide (CO2);24625928;kg
2001;115142;Campina B. V.;Woerden;Kooldioxide (CO2);5028000;kg
2001;201639;Solidus Solutions Board Oude Pekela;Oude Pekela;Kooldioxide (CO2);36878000;kg
2001;220124;AWZI Almere;Almere;Kooldioxide (CO2);5484000;kg
2001;220264;Rioolwaterzuiveringsinstallatie Hengelo;Hengelo;Kooldioxide (CO2);6839935;kg
2002;60;Sappi Maastricht BV;Maastricht;Kooldioxide (CO2);268203113;kg
2002;62;Chemelot Site Permit BV;Geleen;Kooldioxide (CO2);3686000000;kg
2002;65;PQ Silicas BV;Eijsden;Kooldioxide (CO2);39604000;kg
2002;66;Marsna Paper B.V.;Meerssen;Kooldioxide (CO2);18081447;kg
2002;84;BASF Nederland B.V.;Maastricht;Kooldioxide (CO2);6015000;kg
2002;113;VDL Nedcar B.V.;Born;Kooldioxide (CO2);27938652;kg
2002;148;ENCI BV (Maastricht);Maastricht;Kooldioxide (CO2);786962000;kg
2002;151;O-I Netherlands BV (Maastricht);Maastricht;Kooldioxide (CO2);111979528;kg
2002;159;Fenzi AGT Netherlands B.V.;Maastricht;Kooldioxide (CO2);4056212;kg
2002;174;Tata Steel Nederland Tubes BV locatie Maastricht;Maastricht;Kooldioxide (CO2);908300;kg
2002;325;Lawter Maastricht BV;Maastricht;Kooldioxide (CO2);4331538;kg
2002;1102;Honeywell Fluorine Products Europe B.V.;Weert;Kooldioxide (CO2);3282274;kg
2002;3513;MGG Netherlands BV;Tegelen;Kooldioxide (CO2);14862872;kg
2002;4301;Smurfit Westrock Roermond Paper BV;Roermond;Kooldioxide (CO2);162284013;kg
2002;5727;EverZinc Nederland B.V.;Eijsden;Kooldioxide (CO2);12372000;kg
2002;5739;E-MAX BILLETS;Kerkrade;Kooldioxide (CO2);13453593;kg
2002;5740;WEPA Nederland B.V.;Swalmen;Kooldioxide (CO2);24739864;kg
2002;5743;Walkro Blitterswijck BV;Blitterswijck;Kooldioxide (CO2);316892;kg
2002;9014;Essent Productie Geleen B.V.;Geleen;Kooldioxide (CO2);751727427;kg
2002;10005;LBC Rotterdam BV;Botlek Rotterdam;Kooldioxide (CO2);4987000;kg
2002;10006;Shell Nederland Chemie BV (Pernis);Vondelingenplaat Rotterdam;Kooldioxide (CO2);52000000;kg
2002;10016;Climax Molybdenum BV;Botlek Rotterdam;Kooldioxide (CO2);8172893;kg
2002;10017;Evonik Carbon Black Nederland BV;Botlek Rotterdam;Kooldioxide (CO2);142000000;kg
2002;10057;Shell Nederland Raffinaderij BV;Vondelingenplaat Rotterdam;Kooldioxide (CO2);5708467811;kg
2002;10062;ExxonMobil Chemical Holland BV (RAP);Botlek Rotterdam;Kooldioxide (CO2);380882230;kg
2002;10076;HVC AfvalEnergieCentrale Dordrecht;Dordrecht;Kooldioxide (CO2);183694000;kg
2002;10078;Ruigenhil Vastgoed B.V. (Nedstaal/FNSteel/Heros);Alblasserdam;Kooldioxide (CO2);38974400;kg
2002;10079;Chemours Netherlands B.V.;Dordrecht;Kooldioxide (CO2);246794716;kg
2002;10082;Akzo Nobel Car Refinishes B.V.;Sassenheim;Kooldioxide (CO2);3657000;kg
2002;10086;NV Nutricia Zoetermeer;Zoetermeer;Kooldioxide (CO2);9505654;kg
2002;10095;Delft Gelatin B.V.;Delft;Kooldioxide (CO2);6714364;kg
2002;10097;SD Guthrie International Zwijndrecht Refinery B.V.;Zwijndrecht;Kooldioxide (CO2);60106651;kg
2002;10100;Bakelite Botlek Rotterdam;Botlek Rotterdam;Kooldioxide (CO2);2025000;kg
2002;10546;Lactalis Leerdammer BV (Schoonrewoerd);Schoonrewoerd;Kooldioxide (CO2);19748278;kg
2002;10590;FrieslandCampina Rotterdam;Rotterdam;Kooldioxide (CO2);2371000;kg
2002;10615;ENCI BV (Rotterdam);Botlek Rotterdam;Kooldioxide (CO2);13537866;kg
2002;10621;Hunter Douglas Europe BV;Rotterdam;Kooldioxide (CO2);15124034;kg
2002;10687;Biotech Campus Delft;Delft;Kooldioxide (CO2);136593000;kg
2002;10698;Cargill Bioindustrial BV;Gouda;Kooldioxide (CO2);52281053;kg
2002;10722;O-I Manufacturing Netherlands BV Schiedam;Schiedam;Kooldioxide (CO2);67111878;kg
2002;10723;O-I Netherlands BV (Leerdam);Leerdam;Kooldioxide (CO2);119872805;kg
2002;10829;Cosun Beet company (Puttershoek);Puttershoek;Kooldioxide (CO2);64332357;kg
2002;10971;Ferro (Holland) B.V. (HS);Rotterdam;Kooldioxide (CO2);8251600;kg
2002;11024;Cabot B.V.;Botlek Rotterdam;Kooldioxide (CO2);132649057;kg
2002;11046;PURAC Biochem B.V.;Gorinchem;Kooldioxide (CO2);69084000;kg
2002;11105;Heineken Netherlands Supply B.V., brouwerij Zoeterwoude;Zoeterwoude;Kooldioxide (CO2);74762000;kg
2002;11111;Ashland Industries Nederland B.V.;Zwijndrecht;Kooldioxide (CO2);18206486;kg
2002;12147;E.ON Warmte Station Galileistraat;Rotterdam;Kooldioxide (CO2);476164999;kg
2002;12149;Uniper Benelux NV (Maasvlakte);Maasvlakte Rotterdam;Kooldioxide (CO2);8589174000;kg
2002;12150;Uniper Centrale RoCa;Rotterdam;Kooldioxide (CO2);167178902;kg
2002;12157;HVC ZVI B.V.;Dordrecht;Kooldioxide (CO2);8901967;kg
2002;12158;HVC Slibverbrandingsinstallatie;Dordrecht;Kooldioxide (CO2);100831850;kg
2002;12162;Evos Rotterdam B.V.;Europoort Rotterdam;Kooldioxide (CO2);8403596;kg
2002;12170;FrieslandCampina Maasdam;Maasdam;Kooldioxide (CO2);1789000;kg
2002;12171;Zuivelfabriek De Graafstroom;Bleskensgraaf Ca;Kooldioxide (CO2);3371000;kg
2002;12172;Promelca B.V. (Gorinchem);Gorinchem;Kooldioxide (CO2);25157000;kg
2002;12174;Ducor Petrochemicals B.V.;Botlek Rotterdam;Kooldioxide (CO2);11334;kg
2002;12177;VPR Energy B.V.;Europoort Rotterdam;Kooldioxide (CO2);70547431;kg
2002;13001;Tessenderlo Chemie Rotterdam BV;Vlaardingen;Kooldioxide (CO2);7115204;kg
2002;19072;FrieslandCampina Nederland B.V.;Noordwijk;Kooldioxide (CO2);1300090;kg
2002;19073;Westlake Epoxy B.V.;Vondelingenplaat Rotterdam;Kooldioxide (CO2);31369794;kg
2002;21010;Sonneborn Refined Products BV (Amsterdam);Amsterdam;Kooldioxide (CO2);25322000;kg
2002;21011;Rütgers Resins B.V.;Uithoorn;Kooldioxide (CO2);21763300;kg
2002;21101;Ketjen Netherlands BV;Amsterdam;Kooldioxide (CO2);81077690;kg
2002;21102;ICL FERTILIZERS EUROPE C.V.;Amsterdam;Kooldioxide (CO2);22790000;kg
2002;21301;LANXESS Manufacturing Netherlands BV;Amsterdam;Kooldioxide (CO2);4117913;kg
2002;21302;Abbott Healthcare Products BV (Weesp);Weesp;Kooldioxide (CO2);20065678;kg
2002;21304;Givaudan Nederland B.V. (Naarden);Naarden;Kooldioxide (CO2);10104902;kg
2002;21403;Norit Nederland BV (Zaandam);Zaandam;Kooldioxide (CO2);32382993;kg
2002;22002;Campina BV (Heiloo);Heiloo;Kooldioxide (CO2);1908000;kg
2002;22006;FrieslandCampina Nederland B.V. Lutjewinkel;Lutjewinkel;Kooldioxide (CO2);6700000;kg
2002;22010;DMV International, locatie Uitgeest;Uitgeest;Kooldioxide (CO2);4166000;kg
2002;22011;CONO Kaasmakers (Stompetoren);Stompetoren;Kooldioxide (CO2);6870361;kg
2002;22012;CONO Kaasmakers (Middenbeemster);Westbeemster;Kooldioxide (CO2);2681000;kg
2002;22020;Campina BV (Hilversum);Hilversum;Kooldioxide (CO2);2035751;kg
2002;22602;Tate & Lyle Netherlands BV;Koog aan de Zaan;Kooldioxide (CO2);83529723;kg
2002;22626;Cargill BV (Multiseed);Amsterdam;Kooldioxide (CO2);30817492;kg
2002;23301;Tata Steel IJmuiden BV;Velsen-Noord;Kooldioxide (CO2);6264000000;kg
2002;24302;Crown van Gelder International B.V.;Velsen-Noord;Kooldioxide (CO2);152968000;kg
2002;24714;ENCI BV (IJmuiden);Velsen-Noord;Kooldioxide (CO2);24366570;kg
2002;28070;Alpha Assembly Solutions Netherlands BV;Naarden;Kooldioxide (CO2);1339110;kg
2002;28085;AEB Amsterdam;Amsterdam;Kooldioxide (CO2);776575000;kg
2002;28091;HVC N.V.;Alkmaar;Kooldioxide (CO2);885179364;kg
2002;28095;Campina BV (Alkmaar);Alkmaar;Kooldioxide (CO2);92268;kg
2002;28096;Friesland Foods Cheese BV (Huizen);Huizen;Kooldioxide (CO2);366862;kg
2002;28098;FrieslandCampina Limmen (Ecomel);Limmen;Kooldioxide (CO2);750432;kg
2002;28175;Waeles Nederland BV;Nieuw-Vennep;Kooldioxide (CO2);327445;kg
2002;28177;Shipdock BV;Amsterdam;Kooldioxide (CO2);367688;kg
2002;28183;PVS Chemicals Holland B.V.;Amsterdam;Kooldioxide (CO2);1393576;kg
2002;31201;Rohm and Haas B.V.;Amersfoort;Kooldioxide (CO2);1804034;kg
2002;31311;CARBOGEN AMCIS B.V.;Veenendaal;Kooldioxide (CO2);4715800;kg
2002;31402;SC Johnson Europlant B.V.;Mijdrecht;Kooldioxide (CO2);3961000;kg
2002;41003;Shell Nederland Chemie BV (Moerdijk);Moerdijk;Kooldioxide (CO2);3870488998;kg
2002;41101;SABIC Innovative Plastics BV;Bergen op Zoom;Kooldioxide (CO2);594132274;kg
2002;41102;Allnex Netherlands B.V.;Bergen op Zoom;Kooldioxide (CO2);12675700;kg
2002;41103;Synthos Breda BV;Breda;Kooldioxide (CO2);8933000;kg
2002;41108;Caldic Chemie Produktie BV;Zevenbergen;Kooldioxide (CO2);9350107;kg
2002;41307;Aspen Oss B.V.;Oss;Kooldioxide (CO2);33631;kg
2002;41428;Covestro (Netherlands) B.V., vestiging Waalwijk;Waalwijk;Kooldioxide (CO2);5215176;kg
2002;41502;Ravenstein;Ravenstein;Kooldioxide (CO2);80039579;kg
2002;42019;FrieslandCampina Oud Gastel;Oud Gastel;Kooldioxide (CO2);0;kg
2002;42034;FrieslandCampina DMV B.V.;Veghel;Kooldioxide (CO2);128609015;kg
2002;42310;Cosun Beet Company-Dinteloord;Dinteloord;Kooldioxide (CO2);98418918;kg
2002;42408;Swinkels Family Brewers N.V.;Lieshout;Kooldioxide (CO2);51854644;kg
2002;42629;Cargill BV;Bergen op Zoom;Kooldioxide (CO2);64873613;kg
2002;42834;Rendac Son BV;Son en Breugel;Kooldioxide (CO2);41042057;kg
2002;43003;Tata Steel Nederland Tubes BV locatie Oosterhout;Oosterhout;Kooldioxide (CO2);13715000;kg
2002;43013;Nyrstar Budel BV;Budel-Dorplein;Kooldioxide (CO2);12039000;kg
2002;43403;DAF Trucks N.V.;Eindhoven;Kooldioxide (CO2);18524000;kg
2002;43511;Wartsila Netherlands BV;Drunen;Kooldioxide (CO2);2579000;kg
2002;43513;LDM b.v.;Drunen;Kooldioxide (CO2);1500000;kg
2002;43856;Hydro Extrusion Drunen;Drunen;Kooldioxide (CO2);10755675;kg
2002;44006;RWZI Oijen (Waterschap Aa en Maas);Oijen;Kooldioxide (CO2);3616460;kg
2002;44007;PreZero Energy Roosendaal B.V.;Roosendaal;Kooldioxide (CO2);40410227;kg
2002;44009;BV Afvalverbranding Zuid Nederland (AZN);Moerdijk;Kooldioxide (CO2);629482000;kg
2002;44162;Vlisco Netherlands BV;Helmond;Kooldioxide (CO2);27324983;kg
2002;44303;SCA Hygiene Products BV (Tilburg);Tilburg;Kooldioxide (CO2);11486072;kg
2002;44772;Ardagh Glass Dongen BV;Dongen;Kooldioxide (CO2);86542000;kg
2002;44773;Saint Gobain Construction Products NL BV;Etten-Leur;Kooldioxide (CO2);55992358;kg
2002;47001;Slibverwerking Noord-Brabant NV;Moerdijk;Kooldioxide (CO2);127000000;kg
2002;48002;Unipol Holland BV;Oss;Kooldioxide (CO2);2597059;kg
2002;48020;CNC;Moerdijk;Kooldioxide (CO2);57216827;kg
2002;48022;Dr. W. Kolb Nederland BV;Klundert;Kooldioxide (CO2);1846487;kg
2002;48023;FrieslandCampina Rijkevoort (Holland Cheese);Rijkevoort;Kooldioxide (CO2);9631000;kg
2002;48024;Essity Operations Cuijk B.V.;Katwijk NB;Kooldioxide (CO2);20740707;kg
2002;48029;FrieslandCampina Eindhoven (Consumer Products Europe);Eindhoven;Kooldioxide (CO2);4487339;kg
2002;48031;FrieslandCampina Butter & Milkpowder - Den Bosch;'s-Hertogenbosch;Kooldioxide (CO2);3024423;kg
2002;48040;FrieslandCampina Tilburg (Holland Cheese);Tilburg;Kooldioxide (CO2);7584507;kg
2002;48051;KBM Master Alloys BV (Oss);Oss;Kooldioxide (CO2);848575;kg
2002;48073;Nedzink BV;Budel-Dorplein;Kooldioxide (CO2);1874000;kg
2002;48074;Friesland Foods Cheese;Raamsdonksveer;Kooldioxide (CO2);73485;kg
2002;49005;Frico Slices BV (Raamsdonkveer);Raamsdonksveer;Kooldioxide (CO2);72677;kg
2002;49006;WKC Moerdijk;Moerdijk;Kooldioxide (CO2);588246153;kg
2002;49010;Basell Benelux B.V.;Moerdijk;Kooldioxide (CO2);6507000;kg
2002;49043;Albers Organic Minerals;Zeeland;Kooldioxide (CO2);753935;kg
2002;51101;Synthomer Middelburg BV;Middelburg;Kooldioxide (CO2);39645082;kg
2002;51102;Rosier Nederland B.V.;Sas Van GEnt;Kooldioxide (CO2);20610705;kg
2002;51104;Dow Benelux BV (Hoek);Hoek;Kooldioxide (CO2);2350996200;kg
2002;51105;YARA Sluiskil BV;Sluiskil;Kooldioxide (CO2);2378665239;kg
2002;51107;ARKEMA B.V. location Vlissingen;Vlissingen;Kooldioxide (CO2);8413433;kg
2002;51404;ICL-IP Terneuzen BV;Terneuzen;Kooldioxide (CO2);10777000;kg
2002;53129;Damen Schelde Naval Shipbuilding B.V. en Damen Shiprepair Vlissingen B.V.;Ritthem;Kooldioxide (CO2);550770;kg
2002;54001;EPZ NV (Conventional Operations);Borssele;Kooldioxide (CO2);2362083439;kg
2002;56118;Stepan Nederland BV;Ritthem;Kooldioxide (CO2);26250750;kg
2002;56119;Decontamination Services BV;Ritthem;Kooldioxide (CO2);37383600;kg
2002;56120;Sea Way Chemical Processing B.V.;Ritthem;Kooldioxide (CO2);1251455;kg
2002;56121;ThermPhos International BV;Ritthem;Kooldioxide (CO2);1062278584;kg
2002;61302;N.V. Organon vergunning ingetrokken;Apeldoorn;Kooldioxide (CO2);2266391;kg
2002;61418;SACHEM Europe BV;Zaltbommel;Kooldioxide (CO2);3406708;kg
2002;61423;BASF Nederland B.V.;Arnhem;Kooldioxide (CO2);1090000;kg
2002;61426;CP Kelco;Nijmegen;Kooldioxide (CO2);980026;kg
2002;61436;Givaudan Nederland BV (Barneveld);Barneveld;Kooldioxide (CO2);5507400;kg
2002;61517;Gasunie Zweekhorst;Zevenaar;Kooldioxide (CO2);4282644;kg
2002;62006;FrieslandCampina Cheese Varsseveld;Varsseveld;Kooldioxide (CO2);2911391;kg
2002;62009;FrieslandCampina Butter&Milkpowder (Lochem);Lochem;Kooldioxide (CO2);35921169;kg
2002;62010;Nestlé Nederland BV (Nunspeet);Nunspeet;Kooldioxide (CO2);14958000;kg
2002;62013;FrieslandCampina Steenderen;Steenderen;Kooldioxide (CO2);3338413;kg
2002;62025;FrieslandCampina (Borculo);Borculo;Kooldioxide (CO2);72393044;kg
2002;62027;Friesche Vlag BV (Arnhem);Arnhem;Kooldioxide (CO2);4837321;kg
2002;62031;Arla Foods BV;Nijkerk;Kooldioxide (CO2);3387000;kg
2002;63003;Corus Tubes Arnhem;Arnhem;Kooldioxide (CO2);1222860;kg
2002;63012;KME Netherlands B.V.;Zutphen;Kooldioxide (CO2);7624309;kg
2002;63509;LF Casting B.V.;Terborg;Kooldioxide (CO2);1604572;kg
2002;63524;Lincoln Smitweld B.V.;Nijmegen;Kooldioxide (CO2);1788656;kg
2002;64005;ARN B.V.;Weurt;Kooldioxide (CO2);300556000;kg
2002;64302;Favini B.V. (Apeldoorn);Apeldoorn;Kooldioxide (CO2);22212000;kg
2002;64304;Papierfabriek Doetinchem bv;Doetinchem;Kooldioxide (CO2);29428272;kg
2002;64307;Schut Papier B.V.;Heelsum;Kooldioxide (CO2);1313738;kg
2002;64308;Sappi Nijmegen BV/InnovioPapers;Nijmegen;Kooldioxide (CO2);87651000;kg
2002;64335;DS Smith De Hoop B.V.;Eerbeek;Kooldioxide (CO2);248251330;kg
2002;64345;Folding Boxboard Eerbeek bv;Eerbeek;Kooldioxide (CO2);70010000;kg
2002;64353;Stora Enso;Wapenveld;Kooldioxide (CO2);249998000;kg
2002;64354;VHP Security Paper B.V.;Ugchelen;Kooldioxide (CO2);4381364;kg
2002;64360;Smurfit Westrock Parenco B.V.;Renkum;Kooldioxide (CO2);230098723;kg
2002;66201;Coldenhove Paper B.V.;Eerbeek;Kooldioxide (CO2);16932108;kg
2002;66206;TANATEX Chemicals BV;Ede;Kooldioxide (CO2);714608;kg
2002;66220;Smart Packaging Solutions B.V.;Loenen;Kooldioxide (CO2);9980699;kg
2002;66239;Mead Johnson B.V.;Nijmegen;Kooldioxide (CO2);6818547;kg
2002;66253;Stichting Mestverwerking Gelderland SMG (KGBI Stroe);Stroe;Kooldioxide (CO2);2205200;kg
2002;66323;Stichting Mestverwerking Gelderland SMG (KGBI Ede);Ede;Kooldioxide (CO2);1505800;kg
2002;66325;Stichting Mestverwerking Gelderland SMG (KGBI Elspeet);Elspeet;Kooldioxide (CO2);1500930;kg
2002;66326;Stichting Mestverwerking Gelderland SMG (KGBI Putten);Putten;Kooldioxide (CO2);1603900;kg
2002;66355;PFW Aroma ingredients bv;Barneveld;Kooldioxide (CO2);916300;kg
2002;69007;Sealed Air B.V.;Nijmegen;Kooldioxide (CO2);198942;kg
2002;69033;Vika BV;Ede;Kooldioxide (CO2);2168938;kg
2002;71105;Nobian Chemicals BV (Hengelo);Hengelo;Kooldioxide (CO2);438489000;kg
2002;71301;Abbott Biologicals B.V. (Olst);Olst;Kooldioxide (CO2);1698982;kg
2002;71514;Gasunie Vilsteren / Ommen;Vilsteren;Kooldioxide (CO2);49472255;kg
2002;72016;Royal Lactalis Leerdammer BV (Dalfsen);Dalfsen;Kooldioxide (CO2);4166638;kg
2002;72024;Ausnutria Kampen BV;Kampen;Kooldioxide (CO2);9166725;kg
2002;72027;Ausnutria Ommen B.V.;Ommen;Kooldioxide (CO2);3367500;kg
2002;74003;Centrale Harculo;Zwolle;Kooldioxide (CO2);344022000;kg
2002;75305;locatie Boeldershoek;Hengelo;Kooldioxide (CO2);473200000;kg
2002;75342;FrieslandCampina Balkbrug;Balkbrug;Kooldioxide (CO2);7454783;kg
2002;75349;CZ Rouveen kaasspecialiteiten;Rouveen;Kooldioxide (CO2);1278648;kg
2002;81103;Norit Nederland B.V.;Klazienaveen;Kooldioxide (CO2);162220000;kg
2002;81104;DOC Kaas (Zuivelfabriek);Hoogeveen;Kooldioxide (CO2);20692000;kg
2002;81105;Diolen Industrial Fibers B.V.;Emmen;Kooldioxide (CO2);23192503;kg
2002;81202;AOC Nederland BV (Schoonebeek);Zandpol;Kooldioxide (CO2);13120000;kg
2002;81205;Init Polymers bv.(failliet per 01-08-08);Emmen;Kooldioxide (CO2);245000;kg
2002;82002;FrieslandCampina Domo B.V. (Beilen);Beilen;Kooldioxide (CO2);47827000;kg
2002;83019;Frico Cheese BV (Assen);Assen;Kooldioxide (CO2);3306648;kg
2002;84808;SOLIDUS SOLUTIONS Board B.V. Coevorden;Coevorden;Kooldioxide (CO2);26431968;kg
2002;84999;FrieslandCampina Kievit (Meppel);Meppel;Kooldioxide (CO2);16647818;kg
2002;85002;Attero BV;Wijster;Kooldioxide (CO2);629285611;kg
2002;85003;Envalior Engineering Materials B.V.;Emmen;Kooldioxide (CO2);2658600;kg
2002;85005;Friesland Foods Cheese;Meppel;Kooldioxide (CO2);316591;kg
2002;91505;N.V. Nederlandse Gasunie - compressorstation Aldeboarn;Aldeboarn;Kooldioxide (CO2);1272757;kg
2002;92001;FrieslandCampina Cheese Gerkesklooster;Gerkesklooster;Kooldioxide (CO2);17439859;kg
2002;92004;Hochwald Foods Nederland BV;Bolsward;Kooldioxide (CO2);6797131;kg
2002;92008;Phoenix BV;Scharsterbrug;Kooldioxide (CO2);6880456;kg
2002;92012;FrieslandCampina (Leeuwarden);Leeuwarden;Kooldioxide (CO2);71369939;kg
2002;92015;FrieslandCampina Dronrijp;Dronryp;Kooldioxide (CO2);11071385;kg
2002;92016;Friesland Foods Cheese BV (Oosterwolde);Oosterwolde;Kooldioxide (CO2);12835613;kg
2002;92018;Frico Cheese BV (Elsloo);Elsloo;Kooldioxide (CO2);5074214;kg
2002;92023;Frico Cheese BV (Burgum);Burgum;Kooldioxide (CO2);5120720;kg
2002;92030;FrieslandCampina (Workum);Workum;Kooldioxide (CO2);15787091;kg
2002;92615;Sonac Burgum BV;Sumar;Kooldioxide (CO2);41235066;kg
2002;94301;Huhtamaki Nederland B.V.;Franeker;Kooldioxide (CO2);14295383;kg
2002;94706;BASF Nederland B.V.;Heerenveen;Kooldioxide (CO2);844298;kg
2002;101002;Henkel Nederland Operations B.V.;Scheemda;Kooldioxide (CO2);1690388;kg
2002;101103;BioMCN B.V.;Farmsum;Kooldioxide (CO2);674805000;kg
2002;101104;Dow Benelux B.V.;Delfzijl;Kooldioxide (CO2);12757921;kg
2002;101105;P.Q. Silicas B.V.;Winschoten;Kooldioxide (CO2);21150297;kg
2002;101108;Qemetica NL Silica bv;Delfzijl;Kooldioxide (CO2);32900000;kg
2002;101403;Reym Delfzijl;Delfzijl;Kooldioxide (CO2);6776118;kg
2002;101405;Electric Glass Fiber NL, B.V.;Westerbroek;Kooldioxide (CO2);44326455;kg
2002;101515;Gasunie Transport Services B.V. - compressorstation Spijk;Eemshaven;Kooldioxide (CO2);45585461;kg
2002;102001;FrieslandCampina Nederland B.V.;Bedum;Kooldioxide (CO2);19141005;kg
2002;102302;Cosun Beet Company-Vierverlaten;Groningen;Kooldioxide (CO2);83134000;kg
2002;103009;KBM Master Alloys B.V.;Delfzijl;Kooldioxide (CO2);3209012;kg
2002;103010;DAMCO Aluminium Delfzijl Coöperatie U.A.;Farmsum;Kooldioxide (CO2);179401000;kg
2002;104001;ENGIE Energie Nederland NV;Eemshaven;Kooldioxide (CO2);4665336000;kg
2002;104003;Delesto B.V.;Farmsum;Kooldioxide (CO2);1736663000;kg
2002;104301;WKC De Eendracht;Appingedam;Kooldioxide (CO2);75581679;kg
2002;104302;Solidus Solutions Board Groningen-Hoogkerk;Groningen;Kooldioxide (CO2);24255000;kg
2002;104304;Eska B.V.;Hoogezand;Kooldioxide (CO2);77006566;kg
2002;104305;Eska B.V.;Sappemeer;Kooldioxide (CO2);38606231;kg
2002;104307;Solidus Board Bad Nieuweschans B.V.;Bad Nieuweschans;Kooldioxide (CO2);40942712;kg
2002;104521;FrieslandCampina Wolvega;Wolvega;Kooldioxide (CO2);1094051;kg
2002;105004;Teijin Aramid B.V.;Farmsum;Kooldioxide (CO2);17152000;kg
2002;105007;FrieslandCampina Nederland B.V.;Marum;Kooldioxide (CO2);7389632;kg
2002;105019;Friesland Foods Western Europe (Groningen);Groningen;Kooldioxide (CO2);3198000;kg
2002;114002;Vattenfall Power Generation B.V. (HWC Hogering/WKC Almere);Almere;Kooldioxide (CO2);314317000;kg
2002;114720;Sonac Almere BV;Almere;Kooldioxide (CO2);4643880;kg
2002;114722;Waterschap Noorderzijlvest - RWZI Garmerwolde;Garmerwolde;Kooldioxide (CO2);10071169;kg
2002;114728;RWZI Nieuwveer;Breda;Kooldioxide (CO2);12766441;kg
2002;114729;RWZI Aarle-Rixtel (Waterschap Aa en Maas);Aarle-Rixtel;Kooldioxide (CO2);3768557;kg
2002;114730;RWZI Eindhoven (Waterschap De Dommel);Eindhoven;Kooldioxide (CO2);8181794;kg
2002;114731;RWZI Utrecht (Hoogheemraadschap de Stichtse Rijnlanden);Utrecht;Kooldioxide (CO2);823653;kg
2002;114732;RWZI Venlo;Venlo;Kooldioxide (CO2);12276206;kg
2002;114736;RWZI Dokhaven en Slibverwerkingsinstallatie Sluisjesdijk;Rotterdam;Kooldioxide (CO2);11589380;kg
2002;114740;RWZI Susteren;Susteren;Kooldioxide (CO2);12413630;kg
2002;114741;RWZI Amersfoort;Amersfoort;Kooldioxide (CO2);7612678;kg
2002;114743;RWZI Dinther (Waterschap Aa en Maas);Heeswijk-Dinther;Kooldioxide (CO2);5935913;kg
2002;114744;Elsta P&U;Hoek;Kooldioxide (CO2);1784325352;kg
2002;114745;Komeco B.V.;Dronten;Kooldioxide (CO2);2948946;kg
2002;114747;PeakShaver Maasvlakte;Maasvlakte Rotterdam;Kooldioxide (CO2);250985;kg
2002;115142;Campina B. V.;Woerden;Kooldioxide (CO2);5055000;kg
2002;201639;Solidus Solutions Board Oude Pekela;Oude Pekela;Kooldioxide (CO2);37957863;kg
2002;220150;Hoogheemraadschap Hollands Noorderkwartier SDI/RWZI Beverwijk;Beverwijk;Kooldioxide (CO2);29553218;kg
2002;220264;Rioolwaterzuiveringsinstallatie Hengelo;Hengelo;Kooldioxide (CO2);11410124;kg
2003;60;Sappi Maastricht BV;Maastricht;Kooldioxide (CO2);255667278;kg
2003;62;Chemelot Site Permit BV;Geleen;Kooldioxide (CO2);3588669000;kg
2003;66;Marsna Paper B.V.;Meerssen;Kooldioxide (CO2);15744000;kg
2003;84;BASF Nederland B.V.;Maastricht;Kooldioxide (CO2);6244697;kg
2003;90;VDL Castings Heerlen BV;Hoensbroek;Kooldioxide (CO2);15617601;kg
2003;113;VDL Nedcar B.V.;Born;Kooldioxide (CO2);28530118;kg
2003;151;O-I Netherlands BV (Maastricht);Maastricht;Kooldioxide (CO2);107989959;kg
2003;159;Fenzi AGT Netherlands B.V.;Maastricht;Kooldioxide (CO2);4446079;kg
2003;174;Tata Steel Nederland Tubes BV locatie Maastricht;Maastricht;Kooldioxide (CO2);1008605;kg
2003;325;Lawter Maastricht BV;Maastricht;Kooldioxide (CO2);4282639;kg
2003;1102;Honeywell Fluorine Products Europe B.V.;Weert;Kooldioxide (CO2);1317686;kg
2003;1104;Solvay Chemie BV;Herten;Kooldioxide (CO2);2799000;kg
2003;1404;DSM Pharma Chemicals Venlo BV;Venlo;Kooldioxide (CO2);6585000;kg
2003;3507;De Globe (Belfeld) B.V.;Belfeld;Kooldioxide (CO2);1133168;kg
2003;3509;VDL Castings Weert BV;Weert;Kooldioxide (CO2);1078404;kg
2003;3513;MGG Netherlands BV;Tegelen;Kooldioxide (CO2);5217339;kg
2003;3853;Alcoa Nederland B.V.;Roermond;Kooldioxide (CO2);8485288;kg
2003;4001;Clauscentrale;Maasbracht;Kooldioxide (CO2);2043349823;kg
2003;4301;Smurfit Westrock Roermond Paper BV;Roermond;Kooldioxide (CO2);165915418;kg
2003;4753;Rockwool B.V.;Roermond;Kooldioxide (CO2);212000000;kg
2003;5729;Celanese Production Netherlands B.V.;Geleen;Kooldioxide (CO2);4919687;kg
2003;5739;E-MAX BILLETS;Kerkrade;Kooldioxide (CO2);13970000;kg
2003;5740;WEPA Nederland B.V.;Swalmen;Kooldioxide (CO2);23621899;kg
2003;5743;Walkro Blitterswijck BV;Blitterswijck;Kooldioxide (CO2);286946;kg
2003;5746;Nuon Power Generation BV (Buggenum);Haelen;Kooldioxide (CO2);1109991325;kg
2003;9003;Everris International BV;Heerlen;Kooldioxide (CO2);8871000;kg
2003;10001;Nobian Industrial Chemicals BV (Rotterdam);Botlek Rotterdam;Kooldioxide (CO2);225829000;kg
2003;10002;Nouryon Performance Formulations b.v.;Europoort Rotterdam;Kooldioxide (CO2);9072;kg
2003;10003;Synres B.V.;Hoek Van Holland;Kooldioxide (CO2);10715139;kg
2003;10006;Shell Nederland Chemie BV (Pernis);Vondelingenplaat Rotterdam;Kooldioxide (CO2);53610000;kg
2003;10016;Climax Molybdenum BV;Botlek Rotterdam;Kooldioxide (CO2);7804008;kg
2003;10017;Evonik Carbon Black Nederland BV;Botlek Rotterdam;Kooldioxide (CO2);150000000;kg
2003;10042;Kemira Rotterdam B.V. - locatie Botlek;Botlek Rotterdam;Kooldioxide (CO2);833670;kg
2003;10058;BP Raffinaderij Rotterdam B.V.;Europoort Rotterdam;Kooldioxide (CO2);2171300000;kg
2003;10064;Almatis BV;Botlek Rotterdam;Kooldioxide (CO2);30530378;kg
2003;10073;Tronox Pigments (Holland) BV;Botlek Rotterdam;Kooldioxide (CO2);128714064;kg
2003;10076;HVC AfvalEnergieCentrale Dordrecht;Dordrecht;Kooldioxide (CO2);180726211;kg
2003;10078;Ruigenhil Vastgoed B.V. (Nedstaal/FNSteel/Heros);Alblasserdam;Kooldioxide (CO2);43749868;kg
2003;10079;Chemours Netherlands B.V.;Dordrecht;Kooldioxide (CO2);247119894;kg
2003;10082;Akzo Nobel Car Refinishes B.V.;Sassenheim;Kooldioxide (CO2);4483034;kg
2003;10086;NV Nutricia Zoetermeer;Zoetermeer;Kooldioxide (CO2);8199366;kg
2003;10097;SD Guthrie International Zwijndrecht Refinery B.V.;Zwijndrecht;Kooldioxide (CO2);56731941;kg
2003;10100;Bakelite Botlek Rotterdam;Botlek Rotterdam;Kooldioxide (CO2);2431000;kg
2003;10546;Lactalis Leerdammer BV (Schoonrewoerd);Schoonrewoerd;Kooldioxide (CO2);25353631;kg
2003;10590;FrieslandCampina Rotterdam;Rotterdam;Kooldioxide (CO2);2257000;kg
2003;10621;Hunter Douglas Europe BV;Rotterdam;Kooldioxide (CO2);13905044;kg
2003;10687;Biotech Campus Delft;Delft;Kooldioxide (CO2);211060656;kg
2003;10689;Air Products Nederland BV (Botlek);Botlek Rotterdam;Kooldioxide (CO2);383884000;kg
2003;10698;Cargill Bioindustrial BV;Gouda;Kooldioxide (CO2);53739006;kg
2003;10722;O-I Manufacturing Netherlands BV Schiedam;Schiedam;Kooldioxide (CO2);68370218;kg
2003;10723;O-I Netherlands BV (Leerdam);Leerdam;Kooldioxide (CO2);116848923;kg
2003;10793;Tata Steel Nederland Tubes BV locatie Zwijndrecht;Zwijndrecht;Kooldioxide (CO2);885804;kg
2003;10928;Aluminium & Chemie Rotterdam B.V.;Botlek Rotterdam;Kooldioxide (CO2);133404000;kg
2003;10971;Ferro (Holland) B.V. (HS);Rotterdam;Kooldioxide (CO2);7712000;kg
2003;10972;Ferro (Holland) B.V. (IW);Rotterdam;Kooldioxide (CO2);1281528;kg
2003;11024;Cabot B.V.;Botlek Rotterdam;Kooldioxide (CO2);230815179;kg
2003;11105;Heineken Netherlands Supply B.V., brouwerij Zoeterwoude;Zoeterwoude;Kooldioxide (CO2);73494577;kg
2003;11111;Ashland Industries Nederland B.V.;Zwijndrecht;Kooldioxide (CO2);19202942;kg
2003;11366;LANXESS Rotterdam Botlek;Botlek Rotterdam;Kooldioxide (CO2);241434148;kg
2003;12134;Archer Daniels Midland Europoort BV (ADM);Europoort Rotterdam;Kooldioxide (CO2);312572000;kg
2003;12157;HVC ZVI B.V.;Dordrecht;Kooldioxide (CO2);10012040;kg
2003;12158;HVC Slibverbrandingsinstallatie;Dordrecht;Kooldioxide (CO2);95316600;kg
2003;12162;Evos Rotterdam B.V.;Europoort Rotterdam;Kooldioxide (CO2);8839475;kg
2003;12167;UZIMET BV;Rijswijk;Kooldioxide (CO2);654570;kg
2003;12168;INV NYLON CHEMICALS NETHERLANDS B.V.;Botlek Rotterdam;Kooldioxide (CO2);7304825;kg
2003;12170;FrieslandCampina Maasdam;Maasdam;Kooldioxide (CO2);3309210;kg
2003;12171;Zuivelfabriek De Graafstroom;Bleskensgraaf Ca;Kooldioxide (CO2);3207000;kg
2003;12172;Promelca B.V. (Gorinchem);Gorinchem;Kooldioxide (CO2);27246000;kg
2003;12174;Ducor Petrochemicals B.V.;Botlek Rotterdam;Kooldioxide (CO2);15401200;kg
2003;12176;Air Products Nederland BV (Pernis);Vondelingenplaat Rotterdam;Kooldioxide (CO2);497451558;kg
2003;12177;VPR Energy B.V.;Europoort Rotterdam;Kooldioxide (CO2);75355500;kg
2003;19070;Indorama Ventures Europe BV;Europoort Rotterdam;Kooldioxide (CO2);46243485;kg
2003;19071;Shin-Etsu PVC BV (VCM Botlek);Botlek Rotterdam;Kooldioxide (CO2);96870095;kg
2003;19073;Westlake Epoxy B.V.;Vondelingenplaat Rotterdam;Kooldioxide (CO2);29965212;kg
2003;21010;Sonneborn Refined Products BV (Amsterdam);Amsterdam;Kooldioxide (CO2);24003471;kg
2003;21011;Rütgers Resins B.V.;Uithoorn;Kooldioxide (CO2);22586000;kg
2003;21101;Ketjen Netherlands BV;Amsterdam;Kooldioxide (CO2);80598309;kg
2003;21102;ICL FERTILIZERS EUROPE C.V.;Amsterdam;Kooldioxide (CO2);11861000;kg
2003;21301;LANXESS Manufacturing Netherlands BV;Amsterdam;Kooldioxide (CO2);3973886;kg
2003;21302;Abbott Healthcare Products BV (Weesp);Weesp;Kooldioxide (CO2);19035659;kg
2003;21304;Givaudan Nederland B.V. (Naarden);Naarden;Kooldioxide (CO2);9668408;kg
2003;21403;Norit Nederland BV (Zaandam);Zaandam;Kooldioxide (CO2);38158845;kg
2003;21404;Danisco Zaandam BV;Zaandam;Kooldioxide (CO2);838000;kg
2003;21528;N.V. Nederlandse Gasunie (Wieringermeer);Middenmeer;Kooldioxide (CO2);9447045;kg
2003;21529;Gasunie Transport Services B.V.;Heemskerk;Kooldioxide (CO2);24416686;kg
2003;22002;Campina BV (Heiloo);Heiloo;Kooldioxide (CO2);1844447;kg
2003;22006;FrieslandCampina Nederland B.V. Lutjewinkel;Lutjewinkel;Kooldioxide (CO2);6887011;kg
2003;22008;Kaptein PCF;Oosthuizen;Kooldioxide (CO2);567705;kg
2003;22010;DMV International, locatie Uitgeest;Uitgeest;Kooldioxide (CO2);3728794;kg
2003;22011;CONO Kaasmakers (Stompetoren);Stompetoren;Kooldioxide (CO2);6970000;kg
2003;22012;CONO Kaasmakers (Middenbeemster);Westbeemster;Kooldioxide (CO2);2846000;kg
2003;22020;Campina BV (Hilversum);Hilversum;Kooldioxide (CO2);2109746;kg
2003;22602;Tate & Lyle Netherlands BV;Koog aan de Zaan;Kooldioxide (CO2);77489780;kg
2003;22617;Bunge Netherlands BV;Amsterdam;Kooldioxide (CO2);63164365;kg
2003;22626;Cargill BV (Multiseed);Amsterdam;Kooldioxide (CO2);30808986;kg
2003;23301;Tata Steel IJmuiden BV;Velsen-Noord;Kooldioxide (CO2);6492476737;kg
2003;24302;Crown van Gelder International B.V.;Velsen-Noord;Kooldioxide (CO2);154089682;kg
2003;24714;ENCI BV (IJmuiden);Velsen-Noord;Kooldioxide (CO2);27513154;kg
2003;28070;Alpha Assembly Solutions Netherlands BV;Naarden;Kooldioxide (CO2);1625378;kg
2003;28087;Schiphol Nederland BV;Schiphol;Kooldioxide (CO2);27257768;kg
2003;28091;HVC N.V.;Alkmaar;Kooldioxide (CO2);390109440;kg
2003;28096;Friesland Foods Cheese BV (Huizen);Huizen;Kooldioxide (CO2);357817;kg
2003;28098;FrieslandCampina Limmen (Ecomel);Limmen;Kooldioxide (CO2);652842;kg
2003;28175;Waeles Nederland BV;Nieuw-Vennep;Kooldioxide (CO2);360310;kg
2003;28177;Shipdock BV;Amsterdam;Kooldioxide (CO2);307667;kg
2003;28183;PVS Chemicals Holland B.V.;Amsterdam;Kooldioxide (CO2);1805092;kg
2003;31311;CARBOGEN AMCIS B.V.;Veenendaal;Kooldioxide (CO2);3291281;kg
2003;31322;Kerry Bio-Science (Utrecht);Utrecht;Kooldioxide (CO2);2452096;kg
2003;31402;SC Johnson Europlant B.V.;Mijdrecht;Kooldioxide (CO2);3938276;kg
2003;39103;Koninklijke ERU Kaasfabriek B.V.;Woerden;Kooldioxide (CO2);1176632;kg
2003;41003;Shell Nederland Chemie BV (Moerdijk);Moerdijk;Kooldioxide (CO2);2958330441;kg
2003;41101;SABIC Innovative Plastics BV;Bergen op Zoom;Kooldioxide (CO2);573653176;kg
2003;41102;Allnex Netherlands B.V.;Bergen op Zoom;Kooldioxide (CO2);13000867;kg
2003;41103;Synthos Breda BV;Breda;Kooldioxide (CO2);9056774;kg
2003;41106;IFF Nederland BV;Tilburg;Kooldioxide (CO2);8182213;kg
2003;41108;Caldic Chemie Produktie BV;Zevenbergen;Kooldioxide (CO2);10645441;kg
2003;41402;Trobas Gelatine B.V.;Dongen;Kooldioxide (CO2);8277888;kg
2003;41428;Covestro (Netherlands) B.V., vestiging Waalwijk;Waalwijk;Kooldioxide (CO2);5234275;kg
2003;41502;Ravenstein;Ravenstein;Kooldioxide (CO2);116138372;kg
2003;42022;Nutricia Cuijk B.V.;Cuijk;Kooldioxide (CO2);5860225;kg
2003;42309;CSM Suiker BV (Wittouck);Breda;Kooldioxide (CO2);54977752;kg
2003;42408;Swinkels Family Brewers N.V.;Lieshout;Kooldioxide (CO2);99262053;kg
2003;42629;Cargill BV;Bergen op Zoom;Kooldioxide (CO2);62043698;kg
2003;43003;Tata Steel Nederland Tubes BV locatie Oosterhout;Oosterhout;Kooldioxide (CO2);13667763;kg
2003;43012;Hitmetal B.V.;Beek en Donk;Kooldioxide (CO2);330;kg
2003;43013;Nyrstar Budel BV;Budel-Dorplein;Kooldioxide (CO2);40920632;kg
2003;43403;DAF Trucks N.V.;Eindhoven;Kooldioxide (CO2);18631000;kg
2003;43511;Wartsila Netherlands BV;Drunen;Kooldioxide (CO2);3051346;kg
2003;43513;LDM b.v.;Drunen;Kooldioxide (CO2);1462396;kg
2003;43856;Hydro Extrusion Drunen;Drunen;Kooldioxide (CO2);11880505;kg
2003;44004;Amer Centrale;Geertruidenberg;Kooldioxide (CO2);5608146730;kg
2003;44006;RWZI Oijen (Waterschap Aa en Maas);Oijen;Kooldioxide (CO2);4106438;kg
2003;44007;PreZero Energy Roosendaal B.V.;Roosendaal;Kooldioxide (CO2);46861154;kg
2003;44142;Tricot Industrie Grave B.V.;Grave;Kooldioxide (CO2);467269;kg
2003;44162;Vlisco Netherlands BV;Helmond;Kooldioxide (CO2);25056803;kg
2003;44303;SCA Hygiene Products BV (Tilburg);Tilburg;Kooldioxide (CO2);10844186;kg
2003;44772;Ardagh Glass Dongen BV;Dongen;Kooldioxide (CO2);84835150;kg
2003;44773;Saint Gobain Construction Products NL BV;Etten-Leur;Kooldioxide (CO2);51781746;kg
2003;47001;Slibverwerking Noord-Brabant NV;Moerdijk;Kooldioxide (CO2);116000000;kg
2003;48002;Unipol Holland BV;Oss;Kooldioxide (CO2);3696525;kg
2003;48022;Dr. W. Kolb Nederland BV;Klundert;Kooldioxide (CO2);1845048;kg
2003;48023;FrieslandCampina Rijkevoort (Holland Cheese);Rijkevoort;Kooldioxide (CO2);9870000;kg
2003;48024;Essity Operations Cuijk B.V.;Katwijk NB;Kooldioxide (CO2);20402909;kg
2003;48025;Ossfloor Tapijtfabrieken BV;Oss;Kooldioxide (CO2);7242857;kg
2003;48029;FrieslandCampina Eindhoven (Consumer Products Europe);Eindhoven;Kooldioxide (CO2);4469250;kg
2003;48031;FrieslandCampina Butter & Milkpowder - Den Bosch;'s-Hertogenbosch;Kooldioxide (CO2);3107000;kg
2003;48040;FrieslandCampina Tilburg (Holland Cheese);Tilburg;Kooldioxide (CO2);8116419;kg
2003;48055;Johan van den Acker Textielfabriek BV;Gemert;Kooldioxide (CO2);589840;kg
2003;48074;Friesland Foods Cheese;Raamsdonksveer;Kooldioxide (CO2);94300;kg
2003;48125;Leo Schellens BV;Helmond;Kooldioxide (CO2);1509952;kg
2003;48156;Textielfabrieken H. van Puijenbroek BV;Goirle;Kooldioxide (CO2);3343;kg
2003;49005;Frico Slices BV (Raamsdonkveer);Raamsdonksveer;Kooldioxide (CO2);74520;kg
2003;49006;WKC Moerdijk;Moerdijk;Kooldioxide (CO2);637617370;kg
2003;49043;Albers Organic Minerals;Zeeland;Kooldioxide (CO2);785930;kg
2003;51101;Synthomer Middelburg BV;Middelburg;Kooldioxide (CO2);44114974;kg
2003;51102;Rosier Nederland B.V.;Sas Van GEnt;Kooldioxide (CO2);20758041;kg
2003;51105;YARA Sluiskil BV;Sluiskil;Kooldioxide (CO2);2393705276;kg
2003;51107;ARKEMA B.V. location Vlissingen;Vlissingen;Kooldioxide (CO2);8437191;kg
2003;51404;ICL-IP Terneuzen BV;Terneuzen;Kooldioxide (CO2);13740001;kg
2003;51501;Zeeland Refinery N.V.;Nieuwdorp;Kooldioxide (CO2);1515345872;kg
2003;52612;Cargill Benelux BV;Sas Van GEnt;Kooldioxide (CO2);204811521;kg
2003;53129;Damen Schelde Naval Shipbuilding B.V. en Damen Shiprepair Vlissingen B.V.;Ritthem;Kooldioxide (CO2);2071424;kg
2003;53504;Zeeland Aluminium Company (Zalco BV);Vlissingen;Kooldioxide (CO2);354977000;kg
2003;54001;EPZ NV (Conventional Operations);Borssele;Kooldioxide (CO2);2416013483;kg
2003;56118;Stepan Nederland BV;Ritthem;Kooldioxide (CO2);22030040;kg
2003;56119;Decontamination Services BV;Ritthem;Kooldioxide (CO2);28051827;kg
2003;56120;Sea Way Chemical Processing B.V.;Ritthem;Kooldioxide (CO2);1086897;kg
2003;56121;ThermPhos International BV;Ritthem;Kooldioxide (CO2);1033755175;kg
2003;61404;Luxan B.V.;Elst;Kooldioxide (CO2);1555572;kg
2003;61407;SABA Dinxperlo BV;Dinxperlo;Kooldioxide (CO2);480326;kg
2003;61411;Sonac Vuren BV;Vuren;Kooldioxide (CO2);24106475;kg
2003;61418;SACHEM Europe BV;Zaltbommel;Kooldioxide (CO2);3411277;kg
2003;61436;Givaudan Nederland BV (Barneveld);Barneveld;Kooldioxide (CO2);6459724;kg
2003;61517;Gasunie Zweekhorst;Zevenaar;Kooldioxide (CO2);11316705;kg
2003;62009;FrieslandCampina Butter&Milkpowder (Lochem);Lochem;Kooldioxide (CO2);36678469;kg
2003;62010;Nestlé Nederland BV (Nunspeet);Nunspeet;Kooldioxide (CO2);13324853;kg
2003;62013;FrieslandCampina Steenderen;Steenderen;Kooldioxide (CO2);3644363;kg
2003;62025;FrieslandCampina (Borculo);Borculo;Kooldioxide (CO2);69607219;kg
2003;63003;Corus Tubes Arnhem;Arnhem;Kooldioxide (CO2);1388400;kg
2003;63012;KME Netherlands B.V.;Zutphen;Kooldioxide (CO2);7099533;kg
2003;63504;Gieterij Doesburg BV;Doesburg;Kooldioxide (CO2);2720045;kg
2003;63505;Vulcanus Castings BV;Doetinchem;Kooldioxide (CO2);8520298;kg
2003;63508;Nijmeegsche IJzergieterij BV;Nijmegen;Kooldioxide (CO2);6592949;kg
2003;64001;Centrale Gelderland;Nijmegen;Kooldioxide (CO2);3073199952;kg
2003;64302;Favini B.V. (Apeldoorn);Apeldoorn;Kooldioxide (CO2);24423000;kg
2003;64304;Papierfabriek Doetinchem bv;Doetinchem;Kooldioxide (CO2);30612506;kg
2003;64307;Schut Papier B.V.;Heelsum;Kooldioxide (CO2);1320143;kg
2003;64308;Sappi Nijmegen BV/InnovioPapers;Nijmegen;Kooldioxide (CO2);156356000;kg
2003;64335;DS Smith De Hoop B.V.;Eerbeek;Kooldioxide (CO2);244584420;kg
2003;64345;Folding Boxboard Eerbeek bv;Eerbeek;Kooldioxide (CO2);69939000;kg
2003;64353;Stora Enso;Wapenveld;Kooldioxide (CO2);265829000;kg
2003;64354;VHP Security Paper B.V.;Ugchelen;Kooldioxide (CO2);4776150;kg
2003;64360;Smurfit Westrock Parenco B.V.;Renkum;Kooldioxide (CO2);254096557;kg
2003;64735;AGC Flatglass Nederland BV;Tiel;Kooldioxide (CO2);102645931;kg
2003;66201;Coldenhove Paper B.V.;Eerbeek;Kooldioxide (CO2);18329248;kg
2003;66206;TANATEX Chemicals BV;Ede;Kooldioxide (CO2);791804;kg
2003;66220;Smart Packaging Solutions B.V.;Loenen;Kooldioxide (CO2);10275157;kg
2003;66239;Mead Johnson B.V.;Nijmegen;Kooldioxide (CO2);6587650;kg
2003;66355;PFW Aroma ingredients bv;Barneveld;Kooldioxide (CO2);994370;kg
2003;69033;Vika BV;Ede;Kooldioxide (CO2);1978260;kg
2003;71103;Nouryon Functional Chemicals;Deventer;Kooldioxide (CO2);11562551;kg
2003;71105;Nobian Chemicals BV (Hengelo);Hengelo;Kooldioxide (CO2);436089000;kg
2003;71301;Abbott Biologicals B.V. (Olst);Olst;Kooldioxide (CO2);2049628;kg
2003;71514;Gasunie Vilsteren / Ommen;Vilsteren;Kooldioxide (CO2);47013562;kg
2003;72016;Royal Lactalis Leerdammer BV (Dalfsen);Dalfsen;Kooldioxide (CO2);4307544;kg
2003;72024;Ausnutria Kampen BV;Kampen;Kooldioxide (CO2);9618650;kg
2003;72027;Ausnutria Ommen B.V.;Ommen;Kooldioxide (CO2);3068824;kg
2003;73508;Aluminium Hardenberg B.V.;Hardenberg;Kooldioxide (CO2);10509049;kg
2003;74003;Centrale Harculo;Zwolle;Kooldioxide (CO2);288865000;kg
2003;74120;Ten Cate Protect B.V.;Nijverdal;Kooldioxide (CO2);3613135;kg
2003;74138;Ames Europe Enschede BV;Enschede;Kooldioxide (CO2);853756;kg
2003;74179;Betap Tufting B.V.;Steenwijk;Kooldioxide (CO2);2176;kg
2003;75305;locatie Boeldershoek;Hengelo;Kooldioxide (CO2);225331253;kg
2003;75306;Van Heek textiles BV;Losser;Kooldioxide (CO2);2337076;kg
2003;75342;FrieslandCampina Balkbrug;Balkbrug;Kooldioxide (CO2);9579058;kg
2003;75345;Crilux N.V.;Steenwijk;Kooldioxide (CO2);3220574;kg
2003;81104;DOC Kaas (Zuivelfabriek);Hoogeveen;Kooldioxide (CO2);17929000;kg
2003;81105;Diolen Industrial Fibers B.V.;Emmen;Kooldioxide (CO2);22116000;kg
2003;81202;AOC Nederland BV (Schoonebeek);Zandpol;Kooldioxide (CO2);11710000;kg
2003;81205;Init Polymers bv.(failliet per 01-08-08);Emmen;Kooldioxide (CO2);165000;kg
2003;82603;Avebe u.a. (Gasselternijveen);Gasselternijveen;Kooldioxide (CO2);101111328;kg
2003;83501;2 RG;Klazienaveen;Kooldioxide (CO2);8696866;kg
2003;84808;SOLIDUS SOLUTIONS Board B.V. Coevorden;Coevorden;Kooldioxide (CO2);24231648;kg
2003;85002;Attero BV;Wijster;Kooldioxide (CO2);629194950;kg
2003;91505;N.V. Nederlandse Gasunie - compressorstation Aldeboarn;Aldeboarn;Kooldioxide (CO2);1339581;kg
2003;92001;FrieslandCampina Cheese Gerkesklooster;Gerkesklooster;Kooldioxide (CO2);19682126;kg
2003;92004;Hochwald Foods Nederland BV;Bolsward;Kooldioxide (CO2);7159308;kg
2003;92008;Phoenix BV;Scharsterbrug;Kooldioxide (CO2);5448873;kg
2003;92012;FrieslandCampina (Leeuwarden);Leeuwarden;Kooldioxide (CO2);71844444;kg
2003;92015;FrieslandCampina Dronrijp;Dronryp;Kooldioxide (CO2);13016090;kg
2003;92018;Frico Cheese BV (Elsloo);Elsloo;Kooldioxide (CO2);4806211;kg
2003;92030;FrieslandCampina (Workum);Workum;Kooldioxide (CO2);17362292;kg
2003;92615;Sonac Burgum BV;Sumar;Kooldioxide (CO2);41934790;kg
2003;94003;Centrale Bergum;Burgum;Kooldioxide (CO2);0;kg
2003;94301;Huhtamaki Nederland B.V.;Franeker;Kooldioxide (CO2);14755179;kg
2003;94706;BASF Nederland B.V.;Heerenveen;Kooldioxide (CO2);728252;kg
2003;101002;Henkel Nederland Operations B.V.;Scheemda;Kooldioxide (CO2);1773718;kg
2003;101103;BioMCN B.V.;Farmsum;Kooldioxide (CO2);580638000;kg
2003;101104;Dow Benelux B.V.;Delfzijl;Kooldioxide (CO2);25465388;kg
2003;101105;P.Q. Silicas B.V.;Winschoten;Kooldioxide (CO2);21590753;kg
2003;101108;Qemetica NL Silica bv;Delfzijl;Kooldioxide (CO2);10595006;kg
2003;101403;Reym Delfzijl;Delfzijl;Kooldioxide (CO2);6249669;kg
2003;101405;Electric Glass Fiber NL, B.V.;Westerbroek;Kooldioxide (CO2);44985797;kg
2003;101408;Nedmag B.V.;Veendam;Kooldioxide (CO2);92000000;kg
2003;101515;Gasunie Transport Services B.V. - compressorstation Spijk;Eemshaven;Kooldioxide (CO2);41017541;kg
2003;102001;FrieslandCampina Nederland B.V.;Bedum;Kooldioxide (CO2);19003445;kg
2003;102301;Suiker Unie (Groningen);Groningen;Kooldioxide (CO2);80201877;kg
2003;102302;Cosun Beet Company-Vierverlaten;Groningen;Kooldioxide (CO2);84720539;kg
2003;102615;Avebe b.a. (DWM Veendam);Veendam;Kooldioxide (CO2);12288134;kg
2003;102621;Avebe u.a. (Foxhol);Foxhol;Kooldioxide (CO2);77156112;kg
2003;104001;ENGIE Energie Nederland NV;Eemshaven;Kooldioxide (CO2);4371479000;kg
2003;104301;WKC De Eendracht;Appingedam;Kooldioxide (CO2);76722518;kg
2003;104302;Solidus Solutions Board Groningen-Hoogkerk;Groningen;Kooldioxide (CO2);25174967;kg
2003;104304;Eska B.V.;Hoogezand;Kooldioxide (CO2);75076397;kg
2003;104305;Eska B.V.;Sappemeer;Kooldioxide (CO2);32668944;kg
2003;104307;Solidus Board Bad Nieuweschans B.V.;Bad Nieuweschans;Kooldioxide (CO2);39494248;kg
2003;104511;Gasunie mengstation Kootstertille (FR);Kootstertille;Kooldioxide (CO2);12840;kg
2003;104521;FrieslandCampina Wolvega;Wolvega;Kooldioxide (CO2);1187814;kg
2003;105001;ChemCom Industries BV;Farmsum;Kooldioxide (CO2);567600;kg
2003;105004;Teijin Aramid B.V.;Farmsum;Kooldioxide (CO2);16069654;kg
2003;105014;Brunner Mond BV (inrichting bestaat niet meer);Farmsum;Kooldioxide (CO2);93325042;kg
2003;105016;Nobian Industrial Chemicals B.V. - SSC (Shared Service Center);Farmsum;Kooldioxide (CO2);6447318;kg
2003;114002;Vattenfall Power Generation B.V. (HWC Hogering/WKC Almere);Almere;Kooldioxide (CO2);249222000;kg
2003;114720;Sonac Almere BV;Almere;Kooldioxide (CO2);4946233;kg
2003;114721;Alphen;Alphen;Kooldioxide (CO2);48077;kg
2003;114722;Waterschap Noorderzijlvest - RWZI Garmerwolde;Garmerwolde;Kooldioxide (CO2);11126939;kg
2003;114724;RWZI Apeldoorn;Apeldoorn;Kooldioxide (CO2);13322373;kg
2003;114725;RWZI Ede;Ede;Kooldioxide (CO2);5639302;kg
2003;114726;RWZI Nieuwgraaf (Waterschap Rijn en IJssel);Duiven;Kooldioxide (CO2);6393311;kg
2003;114727;RWZI Nijmegen (Waterschap Rivierenland);Weurt;Kooldioxide (CO2);8920500;kg
2003;114729;RWZI Aarle-Rixtel (Waterschap Aa en Maas);Aarle-Rixtel;Kooldioxide (CO2);4379807;kg
2003;114730;RWZI Eindhoven (Waterschap De Dommel);Eindhoven;Kooldioxide (CO2);9178870;kg
2003;114731;RWZI Utrecht (Hoogheemraadschap de Stichtse Rijnlanden);Utrecht;Kooldioxide (CO2);15943011;kg
2003;114732;RWZI Venlo;Venlo;Kooldioxide (CO2);11463941;kg
2003;114733;RWZI Hoensbroek;Hoensbroek;Kooldioxide (CO2);8299012;kg
2003;114734;RWZI Enschede;Enschede;Kooldioxide (CO2);39544491;kg
2003;114735;AWZI De Groote Lucht (Hoogheemraadschap van Delfland);Vlaardingen;Kooldioxide (CO2);8540462;kg
2003;114737;AWZI Kralingseveer (Hoogheemraadschap van Schieland);Capelle aan den Ijssel;Kooldioxide (CO2);11019292;kg
2003;114740;RWZI Susteren;Susteren;Kooldioxide (CO2);16397346;kg
2003;114741;RWZI Amersfoort;Amersfoort;Kooldioxide (CO2);5712724;kg
2003;114743;RWZI Dinther (Waterschap Aa en Maas);Heeswijk-Dinther;Kooldioxide (CO2);7003552;kg
2003;114744;Elsta P&U;Hoek;Kooldioxide (CO2);1734769000;kg
2003;114745;Komeco B.V.;Dronten;Kooldioxide (CO2);3602568;kg
2003;114747;PeakShaver Maasvlakte;Maasvlakte Rotterdam;Kooldioxide (CO2);478824;kg
2003;114753;Campo Coprint B.V.;Brummen;Kooldioxide (CO2);235004;kg
2003;114754;Tarkett lokatie Waalwijk;Waalwijk;Kooldioxide (CO2);1851000;kg
2003;114757;Eurogen CV;Botlek Rotterdam;Kooldioxide (CO2);565144696;kg
2003;114762;Tapijtfabriek Intercarpet B.V.;Aalten;Kooldioxide (CO2);788686;kg
2003;114763;de Ploeg BV;Bergeijk;Kooldioxide (CO2);585023;kg
2003;114767;AWZI Houtrust (Hoogheemraadschap van Delfland);'s-Gravenhage;Kooldioxide (CO2);43796717;kg
2003;115142;Campina B. V.;Woerden;Kooldioxide (CO2);5188000;kg
2003;201639;Solidus Solutions Board Oude Pekela;Oude Pekela;Kooldioxide (CO2);34766104;kg
2003;220124;AWZI Almere;Almere;Kooldioxide (CO2);3833518;kg
2003;220264;Rioolwaterzuiveringsinstallatie Hengelo;Hengelo;Kooldioxide (CO2);9956412;kg
2004;60;Sappi Maastricht BV;Maastricht;Kooldioxide (CO2);263886214;kg
2004;61;Rubber Resources BV;Maastricht;Kooldioxide (CO2);918394;kg
2004;62;Chemelot Site Permit BV;Geleen;Kooldioxide (CO2);3954190000;kg
2004;65;PQ Silicas BV;Eijsden;Kooldioxide (CO2);36570704;kg
2004;66;Marsna Paper B.V.;Meerssen;Kooldioxide (CO2);15394996;kg
2004;84;BASF Nederland B.V.;Maastricht;Kooldioxide (CO2);6117821;kg
2004;90;VDL Castings Heerlen BV;Hoensbroek;Kooldioxide (CO2);18664622;kg
2004;113;VDL Nedcar B.V.;Born;Kooldioxide (CO2);29667470;kg
2004;148;ENCI BV (Maastricht);Maastricht;Kooldioxide (CO2);783357000;kg
2004;151;O-I Netherlands BV (Maastricht);Maastricht;Kooldioxide (CO2);98061117;kg
2004;159;Fenzi AGT Netherlands B.V.;Maastricht;Kooldioxide (CO2);4082250;kg
2004;174;Tata Steel Nederland Tubes BV locatie Maastricht;Maastricht;Kooldioxide (CO2);1066489;kg
2004;325;Lawter Maastricht BV;Maastricht;Kooldioxide (CO2);4176890;kg
2004;1102;Honeywell Fluorine Products Europe B.V.;Weert;Kooldioxide (CO2);1188737;kg
2004;1104;Solvay Chemie BV;Herten;Kooldioxide (CO2);2959000;kg
2004;1404;DSM Pharma Chemicals Venlo BV;Venlo;Kooldioxide (CO2);8868000;kg
2004;3507;De Globe (Belfeld) B.V.;Belfeld;Kooldioxide (CO2);199202;kg
2004;3509;VDL Castings Weert BV;Weert;Kooldioxide (CO2);150157;kg
2004;3513;MGG Netherlands BV;Tegelen;Kooldioxide (CO2);5598975;kg
2004;4001;Clauscentrale;Maasbracht;Kooldioxide (CO2);1767466092;kg
2004;4301;Smurfit Westrock Roermond Paper BV;Roermond;Kooldioxide (CO2);166181142;kg
2004;4753;Rockwool B.V.;Roermond;Kooldioxide (CO2);147269000;kg
2004;5727;EverZinc Nederland B.V.;Eijsden;Kooldioxide (CO2);20734000;kg
2004;5729;Celanese Production Netherlands B.V.;Geleen;Kooldioxide (CO2);5189819;kg
2004;5739;E-MAX BILLETS;Kerkrade;Kooldioxide (CO2);14808200;kg
2004;5740;WEPA Nederland B.V.;Swalmen;Kooldioxide (CO2);24671549;kg
2004;5743;Walkro Blitterswijck BV;Blitterswijck;Kooldioxide (CO2);432175;kg
2004;5750;FrieslandCampina Born;Born;Kooldioxide (CO2);4721619;kg
2004;9003;Everris International BV;Heerlen;Kooldioxide (CO2);8383400;kg
2004;9014;Essent Productie Geleen B.V.;Geleen;Kooldioxide (CO2);825670151;kg
2004;10001;Nobian Industrial Chemicals BV (Rotterdam);Botlek Rotterdam;Kooldioxide (CO2);223255953;kg
2004;10002;Nouryon Performance Formulations b.v.;Europoort Rotterdam;Kooldioxide (CO2);11259;kg
2004;10003;Synres B.V.;Hoek Van Holland;Kooldioxide (CO2);9833600;kg
2004;10004;Lyondell Chemical Nederland Ltd.;Botlek Rotterdam;Kooldioxide (CO2);131887839;kg
2004;10005;LBC Rotterdam BV;Botlek Rotterdam;Kooldioxide (CO2);5183000;kg
2004;10006;Shell Nederland Chemie BV (Pernis);Vondelingenplaat Rotterdam;Kooldioxide (CO2);55377000;kg
2004;10016;Climax Molybdenum BV;Botlek Rotterdam;Kooldioxide (CO2);8593192;kg
2004;10042;Kemira Rotterdam B.V. - locatie Botlek;Botlek Rotterdam;Kooldioxide (CO2);108505;kg
2004;10057;Shell Nederland Raffinaderij BV;Vondelingenplaat Rotterdam;Kooldioxide (CO2);5891642695;kg
2004;10058;BP Raffinaderij Rotterdam B.V.;Europoort Rotterdam;Kooldioxide (CO2);2171400000;kg
2004;10059;Gunvor Energy Rotterdam B.V. (GPR);Europoort Rotterdam;Kooldioxide (CO2);575626710;kg
2004;10061;Esso Nederland BV (Raffinaderij Rotterdam);Botlek Rotterdam;Kooldioxide (CO2);2339374857;kg
2004;10062;ExxonMobil Chemical Holland BV (RAP);Botlek Rotterdam;Kooldioxide (CO2);422550656;kg
2004;10063;AVR-Afvalverwerking;Botlek Rotterdam;Kooldioxide (CO2);1144598150;kg
2004;10064;Almatis BV;Botlek Rotterdam;Kooldioxide (CO2);31859000;kg
2004;10073;Tronox Pigments (Holland) BV;Botlek Rotterdam;Kooldioxide (CO2);88919014;kg
2004;10076;HVC AfvalEnergieCentrale Dordrecht;Dordrecht;Kooldioxide (CO2);179995814;kg
2004;10078;Ruigenhil Vastgoed B.V. (Nedstaal/FNSteel/Heros);Alblasserdam;Kooldioxide (CO2);49149878;kg
2004;10079;Chemours Netherlands B.V.;Dordrecht;Kooldioxide (CO2);241571795;kg
2004;10082;Akzo Nobel Car Refinishes B.V.;Sassenheim;Kooldioxide (CO2);4184377;kg
2004;10086;NV Nutricia Zoetermeer;Zoetermeer;Kooldioxide (CO2);10106000;kg
2004;10097;SD Guthrie International Zwijndrecht Refinery B.V.;Zwijndrecht;Kooldioxide (CO2);56873466;kg
2004;10546;Lactalis Leerdammer BV (Schoonrewoerd);Schoonrewoerd;Kooldioxide (CO2);19096882;kg
2004;10590;FrieslandCampina Rotterdam;Rotterdam;Kooldioxide (CO2);2405000;kg
2004;10615;ENCI BV (Rotterdam);Botlek Rotterdam;Kooldioxide (CO2);7326529;kg
2004;10621;Hunter Douglas Europe BV;Rotterdam;Kooldioxide (CO2);15578149;kg
2004;10687;Biotech Campus Delft;Delft;Kooldioxide (CO2);207865364;kg
2004;10689;Air Products Nederland BV (Botlek);Botlek Rotterdam;Kooldioxide (CO2);186176817;kg
2004;10698;Cargill Bioindustrial BV;Gouda;Kooldioxide (CO2);51294777;kg
2004;10722;O-I Manufacturing Netherlands BV Schiedam;Schiedam;Kooldioxide (CO2);69044097;kg
2004;10723;O-I Netherlands BV (Leerdam);Leerdam;Kooldioxide (CO2);116599304;kg
2004;10738;Cerexagri BV / ARKEMA Rotterdam BV;Vondelingenplaat Rotterdam;Kooldioxide (CO2);11151489;kg
2004;10793;Tata Steel Nederland Tubes BV locatie Zwijndrecht;Zwijndrecht;Kooldioxide (CO2);1104828;kg
2004;10815;AVR NV (Rotterdam);Rotterdam;Kooldioxide (CO2);342429000;kg
2004;10928;Aluminium & Chemie Rotterdam B.V.;Botlek Rotterdam;Kooldioxide (CO2);154482024;kg
2004;10971;Ferro (Holland) B.V. (HS);Rotterdam;Kooldioxide (CO2);7928000;kg
2004;10972;Ferro (Holland) B.V. (IW);Rotterdam;Kooldioxide (CO2);285067;kg
2004;10998;Draka Interfoam;Hillegom;Kooldioxide (CO2);1134845;kg
2004;11105;Heineken Netherlands Supply B.V., brouwerij Zoeterwoude;Zoeterwoude;Kooldioxide (CO2);69405518;kg
2004;11111;Ashland Industries Nederland B.V.;Zwijndrecht;Kooldioxide (CO2);18001130;kg
2004;11366;LANXESS Rotterdam Botlek;Botlek Rotterdam;Kooldioxide (CO2);244675468;kg
2004;12134;Archer Daniels Midland Europoort BV (ADM);Europoort Rotterdam;Kooldioxide (CO2);306664652;kg
2004;12135;ExxonMobil Chemical Holland BV (ROP van RPI);Europoort Rotterdam;Kooldioxide (CO2);58730153;kg
2004;12157;HVC ZVI B.V.;Dordrecht;Kooldioxide (CO2);10811465;kg
2004;12158;HVC Slibverbrandingsinstallatie;Dordrecht;Kooldioxide (CO2);87498600;kg
2004;12162;Evos Rotterdam B.V.;Europoort Rotterdam;Kooldioxide (CO2);9007263;kg
2004;12167;UZIMET BV;Rijswijk;Kooldioxide (CO2);656059;kg
2004;12168;INV NYLON CHEMICALS NETHERLANDS B.V.;Botlek Rotterdam;Kooldioxide (CO2);7411294;kg
2004;12170;FrieslandCampina Maasdam;Maasdam;Kooldioxide (CO2);2178490;kg
2004;12171;Zuivelfabriek De Graafstroom;Bleskensgraaf Ca;Kooldioxide (CO2);3286433;kg
2004;12172;Promelca B.V. (Gorinchem);Gorinchem;Kooldioxide (CO2);25578000;kg
2004;12174;Ducor Petrochemicals B.V.;Botlek Rotterdam;Kooldioxide (CO2);6512000;kg
2004;12176;Air Products Nederland BV (Pernis);Vondelingenplaat Rotterdam;Kooldioxide (CO2);435752000;kg
2004;12177;VPR Energy B.V.;Europoort Rotterdam;Kooldioxide (CO2);90744554;kg
2004;19004;ExxonMobil Chemical Holland BV (RPP van RPI);Botlek Rotterdam;Kooldioxide (CO2);50171000;kg
2004;19070;Indorama Ventures Europe BV;Europoort Rotterdam;Kooldioxide (CO2);48262633;kg
2004;19071;Shin-Etsu PVC BV (VCM Botlek);Botlek Rotterdam;Kooldioxide (CO2);91261089;kg
2004;19072;FrieslandCampina Nederland B.V.;Noordwijk;Kooldioxide (CO2);1401203;kg
2004;19073;Westlake Epoxy B.V.;Vondelingenplaat Rotterdam;Kooldioxide (CO2);37742010;kg
2004;21010;Sonneborn Refined Products BV (Amsterdam);Amsterdam;Kooldioxide (CO2);24968761;kg
2004;21011;Rütgers Resins B.V.;Uithoorn;Kooldioxide (CO2);22988000;kg
2004;21101;Ketjen Netherlands BV;Amsterdam;Kooldioxide (CO2);81983647;kg
2004;21102;ICL FERTILIZERS EUROPE C.V.;Amsterdam;Kooldioxide (CO2);12066000;kg
2004;21103;DSM Agro BV;Velsen-Noord;Kooldioxide (CO2);13188000;kg
2004;21301;LANXESS Manufacturing Netherlands BV;Amsterdam;Kooldioxide (CO2);4093343;kg
2004;21302;Abbott Healthcare Products BV (Weesp);Weesp;Kooldioxide (CO2);18951000;kg
2004;21304;Givaudan Nederland B.V. (Naarden);Naarden;Kooldioxide (CO2);10073372;kg
2004;21403;Norit Nederland BV (Zaandam);Zaandam;Kooldioxide (CO2);29221004;kg
2004;21528;N.V. Nederlandse Gasunie (Wieringermeer);Middenmeer;Kooldioxide (CO2);5725614;kg
2004;21529;Gasunie Transport Services B.V.;Heemskerk;Kooldioxide (CO2);28738041;kg
2004;22002;Campina BV (Heiloo);Heiloo;Kooldioxide (CO2);1995130;kg
2004;22006;FrieslandCampina Nederland B.V. Lutjewinkel;Lutjewinkel;Kooldioxide (CO2);4721319;kg
2004;22008;Kaptein PCF;Oosthuizen;Kooldioxide (CO2);534176;kg
2004;22010;DMV International, locatie Uitgeest;Uitgeest;Kooldioxide (CO2);4683058;kg
2004;22011;CONO Kaasmakers (Stompetoren);Stompetoren;Kooldioxide (CO2);6964097;kg
2004;22012;CONO Kaasmakers (Middenbeemster);Westbeemster;Kooldioxide (CO2);3109291;kg
2004;22020;Campina BV (Hilversum);Hilversum;Kooldioxide (CO2);2123803;kg
2004;22602;Tate & Lyle Netherlands BV;Koog aan de Zaan;Kooldioxide (CO2);72778730;kg
2004;22617;Bunge Netherlands BV;Amsterdam;Kooldioxide (CO2);66659779;kg
2004;22626;Cargill BV (Multiseed);Amsterdam;Kooldioxide (CO2);31487265;kg
2004;23301;Tata Steel IJmuiden BV;Velsen-Noord;Kooldioxide (CO2);6355308026;kg
2004;24000;Vattenfall Power Generation B.V. (Hemweg);Amsterdam;Kooldioxide (CO2);4035135392;kg
2004;24002;Vattenfall Power Generation B.V. (Diemen);Diemen;Kooldioxide (CO2);641857713;kg
2004;24302;Crown van Gelder International B.V.;Velsen-Noord;Kooldioxide (CO2);147084736;kg
2004;24601;Renolit Nederland BV;Enkhuizen;Kooldioxide (CO2);3362706;kg
2004;24714;ENCI BV (IJmuiden);Velsen-Noord;Kooldioxide (CO2);21406594;kg
2004;28070;Alpha Assembly Solutions Netherlands BV;Naarden;Kooldioxide (CO2);1991975;kg
2004;28085;AEB Amsterdam;Amsterdam;Kooldioxide (CO2);824520000;kg
2004;28087;Schiphol Nederland BV;Schiphol;Kooldioxide (CO2);31374456;kg
2004;28091;HVC N.V.;Alkmaar;Kooldioxide (CO2);416073940;kg
2004;28096;Friesland Foods Cheese BV (Huizen);Huizen;Kooldioxide (CO2);191761;kg
2004;28175;Waeles Nederland BV;Nieuw-Vennep;Kooldioxide (CO2);355368;kg
2004;31311;CARBOGEN AMCIS B.V.;Veenendaal;Kooldioxide (CO2);3245866;kg
2004;31322;Kerry Bio-Science (Utrecht);Utrecht;Kooldioxide (CO2);2796724;kg
2004;31402;SC Johnson Europlant B.V.;Mijdrecht;Kooldioxide (CO2);3901824;kg
2004;34001;Nuon Power Generation BV (Lage Weide / Merwedekanaal);Utrecht;Kooldioxide (CO2);1270613100;kg
2004;34108;Pharr Holland B.V.;Veenendaal;Kooldioxide (CO2);2897021;kg
2004;39103;Koninklijke ERU Kaasfabriek B.V.;Woerden;Kooldioxide (CO2);498000;kg
2004;41003;Shell Nederland Chemie BV (Moerdijk);Moerdijk;Kooldioxide (CO2);2848849587;kg
2004;41101;SABIC Innovative Plastics BV;Bergen op Zoom;Kooldioxide (CO2);546834497;kg
2004;41102;Allnex Netherlands B.V.;Bergen op Zoom;Kooldioxide (CO2);13672800;kg
2004;41103;Synthos Breda BV;Breda;Kooldioxide (CO2);9610668;kg
2004;41106;IFF Nederland BV;Tilburg;Kooldioxide (CO2);8830482;kg
2004;41108;Caldic Chemie Produktie BV;Zevenbergen;Kooldioxide (CO2);10635165;kg
2004;41307;Aspen Oss B.V.;Oss;Kooldioxide (CO2);30511000;kg
2004;41402;Trobas Gelatine B.V.;Dongen;Kooldioxide (CO2);8835503;kg
2004;41428;Covestro (Netherlands) B.V., vestiging Waalwijk;Waalwijk;Kooldioxide (CO2);5479931;kg
2004;41502;Ravenstein;Ravenstein;Kooldioxide (CO2);150828874;kg
2004;42022;Nutricia Cuijk B.V.;Cuijk;Kooldioxide (CO2);6282000;kg
2004;42034;FrieslandCampina DMV B.V.;Veghel;Kooldioxide (CO2);134599876;kg
2004;42309;CSM Suiker BV (Wittouck);Breda;Kooldioxide (CO2);48152913;kg
2004;42310;Cosun Beet Company-Dinteloord;Dinteloord;Kooldioxide (CO2);98955964;kg
2004;42313;Sensus Roosendaal & Sensus Zwolle;Roosendaal;Kooldioxide (CO2);20954786;kg
2004;42408;Swinkels Family Brewers N.V.;Lieshout;Kooldioxide (CO2);53750950;kg
2004;42629;Cargill BV;Bergen op Zoom;Kooldioxide (CO2);64886754;kg
2004;42834;Rendac Son BV;Son en Breugel;Kooldioxide (CO2);22711000;kg
2004;43003;Tata Steel Nederland Tubes BV locatie Oosterhout;Oosterhout;Kooldioxide (CO2);12811481;kg
2004;43012;Hitmetal B.V.;Beek en Donk;Kooldioxide (CO2);254;kg
2004;43013;Nyrstar Budel BV;Budel-Dorplein;Kooldioxide (CO2);47368000;kg
2004;43403;DAF Trucks N.V.;Eindhoven;Kooldioxide (CO2);18742478;kg
2004;43511;Wartsila Netherlands BV;Drunen;Kooldioxide (CO2);2604000;kg
2004;43513;LDM b.v.;Drunen;Kooldioxide (CO2);1406921;kg
2004;43856;Hydro Extrusion Drunen;Drunen;Kooldioxide (CO2);11139521;kg
2004;44004;Amer Centrale;Geertruidenberg;Kooldioxide (CO2);6275887048;kg
2004;44006;RWZI Oijen (Waterschap Aa en Maas);Oijen;Kooldioxide (CO2);5421788;kg
2004;44007;PreZero Energy Roosendaal B.V.;Roosendaal;Kooldioxide (CO2);43120000;kg
2004;44009;BV Afvalverbranding Zuid Nederland (AZN);Moerdijk;Kooldioxide (CO2);659638000;kg
2004;44142;Tricot Industrie Grave B.V.;Grave;Kooldioxide (CO2);466323;kg
2004;44162;Vlisco Netherlands BV;Helmond;Kooldioxide (CO2);17342311;kg
2004;44171;Kon. Textielfabr. J.A. Raymakers & Co BV (veredeling);Helmond;Kooldioxide (CO2);7910;kg
2004;44303;SCA Hygiene Products BV (Tilburg);Tilburg;Kooldioxide (CO2);11147908;kg
2004;44772;Ardagh Glass Dongen BV;Dongen;Kooldioxide (CO2);83210922;kg
2004;44773;Saint Gobain Construction Products NL BV;Etten-Leur;Kooldioxide (CO2);54065883;kg
2004;45112;OPTICOLOR International B.V.;Mierlo;Kooldioxide (CO2);498642;kg
2004;45669;Caligen Europe BV;Breda;Kooldioxide (CO2);375760;kg
2004;45672;CurTec Nederland bv;Rijen;Kooldioxide (CO2);287909;kg
2004;47001;Slibverwerking Noord-Brabant NV;Moerdijk;Kooldioxide (CO2);86000000;kg
2004;48002;Unipol Holland BV;Oss;Kooldioxide (CO2);3440695;kg
2004;48020;CNC;Moerdijk;Kooldioxide (CO2);47367827;kg
2004;48022;Dr. W. Kolb Nederland BV;Klundert;Kooldioxide (CO2);1685511;kg
2004;48023;FrieslandCampina Rijkevoort (Holland Cheese);Rijkevoort;Kooldioxide (CO2);10276000;kg
2004;48024;Essity Operations Cuijk B.V.;Katwijk NB;Kooldioxide (CO2);19966477;kg
2004;48025;Ossfloor Tapijtfabrieken BV;Oss;Kooldioxide (CO2);1772760;kg
2004;48029;FrieslandCampina Eindhoven (Consumer Products Europe);Eindhoven;Kooldioxide (CO2);4635630;kg
2004;48031;FrieslandCampina Butter & Milkpowder - Den Bosch;'s-Hertogenbosch;Kooldioxide (CO2);3061182;kg
2004;48040;FrieslandCampina Tilburg (Holland Cheese);Tilburg;Kooldioxide (CO2);7378227;kg
2004;48051;KBM Master Alloys BV (Oss);Oss;Kooldioxide (CO2);767214;kg
2004;48055;Johan van den Acker Textielfabriek BV;Gemert;Kooldioxide (CO2);562955;kg
2004;48073;Nedzink BV;Budel-Dorplein;Kooldioxide (CO2);2192000;kg
2004;48074;Friesland Foods Cheese;Raamsdonksveer;Kooldioxide (CO2);133048;kg
2004;48125;Leo Schellens BV;Helmond;Kooldioxide (CO2);1364490;kg
2004;48156;Textielfabrieken H. van Puijenbroek BV;Goirle;Kooldioxide (CO2);2807;kg
2004;49006;WKC Moerdijk;Moerdijk;Kooldioxide (CO2);705525146;kg
2004;49010;Basell Benelux B.V.;Moerdijk;Kooldioxide (CO2);6958000;kg
2004;49017;Merck Sharp & Dohme B.V.;Oss;Kooldioxide (CO2);4543000;kg
2004;49043;Albers Organic Minerals;Zeeland;Kooldioxide (CO2);764111;kg
2004;51101;Synthomer Middelburg BV;Middelburg;Kooldioxide (CO2);46862927;kg
2004;51102;Rosier Nederland B.V.;Sas Van GEnt;Kooldioxide (CO2);21633018;kg
2004;51104;Dow Benelux BV (Hoek);Hoek;Kooldioxide (CO2);3345299166;kg
2004;51105;YARA Sluiskil BV;Sluiskil;Kooldioxide (CO2);2489752684;kg
2004;51107;ARKEMA B.V. location Vlissingen;Vlissingen;Kooldioxide (CO2);6591442;kg
2004;51404;ICL-IP Terneuzen BV;Terneuzen;Kooldioxide (CO2);16690600;kg
2004;51501;Zeeland Refinery N.V.;Nieuwdorp;Kooldioxide (CO2);1189000000;kg
2004;52612;Cargill Benelux BV;Sas Van GEnt;Kooldioxide (CO2);209012329;kg
2004;53129;Damen Schelde Naval Shipbuilding B.V. en Damen Shiprepair Vlissingen B.V.;Ritthem;Kooldioxide (CO2);2152361;kg
2004;53504;Zeeland Aluminium Company (Zalco BV);Vlissingen;Kooldioxide (CO2);2957716;kg
2004;54001;EPZ NV (Conventional Operations);Borssele;Kooldioxide (CO2);2432070000;kg
2004;56118;Stepan Nederland BV;Ritthem;Kooldioxide (CO2);23173823;kg
2004;56119;Decontamination Services BV;Ritthem;Kooldioxide (CO2);28353928;kg
2004;56120;Sea Way Chemical Processing B.V.;Ritthem;Kooldioxide (CO2);1515418;kg
2004;56121;ThermPhos International BV;Ritthem;Kooldioxide (CO2);1005852055;kg
2004;56129;Fleuren Compost BV;Middelharnis;Kooldioxide (CO2);28260000;kg
2004;61302;N.V. Organon vergunning ingetrokken;Apeldoorn;Kooldioxide (CO2);2401991;kg
2004;61404;Luxan B.V.;Elst;Kooldioxide (CO2);1718998;kg
2004;61407;SABA Dinxperlo BV;Dinxperlo;Kooldioxide (CO2);456152;kg
2004;61411;Sonac Vuren BV;Vuren;Kooldioxide (CO2);23384107;kg
2004;61418;SACHEM Europe BV;Zaltbommel;Kooldioxide (CO2);3514163;kg
2004;61436;Givaudan Nederland BV (Barneveld);Barneveld;Kooldioxide (CO2);5681500;kg
2004;61517;Gasunie Zweekhorst;Zevenaar;Kooldioxide (CO2);3439768;kg
2004;62006;FrieslandCampina Cheese Varsseveld;Varsseveld;Kooldioxide (CO2);2844645;kg
2004;62010;Nestlé Nederland BV (Nunspeet);Nunspeet;Kooldioxide (CO2);11937728;kg
2004;62013;FrieslandCampina Steenderen;Steenderen;Kooldioxide (CO2);3884080;kg
2004;62025;FrieslandCampina (Borculo);Borculo;Kooldioxide (CO2);63612544;kg
2004;63003;Corus Tubes Arnhem;Arnhem;Kooldioxide (CO2);1232013;kg
2004;63012;KME Netherlands B.V.;Zutphen;Kooldioxide (CO2);7216981;kg
2004;63504;Gieterij Doesburg BV;Doesburg;Kooldioxide (CO2);2164343;kg
2004;63505;Vulcanus Castings BV;Doetinchem;Kooldioxide (CO2);8255906;kg
2004;63508;Nijmeegsche IJzergieterij BV;Nijmegen;Kooldioxide (CO2);6644535;kg
2004;63509;LF Casting B.V.;Terborg;Kooldioxide (CO2);2003340;kg
2004;63524;Lincoln Smitweld B.V.;Nijmegen;Kooldioxide (CO2);2024570;kg
2004;63601;Hydro Extrusion Harderwijk;Harderwijk;Kooldioxide (CO2);15770473;kg
2004;64001;Centrale Gelderland;Nijmegen;Kooldioxide (CO2);3105700000;kg
2004;64004;AVR Afvalverwerking BV (Duiven);Duiven;Kooldioxide (CO2);302068684;kg
2004;64005;ARN B.V.;Weurt;Kooldioxide (CO2);306948845;kg
2004;64302;Favini B.V. (Apeldoorn);Apeldoorn;Kooldioxide (CO2);25017000;kg
2004;64304;Papierfabriek Doetinchem bv;Doetinchem;Kooldioxide (CO2);30625353;kg
2004;64307;Schut Papier B.V.;Heelsum;Kooldioxide (CO2);1474954;kg
2004;64308;Sappi Nijmegen BV/InnovioPapers;Nijmegen;Kooldioxide (CO2);93907000;kg
2004;64335;DS Smith De Hoop B.V.;Eerbeek;Kooldioxide (CO2);235006889;kg
2004;64345;Folding Boxboard Eerbeek bv;Eerbeek;Kooldioxide (CO2);39627000;kg
2004;64353;Stora Enso;Wapenveld;Kooldioxide (CO2);251586000;kg
2004;64354;VHP Security Paper B.V.;Ugchelen;Kooldioxide (CO2);4228033;kg
2004;64360;Smurfit Westrock Parenco B.V.;Renkum;Kooldioxide (CO2);276171981;kg
2004;64633;Aquinos BV (Kesteren);Kesteren;Kooldioxide (CO2);3032751;kg
2004;64735;AGC Flatglass Nederland BV;Tiel;Kooldioxide (CO2);111697599;kg
2004;66201;Coldenhove Paper B.V.;Eerbeek;Kooldioxide (CO2);17496662;kg
2004;66206;TANATEX Chemicals BV;Ede;Kooldioxide (CO2);782480;kg
2004;66220;Smart Packaging Solutions B.V.;Loenen;Kooldioxide (CO2);10611570;kg
2004;66239;Mead Johnson B.V.;Nijmegen;Kooldioxide (CO2);7023590;kg
2004;66253;Stichting Mestverwerking Gelderland SMG (KGBI Stroe);Stroe;Kooldioxide (CO2);2405710;kg
2004;66323;Stichting Mestverwerking Gelderland SMG (KGBI Ede);Ede;Kooldioxide (CO2);2006780;kg
2004;66325;Stichting Mestverwerking Gelderland SMG (KGBI Elspeet);Elspeet;Kooldioxide (CO2);1902220;kg
2004;66326;Stichting Mestverwerking Gelderland SMG (KGBI Putten);Putten;Kooldioxide (CO2);1504460;kg
2004;66355;PFW Aroma ingredients bv;Barneveld;Kooldioxide (CO2);1019732;kg
2004;69007;Sealed Air B.V.;Nijmegen;Kooldioxide (CO2);168559;kg
2004;69033;Vika BV;Ede;Kooldioxide (CO2);2009762;kg
2004;71102;KLK Kolb Specialties B.V.;Delden;Kooldioxide (CO2);7675000;kg
2004;71103;Nouryon Functional Chemicals;Deventer;Kooldioxide (CO2);11202035;kg
2004;71105;Nobian Chemicals BV (Hengelo);Hengelo;Kooldioxide (CO2);436764000;kg
2004;71301;Abbott Biologicals B.V. (Olst);Olst;Kooldioxide (CO2);1938134;kg
2004;71514;Gasunie Vilsteren / Ommen;Vilsteren;Kooldioxide (CO2);81801597;kg
2004;72024;Ausnutria Kampen BV;Kampen;Kooldioxide (CO2);9479000;kg
2004;72027;Ausnutria Ommen B.V.;Ommen;Kooldioxide (CO2);3108228;kg
2004;73239;Scania Production Zwolle BV;Zwolle;Kooldioxide (CO2);2416971;kg
2004;73508;Aluminium Hardenberg B.V.;Hardenberg;Kooldioxide (CO2);10792842;kg
2004;74003;Centrale Harculo;Zwolle;Kooldioxide (CO2);313699000;kg
2004;74120;Ten Cate Protect B.V.;Nijverdal;Kooldioxide (CO2);3672997;kg
2004;74138;Ames Europe Enschede BV;Enschede;Kooldioxide (CO2);768142;kg
2004;74154;TenCate Outdoor Fabrics BV;Nijverdal;Kooldioxide (CO2);8313000;kg
2004;74174;Edel Carpets B.V.;Genemuiden;Kooldioxide (CO2);363613;kg
2004;74179;Betap Tufting B.V.;Steenwijk;Kooldioxide (CO2);2309000;kg
2004;74302;Koninklijke Verpakkingsindustrie Stempher BV ( folie );Rijssen;Kooldioxide (CO2);540240;kg
2004;74484;Polaroid (Europa) B.V.;Enschede;Kooldioxide (CO2);1323960;kg
2004;74609;Dunlop Protective Footwear B.V.;Raalte;Kooldioxide (CO2);69911;kg
2004;74634;Wavin Diensten BV;Hardenberg;Kooldioxide (CO2);6642000;kg
2004;74643;Plasticon The Netherlands B.V.;Oldenzaal;Kooldioxide (CO2);293195;kg
2004;74652;Krehalon B.V.;Deventer;Kooldioxide (CO2);2554;kg
2004;75305;locatie Boeldershoek;Hengelo;Kooldioxide (CO2);226755585;kg
2004;75306;Van Heek textiles BV;Losser;Kooldioxide (CO2);2206;kg
2004;75342;FrieslandCampina Balkbrug;Balkbrug;Kooldioxide (CO2);9235042;kg
2004;75345;Crilux N.V.;Steenwijk;Kooldioxide (CO2);3229998;kg
2004;76024;Edel Backing BV;Genemuiden;Kooldioxide (CO2);4050537;kg
2004;81103;Norit Nederland B.V.;Klazienaveen;Kooldioxide (CO2);134836600;kg
2004;81104;DOC Kaas (Zuivelfabriek);Hoogeveen;Kooldioxide (CO2);17268000;kg
2004;81105;Diolen Industrial Fibers B.V.;Emmen;Kooldioxide (CO2);24980000;kg
2004;81202;AOC Nederland BV (Schoonebeek);Zandpol;Kooldioxide (CO2);12912851;kg
2004;81205;Init Polymers bv.(failliet per 01-08-08);Emmen;Kooldioxide (CO2);99000;kg
2004;82603;Avebe u.a. (Gasselternijveen);Gasselternijveen;Kooldioxide (CO2);88681000;kg
2004;83501;2 RG;Klazienaveen;Kooldioxide (CO2);8940526;kg
2004;84808;SOLIDUS SOLUTIONS Board B.V. Coevorden;Coevorden;Kooldioxide (CO2);26259795;kg
2004;85002;Attero BV;Wijster;Kooldioxide (CO2);501494000;kg
2004;85003;Envalior Engineering Materials B.V.;Emmen;Kooldioxide (CO2);2810229;kg
2004;91505;N.V. Nederlandse Gasunie - compressorstation Aldeboarn;Aldeboarn;Kooldioxide (CO2);420947;kg
2004;92001;FrieslandCampina Cheese Gerkesklooster;Gerkesklooster;Kooldioxide (CO2);17493612;kg
2004;92004;Hochwald Foods Nederland BV;Bolsward;Kooldioxide (CO2);7451240;kg
2004;92008;Phoenix BV;Scharsterbrug;Kooldioxide (CO2);17761795;kg
2004;92015;FrieslandCampina Dronrijp;Dronryp;Kooldioxide (CO2);14139943;kg
2004;92016;Friesland Foods Cheese BV (Oosterwolde);Oosterwolde;Kooldioxide (CO2);8286562;kg
2004;92030;FrieslandCampina (Workum);Workum;Kooldioxide (CO2);20703792;kg
2004;92615;Sonac Burgum BV;Sumar;Kooldioxide (CO2);28617162;kg
2004;94003;Centrale Bergum;Burgum;Kooldioxide (CO2);955066000;kg
2004;94301;Huhtamaki Nederland B.V.;Franeker;Kooldioxide (CO2);15781145;kg
2004;94706;BASF Nederland B.V.;Heerenveen;Kooldioxide (CO2);8478593;kg
2004;101002;Henkel Nederland Operations B.V.;Scheemda;Kooldioxide (CO2);1714543;kg
2004;101103;BioMCN B.V.;Farmsum;Kooldioxide (CO2);564195922;kg
2004;101104;Dow Benelux B.V.;Delfzijl;Kooldioxide (CO2);13250137;kg
2004;101105;P.Q. Silicas B.V.;Winschoten;Kooldioxide (CO2);20892000;kg
2004;101108;Qemetica NL Silica bv;Delfzijl;Kooldioxide (CO2);35354321;kg
2004;101403;Reym Delfzijl;Delfzijl;Kooldioxide (CO2);7311544;kg
2004;101404;Delamine B.V.;Farmsum;Kooldioxide (CO2);1376596;kg
2004;101405;Electric Glass Fiber NL, B.V.;Westerbroek;Kooldioxide (CO2);47212612;kg
2004;101408;Nedmag B.V.;Veendam;Kooldioxide (CO2);102200000;kg
2004;101515;Gasunie Transport Services B.V. - compressorstation Spijk;Eemshaven;Kooldioxide (CO2);32087358;kg
2004;102301;Suiker Unie (Groningen);Groningen;Kooldioxide (CO2);79620775;kg
2004;102302;Cosun Beet Company-Vierverlaten;Groningen;Kooldioxide (CO2);94157967;kg
2004;102620;Coöperatie AVEBE U.A.;Ter Apelkanaal;Kooldioxide (CO2);155918814;kg
2004;102621;Avebe u.a. (Foxhol);Foxhol;Kooldioxide (CO2);72720000;kg
2004;103009;KBM Master Alloys B.V.;Delfzijl;Kooldioxide (CO2);3067152;kg
2004;103010;DAMCO Aluminium Delfzijl Coöperatie U.A.;Farmsum;Kooldioxide (CO2);185448486;kg
2004;104001;ENGIE Energie Nederland NV;Eemshaven;Kooldioxide (CO2);4253066845;kg
2004;104003;Delesto B.V.;Farmsum;Kooldioxide (CO2);1869605000;kg
2004;104301;WKC De Eendracht;Appingedam;Kooldioxide (CO2);74213000;kg
2004;104302;Solidus Solutions Board Groningen-Hoogkerk;Groningen;Kooldioxide (CO2);27766709;kg
2004;104304;Eska B.V.;Hoogezand;Kooldioxide (CO2);77483420;kg
2004;104305;Eska B.V.;Sappemeer;Kooldioxide (CO2);38572567;kg
2004;104307;Solidus Board Bad Nieuweschans B.V.;Bad Nieuweschans;Kooldioxide (CO2);40129478;kg
2004;104511;Gasunie mengstation Kootstertille (FR);Kootstertille;Kooldioxide (CO2);17043;kg
2004;104521;FrieslandCampina Wolvega;Wolvega;Kooldioxide (CO2);935472;kg
2004;104527;Friese Ecologische Zuivel (Drachten);Drachten;Kooldioxide (CO2);290571;kg
2004;104710;ESD-SIC BV;Farmsum;Kooldioxide (CO2);136425869;kg
2004;105001;ChemCom Industries BV;Farmsum;Kooldioxide (CO2);1772800;kg
2004;105004;Teijin Aramid B.V.;Farmsum;Kooldioxide (CO2);20293000;kg
2004;105006;QEW Engineered Rubber B.V.;Hoogezand;Kooldioxide (CO2);513216;kg
2004;105014;Brunner Mond BV (inrichting bestaat niet meer);Farmsum;Kooldioxide (CO2);95382414;kg
2004;105016;Nobian Industrial Chemicals B.V. - SSC (Shared Service Center);Farmsum;Kooldioxide (CO2);34784786;kg
2004;105019;Friesland Foods Western Europe (Groningen);Groningen;Kooldioxide (CO2);2678303;kg
2004;114001;Maxima-centrale;Lelystad;Kooldioxide (CO2);19753000;kg
2004;114002;Vattenfall Power Generation B.V. (HWC Hogering/WKC Almere);Almere;Kooldioxide (CO2);356831000;kg
2004;114711;Yakult Nederland BV;Almere;Kooldioxide (CO2);1168508;kg
2004;114720;Sonac Almere BV;Almere;Kooldioxide (CO2);4853916;kg
2004;114721;Alphen;Alphen;Kooldioxide (CO2);49340;kg
2004;114722;Waterschap Noorderzijlvest - RWZI Garmerwolde;Garmerwolde;Kooldioxide (CO2);10879176;kg
2004;114724;RWZI Apeldoorn;Apeldoorn;Kooldioxide (CO2);15878816;kg
2004;114725;RWZI Ede;Ede;Kooldioxide (CO2);5520830;kg
2004;114726;RWZI Nieuwgraaf (Waterschap Rijn en IJssel);Duiven;Kooldioxide (CO2);6231258;kg
2004;114727;RWZI Nijmegen (Waterschap Rivierenland);Weurt;Kooldioxide (CO2);10637700;kg
2004;114728;RWZI Nieuwveer;Breda;Kooldioxide (CO2);11322144;kg
2004;114729;RWZI Aarle-Rixtel (Waterschap Aa en Maas);Aarle-Rixtel;Kooldioxide (CO2);3630821;kg
2004;114731;RWZI Utrecht (Hoogheemraadschap de Stichtse Rijnlanden);Utrecht;Kooldioxide (CO2);13254105;kg
2004;114732;RWZI Venlo;Venlo;Kooldioxide (CO2);14725587;kg
2004;114733;RWZI Hoensbroek;Hoensbroek;Kooldioxide (CO2);9297535;kg
2004;114734;RWZI Enschede;Enschede;Kooldioxide (CO2);13729507;kg
2004;114735;AWZI De Groote Lucht (Hoogheemraadschap van Delfland);Vlaardingen;Kooldioxide (CO2);6525513;kg
2004;114737;AWZI Kralingseveer (Hoogheemraadschap van Schieland);Capelle aan den Ijssel;Kooldioxide (CO2);11558897;kg
2004;114740;RWZI Susteren;Susteren;Kooldioxide (CO2);14399527;kg
2004;114741;RWZI Amersfoort;Amersfoort;Kooldioxide (CO2);6459460;kg
2004;114743;RWZI Dinther (Waterschap Aa en Maas);Heeswijk-Dinther;Kooldioxide (CO2);5594576;kg
2004;114744;Elsta P&U;Hoek;Kooldioxide (CO2);1827598000;kg
2004;114745;Komeco B.V.;Dronten;Kooldioxide (CO2);678277;kg
2004;114746;Luchthaven Lelystad NV;Lelystad;Kooldioxide (CO2);129892;kg
2004;114747;PeakShaver Maasvlakte;Maasvlakte Rotterdam;Kooldioxide (CO2);3021002;kg
2004;114753;Campo Coprint B.V.;Brummen;Kooldioxide (CO2);236980;kg
2004;114754;Tarkett lokatie Waalwijk;Waalwijk;Kooldioxide (CO2);1634000;kg
2004;114755;Synthomer Hasselt BV;Hasselt;Kooldioxide (CO2);22521;kg
2004;114757;Eurogen CV;Botlek Rotterdam;Kooldioxide (CO2);494658526;kg
2004;114762;Tapijtfabriek Intercarpet B.V.;Aalten;Kooldioxide (CO2);803782;kg
2004;114763;de Ploeg BV;Bergeijk;Kooldioxide (CO2);586469;kg
2004;114766;Tricotververij Limburg B.V.;Sittard;Kooldioxide (CO2);892130;kg
2004;114767;AWZI Houtrust (Hoogheemraadschap van Delfland);'s-Gravenhage;Kooldioxide (CO2);33346950;kg
2004;114770;Mitsubishi Chemical Advanced Materials B.V.;Almelo;Kooldioxide (CO2);895657;kg
2004;114771;Mauser Benelux BV;Oosterhout;Kooldioxide (CO2);159795;kg
2004;114822;Boal B.V.;De Lier;Kooldioxide (CO2);21247788;kg
2004;115026;Dokkumer Vlaggen Centrale BV;Dokkum;Kooldioxide (CO2);562320;kg
2004;115034;Maastricht Aachen Airport (MAA);Maastricht-Airport;Kooldioxide (CO2);544;kg
2004;115036;LyondellBasell Covestro Manufacturing Maasvlakte VOF;Maasvlakte Rotterdam;Kooldioxide (CO2);12412689;kg
2004;115040;Bonar Plastics B.V.;Deventer;Kooldioxide (CO2);4000;kg
2004;115042;Dyka;Steenwijk;Kooldioxide (CO2);426863;kg
2004;115044;EcoTherm B.V.;Winterswijk;Kooldioxide (CO2);310;kg
2004;115047;Helvoet Rubber & Plastic Technologies B.V.;Hellevoetsluis;Kooldioxide (CO2);0;kg
2004;115048;Carlisle Construction Materials BV;Kampen;Kooldioxide (CO2);711853;kg
2004;115049;Holonite BV (Tholen);Tholen;Kooldioxide (CO2);191468;kg
2004;115050;Holonite BV (Halsteren);Halsteren;Kooldioxide (CO2);116738;kg
2004;115056;Pregis B.V.;Eerbeek;Kooldioxide (CO2);13846;kg
2004;115057;Parker Hannifin Manufacturing Netherlands (Hose) BV;Hoogezand;Kooldioxide (CO2);744200;kg
2004;115058;Perfon BV / Oerlemans Packaging BV;Goor;Kooldioxide (CO2);10000;kg
2004;115060;Plasticon The Netherlands  BV;Hengelo;Kooldioxide (CO2);214254;kg
2004;115061;Polylac Holland B.V.;Leek;Kooldioxide (CO2);64272;kg
2004;115063;Eagle Simrax BV;Kerkrade;Kooldioxide (CO2);483404;kg
2004;115064;Synprodo Produktie BV;Wijchen;Kooldioxide (CO2);7597375;kg
2004;115066;Trespa International BV;Weert;Kooldioxide (CO2);55549000;kg
2004;115067;Unidek Produktie / Van Dijk Produktie B.V.;Gemert;Kooldioxide (CO2);5645484;kg
2004;115069;Vernay Europa BV;Oldenzaal;Kooldioxide (CO2);108721;kg
2004;115079;Rinos BV;Genemuiden;Kooldioxide (CO2);1548750;kg
2004;115098;MCi (Mirror Controls International) Netherlands BV;Montfoort;Kooldioxide (CO2);239441;kg
2004;115108;Koninklijke Verpakkingsindustrie Stempher BV ( papier );Rijssen;Kooldioxide (CO2);128746;kg
2004;115155;Avebe b.a. (Latenstein);Nijmegen;Kooldioxide (CO2);36700;kg
2004;115180;apt Extrusions B.V.;Roermond;Kooldioxide (CO2);8849741;kg
2004;115185;DOC Kaas (Zuivelpark);Hoogeveen;Kooldioxide (CO2);13444000;kg
2004;201639;Solidus Solutions Board Oude Pekela;Oude Pekela;Kooldioxide (CO2);38277081;kg
2004;220124;AWZI Almere;Almere;Kooldioxide (CO2);4287587;kg
2004;220150;Hoogheemraadschap Hollands Noorderkwartier SDI/RWZI Beverwijk;Beverwijk;Kooldioxide (CO2);38458244;kg
2004;220264;Rioolwaterzuiveringsinstallatie Hengelo;Hengelo;Kooldioxide (CO2);1877386;kg
2004;220387;RWZI Den Bosch (Waterschap Aa en Maas);'s-Hertogenbosch;Kooldioxide (CO2);7753943;kg
2005;60;Sappi Maastricht BV;Maastricht;Kooldioxide (CO2);236692340;kg
2005;61;Rubber Resources BV;Maastricht;Kooldioxide (CO2);934842;kg
2005;62;Chemelot Site Permit BV;Geleen;Kooldioxide (CO2);3555940000;kg
2005;65;PQ Silicas BV;Eijsden;Kooldioxide (CO2);36286000;kg
2005;66;Marsna Paper B.V.;Meerssen;Kooldioxide (CO2);15312457;kg
2005;84;BASF Nederland B.V.;Maastricht;Kooldioxide (CO2);5458317;kg
2005;90;VDL Castings Heerlen BV;Hoensbroek;Kooldioxide (CO2);23840078;kg
2005;113;VDL Nedcar B.V.;Born;Kooldioxide (CO2);22655340;kg
2005;148;ENCI BV (Maastricht);Maastricht;Kooldioxide (CO2);730758200;kg
2005;151;O-I Netherlands BV (Maastricht);Maastricht;Kooldioxide (CO2);98031877;kg
2005;159;Fenzi AGT Netherlands B.V.;Maastricht;Kooldioxide (CO2);3836735;kg
2005;174;Tata Steel Nederland Tubes BV locatie Maastricht;Maastricht;Kooldioxide (CO2);1137972;kg
2005;325;Lawter Maastricht BV;Maastricht;Kooldioxide (CO2);3892518;kg
2005;1102;Honeywell Fluorine Products Europe B.V.;Weert;Kooldioxide (CO2);1289237;kg
2005;1104;Solvay Chemie BV;Herten;Kooldioxide (CO2);2909000;kg
2005;1107;Nouryon Functional Chemicals B.V.;Herkenbosch;Kooldioxide (CO2);12864000;kg
2005;1404;DSM Pharma Chemicals Venlo BV;Venlo;Kooldioxide (CO2);8139000;kg
2005;3509;VDL Castings Weert BV;Weert;Kooldioxide (CO2);149622;kg
2005;3513;MGG Netherlands BV;Tegelen;Kooldioxide (CO2);6174101;kg
2005;4001;Clauscentrale;Maasbracht;Kooldioxide (CO2);1261836862;kg
2005;4301;Smurfit Westrock Roermond Paper BV;Roermond;Kooldioxide (CO2);167957422;kg
2005;4753;Rockwool B.V.;Roermond;Kooldioxide (CO2);154500000;kg
2005;5727;EverZinc Nederland B.V.;Eijsden;Kooldioxide (CO2);22539000;kg
2005;5729;Celanese Production Netherlands B.V.;Geleen;Kooldioxide (CO2);0;kg
2005;5739;E-MAX BILLETS;Kerkrade;Kooldioxide (CO2);23124000;kg
2005;5740;WEPA Nederland B.V.;Swalmen;Kooldioxide (CO2);24584063;kg
2005;5743;Walkro Blitterswijck BV;Blitterswijck;Kooldioxide (CO2);531963;kg
2005;5746;Nuon Power Generation BV (Buggenum);Haelen;Kooldioxide (CO2);982706380;kg
2005;5750;FrieslandCampina Born;Born;Kooldioxide (CO2);6321258;kg
2005;5804;PQ Nederland BV;Maastricht;Kooldioxide (CO2);4659;kg
2005;9014;Essent Productie Geleen B.V.;Geleen;Kooldioxide (CO2);784041000;kg
2005;10001;Nobian Industrial Chemicals BV (Rotterdam);Botlek Rotterdam;Kooldioxide (CO2);200176709;kg
2005;10002;Nouryon Performance Formulations b.v.;Europoort Rotterdam;Kooldioxide (CO2);16600;kg
2005;10003;Synres B.V.;Hoek Van Holland;Kooldioxide (CO2);8725966;kg
2005;10004;Lyondell Chemical Nederland Ltd.;Botlek Rotterdam;Kooldioxide (CO2);130966070;kg
2005;10005;LBC Rotterdam BV;Botlek Rotterdam;Kooldioxide (CO2);4692000;kg
2005;10006;Shell Nederland Chemie BV (Pernis);Vondelingenplaat Rotterdam;Kooldioxide (CO2);48418000;kg
2005;10016;Climax Molybdenum BV;Botlek Rotterdam;Kooldioxide (CO2);8029975;kg
2005;10017;Evonik Carbon Black Nederland BV;Botlek Rotterdam;Kooldioxide (CO2);153010000;kg
2005;10042;Kemira Rotterdam B.V. - locatie Botlek;Botlek Rotterdam;Kooldioxide (CO2);955000;kg
2005;10057;Shell Nederland Raffinaderij BV;Vondelingenplaat Rotterdam;Kooldioxide (CO2);5838000000;kg
2005;10058;BP Raffinaderij Rotterdam B.V.;Europoort Rotterdam;Kooldioxide (CO2);1978056210;kg
2005;10059;Gunvor Energy Rotterdam B.V. (GPR);Europoort Rotterdam;Kooldioxide (CO2);546809872;kg
2005;10061;Esso Nederland BV (Raffinaderij Rotterdam);Botlek Rotterdam;Kooldioxide (CO2);2371694368;kg
2005;10062;ExxonMobil Chemical Holland BV (RAP);Botlek Rotterdam;Kooldioxide (CO2);412623186;kg
2005;10063;AVR-Afvalverwerking;Botlek Rotterdam;Kooldioxide (CO2);914878409;kg
2005;10064;Almatis BV;Botlek Rotterdam;Kooldioxide (CO2);22781000;kg
2005;10066;Kemira Rotterdam BV locatie Europoort;Europoort Rotterdam;Kooldioxide (CO2);6924066;kg
2005;10073;Tronox Pigments (Holland) BV;Botlek Rotterdam;Kooldioxide (CO2);89018169;kg
2005;10076;HVC AfvalEnergieCentrale Dordrecht;Dordrecht;Kooldioxide (CO2);174257750;kg
2005;10078;Ruigenhil Vastgoed B.V. (Nedstaal/FNSteel/Heros);Alblasserdam;Kooldioxide (CO2);10724080;kg
2005;10079;Chemours Netherlands B.V.;Dordrecht;Kooldioxide (CO2);220841314;kg
2005;10082;Akzo Nobel Car Refinishes B.V.;Sassenheim;Kooldioxide (CO2);4086907;kg
2005;10086;NV Nutricia Zoetermeer;Zoetermeer;Kooldioxide (CO2);10418628;kg
2005;10097;SD Guthrie International Zwijndrecht Refinery B.V.;Zwijndrecht;Kooldioxide (CO2);57721115;kg
2005;10100;Bakelite Botlek Rotterdam;Botlek Rotterdam;Kooldioxide (CO2);1320000;kg
2005;10546;Lactalis Leerdammer BV (Schoonrewoerd);Schoonrewoerd;Kooldioxide (CO2);11294346;kg
2005;10590;FrieslandCampina Rotterdam;Rotterdam;Kooldioxide (CO2);2414667;kg
2005;10615;ENCI BV (Rotterdam);Botlek Rotterdam;Kooldioxide (CO2);7213304;kg
2005;10621;Hunter Douglas Europe BV;Rotterdam;Kooldioxide (CO2);15621044;kg
2005;10687;Biotech Campus Delft;Delft;Kooldioxide (CO2);122416177;kg
2005;10689;Air Products Nederland BV (Botlek);Botlek Rotterdam;Kooldioxide (CO2);376264000;kg
2005;10698;Cargill Bioindustrial BV;Gouda;Kooldioxide (CO2);50281654;kg
2005;10722;O-I Manufacturing Netherlands BV Schiedam;Schiedam;Kooldioxide (CO2);67619000;kg
2005;10723;O-I Netherlands BV (Leerdam);Leerdam;Kooldioxide (CO2);103042560;kg
2005;10728;Cargill Refined Oils Europe;Botlek Rotterdam;Kooldioxide (CO2);19617836;kg
2005;10738;Cerexagri BV / ARKEMA Rotterdam BV;Vondelingenplaat Rotterdam;Kooldioxide (CO2);11776141;kg
2005;10793;Tata Steel Nederland Tubes BV locatie Zwijndrecht;Zwijndrecht;Kooldioxide (CO2);1044872;kg
2005;10815;AVR NV (Rotterdam);Rotterdam;Kooldioxide (CO2);314458000;kg
2005;10829;Cosun Beet company (Puttershoek);Puttershoek;Kooldioxide (CO2);1319547;kg
2005;10928;Aluminium & Chemie Rotterdam B.V.;Botlek Rotterdam;Kooldioxide (CO2);206000000;kg
2005;10971;Ferro (Holland) B.V. (HS);Rotterdam;Kooldioxide (CO2);7222000;kg
2005;10972;Ferro (Holland) B.V. (IW);Rotterdam;Kooldioxide (CO2);196000;kg
2005;10998;Draka Interfoam;Hillegom;Kooldioxide (CO2);1009716;kg
2005;11024;Cabot B.V.;Botlek Rotterdam;Kooldioxide (CO2);247040769;kg
2005;11046;PURAC Biochem B.V.;Gorinchem;Kooldioxide (CO2);44945000;kg
2005;11090;Chane Terminal Botlek B.V.;Botlek Rotterdam;Kooldioxide (CO2);29401000;kg
2005;11105;Heineken Netherlands Supply B.V., brouwerij Zoeterwoude;Zoeterwoude;Kooldioxide (CO2);66540555;kg
2005;11366;LANXESS Rotterdam Botlek;Botlek Rotterdam;Kooldioxide (CO2);162661943;kg
2005;12134;Archer Daniels Midland Europoort BV (ADM);Europoort Rotterdam;Kooldioxide (CO2);297826000;kg
2005;12135;ExxonMobil Chemical Holland BV (ROP van RPI);Europoort Rotterdam;Kooldioxide (CO2);60808200;kg
2005;12147;E.ON Warmte Station Galileistraat;Rotterdam;Kooldioxide (CO2);506114492;kg
2005;12149;Uniper Benelux NV (Maasvlakte);Maasvlakte Rotterdam;Kooldioxide (CO2);6706733033;kg
2005;12150;Uniper Centrale RoCa;Rotterdam;Kooldioxide (CO2);675716584;kg
2005;12157;HVC ZVI B.V.;Dordrecht;Kooldioxide (CO2);12644021;kg
2005;12158;HVC Slibverbrandingsinstallatie;Dordrecht;Kooldioxide (CO2);104256000;kg
2005;12162;Evos Rotterdam B.V.;Europoort Rotterdam;Kooldioxide (CO2);8407779;kg
2005;12167;UZIMET BV;Rijswijk;Kooldioxide (CO2);487711;kg
2005;12170;FrieslandCampina Maasdam;Maasdam;Kooldioxide (CO2);3853960;kg
2005;12171;Zuivelfabriek De Graafstroom;Bleskensgraaf Ca;Kooldioxide (CO2);3777000;kg
2005;12172;Promelca B.V. (Gorinchem);Gorinchem;Kooldioxide (CO2);22536000;kg
2005;12174;Ducor Petrochemicals B.V.;Botlek Rotterdam;Kooldioxide (CO2);10662000;kg
2005;12176;Air Products Nederland BV (Pernis);Vondelingenplaat Rotterdam;Kooldioxide (CO2);463000000;kg
2005;12177;VPR Energy B.V.;Europoort Rotterdam;Kooldioxide (CO2);64498000;kg
2005;19004;ExxonMobil Chemical Holland BV (RPP van RPI);Botlek Rotterdam;Kooldioxide (CO2);53390000;kg
2005;19070;Indorama Ventures Europe BV;Europoort Rotterdam;Kooldioxide (CO2);54271280;kg
2005;19071;Shin-Etsu PVC BV (VCM Botlek);Botlek Rotterdam;Kooldioxide (CO2);85591000;kg
2005;19072;FrieslandCampina Nederland B.V.;Noordwijk;Kooldioxide (CO2);1380085;kg
2005;19073;Westlake Epoxy B.V.;Vondelingenplaat Rotterdam;Kooldioxide (CO2);37645441;kg
2005;21010;Sonneborn Refined Products BV (Amsterdam);Amsterdam;Kooldioxide (CO2);25023100;kg
2005;21011;Rütgers Resins B.V.;Uithoorn;Kooldioxide (CO2);23370000;kg
2005;21101;Ketjen Netherlands BV;Amsterdam;Kooldioxide (CO2);78472863;kg
2005;21102;ICL FERTILIZERS EUROPE C.V.;Amsterdam;Kooldioxide (CO2);11478000;kg
2005;21103;DSM Agro BV;Velsen-Noord;Kooldioxide (CO2);12953000;kg
2005;21301;LANXESS Manufacturing Netherlands BV;Amsterdam;Kooldioxide (CO2);218224;kg
2005;21302;Abbott Healthcare Products BV (Weesp);Weesp;Kooldioxide (CO2);18839000;kg
2005;21304;Givaudan Nederland B.V. (Naarden);Naarden;Kooldioxide (CO2);9795322;kg
2005;21403;Norit Nederland BV (Zaandam);Zaandam;Kooldioxide (CO2);33714535;kg
2005;21528;N.V. Nederlandse Gasunie (Wieringermeer);Middenmeer;Kooldioxide (CO2);5713605;kg
2005;21529;Gasunie Transport Services B.V.;Heemskerk;Kooldioxide (CO2);28155920;kg
2005;21530;OQ Chemicals Nederland BV;Amsterdam;Kooldioxide (CO2);1683243;kg
2005;22002;Campina BV (Heiloo);Heiloo;Kooldioxide (CO2);2152496;kg
2005;22006;FrieslandCampina Nederland B.V. Lutjewinkel;Lutjewinkel;Kooldioxide (CO2);1193077;kg
2005;22008;Kaptein PCF;Oosthuizen;Kooldioxide (CO2);563061;kg
2005;22010;DMV International, locatie Uitgeest;Uitgeest;Kooldioxide (CO2);4895000;kg
2005;22011;CONO Kaasmakers (Stompetoren);Stompetoren;Kooldioxide (CO2);3328000;kg
2005;22012;CONO Kaasmakers (Middenbeemster);Westbeemster;Kooldioxide (CO2);5475451;kg
2005;22020;Campina BV (Hilversum);Hilversum;Kooldioxide (CO2);1726286;kg
2005;22602;Tate & Lyle Netherlands BV;Koog aan de Zaan;Kooldioxide (CO2);75226443;kg
2005;22617;Bunge Netherlands BV;Amsterdam;Kooldioxide (CO2);67554293;kg
2005;22626;Cargill BV (Multiseed);Amsterdam;Kooldioxide (CO2);29659000;kg
2005;23301;Tata Steel IJmuiden BV;Velsen-Noord;Kooldioxide (CO2);6396138418;kg
2005;24000;Vattenfall Power Generation B.V. (Hemweg);Amsterdam;Kooldioxide (CO2);3724484287;kg
2005;24002;Vattenfall Power Generation B.V. (Diemen);Diemen;Kooldioxide (CO2);518558183;kg
2005;24003;Vattenfall Power Generation B.V. (Velsen);Velsen-Noord;Kooldioxide (CO2);4386078031;kg
2005;24302;Crown van Gelder International B.V.;Velsen-Noord;Kooldioxide (CO2);138419802;kg
2005;24601;Renolit Nederland BV;Enkhuizen;Kooldioxide (CO2);4154406;kg
2005;24605;Forbo Flooring BV;Assendelft;Kooldioxide (CO2);15031994;kg
2005;24606;BN International BV;Huizen;Kooldioxide (CO2);8167000;kg
2005;24714;ENCI BV (IJmuiden);Velsen-Noord;Kooldioxide (CO2);23174404;kg
2005;28072;Quaker Chemical B.V. (A Quaker Houghton Company);Uithoorn;Kooldioxide (CO2);2219944;kg
2005;28085;AEB Amsterdam;Amsterdam;Kooldioxide (CO2);892700000;kg
2005;28087;Schiphol Nederland BV;Schiphol;Kooldioxide (CO2);33008363;kg
2005;28091;HVC N.V.;Alkmaar;Kooldioxide (CO2);540820231;kg
2005;28097;A-ware Zaandam BV;Zaandam;Kooldioxide (CO2);252831;kg
2005;28175;Waeles Nederland BV;Nieuw-Vennep;Kooldioxide (CO2);371468;kg
2005;28176;Vattenfall Power Generation B.V. (IJmond 1);Velsen-Noord;Kooldioxide (CO2);2184853771;kg
2005;28177;Shipdock BV;Amsterdam;Kooldioxide (CO2);66387;kg
2005;31306;Pembroek B.V.;Loosdrecht;Kooldioxide (CO2);53810;kg
2005;31311;CARBOGEN AMCIS B.V.;Veenendaal;Kooldioxide (CO2);2309353;kg
2005;31402;SC Johnson Europlant B.V.;Mijdrecht;Kooldioxide (CO2);3649381;kg
2005;33309;Bammens BV;Maarssen;Kooldioxide (CO2);1440503;kg
2005;34001;Nuon Power Generation BV (Lage Weide / Merwedekanaal);Utrecht;Kooldioxide (CO2);1106056086;kg
2005;34108;Pharr Holland B.V.;Veenendaal;Kooldioxide (CO2);4264255;kg
2005;39103;Koninklijke ERU Kaasfabriek B.V.;Woerden;Kooldioxide (CO2);508500;kg
2005;41002;Sibelco Geertruidenberg;Geertruidenberg;Kooldioxide (CO2);1465;kg
2005;41003;Shell Nederland Chemie BV (Moerdijk);Moerdijk;Kooldioxide (CO2);2732663420;kg
2005;41101;SABIC Innovative Plastics BV;Bergen op Zoom;Kooldioxide (CO2);521910274;kg
2005;41102;Allnex Netherlands B.V.;Bergen op Zoom;Kooldioxide (CO2);12985600;kg
2005;41103;Synthos Breda BV;Breda;Kooldioxide (CO2);8827269;kg
2005;41106;IFF Nederland BV;Tilburg;Kooldioxide (CO2);8467210;kg
2005;41108;Caldic Chemie Produktie BV;Zevenbergen;Kooldioxide (CO2);11125066;kg
2005;41307;Aspen Oss B.V.;Oss;Kooldioxide (CO2);29957000;kg
2005;41402;Trobas Gelatine B.V.;Dongen;Kooldioxide (CO2);8692506;kg
2005;41428;Covestro (Netherlands) B.V., vestiging Waalwijk;Waalwijk;Kooldioxide (CO2);5097928;kg
2005;41502;Ravenstein;Ravenstein;Kooldioxide (CO2);158723897;kg
2005;41521;Afvalstoffen Terminal Moerdijk BV (ATM);Moerdijk;Kooldioxide (CO2);180289201;kg
2005;42022;Nutricia Cuijk B.V.;Cuijk;Kooldioxide (CO2);6759635;kg
2005;42034;FrieslandCampina DMV B.V.;Veghel;Kooldioxide (CO2);134340540;kg
2005;42309;CSM Suiker BV (Wittouck);Breda;Kooldioxide (CO2);4090565;kg
2005;42310;Cosun Beet Company-Dinteloord;Dinteloord;Kooldioxide (CO2);125767399;kg
2005;42313;Sensus Roosendaal & Sensus Zwolle;Roosendaal;Kooldioxide (CO2);20149380;kg
2005;42408;Swinkels Family Brewers N.V.;Lieshout;Kooldioxide (CO2);54983529;kg
2005;42629;Cargill BV;Bergen op Zoom;Kooldioxide (CO2);60963383;kg
2005;42834;Rendac Son BV;Son en Breugel;Kooldioxide (CO2);12509000;kg
2005;43003;Tata Steel Nederland Tubes BV locatie Oosterhout;Oosterhout;Kooldioxide (CO2);11875663;kg
2005;43013;Nyrstar Budel BV;Budel-Dorplein;Kooldioxide (CO2);44009804;kg
2005;43403;DAF Trucks N.V.;Eindhoven;Kooldioxide (CO2);16772000;kg
2005;43511;Wartsila Netherlands BV;Drunen;Kooldioxide (CO2);2641000;kg
2005;43513;LDM b.v.;Drunen;Kooldioxide (CO2);1239025;kg
2005;43856;Hydro Extrusion Drunen;Drunen;Kooldioxide (CO2);11388432;kg
2005;44004;Amer Centrale;Geertruidenberg;Kooldioxide (CO2);6778004000;kg
2005;44005;Essent Energie Productie BV (Dongecentrale);Geertruidenberg;Kooldioxide (CO2);85749000;kg
2005;44006;RWZI Oijen (Waterschap Aa en Maas);Oijen;Kooldioxide (CO2);5354756;kg
2005;44007;PreZero Energy Roosendaal B.V.;Roosendaal;Kooldioxide (CO2);58644438;kg
2005;44009;BV Afvalverbranding Zuid Nederland (AZN);Moerdijk;Kooldioxide (CO2);658736026;kg
2005;44142;Tricot Industrie Grave B.V.;Grave;Kooldioxide (CO2);496412;kg
2005;44162;Vlisco Netherlands BV;Helmond;Kooldioxide (CO2);17632162;kg
2005;44303;SCA Hygiene Products BV (Tilburg);Tilburg;Kooldioxide (CO2);9661627;kg
2005;44772;Ardagh Glass Dongen BV;Dongen;Kooldioxide (CO2);89174001;kg
2005;44773;Saint Gobain Construction Products NL BV;Etten-Leur;Kooldioxide (CO2);56230360;kg
2005;45112;OPTICOLOR International B.V.;Mierlo;Kooldioxide (CO2);7341;kg
2005;45669;Caligen Europe BV;Breda;Kooldioxide (CO2);326960;kg
2005;45672;CurTec Nederland bv;Rijen;Kooldioxide (CO2);279827;kg
2005;47001;Slibverwerking Noord-Brabant NV;Moerdijk;Kooldioxide (CO2);86300000;kg
2005;48002;Unipol Holland BV;Oss;Kooldioxide (CO2);3251990;kg
2005;48020;CNC;Moerdijk;Kooldioxide (CO2);270163543;kg
2005;48022;Dr. W. Kolb Nederland BV;Klundert;Kooldioxide (CO2);1507710;kg
2005;48023;FrieslandCampina Rijkevoort (Holland Cheese);Rijkevoort;Kooldioxide (CO2);9519180;kg
2005;48024;Essity Operations Cuijk B.V.;Katwijk NB;Kooldioxide (CO2);18201046;kg
2005;48029;FrieslandCampina Eindhoven (Consumer Products Europe);Eindhoven;Kooldioxide (CO2);4475491;kg
2005;48031;FrieslandCampina Butter & Milkpowder - Den Bosch;'s-Hertogenbosch;Kooldioxide (CO2);3522000;kg
2005;48040;FrieslandCampina Tilburg (Holland Cheese);Tilburg;Kooldioxide (CO2);7833296;kg
2005;48051;KBM Master Alloys BV (Oss);Oss;Kooldioxide (CO2);741872;kg
2005;48055;Johan van den Acker Textielfabriek BV;Gemert;Kooldioxide (CO2);566603;kg
2005;48073;Nedzink BV;Budel-Dorplein;Kooldioxide (CO2);2120000;kg
2005;48074;Friesland Foods Cheese;Raamsdonksveer;Kooldioxide (CO2);143269;kg
2005;48080;Nutrifeed Veghel BV;Veghel;Kooldioxide (CO2);53600;kg
2005;48125;Leo Schellens BV;Helmond;Kooldioxide (CO2);1389500;kg
2005;48156;Textielfabrieken H. van Puijenbroek BV;Goirle;Kooldioxide (CO2);3474002;kg
2005;49006;WKC Moerdijk;Moerdijk;Kooldioxide (CO2);647829999;kg
2005;49010;Basell Benelux B.V.;Moerdijk;Kooldioxide (CO2);7753000;kg
2005;49017;Merck Sharp & Dohme B.V.;Oss;Kooldioxide (CO2);4795398;kg
2005;49027;FrieslandCampina Nuenen;Nuenen;Kooldioxide (CO2);611365;kg
2005;49043;Albers Organic Minerals;Zeeland;Kooldioxide (CO2);1094234;kg
2005;51101;Synthomer Middelburg BV;Middelburg;Kooldioxide (CO2);46731850;kg
2005;51102;Rosier Nederland B.V.;Sas Van GEnt;Kooldioxide (CO2);20235679;kg
2005;51104;Dow Benelux BV (Hoek);Hoek;Kooldioxide (CO2);3213617033;kg
2005;51105;YARA Sluiskil BV;Sluiskil;Kooldioxide (CO2);2548676931;kg
2005;51107;ARKEMA B.V. location Vlissingen;Vlissingen;Kooldioxide (CO2);8268676;kg
2005;51404;ICL-IP Terneuzen BV;Terneuzen;Kooldioxide (CO2);16739599;kg
2005;51501;Zeeland Refinery N.V.;Nieuwdorp;Kooldioxide (CO2);1532000000;kg
2005;52612;Cargill Benelux BV;Sas Van GEnt;Kooldioxide (CO2);210183127;kg
2005;53129;Damen Schelde Naval Shipbuilding B.V. en Damen Shiprepair Vlissingen B.V.;Ritthem;Kooldioxide (CO2);2323079;kg
2005;53504;Zeeland Aluminium Company (Zalco BV);Vlissingen;Kooldioxide (CO2);417987401;kg
2005;54001;EPZ NV (Conventional Operations);Borssele;Kooldioxide (CO2);1661152000;kg
2005;56118;Stepan Nederland BV;Ritthem;Kooldioxide (CO2);15446730;kg
2005;56119;Decontamination Services BV;Ritthem;Kooldioxide (CO2);33662731;kg
2005;56120;Sea Way Chemical Processing B.V.;Ritthem;Kooldioxide (CO2);1232868;kg
2005;56121;ThermPhos International BV;Ritthem;Kooldioxide (CO2);932624272;kg
2005;56129;Fleuren Compost BV;Middelharnis;Kooldioxide (CO2);24081000;kg
2005;61302;N.V. Organon vergunning ingetrokken;Apeldoorn;Kooldioxide (CO2);1905272;kg
2005;61407;SABA Dinxperlo BV;Dinxperlo;Kooldioxide (CO2);431780;kg
2005;61411;Sonac Vuren BV;Vuren;Kooldioxide (CO2);23973000;kg
2005;61418;SACHEM Europe BV;Zaltbommel;Kooldioxide (CO2);3480381;kg
2005;61426;CP Kelco;Nijmegen;Kooldioxide (CO2);1130000;kg
2005;61517;Gasunie Zweekhorst;Zevenaar;Kooldioxide (CO2);1304854;kg
2005;62006;FrieslandCampina Cheese Varsseveld;Varsseveld;Kooldioxide (CO2);3000579;kg
2005;62009;FrieslandCampina Butter&Milkpowder (Lochem);Lochem;Kooldioxide (CO2);38953124;kg
2005;62010;Nestlé Nederland BV (Nunspeet);Nunspeet;Kooldioxide (CO2);12781671;kg
2005;62013;FrieslandCampina Steenderen;Steenderen;Kooldioxide (CO2);3930439;kg
2005;62025;FrieslandCampina (Borculo);Borculo;Kooldioxide (CO2);59335144;kg
2005;62031;Arla Foods BV;Nijkerk;Kooldioxide (CO2);13110514;kg
2005;63012;KME Netherlands B.V.;Zutphen;Kooldioxide (CO2);6779221;kg
2005;63504;Gieterij Doesburg BV;Doesburg;Kooldioxide (CO2);2211335;kg
2005;63505;Vulcanus Castings BV;Doetinchem;Kooldioxide (CO2);9577363;kg
2005;63508;Nijmeegsche IJzergieterij BV;Nijmegen;Kooldioxide (CO2);6943245;kg
2005;63509;LF Casting B.V.;Terborg;Kooldioxide (CO2);2341958;kg
2005;63601;Hydro Extrusion Harderwijk;Harderwijk;Kooldioxide (CO2);11390755;kg
2005;64001;Centrale Gelderland;Nijmegen;Kooldioxide (CO2);2406321540;kg
2005;64004;AVR Afvalverwerking BV (Duiven);Duiven;Kooldioxide (CO2);333026969;kg
2005;64005;ARN B.V.;Weurt;Kooldioxide (CO2);310031446;kg
2005;64302;Favini B.V. (Apeldoorn);Apeldoorn;Kooldioxide (CO2);26346496;kg
2005;64304;Papierfabriek Doetinchem bv;Doetinchem;Kooldioxide (CO2);31679917;kg
2005;64307;Schut Papier B.V.;Heelsum;Kooldioxide (CO2);1233345;kg
2005;64308;Sappi Nijmegen BV/InnovioPapers;Nijmegen;Kooldioxide (CO2);86168000;kg
2005;64335;DS Smith De Hoop B.V.;Eerbeek;Kooldioxide (CO2);248033150;kg
2005;64345;Folding Boxboard Eerbeek bv;Eerbeek;Kooldioxide (CO2);54507361;kg
2005;64353;Stora Enso;Wapenveld;Kooldioxide (CO2);266669558;kg
2005;64354;VHP Security Paper B.V.;Ugchelen;Kooldioxide (CO2);3657664;kg
2005;64360;Smurfit Westrock Parenco B.V.;Renkum;Kooldioxide (CO2);274731299;kg
2005;64633;Aquinos BV (Kesteren);Kesteren;Kooldioxide (CO2);2639620;kg
2005;64735;AGC Flatglass Nederland BV;Tiel;Kooldioxide (CO2);111976454;kg
2005;66201;Coldenhove Paper B.V.;Eerbeek;Kooldioxide (CO2);13342143;kg
2005;66206;TANATEX Chemicals BV;Ede;Kooldioxide (CO2);879161;kg
2005;66220;Smart Packaging Solutions B.V.;Loenen;Kooldioxide (CO2);11649593;kg
2005;66239;Mead Johnson B.V.;Nijmegen;Kooldioxide (CO2);7113093;kg
2005;66253;Stichting Mestverwerking Gelderland SMG (KGBI Stroe);Stroe;Kooldioxide (CO2);2600000;kg
2005;66323;Stichting Mestverwerking Gelderland SMG (KGBI Ede);Ede;Kooldioxide (CO2);1800000;kg
2005;66325;Stichting Mestverwerking Gelderland SMG (KGBI Elspeet);Elspeet;Kooldioxide (CO2);1800000;kg
2005;66326;Stichting Mestverwerking Gelderland SMG (KGBI Putten);Putten;Kooldioxide (CO2);1600000;kg
2005;66355;PFW Aroma ingredients bv;Barneveld;Kooldioxide (CO2);942301;kg
2005;69007;Sealed Air B.V.;Nijmegen;Kooldioxide (CO2);189270;kg
2005;69033;Vika BV;Ede;Kooldioxide (CO2);1796372;kg
2005;71102;KLK Kolb Specialties B.V.;Delden;Kooldioxide (CO2);7263000;kg
2005;71103;Nouryon Functional Chemicals;Deventer;Kooldioxide (CO2);10358319;kg
2005;71105;Nobian Chemicals BV (Hengelo);Hengelo;Kooldioxide (CO2);432817000;kg
2005;71301;Abbott Biologicals B.V. (Olst);Olst;Kooldioxide (CO2);1989857;kg
2005;71514;Gasunie Vilsteren / Ommen;Vilsteren;Kooldioxide (CO2);63409089;kg
2005;72016;Royal Lactalis Leerdammer BV (Dalfsen);Dalfsen;Kooldioxide (CO2);4019932;kg
2005;72024;Ausnutria Kampen BV;Kampen;Kooldioxide (CO2);13117177;kg
2005;72027;Ausnutria Ommen B.V.;Ommen;Kooldioxide (CO2);2345333;kg
2005;73239;Scania Production Zwolle BV;Zwolle;Kooldioxide (CO2);2322673;kg
2005;74003;Centrale Harculo;Zwolle;Kooldioxide (CO2);447021245;kg
2005;74120;Ten Cate Protect B.V.;Nijverdal;Kooldioxide (CO2);4121109;kg
2005;74138;Ames Europe Enschede BV;Enschede;Kooldioxide (CO2);825315;kg
2005;74302;Koninklijke Verpakkingsindustrie Stempher BV ( folie );Rijssen;Kooldioxide (CO2);4100034;kg
2005;74484;Polaroid (Europa) B.V.;Enschede;Kooldioxide (CO2);1431930;kg
2005;74609;Dunlop Protective Footwear B.V.;Raalte;Kooldioxide (CO2);113609;kg
2005;74634;Wavin Diensten BV;Hardenberg;Kooldioxide (CO2);6356000;kg
2005;74643;Plasticon The Netherlands B.V.;Oldenzaal;Kooldioxide (CO2);260806;kg
2005;74652;Krehalon B.V.;Deventer;Kooldioxide (CO2);1533000;kg
2005;75305;locatie Boeldershoek;Hengelo;Kooldioxide (CO2);235605241;kg
2005;75306;Van Heek textiles BV;Losser;Kooldioxide (CO2);2200;kg
2005;75316;Faber Vlagproduktie BV;Markelo;Kooldioxide (CO2);1480058;kg
2005;75342;FrieslandCampina Balkbrug;Balkbrug;Kooldioxide (CO2);9537186;kg
2005;75349;CZ Rouveen kaasspecialiteiten;Rouveen;Kooldioxide (CO2);1314806;kg
2005;81103;Norit Nederland B.V.;Klazienaveen;Kooldioxide (CO2);118680303;kg
2005;81104;DOC Kaas (Zuivelfabriek);Hoogeveen;Kooldioxide (CO2);17334000;kg
2005;81105;Diolen Industrial Fibers B.V.;Emmen;Kooldioxide (CO2);21943000;kg
2005;81202;AOC Nederland BV (Schoonebeek);Zandpol;Kooldioxide (CO2);13369000;kg
2005;81205;Init Polymers bv.(failliet per 01-08-08);Emmen;Kooldioxide (CO2);21990;kg
2005;82002;FrieslandCampina Domo B.V. (Beilen);Beilen;Kooldioxide (CO2);54465247;kg
2005;82603;Avebe u.a. (Gasselternijveen);Gasselternijveen;Kooldioxide (CO2);101654272;kg
2005;83019;Frico Cheese BV (Assen);Assen;Kooldioxide (CO2);1357106;kg
2005;83501;2 RG;Klazienaveen;Kooldioxide (CO2);8827118;kg
2005;84808;SOLIDUS SOLUTIONS Board B.V. Coevorden;Coevorden;Kooldioxide (CO2);25170884;kg
2005;84999;FrieslandCampina Kievit (Meppel);Meppel;Kooldioxide (CO2);14846344;kg
2005;85002;Attero BV;Wijster;Kooldioxide (CO2);499920000;kg
2005;85003;Envalior Engineering Materials B.V.;Emmen;Kooldioxide (CO2);3787000;kg
2005;85005;Friesland Foods Cheese;Meppel;Kooldioxide (CO2);348037;kg
2005;91505;N.V. Nederlandse Gasunie - compressorstation Aldeboarn;Aldeboarn;Kooldioxide (CO2);169259;kg
2005;92001;FrieslandCampina Cheese Gerkesklooster;Gerkesklooster;Kooldioxide (CO2);15298424;kg
2005;92004;Hochwald Foods Nederland BV;Bolsward;Kooldioxide (CO2);7223853;kg
2005;92008;Phoenix BV;Scharsterbrug;Kooldioxide (CO2);12012967;kg
2005;92012;FrieslandCampina (Leeuwarden);Leeuwarden;Kooldioxide (CO2);64061038;kg
2005;92015;FrieslandCampina Dronrijp;Dronryp;Kooldioxide (CO2);14637249;kg
2005;92030;FrieslandCampina (Workum);Workum;Kooldioxide (CO2);19202116;kg
2005;92615;Sonac Burgum BV;Sumar;Kooldioxide (CO2);14269026;kg
2005;94003;Centrale Bergum;Burgum;Kooldioxide (CO2);1020491000;kg
2005;94301;Huhtamaki Nederland B.V.;Franeker;Kooldioxide (CO2);14967681;kg
2005;94304;SCA Hygiene Products BV (Suameer);Sumar;Kooldioxide (CO2);2105802;kg
2005;94706;BASF Nederland B.V.;Heerenveen;Kooldioxide (CO2);7800753;kg
2005;101002;Henkel Nederland Operations B.V.;Scheemda;Kooldioxide (CO2);1766073;kg
2005;101103;BioMCN B.V.;Farmsum;Kooldioxide (CO2);485331420;kg
2005;101104;Dow Benelux B.V.;Delfzijl;Kooldioxide (CO2);10672157;kg
2005;101105;P.Q. Silicas B.V.;Winschoten;Kooldioxide (CO2);22745000;kg
2005;101108;Qemetica NL Silica bv;Delfzijl;Kooldioxide (CO2);37754034;kg
2005;101403;Reym Delfzijl;Delfzijl;Kooldioxide (CO2);6892268;kg
2005;101404;Delamine B.V.;Farmsum;Kooldioxide (CO2);1311702;kg
2005;101405;Electric Glass Fiber NL, B.V.;Westerbroek;Kooldioxide (CO2);43600746;kg
2005;101408;Nedmag B.V.;Veendam;Kooldioxide (CO2);93625000;kg
2005;101515;Gasunie Transport Services B.V. - compressorstation Spijk;Eemshaven;Kooldioxide (CO2);51517350;kg
2005;102001;FrieslandCampina Nederland B.V.;Bedum;Kooldioxide (CO2);20817678;kg
2005;102301;Suiker Unie (Groningen);Groningen;Kooldioxide (CO2);98087226;kg
2005;102302;Cosun Beet Company-Vierverlaten;Groningen;Kooldioxide (CO2);133678793;kg
2005;102620;Coöperatie AVEBE U.A.;Ter Apelkanaal;Kooldioxide (CO2);172039388;kg
2005;102621;Avebe u.a. (Foxhol);Foxhol;Kooldioxide (CO2);71954716;kg
2005;103009;KBM Master Alloys B.V.;Delfzijl;Kooldioxide (CO2);3200528;kg
2005;103010;DAMCO Aluminium Delfzijl Coöperatie U.A.;Farmsum;Kooldioxide (CO2);188293634;kg
2005;104001;ENGIE Energie Nederland NV;Eemshaven;Kooldioxide (CO2);4009482000;kg
2005;104003;Delesto B.V.;Farmsum;Kooldioxide (CO2);1893785272;kg
2005;104301;WKC De Eendracht;Appingedam;Kooldioxide (CO2);76610133;kg
2005;104302;Solidus Solutions Board Groningen-Hoogkerk;Groningen;Kooldioxide (CO2);27793000;kg
2005;104304;Eska B.V.;Hoogezand;Kooldioxide (CO2);78641570;kg
2005;104305;Eska B.V.;Sappemeer;Kooldioxide (CO2);35730012;kg
2005;104307;Solidus Board Bad Nieuweschans B.V.;Bad Nieuweschans;Kooldioxide (CO2);38525299;kg
2005;104511;Gasunie mengstation Kootstertille (FR);Kootstertille;Kooldioxide (CO2);18663;kg
2005;104521;FrieslandCampina Wolvega;Wolvega;Kooldioxide (CO2);425353;kg
2005;104527;Friese Ecologische Zuivel (Drachten);Drachten;Kooldioxide (CO2);268096;kg
2005;104710;ESD-SIC BV;Farmsum;Kooldioxide (CO2);143543380;kg
2005;105001;ChemCom Industries BV;Farmsum;Kooldioxide (CO2);2395300;kg
2005;105004;Teijin Aramid B.V.;Farmsum;Kooldioxide (CO2);18107000;kg
2005;105006;QEW Engineered Rubber B.V.;Hoogezand;Kooldioxide (CO2);495000;kg
2005;105007;FrieslandCampina Nederland B.V.;Marum;Kooldioxide (CO2);9031387;kg
2005;105014;Brunner Mond BV (inrichting bestaat niet meer);Farmsum;Kooldioxide (CO2);97123003;kg
2005;105016;Nobian Industrial Chemicals B.V. - SSC (Shared Service Center);Farmsum;Kooldioxide (CO2);14930144;kg
2005;105019;Friesland Foods Western Europe (Groningen);Groningen;Kooldioxide (CO2);2497652;kg
2005;105027;Kisuma Chemicals BV;Veendam;Kooldioxide (CO2);3690000;kg
2005;114001;Maxima-centrale;Lelystad;Kooldioxide (CO2);35370527;kg
2005;114002;Vattenfall Power Generation B.V. (HWC Hogering/WKC Almere);Almere;Kooldioxide (CO2);356754229;kg
2005;114720;Sonac Almere BV;Almere;Kooldioxide (CO2);5241216;kg
2005;114721;Alphen;Alphen;Kooldioxide (CO2);36079;kg
2005;114722;Waterschap Noorderzijlvest - RWZI Garmerwolde;Garmerwolde;Kooldioxide (CO2);11721565;kg
2005;114725;RWZI Ede;Ede;Kooldioxide (CO2);5590074;kg
2005;114726;RWZI Nieuwgraaf (Waterschap Rijn en IJssel);Duiven;Kooldioxide (CO2);6480407;kg
2005;114728;RWZI Nieuwveer;Breda;Kooldioxide (CO2);11762583;kg
2005;114729;RWZI Aarle-Rixtel (Waterschap Aa en Maas);Aarle-Rixtel;Kooldioxide (CO2);4502597;kg
2005;114731;RWZI Utrecht (Hoogheemraadschap de Stichtse Rijnlanden);Utrecht;Kooldioxide (CO2);13337317;kg
2005;114732;RWZI Venlo;Venlo;Kooldioxide (CO2);12680107;kg
2005;114733;RWZI Hoensbroek;Hoensbroek;Kooldioxide (CO2);9840217;kg
2005;114734;RWZI Enschede;Enschede;Kooldioxide (CO2);8197328;kg
2005;114735;AWZI De Groote Lucht (Hoogheemraadschap van Delfland);Vlaardingen;Kooldioxide (CO2);10608786;kg
2005;114737;AWZI Kralingseveer (Hoogheemraadschap van Schieland);Capelle aan den Ijssel;Kooldioxide (CO2);11466945;kg
2005;114739;Dienst Waterbeheer en Riolering;Amsterdam;Kooldioxide (CO2);19318766;kg
2005;114740;RWZI Susteren;Susteren;Kooldioxide (CO2);13453305;kg
2005;114741;RWZI Amersfoort;Amersfoort;Kooldioxide (CO2);5883952;kg
2005;114743;RWZI Dinther (Waterschap Aa en Maas);Heeswijk-Dinther;Kooldioxide (CO2);6394825;kg
2005;114744;Elsta P&U;Hoek;Kooldioxide (CO2);1729398000;kg
2005;114745;Komeco B.V.;Dronten;Kooldioxide (CO2);12100;kg
2005;114746;Luchthaven Lelystad NV;Lelystad;Kooldioxide (CO2);49415;kg
2005;114747;PeakShaver Maasvlakte;Maasvlakte Rotterdam;Kooldioxide (CO2);1205251;kg
2005;114751;Bieze Stork B.V.;Nijverdal;Kooldioxide (CO2);20300;kg
2005;114754;Tarkett lokatie Waalwijk;Waalwijk;Kooldioxide (CO2);1649000;kg
2005;114755;Synthomer Hasselt BV;Hasselt;Kooldioxide (CO2);20403;kg
2005;114757;Eurogen CV;Botlek Rotterdam;Kooldioxide (CO2);490178000;kg
2005;114762;Tapijtfabriek Intercarpet B.V.;Aalten;Kooldioxide (CO2);769313;kg
2005;114763;de Ploeg BV;Bergeijk;Kooldioxide (CO2);521230;kg
2005;114767;AWZI Houtrust (Hoogheemraadschap van Delfland);'s-Gravenhage;Kooldioxide (CO2);64335632;kg
2005;114768;MediaMotion Manufacturing B.V.;Uden;Kooldioxide (CO2);1811879;kg
2005;114770;Mitsubishi Chemical Advanced Materials B.V.;Almelo;Kooldioxide (CO2);876926;kg
2005;114771;Mauser Benelux BV;Oosterhout;Kooldioxide (CO2);166792;kg
2005;114772;Fenner Dunlop Conveyor Belting;Drachten;Kooldioxide (CO2);4218200;kg
2005;114777;KIVO Plastic Verpakkingen;Volendam;Kooldioxide (CO2);189300;kg
2005;115026;Dokkumer Vlaggen Centrale BV;Dokkum;Kooldioxide (CO2);514512;kg
2005;115034;Maastricht Aachen Airport (MAA);Maastricht-Airport;Kooldioxide (CO2);1334117;kg
2005;115036;LyondellBasell Covestro Manufacturing Maasvlakte VOF;Maasvlakte Rotterdam;Kooldioxide (CO2);13678909;kg
2005;115040;Bonar Plastics B.V.;Deventer;Kooldioxide (CO2);4332;kg
2005;115042;Dyka;Steenwijk;Kooldioxide (CO2);460454;kg
2005;115044;EcoTherm B.V.;Winterswijk;Kooldioxide (CO2);409;kg
2005;115045;Primo Netherlands B.V.;Buitenpost;Kooldioxide (CO2);359;kg
2005;115047;Helvoet Rubber & Plastic Technologies B.V.;Hellevoetsluis;Kooldioxide (CO2);0;kg
2005;115048;Carlisle Construction Materials BV;Kampen;Kooldioxide (CO2);738530;kg
2005;115049;Holonite BV (Tholen);Tholen;Kooldioxide (CO2);154522;kg
2005;115050;Holonite BV (Halsteren);Halsteren;Kooldioxide (CO2);123717;kg
2005;115052;Meldon Plastics B.V.;Bergen L;Kooldioxide (CO2);120000;kg
2005;115053;Burgers Flexiprint;Putten;Kooldioxide (CO2);923000;kg
2005;115056;Pregis B.V.;Eerbeek;Kooldioxide (CO2);3685;kg
2005;115057;Parker Hannifin Manufacturing Netherlands (Hose) BV;Hoogezand;Kooldioxide (CO2);698;kg
2005;115059;Plasthill BV;Hillegom;Kooldioxide (CO2);27000;kg
2005;115063;Eagle Simrax BV;Kerkrade;Kooldioxide (CO2);556290;kg
2005;115064;Synprodo Produktie BV;Wijchen;Kooldioxide (CO2);7714000;kg
2005;115066;Trespa International BV;Weert;Kooldioxide (CO2);2941000;kg
2005;115067;Unidek Produktie / Van Dijk Produktie B.V.;Gemert;Kooldioxide (CO2);5365241;kg
2005;115068;Verpakkingsindustrie Velsen BV;Wieringerwerf;Kooldioxide (CO2);146020;kg
2005;115069;Vernay Europa BV;Oldenzaal;Kooldioxide (CO2);102241;kg
2005;115079;Rinos BV;Genemuiden;Kooldioxide (CO2);935970;kg
2005;115098;MCi (Mirror Controls International) Netherlands BV;Montfoort;Kooldioxide (CO2);215042;kg
2005;115108;Koninklijke Verpakkingsindustrie Stempher BV ( papier );Rijssen;Kooldioxide (CO2);318448;kg
2005;115143;FrieslandCampina Cheese BV (Leerdam);Leerdam;Kooldioxide (CO2);265059;kg
2005;115155;Avebe b.a. (Latenstein);Nijmegen;Kooldioxide (CO2);32053;kg
2005;115180;apt Extrusions B.V.;Roermond;Kooldioxide (CO2);5616889;kg
2005;115181;EP NL Rijnmond 1 B.V.;Vondelingenplaat Rotterdam;Kooldioxide (CO2);1944552124;kg
2005;115182;Mestdrogerij Hubun;Bunschoten-Spakenburg;Kooldioxide (CO2);3118827;kg
2005;115184;RWZI Land van Cuijk (Waterschap Aa en Maas);Haps;Kooldioxide (CO2);4739095;kg
2005;115185;DOC Kaas (Zuivelpark);Hoogeveen;Kooldioxide (CO2);31958310;kg
2005;115186;Yara Vlaardingen BV;Vlaardingen;Kooldioxide (CO2);724096;kg
2005;200155;KH de Jong VVL (FrieslandCampina);Drachten;Kooldioxide (CO2);209027;kg
2005;200214;Gasunie Exportstation Hilvarenbeek;Esbeek;Kooldioxide (CO2);8834;kg
2005;200781;FNsteel BV;Alblasserdam;Kooldioxide (CO2);23929100;kg
2005;201639;Solidus Solutions Board Oude Pekela;Oude Pekela;Kooldioxide (CO2);39245972;kg
2005;220124;AWZI Almere;Almere;Kooldioxide (CO2);4895050;kg
2005;220150;Hoogheemraadschap Hollands Noorderkwartier SDI/RWZI Beverwijk;Beverwijk;Kooldioxide (CO2);33208217;kg
2005;220264;Rioolwaterzuiveringsinstallatie Hengelo;Hengelo;Kooldioxide (CO2);1484450;kg
2005;220387;RWZI Den Bosch (Waterschap Aa en Maas);'s-Hertogenbosch;Kooldioxide (CO2);7375159;kg
2006;60;Sappi Maastricht BV;Maastricht;Kooldioxide (CO2);245634564;kg
2006;61;Rubber Resources BV;Maastricht;Kooldioxide (CO2);980654;kg
2006;62;Chemelot Site Permit BV;Geleen;Kooldioxide (CO2);3818456000;kg
2006;65;PQ Silicas BV;Eijsden;Kooldioxide (CO2);36608527;kg
2006;66;Marsna Paper B.V.;Meerssen;Kooldioxide (CO2);12733029;kg
2006;84;BASF Nederland B.V.;Maastricht;Kooldioxide (CO2);5828577;kg
2006;90;VDL Castings Heerlen BV;Hoensbroek;Kooldioxide (CO2);27097260;kg
2006;113;VDL Nedcar B.V.;Born;Kooldioxide (CO2);16359808;kg
2006;148;ENCI BV (Maastricht);Maastricht;Kooldioxide (CO2);696849500;kg
2006;151;O-I Netherlands BV (Maastricht);Maastricht;Kooldioxide (CO2);96565446;kg
2006;159;Fenzi AGT Netherlands B.V.;Maastricht;Kooldioxide (CO2);4329847;kg
2006;174;Tata Steel Nederland Tubes BV locatie Maastricht;Maastricht;Kooldioxide (CO2);920000;kg
2006;325;Lawter Maastricht BV;Maastricht;Kooldioxide (CO2);3677600;kg
2006;1104;Solvay Chemie BV;Herten;Kooldioxide (CO2);2676021;kg
2006;1107;Nouryon Functional Chemicals B.V.;Herkenbosch;Kooldioxide (CO2);12864000;kg
2006;1404;DSM Pharma Chemicals Venlo BV;Venlo;Kooldioxide (CO2);7440000;kg
2006;3509;VDL Castings Weert BV;Weert;Kooldioxide (CO2);188239;kg
2006;3513;MGG Netherlands BV;Tegelen;Kooldioxide (CO2);5901856;kg
2006;4001;Clauscentrale;Maasbracht;Kooldioxide (CO2);1434676362;kg
2006;4301;Smurfit Westrock Roermond Paper BV;Roermond;Kooldioxide (CO2);166012823;kg
2006;4753;Rockwool B.V.;Roermond;Kooldioxide (CO2);162744000;kg
2006;5727;EverZinc Nederland B.V.;Eijsden;Kooldioxide (CO2);22290000;kg
2006;5729;Celanese Production Netherlands B.V.;Geleen;Kooldioxide (CO2);0;kg
2006;5740;WEPA Nederland B.V.;Swalmen;Kooldioxide (CO2);24636435;kg
2006;5743;Walkro Blitterswijck BV;Blitterswijck;Kooldioxide (CO2);602184;kg
2006;5746;Nuon Power Generation BV (Buggenum);Haelen;Kooldioxide (CO2);1147783482;kg
2006;5750;FrieslandCampina Born;Born;Kooldioxide (CO2);6579414;kg
2006;5804;PQ Nederland BV;Maastricht;Kooldioxide (CO2);5714747;kg
2006;9014;Essent Productie Geleen B.V.;Geleen;Kooldioxide (CO2);740111373;kg
2006;10001;Nobian Industrial Chemicals BV (Rotterdam);Botlek Rotterdam;Kooldioxide (CO2);203210385;kg
2006;10002;Nouryon Performance Formulations b.v.;Europoort Rotterdam;Kooldioxide (CO2);16000;kg
2006;10003;Synres B.V.;Hoek Van Holland;Kooldioxide (CO2);7675004;kg
2006;10004;Lyondell Chemical Nederland Ltd.;Botlek Rotterdam;Kooldioxide (CO2);128124230;kg
2006;10005;LBC Rotterdam BV;Botlek Rotterdam;Kooldioxide (CO2);4882000;kg
2006;10006;Shell Nederland Chemie BV (Pernis);Vondelingenplaat Rotterdam;Kooldioxide (CO2);38120000;kg
2006;10016;Climax Molybdenum BV;Botlek Rotterdam;Kooldioxide (CO2);8014093;kg
2006;10017;Evonik Carbon Black Nederland BV;Botlek Rotterdam;Kooldioxide (CO2);149482000;kg
2006;10042;Kemira Rotterdam B.V. - locatie Botlek;Botlek Rotterdam;Kooldioxide (CO2);858315;kg
2006;10057;Shell Nederland Raffinaderij BV;Vondelingenplaat Rotterdam;Kooldioxide (CO2);5256950084;kg
2006;10058;BP Raffinaderij Rotterdam B.V.;Europoort Rotterdam;Kooldioxide (CO2);2048257000;kg
2006;10059;Gunvor Energy Rotterdam B.V. (GPR);Europoort Rotterdam;Kooldioxide (CO2);535034000;kg
2006;10061;Esso Nederland BV (Raffinaderij Rotterdam);Botlek Rotterdam;Kooldioxide (CO2);2232062384;kg
2006;10062;ExxonMobil Chemical Holland BV (RAP);Botlek Rotterdam;Kooldioxide (CO2);415754000;kg
2006;10063;AVR-Afvalverwerking;Botlek Rotterdam;Kooldioxide (CO2);1141557701;kg
2006;10064;Almatis BV;Botlek Rotterdam;Kooldioxide (CO2);23179311;kg
2006;10066;Kemira Rotterdam BV locatie Europoort;Europoort Rotterdam;Kooldioxide (CO2);10076783;kg
2006;10073;Tronox Pigments (Holland) BV;Botlek Rotterdam;Kooldioxide (CO2);93876470;kg
2006;10076;HVC AfvalEnergieCentrale Dordrecht;Dordrecht;Kooldioxide (CO2);173336350;kg
2006;10078;Ruigenhil Vastgoed B.V. (Nedstaal/FNSteel/Heros);Alblasserdam;Kooldioxide (CO2);26712379;kg
2006;10079;Chemours Netherlands B.V.;Dordrecht;Kooldioxide (CO2);226430178;kg
2006;10082;Akzo Nobel Car Refinishes B.V.;Sassenheim;Kooldioxide (CO2);4234735;kg
2006;10086;NV Nutricia Zoetermeer;Zoetermeer;Kooldioxide (CO2);12472219;kg
2006;10097;SD Guthrie International Zwijndrecht Refinery B.V.;Zwijndrecht;Kooldioxide (CO2);51362184;kg
2006;10100;Bakelite Botlek Rotterdam;Botlek Rotterdam;Kooldioxide (CO2);525000;kg
2006;10546;Lactalis Leerdammer BV (Schoonrewoerd);Schoonrewoerd;Kooldioxide (CO2);11548396;kg
2006;10590;FrieslandCampina Rotterdam;Rotterdam;Kooldioxide (CO2);2678010;kg
2006;10615;ENCI BV (Rotterdam);Botlek Rotterdam;Kooldioxide (CO2);12563970;kg
2006;10621;Hunter Douglas Europe BV;Rotterdam;Kooldioxide (CO2);15823369;kg
2006;10687;Biotech Campus Delft;Delft;Kooldioxide (CO2);111403600;kg
2006;10689;Air Products Nederland BV (Botlek);Botlek Rotterdam;Kooldioxide (CO2);348000000;kg
2006;10698;Cargill Bioindustrial BV;Gouda;Kooldioxide (CO2);52645317;kg
2006;10722;O-I Manufacturing Netherlands BV Schiedam;Schiedam;Kooldioxide (CO2);65734449;kg
2006;10723;O-I Netherlands BV (Leerdam);Leerdam;Kooldioxide (CO2);113885894;kg
2006;10728;Cargill Refined Oils Europe;Botlek Rotterdam;Kooldioxide (CO2);21738;kg
2006;10738;Cerexagri BV / ARKEMA Rotterdam BV;Vondelingenplaat Rotterdam;Kooldioxide (CO2);9199720;kg
2006;10793;Tata Steel Nederland Tubes BV locatie Zwijndrecht;Zwijndrecht;Kooldioxide (CO2);1238523;kg
2006;10815;AVR NV (Rotterdam);Rotterdam;Kooldioxide (CO2);311000000;kg
2006;10921;Damen Shiprepair Rotterdam BV;Schiedam;Kooldioxide (CO2);618830;kg
2006;10928;Aluminium & Chemie Rotterdam B.V.;Botlek Rotterdam;Kooldioxide (CO2);218000000;kg
2006;10971;Ferro (Holland) B.V. (HS);Rotterdam;Kooldioxide (CO2);7868000;kg
2006;10972;Ferro (Holland) B.V. (IW);Rotterdam;Kooldioxide (CO2);212704;kg
2006;10998;Draka Interfoam;Hillegom;Kooldioxide (CO2);1078800;kg
2006;11024;Cabot B.V.;Botlek Rotterdam;Kooldioxide (CO2);249338381;kg
2006;11090;Chane Terminal Botlek B.V.;Botlek Rotterdam;Kooldioxide (CO2);29551000;kg
2006;11105;Heineken Netherlands Supply B.V., brouwerij Zoeterwoude;Zoeterwoude;Kooldioxide (CO2);68684492;kg
2006;11111;Ashland Industries Nederland B.V.;Zwijndrecht;Kooldioxide (CO2);18690447;kg
2006;11230;Damen Verolme BV;Botlek Rotterdam;Kooldioxide (CO2);3044050;kg
2006;11366;LANXESS Rotterdam Botlek;Botlek Rotterdam;Kooldioxide (CO2);129679400;kg
2006;12134;Archer Daniels Midland Europoort BV (ADM);Europoort Rotterdam;Kooldioxide (CO2);186549039;kg
2006;12135;ExxonMobil Chemical Holland BV (ROP van RPI);Europoort Rotterdam;Kooldioxide (CO2);58051000;kg
2006;12147;E.ON Warmte Station Galileistraat;Rotterdam;Kooldioxide (CO2);443253555;kg
2006;12149;Uniper Benelux NV (Maasvlakte);Maasvlakte Rotterdam;Kooldioxide (CO2);6438010000;kg
2006;12150;Uniper Centrale RoCa;Rotterdam;Kooldioxide (CO2);679348680;kg
2006;12157;HVC ZVI B.V.;Dordrecht;Kooldioxide (CO2);9934391;kg
2006;12158;HVC Slibverbrandingsinstallatie;Dordrecht;Kooldioxide (CO2);92700000;kg
2006;12162;Evos Rotterdam B.V.;Europoort Rotterdam;Kooldioxide (CO2);8256380;kg
2006;12167;UZIMET BV;Rijswijk;Kooldioxide (CO2);523030;kg
2006;12168;INV NYLON CHEMICALS NETHERLANDS B.V.;Botlek Rotterdam;Kooldioxide (CO2);6304347;kg
2006;12170;FrieslandCampina Maasdam;Maasdam;Kooldioxide (CO2);4388650;kg
2006;12171;Zuivelfabriek De Graafstroom;Bleskensgraaf Ca;Kooldioxide (CO2);3527589;kg
2006;12172;Promelca B.V. (Gorinchem);Gorinchem;Kooldioxide (CO2);26362000;kg
2006;12174;Ducor Petrochemicals B.V.;Botlek Rotterdam;Kooldioxide (CO2);8972700;kg
2006;12175;Air Liquide Industrie BV;Botlek Rotterdam;Kooldioxide (CO2);109000;kg
2006;12176;Air Products Nederland BV (Pernis);Vondelingenplaat Rotterdam;Kooldioxide (CO2);552000000;kg
2006;12177;VPR Energy B.V.;Europoort Rotterdam;Kooldioxide (CO2);93637033;kg
2006;19004;ExxonMobil Chemical Holland BV (RPP van RPI);Botlek Rotterdam;Kooldioxide (CO2);52538000;kg
2006;19070;Indorama Ventures Europe BV;Europoort Rotterdam;Kooldioxide (CO2);57777915;kg
2006;19071;Shin-Etsu PVC BV (VCM Botlek);Botlek Rotterdam;Kooldioxide (CO2);80747500;kg
2006;19072;FrieslandCampina Nederland B.V.;Noordwijk;Kooldioxide (CO2);1385304;kg
2006;19073;Westlake Epoxy B.V.;Vondelingenplaat Rotterdam;Kooldioxide (CO2);47964880;kg
2006;21010;Sonneborn Refined Products BV (Amsterdam);Amsterdam;Kooldioxide (CO2);22024701;kg
2006;21011;Rütgers Resins B.V.;Uithoorn;Kooldioxide (CO2);23269000;kg
2006;21101;Ketjen Netherlands BV;Amsterdam;Kooldioxide (CO2);88157483;kg
2006;21102;ICL FERTILIZERS EUROPE C.V.;Amsterdam;Kooldioxide (CO2);12288000;kg
2006;21103;DSM Agro BV;Velsen-Noord;Kooldioxide (CO2);12406014;kg
2006;21301;LANXESS Manufacturing Netherlands BV;Amsterdam;Kooldioxide (CO2);4062873;kg
2006;21302;Abbott Healthcare Products BV (Weesp);Weesp;Kooldioxide (CO2);18347000;kg
2006;21304;Givaudan Nederland B.V. (Naarden);Naarden;Kooldioxide (CO2);9778637;kg
2006;21403;Norit Nederland BV (Zaandam);Zaandam;Kooldioxide (CO2);36848755;kg
2006;21528;N.V. Nederlandse Gasunie (Wieringermeer);Middenmeer;Kooldioxide (CO2);4060851;kg
2006;21529;Gasunie Transport Services B.V.;Heemskerk;Kooldioxide (CO2);25596213;kg
2006;21530;OQ Chemicals Nederland BV;Amsterdam;Kooldioxide (CO2);1647839;kg
2006;22002;Campina BV (Heiloo);Heiloo;Kooldioxide (CO2);2218252;kg
2006;22006;FrieslandCampina Nederland B.V. Lutjewinkel;Lutjewinkel;Kooldioxide (CO2);6019009;kg
2006;22008;Kaptein PCF;Oosthuizen;Kooldioxide (CO2);585793;kg
2006;22010;DMV International, locatie Uitgeest;Uitgeest;Kooldioxide (CO2);1495000;kg
2006;22011;CONO Kaasmakers (Stompetoren);Stompetoren;Kooldioxide (CO2);524145;kg
2006;22012;CONO Kaasmakers (Middenbeemster);Westbeemster;Kooldioxide (CO2);7398557;kg
2006;22102;Bunge Loders Croklaan Worrmerveer;Wormerveer;Kooldioxide (CO2);32161000;kg
2006;22602;Tate & Lyle Netherlands BV;Koog aan de Zaan;Kooldioxide (CO2);75854879;kg
2006;22617;Bunge Netherlands BV;Amsterdam;Kooldioxide (CO2);70401949;kg
2006;22626;Cargill BV (Multiseed);Amsterdam;Kooldioxide (CO2);30303900;kg
2006;23301;Tata Steel IJmuiden BV;Velsen-Noord;Kooldioxide (CO2);6264968249;kg
2006;24000;Vattenfall Power Generation B.V. (Hemweg);Amsterdam;Kooldioxide (CO2);2968666061;kg
2006;24002;Vattenfall Power Generation B.V. (Diemen);Diemen;Kooldioxide (CO2);574628110;kg
2006;24003;Vattenfall Power Generation B.V. (Velsen);Velsen-Noord;Kooldioxide (CO2);3600262478;kg
2006;24007;Nuon Power Generation BV Purmerend WKC;Purmerend;Kooldioxide (CO2);138992025;kg
2006;24302;Crown van Gelder International B.V.;Velsen-Noord;Kooldioxide (CO2);140408000;kg
2006;24601;Renolit Nederland BV;Enkhuizen;Kooldioxide (CO2);4145262;kg
2006;24605;Forbo Flooring BV;Assendelft;Kooldioxide (CO2);14436547;kg
2006;24606;BN International BV;Huizen;Kooldioxide (CO2);7902000;kg
2006;24714;ENCI BV (IJmuiden);Velsen-Noord;Kooldioxide (CO2);21132531;kg
2006;28070;Alpha Assembly Solutions Netherlands BV;Naarden;Kooldioxide (CO2);1644458;kg
2006;28085;AEB Amsterdam;Amsterdam;Kooldioxide (CO2);883329000;kg
2006;28087;Schiphol Nederland BV;Schiphol;Kooldioxide (CO2);34309648;kg
2006;28091;HVC N.V.;Alkmaar;Kooldioxide (CO2);526430560;kg
2006;28097;A-ware Zaandam BV;Zaandam;Kooldioxide (CO2);553;kg
2006;28175;Waeles Nederland BV;Nieuw-Vennep;Kooldioxide (CO2);400225;kg
2006;28176;Vattenfall Power Generation B.V. (IJmond 1);Velsen-Noord;Kooldioxide (CO2);1680117915;kg
2006;28177;Shipdock BV;Amsterdam;Kooldioxide (CO2);318826;kg
2006;31306;Pembroek B.V.;Loosdrecht;Kooldioxide (CO2);48140;kg
2006;31311;CARBOGEN AMCIS B.V.;Veenendaal;Kooldioxide (CO2);2077125;kg
2006;31402;SC Johnson Europlant B.V.;Mijdrecht;Kooldioxide (CO2);3491446;kg
2006;33309;Bammens BV;Maarssen;Kooldioxide (CO2);1339161;kg
2006;34108;Pharr Holland B.V.;Veenendaal;Kooldioxide (CO2);2198798;kg
2006;34111;Lantor BV;Veenendaal;Kooldioxide (CO2);2656724;kg
2006;39103;Koninklijke ERU Kaasfabriek B.V.;Woerden;Kooldioxide (CO2);529658;kg
2006;39111;NEDAL Aluminium BV (Utrecht);Utrecht;Kooldioxide (CO2);2692884;kg
2006;41002;Sibelco Geertruidenberg;Geertruidenberg;Kooldioxide (CO2);1533000;kg
2006;41003;Shell Nederland Chemie BV (Moerdijk);Moerdijk;Kooldioxide (CO2);2610694482;kg
2006;41101;SABIC Innovative Plastics BV;Bergen op Zoom;Kooldioxide (CO2);508775198;kg
2006;41102;Allnex Netherlands B.V.;Bergen op Zoom;Kooldioxide (CO2);13081000;kg
2006;41103;Synthos Breda BV;Breda;Kooldioxide (CO2);9806389;kg
2006;41106;IFF Nederland BV;Tilburg;Kooldioxide (CO2);8939514;kg
2006;41108;Caldic Chemie Produktie BV;Zevenbergen;Kooldioxide (CO2);9646590;kg
2006;41307;Aspen Oss B.V.;Oss;Kooldioxide (CO2);30512000;kg
2006;41402;Trobas Gelatine B.V.;Dongen;Kooldioxide (CO2);7688374;kg
2006;41428;Covestro (Netherlands) B.V., vestiging Waalwijk;Waalwijk;Kooldioxide (CO2);5223435;kg
2006;41429;Stahl Europe BV;Waalwijk;Kooldioxide (CO2);1146953;kg
2006;41502;Ravenstein;Ravenstein;Kooldioxide (CO2);126228298;kg
2006;41521;Afvalstoffen Terminal Moerdijk BV (ATM);Moerdijk;Kooldioxide (CO2);173920164;kg
2006;42022;Nutricia Cuijk B.V.;Cuijk;Kooldioxide (CO2);7421014;kg
2006;42034;FrieslandCampina DMV B.V.;Veghel;Kooldioxide (CO2);128630000;kg
2006;42309;CSM Suiker BV (Wittouck);Breda;Kooldioxide (CO2);3155412;kg
2006;42310;Cosun Beet Company-Dinteloord;Dinteloord;Kooldioxide (CO2);109716000;kg
2006;42408;Swinkels Family Brewers N.V.;Lieshout;Kooldioxide (CO2);50949862;kg
2006;42629;Cargill BV;Bergen op Zoom;Kooldioxide (CO2);66824757;kg
2006;42834;Rendac Son BV;Son en Breugel;Kooldioxide (CO2);8828000;kg
2006;43002;Mannesmann Precision Tubes Netherlands BV;Helmond;Kooldioxide (CO2);2960955;kg
2006;43003;Tata Steel Nederland Tubes BV locatie Oosterhout;Oosterhout;Kooldioxide (CO2);12557536;kg
2006;43013;Nyrstar Budel BV;Budel-Dorplein;Kooldioxide (CO2);53993000;kg
2006;43403;DAF Trucks N.V.;Eindhoven;Kooldioxide (CO2);16863086;kg
2006;43511;Wartsila Netherlands BV;Drunen;Kooldioxide (CO2);2996801;kg
2006;43513;LDM b.v.;Drunen;Kooldioxide (CO2);1286937;kg
2006;43856;Hydro Extrusion Drunen;Drunen;Kooldioxide (CO2);13674545;kg
2006;44004;Amer Centrale;Geertruidenberg;Kooldioxide (CO2);6272845267;kg
2006;44005;Essent Energie Productie BV (Dongecentrale);Geertruidenberg;Kooldioxide (CO2);96950000;kg
2006;44006;RWZI Oijen (Waterschap Aa en Maas);Oijen;Kooldioxide (CO2);4943796;kg
2006;44007;PreZero Energy Roosendaal B.V.;Roosendaal;Kooldioxide (CO2);73406735;kg
2006;44009;BV Afvalverbranding Zuid Nederland (AZN);Moerdijk;Kooldioxide (CO2);656899502;kg
2006;44142;Tricot Industrie Grave B.V.;Grave;Kooldioxide (CO2);491315;kg
2006;44162;Vlisco Netherlands BV;Helmond;Kooldioxide (CO2);17512730;kg
2006;44171;Kon. Textielfabr. J.A. Raymakers & Co BV (veredeling);Helmond;Kooldioxide (CO2);189;kg
2006;44772;Ardagh Glass Dongen BV;Dongen;Kooldioxide (CO2);86240957;kg
2006;44773;Saint Gobain Construction Products NL BV;Etten-Leur;Kooldioxide (CO2);59038765;kg
2006;45112;OPTICOLOR International B.V.;Mierlo;Kooldioxide (CO2);7;kg
2006;45669;Caligen Europe BV;Breda;Kooldioxide (CO2);314760;kg
2006;45672;CurTec Nederland bv;Rijen;Kooldioxide (CO2);274007;kg
2006;47001;Slibverwerking Noord-Brabant NV;Moerdijk;Kooldioxide (CO2);129000000;kg
2006;48002;Unipol Holland BV;Oss;Kooldioxide (CO2);3774560;kg
2006;48018;FUJIFILM Manufacturing Europe B.V.;Tilburg;Kooldioxide (CO2);45985684;kg
2006;48020;CNC;Moerdijk;Kooldioxide (CO2);286706977;kg
2006;48022;Dr. W. Kolb Nederland BV;Klundert;Kooldioxide (CO2);1620106;kg
2006;48023;FrieslandCampina Rijkevoort (Holland Cheese);Rijkevoort;Kooldioxide (CO2);8867000;kg
2006;48024;Essity Operations Cuijk B.V.;Katwijk NB;Kooldioxide (CO2);18317016;kg
2006;48029;FrieslandCampina Eindhoven (Consumer Products Europe);Eindhoven;Kooldioxide (CO2);4285733;kg
2006;48031;FrieslandCampina Butter & Milkpowder - Den Bosch;'s-Hertogenbosch;Kooldioxide (CO2);3382954;kg
2006;48040;FrieslandCampina Tilburg (Holland Cheese);Tilburg;Kooldioxide (CO2);4351058;kg
2006;48051;KBM Master Alloys BV (Oss);Oss;Kooldioxide (CO2);703350;kg
2006;48055;Johan van den Acker Textielfabriek BV;Gemert;Kooldioxide (CO2);497066;kg
2006;48073;Nedzink BV;Budel-Dorplein;Kooldioxide (CO2);2122000;kg
2006;48125;Leo Schellens BV;Helmond;Kooldioxide (CO2);1589464;kg
2006;48147;Van Oerle Alberton BV (Boxtel);Boxtel;Kooldioxide (CO2);2487247;kg
2006;48156;Textielfabrieken H. van Puijenbroek BV;Goirle;Kooldioxide (CO2);3723850;kg
2006;49006;WKC Moerdijk;Moerdijk;Kooldioxide (CO2);525715972;kg
2006;49010;Basell Benelux B.V.;Moerdijk;Kooldioxide (CO2);7000000;kg
2006;49017;Merck Sharp & Dohme B.V.;Oss;Kooldioxide (CO2);5116000;kg
2006;49027;FrieslandCampina Nuenen;Nuenen;Kooldioxide (CO2);592069;kg
2006;49043;Albers Organic Minerals;Zeeland;Kooldioxide (CO2);1300381;kg
2006;51101;Synthomer Middelburg BV;Middelburg;Kooldioxide (CO2);47764180;kg
2006;51102;Rosier Nederland B.V.;Sas Van GEnt;Kooldioxide (CO2);18226335;kg
2006;51104;Dow Benelux BV (Hoek);Hoek;Kooldioxide (CO2);3169677135;kg
2006;51105;YARA Sluiskil BV;Sluiskil;Kooldioxide (CO2);2390024526;kg
2006;51107;ARKEMA B.V. location Vlissingen;Vlissingen;Kooldioxide (CO2);7564689;kg
2006;51404;ICL-IP Terneuzen BV;Terneuzen;Kooldioxide (CO2);17693467;kg
2006;51501;Zeeland Refinery N.V.;Nieuwdorp;Kooldioxide (CO2);1531860447;kg
2006;52612;Cargill Benelux BV;Sas Van GEnt;Kooldioxide (CO2);222133635;kg
2006;53129;Damen Schelde Naval Shipbuilding B.V. en Damen Shiprepair Vlissingen B.V.;Ritthem;Kooldioxide (CO2);2638810;kg
2006;53504;Zeeland Aluminium Company (Zalco BV);Vlissingen;Kooldioxide (CO2);359110920;kg
2006;54001;EPZ NV (Conventional Operations);Borssele;Kooldioxide (CO2);1342102000;kg
2006;56118;Stepan Nederland BV;Ritthem;Kooldioxide (CO2);14681930;kg
2006;56119;Decontamination Services BV;Ritthem;Kooldioxide (CO2);23863377;kg
2006;56120;Sea Way Chemical Processing B.V.;Ritthem;Kooldioxide (CO2);642801;kg
2006;56121;ThermPhos International BV;Ritthem;Kooldioxide (CO2);932450935;kg
2006;56129;Fleuren Compost BV;Middelharnis;Kooldioxide (CO2);103008;kg
2006;61302;N.V. Organon vergunning ingetrokken;Apeldoorn;Kooldioxide (CO2);1830000;kg
2006;61407;SABA Dinxperlo BV;Dinxperlo;Kooldioxide (CO2);480313;kg
2006;61411;Sonac Vuren BV;Vuren;Kooldioxide (CO2);24944243;kg
2006;61418;SACHEM Europe BV;Zaltbommel;Kooldioxide (CO2);3552050;kg
2006;61424;Veolia Industriediensten BV;Arnhem;Kooldioxide (CO2);126786357;kg
2006;61426;CP Kelco;Nijmegen;Kooldioxide (CO2);1065000;kg
2006;61517;Gasunie Zweekhorst;Zevenaar;Kooldioxide (CO2);586718;kg
2006;62009;FrieslandCampina Butter&Milkpowder (Lochem);Lochem;Kooldioxide (CO2);36442711;kg
2006;62010;Nestlé Nederland BV (Nunspeet);Nunspeet;Kooldioxide (CO2);11737824;kg
2006;62013;FrieslandCampina Steenderen;Steenderen;Kooldioxide (CO2);4161598;kg
2006;62025;FrieslandCampina (Borculo);Borculo;Kooldioxide (CO2);62499408;kg
2006;62031;Arla Foods BV;Nijkerk;Kooldioxide (CO2);13376742;kg
2006;63012;KME Netherlands B.V.;Zutphen;Kooldioxide (CO2);6259499;kg
2006;63504;Gieterij Doesburg BV;Doesburg;Kooldioxide (CO2);2368758;kg
2006;63505;Vulcanus Castings BV;Doetinchem;Kooldioxide (CO2);13951398;kg
2006;63508;Nijmeegsche IJzergieterij BV;Nijmegen;Kooldioxide (CO2);7174810;kg
2006;63509;LF Casting B.V.;Terborg;Kooldioxide (CO2);2431230;kg
2006;63601;Hydro Extrusion Harderwijk;Harderwijk;Kooldioxide (CO2);12098243;kg
2006;64001;Centrale Gelderland;Nijmegen;Kooldioxide (CO2);3398933000;kg
2006;64004;AVR Afvalverwerking BV (Duiven);Duiven;Kooldioxide (CO2);497378000;kg
2006;64005;ARN B.V.;Weurt;Kooldioxide (CO2);319606275;kg
2006;64302;Favini B.V. (Apeldoorn);Apeldoorn;Kooldioxide (CO2);24293494;kg
2006;64304;Papierfabriek Doetinchem bv;Doetinchem;Kooldioxide (CO2);30786332;kg
2006;64307;Schut Papier B.V.;Heelsum;Kooldioxide (CO2);1377983;kg
2006;64308;Sappi Nijmegen BV/InnovioPapers;Nijmegen;Kooldioxide (CO2);88473000;kg
2006;64335;DS Smith De Hoop B.V.;Eerbeek;Kooldioxide (CO2);228646797;kg
2006;64345;Folding Boxboard Eerbeek bv;Eerbeek;Kooldioxide (CO2);45744968;kg
2006;64353;Stora Enso;Wapenveld;Kooldioxide (CO2);254791470;kg
2006;64354;VHP Security Paper B.V.;Ugchelen;Kooldioxide (CO2);5211366;kg
2006;64360;Smurfit Westrock Parenco B.V.;Renkum;Kooldioxide (CO2);274419100;kg
2006;64633;Aquinos BV (Kesteren);Kesteren;Kooldioxide (CO2);2302310;kg
2006;64735;AGC Flatglass Nederland BV;Tiel;Kooldioxide (CO2);121014109;kg
2006;66201;Coldenhove Paper B.V.;Eerbeek;Kooldioxide (CO2);17059000;kg
2006;66206;TANATEX Chemicals BV;Ede;Kooldioxide (CO2);729527;kg
2006;66220;Smart Packaging Solutions B.V.;Loenen;Kooldioxide (CO2);12335930;kg
2006;66239;Mead Johnson B.V.;Nijmegen;Kooldioxide (CO2);7152905;kg
2006;66253;Stichting Mestverwerking Gelderland SMG (KGBI Stroe);Stroe;Kooldioxide (CO2);2700000;kg
2006;66323;Stichting Mestverwerking Gelderland SMG (KGBI Ede);Ede;Kooldioxide (CO2);2200000;kg
2006;66325;Stichting Mestverwerking Gelderland SMG (KGBI Elspeet);Elspeet;Kooldioxide (CO2);1900000;kg
2006;66326;Stichting Mestverwerking Gelderland SMG (KGBI Putten);Putten;Kooldioxide (CO2);1600000;kg
2006;66355;PFW Aroma ingredients bv;Barneveld;Kooldioxide (CO2);1064757;kg
2006;69007;Sealed Air B.V.;Nijmegen;Kooldioxide (CO2);151865;kg
2006;69033;Vika BV;Ede;Kooldioxide (CO2);1615764;kg
2006;71102;KLK Kolb Specialties B.V.;Delden;Kooldioxide (CO2);6559000;kg
2006;71103;Nouryon Functional Chemicals;Deventer;Kooldioxide (CO2);10970534;kg
2006;71105;Nobian Chemicals BV (Hengelo);Hengelo;Kooldioxide (CO2);436967000;kg
2006;71301;Abbott Biologicals B.V. (Olst);Olst;Kooldioxide (CO2);1993552;kg
2006;71514;Gasunie Vilsteren / Ommen;Vilsteren;Kooldioxide (CO2);70717127;kg
2006;72016;Royal Lactalis Leerdammer BV (Dalfsen);Dalfsen;Kooldioxide (CO2);3811232;kg
2006;72024;Ausnutria Kampen BV;Kampen;Kooldioxide (CO2);24651348;kg
2006;72027;Ausnutria Ommen B.V.;Ommen;Kooldioxide (CO2);2055091;kg
2006;73239;Scania Production Zwolle BV;Zwolle;Kooldioxide (CO2);2368749;kg
2006;74003;Centrale Harculo;Zwolle;Kooldioxide (CO2);390882823;kg
2006;74120;Ten Cate Protect B.V.;Nijverdal;Kooldioxide (CO2);4480000;kg
2006;74138;Ames Europe Enschede BV;Enschede;Kooldioxide (CO2);755362;kg
2006;74174;Edel Carpets B.V.;Genemuiden;Kooldioxide (CO2);2160646;kg
2006;74302;Koninklijke Verpakkingsindustrie Stempher BV ( folie );Rijssen;Kooldioxide (CO2);965712;kg
2006;74484;Polaroid (Europa) B.V.;Enschede;Kooldioxide (CO2);1467330;kg
2006;74604;Apollo Vredestein BV;Enschede;Kooldioxide (CO2);16942000;kg
2006;74609;Dunlop Protective Footwear B.V.;Raalte;Kooldioxide (CO2);124000;kg
2006;74652;Krehalon B.V.;Deventer;Kooldioxide (CO2);1703804;kg
2006;75305;locatie Boeldershoek;Hengelo;Kooldioxide (CO2);234564128;kg
2006;75306;Van Heek textiles BV;Losser;Kooldioxide (CO2);2320000;kg
2006;75316;Faber Vlagproduktie BV;Markelo;Kooldioxide (CO2);1530543;kg
2006;75342;FrieslandCampina Balkbrug;Balkbrug;Kooldioxide (CO2);9583225;kg
2006;75349;CZ Rouveen kaasspecialiteiten;Rouveen;Kooldioxide (CO2);1426059;kg
2006;81104;DOC Kaas (Zuivelfabriek);Hoogeveen;Kooldioxide (CO2);18807829;kg
2006;81105;Diolen Industrial Fibers B.V.;Emmen;Kooldioxide (CO2);22190000;kg
2006;81202;AOC Nederland BV (Schoonebeek);Zandpol;Kooldioxide (CO2);8715702;kg
2006;81205;Init Polymers bv.(failliet per 01-08-08);Emmen;Kooldioxide (CO2);21600;kg
2006;82002;FrieslandCampina Domo B.V. (Beilen);Beilen;Kooldioxide (CO2);52638484;kg
2006;82603;Avebe u.a. (Gasselternijveen);Gasselternijveen;Kooldioxide (CO2);94230884;kg
2006;83501;2 RG;Klazienaveen;Kooldioxide (CO2);9473526;kg
2006;84808;SOLIDUS SOLUTIONS Board B.V. Coevorden;Coevorden;Kooldioxide (CO2);22792404;kg
2006;84999;FrieslandCampina Kievit (Meppel);Meppel;Kooldioxide (CO2);15972619;kg
2006;85002;Attero BV;Wijster;Kooldioxide (CO2);494772000;kg
2006;85003;Envalior Engineering Materials B.V.;Emmen;Kooldioxide (CO2);5221404;kg
2006;85005;Friesland Foods Cheese;Meppel;Kooldioxide (CO2);344110;kg
2006;91505;N.V. Nederlandse Gasunie - compressorstation Aldeboarn;Aldeboarn;Kooldioxide (CO2);275550;kg
2006;92001;FrieslandCampina Cheese Gerkesklooster;Gerkesklooster;Kooldioxide (CO2);17009664;kg
2006;92004;Hochwald Foods Nederland BV;Bolsward;Kooldioxide (CO2);7716787;kg
2006;92008;Phoenix BV;Scharsterbrug;Kooldioxide (CO2);12051831;kg
2006;92012;FrieslandCampina (Leeuwarden);Leeuwarden;Kooldioxide (CO2);63890961;kg
2006;92015;FrieslandCampina Dronrijp;Dronryp;Kooldioxide (CO2);13962275;kg
2006;92030;FrieslandCampina (Workum);Workum;Kooldioxide (CO2);18654344;kg
2006;92615;Sonac Burgum BV;Sumar;Kooldioxide (CO2);11102000;kg
2006;94003;Centrale Bergum;Burgum;Kooldioxide (CO2);488772082;kg
2006;94301;Huhtamaki Nederland B.V.;Franeker;Kooldioxide (CO2);14164342;kg
2006;94304;SCA Hygiene Products BV (Suameer);Sumar;Kooldioxide (CO2);2503749;kg
2006;94706;BASF Nederland B.V.;Heerenveen;Kooldioxide (CO2);8858423;kg
2006;101002;Henkel Nederland Operations B.V.;Scheemda;Kooldioxide (CO2);1538938;kg
2006;101103;BioMCN B.V.;Farmsum;Kooldioxide (CO2);160187628;kg
2006;101104;Dow Benelux B.V.;Delfzijl;Kooldioxide (CO2);12462381;kg
2006;101105;P.Q. Silicas B.V.;Winschoten;Kooldioxide (CO2);19408962;kg
2006;101108;Qemetica NL Silica bv;Delfzijl;Kooldioxide (CO2);39174884;kg
2006;101403;Reym Delfzijl;Delfzijl;Kooldioxide (CO2);6619315;kg
2006;101404;Delamine B.V.;Farmsum;Kooldioxide (CO2);1232578;kg
2006;101405;Electric Glass Fiber NL, B.V.;Westerbroek;Kooldioxide (CO2);44842291;kg
2006;101408;Nedmag B.V.;Veendam;Kooldioxide (CO2);95792000;kg
2006;101515;Gasunie Transport Services B.V. - compressorstation Spijk;Eemshaven;Kooldioxide (CO2);59630922;kg
2006;102001;FrieslandCampina Nederland B.V.;Bedum;Kooldioxide (CO2);23203669;kg
2006;102301;Suiker Unie (Groningen);Groningen;Kooldioxide (CO2);87219646;kg
2006;102302;Cosun Beet Company-Vierverlaten;Groningen;Kooldioxide (CO2);88917000;kg
2006;102615;Avebe b.a. (DWM Veendam);Veendam;Kooldioxide (CO2);4516030;kg
2006;102620;Coöperatie AVEBE U.A.;Ter Apelkanaal;Kooldioxide (CO2);172118164;kg
2006;102621;Avebe u.a. (Foxhol);Foxhol;Kooldioxide (CO2);53699831;kg
2006;103009;KBM Master Alloys B.V.;Delfzijl;Kooldioxide (CO2);3045538;kg
2006;103010;DAMCO Aluminium Delfzijl Coöperatie U.A.;Farmsum;Kooldioxide (CO2);170512882;kg
2006;104001;ENGIE Energie Nederland NV;Eemshaven;Kooldioxide (CO2);4528616000;kg
2006;104003;Delesto B.V.;Farmsum;Kooldioxide (CO2);1709365000;kg
2006;104302;Solidus Solutions Board Groningen-Hoogkerk;Groningen;Kooldioxide (CO2);27335000;kg
2006;104304;Eska B.V.;Hoogezand;Kooldioxide (CO2);71557810;kg
2006;104305;Eska B.V.;Sappemeer;Kooldioxide (CO2);31751677;kg
2006;104307;Solidus Board Bad Nieuweschans B.V.;Bad Nieuweschans;Kooldioxide (CO2);33664554;kg
2006;104511;Gasunie mengstation Kootstertille (FR);Kootstertille;Kooldioxide (CO2);20414;kg
2006;104521;FrieslandCampina Wolvega;Wolvega;Kooldioxide (CO2);896608;kg
2006;104527;Friese Ecologische Zuivel (Drachten);Drachten;Kooldioxide (CO2);234293;kg
2006;104710;ESD-SIC BV;Farmsum;Kooldioxide (CO2);142185385;kg
2006;105001;ChemCom Industries BV;Farmsum;Kooldioxide (CO2);2152600;kg
2006;105004;Teijin Aramid B.V.;Farmsum;Kooldioxide (CO2);22651000;kg
2006;105007;FrieslandCampina Nederland B.V.;Marum;Kooldioxide (CO2);9642121;kg
2006;105014;Brunner Mond BV (inrichting bestaat niet meer);Farmsum;Kooldioxide (CO2);100643526;kg
2006;105016;Nobian Industrial Chemicals B.V. - SSC (Shared Service Center);Farmsum;Kooldioxide (CO2);770455;kg
2006;105019;Friesland Foods Western Europe (Groningen);Groningen;Kooldioxide (CO2);2466869;kg
2006;105027;Kisuma Chemicals BV;Veendam;Kooldioxide (CO2);11277427;kg
2006;114001;Maxima-centrale;Lelystad;Kooldioxide (CO2);36951169;kg
2006;114002;Vattenfall Power Generation B.V. (HWC Hogering/WKC Almere);Almere;Kooldioxide (CO2);366503220;kg
2006;114720;Sonac Almere BV;Almere;Kooldioxide (CO2);4700492;kg
2006;114721;Alphen;Alphen;Kooldioxide (CO2);37927;kg
2006;114722;Waterschap Noorderzijlvest - RWZI Garmerwolde;Garmerwolde;Kooldioxide (CO2);8969742;kg
2006;114725;RWZI Ede;Ede;Kooldioxide (CO2);5181672;kg
2006;114728;RWZI Nieuwveer;Breda;Kooldioxide (CO2);12281782;kg
2006;114729;RWZI Aarle-Rixtel (Waterschap Aa en Maas);Aarle-Rixtel;Kooldioxide (CO2);4619959;kg
2006;114730;RWZI Eindhoven (Waterschap De Dommel);Eindhoven;Kooldioxide (CO2);0;kg
2006;114731;RWZI Utrecht (Hoogheemraadschap de Stichtse Rijnlanden);Utrecht;Kooldioxide (CO2);12628777;kg
2006;114732;RWZI Venlo;Venlo;Kooldioxide (CO2);11427321;kg
2006;114733;RWZI Hoensbroek;Hoensbroek;Kooldioxide (CO2);10078726;kg
2006;114734;RWZI Enschede;Enschede;Kooldioxide (CO2);8961123;kg
2006;114735;AWZI De Groote Lucht (Hoogheemraadschap van Delfland);Vlaardingen;Kooldioxide (CO2);8589767;kg
2006;114736;RWZI Dokhaven en Slibverwerkingsinstallatie Sluisjesdijk;Rotterdam;Kooldioxide (CO2);11881572;kg
2006;114737;AWZI Kralingseveer (Hoogheemraadschap van Schieland);Capelle aan den Ijssel;Kooldioxide (CO2);11048301;kg
2006;114740;RWZI Susteren;Susteren;Kooldioxide (CO2);16102404;kg
2006;114741;RWZI Amersfoort;Amersfoort;Kooldioxide (CO2);7193011;kg
2006;114743;RWZI Dinther (Waterschap Aa en Maas);Heeswijk-Dinther;Kooldioxide (CO2);6985145;kg
2006;114744;Elsta P&U;Hoek;Kooldioxide (CO2);1678741000;kg
2006;114745;Komeco B.V.;Dronten;Kooldioxide (CO2);7728;kg
2006;114746;Luchthaven Lelystad NV;Lelystad;Kooldioxide (CO2);50130;kg
2006;114747;PeakShaver Maasvlakte;Maasvlakte Rotterdam;Kooldioxide (CO2);885798;kg
2006;114750;Interface International BV;Scherpenzeel;Kooldioxide (CO2);46685;kg
2006;114754;Tarkett lokatie Waalwijk;Waalwijk;Kooldioxide (CO2);1718000;kg
2006;114755;Synthomer Hasselt BV;Hasselt;Kooldioxide (CO2);17330;kg
2006;114757;Eurogen CV;Botlek Rotterdam;Kooldioxide (CO2);450853000;kg
2006;114761;A.C. ter Kuile BV;Enschede;Kooldioxide (CO2);330000;kg
2006;114762;Tapijtfabriek Intercarpet B.V.;Aalten;Kooldioxide (CO2);991162;kg
2006;114763;de Ploeg BV;Bergeijk;Kooldioxide (CO2);556808;kg
2006;114767;AWZI Houtrust (Hoogheemraadschap van Delfland);'s-Gravenhage;Kooldioxide (CO2);30944961;kg
2006;114768;MediaMotion Manufacturing B.V.;Uden;Kooldioxide (CO2);1647163;kg
2006;114770;Mitsubishi Chemical Advanced Materials B.V.;Almelo;Kooldioxide (CO2);919936;kg
2006;114771;Mauser Benelux BV;Oosterhout;Kooldioxide (CO2);200659;kg
2006;114772;Fenner Dunlop Conveyor Belting;Drachten;Kooldioxide (CO2);5094994;kg
2006;114820;Lucite International Holland Alpha BV;Botlek Rotterdam;Kooldioxide (CO2);0;kg
2006;114822;Boal B.V.;De Lier;Kooldioxide (CO2);2225000;kg
2006;115026;Dokkumer Vlaggen Centrale BV;Dokkum;Kooldioxide (CO2);603054;kg
2006;115034;Maastricht Aachen Airport (MAA);Maastricht-Airport;Kooldioxide (CO2);736917;kg
2006;115036;LyondellBasell Covestro Manufacturing Maasvlakte VOF;Maasvlakte Rotterdam;Kooldioxide (CO2);11469631;kg
2006;115042;Dyka;Steenwijk;Kooldioxide (CO2);492092;kg
2006;115044;EcoTherm B.V.;Winterswijk;Kooldioxide (CO2);211221;kg
2006;115045;Primo Netherlands B.V.;Buitenpost;Kooldioxide (CO2);334967;kg
2006;115048;Carlisle Construction Materials BV;Kampen;Kooldioxide (CO2);655932;kg
2006;115049;Holonite BV (Tholen);Tholen;Kooldioxide (CO2);171125;kg
2006;115050;Holonite BV (Halsteren);Halsteren;Kooldioxide (CO2);130574;kg
2006;115053;Burgers Flexiprint;Putten;Kooldioxide (CO2);903383;kg
2006;115057;Parker Hannifin Manufacturing Netherlands (Hose) BV;Hoogezand;Kooldioxide (CO2);742000;kg
2006;115058;Perfon BV / Oerlemans Packaging BV;Goor;Kooldioxide (CO2);21296;kg
2006;115060;Plasticon The Netherlands  BV;Hengelo;Kooldioxide (CO2);194575;kg
2006;115063;Eagle Simrax BV;Kerkrade;Kooldioxide (CO2);489769;kg
2006;115064;Synprodo Produktie BV;Wijchen;Kooldioxide (CO2);8051211;kg
2006;115067;Unidek Produktie / Van Dijk Produktie B.V.;Gemert;Kooldioxide (CO2);5114445;kg
2006;115069;Vernay Europa BV;Oldenzaal;Kooldioxide (CO2);107007;kg
2006;115079;Rinos BV;Genemuiden;Kooldioxide (CO2);659813;kg
2006;115098;MCi (Mirror Controls International) Netherlands BV;Montfoort;Kooldioxide (CO2);191712;kg
2006;115143;FrieslandCampina Cheese BV (Leerdam);Leerdam;Kooldioxide (CO2);287913;kg
2006;115154;Kon. Textielfabr. J.A. Raymakers & Co BV (weverij);Gemert;Kooldioxide (CO2);413000;kg
2006;115155;Avebe b.a. (Latenstein);Nijmegen;Kooldioxide (CO2);41805;kg
2006;115180;apt Extrusions B.V.;Roermond;Kooldioxide (CO2);4355820;kg
2006;115181;EP NL Rijnmond 1 B.V.;Vondelingenplaat Rotterdam;Kooldioxide (CO2);1917394000;kg
2006;115182;Mestdrogerij Hubun;Bunschoten-Spakenburg;Kooldioxide (CO2);3236897;kg
2006;115184;RWZI Land van Cuijk (Waterschap Aa en Maas);Haps;Kooldioxide (CO2);4874494;kg
2006;115185;DOC Kaas (Zuivelpark);Hoogeveen;Kooldioxide (CO2);33982351;kg
2006;115186;Yara Vlaardingen BV;Vlaardingen;Kooldioxide (CO2);665218;kg
2006;200155;KH de Jong VVL (FrieslandCampina);Drachten;Kooldioxide (CO2);131839;kg
2006;200214;Gasunie Exportstation Hilvarenbeek;Esbeek;Kooldioxide (CO2);8834;kg
2006;200330;Westfort Gorinchem;Gorinchem;Kooldioxide (CO2);1164260;kg
2006;200407;COATEX Netherlands BV;Moerdijk;Kooldioxide (CO2);1141299;kg
2006;200781;FNsteel BV;Alblasserdam;Kooldioxide (CO2);26285500;kg
2006;201639;Solidus Solutions Board Oude Pekela;Oude Pekela;Kooldioxide (CO2);38070007;kg
2006;202223;Quest International;Botlek Rotterdam;Kooldioxide (CO2);634206;kg
2006;202229;Bunge Loders Croklaan Rotterdam;Maasvlakte Rotterdam;Kooldioxide (CO2);9194146;kg
2006;202416;Gasunie Exportstation 's Gravenvoeren;Mheer;Kooldioxide (CO2);8834;kg
2006;202417;Compressorstation Noord Holland;Anna Paulowna;Kooldioxide (CO2);5542;kg
2006;202824;Eneco Merwedekanaal;Utrecht;Kooldioxide (CO2);393535460;kg
2006;202825;Eneco Lage Weide;Utrecht;Kooldioxide (CO2);567185744;kg
2006;203186;RWZI West;Amsterdam;Kooldioxide (CO2);14151843;kg
2006;220124;AWZI Almere;Almere;Kooldioxide (CO2);5973445;kg
2006;220150;Hoogheemraadschap Hollands Noorderkwartier SDI/RWZI Beverwijk;Beverwijk;Kooldioxide (CO2);34992445;kg
2006;220264;Rioolwaterzuiveringsinstallatie Hengelo;Hengelo;Kooldioxide (CO2);1226620;kg
2006;220387;RWZI Den Bosch (Waterschap Aa en Maas);'s-Hertogenbosch;Kooldioxide (CO2);7260175;kg
2006;220416;RWZI Tilburg Noord;Tilburg;Kooldioxide (CO2);3806;kg
2006;220537;RWZI Harnaschpolder (Hoogheemraadschap van Delfland);Den Hoorn;Kooldioxide (CO2);2599492;kg
2007;60;Sappi Maastricht BV;Maastricht;Kooldioxide (CO2);241403178;kg
2007;61;Rubber Resources BV;Maastricht;Kooldioxide (CO2);970948;kg
2007;62;Chemelot Site Permit BV;Geleen;Kooldioxide (CO2);3638929000;kg
2007;65;PQ Silicas BV;Eijsden;Kooldioxide (CO2);38469000;kg
2007;66;Marsna Paper B.V.;Meerssen;Kooldioxide (CO2);10571544;kg
2007;84;BASF Nederland B.V.;Maastricht;Kooldioxide (CO2);4802109;kg
2007;90;VDL Castings Heerlen BV;Hoensbroek;Kooldioxide (CO2);27317727;kg
2007;113;VDL Nedcar B.V.;Born;Kooldioxide (CO2);11545769;kg
2007;148;ENCI BV (Maastricht);Maastricht;Kooldioxide (CO2);589431600;kg
2007;151;O-I Netherlands BV (Maastricht);Maastricht;Kooldioxide (CO2);100166853;kg
2007;159;Fenzi AGT Netherlands B.V.;Maastricht;Kooldioxide (CO2);4527153;kg
2007;174;Tata Steel Nederland Tubes BV locatie Maastricht;Maastricht;Kooldioxide (CO2);851297;kg
2007;1104;Solvay Chemie BV;Herten;Kooldioxide (CO2);1902053;kg
2007;1107;Nouryon Functional Chemicals B.V.;Herkenbosch;Kooldioxide (CO2);13131000;kg
2007;1404;DSM Pharma Chemicals Venlo BV;Venlo;Kooldioxide (CO2);6732000;kg
2007;3509;VDL Castings Weert BV;Weert;Kooldioxide (CO2);171504;kg
2007;3513;MGG Netherlands BV;Tegelen;Kooldioxide (CO2);5885605;kg
2007;4001;Clauscentrale;Maasbracht;Kooldioxide (CO2);1760509807;kg
2007;4301;Smurfit Westrock Roermond Paper BV;Roermond;Kooldioxide (CO2);163969759;kg
2007;4753;Rockwool B.V.;Roermond;Kooldioxide (CO2);191988000;kg
2007;5727;EverZinc Nederland B.V.;Eijsden;Kooldioxide (CO2);21290310;kg
2007;5729;Celanese Production Netherlands B.V.;Geleen;Kooldioxide (CO2);1573147;kg
2007;5740;WEPA Nederland B.V.;Swalmen;Kooldioxide (CO2);23622985;kg
2007;5743;Walkro Blitterswijck BV;Blitterswijck;Kooldioxide (CO2);591876;kg
2007;5746;Nuon Power Generation BV (Buggenum);Haelen;Kooldioxide (CO2);1259026701;kg
2007;5750;FrieslandCampina Born;Born;Kooldioxide (CO2);6551343;kg
2007;5804;PQ Nederland BV;Maastricht;Kooldioxide (CO2);5754673;kg
2007;9014;Essent Productie Geleen B.V.;Geleen;Kooldioxide (CO2);705803483;kg
2007;10001;Nobian Industrial Chemicals BV (Rotterdam);Botlek Rotterdam;Kooldioxide (CO2);201421902;kg
2007;10002;Nouryon Performance Formulations b.v.;Europoort Rotterdam;Kooldioxide (CO2);16000;kg
2007;10003;Synres B.V.;Hoek Van Holland;Kooldioxide (CO2);7192389;kg
2007;10004;Lyondell Chemical Nederland Ltd.;Botlek Rotterdam;Kooldioxide (CO2);135402003;kg
2007;10005;LBC Rotterdam BV;Botlek Rotterdam;Kooldioxide (CO2);5140000;kg
2007;10006;Shell Nederland Chemie BV (Pernis);Vondelingenplaat Rotterdam;Kooldioxide (CO2);31583000;kg
2007;10016;Climax Molybdenum BV;Botlek Rotterdam;Kooldioxide (CO2);7980540;kg
2007;10017;Evonik Carbon Black Nederland BV;Botlek Rotterdam;Kooldioxide (CO2);159865000;kg
2007;10042;Kemira Rotterdam B.V. - locatie Botlek;Botlek Rotterdam;Kooldioxide (CO2);154677;kg
2007;10057;Shell Nederland Raffinaderij BV;Vondelingenplaat Rotterdam;Kooldioxide (CO2);5546740296;kg
2007;10058;BP Raffinaderij Rotterdam B.V.;Europoort Rotterdam;Kooldioxide (CO2);1998751000;kg
2007;10059;Gunvor Energy Rotterdam B.V. (GPR);Europoort Rotterdam;Kooldioxide (CO2);578783326;kg
2007;10061;Esso Nederland BV (Raffinaderij Rotterdam);Botlek Rotterdam;Kooldioxide (CO2);2080466764;kg
2007;10062;ExxonMobil Chemical Holland BV (RAP);Botlek Rotterdam;Kooldioxide (CO2);427397116;kg
2007;10063;AVR-Afvalverwerking;Botlek Rotterdam;Kooldioxide (CO2);1096572019;kg
2007;10064;Almatis BV;Botlek Rotterdam;Kooldioxide (CO2);22586240;kg
2007;10066;Kemira Rotterdam BV locatie Europoort;Europoort Rotterdam;Kooldioxide (CO2);8533886;kg
2007;10073;Tronox Pigments (Holland) BV;Botlek Rotterdam;Kooldioxide (CO2);88958333;kg
2007;10076;HVC AfvalEnergieCentrale Dordrecht;Dordrecht;Kooldioxide (CO2);203585615;kg
2007;10078;Ruigenhil Vastgoed B.V. (Nedstaal/FNSteel/Heros);Alblasserdam;Kooldioxide (CO2);31437620;kg
2007;10079;Chemours Netherlands B.V.;Dordrecht;Kooldioxide (CO2);217339762;kg
2007;10082;Akzo Nobel Car Refinishes B.V.;Sassenheim;Kooldioxide (CO2);3684857;kg
2007;10086;NV Nutricia Zoetermeer;Zoetermeer;Kooldioxide (CO2);12399616;kg
2007;10097;SD Guthrie International Zwijndrecht Refinery B.V.;Zwijndrecht;Kooldioxide (CO2);52236493;kg
2007;10100;Bakelite Botlek Rotterdam;Botlek Rotterdam;Kooldioxide (CO2);6330012;kg
2007;10546;Lactalis Leerdammer BV (Schoonrewoerd);Schoonrewoerd;Kooldioxide (CO2);11827682;kg
2007;10590;FrieslandCampina Rotterdam;Rotterdam;Kooldioxide (CO2);2646504;kg
2007;10615;ENCI BV (Rotterdam);Botlek Rotterdam;Kooldioxide (CO2);11910390;kg
2007;10621;Hunter Douglas Europe BV;Rotterdam;Kooldioxide (CO2);15588825;kg
2007;10687;Biotech Campus Delft;Delft;Kooldioxide (CO2);88100000;kg
2007;10689;Air Products Nederland BV (Botlek);Botlek Rotterdam;Kooldioxide (CO2);374400000;kg
2007;10698;Cargill Bioindustrial BV;Gouda;Kooldioxide (CO2);51536652;kg
2007;10722;O-I Manufacturing Netherlands BV Schiedam;Schiedam;Kooldioxide (CO2);67266729;kg
2007;10723;O-I Netherlands BV (Leerdam);Leerdam;Kooldioxide (CO2);117804484;kg
2007;10728;Cargill Refined Oils Europe;Botlek Rotterdam;Kooldioxide (CO2);26104552;kg
2007;10738;Cerexagri BV / ARKEMA Rotterdam BV;Vondelingenplaat Rotterdam;Kooldioxide (CO2);10011413;kg
2007;10793;Tata Steel Nederland Tubes BV locatie Zwijndrecht;Zwijndrecht;Kooldioxide (CO2);1193243;kg
2007;10815;AVR NV (Rotterdam);Rotterdam;Kooldioxide (CO2);328000000;kg
2007;10829;Cosun Beet company (Puttershoek);Puttershoek;Kooldioxide (CO2);667000;kg
2007;10928;Aluminium & Chemie Rotterdam B.V.;Botlek Rotterdam;Kooldioxide (CO2);247859858;kg
2007;10971;Ferro (Holland) B.V. (HS);Rotterdam;Kooldioxide (CO2);7526000;kg
2007;10998;Draka Interfoam;Hillegom;Kooldioxide (CO2);1007000;kg
2007;11024;Cabot B.V.;Botlek Rotterdam;Kooldioxide (CO2);231573618;kg
2007;11090;Chane Terminal Botlek B.V.;Botlek Rotterdam;Kooldioxide (CO2);26712000;kg
2007;11105;Heineken Netherlands Supply B.V., brouwerij Zoeterwoude;Zoeterwoude;Kooldioxide (CO2);71102323;kg
2007;11111;Ashland Industries Nederland B.V.;Zwijndrecht;Kooldioxide (CO2);21851758;kg
2007;11230;Damen Verolme BV;Botlek Rotterdam;Kooldioxide (CO2);2480084;kg
2007;11366;LANXESS Rotterdam Botlek;Botlek Rotterdam;Kooldioxide (CO2);111902833;kg
2007;12134;Archer Daniels Midland Europoort BV (ADM);Europoort Rotterdam;Kooldioxide (CO2);188112354;kg
2007;12135;ExxonMobil Chemical Holland BV (ROP van RPI);Europoort Rotterdam;Kooldioxide (CO2);53963118;kg
2007;12147;E.ON Warmte Station Galileistraat;Rotterdam;Kooldioxide (CO2);339349000;kg
2007;12149;Uniper Benelux NV (Maasvlakte);Maasvlakte Rotterdam;Kooldioxide (CO2);6337160000;kg
2007;12150;Uniper Centrale RoCa;Rotterdam;Kooldioxide (CO2);700345000;kg
2007;12157;HVC ZVI B.V.;Dordrecht;Kooldioxide (CO2);8334168;kg
2007;12158;HVC Slibverbrandingsinstallatie;Dordrecht;Kooldioxide (CO2);91000000;kg
2007;12162;Evos Rotterdam B.V.;Europoort Rotterdam;Kooldioxide (CO2);8064224;kg
2007;12167;UZIMET BV;Rijswijk;Kooldioxide (CO2);539783;kg
2007;12168;INV NYLON CHEMICALS NETHERLANDS B.V.;Botlek Rotterdam;Kooldioxide (CO2);5733586;kg
2007;12170;FrieslandCampina Maasdam;Maasdam;Kooldioxide (CO2);4502140;kg
2007;12171;Zuivelfabriek De Graafstroom;Bleskensgraaf Ca;Kooldioxide (CO2);3635037;kg
2007;12172;Promelca B.V. (Gorinchem);Gorinchem;Kooldioxide (CO2);26952606;kg
2007;12174;Ducor Petrochemicals B.V.;Botlek Rotterdam;Kooldioxide (CO2);8952100;kg
2007;12175;Air Liquide Industrie BV;Botlek Rotterdam;Kooldioxide (CO2);51456;kg
2007;12176;Air Products Nederland BV (Pernis);Vondelingenplaat Rotterdam;Kooldioxide (CO2);554984000;kg
2007;12177;VPR Energy B.V.;Europoort Rotterdam;Kooldioxide (CO2);99114567;kg
2007;19004;ExxonMobil Chemical Holland BV (RPP van RPI);Botlek Rotterdam;Kooldioxide (CO2);46908000;kg
2007;19070;Indorama Ventures Europe BV;Europoort Rotterdam;Kooldioxide (CO2);52600213;kg
2007;19071;Shin-Etsu PVC BV (VCM Botlek);Botlek Rotterdam;Kooldioxide (CO2);87007500;kg
2007;19072;FrieslandCampina Nederland B.V.;Noordwijk;Kooldioxide (CO2);1284507;kg
2007;19073;Westlake Epoxy B.V.;Vondelingenplaat Rotterdam;Kooldioxide (CO2);43821567;kg
2007;21010;Sonneborn Refined Products BV (Amsterdam);Amsterdam;Kooldioxide (CO2);23536597;kg
2007;21011;Rütgers Resins B.V.;Uithoorn;Kooldioxide (CO2);24012000;kg
2007;21101;Ketjen Netherlands BV;Amsterdam;Kooldioxide (CO2);72799001;kg
2007;21102;ICL FERTILIZERS EUROPE C.V.;Amsterdam;Kooldioxide (CO2);12377302;kg
2007;21103;DSM Agro BV;Velsen-Noord;Kooldioxide (CO2);12230171;kg
2007;21301;LANXESS Manufacturing Netherlands BV;Amsterdam;Kooldioxide (CO2);3689441;kg
2007;21302;Abbott Healthcare Products BV (Weesp);Weesp;Kooldioxide (CO2);17235000;kg
2007;21304;Givaudan Nederland B.V. (Naarden);Naarden;Kooldioxide (CO2);10548865;kg
2007;21403;Norit Nederland BV (Zaandam);Zaandam;Kooldioxide (CO2);40855389;kg
2007;21528;N.V. Nederlandse Gasunie (Wieringermeer);Middenmeer;Kooldioxide (CO2);2330098;kg
2007;21529;Gasunie Transport Services B.V.;Heemskerk;Kooldioxide (CO2);5644757;kg
2007;21530;OQ Chemicals Nederland BV;Amsterdam;Kooldioxide (CO2);1976226;kg
2007;22002;Campina BV (Heiloo);Heiloo;Kooldioxide (CO2);2181000;kg
2007;22006;FrieslandCampina Nederland B.V. Lutjewinkel;Lutjewinkel;Kooldioxide (CO2);6622842;kg
2007;22008;Kaptein PCF;Oosthuizen;Kooldioxide (CO2);508120;kg
2007;22011;CONO Kaasmakers (Stompetoren);Stompetoren;Kooldioxide (CO2);281428;kg
2007;22012;CONO Kaasmakers (Middenbeemster);Westbeemster;Kooldioxide (CO2);7504244;kg
2007;22602;Tate & Lyle Netherlands BV;Koog aan de Zaan;Kooldioxide (CO2);79584983;kg
2007;22617;Bunge Netherlands BV;Amsterdam;Kooldioxide (CO2);71430609;kg
2007;22626;Cargill BV (Multiseed);Amsterdam;Kooldioxide (CO2);28557480;kg
2007;23301;Tata Steel IJmuiden BV;Velsen-Noord;Kooldioxide (CO2);6451701971;kg
2007;24000;Vattenfall Power Generation B.V. (Hemweg);Amsterdam;Kooldioxide (CO2);4414275580;kg
2007;24002;Vattenfall Power Generation B.V. (Diemen);Diemen;Kooldioxide (CO2);573701906;kg
2007;24003;Vattenfall Power Generation B.V. (Velsen);Velsen-Noord;Kooldioxide (CO2);4339339753;kg
2007;24007;Nuon Power Generation BV Purmerend WKC;Purmerend;Kooldioxide (CO2);105573116;kg
2007;24302;Crown van Gelder International B.V.;Velsen-Noord;Kooldioxide (CO2);146227915;kg
2007;24601;Renolit Nederland BV;Enkhuizen;Kooldioxide (CO2);316507;kg
2007;24605;Forbo Flooring BV;Assendelft;Kooldioxide (CO2);14647979;kg
2007;24606;BN International BV;Huizen;Kooldioxide (CO2);9211000;kg
2007;24714;ENCI BV (IJmuiden);Velsen-Noord;Kooldioxide (CO2);18955960;kg
2007;28070;Alpha Assembly Solutions Netherlands BV;Naarden;Kooldioxide (CO2);1246428;kg
2007;28085;AEB Amsterdam;Amsterdam;Kooldioxide (CO2);1045801374;kg
2007;28087;Schiphol Nederland BV;Schiphol;Kooldioxide (CO2);34212069;kg
2007;28091;HVC N.V.;Alkmaar;Kooldioxide (CO2);541612589;kg
2007;28097;A-ware Zaandam BV;Zaandam;Kooldioxide (CO2);515;kg
2007;28175;Waeles Nederland BV;Nieuw-Vennep;Kooldioxide (CO2);308095;kg
2007;28176;Vattenfall Power Generation B.V. (IJmond 1);Velsen-Noord;Kooldioxide (CO2);2439142840;kg
2007;28177;Shipdock BV;Amsterdam;Kooldioxide (CO2);289140;kg
2007;31306;Pembroek B.V.;Loosdrecht;Kooldioxide (CO2);49050;kg
2007;31311;CARBOGEN AMCIS B.V.;Veenendaal;Kooldioxide (CO2);2054994;kg
2007;31322;Kerry Bio-Science (Utrecht);Utrecht;Kooldioxide (CO2);2433079;kg
2007;31402;SC Johnson Europlant B.V.;Mijdrecht;Kooldioxide (CO2);3227635;kg
2007;34111;Lantor BV;Veenendaal;Kooldioxide (CO2);3368646;kg
2007;39103;Koninklijke ERU Kaasfabriek B.V.;Woerden;Kooldioxide (CO2);465144;kg
2007;39111;NEDAL Aluminium BV (Utrecht);Utrecht;Kooldioxide (CO2);2574299;kg
2007;41002;Sibelco Geertruidenberg;Geertruidenberg;Kooldioxide (CO2);1666145;kg
2007;41003;Shell Nederland Chemie BV (Moerdijk);Moerdijk;Kooldioxide (CO2);2755452902;kg
2007;41101;SABIC Innovative Plastics BV;Bergen op Zoom;Kooldioxide (CO2);469602699;kg
2007;41102;Allnex Netherlands B.V.;Bergen op Zoom;Kooldioxide (CO2);12330400;kg
2007;41103;Synthos Breda BV;Breda;Kooldioxide (CO2);10805565;kg
2007;41106;IFF Nederland BV;Tilburg;Kooldioxide (CO2);8731665;kg
2007;41108;Caldic Chemie Produktie BV;Zevenbergen;Kooldioxide (CO2);10637597;kg
2007;41307;Aspen Oss B.V.;Oss;Kooldioxide (CO2);27088000;kg
2007;41402;Trobas Gelatine B.V.;Dongen;Kooldioxide (CO2);7291807;kg
2007;41428;Covestro (Netherlands) B.V., vestiging Waalwijk;Waalwijk;Kooldioxide (CO2);4948827;kg
2007;41502;Ravenstein;Ravenstein;Kooldioxide (CO2);60073998;kg
2007;42022;Nutricia Cuijk B.V.;Cuijk;Kooldioxide (CO2);7766956;kg
2007;42034;FrieslandCampina DMV B.V.;Veghel;Kooldioxide (CO2);137823960;kg
2007;42309;CSM Suiker BV (Wittouck);Breda;Kooldioxide (CO2);2836000;kg
2007;42310;Cosun Beet Company-Dinteloord;Dinteloord;Kooldioxide (CO2);105890000;kg
2007;42313;Sensus Roosendaal & Sensus Zwolle;Roosendaal;Kooldioxide (CO2);9850000;kg
2007;42408;Swinkels Family Brewers N.V.;Lieshout;Kooldioxide (CO2);53497144;kg
2007;42629;Cargill BV;Bergen op Zoom;Kooldioxide (CO2);68398218;kg
2007;42834;Rendac Son BV;Son en Breugel;Kooldioxide (CO2);43714000;kg
2007;43002;Mannesmann Precision Tubes Netherlands BV;Helmond;Kooldioxide (CO2);3126760;kg
2007;43003;Tata Steel Nederland Tubes BV locatie Oosterhout;Oosterhout;Kooldioxide (CO2);8102336;kg
2007;43013;Nyrstar Budel BV;Budel-Dorplein;Kooldioxide (CO2);56346694;kg
2007;43403;DAF Trucks N.V.;Eindhoven;Kooldioxide (CO2);15988276;kg
2007;43511;Wartsila Netherlands BV;Drunen;Kooldioxide (CO2);2402768;kg
2007;43513;LDM b.v.;Drunen;Kooldioxide (CO2);1200143;kg
2007;43856;Hydro Extrusion Drunen;Drunen;Kooldioxide (CO2);12545219;kg
2007;44004;Amer Centrale;Geertruidenberg;Kooldioxide (CO2);6007670135;kg
2007;44005;Essent Energie Productie BV (Dongecentrale);Geertruidenberg;Kooldioxide (CO2);126218578;kg
2007;44006;RWZI Oijen (Waterschap Aa en Maas);Oijen;Kooldioxide (CO2);4900963;kg
2007;44007;PreZero Energy Roosendaal B.V.;Roosendaal;Kooldioxide (CO2);85606985;kg
2007;44009;BV Afvalverbranding Zuid Nederland (AZN);Moerdijk;Kooldioxide (CO2);654692469;kg
2007;44162;Vlisco Netherlands BV;Helmond;Kooldioxide (CO2);18433083;kg
2007;44171;Kon. Textielfabr. J.A. Raymakers & Co BV (veredeling);Helmond;Kooldioxide (CO2);7639;kg
2007;44772;Ardagh Glass Dongen BV;Dongen;Kooldioxide (CO2);88154598;kg
2007;44773;Saint Gobain Construction Products NL BV;Etten-Leur;Kooldioxide (CO2);65798157;kg
2007;45669;Caligen Europe BV;Breda;Kooldioxide (CO2);300120;kg
2007;45672;CurTec Nederland bv;Rijen;Kooldioxide (CO2);237873;kg
2007;47001;Slibverwerking Noord-Brabant NV;Moerdijk;Kooldioxide (CO2);133000000;kg
2007;48002;Unipol Holland BV;Oss;Kooldioxide (CO2);3335817;kg
2007;48018;FUJIFILM Manufacturing Europe B.V.;Tilburg;Kooldioxide (CO2);50742963;kg
2007;48020;CNC;Moerdijk;Kooldioxide (CO2);294633756;kg
2007;48022;Dr. W. Kolb Nederland BV;Klundert;Kooldioxide (CO2);1582380;kg
2007;48023;FrieslandCampina Rijkevoort (Holland Cheese);Rijkevoort;Kooldioxide (CO2);8408000;kg
2007;48024;Essity Operations Cuijk B.V.;Katwijk NB;Kooldioxide (CO2);18215400;kg
2007;48029;FrieslandCampina Eindhoven (Consumer Products Europe);Eindhoven;Kooldioxide (CO2);4569071;kg
2007;48031;FrieslandCampina Butter & Milkpowder - Den Bosch;'s-Hertogenbosch;Kooldioxide (CO2);3208663;kg
2007;48040;FrieslandCampina Tilburg (Holland Cheese);Tilburg;Kooldioxide (CO2);3086229;kg
2007;48051;KBM Master Alloys BV (Oss);Oss;Kooldioxide (CO2);601527;kg
2007;48055;Johan van den Acker Textielfabriek BV;Gemert;Kooldioxide (CO2);499718;kg
2007;48073;Nedzink BV;Budel-Dorplein;Kooldioxide (CO2);2122000;kg
2007;48125;Leo Schellens BV;Helmond;Kooldioxide (CO2);1532824;kg
2007;48147;Van Oerle Alberton BV (Boxtel);Boxtel;Kooldioxide (CO2);2279095;kg
2007;48156;Textielfabrieken H. van Puijenbroek BV;Goirle;Kooldioxide (CO2);3309354;kg
2007;49006;WKC Moerdijk;Moerdijk;Kooldioxide (CO2);590357106;kg
2007;49010;Basell Benelux B.V.;Moerdijk;Kooldioxide (CO2);8912000;kg
2007;49017;Merck Sharp & Dohme B.V.;Oss;Kooldioxide (CO2);4681000;kg
2007;49027;FrieslandCampina Nuenen;Nuenen;Kooldioxide (CO2);747090;kg
2007;49043;Albers Organic Minerals;Zeeland;Kooldioxide (CO2);1341904;kg
2007;51101;Synthomer Middelburg BV;Middelburg;Kooldioxide (CO2);44987330;kg
2007;51102;Rosier Nederland B.V.;Sas Van GEnt;Kooldioxide (CO2);21139300;kg
2007;51104;Dow Benelux BV (Hoek);Hoek;Kooldioxide (CO2);3208456112;kg
2007;51105;YARA Sluiskil BV;Sluiskil;Kooldioxide (CO2);2369552071;kg
2007;51107;ARKEMA B.V. location Vlissingen;Vlissingen;Kooldioxide (CO2);6298476;kg
2007;51404;ICL-IP Terneuzen BV;Terneuzen;Kooldioxide (CO2);20234300;kg
2007;51501;Zeeland Refinery N.V.;Nieuwdorp;Kooldioxide (CO2);1450861940;kg
2007;52612;Cargill Benelux BV;Sas Van GEnt;Kooldioxide (CO2);217117284;kg
2007;53129;Damen Schelde Naval Shipbuilding B.V. en Damen Shiprepair Vlissingen B.V.;Ritthem;Kooldioxide (CO2);2236521;kg
2007;53504;Zeeland Aluminium Company (Zalco BV);Vlissingen;Kooldioxide (CO2);368589000;kg
2007;54001;EPZ NV (Conventional Operations);Borssele;Kooldioxide (CO2);1751732000;kg
2007;56118;Stepan Nederland BV;Ritthem;Kooldioxide (CO2);5684582;kg
2007;56119;Decontamination Services BV;Ritthem;Kooldioxide (CO2);25109153;kg
2007;56121;ThermPhos International BV;Ritthem;Kooldioxide (CO2);892470000;kg
2007;56129;Fleuren Compost BV;Middelharnis;Kooldioxide (CO2);87415;kg
2007;61302;N.V. Organon vergunning ingetrokken;Apeldoorn;Kooldioxide (CO2);1622000;kg
2007;61407;SABA Dinxperlo BV;Dinxperlo;Kooldioxide (CO2);360948;kg
2007;61411;Sonac Vuren BV;Vuren;Kooldioxide (CO2);20956954;kg
2007;61418;SACHEM Europe BV;Zaltbommel;Kooldioxide (CO2);3759667;kg
2007;61424;Veolia Industriediensten BV;Arnhem;Kooldioxide (CO2);112440850;kg
2007;61426;CP Kelco;Nijmegen;Kooldioxide (CO2);9456827;kg
2007;61517;Gasunie Zweekhorst;Zevenaar;Kooldioxide (CO2);8305279;kg
2007;62006;FrieslandCampina Cheese Varsseveld;Varsseveld;Kooldioxide (CO2);3196741;kg
2007;62009;FrieslandCampina Butter&Milkpowder (Lochem);Lochem;Kooldioxide (CO2);35939788;kg
2007;62010;Nestlé Nederland BV (Nunspeet);Nunspeet;Kooldioxide (CO2);13960980;kg
2007;62013;FrieslandCampina Steenderen;Steenderen;Kooldioxide (CO2);4068654;kg
2007;62025;FrieslandCampina (Borculo);Borculo;Kooldioxide (CO2);67892484;kg
2007;62031;Arla Foods BV;Nijkerk;Kooldioxide (CO2);13218105;kg
2007;62406;Riedel BV;Ede;Kooldioxide (CO2);4021850;kg
2007;63003;Corus Tubes Arnhem;Arnhem;Kooldioxide (CO2);1052430;kg
2007;63012;KME Netherlands B.V.;Zutphen;Kooldioxide (CO2);5590916;kg
2007;63504;Gieterij Doesburg BV;Doesburg;Kooldioxide (CO2);2037311;kg
2007;63505;Vulcanus Castings BV;Doetinchem;Kooldioxide (CO2);12686449;kg
2007;63508;Nijmeegsche IJzergieterij BV;Nijmegen;Kooldioxide (CO2);7011136;kg
2007;63509;LF Casting B.V.;Terborg;Kooldioxide (CO2);1666760;kg
2007;63601;Hydro Extrusion Harderwijk;Harderwijk;Kooldioxide (CO2);11104137;kg
2007;64001;Centrale Gelderland;Nijmegen;Kooldioxide (CO2);3140616000;kg
2007;64004;AVR Afvalverwerking BV (Duiven);Duiven;Kooldioxide (CO2);421196353;kg
2007;64005;ARN B.V.;Weurt;Kooldioxide (CO2);288038738;kg
2007;64302;Favini B.V. (Apeldoorn);Apeldoorn;Kooldioxide (CO2);24176015;kg
2007;64304;Papierfabriek Doetinchem bv;Doetinchem;Kooldioxide (CO2);30844493;kg
2007;64307;Schut Papier B.V.;Heelsum;Kooldioxide (CO2);1280471;kg
2007;64308;Sappi Nijmegen BV/InnovioPapers;Nijmegen;Kooldioxide (CO2);85288000;kg
2007;64335;DS Smith De Hoop B.V.;Eerbeek;Kooldioxide (CO2);215780658;kg
2007;64345;Folding Boxboard Eerbeek bv;Eerbeek;Kooldioxide (CO2);56460506;kg
2007;64353;Stora Enso;Wapenveld;Kooldioxide (CO2);88802234;kg
2007;64354;VHP Security Paper B.V.;Ugchelen;Kooldioxide (CO2);5109120;kg
2007;64360;Smurfit Westrock Parenco B.V.;Renkum;Kooldioxide (CO2);276128945;kg
2007;64633;Aquinos BV (Kesteren);Kesteren;Kooldioxide (CO2);1841535;kg
2007;64735;AGC Flatglass Nederland BV;Tiel;Kooldioxide (CO2);122945591;kg
2007;66201;Coldenhove Paper B.V.;Eerbeek;Kooldioxide (CO2);15560000;kg
2007;66206;TANATEX Chemicals BV;Ede;Kooldioxide (CO2);685672;kg
2007;66220;Smart Packaging Solutions B.V.;Loenen;Kooldioxide (CO2);12296945;kg
2007;66239;Mead Johnson B.V.;Nijmegen;Kooldioxide (CO2);6500158;kg
2007;66253;Stichting Mestverwerking Gelderland SMG (KGBI Stroe);Stroe;Kooldioxide (CO2);2720000;kg
2007;66323;Stichting Mestverwerking Gelderland SMG (KGBI Ede);Ede;Kooldioxide (CO2);2310000;kg
2007;66325;Stichting Mestverwerking Gelderland SMG (KGBI Elspeet);Elspeet;Kooldioxide (CO2);1960000;kg
2007;66326;Stichting Mestverwerking Gelderland SMG (KGBI Putten);Putten;Kooldioxide (CO2);1760000;kg
2007;66355;PFW Aroma ingredients bv;Barneveld;Kooldioxide (CO2);1109418;kg
2007;69007;Sealed Air B.V.;Nijmegen;Kooldioxide (CO2);121746;kg
2007;69033;Vika BV;Ede;Kooldioxide (CO2);1608155;kg
2007;71102;KLK Kolb Specialties B.V.;Delden;Kooldioxide (CO2);6277000;kg
2007;71103;Nouryon Functional Chemicals;Deventer;Kooldioxide (CO2);10969387;kg
2007;71105;Nobian Chemicals BV (Hengelo);Hengelo;Kooldioxide (CO2);406636000;kg
2007;71301;Abbott Biologicals B.V. (Olst);Olst;Kooldioxide (CO2);1954540;kg
2007;71514;Gasunie Vilsteren / Ommen;Vilsteren;Kooldioxide (CO2);28074754;kg
2007;72016;Royal Lactalis Leerdammer BV (Dalfsen);Dalfsen;Kooldioxide (CO2);4263404;kg
2007;72027;Ausnutria Ommen B.V.;Ommen;Kooldioxide (CO2);2231213;kg
2007;73239;Scania Production Zwolle BV;Zwolle;Kooldioxide (CO2);2464761;kg
2007;74003;Centrale Harculo;Zwolle;Kooldioxide (CO2);400649542;kg
2007;74120;Ten Cate Protect B.V.;Nijverdal;Kooldioxide (CO2);4392983;kg
2007;74138;Ames Europe Enschede BV;Enschede;Kooldioxide (CO2);724882;kg
2007;74154;TenCate Outdoor Fabrics BV;Nijverdal;Kooldioxide (CO2);10206000;kg
2007;74174;Edel Carpets B.V.;Genemuiden;Kooldioxide (CO2);2446668;kg
2007;74302;Koninklijke Verpakkingsindustrie Stempher BV ( folie );Rijssen;Kooldioxide (CO2);362963;kg
2007;74484;Polaroid (Europa) B.V.;Enschede;Kooldioxide (CO2);1131030;kg
2007;74604;Apollo Vredestein BV;Enschede;Kooldioxide (CO2);16717791;kg
2007;74609;Dunlop Protective Footwear B.V.;Raalte;Kooldioxide (CO2);81000;kg
2007;74652;Krehalon B.V.;Deventer;Kooldioxide (CO2);1685941;kg
2007;75305;locatie Boeldershoek;Hengelo;Kooldioxide (CO2);247300168;kg
2007;75306;Van Heek textiles BV;Losser;Kooldioxide (CO2);2156000;kg
2007;75316;Faber Vlagproduktie BV;Markelo;Kooldioxide (CO2);1295724;kg
2007;75342;FrieslandCampina Balkbrug;Balkbrug;Kooldioxide (CO2);9766955;kg
2007;75349;CZ Rouveen kaasspecialiteiten;Rouveen;Kooldioxide (CO2);1480092;kg
2007;81104;DOC Kaas (Zuivelfabriek);Hoogeveen;Kooldioxide (CO2);17575690;kg
2007;81105;Diolen Industrial Fibers B.V.;Emmen;Kooldioxide (CO2);20214000;kg
2007;81202;AOC Nederland BV (Schoonebeek);Zandpol;Kooldioxide (CO2);12151000;kg
2007;82002;FrieslandCampina Domo B.V. (Beilen);Beilen;Kooldioxide (CO2);53853267;kg
2007;82603;Avebe u.a. (Gasselternijveen);Gasselternijveen;Kooldioxide (CO2);77244174;kg
2007;83501;2 RG;Klazienaveen;Kooldioxide (CO2);10337418;kg
2007;84808;SOLIDUS SOLUTIONS Board B.V. Coevorden;Coevorden;Kooldioxide (CO2);24820223;kg
2007;84999;FrieslandCampina Kievit (Meppel);Meppel;Kooldioxide (CO2);16907197;kg
2007;85002;Attero BV;Wijster;Kooldioxide (CO2);489601250;kg
2007;85003;Envalior Engineering Materials B.V.;Emmen;Kooldioxide (CO2);5018812;kg
2007;85005;Friesland Foods Cheese;Meppel;Kooldioxide (CO2);174902;kg
2007;91505;N.V. Nederlandse Gasunie - compressorstation Aldeboarn;Aldeboarn;Kooldioxide (CO2);1544999;kg
2007;92001;FrieslandCampina Cheese Gerkesklooster;Gerkesklooster;Kooldioxide (CO2);15876696;kg
2007;92004;Hochwald Foods Nederland BV;Bolsward;Kooldioxide (CO2);7371866;kg
2007;92008;Phoenix BV;Scharsterbrug;Kooldioxide (CO2);13043620;kg
2007;92012;FrieslandCampina (Leeuwarden);Leeuwarden;Kooldioxide (CO2);62063511;kg
2007;92015;FrieslandCampina Dronrijp;Dronryp;Kooldioxide (CO2);14440984;kg
2007;92030;FrieslandCampina (Workum);Workum;Kooldioxide (CO2);19089336;kg
2007;92615;Sonac Burgum BV;Sumar;Kooldioxide (CO2);5213000;kg
2007;94003;Centrale Bergum;Burgum;Kooldioxide (CO2);812642000;kg
2007;94301;Huhtamaki Nederland B.V.;Franeker;Kooldioxide (CO2);14126402;kg
2007;94304;SCA Hygiene Products BV (Suameer);Sumar;Kooldioxide (CO2);2071441;kg
2007;94706;BASF Nederland B.V.;Heerenveen;Kooldioxide (CO2);8889878;kg
2007;101002;Henkel Nederland Operations B.V.;Scheemda;Kooldioxide (CO2);1413113;kg
2007;101103;BioMCN B.V.;Farmsum;Kooldioxide (CO2);230568552;kg
2007;101104;Dow Benelux B.V.;Delfzijl;Kooldioxide (CO2);11689405;kg
2007;101105;P.Q. Silicas B.V.;Winschoten;Kooldioxide (CO2);19662000;kg
2007;101108;Qemetica NL Silica bv;Delfzijl;Kooldioxide (CO2);38514000;kg
2007;101403;Reym Delfzijl;Delfzijl;Kooldioxide (CO2);7570968;kg
2007;101404;Delamine B.V.;Farmsum;Kooldioxide (CO2);1438890;kg
2007;101405;Electric Glass Fiber NL, B.V.;Westerbroek;Kooldioxide (CO2);46452227;kg
2007;101408;Nedmag B.V.;Veendam;Kooldioxide (CO2);101793000;kg
2007;101515;Gasunie Transport Services B.V. - compressorstation Spijk;Eemshaven;Kooldioxide (CO2);61724392;kg
2007;102001;FrieslandCampina Nederland B.V.;Bedum;Kooldioxide (CO2);22948785;kg
2007;102301;Suiker Unie (Groningen);Groningen;Kooldioxide (CO2);76071000;kg
2007;102302;Cosun Beet Company-Vierverlaten;Groningen;Kooldioxide (CO2);90557000;kg
2007;102615;Avebe b.a. (DWM Veendam);Veendam;Kooldioxide (CO2);5074476;kg
2007;102620;Coöperatie AVEBE U.A.;Ter Apelkanaal;Kooldioxide (CO2);148445655;kg
2007;102621;Avebe u.a. (Foxhol);Foxhol;Kooldioxide (CO2);32359462;kg
2007;103009;KBM Master Alloys B.V.;Delfzijl;Kooldioxide (CO2);2629854;kg
2007;103010;DAMCO Aluminium Delfzijl Coöperatie U.A.;Farmsum;Kooldioxide (CO2);189395013;kg
2007;104001;ENGIE Energie Nederland NV;Eemshaven;Kooldioxide (CO2);4462506674;kg
2007;104003;Delesto B.V.;Farmsum;Kooldioxide (CO2);1823053000;kg
2007;104302;Solidus Solutions Board Groningen-Hoogkerk;Groningen;Kooldioxide (CO2);27004000;kg
2007;104304;Eska B.V.;Hoogezand;Kooldioxide (CO2);68322706;kg
2007;104305;Eska B.V.;Sappemeer;Kooldioxide (CO2);38143906;kg
2007;104307;Solidus Board Bad Nieuweschans B.V.;Bad Nieuweschans;Kooldioxide (CO2);37916170;kg
2007;104511;Gasunie mengstation Kootstertille (FR);Kootstertille;Kooldioxide (CO2);24322;kg
2007;104521;FrieslandCampina Wolvega;Wolvega;Kooldioxide (CO2);925230;kg
2007;104527;Friese Ecologische Zuivel (Drachten);Drachten;Kooldioxide (CO2);236408;kg
2007;104710;ESD-SIC BV;Farmsum;Kooldioxide (CO2);124048007;kg
2007;105001;ChemCom Industries BV;Farmsum;Kooldioxide (CO2);7713400;kg
2007;105004;Teijin Aramid B.V.;Farmsum;Kooldioxide (CO2);24359000;kg
2007;105007;FrieslandCampina Nederland B.V.;Marum;Kooldioxide (CO2);10584785;kg
2007;105014;Brunner Mond BV (inrichting bestaat niet meer);Farmsum;Kooldioxide (CO2);105212800;kg
2007;105016;Nobian Industrial Chemicals B.V. - SSC (Shared Service Center);Farmsum;Kooldioxide (CO2);9249;kg
2007;105019;Friesland Foods Western Europe (Groningen);Groningen;Kooldioxide (CO2);2393404;kg
2007;105027;Kisuma Chemicals BV;Veendam;Kooldioxide (CO2);12072628;kg
2007;114001;Maxima-centrale;Lelystad;Kooldioxide (CO2);32420000;kg
2007;114002;Vattenfall Power Generation B.V. (HWC Hogering/WKC Almere);Almere;Kooldioxide (CO2);327131743;kg
2007;114720;Sonac Almere BV;Almere;Kooldioxide (CO2);4904376;kg
2007;114721;Alphen;Alphen;Kooldioxide (CO2);37457;kg
2007;114722;Waterschap Noorderzijlvest - RWZI Garmerwolde;Garmerwolde;Kooldioxide (CO2);14885408;kg
2007;114725;RWZI Ede;Ede;Kooldioxide (CO2);6027461;kg
2007;114728;RWZI Nieuwveer;Breda;Kooldioxide (CO2);8619328;kg
2007;114729;RWZI Aarle-Rixtel (Waterschap Aa en Maas);Aarle-Rixtel;Kooldioxide (CO2);6288725;kg
2007;114730;RWZI Eindhoven (Waterschap De Dommel);Eindhoven;Kooldioxide (CO2);0;kg
2007;114731;RWZI Utrecht (Hoogheemraadschap de Stichtse Rijnlanden);Utrecht;Kooldioxide (CO2);64855326;kg
2007;114732;RWZI Venlo;Venlo;Kooldioxide (CO2);9282371;kg
2007;114733;RWZI Hoensbroek;Hoensbroek;Kooldioxide (CO2);9594468;kg
2007;114734;RWZI Enschede;Enschede;Kooldioxide (CO2);8520750;kg
2007;114735;AWZI De Groote Lucht (Hoogheemraadschap van Delfland);Vlaardingen;Kooldioxide (CO2);9557279;kg
2007;114736;RWZI Dokhaven en Slibverwerkingsinstallatie Sluisjesdijk;Rotterdam;Kooldioxide (CO2);11822804;kg
2007;114737;AWZI Kralingseveer (Hoogheemraadschap van Schieland);Capelle aan den Ijssel;Kooldioxide (CO2);9764713;kg
2007;114740;RWZI Susteren;Susteren;Kooldioxide (CO2);15541762;kg
2007;114741;RWZI Amersfoort;Amersfoort;Kooldioxide (CO2);7218191;kg
2007;114743;RWZI Dinther (Waterschap Aa en Maas);Heeswijk-Dinther;Kooldioxide (CO2);6794394;kg
2007;114744;Elsta P&U;Hoek;Kooldioxide (CO2);1694544500;kg
2007;114745;Komeco B.V.;Dronten;Kooldioxide (CO2);9937;kg
2007;114746;Luchthaven Lelystad NV;Lelystad;Kooldioxide (CO2);43646;kg
2007;114747;PeakShaver Maasvlakte;Maasvlakte Rotterdam;Kooldioxide (CO2);1177369;kg
2007;114750;Interface International BV;Scherpenzeel;Kooldioxide (CO2);2662511;kg
2007;114754;Tarkett lokatie Waalwijk;Waalwijk;Kooldioxide (CO2);1761000;kg
2007;114755;Synthomer Hasselt BV;Hasselt;Kooldioxide (CO2);11509;kg
2007;114757;Eurogen CV;Botlek Rotterdam;Kooldioxide (CO2);467312000;kg
2007;114761;A.C. ter Kuile BV;Enschede;Kooldioxide (CO2);283000;kg
2007;114762;Tapijtfabriek Intercarpet B.V.;Aalten;Kooldioxide (CO2);920591;kg
2007;114767;AWZI Houtrust (Hoogheemraadschap van Delfland);'s-Gravenhage;Kooldioxide (CO2);10906897;kg
2007;114768;MediaMotion Manufacturing B.V.;Uden;Kooldioxide (CO2);1528151;kg
2007;114771;Mauser Benelux BV;Oosterhout;Kooldioxide (CO2);115099;kg
2007;114772;Fenner Dunlop Conveyor Belting;Drachten;Kooldioxide (CO2);4939734;kg
2007;115026;Dokkumer Vlaggen Centrale BV;Dokkum;Kooldioxide (CO2);522187;kg
2007;115034;Maastricht Aachen Airport (MAA);Maastricht-Airport;Kooldioxide (CO2);657728;kg
2007;115036;LyondellBasell Covestro Manufacturing Maasvlakte VOF;Maasvlakte Rotterdam;Kooldioxide (CO2);10212081;kg
2007;115042;Dyka;Steenwijk;Kooldioxide (CO2);462854;kg
2007;115044;EcoTherm B.V.;Winterswijk;Kooldioxide (CO2);303000;kg
2007;115045;Primo Netherlands B.V.;Buitenpost;Kooldioxide (CO2);345305;kg
2007;115047;Helvoet Rubber & Plastic Technologies B.V.;Hellevoetsluis;Kooldioxide (CO2);1184879;kg
2007;115048;Carlisle Construction Materials BV;Kampen;Kooldioxide (CO2);616983;kg
2007;115049;Holonite BV (Tholen);Tholen;Kooldioxide (CO2);153009;kg
2007;115050;Holonite BV (Halsteren);Halsteren;Kooldioxide (CO2);111459;kg
2007;115057;Parker Hannifin Manufacturing Netherlands (Hose) BV;Hoogezand;Kooldioxide (CO2);713635;kg
2007;115058;Perfon BV / Oerlemans Packaging BV;Goor;Kooldioxide (CO2);19735;kg
2007;115059;Plasthill BV;Hillegom;Kooldioxide (CO2);17204;kg
2007;115063;Eagle Simrax BV;Kerkrade;Kooldioxide (CO2);428189;kg
2007;115064;Synprodo Produktie BV;Wijchen;Kooldioxide (CO2);7222680;kg
2007;115066;Trespa International BV;Weert;Kooldioxide (CO2);12281569;kg
2007;115067;Unidek Produktie / Van Dijk Produktie B.V.;Gemert;Kooldioxide (CO2);5550008;kg
2007;115069;Vernay Europa BV;Oldenzaal;Kooldioxide (CO2);90183;kg
2007;115079;Rinos BV;Genemuiden;Kooldioxide (CO2);586864;kg
2007;115084;SVP Productie BV - Hulpwarmtecentrale 1;Purmerend;Kooldioxide (CO2);17911192;kg
2007;115085;Enecal Energy VOF;Botlek Rotterdam;Kooldioxide (CO2);232043000;kg
2007;115098;MCi (Mirror Controls International) Netherlands BV;Montfoort;Kooldioxide (CO2);209267;kg
2007;115108;Koninklijke Verpakkingsindustrie Stempher BV ( papier );Rijssen;Kooldioxide (CO2);0;kg
2007;115143;FrieslandCampina Cheese BV (Leerdam);Leerdam;Kooldioxide (CO2);248189;kg
2007;115154;Kon. Textielfabr. J.A. Raymakers & Co BV (weverij);Gemert;Kooldioxide (CO2);434099;kg
2007;115180;apt Extrusions B.V.;Roermond;Kooldioxide (CO2);4199002;kg
2007;115181;EP NL Rijnmond 1 B.V.;Vondelingenplaat Rotterdam;Kooldioxide (CO2);1889598000;kg
2007;115182;Mestdrogerij Hubun;Bunschoten-Spakenburg;Kooldioxide (CO2);3476735;kg
2007;115184;RWZI Land van Cuijk (Waterschap Aa en Maas);Haps;Kooldioxide (CO2);4529174;kg
2007;115185;DOC Kaas (Zuivelpark);Hoogeveen;Kooldioxide (CO2);37709108;kg
2007;115186;Yara Vlaardingen BV;Vlaardingen;Kooldioxide (CO2);554334;kg
2007;200155;KH de Jong VVL (FrieslandCampina);Drachten;Kooldioxide (CO2);118167;kg
2007;200214;Gasunie Exportstation Hilvarenbeek;Esbeek;Kooldioxide (CO2);8834;kg
2007;200407;COATEX Netherlands BV;Moerdijk;Kooldioxide (CO2);1006889;kg
2007;200692;Attero Zuid B.V. (Moerdijk);Moerdijk;Kooldioxide (CO2);105867;kg
2007;200781;FNsteel BV;Alblasserdam;Kooldioxide (CO2);22820720;kg
2007;201639;Solidus Solutions Board Oude Pekela;Oude Pekela;Kooldioxide (CO2);27053484;kg
2007;201986;Eneco HWC Kanaleneiland;Utrecht;Kooldioxide (CO2);66651;kg
2007;202223;Quest International;Botlek Rotterdam;Kooldioxide (CO2);821390;kg
2007;202229;Bunge Loders Croklaan Rotterdam;Maasvlakte Rotterdam;Kooldioxide (CO2);11006438;kg
2007;202268;Eneco HWC Overvecht;Utrecht;Kooldioxide (CO2);133922;kg
2007;202416;Gasunie Exportstation 's Gravenvoeren;Mheer;Kooldioxide (CO2);8834;kg
2007;202417;Compressorstation Noord Holland;Anna Paulowna;Kooldioxide (CO2);18887;kg
2007;202418;Eneco HWC Nicolaas Beetsstraat;Utrecht;Kooldioxide (CO2);791596;kg
2007;202419;Eneco HWC Nieuwegein;Nieuwegein;Kooldioxide (CO2);2090548;kg
2007;202824;Eneco Merwedekanaal;Utrecht;Kooldioxide (CO2);459849404;kg
2007;202825;Eneco Lage Weide;Utrecht;Kooldioxide (CO2);616425719;kg
2007;203005;Gasunie Transport Service B.V. - compressorstation Grijpskerk;Grijpskerk;Kooldioxide (CO2);3689;kg
2007;203186;RWZI West;Amsterdam;Kooldioxide (CO2);56654628;kg
2007;220124;AWZI Almere;Almere;Kooldioxide (CO2);4782399;kg
2007;220150;Hoogheemraadschap Hollands Noorderkwartier SDI/RWZI Beverwijk;Beverwijk;Kooldioxide (CO2);33972537;kg
2007;220264;Rioolwaterzuiveringsinstallatie Hengelo;Hengelo;Kooldioxide (CO2);1132320;kg
2007;220326;AWZI Nieuwe Waterweg;Hoek Van Holland;Kooldioxide (CO2);1818894;kg
2007;220387;RWZI Den Bosch (Waterschap Aa en Maas);'s-Hertogenbosch;Kooldioxide (CO2);7992250;kg
2007;220416;RWZI Tilburg Noord;Tilburg;Kooldioxide (CO2);6075;kg
2007;220537;RWZI Harnaschpolder (Hoogheemraadschap van Delfland);Den Hoorn;Kooldioxide (CO2);26562888;kg
2008;60;Sappi Maastricht BV;Maastricht;Kooldioxide (CO2);249263271;kg
2008;61;Rubber Resources BV;Maastricht;Kooldioxide (CO2);1013574;kg
2008;62;Chemelot Site Permit BV;Geleen;Kooldioxide (CO2);5101390047;kg
2008;65;PQ Silicas BV;Eijsden;Kooldioxide (CO2);40191601;kg
2008;66;Marsna Paper B.V.;Meerssen;Kooldioxide (CO2);317183;kg
2008;84;BASF Nederland B.V.;Maastricht;Kooldioxide (CO2);4831435;kg
2008;90;VDL Castings Heerlen BV;Hoensbroek;Kooldioxide (CO2);28186178;kg
2008;113;VDL Nedcar B.V.;Born;Kooldioxide (CO2);13225708;kg
2008;148;ENCI BV (Maastricht);Maastricht;Kooldioxide (CO2);631197200;kg
2008;151;O-I Netherlands BV (Maastricht);Maastricht;Kooldioxide (CO2);82300648;kg
2008;159;Fenzi AGT Netherlands B.V.;Maastricht;Kooldioxide (CO2);4366916;kg
2008;325;Lawter Maastricht BV;Maastricht;Kooldioxide (CO2);3939522;kg
2008;1104;Solvay Chemie BV;Herten;Kooldioxide (CO2);2273672;kg
2008;1107;Nouryon Functional Chemicals B.V.;Herkenbosch;Kooldioxide (CO2);12807014;kg
2008;1404;DSM Pharma Chemicals Venlo BV;Venlo;Kooldioxide (CO2);6861000;kg
2008;3509;VDL Castings Weert BV;Weert;Kooldioxide (CO2);185007;kg
2008;3513;MGG Netherlands BV;Tegelen;Kooldioxide (CO2);5971349;kg
2008;4001;Clauscentrale;Maasbracht;Kooldioxide (CO2);1727201380;kg
2008;4301;Smurfit Westrock Roermond Paper BV;Roermond;Kooldioxide (CO2);152547000;kg
2008;4753;Rockwool B.V.;Roermond;Kooldioxide (CO2);192174712;kg
2008;5727;EverZinc Nederland B.V.;Eijsden;Kooldioxide (CO2);21130521;kg
2008;5729;Celanese Production Netherlands B.V.;Geleen;Kooldioxide (CO2);1623881;kg
2008;5740;WEPA Nederland B.V.;Swalmen;Kooldioxide (CO2);23473603;kg
2008;5743;Walkro Blitterswijck BV;Blitterswijck;Kooldioxide (CO2);659130;kg
2008;5746;Nuon Power Generation BV (Buggenum);Haelen;Kooldioxide (CO2);1257418006;kg
2008;5750;FrieslandCampina Born;Born;Kooldioxide (CO2);6682416;kg
2008;5804;PQ Nederland BV;Maastricht;Kooldioxide (CO2);6472865;kg
2008;10001;Nobian Industrial Chemicals BV (Rotterdam);Botlek Rotterdam;Kooldioxide (CO2);207157386;kg
2008;10002;Nouryon Performance Formulations b.v.;Europoort Rotterdam;Kooldioxide (CO2);16000;kg
2008;10003;Synres B.V.;Hoek Van Holland;Kooldioxide (CO2);6589853;kg
2008;10004;Lyondell Chemical Nederland Ltd.;Botlek Rotterdam;Kooldioxide (CO2);118580523;kg
2008;10005;LBC Rotterdam BV;Botlek Rotterdam;Kooldioxide (CO2);4855223;kg
2008;10006;Shell Nederland Chemie BV (Pernis);Vondelingenplaat Rotterdam;Kooldioxide (CO2);34812236;kg
2008;10016;Climax Molybdenum BV;Botlek Rotterdam;Kooldioxide (CO2);7376888;kg
2008;10017;Evonik Carbon Black Nederland BV;Botlek Rotterdam;Kooldioxide (CO2);141670115;kg
2008;10042;Kemira Rotterdam B.V. - locatie Botlek;Botlek Rotterdam;Kooldioxide (CO2);200985;kg
2008;10057;Shell Nederland Raffinaderij BV;Vondelingenplaat Rotterdam;Kooldioxide (CO2);5151890755;kg
2008;10058;BP Raffinaderij Rotterdam B.V.;Europoort Rotterdam;Kooldioxide (CO2);2130368000;kg
2008;10059;Gunvor Energy Rotterdam B.V. (GPR);Europoort Rotterdam;Kooldioxide (CO2);518293787;kg
2008;10061;Esso Nederland BV (Raffinaderij Rotterdam);Botlek Rotterdam;Kooldioxide (CO2);2312246198;kg
2008;10062;ExxonMobil Chemical Holland BV (RAP);Botlek Rotterdam;Kooldioxide (CO2);334087928;kg
2008;10063;AVR-Afvalverwerking;Botlek Rotterdam;Kooldioxide (CO2);1080188340;kg
2008;10064;Almatis BV;Botlek Rotterdam;Kooldioxide (CO2);19229631;kg
2008;10066;Kemira Rotterdam BV locatie Europoort;Europoort Rotterdam;Kooldioxide (CO2);8926979;kg
2008;10073;Tronox Pigments (Holland) BV;Botlek Rotterdam;Kooldioxide (CO2);76953428;kg
2008;10076;HVC AfvalEnergieCentrale Dordrecht;Dordrecht;Kooldioxide (CO2);207703173;kg
2008;10078;Ruigenhil Vastgoed B.V. (Nedstaal/FNSteel/Heros);Alblasserdam;Kooldioxide (CO2);54978292;kg
2008;10079;Chemours Netherlands B.V.;Dordrecht;Kooldioxide (CO2);182629981;kg
2008;10082;Akzo Nobel Car Refinishes B.V.;Sassenheim;Kooldioxide (CO2);3557842;kg
2008;10086;NV Nutricia Zoetermeer;Zoetermeer;Kooldioxide (CO2);12708075;kg
2008;10097;SD Guthrie International Zwijndrecht Refinery B.V.;Zwijndrecht;Kooldioxide (CO2);53390012;kg
2008;10100;Bakelite Botlek Rotterdam;Botlek Rotterdam;Kooldioxide (CO2);5725303;kg
2008;10546;Lactalis Leerdammer BV (Schoonrewoerd);Schoonrewoerd;Kooldioxide (CO2);11477111;kg
2008;10590;FrieslandCampina Rotterdam;Rotterdam;Kooldioxide (CO2);2710401;kg
2008;10615;ENCI BV (Rotterdam);Botlek Rotterdam;Kooldioxide (CO2);11385130;kg
2008;10621;Hunter Douglas Europe BV;Rotterdam;Kooldioxide (CO2);14302464;kg
2008;10687;Biotech Campus Delft;Delft;Kooldioxide (CO2);85083705;kg
2008;10689;Air Products Nederland BV (Botlek);Botlek Rotterdam;Kooldioxide (CO2);360220187;kg
2008;10698;Cargill Bioindustrial BV;Gouda;Kooldioxide (CO2);49950720;kg
2008;10722;O-I Manufacturing Netherlands BV Schiedam;Schiedam;Kooldioxide (CO2);63586890;kg
2008;10723;O-I Netherlands BV (Leerdam);Leerdam;Kooldioxide (CO2);117788035;kg
2008;10728;Cargill Refined Oils Europe;Botlek Rotterdam;Kooldioxide (CO2);26065000;kg
2008;10738;Cerexagri BV / ARKEMA Rotterdam BV;Vondelingenplaat Rotterdam;Kooldioxide (CO2);10307438;kg
2008;10793;Tata Steel Nederland Tubes BV locatie Zwijndrecht;Zwijndrecht;Kooldioxide (CO2);1142911;kg
2008;10815;AVR NV (Rotterdam);Rotterdam;Kooldioxide (CO2);335419000;kg
2008;10829;Cosun Beet company (Puttershoek);Puttershoek;Kooldioxide (CO2);713000;kg
2008;10928;Aluminium & Chemie Rotterdam B.V.;Botlek Rotterdam;Kooldioxide (CO2);250549048;kg
2008;10971;Ferro (Holland) B.V. (HS);Rotterdam;Kooldioxide (CO2);3813000;kg
2008;10998;Draka Interfoam;Hillegom;Kooldioxide (CO2);1020000;kg
2008;11024;Cabot B.V.;Botlek Rotterdam;Kooldioxide (CO2);209076945;kg
2008;11090;Chane Terminal Botlek B.V.;Botlek Rotterdam;Kooldioxide (CO2);16912000;kg
2008;11105;Heineken Netherlands Supply B.V., brouwerij Zoeterwoude;Zoeterwoude;Kooldioxide (CO2);72398922;kg
2008;11111;Ashland Industries Nederland B.V.;Zwijndrecht;Kooldioxide (CO2);25489743;kg
2008;11230;Damen Verolme BV;Botlek Rotterdam;Kooldioxide (CO2);627845;kg
2008;11366;LANXESS Rotterdam Botlek;Botlek Rotterdam;Kooldioxide (CO2);118637660;kg
2008;12134;Archer Daniels Midland Europoort BV (ADM);Europoort Rotterdam;Kooldioxide (CO2);200231708;kg
2008;12135;ExxonMobil Chemical Holland BV (ROP van RPI);Europoort Rotterdam;Kooldioxide (CO2);53647119;kg
2008;12147;E.ON Warmte Station Galileistraat;Rotterdam;Kooldioxide (CO2);478838023;kg
2008;12149;Uniper Benelux NV (Maasvlakte);Maasvlakte Rotterdam;Kooldioxide (CO2);6983227913;kg
2008;12150;Uniper Centrale RoCa;Rotterdam;Kooldioxide (CO2);680570938;kg
2008;12157;HVC ZVI B.V.;Dordrecht;Kooldioxide (CO2);8982163;kg
2008;12158;HVC Slibverbrandingsinstallatie;Dordrecht;Kooldioxide (CO2);99500000;kg
2008;12162;Evos Rotterdam B.V.;Europoort Rotterdam;Kooldioxide (CO2);7930874;kg
2008;12167;UZIMET BV;Rijswijk;Kooldioxide (CO2);533574;kg
2008;12168;INV NYLON CHEMICALS NETHERLANDS B.V.;Botlek Rotterdam;Kooldioxide (CO2);4803293;kg
2008;12170;FrieslandCampina Maasdam;Maasdam;Kooldioxide (CO2);5282874;kg
2008;12171;Zuivelfabriek De Graafstroom;Bleskensgraaf Ca;Kooldioxide (CO2);3563263;kg
2008;12172;Promelca B.V. (Gorinchem);Gorinchem;Kooldioxide (CO2);30128931;kg
2008;12174;Ducor Petrochemicals B.V.;Botlek Rotterdam;Kooldioxide (CO2);7188393;kg
2008;12175;Air Liquide Industrie BV;Botlek Rotterdam;Kooldioxide (CO2);27204251;kg
2008;12176;Air Products Nederland BV (Pernis);Vondelingenplaat Rotterdam;Kooldioxide (CO2);635268000;kg
2008;12177;VPR Energy B.V.;Europoort Rotterdam;Kooldioxide (CO2);95076000;kg
2008;19004;ExxonMobil Chemical Holland BV (RPP van RPI);Botlek Rotterdam;Kooldioxide (CO2);54773000;kg
2008;19070;Indorama Ventures Europe BV;Europoort Rotterdam;Kooldioxide (CO2);55475695;kg
2008;19071;Shin-Etsu PVC BV (VCM Botlek);Botlek Rotterdam;Kooldioxide (CO2);87299950;kg
2008;19072;FrieslandCampina Nederland B.V.;Noordwijk;Kooldioxide (CO2);1229408;kg
2008;19073;Westlake Epoxy B.V.;Vondelingenplaat Rotterdam;Kooldioxide (CO2);37542812;kg
2008;21010;Sonneborn Refined Products BV (Amsterdam);Amsterdam;Kooldioxide (CO2);21684892;kg
2008;21011;Rütgers Resins B.V.;Uithoorn;Kooldioxide (CO2);23306000;kg
2008;21101;Ketjen Netherlands BV;Amsterdam;Kooldioxide (CO2);56877114;kg
2008;21102;ICL FERTILIZERS EUROPE C.V.;Amsterdam;Kooldioxide (CO2);11615069;kg
2008;21103;DSM Agro BV;Velsen-Noord;Kooldioxide (CO2);14256960;kg
2008;21301;LANXESS Manufacturing Netherlands BV;Amsterdam;Kooldioxide (CO2);4500360;kg
2008;21302;Abbott Healthcare Products BV (Weesp);Weesp;Kooldioxide (CO2);29474;kg
2008;21304;Givaudan Nederland B.V. (Naarden);Naarden;Kooldioxide (CO2);9698658;kg
2008;21403;Norit Nederland BV (Zaandam);Zaandam;Kooldioxide (CO2);39880084;kg
2008;21528;N.V. Nederlandse Gasunie (Wieringermeer);Middenmeer;Kooldioxide (CO2);3828028;kg
2008;21529;Gasunie Transport Services B.V.;Heemskerk;Kooldioxide (CO2);7722092;kg
2008;21530;OQ Chemicals Nederland BV;Amsterdam;Kooldioxide (CO2);1675642;kg
2008;22002;Campina BV (Heiloo);Heiloo;Kooldioxide (CO2);927348;kg
2008;22006;FrieslandCampina Nederland B.V. Lutjewinkel;Lutjewinkel;Kooldioxide (CO2);6787369;kg
2008;22008;Kaptein PCF;Oosthuizen;Kooldioxide (CO2);547899;kg
2008;22012;CONO Kaasmakers (Middenbeemster);Westbeemster;Kooldioxide (CO2);7052069;kg
2008;22602;Tate & Lyle Netherlands BV;Koog aan de Zaan;Kooldioxide (CO2);78893197;kg
2008;22617;Bunge Netherlands BV;Amsterdam;Kooldioxide (CO2);71977995;kg
2008;22626;Cargill BV (Multiseed);Amsterdam;Kooldioxide (CO2);31219966;kg
2008;23301;Tata Steel IJmuiden BV;Velsen-Noord;Kooldioxide (CO2);6457444311;kg
2008;24000;Vattenfall Power Generation B.V. (Hemweg);Amsterdam;Kooldioxide (CO2);3260020311;kg
2008;24002;Vattenfall Power Generation B.V. (Diemen);Diemen;Kooldioxide (CO2);614607083;kg
2008;24003;Vattenfall Power Generation B.V. (Velsen);Velsen-Noord;Kooldioxide (CO2);4288264019;kg
2008;24007;Nuon Power Generation BV Purmerend WKC;Purmerend;Kooldioxide (CO2);149503183;kg
2008;24302;Crown van Gelder International B.V.;Velsen-Noord;Kooldioxide (CO2);145652887;kg
2008;24601;Renolit Nederland BV;Enkhuizen;Kooldioxide (CO2);485158;kg
2008;24605;Forbo Flooring BV;Assendelft;Kooldioxide (CO2);15237210;kg
2008;24606;BN International BV;Huizen;Kooldioxide (CO2);8315000;kg
2008;24714;ENCI BV (IJmuiden);Velsen-Noord;Kooldioxide (CO2);24434066;kg
2008;28070;Alpha Assembly Solutions Netherlands BV;Naarden;Kooldioxide (CO2);1368368;kg
2008;28072;Quaker Chemical B.V. (A Quaker Houghton Company);Uithoorn;Kooldioxide (CO2);2322691;kg
2008;28085;AEB Amsterdam;Amsterdam;Kooldioxide (CO2);1197003640;kg
2008;28087;Schiphol Nederland BV;Schiphol;Kooldioxide (CO2);32778176;kg
2008;28091;HVC N.V.;Alkmaar;Kooldioxide (CO2);506779591;kg
2008;28097;A-ware Zaandam BV;Zaandam;Kooldioxide (CO2);280;kg
2008;28098;FrieslandCampina Limmen (Ecomel);Limmen;Kooldioxide (CO2);671905;kg
2008;28176;Vattenfall Power Generation B.V. (IJmond 1);Velsen-Noord;Kooldioxide (CO2);1989597296;kg
2008;28177;Shipdock BV;Amsterdam;Kooldioxide (CO2);295986;kg
2008;31311;CARBOGEN AMCIS B.V.;Veenendaal;Kooldioxide (CO2);2360506;kg
2008;31402;SC Johnson Europlant B.V.;Mijdrecht;Kooldioxide (CO2);3577428;kg
2008;34111;Lantor BV;Veenendaal;Kooldioxide (CO2);3121051;kg
2008;39103;Koninklijke ERU Kaasfabriek B.V.;Woerden;Kooldioxide (CO2);518934;kg
2008;39111;NEDAL Aluminium BV (Utrecht);Utrecht;Kooldioxide (CO2);2720545;kg
2008;41002;Sibelco Geertruidenberg;Geertruidenberg;Kooldioxide (CO2);1643918;kg
2008;41003;Shell Nederland Chemie BV (Moerdijk);Moerdijk;Kooldioxide (CO2);2573260770;kg
2008;41101;SABIC Innovative Plastics BV;Bergen op Zoom;Kooldioxide (CO2);467781928;kg
2008;41102;Allnex Netherlands B.V.;Bergen op Zoom;Kooldioxide (CO2);12405500;kg
2008;41103;Synthos Breda BV;Breda;Kooldioxide (CO2);9415474;kg
2008;41106;IFF Nederland BV;Tilburg;Kooldioxide (CO2);1416312;kg
2008;41108;Caldic Chemie Produktie BV;Zevenbergen;Kooldioxide (CO2);10224754;kg
2008;41307;Aspen Oss B.V.;Oss;Kooldioxide (CO2);30292605;kg
2008;41402;Trobas Gelatine B.V.;Dongen;Kooldioxide (CO2);7252863;kg
2008;41428;Covestro (Netherlands) B.V., vestiging Waalwijk;Waalwijk;Kooldioxide (CO2);4995060;kg
2008;41502;Ravenstein;Ravenstein;Kooldioxide (CO2);83211602;kg
2008;41521;Afvalstoffen Terminal Moerdijk BV (ATM);Moerdijk;Kooldioxide (CO2);255842456;kg
2008;42022;Nutricia Cuijk B.V.;Cuijk;Kooldioxide (CO2);9051980;kg
2008;42034;FrieslandCampina DMV B.V.;Veghel;Kooldioxide (CO2);112920711;kg
2008;42310;Cosun Beet Company-Dinteloord;Dinteloord;Kooldioxide (CO2);128078000;kg
2008;42313;Sensus Roosendaal & Sensus Zwolle;Roosendaal;Kooldioxide (CO2);12595504;kg
2008;42408;Swinkels Family Brewers N.V.;Lieshout;Kooldioxide (CO2);53538987;kg
2008;42629;Cargill BV;Bergen op Zoom;Kooldioxide (CO2);54332159;kg
2008;42834;Rendac Son BV;Son en Breugel;Kooldioxide (CO2);50248011;kg
2008;43002;Mannesmann Precision Tubes Netherlands BV;Helmond;Kooldioxide (CO2);3109618;kg
2008;43003;Tata Steel Nederland Tubes BV locatie Oosterhout;Oosterhout;Kooldioxide (CO2);11556498;kg
2008;43013;Nyrstar Budel BV;Budel-Dorplein;Kooldioxide (CO2);41793002;kg
2008;43403;DAF Trucks N.V.;Eindhoven;Kooldioxide (CO2);15995912;kg
2008;43511;Wartsila Netherlands BV;Drunen;Kooldioxide (CO2);3085937;kg
2008;43513;LDM b.v.;Drunen;Kooldioxide (CO2);1335515;kg
2008;43856;Hydro Extrusion Drunen;Drunen;Kooldioxide (CO2);11675578;kg
2008;44004;Amer Centrale;Geertruidenberg;Kooldioxide (CO2);4192280173;kg
2008;44005;Essent Energie Productie BV (Dongecentrale);Geertruidenberg;Kooldioxide (CO2);92028238;kg
2008;44006;RWZI Oijen (Waterschap Aa en Maas);Oijen;Kooldioxide (CO2);4892030;kg
2008;44007;PreZero Energy Roosendaal B.V.;Roosendaal;Kooldioxide (CO2);73854267;kg
2008;44009;BV Afvalverbranding Zuid Nederland (AZN);Moerdijk;Kooldioxide (CO2);683456537;kg
2008;44162;Vlisco Netherlands BV;Helmond;Kooldioxide (CO2);21322082;kg
2008;44171;Kon. Textielfabr. J.A. Raymakers & Co BV (veredeling);Helmond;Kooldioxide (CO2);7424;kg
2008;44772;Ardagh Glass Dongen BV;Dongen;Kooldioxide (CO2);91703989;kg
2008;44773;Saint Gobain Construction Products NL BV;Etten-Leur;Kooldioxide (CO2);57495854;kg
2008;45669;Caligen Europe BV;Breda;Kooldioxide (CO2);241560;kg
2008;45672;CurTec Nederland bv;Rijen;Kooldioxide (CO2);256804;kg
2008;47001;Slibverwerking Noord-Brabant NV;Moerdijk;Kooldioxide (CO2);144000000;kg
2008;48002;Unipol Holland BV;Oss;Kooldioxide (CO2);4496980;kg
2008;48018;FUJIFILM Manufacturing Europe B.V.;Tilburg;Kooldioxide (CO2);47810539;kg
2008;48020;CNC;Moerdijk;Kooldioxide (CO2);287887992;kg
2008;48022;Dr. W. Kolb Nederland BV;Klundert;Kooldioxide (CO2);1874968;kg
2008;48023;FrieslandCampina Rijkevoort (Holland Cheese);Rijkevoort;Kooldioxide (CO2);9755777;kg
2008;48024;Essity Operations Cuijk B.V.;Katwijk NB;Kooldioxide (CO2);20030156;kg
2008;48029;FrieslandCampina Eindhoven (Consumer Products Europe);Eindhoven;Kooldioxide (CO2);4652010;kg
2008;48031;FrieslandCampina Butter & Milkpowder - Den Bosch;'s-Hertogenbosch;Kooldioxide (CO2);3130506;kg
2008;48040;FrieslandCampina Tilburg (Holland Cheese);Tilburg;Kooldioxide (CO2);4310870;kg
2008;48051;KBM Master Alloys BV (Oss);Oss;Kooldioxide (CO2);786980;kg
2008;48055;Johan van den Acker Textielfabriek BV;Gemert;Kooldioxide (CO2);516002;kg
2008;48073;Nedzink BV;Budel-Dorplein;Kooldioxide (CO2);1125000;kg
2008;48147;Van Oerle Alberton BV (Boxtel);Boxtel;Kooldioxide (CO2);2048622;kg
2008;48156;Textielfabrieken H. van Puijenbroek BV;Goirle;Kooldioxide (CO2);3262866;kg
2008;49006;WKC Moerdijk;Moerdijk;Kooldioxide (CO2);666231490;kg
2008;49010;Basell Benelux B.V.;Moerdijk;Kooldioxide (CO2);7416000;kg
2008;49017;Merck Sharp & Dohme B.V.;Oss;Kooldioxide (CO2);5129342;kg
2008;49027;FrieslandCampina Nuenen;Nuenen;Kooldioxide (CO2);669791;kg
2008;49043;Albers Organic Minerals;Zeeland;Kooldioxide (CO2);1608822;kg
2008;51101;Synthomer Middelburg BV;Middelburg;Kooldioxide (CO2);44362776;kg
2008;51102;Rosier Nederland B.V.;Sas Van GEnt;Kooldioxide (CO2);20021700;kg
2008;51104;Dow Benelux BV (Hoek);Hoek;Kooldioxide (CO2);3136192848;kg
2008;51105;YARA Sluiskil BV;Sluiskil;Kooldioxide (CO2);2273384838;kg
2008;51107;ARKEMA B.V. location Vlissingen;Vlissingen;Kooldioxide (CO2);4421384;kg
2008;51404;ICL-IP Terneuzen BV;Terneuzen;Kooldioxide (CO2);17834504;kg
2008;51501;Zeeland Refinery N.V.;Nieuwdorp;Kooldioxide (CO2);1664533735;kg
2008;52612;Cargill Benelux BV;Sas Van GEnt;Kooldioxide (CO2);227099424;kg
2008;53129;Damen Schelde Naval Shipbuilding B.V. en Damen Shiprepair Vlissingen B.V.;Ritthem;Kooldioxide (CO2);2786378;kg
2008;53504;Zeeland Aluminium Company (Zalco BV);Vlissingen;Kooldioxide (CO2);362004563;kg
2008;54001;EPZ NV (Conventional Operations);Borssele;Kooldioxide (CO2);2022225000;kg
2008;56118;Stepan Nederland BV;Ritthem;Kooldioxide (CO2);1328936;kg
2008;56119;Decontamination Services BV;Ritthem;Kooldioxide (CO2);21092215;kg
2008;56121;ThermPhos International BV;Ritthem;Kooldioxide (CO2);254143000;kg
2008;56129;Fleuren Compost BV;Middelharnis;Kooldioxide (CO2);4970710;kg
2008;61302;N.V. Organon vergunning ingetrokken;Apeldoorn;Kooldioxide (CO2);1795406;kg
2008;61407;SABA Dinxperlo BV;Dinxperlo;Kooldioxide (CO2);406362;kg
2008;61411;Sonac Vuren BV;Vuren;Kooldioxide (CO2);11476816;kg
2008;61418;SACHEM Europe BV;Zaltbommel;Kooldioxide (CO2);3246880;kg
2008;61424;Veolia Industriediensten BV;Arnhem;Kooldioxide (CO2);115087051;kg
2008;61426;CP Kelco;Nijmegen;Kooldioxide (CO2);10591260;kg
2008;61517;Gasunie Zweekhorst;Zevenaar;Kooldioxide (CO2);3978195;kg
2008;62006;FrieslandCampina Cheese Varsseveld;Varsseveld;Kooldioxide (CO2);3168583;kg
2008;62009;FrieslandCampina Butter&Milkpowder (Lochem);Lochem;Kooldioxide (CO2);40577469;kg
2008;62010;Nestlé Nederland BV (Nunspeet);Nunspeet;Kooldioxide (CO2);14028443;kg
2008;62013;FrieslandCampina Steenderen;Steenderen;Kooldioxide (CO2);4164401;kg
2008;62025;FrieslandCampina (Borculo);Borculo;Kooldioxide (CO2);61153056;kg
2008;62031;Arla Foods BV;Nijkerk;Kooldioxide (CO2);12845947;kg
2008;62406;Riedel BV;Ede;Kooldioxide (CO2);4105561;kg
2008;63003;Corus Tubes Arnhem;Arnhem;Kooldioxide (CO2);1270490;kg
2008;63012;KME Netherlands B.V.;Zutphen;Kooldioxide (CO2);6608949;kg
2008;63504;Gieterij Doesburg BV;Doesburg;Kooldioxide (CO2);1534153;kg
2008;63505;Vulcanus Castings BV;Doetinchem;Kooldioxide (CO2);11988695;kg
2008;63508;Nijmeegsche IJzergieterij BV;Nijmegen;Kooldioxide (CO2);6136138;kg
2008;63509;LF Casting B.V.;Terborg;Kooldioxide (CO2);1295203;kg
2008;63601;Hydro Extrusion Harderwijk;Harderwijk;Kooldioxide (CO2);11232848;kg
2008;64001;Centrale Gelderland;Nijmegen;Kooldioxide (CO2);3285005716;kg
2008;64004;AVR Afvalverwerking BV (Duiven);Duiven;Kooldioxide (CO2);428554000;kg
2008;64005;ARN B.V.;Weurt;Kooldioxide (CO2);327540749;kg
2008;64304;Papierfabriek Doetinchem bv;Doetinchem;Kooldioxide (CO2);32341809;kg
2008;64307;Schut Papier B.V.;Heelsum;Kooldioxide (CO2);2680803;kg
2008;64308;Sappi Nijmegen BV/InnovioPapers;Nijmegen;Kooldioxide (CO2);80813000;kg
2008;64335;DS Smith De Hoop B.V.;Eerbeek;Kooldioxide (CO2);226731000;kg
2008;64345;Folding Boxboard Eerbeek bv;Eerbeek;Kooldioxide (CO2);52493586;kg
2008;64354;VHP Security Paper B.V.;Ugchelen;Kooldioxide (CO2);5592335;kg
2008;64360;Smurfit Westrock Parenco B.V.;Renkum;Kooldioxide (CO2);277601036;kg
2008;64633;Aquinos BV (Kesteren);Kesteren;Kooldioxide (CO2);1688148;kg
2008;64735;AGC Flatglass Nederland BV;Tiel;Kooldioxide (CO2);130416934;kg
2008;66201;Coldenhove Paper B.V.;Eerbeek;Kooldioxide (CO2);14981000;kg
2008;66206;TANATEX Chemicals BV;Ede;Kooldioxide (CO2);717976;kg
2008;66220;Smart Packaging Solutions B.V.;Loenen;Kooldioxide (CO2);12321403;kg
2008;66239;Mead Johnson B.V.;Nijmegen;Kooldioxide (CO2);7017381;kg
2008;66253;Stichting Mestverwerking Gelderland SMG (KGBI Stroe);Stroe;Kooldioxide (CO2);2500000;kg
2008;66323;Stichting Mestverwerking Gelderland SMG (KGBI Ede);Ede;Kooldioxide (CO2);2330000;kg
2008;66325;Stichting Mestverwerking Gelderland SMG (KGBI Elspeet);Elspeet;Kooldioxide (CO2);2020000;kg
2008;66326;Stichting Mestverwerking Gelderland SMG (KGBI Putten);Putten;Kooldioxide (CO2);2070000;kg
2008;66355;PFW Aroma ingredients bv;Barneveld;Kooldioxide (CO2);1026599;kg
2008;69007;Sealed Air B.V.;Nijmegen;Kooldioxide (CO2);156664;kg
2008;69033;Vika BV;Ede;Kooldioxide (CO2);1586805;kg
2008;71102;KLK Kolb Specialties B.V.;Delden;Kooldioxide (CO2);6068000;kg
2008;71103;Nouryon Functional Chemicals;Deventer;Kooldioxide (CO2);11310589;kg
2008;71105;Nobian Chemicals BV (Hengelo);Hengelo;Kooldioxide (CO2);408591000;kg
2008;71301;Abbott Biologicals B.V. (Olst);Olst;Kooldioxide (CO2);2027275;kg
2008;71514;Gasunie Vilsteren / Ommen;Vilsteren;Kooldioxide (CO2);18908326;kg
2008;72016;Royal Lactalis Leerdammer BV (Dalfsen);Dalfsen;Kooldioxide (CO2);4245852;kg
2008;72024;Ausnutria Kampen BV;Kampen;Kooldioxide (CO2);15597590;kg
2008;72027;Ausnutria Ommen B.V.;Ommen;Kooldioxide (CO2);2966463;kg
2008;73239;Scania Production Zwolle BV;Zwolle;Kooldioxide (CO2);2455167;kg
2008;74003;Centrale Harculo;Zwolle;Kooldioxide (CO2);444431334;kg
2008;74120;Ten Cate Protect B.V.;Nijverdal;Kooldioxide (CO2);4356089;kg
2008;74138;Ames Europe Enschede BV;Enschede;Kooldioxide (CO2);680577;kg
2008;74154;TenCate Outdoor Fabrics BV;Nijverdal;Kooldioxide (CO2);7253000;kg
2008;74174;Edel Carpets B.V.;Genemuiden;Kooldioxide (CO2);2997385;kg
2008;74302;Koninklijke Verpakkingsindustrie Stempher BV ( folie );Rijssen;Kooldioxide (CO2);0;kg
2008;74604;Apollo Vredestein BV;Enschede;Kooldioxide (CO2);16303016;kg
2008;74609;Dunlop Protective Footwear B.V.;Raalte;Kooldioxide (CO2);107700;kg
2008;74652;Krehalon B.V.;Deventer;Kooldioxide (CO2);1825964;kg
2008;75305;locatie Boeldershoek;Hengelo;Kooldioxide (CO2);430711402;kg
2008;75306;Van Heek textiles BV;Losser;Kooldioxide (CO2);2225000;kg
2008;75316;Faber Vlagproduktie BV;Markelo;Kooldioxide (CO2);1330613;kg
2008;75342;FrieslandCampina Balkbrug;Balkbrug;Kooldioxide (CO2);9868245;kg
2008;75349;CZ Rouveen kaasspecialiteiten;Rouveen;Kooldioxide (CO2);1707796;kg
2008;81104;DOC Kaas (Zuivelfabriek);Hoogeveen;Kooldioxide (CO2);16103888;kg
2008;81202;AOC Nederland BV (Schoonebeek);Zandpol;Kooldioxide (CO2);9150000;kg
2008;82002;FrieslandCampina Domo B.V. (Beilen);Beilen;Kooldioxide (CO2);54949981;kg
2008;82603;Avebe u.a. (Gasselternijveen);Gasselternijveen;Kooldioxide (CO2);83033404;kg
2008;83501;2 RG;Klazienaveen;Kooldioxide (CO2);9467791;kg
2008;84808;SOLIDUS SOLUTIONS Board B.V. Coevorden;Coevorden;Kooldioxide (CO2);22959969;kg
2008;84999;FrieslandCampina Kievit (Meppel);Meppel;Kooldioxide (CO2);18439468;kg
2008;85002;Attero BV;Wijster;Kooldioxide (CO2);497551338;kg
2008;85003;Envalior Engineering Materials B.V.;Emmen;Kooldioxide (CO2);4870023;kg
2008;91505;N.V. Nederlandse Gasunie - compressorstation Aldeboarn;Aldeboarn;Kooldioxide (CO2);720898;kg
2008;92001;FrieslandCampina Cheese Gerkesklooster;Gerkesklooster;Kooldioxide (CO2);18142815;kg
2008;92004;Hochwald Foods Nederland BV;Bolsward;Kooldioxide (CO2);6853961;kg
2008;92008;Phoenix BV;Scharsterbrug;Kooldioxide (CO2);14832377;kg
2008;92012;FrieslandCampina (Leeuwarden);Leeuwarden;Kooldioxide (CO2);70661205;kg
2008;92015;FrieslandCampina Dronrijp;Dronryp;Kooldioxide (CO2);15395249;kg
2008;92030;FrieslandCampina (Workum);Workum;Kooldioxide (CO2);19960814;kg
2008;92615;Sonac Burgum BV;Sumar;Kooldioxide (CO2);55680000;kg
2008;94003;Centrale Bergum;Burgum;Kooldioxide (CO2);867574000;kg
2008;94301;Huhtamaki Nederland B.V.;Franeker;Kooldioxide (CO2);14399240;kg
2008;94304;SCA Hygiene Products BV (Suameer);Sumar;Kooldioxide (CO2);2211009;kg
2008;94706;BASF Nederland B.V.;Heerenveen;Kooldioxide (CO2);13202400;kg
2008;101002;Henkel Nederland Operations B.V.;Scheemda;Kooldioxide (CO2);1245288;kg
2008;101103;BioMCN B.V.;Farmsum;Kooldioxide (CO2);111649043;kg
2008;101104;Dow Benelux B.V.;Delfzijl;Kooldioxide (CO2);11424063;kg
2008;101105;P.Q. Silicas B.V.;Winschoten;Kooldioxide (CO2);16549000;kg
2008;101108;Qemetica NL Silica bv;Delfzijl;Kooldioxide (CO2);35182000;kg
2008;101403;Reym Delfzijl;Delfzijl;Kooldioxide (CO2);9117421;kg
2008;101404;Delamine B.V.;Farmsum;Kooldioxide (CO2);1259413;kg
2008;101405;Electric Glass Fiber NL, B.V.;Westerbroek;Kooldioxide (CO2);42737434;kg
2008;101408;Nedmag B.V.;Veendam;Kooldioxide (CO2);93288915;kg
2008;101515;Gasunie Transport Services B.V. - compressorstation Spijk;Eemshaven;Kooldioxide (CO2);59296567;kg
2008;102001;FrieslandCampina Nederland B.V.;Bedum;Kooldioxide (CO2);24674188;kg
2008;102008;Plixxent B.V.;Foxhol;Kooldioxide (CO2);126383;kg
2008;102301;Suiker Unie (Groningen);Groningen;Kooldioxide (CO2);1338000;kg
2008;102302;Cosun Beet Company-Vierverlaten;Groningen;Kooldioxide (CO2);110843000;kg
2008;102615;Avebe b.a. (DWM Veendam);Veendam;Kooldioxide (CO2);4576333;kg
2008;102620;Coöperatie AVEBE U.A.;Ter Apelkanaal;Kooldioxide (CO2);158648997;kg
2008;102621;Avebe u.a. (Foxhol);Foxhol;Kooldioxide (CO2);45136057;kg
2008;103009;KBM Master Alloys B.V.;Delfzijl;Kooldioxide (CO2);2883226;kg
2008;103010;DAMCO Aluminium Delfzijl Coöperatie U.A.;Farmsum;Kooldioxide (CO2);194956947;kg
2008;104001;ENGIE Energie Nederland NV;Eemshaven;Kooldioxide (CO2);4277616000;kg
2008;104003;Delesto B.V.;Farmsum;Kooldioxide (CO2);1969524000;kg
2008;104302;Solidus Solutions Board Groningen-Hoogkerk;Groningen;Kooldioxide (CO2);25242000;kg
2008;104304;Eska B.V.;Hoogezand;Kooldioxide (CO2);66186174;kg
2008;104305;Eska B.V.;Sappemeer;Kooldioxide (CO2);37556401;kg
2008;104307;Solidus Board Bad Nieuweschans B.V.;Bad Nieuweschans;Kooldioxide (CO2);36436307;kg
2008;104511;Gasunie mengstation Kootstertille (FR);Kootstertille;Kooldioxide (CO2);25702;kg
2008;104521;FrieslandCampina Wolvega;Wolvega;Kooldioxide (CO2);809551;kg
2008;104527;Friese Ecologische Zuivel (Drachten);Drachten;Kooldioxide (CO2);218980;kg
2008;104710;ESD-SIC BV;Farmsum;Kooldioxide (CO2);145513394;kg
2008;105001;ChemCom Industries BV;Farmsum;Kooldioxide (CO2);6208200;kg
2008;105004;Teijin Aramid B.V.;Farmsum;Kooldioxide (CO2);23354000;kg
2008;105006;QEW Engineered Rubber B.V.;Hoogezand;Kooldioxide (CO2);515581;kg
2008;105007;FrieslandCampina Nederland B.V.;Marum;Kooldioxide (CO2);9997339;kg
2008;105014;Brunner Mond BV (inrichting bestaat niet meer);Farmsum;Kooldioxide (CO2);93595343;kg
2008;105016;Nobian Industrial Chemicals B.V. - SSC (Shared Service Center);Farmsum;Kooldioxide (CO2);1910639;kg
2008;105019;Friesland Foods Western Europe (Groningen);Groningen;Kooldioxide (CO2);700280;kg
2008;105027;Kisuma Chemicals BV;Veendam;Kooldioxide (CO2);12154851;kg
2008;114001;Maxima-centrale;Lelystad;Kooldioxide (CO2);39199975;kg
2008;114002;Vattenfall Power Generation B.V. (HWC Hogering/WKC Almere);Almere;Kooldioxide (CO2);346653947;kg
2008;114711;Yakult Nederland BV;Almere;Kooldioxide (CO2);1592863;kg
2008;114720;Sonac Almere BV;Almere;Kooldioxide (CO2);5185620;kg
2008;114721;Alphen;Alphen;Kooldioxide (CO2);31526;kg
2008;114722;Waterschap Noorderzijlvest - RWZI Garmerwolde;Garmerwolde;Kooldioxide (CO2);19270805;kg
2008;114725;RWZI Ede;Ede;Kooldioxide (CO2);5319310;kg
2008;114728;RWZI Nieuwveer;Breda;Kooldioxide (CO2);12694568;kg
2008;114729;RWZI Aarle-Rixtel (Waterschap Aa en Maas);Aarle-Rixtel;Kooldioxide (CO2);7605752;kg
2008;114731;RWZI Utrecht (Hoogheemraadschap de Stichtse Rijnlanden);Utrecht;Kooldioxide (CO2);16680252;kg
2008;114732;RWZI Venlo;Venlo;Kooldioxide (CO2);11253393;kg
2008;114733;RWZI Hoensbroek;Hoensbroek;Kooldioxide (CO2);7584797;kg
2008;114734;RWZI Enschede;Enschede;Kooldioxide (CO2);9287995;kg
2008;114735;AWZI De Groote Lucht (Hoogheemraadschap van Delfland);Vlaardingen;Kooldioxide (CO2);7936949;kg
2008;114736;RWZI Dokhaven en Slibverwerkingsinstallatie Sluisjesdijk;Rotterdam;Kooldioxide (CO2);12127559;kg
2008;114737;AWZI Kralingseveer (Hoogheemraadschap van Schieland);Capelle aan den Ijssel;Kooldioxide (CO2);8384286;kg
2008;114740;RWZI Susteren;Susteren;Kooldioxide (CO2);14107352;kg
2008;114741;RWZI Amersfoort;Amersfoort;Kooldioxide (CO2);7595728;kg
2008;114743;RWZI Dinther (Waterschap Aa en Maas);Heeswijk-Dinther;Kooldioxide (CO2);6528676;kg
2008;114744;Elsta P&U;Hoek;Kooldioxide (CO2);1709715800;kg
2008;114745;Komeco B.V.;Dronten;Kooldioxide (CO2);13801;kg
2008;114746;Luchthaven Lelystad NV;Lelystad;Kooldioxide (CO2);49787;kg
2008;114747;PeakShaver Maasvlakte;Maasvlakte Rotterdam;Kooldioxide (CO2);1943339;kg
2008;114750;Interface International BV;Scherpenzeel;Kooldioxide (CO2);2598711;kg
2008;114754;Tarkett lokatie Waalwijk;Waalwijk;Kooldioxide (CO2);1725000;kg
2008;114755;Synthomer Hasselt BV;Hasselt;Kooldioxide (CO2);21107;kg
2008;114757;Eurogen CV;Botlek Rotterdam;Kooldioxide (CO2);459935000;kg
2008;114761;A.C. ter Kuile BV;Enschede;Kooldioxide (CO2);306000;kg
2008;114762;Tapijtfabriek Intercarpet B.V.;Aalten;Kooldioxide (CO2);938106;kg
2008;114767;AWZI Houtrust (Hoogheemraadschap van Delfland);'s-Gravenhage;Kooldioxide (CO2);9241790;kg
2008;114771;Mauser Benelux BV;Oosterhout;Kooldioxide (CO2);86960;kg
2008;114772;Fenner Dunlop Conveyor Belting;Drachten;Kooldioxide (CO2);5154243;kg
2008;115026;Dokkumer Vlaggen Centrale BV;Dokkum;Kooldioxide (CO2);528913;kg
2008;115034;Maastricht Aachen Airport (MAA);Maastricht-Airport;Kooldioxide (CO2);755840;kg
2008;115036;LyondellBasell Covestro Manufacturing Maasvlakte VOF;Maasvlakte Rotterdam;Kooldioxide (CO2);12554892;kg
2008;115040;Bonar Plastics B.V.;Deventer;Kooldioxide (CO2);0;kg
2008;115042;Dyka;Steenwijk;Kooldioxide (CO2);532623;kg
2008;115044;EcoTherm B.V.;Winterswijk;Kooldioxide (CO2);2306000;kg
2008;115045;Primo Netherlands B.V.;Buitenpost;Kooldioxide (CO2);420181;kg
2008;115047;Helvoet Rubber & Plastic Technologies B.V.;Hellevoetsluis;Kooldioxide (CO2);1330669;kg
2008;115048;Carlisle Construction Materials BV;Kampen;Kooldioxide (CO2);484414;kg
2008;115049;Holonite BV (Tholen);Tholen;Kooldioxide (CO2);214168;kg
2008;115050;Holonite BV (Halsteren);Halsteren;Kooldioxide (CO2);96390;kg
2008;115057;Parker Hannifin Manufacturing Netherlands (Hose) BV;Hoogezand;Kooldioxide (CO2);732152;kg
2008;115058;Perfon BV / Oerlemans Packaging BV;Goor;Kooldioxide (CO2);32727;kg
2008;115063;Eagle Simrax BV;Kerkrade;Kooldioxide (CO2);374708;kg
2008;115064;Synprodo Produktie BV;Wijchen;Kooldioxide (CO2);7052894;kg
2008;115066;Trespa International BV;Weert;Kooldioxide (CO2);14014818;kg
2008;115067;Unidek Produktie / Van Dijk Produktie B.V.;Gemert;Kooldioxide (CO2);5445008;kg
2008;115069;Vernay Europa BV;Oldenzaal;Kooldioxide (CO2);107606;kg
2008;115079;Rinos BV;Genemuiden;Kooldioxide (CO2);575490;kg
2008;115084;SVP Productie BV - Hulpwarmtecentrale 1;Purmerend;Kooldioxide (CO2);6059427;kg
2008;115085;Enecal Energy VOF;Botlek Rotterdam;Kooldioxide (CO2);222472000;kg
2008;115098;MCi (Mirror Controls International) Netherlands BV;Montfoort;Kooldioxide (CO2);223325;kg
2008;115143;FrieslandCampina Cheese BV (Leerdam);Leerdam;Kooldioxide (CO2);236041;kg
2008;115154;Kon. Textielfabr. J.A. Raymakers & Co BV (weverij);Gemert;Kooldioxide (CO2);419316;kg
2008;115180;apt Extrusions B.V.;Roermond;Kooldioxide (CO2);3504215;kg
2008;115181;EP NL Rijnmond 1 B.V.;Vondelingenplaat Rotterdam;Kooldioxide (CO2);1568381000;kg
2008;115182;Mestdrogerij Hubun;Bunschoten-Spakenburg;Kooldioxide (CO2);3458044;kg
2008;115184;RWZI Land van Cuijk (Waterschap Aa en Maas);Haps;Kooldioxide (CO2);4881622;kg
2008;115185;DOC Kaas (Zuivelpark);Hoogeveen;Kooldioxide (CO2);37607173;kg
2008;115186;Yara Vlaardingen BV;Vlaardingen;Kooldioxide (CO2);693936;kg
2008;200155;KH de Jong VVL (FrieslandCampina);Drachten;Kooldioxide (CO2);205333;kg
2008;200214;Gasunie Exportstation Hilvarenbeek;Esbeek;Kooldioxide (CO2);8973;kg
2008;200407;COATEX Netherlands BV;Moerdijk;Kooldioxide (CO2);1196850;kg
2008;200507;E.on Locatie Delft;Delft;Kooldioxide (CO2);8725089;kg
2008;200538;GMB BioEnergie Zutphen BV;Zutphen;Kooldioxide (CO2);24935000;kg
2008;201189;Afvalverwerking Stainkoeln B.V.;Groningen;Kooldioxide (CO2);666644;kg
2008;201304;BMC Moerdijk BV;Moerdijk;Kooldioxide (CO2);9325000;kg
2008;201639;Solidus Solutions Board Oude Pekela;Oude Pekela;Kooldioxide (CO2);23276000;kg
2008;202223;Quest International;Botlek Rotterdam;Kooldioxide (CO2);596830;kg
2008;202229;Bunge Loders Croklaan Rotterdam;Maasvlakte Rotterdam;Kooldioxide (CO2);11161768;kg
2008;202268;Eneco HWC Overvecht;Utrecht;Kooldioxide (CO2);121799;kg
2008;202416;Gasunie Exportstation 's Gravenvoeren;Mheer;Kooldioxide (CO2);8973;kg
2008;202417;Compressorstation Noord Holland;Anna Paulowna;Kooldioxide (CO2);22484;kg
2008;202418;Eneco HWC Nicolaas Beetsstraat;Utrecht;Kooldioxide (CO2);629696;kg
2008;202419;Eneco HWC Nieuwegein;Nieuwegein;Kooldioxide (CO2);2131603;kg
2008;202824;Eneco Merwedekanaal;Utrecht;Kooldioxide (CO2);391358619;kg
2008;202825;Eneco Lage Weide;Utrecht;Kooldioxide (CO2);647867488;kg
2008;202902;GMB BioEnergie Tiel BV;Tiel;Kooldioxide (CO2);12891000;kg
2008;203005;Gasunie Transport Service B.V. - compressorstation Grijpskerk;Grijpskerk;Kooldioxide (CO2);5249;kg
2008;203186;RWZI West;Amsterdam;Kooldioxide (CO2);14417222;kg
2008;203411;Pergen VOF;Pernis Rotterdam;Kooldioxide (CO2);580763120;kg
2008;220124;AWZI Almere;Almere;Kooldioxide (CO2);4004850;kg
2008;220136;RWZI Asten (Waterschap Aa en Maas);Heusden;Kooldioxide (CO2);1823206;kg
2008;220150;Hoogheemraadschap Hollands Noorderkwartier SDI/RWZI Beverwijk;Beverwijk;Kooldioxide (CO2);38322783;kg
2008;220264;Rioolwaterzuiveringsinstallatie Hengelo;Hengelo;Kooldioxide (CO2);5621513;kg
2008;220326;AWZI Nieuwe Waterweg;Hoek Van Holland;Kooldioxide (CO2);2671625;kg
2008;220387;RWZI Den Bosch (Waterschap Aa en Maas);'s-Hertogenbosch;Kooldioxide (CO2);9172329;kg
2008;220416;RWZI Tilburg Noord;Tilburg;Kooldioxide (CO2);9703140;kg
2008;220432;RWZI Vinkel (Waterschap Aa en Maas);Vinkel;Kooldioxide (CO2);1116907;kg
2008;220537;RWZI Harnaschpolder (Hoogheemraadschap van Delfland);Den Hoorn;Kooldioxide (CO2);26899021;kg
2009;60;Sappi Maastricht BV;Maastricht;Kooldioxide (CO2);187719269;kg
2009;62;Chemelot Site Permit BV;Geleen;Kooldioxide (CO2);4695815000;kg
2009;65;PQ Silicas BV;Eijsden;Kooldioxide (CO2);31820000;kg
2009;66;Marsna Paper B.V.;Meerssen;Kooldioxide (CO2);3374365;kg
2009;79;Steenfabriek Linssen BV;Kerkrade;Kooldioxide (CO2);3444000;kg
2009;84;BASF Nederland B.V.;Maastricht;Kooldioxide (CO2);3110464;kg
2009;90;VDL Castings Heerlen BV;Hoensbroek;Kooldioxide (CO2);11611813;kg
2009;95;Vandersanden Beek BV;Beek;Kooldioxide (CO2);7223830;kg
2009;113;VDL Nedcar B.V.;Born;Kooldioxide (CO2);11738292;kg
2009;124;CRH Nuth;Nuth;Kooldioxide (CO2);6253720;kg
2009;125;Stichting Parkmanagement Wolfsweg 75;Eygelshoven;Kooldioxide (CO2);5059000;kg
2009;148;ENCI BV (Maastricht);Maastricht;Kooldioxide (CO2);602972900;kg
2009;151;O-I Netherlands BV (Maastricht);Maastricht;Kooldioxide (CO2);88404441;kg
2009;159;Fenzi AGT Netherlands B.V.;Maastricht;Kooldioxide (CO2);3837715;kg
2009;166;Slachthuis Kerkrade BV;Kerkrade;Kooldioxide (CO2);490182;kg
2009;176;Caradon Stelrad BV;Nuth;Kooldioxide (CO2);1477075;kg
2009;325;Lawter Maastricht BV;Maastricht;Kooldioxide (CO2);1518967;kg
2009;326;Wienerberger Steenfabriek Poriso;Brunssum;Kooldioxide (CO2);26356000;kg
2009;1104;Solvay Chemie BV;Herten;Kooldioxide (CO2);1439848;kg
2009;1107;Nouryon Functional Chemicals B.V.;Herkenbosch;Kooldioxide (CO2);9150691;kg
2009;1404;DSM Pharma Chemicals Venlo BV;Venlo;Kooldioxide (CO2);5716507;kg
2009;2748;Steinzeug-Keramo BV (Belfeld);Belfeld;Kooldioxide (CO2);7760417;kg
2009;3509;VDL Castings Weert BV;Weert;Kooldioxide (CO2);64003;kg
2009;3513;MGG Netherlands BV;Tegelen;Kooldioxide (CO2);4235216;kg
2009;4001;Clauscentrale;Maasbracht;Kooldioxide (CO2);988065150;kg
2009;4301;Smurfit Westrock Roermond Paper BV;Roermond;Kooldioxide (CO2);149974000;kg
2009;4706;Kleiwarenfabriek Buggenum BV;Buggenum;Kooldioxide (CO2);5079640;kg
2009;4709;Kleiwarenfabriek Joosten Kessel BV;Kessel;Kooldioxide (CO2);9262290;kg
2009;4711;Wienerberger Steenfabriek Thorn;Thorn;Kooldioxide (CO2);9282000;kg
2009;4753;Rockwool B.V.;Roermond;Kooldioxide (CO2);149500748;kg
2009;5726;Wienerberger Steenfabriek Nuance;Afferden L;Kooldioxide (CO2);5144000;kg
2009;5727;EverZinc Nederland B.V.;Eijsden;Kooldioxide (CO2);15633018;kg
2009;5729;Celanese Production Netherlands B.V.;Geleen;Kooldioxide (CO2);1880349;kg
2009;5740;WEPA Nederland B.V.;Swalmen;Kooldioxide (CO2);24050000;kg
2009;5746;Nuon Power Generation BV (Buggenum);Haelen;Kooldioxide (CO2);1315459799;kg
2009;5750;FrieslandCampina Born;Born;Kooldioxide (CO2);6280000;kg
2009;5804;PQ Nederland BV;Maastricht;Kooldioxide (CO2);6982600;kg
2009;5821;Attero B.V. locatie Landgraaf;Landgraaf;Kooldioxide (CO2);4494561;kg
2009;9003;Everris International BV;Heerlen;Kooldioxide (CO2);8630000;kg
2009;10001;Nobian Industrial Chemicals BV (Rotterdam);Botlek Rotterdam;Kooldioxide (CO2);186105111;kg
2009;10002;Nouryon Performance Formulations b.v.;Europoort Rotterdam;Kooldioxide (CO2);16000;kg
2009;10003;Synres B.V.;Hoek Van Holland;Kooldioxide (CO2);5805700;kg
2009;10004;Lyondell Chemical Nederland Ltd.;Botlek Rotterdam;Kooldioxide (CO2);118390317;kg
2009;10006;Shell Nederland Chemie BV (Pernis);Vondelingenplaat Rotterdam;Kooldioxide (CO2);38355025;kg
2009;10016;Climax Molybdenum BV;Botlek Rotterdam;Kooldioxide (CO2);6806154;kg
2009;10017;Evonik Carbon Black Nederland BV;Botlek Rotterdam;Kooldioxide (CO2);86466000;kg
2009;10042;Kemira Rotterdam B.V. - locatie Botlek;Botlek Rotterdam;Kooldioxide (CO2);135350;kg
2009;10057;Shell Nederland Raffinaderij BV;Vondelingenplaat Rotterdam;Kooldioxide (CO2);4463004941;kg
2009;10058;BP Raffinaderij Rotterdam B.V.;Europoort Rotterdam;Kooldioxide (CO2);2025190000;kg
2009;10059;Gunvor Energy Rotterdam B.V. (GPR);Europoort Rotterdam;Kooldioxide (CO2);526733000;kg
2009;10061;Esso Nederland BV (Raffinaderij Rotterdam);Botlek Rotterdam;Kooldioxide (CO2);2348518285;kg
2009;10062;ExxonMobil Chemical Holland BV (RAP);Botlek Rotterdam;Kooldioxide (CO2);406278460;kg
2009;10063;AVR-Afvalverwerking;Botlek Rotterdam;Kooldioxide (CO2);1659590000;kg
2009;10064;Almatis BV;Botlek Rotterdam;Kooldioxide (CO2);15402949;kg
2009;10066;Kemira Rotterdam BV locatie Europoort;Europoort Rotterdam;Kooldioxide (CO2);8840283;kg
2009;10073;Tronox Pigments (Holland) BV;Botlek Rotterdam;Kooldioxide (CO2);89106585;kg
2009;10076;HVC AfvalEnergieCentrale Dordrecht;Dordrecht;Kooldioxide (CO2);162472540;kg
2009;10078;Ruigenhil Vastgoed B.V. (Nedstaal/FNSteel/Heros);Alblasserdam;Kooldioxide (CO2);24705625;kg
2009;10079;Chemours Netherlands B.V.;Dordrecht;Kooldioxide (CO2);148899853;kg
2009;10086;NV Nutricia Zoetermeer;Zoetermeer;Kooldioxide (CO2);13809808;kg
2009;10089;Prysmian Netherlands B.V.;Delft;Kooldioxide (CO2);936000;kg
2009;10097;SD Guthrie International Zwijndrecht Refinery B.V.;Zwijndrecht;Kooldioxide (CO2);55315000;kg
2009;10100;Bakelite Botlek Rotterdam;Botlek Rotterdam;Kooldioxide (CO2);5665000;kg
2009;10546;Lactalis Leerdammer BV (Schoonrewoerd);Schoonrewoerd;Kooldioxide (CO2);11562606;kg
2009;10590;FrieslandCampina Rotterdam;Rotterdam;Kooldioxide (CO2);2745669;kg
2009;10621;Hunter Douglas Europe BV;Rotterdam;Kooldioxide (CO2);12748572;kg
2009;10687;Biotech Campus Delft;Delft;Kooldioxide (CO2);75798832;kg
2009;10689;Air Products Nederland BV (Botlek);Botlek Rotterdam;Kooldioxide (CO2);360937176;kg
2009;10698;Cargill Bioindustrial BV;Gouda;Kooldioxide (CO2);52203432;kg
2009;10722;O-I Manufacturing Netherlands BV Schiedam;Schiedam;Kooldioxide (CO2);57866300;kg
2009;10723;O-I Netherlands BV (Leerdam);Leerdam;Kooldioxide (CO2);107795452;kg
2009;10728;Cargill Refined Oils Europe;Botlek Rotterdam;Kooldioxide (CO2);26391000;kg
2009;10789;BMI Productie Nederland BV Woerden;Woerden;Kooldioxide (CO2);1036000;kg
2009;10793;Tata Steel Nederland Tubes BV locatie Zwijndrecht;Zwijndrecht;Kooldioxide (CO2);1002157;kg
2009;10815;AVR NV (Rotterdam);Rotterdam;Kooldioxide (CO2);311000000;kg
2009;10829;Cosun Beet company (Puttershoek);Puttershoek;Kooldioxide (CO2);723000;kg
2009;10928;Aluminium & Chemie Rotterdam B.V.;Botlek Rotterdam;Kooldioxide (CO2);192800000;kg
2009;10951;Uniper Centrale Leiden;Leiden;Kooldioxide (CO2);150913356;kg
2009;10953;Uniper Centrale Den Haag;'s-Gravenhage;Kooldioxide (CO2);164802904;kg
2009;10998;Draka Interfoam;Hillegom;Kooldioxide (CO2);1008000;kg
2009;11024;Cabot B.V.;Botlek Rotterdam;Kooldioxide (CO2);195371326;kg
2009;11090;Chane Terminal Botlek B.V.;Botlek Rotterdam;Kooldioxide (CO2);32449200;kg
2009;11105;Heineken Netherlands Supply B.V., brouwerij Zoeterwoude;Zoeterwoude;Kooldioxide (CO2);65316980;kg
2009;11111;Ashland Industries Nederland B.V.;Zwijndrecht;Kooldioxide (CO2);25021090;kg
2009;11230;Damen Verolme BV;Botlek Rotterdam;Kooldioxide (CO2);1138357;kg
2009;11366;LANXESS Rotterdam Botlek;Botlek Rotterdam;Kooldioxide (CO2);95897800;kg
2009;11658;Farm Frites BV;Oudenhoorn;Kooldioxide (CO2);28511440;kg
2009;12134;Archer Daniels Midland Europoort BV (ADM);Europoort Rotterdam;Kooldioxide (CO2);223204715;kg
2009;12135;ExxonMobil Chemical Holland BV (ROP van RPI);Europoort Rotterdam;Kooldioxide (CO2);47782051;kg
2009;12147;E.ON Warmte Station Galileistraat;Rotterdam;Kooldioxide (CO2);479825739;kg
2009;12149;Uniper Benelux NV (Maasvlakte);Maasvlakte Rotterdam;Kooldioxide (CO2);6175613919;kg
2009;12150;Uniper Centrale RoCa;Rotterdam;Kooldioxide (CO2);715211789;kg
2009;12151;Uniper HWC Blekerstraat;Rotterdam;Kooldioxide (CO2);348835;kg
2009;12152;Uniper HWC Delftsevaart;Rotterdam;Kooldioxide (CO2);9022636;kg
2009;12157;HVC ZVI B.V.;Dordrecht;Kooldioxide (CO2);8869979;kg
2009;12158;HVC Slibverbrandingsinstallatie;Dordrecht;Kooldioxide (CO2);112500000;kg
2009;12160;Chane Terminal Geulhaven B.V.;Botlek Rotterdam;Kooldioxide (CO2);1947000;kg
2009;12162;Evos Rotterdam B.V.;Europoort Rotterdam;Kooldioxide (CO2);7302773;kg
2009;12166;TU Delft Warmtekrachtcentrale;Delft;Kooldioxide (CO2);13849000;kg
2009;12167;UZIMET BV;Rijswijk;Kooldioxide (CO2);536466;kg
2009;12168;INV NYLON CHEMICALS NETHERLANDS B.V.;Botlek Rotterdam;Kooldioxide (CO2);4718482;kg
2009;12170;FrieslandCampina Maasdam;Maasdam;Kooldioxide (CO2);5397798;kg
2009;12171;Zuivelfabriek De Graafstroom;Bleskensgraaf Ca;Kooldioxide (CO2);3490000;kg
2009;12172;Promelca B.V. (Gorinchem);Gorinchem;Kooldioxide (CO2);29146927;kg
2009;12174;Ducor Petrochemicals B.V.;Botlek Rotterdam;Kooldioxide (CO2);7535900;kg
2009;12175;Air Liquide Industrie BV;Botlek Rotterdam;Kooldioxide (CO2);48600000;kg
2009;12176;Air Products Nederland BV (Pernis);Vondelingenplaat Rotterdam;Kooldioxide (CO2);518006237;kg
2009;12177;VPR Energy B.V.;Europoort Rotterdam;Kooldioxide (CO2);97168934;kg
2009;19004;ExxonMobil Chemical Holland BV (RPP van RPI);Botlek Rotterdam;Kooldioxide (CO2);53979000;kg
2009;19070;Indorama Ventures Europe BV;Europoort Rotterdam;Kooldioxide (CO2);56359302;kg
2009;19071;Shin-Etsu PVC BV (VCM Botlek);Botlek Rotterdam;Kooldioxide (CO2);87502360;kg
2009;19072;FrieslandCampina Nederland B.V.;Noordwijk;Kooldioxide (CO2);1280000;kg
2009;19073;Westlake Epoxy B.V.;Vondelingenplaat Rotterdam;Kooldioxide (CO2);34296317;kg
2009;21010;Sonneborn Refined Products BV (Amsterdam);Amsterdam;Kooldioxide (CO2);19722367;kg
2009;21011;Rütgers Resins B.V.;Uithoorn;Kooldioxide (CO2);21466000;kg
2009;21102;ICL FERTILIZERS EUROPE C.V.;Amsterdam;Kooldioxide (CO2);9020000;kg
2009;21103;DSM Agro BV;Velsen-Noord;Kooldioxide (CO2);12591186;kg
2009;21301;LANXESS Manufacturing Netherlands BV;Amsterdam;Kooldioxide (CO2);3277432;kg
2009;21302;Abbott Healthcare Products BV (Weesp);Weesp;Kooldioxide (CO2);15314280;kg
2009;21304;Givaudan Nederland B.V. (Naarden);Naarden;Kooldioxide (CO2);8719516;kg
2009;21403;Norit Nederland BV (Zaandam);Zaandam;Kooldioxide (CO2);35520749;kg
2009;21528;N.V. Nederlandse Gasunie (Wieringermeer);Middenmeer;Kooldioxide (CO2);5093986;kg
2009;21529;Gasunie Transport Services B.V.;Heemskerk;Kooldioxide (CO2);11465278;kg
2009;21530;OQ Chemicals Nederland BV;Amsterdam;Kooldioxide (CO2);720000;kg
2009;22006;FrieslandCampina Nederland B.V. Lutjewinkel;Lutjewinkel;Kooldioxide (CO2);6033116;kg
2009;22008;Kaptein PCF;Oosthuizen;Kooldioxide (CO2);524740;kg
2009;22012;CONO Kaasmakers (Middenbeemster);Westbeemster;Kooldioxide (CO2);7249000;kg
2009;22602;Tate & Lyle Netherlands BV;Koog aan de Zaan;Kooldioxide (CO2);3157253;kg
2009;22617;Bunge Netherlands BV;Amsterdam;Kooldioxide (CO2);67650000;kg
2009;22626;Cargill BV (Multiseed);Amsterdam;Kooldioxide (CO2);30531556;kg
2009;23301;Tata Steel IJmuiden BV;Velsen-Noord;Kooldioxide (CO2);5595929288;kg
2009;24000;Vattenfall Power Generation B.V. (Hemweg);Amsterdam;Kooldioxide (CO2);3689193323;kg
2009;24002;Vattenfall Power Generation B.V. (Diemen);Diemen;Kooldioxide (CO2);613814403;kg
2009;24003;Vattenfall Power Generation B.V. (Velsen);Velsen-Noord;Kooldioxide (CO2);4633009820;kg
2009;24007;Nuon Power Generation BV Purmerend WKC;Purmerend;Kooldioxide (CO2);120259501;kg
2009;24302;Crown van Gelder International B.V.;Velsen-Noord;Kooldioxide (CO2);140199576;kg
2009;24606;BN International BV;Huizen;Kooldioxide (CO2);8798000;kg
2009;28070;Alpha Assembly Solutions Netherlands BV;Naarden;Kooldioxide (CO2);1040000;kg
2009;28072;Quaker Chemical B.V. (A Quaker Houghton Company);Uithoorn;Kooldioxide (CO2);2510000;kg
2009;28085;AEB Amsterdam;Amsterdam;Kooldioxide (CO2);1200866958;kg
2009;28091;HVC N.V.;Alkmaar;Kooldioxide (CO2);513467500;kg
2009;28097;A-ware Zaandam BV;Zaandam;Kooldioxide (CO2);286;kg
2009;28098;FrieslandCampina Limmen (Ecomel);Limmen;Kooldioxide (CO2);622135;kg
2009;28175;Waeles Nederland BV;Nieuw-Vennep;Kooldioxide (CO2);191154;kg
2009;28176;Vattenfall Power Generation B.V. (IJmond 1);Velsen-Noord;Kooldioxide (CO2);91768912;kg
2009;28177;Shipdock BV;Amsterdam;Kooldioxide (CO2);262833;kg
2009;31311;CARBOGEN AMCIS B.V.;Veenendaal;Kooldioxide (CO2);2140000;kg
2009;32920;Westfort Oudewater;Oudewater;Kooldioxide (CO2);480401;kg
2009;33104;Trivium Aluminium Packaging Netherlands B.V.;Veenendaal;Kooldioxide (CO2);6330000;kg
2009;34708;Wienerberger BV Elst;Elst UT;Kooldioxide (CO2);5140000;kg
2009;39103;Koninklijke ERU Kaasfabriek B.V.;Woerden;Kooldioxide (CO2);541439;kg
2009;41003;Shell Nederland Chemie BV (Moerdijk);Moerdijk;Kooldioxide (CO2);2437183944;kg
2009;41101;SABIC Innovative Plastics BV;Bergen op Zoom;Kooldioxide (CO2);353637075;kg
2009;41102;Allnex Netherlands B.V.;Bergen op Zoom;Kooldioxide (CO2);12070900;kg
2009;41103;Synthos Breda BV;Breda;Kooldioxide (CO2);8763414;kg
2009;41106;IFF Nederland BV;Tilburg;Kooldioxide (CO2);7400000;kg
2009;41108;Caldic Chemie Produktie BV;Zevenbergen;Kooldioxide (CO2);3350000;kg
2009;41113;BEWI RAW BV;Etten-Leur;Kooldioxide (CO2);5323882;kg
2009;41307;Aspen Oss B.V.;Oss;Kooldioxide (CO2);29718000;kg
2009;41402;Trobas Gelatine B.V.;Dongen;Kooldioxide (CO2);7442678;kg
2009;41428;Covestro (Netherlands) B.V., vestiging Waalwijk;Waalwijk;Kooldioxide (CO2);4864000;kg
2009;41502;Ravenstein;Ravenstein;Kooldioxide (CO2);45087889;kg
2009;41521;Afvalstoffen Terminal Moerdijk BV (ATM);Moerdijk;Kooldioxide (CO2);239282249;kg
2009;42019;FrieslandCampina Oud Gastel;Oud Gastel;Kooldioxide (CO2);2497000;kg
2009;42022;Nutricia Cuijk B.V.;Cuijk;Kooldioxide (CO2);9298043;kg
2009;42034;FrieslandCampina DMV B.V.;Veghel;Kooldioxide (CO2);127900000;kg
2009;42206;Mars Nederland BV;Veghel;Kooldioxide (CO2);12182000;kg
2009;42310;Cosun Beet Company-Dinteloord;Dinteloord;Kooldioxide (CO2);133388000;kg
2009;42408;Swinkels Family Brewers N.V.;Lieshout;Kooldioxide (CO2);52811000;kg
2009;42410;Heineken Netherlands Supply B.V. (Den Bosch);'s-Hertogenbosch;Kooldioxide (CO2);17541000;kg
2009;42629;Cargill BV;Bergen op Zoom;Kooldioxide (CO2);53068194;kg
2009;42834;Rendac Son BV;Son en Breugel;Kooldioxide (CO2);54944676;kg
2009;43002;Mannesmann Precision Tubes Netherlands BV;Helmond;Kooldioxide (CO2);1620000;kg
2009;43003;Tata Steel Nederland Tubes BV locatie Oosterhout;Oosterhout;Kooldioxide (CO2);9795750;kg
2009;43013;Nyrstar Budel BV;Budel-Dorplein;Kooldioxide (CO2);42214850;kg
2009;43210;Aalberts Surface Technologies BV;Eindhoven;Kooldioxide (CO2);364482;kg
2009;43403;DAF Trucks N.V.;Eindhoven;Kooldioxide (CO2);12028646;kg
2009;43511;Wartsila Netherlands BV;Drunen;Kooldioxide (CO2);414766;kg
2009;43513;LDM b.v.;Drunen;Kooldioxide (CO2);1263230;kg
2009;43856;Hydro Extrusion Drunen;Drunen;Kooldioxide (CO2);7561943;kg
2009;43869;Efté Coating BV;Eindhoven;Kooldioxide (CO2);683372;kg
2009;44004;Amer Centrale;Geertruidenberg;Kooldioxide (CO2);5748547008;kg
2009;44005;Essent Energie Productie BV (Dongecentrale);Geertruidenberg;Kooldioxide (CO2);111284000;kg
2009;44006;RWZI Oijen (Waterschap Aa en Maas);Oijen;Kooldioxide (CO2);4982154;kg
2009;44007;PreZero Energy Roosendaal B.V.;Roosendaal;Kooldioxide (CO2);65597973;kg
2009;44008;Ennatuurlijk BV, WKC Helmond;Helmond;Kooldioxide (CO2);126853000;kg
2009;44009;BV Afvalverbranding Zuid Nederland (AZN);Moerdijk;Kooldioxide (CO2);3051066280;kg
2009;44162;Vlisco Netherlands BV;Helmond;Kooldioxide (CO2);22571940;kg
2009;44709;Steenfabriek Engels Oeffelt BV;Oeffelt;Kooldioxide (CO2);10526000;kg
2009;44772;Ardagh Glass Dongen BV;Dongen;Kooldioxide (CO2);92852685;kg
2009;44773;Saint Gobain Construction Products NL BV;Etten-Leur;Kooldioxide (CO2);47875810;kg
2009;45669;Caligen Europe BV;Breda;Kooldioxide (CO2);219600;kg
2009;45672;CurTec Nederland bv;Rijen;Kooldioxide (CO2);167000;kg
2009;47001;Slibverwerking Noord-Brabant NV;Moerdijk;Kooldioxide (CO2);153000000;kg
2009;48002;Unipol Holland BV;Oss;Kooldioxide (CO2);4090000;kg
2009;48018;FUJIFILM Manufacturing Europe B.V.;Tilburg;Kooldioxide (CO2);39921458;kg
2009;48020;CNC;Moerdijk;Kooldioxide (CO2);277454170;kg
2009;48024;Essity Operations Cuijk B.V.;Katwijk NB;Kooldioxide (CO2);18678839;kg
2009;48029;FrieslandCampina Eindhoven (Consumer Products Europe);Eindhoven;Kooldioxide (CO2);3959528;kg
2009;48031;FrieslandCampina Butter & Milkpowder - Den Bosch;'s-Hertogenbosch;Kooldioxide (CO2);3225300;kg
2009;48040;FrieslandCampina Tilburg (Holland Cheese);Tilburg;Kooldioxide (CO2);4505590;kg
2009;48051;KBM Master Alloys BV (Oss);Oss;Kooldioxide (CO2);601669;kg
2009;48054;Van Swaay Duurzaam Hout Schijndel;Schijndel;Kooldioxide (CO2);336000;kg
2009;48072;Essent WKC 's-Hertogenbosch;'s-Hertogenbosch;Kooldioxide (CO2);47733000;kg
2009;48073;Nedzink BV;Budel-Dorplein;Kooldioxide (CO2);1100000;kg
2009;48082;Ennatuurlijk BV, PS Breda;Breda;Kooldioxide (CO2);503000;kg
2009;48083;WKC Bergen op Zoom;Bergen op Zoom;Kooldioxide (CO2);35719000;kg
2009;48084;Ennatuurlijk BV, WKC Eindhoven;Eindhoven;Kooldioxide (CO2);98500000;kg
2009;48147;Van Oerle Alberton BV (Boxtel);Boxtel;Kooldioxide (CO2);1613988;kg
2009;48177;Peka Kroef B.V. Odiliapeel;Odiliapeel;Kooldioxide (CO2);25051190;kg
2009;49006;WKC Moerdijk;Moerdijk;Kooldioxide (CO2);564408337;kg
2009;49010;Basell Benelux B.V.;Moerdijk;Kooldioxide (CO2);4632000;kg
2009;49013;Ardagh Glass Moerdijk BV;Moerdijk;Kooldioxide (CO2);45348103;kg
2009;49016;BECC B.V.;Katwijk NB;Kooldioxide (CO2);293000;kg
2009;49017;Merck Sharp & Dohme B.V.;Oss;Kooldioxide (CO2);5038000;kg
2009;49026;Attero B.V. locatie Tilburg (Spinder);Tilburg;Kooldioxide (CO2);7513287;kg
2009;49027;FrieslandCampina Nuenen;Nuenen;Kooldioxide (CO2);790825;kg
2009;51101;Synthomer Middelburg BV;Middelburg;Kooldioxide (CO2);43384530;kg
2009;51102;Rosier Nederland B.V.;Sas Van GEnt;Kooldioxide (CO2);11255100;kg
2009;51104;Dow Benelux BV (Hoek);Hoek;Kooldioxide (CO2);2647617554;kg
2009;51105;YARA Sluiskil BV;Sluiskil;Kooldioxide (CO2);2249578150;kg
2009;51107;ARKEMA B.V. location Vlissingen;Vlissingen;Kooldioxide (CO2);4301406;kg
2009;51404;ICL-IP Terneuzen BV;Terneuzen;Kooldioxide (CO2);4779500;kg
2009;51501;Zeeland Refinery N.V.;Nieuwdorp;Kooldioxide (CO2);1377716097;kg
2009;52612;Cargill Benelux BV;Sas Van GEnt;Kooldioxide (CO2);210400706;kg
2009;52615;Koninklijke Zeelandia;Zierikzee;Kooldioxide (CO2);1971825;kg
2009;53129;Damen Schelde Naval Shipbuilding B.V. en Damen Shiprepair Vlissingen B.V.;Ritthem;Kooldioxide (CO2);2817145;kg
2009;53504;Zeeland Aluminium Company (Zalco BV);Vlissingen;Kooldioxide (CO2);178247297;kg
2009;54001;EPZ NV (Conventional Operations);Borssele;Kooldioxide (CO2);2043447000;kg
2009;56118;Stepan Nederland BV;Ritthem;Kooldioxide (CO2);1109638;kg
2009;56119;Decontamination Services BV;Ritthem;Kooldioxide (CO2);19574430;kg
2009;56121;ThermPhos International BV;Ritthem;Kooldioxide (CO2);167659000;kg
2009;56123;Stortplaats Koegorspolder BV (OLAZ);Terneuzen;Kooldioxide (CO2);2373530;kg
2009;56125;Stortplaats Noord- en Midden-Zeeland BV (OLAZ);Nieuwdorp;Kooldioxide (CO2);6959890;kg
2009;56129;Fleuren Compost BV;Middelharnis;Kooldioxide (CO2);3460200;kg
2009;61213;PPG Coatings B.V.;Tiel;Kooldioxide (CO2);77413;kg
2009;61302;N.V. Organon vergunning ingetrokken;Apeldoorn;Kooldioxide (CO2);1729000;kg
2009;61407;SABA Dinxperlo BV;Dinxperlo;Kooldioxide (CO2);548408;kg
2009;61411;Sonac Vuren BV;Vuren;Kooldioxide (CO2);30987032;kg
2009;61418;SACHEM Europe BV;Zaltbommel;Kooldioxide (CO2);3157000;kg
2009;61424;Veolia Industriediensten BV;Arnhem;Kooldioxide (CO2);115021273;kg
2009;61426;CP Kelco;Nijmegen;Kooldioxide (CO2);4869680;kg
2009;61436;Givaudan Nederland BV (Barneveld);Barneveld;Kooldioxide (CO2);3254200;kg
2009;61517;Gasunie Zweekhorst;Zevenaar;Kooldioxide (CO2);9538907;kg
2009;62006;FrieslandCampina Cheese Varsseveld;Varsseveld;Kooldioxide (CO2);3225260;kg
2009;62009;FrieslandCampina Butter&Milkpowder (Lochem);Lochem;Kooldioxide (CO2);42982334;kg
2009;62010;Nestlé Nederland BV (Nunspeet);Nunspeet;Kooldioxide (CO2);13809217;kg
2009;62013;FrieslandCampina Steenderen;Steenderen;Kooldioxide (CO2);4254000;kg
2009;62025;FrieslandCampina (Borculo);Borculo;Kooldioxide (CO2);51259280;kg
2009;62031;Arla Foods BV;Nijkerk;Kooldioxide (CO2);13815900;kg
2009;62107;Gesloten stortplaats Armhoede;Lochem;Kooldioxide (CO2);819970;kg
2009;62406;Riedel BV;Ede;Kooldioxide (CO2);4128296;kg
2009;62512;Struik Foods Netherlands;Nijkerk;Kooldioxide (CO2);16960000;kg
2009;62806;VION Apeldoorn b.v.;Apeldoorn;Kooldioxide (CO2);1943335;kg
2009;63012;KME Netherlands B.V.;Zutphen;Kooldioxide (CO2);4765977;kg
2009;63504;Gieterij Doesburg BV;Doesburg;Kooldioxide (CO2);1148416;kg
2009;63505;Vulcanus Castings BV;Doetinchem;Kooldioxide (CO2);5058581;kg
2009;63508;Nijmeegsche IJzergieterij BV;Nijmegen;Kooldioxide (CO2);2529700;kg
2009;63509;LF Casting B.V.;Terborg;Kooldioxide (CO2);1754750;kg
2009;63601;Hydro Extrusion Harderwijk;Harderwijk;Kooldioxide (CO2);10716012;kg
2009;64001;Centrale Gelderland;Nijmegen;Kooldioxide (CO2);2394588000;kg
2009;64004;AVR Afvalverwerking BV (Duiven);Duiven;Kooldioxide (CO2);392503613;kg
2009;64005;ARN B.V.;Weurt;Kooldioxide (CO2);325628205;kg
2009;64134;Sonac Loenen BV;Loenen;Kooldioxide (CO2);4179000;kg
2009;64304;Papierfabriek Doetinchem bv;Doetinchem;Kooldioxide (CO2);30073146;kg
2009;64308;Sappi Nijmegen BV/InnovioPapers;Nijmegen;Kooldioxide (CO2);72503700;kg
2009;64335;DS Smith De Hoop B.V.;Eerbeek;Kooldioxide (CO2);208746467;kg
2009;64345;Folding Boxboard Eerbeek bv;Eerbeek;Kooldioxide (CO2);48786304;kg
2009;64354;VHP Security Paper B.V.;Ugchelen;Kooldioxide (CO2);5308000;kg
2009;64360;Smurfit Westrock Parenco B.V.;Renkum;Kooldioxide (CO2);216579228;kg
2009;64633;Aquinos BV (Kesteren);Kesteren;Kooldioxide (CO2);1073499;kg
2009;64701;Steenfabriek De Rijswaard BV;Aalst;Kooldioxide (CO2);25209000;kg
2009;64710;Steenfabriek De Waalwaard BV;Dodewaard;Kooldioxide (CO2);6094000;kg
2009;64713;Wienerberger Steenfabriek Schipperswaard;Echteld;Kooldioxide (CO2);7133000;kg
2009;64715;Wienerberger BV Steenfabriek Erlecom;Erlecom;Kooldioxide (CO2);14083000;kg
2009;64718;Rodruza Steenfabriek de Zandberg;Gendt;Kooldioxide (CO2);14624000;kg
2009;64719;Wienerberger Steenfabriek Haaften;Haaften;Kooldioxide (CO2);13019000;kg
2009;64725;Wienerberger Steenfabriek Heteren;Heteren;Kooldioxide (CO2);9026000;kg
2009;64735;AGC Flatglass Nederland BV;Tiel;Kooldioxide (CO2);112743589;kg
2009;64739;Wienerberger Steenfabriek Doorwerth;Doorwerth;Kooldioxide (CO2);5969000;kg
2009;64740;Wienerberger Steenfabriek Wolfswaard;Opheusden;Kooldioxide (CO2);13423000;kg
2009;64741;Wienerberger Steenfabriek Kijfwaard Oost;Pannerden;Kooldioxide (CO2);15067000;kg
2009;64744;Steenfabriek Rossum B.V.;Rossum;Kooldioxide (CO2);13619000;kg
2009;64745;Wienerberger B.V.;Rijswijk (Gld);Kooldioxide (CO2);1642000;kg
2009;64746;Wienerberger Bricks BV (Spijk);Spijk;Kooldioxide (CO2);2492000;kg
2009;64748;Steenfabriek Spijk BV;Spijk;Kooldioxide (CO2);31833000;kg
2009;64749;Steenfabriek Tolkamer BV;Tolkamer;Kooldioxide (CO2);29572000;kg
2009;64759;Steenfabriek Zennewijnen;Zennewijnen;Kooldioxide (CO2);6446000;kg
2009;65777;Wienerberger Steenfabriek Kijfwaard West;Pannerden;Kooldioxide (CO2);24468000;kg
2009;66001;Sibelco Winterswijk;Winterswijk;Kooldioxide (CO2);5397042;kg
2009;66201;Coldenhove Paper B.V.;Eerbeek;Kooldioxide (CO2);12779160;kg
2009;66220;Smart Packaging Solutions B.V.;Loenen;Kooldioxide (CO2);12636180;kg
2009;66224;Wienerberger Dakpannenfabriek Narvik Deest;Deest;Kooldioxide (CO2);7438000;kg
2009;66239;Mead Johnson B.V.;Nijmegen;Kooldioxide (CO2);6308475;kg
2009;66253;Stichting Mestverwerking Gelderland SMG (KGBI Stroe);Stroe;Kooldioxide (CO2);2440000;kg
2009;66321;Minnewit BV (Berkelcentrale);Borculo;Kooldioxide (CO2);119106000;kg
2009;66323;Stichting Mestverwerking Gelderland SMG (KGBI Ede);Ede;Kooldioxide (CO2);2180000;kg
2009;66325;Stichting Mestverwerking Gelderland SMG (KGBI Elspeet);Elspeet;Kooldioxide (CO2);2090000;kg
2009;66326;Stichting Mestverwerking Gelderland SMG (KGBI Putten);Putten;Kooldioxide (CO2);2320000;kg
2009;66355;PFW Aroma ingredients bv;Barneveld;Kooldioxide (CO2);980000;kg
2009;69031;Gesloten stortplaats Ullerberg;Ermelo;Kooldioxide (CO2);2443716;kg
2009;69033;Vika BV;Ede;Kooldioxide (CO2);1391441;kg
2009;71102;KLK Kolb Specialties B.V.;Delden;Kooldioxide (CO2);5700000;kg
2009;71103;Nouryon Functional Chemicals;Deventer;Kooldioxide (CO2);13022038;kg
2009;71105;Nobian Chemicals BV (Hengelo);Hengelo;Kooldioxide (CO2);400289500;kg
2009;71514;Gasunie Vilsteren / Ommen;Vilsteren;Kooldioxide (CO2);25092641;kg
2009;72016;Royal Lactalis Leerdammer BV (Dalfsen);Dalfsen;Kooldioxide (CO2);4380000;kg
2009;72024;Ausnutria Kampen BV;Kampen;Kooldioxide (CO2);15305518;kg
2009;72027;Ausnutria Ommen B.V.;Ommen;Kooldioxide (CO2);2890000;kg
2009;73239;Scania Production Zwolle BV;Zwolle;Kooldioxide (CO2);1866350;kg
2009;74003;Centrale Harculo;Zwolle;Kooldioxide (CO2);393320419;kg
2009;74005;Ennatuurlijk BV, WKC Enschede;Enschede;Kooldioxide (CO2);144539000;kg
2009;74120;Ten Cate Protect B.V.;Nijverdal;Kooldioxide (CO2);2095170;kg
2009;74154;TenCate Outdoor Fabrics BV;Nijverdal;Kooldioxide (CO2);4053569;kg
2009;75305;locatie Boeldershoek;Hengelo;Kooldioxide (CO2);688278690;kg
2009;75315;locatie Elhorst Vloedbelt;Zenderen;Kooldioxide (CO2);375000;kg
2009;75331;Zwanenberg Food Group B.V.;Almelo;Kooldioxide (CO2);2650000;kg
2009;75342;FrieslandCampina Balkbrug;Balkbrug;Kooldioxide (CO2);10135640;kg
2009;75349;CZ Rouveen kaasspecialiteiten;Rouveen;Kooldioxide (CO2);1540000;kg
2009;81104;DOC Kaas (Zuivelfabriek);Hoogeveen;Kooldioxide (CO2);13415955;kg
2009;81202;AOC Nederland BV (Schoonebeek);Zandpol;Kooldioxide (CO2);6761000;kg
2009;82002;FrieslandCampina Domo B.V. (Beilen);Beilen;Kooldioxide (CO2);52429311;kg
2009;82603;Avebe u.a. (Gasselternijveen);Gasselternijveen;Kooldioxide (CO2);90637289;kg
2009;83501;2 RG;Klazienaveen;Kooldioxide (CO2);5782968;kg
2009;84808;SOLIDUS SOLUTIONS Board B.V. Coevorden;Coevorden;Kooldioxide (CO2);23574000;kg
2009;84999;FrieslandCampina Kievit (Meppel);Meppel;Kooldioxide (CO2);19839029;kg
2009;85002;Attero BV;Wijster;Kooldioxide (CO2);498611572;kg
2009;85003;Envalior Engineering Materials B.V.;Emmen;Kooldioxide (CO2);5118513;kg
2009;91505;N.V. Nederlandse Gasunie - compressorstation Aldeboarn;Aldeboarn;Kooldioxide (CO2);871026;kg
2009;92001;FrieslandCampina Cheese Gerkesklooster;Gerkesklooster;Kooldioxide (CO2);19914279;kg
2009;92004;Hochwald Foods Nederland BV;Bolsward;Kooldioxide (CO2);7088909;kg
2009;92008;Phoenix BV;Scharsterbrug;Kooldioxide (CO2);15067010;kg
2009;92012;FrieslandCampina (Leeuwarden);Leeuwarden;Kooldioxide (CO2);70892091;kg
2009;92015;FrieslandCampina Dronrijp;Dronryp;Kooldioxide (CO2);11498237;kg
2009;92030;FrieslandCampina (Workum);Workum;Kooldioxide (CO2);21498181;kg
2009;92615;Sonac Burgum BV;Sumar;Kooldioxide (CO2);52374042;kg
2009;94003;Centrale Bergum;Burgum;Kooldioxide (CO2);970729000;kg
2009;94301;Huhtamaki Nederland B.V.;Franeker;Kooldioxide (CO2);13544876;kg
2009;94304;SCA Hygiene Products BV (Suameer);Sumar;Kooldioxide (CO2);1818098;kg
2009;94706;BASF Nederland B.V.;Heerenveen;Kooldioxide (CO2);18968000;kg
2009;101103;BioMCN B.V.;Farmsum;Kooldioxide (CO2);121753804;kg
2009;101104;Dow Benelux B.V.;Delfzijl;Kooldioxide (CO2);10938375;kg
2009;101108;Qemetica NL Silica bv;Delfzijl;Kooldioxide (CO2);29423000;kg
2009;101403;Reym Delfzijl;Delfzijl;Kooldioxide (CO2);6452559;kg
2009;101404;Delamine B.V.;Farmsum;Kooldioxide (CO2);1059300;kg
2009;101405;Electric Glass Fiber NL, B.V.;Westerbroek;Kooldioxide (CO2);25919917;kg
2009;101407;Zeolyst CV;Farmsum;Kooldioxide (CO2);7167481;kg
2009;101408;Nedmag B.V.;Veendam;Kooldioxide (CO2);50621779;kg
2009;101515;Gasunie Transport Services B.V. - compressorstation Spijk;Eemshaven;Kooldioxide (CO2);51683270;kg
2009;102001;FrieslandCampina Nederland B.V.;Bedum;Kooldioxide (CO2);24195389;kg
2009;102008;Plixxent B.V.;Foxhol;Kooldioxide (CO2);152946;kg
2009;102302;Cosun Beet Company-Vierverlaten;Groningen;Kooldioxide (CO2);130335522;kg
2009;102620;Coöperatie AVEBE U.A.;Ter Apelkanaal;Kooldioxide (CO2);142822645;kg
2009;102621;Avebe u.a. (Foxhol);Foxhol;Kooldioxide (CO2);46159171;kg
2009;103009;KBM Master Alloys B.V.;Delfzijl;Kooldioxide (CO2);2533512;kg
2009;103010;DAMCO Aluminium Delfzijl Coöperatie U.A.;Farmsum;Kooldioxide (CO2);125375731;kg
2009;104001;ENGIE Energie Nederland NV;Eemshaven;Kooldioxide (CO2);5335049141;kg
2009;104003;Delesto B.V.;Farmsum;Kooldioxide (CO2);1792601700;kg
2009;104302;Solidus Solutions Board Groningen-Hoogkerk;Groningen;Kooldioxide (CO2);22182000;kg
2009;104304;Eska B.V.;Hoogezand;Kooldioxide (CO2);59898716;kg
2009;104305;Eska B.V.;Sappemeer;Kooldioxide (CO2);29949894;kg
2009;104307;Solidus Board Bad Nieuweschans B.V.;Bad Nieuweschans;Kooldioxide (CO2);29454000;kg
2009;104511;Gasunie mengstation Kootstertille (FR);Kootstertille;Kooldioxide (CO2);17184;kg
2009;104520;Ecopark De Wierde;Heerenveen;Kooldioxide (CO2);6109421;kg
2009;104521;FrieslandCampina Wolvega;Wolvega;Kooldioxide (CO2);669857;kg
2009;104527;Friese Ecologische Zuivel (Drachten);Drachten;Kooldioxide (CO2);203344;kg
2009;104710;ESD-SIC BV;Farmsum;Kooldioxide (CO2);61416186;kg
2009;105001;ChemCom Industries BV;Farmsum;Kooldioxide (CO2);5932300;kg
2009;105004;Teijin Aramid B.V.;Farmsum;Kooldioxide (CO2);5091000;kg
2009;105007;FrieslandCampina Nederland B.V.;Marum;Kooldioxide (CO2);10239542;kg
2009;105014;Brunner Mond BV (inrichting bestaat niet meer);Farmsum;Kooldioxide (CO2);35636688;kg
2009;105016;Nobian Industrial Chemicals B.V. - SSC (Shared Service Center);Farmsum;Kooldioxide (CO2);1363760;kg
2009;105027;Kisuma Chemicals BV;Veendam;Kooldioxide (CO2);6951184;kg
2009;114001;Maxima-centrale;Lelystad;Kooldioxide (CO2);62091497;kg
2009;114002;Vattenfall Power Generation B.V. (HWC Hogering/WKC Almere);Almere;Kooldioxide (CO2);375104445;kg
2009;114711;Yakult Nederland BV;Almere;Kooldioxide (CO2);1590000;kg
2009;114720;Sonac Almere BV;Almere;Kooldioxide (CO2);5116390;kg
2009;114721;Alphen;Alphen;Kooldioxide (CO2);115440;kg
2009;114722;Waterschap Noorderzijlvest - RWZI Garmerwolde;Garmerwolde;Kooldioxide (CO2);19047431;kg
2009;114725;RWZI Ede;Ede;Kooldioxide (CO2);6757021;kg
2009;114726;RWZI Nieuwgraaf (Waterschap Rijn en IJssel);Duiven;Kooldioxide (CO2);13224293;kg
2009;114728;RWZI Nieuwveer;Breda;Kooldioxide (CO2);10863348;kg
2009;114729;RWZI Aarle-Rixtel (Waterschap Aa en Maas);Aarle-Rixtel;Kooldioxide (CO2);8119384;kg
2009;114730;RWZI Eindhoven (Waterschap De Dommel);Eindhoven;Kooldioxide (CO2);9779752;kg
2009;114731;RWZI Utrecht (Hoogheemraadschap de Stichtse Rijnlanden);Utrecht;Kooldioxide (CO2);12218256;kg
2009;114732;RWZI Venlo;Venlo;Kooldioxide (CO2);6295986;kg
2009;114733;RWZI Hoensbroek;Hoensbroek;Kooldioxide (CO2);9565830;kg
2009;114734;RWZI Enschede;Enschede;Kooldioxide (CO2);8359405;kg
2009;114735;AWZI De Groote Lucht (Hoogheemraadschap van Delfland);Vlaardingen;Kooldioxide (CO2);7228776;kg
2009;114736;RWZI Dokhaven en Slibverwerkingsinstallatie Sluisjesdijk;Rotterdam;Kooldioxide (CO2);11476398;kg
2009;114737;AWZI Kralingseveer (Hoogheemraadschap van Schieland);Capelle aan den Ijssel;Kooldioxide (CO2);8685496;kg
2009;114740;RWZI Susteren;Susteren;Kooldioxide (CO2);15428766;kg
2009;114741;RWZI Amersfoort;Amersfoort;Kooldioxide (CO2);8402329;kg
2009;114743;RWZI Dinther (Waterschap Aa en Maas);Heeswijk-Dinther;Kooldioxide (CO2);8344544;kg
2009;114745;Komeco B.V.;Dronten;Kooldioxide (CO2);25634;kg
2009;114747;PeakShaver Maasvlakte;Maasvlakte Rotterdam;Kooldioxide (CO2);1873893;kg
2009;114757;Eurogen CV;Botlek Rotterdam;Kooldioxide (CO2);405671000;kg
2009;114767;AWZI Houtrust (Hoogheemraadschap van Delfland);'s-Gravenhage;Kooldioxide (CO2);9308694;kg
2009;114772;Fenner Dunlop Conveyor Belting;Drachten;Kooldioxide (CO2);3870000;kg
2009;114785;Smilde Foods BV(Heerenveen);Heerenveen;Kooldioxide (CO2);1557399;kg
2009;114802;Renewi Smink Amersfoort;Hoogland;Kooldioxide (CO2);4671000;kg
2009;115036;LyondellBasell Covestro Manufacturing Maasvlakte VOF;Maasvlakte Rotterdam;Kooldioxide (CO2);9739775;kg
2009;115047;Helvoet Rubber & Plastic Technologies B.V.;Hellevoetsluis;Kooldioxide (CO2);1240000;kg
2009;115049;Holonite BV (Tholen);Tholen;Kooldioxide (CO2);186000;kg
2009;115050;Holonite BV (Halsteren);Halsteren;Kooldioxide (CO2);166000;kg
2009;115063;Eagle Simrax BV;Kerkrade;Kooldioxide (CO2);313395;kg
2009;115066;Trespa International BV;Weert;Kooldioxide (CO2);12451660;kg
2009;115072;Seasun;Kapelle;Kooldioxide (CO2);333299;kg
2009;115084;SVP Productie BV - Hulpwarmtecentrale 1;Purmerend;Kooldioxide (CO2);12200870;kg
2009;115085;Enecal Energy VOF;Botlek Rotterdam;Kooldioxide (CO2);234471000;kg
2009;115087;Essent WKC Erica;Erica;Kooldioxide (CO2);78942000;kg
2009;115088;Essent WKC Klazienaveen;Klazienaveen;Kooldioxide (CO2);80645000;kg
2009;115098;MCi (Mirror Controls International) Netherlands BV;Montfoort;Kooldioxide (CO2);488500;kg
2009;115143;FrieslandCampina Cheese BV (Leerdam);Leerdam;Kooldioxide (CO2);243430;kg
2009;115180;apt Extrusions B.V.;Roermond;Kooldioxide (CO2);3261426;kg
2009;115181;EP NL Rijnmond 1 B.V.;Vondelingenplaat Rotterdam;Kooldioxide (CO2);1891771000;kg
2009;115184;RWZI Land van Cuijk (Waterschap Aa en Maas);Haps;Kooldioxide (CO2);4683887;kg
2009;115185;DOC Kaas (Zuivelpark);Hoogeveen;Kooldioxide (CO2);38095709;kg
2009;115186;Yara Vlaardingen BV;Vlaardingen;Kooldioxide (CO2);620000;kg
2009;200114;EuroCeramic BV (Greswarenstraat);Reuver;Kooldioxide (CO2);964592;kg
2009;200119;F. Wellink Lekkerkerk BV;Lekkerkerk;Kooldioxide (CO2);98900;kg
2009;200131;Hak BV;Giessen;Kooldioxide (CO2);6844000;kg
2009;200287;Steenfabriek Engels Helden BV;Panningen;Kooldioxide (CO2);13270000;kg
2009;200312;Vloertegelfabriek Koninklijke Mosa BV;Maastricht;Kooldioxide (CO2);14678271;kg
2009;200333;Wienerberger Steenfabriek Bemmel;Haalderen;Kooldioxide (CO2);7442000;kg
2009;200355;Dakpanfabriek Narvik Tegelen (Wienberger BV);Tegelen;Kooldioxide (CO2);11347000;kg
2009;200376;Wienerberger Dakpanfabriek Janssen-Dings;Tegelen;Kooldioxide (CO2);8957000;kg
2009;200407;COATEX Netherlands BV;Moerdijk;Kooldioxide (CO2);1077301;kg
2009;200436;Afvalberging Derde Merwedehaven;Dordrecht;Kooldioxide (CO2);16081826;kg
2009;200464;Baggerspeciedepot IJsseloog;Dronten;Kooldioxide (CO2);414656;kg
2009;200493;Attero B.V. locatie Bergen op Zoom (Kragge);Bergen op Zoom;Kooldioxide (CO2);2059437;kg
2009;200507;E.on Locatie Delft;Delft;Kooldioxide (CO2);7426261;kg
2009;200508;Uniper HWC Bezuidenhout-West;'s-Gravenhage;Kooldioxide (CO2);25643668;kg
2009;200516;Attero B.V.  locatie Montfort;Montfort;Kooldioxide (CO2);3063717;kg
2009;200518;Attero B.V. Locatie Weert;Weert;Kooldioxide (CO2);0;kg
2009;200520;Attero B.V. locatie Schinnen;Schinnen;Kooldioxide (CO2);3619936;kg
2009;200522;Ennatuurlijk BV PS Tilburg;Tilburg;Kooldioxide (CO2);2310000;kg
2009;200537;Cargill Cocao Aurora;Zaandam;Kooldioxide (CO2);1501897548253790;kg
2009;200538;GMB BioEnergie Zutphen BV;Zutphen;Kooldioxide (CO2);27647404;kg
2009;200540;Goglio North Europe BV;Zaandam;Kooldioxide (CO2);2344500;kg
2009;200606;Theo Pouw Secundaire Bouwstoffen B.V.;Eemshaven;Kooldioxide (CO2);18617322;kg
2009;200664;Handelsonderneming A. Smit & Zoon BV;Amersfoort;Kooldioxide (CO2);1807000;kg
2009;201055;Attero B.V. Locatie Haps;Haps;Kooldioxide (CO2);2040582;kg
2009;201189;Afvalverwerking Stainkoeln B.V.;Groningen;Kooldioxide (CO2);811443;kg
2009;201203;Sortiva B.V.;Alkmaar;Kooldioxide (CO2);1429311;kg
2009;201241;EMMTEC Services BV;Emmen;Kooldioxide (CO2);151914700;kg
2009;201304;BMC Moerdijk BV;Moerdijk;Kooldioxide (CO2);260744992;kg
2009;201386;EP NL Sloe Centrale B.V. (Vlissingen);Ritthem;Kooldioxide (CO2);519149102;kg
2009;201503;Valtris AO Maastricht b.v. / Vynova AO Maastricht b.v.;Maastricht;Kooldioxide (CO2);2877000;kg
2009;201639;Solidus Solutions Board Oude Pekela;Oude Pekela;Kooldioxide (CO2);19712000;kg
2009;201986;Eneco HWC Kanaleneiland;Utrecht;Kooldioxide (CO2);23235;kg
2009;202219;Air Products Nederland BV (Europoort);Europoort Rotterdam;Kooldioxide (CO2);116782814;kg
2009;202268;Eneco HWC Overvecht;Utrecht;Kooldioxide (CO2);438219;kg
2009;202298;Evonik Peroxide Netherlands B.V.;Farmsum;Kooldioxide (CO2);29780000;kg
2009;202417;Compressorstation Noord Holland;Anna Paulowna;Kooldioxide (CO2);22484;kg
2009;202418;Eneco HWC Nicolaas Beetsstraat;Utrecht;Kooldioxide (CO2);1663934;kg
2009;202419;Eneco HWC Nieuwegein;Nieuwegein;Kooldioxide (CO2);2629340;kg
2009;202824;Eneco Merwedekanaal;Utrecht;Kooldioxide (CO2);576518977;kg
2009;202825;Eneco Lage Weide;Utrecht;Kooldioxide (CO2);616881867;kg
2009;202858;Grolsche Bierbrouwerij Nederland B.V.;Enschede;Kooldioxide (CO2);8094000;kg
2009;202895;Lingezegen Energy B.V.;Bemmel;Kooldioxide (CO2);42915076;kg
2009;202902;GMB BioEnergie Tiel BV;Tiel;Kooldioxide (CO2);14411887;kg
2009;202903;Reterra BV;Goor;Kooldioxide (CO2);23100000;kg
2009;202992;Viterra Botlek BV;Botlek Rotterdam;Kooldioxide (CO2);6013000;kg
2009;203155;Vattenfall Power Generation B.V. (HWC Almere Stad);Almere;Kooldioxide (CO2);3994056;kg
2009;203159;Eco Fuels Netherlands B.V.;Eemshaven;Kooldioxide (CO2);3591225;kg
2009;203186;RWZI West;Amsterdam;Kooldioxide (CO2);14546567;kg
2009;203346;Inter-Che-M BV;Beuningen Gld;Kooldioxide (CO2);315842;kg
2009;203411;Pergen VOF;Pernis Rotterdam;Kooldioxide (CO2);1312118047;kg
2009;203422;Dutch Biodiesel BV;Vondelingenplaat Rotterdam;Kooldioxide (CO2);164914;kg
2009;203438;Straalbedrijf A.J. den Breejen & Zonen BV;Dordrecht;Kooldioxide (CO2);610340;kg
2009;203589;Cerexagri BV;Vondelingenplaat Rotterdam;Kooldioxide (CO2);5877942;kg
2009;203590;Arkema B.V. location Rotterdam;Vondelingenplaat Rotterdam;Kooldioxide (CO2);4154425;kg
2009;220121;Hoogheemraadschap Hollands Noorderkwartier RWZI Alkmaar;Alkmaar;Kooldioxide (CO2);2849848;kg
2009;220122;RWZI Almelo-Sumpel (WS Regge en Dinkel);Almelo;Kooldioxide (CO2);2399765;kg
2009;220124;AWZI Almere;Almere;Kooldioxide (CO2);5614692;kg
2009;220129;RWZI Amstelveen (HH Amstel, Gooi en Vecht);Amstelveen;Kooldioxide (CO2);1449714;kg
2009;220131;RWZI Westpoort;Amsterdam;Kooldioxide (CO2);6399114;kg
2009;220136;RWZI Asten (Waterschap Aa en Maas);Heusden;Kooldioxide (CO2);411605;kg
2009;220139;RWZI Bath;Rilland;Kooldioxide (CO2);11837241;kg
2009;220150;Hoogheemraadschap Hollands Noorderkwartier SDI/RWZI Beverwijk;Beverwijk;Kooldioxide (CO2);32023675;kg
2009;220188;Hoogheemraadschap Hollands Noorderkwartier RWZI Den Helder;Den Helder;Kooldioxide (CO2);3967842;kg
2009;220191;RWZI Deventer;Deventer;Kooldioxide (CO2);4372958;kg
2009;220217;RWZI Etten;Terborg;Kooldioxide (CO2);7352098;kg
2009;220264;Rioolwaterzuiveringsinstallatie Hengelo;Hengelo;Kooldioxide (CO2);4564683;kg
2009;220269;RWZI Hilversum (HH Amstel, Gooi en Vecht);Hilversum;Kooldioxide (CO2);2329235;kg
2009;220276;RWZI Horstermeer (HH Amstel, Gooi en Vechtstreek);Nederhorst den Berg;Kooldioxide (CO2);3119265;kg
2009;220326;AWZI Nieuwe Waterweg;Hoek Van Holland;Kooldioxide (CO2);3025534;kg
2009;220328;RWZI Nieuwegein;Nieuwegein;Kooldioxide (CO2);3371922;kg
2009;220387;RWZI Den Bosch (Waterschap Aa en Maas);'s-Hertogenbosch;Kooldioxide (CO2);8618733;kg
2009;220410;RWZI Terneuzen;Terneuzen;Kooldioxide (CO2);779400;kg
2009;220416;RWZI Tilburg Noord;Tilburg;Kooldioxide (CO2);8926062;kg
2009;220429;RWZI Veenendaal;Overberg;Kooldioxide (CO2);3209362;kg
2009;220432;RWZI Vinkel (Waterschap Aa en Maas);Vinkel;Kooldioxide (CO2);1061218;kg
2009;220443;RWZI Walcheren;Ritthem;Kooldioxide (CO2);2612200;kg
2009;220448;RWZI Weesp;Weesp;Kooldioxide (CO2);755170;kg
2009;220460;RWZI Willem Annapolder;Kapelle;Kooldioxide (CO2);1130599;kg
2009;220469;Hoogheemraadschap Hollands Noorderkwartier RWZI Zaandam-Oost;Zaandam;Kooldioxide (CO2);4463220;kg
2009;220482;RWZI Zwolle;Zwolle;Kooldioxide (CO2);5286585;kg
2009;220537;RWZI Harnaschpolder (Hoogheemraadschap van Delfland);Den Hoorn;Kooldioxide (CO2);25636200;kg
2010;59;Koninklijke Mosa BV Wandtegelfabriek & Vloertegelfabriek;Maastricht;Kooldioxide (CO2);22953500;kg
2010;60;Sappi Maastricht BV;Maastricht;Kooldioxide (CO2);204282287;kg
2010;62;Chemelot Site Permit BV;Geleen;Kooldioxide (CO2);4420483000;kg
2010;65;PQ Silicas BV;Eijsden;Kooldioxide (CO2);31992000;kg
2010;66;Marsna Paper B.V.;Meerssen;Kooldioxide (CO2);5027067;kg
2010;79;Steenfabriek Linssen BV;Kerkrade;Kooldioxide (CO2);2298000;kg
2010;84;BASF Nederland B.V.;Maastricht;Kooldioxide (CO2);4135290;kg
2010;90;VDL Castings Heerlen BV;Hoensbroek;Kooldioxide (CO2);199880;kg
2010;94;Steenfabriek Gebroeders Klinkers BV;Maastricht;Kooldioxide (CO2);7168000;kg
2010;95;Vandersanden Beek BV;Beek;Kooldioxide (CO2);6301000;kg
2010;113;VDL Nedcar B.V.;Born;Kooldioxide (CO2);13390822;kg
2010;124;CRH Nuth;Nuth;Kooldioxide (CO2);4321000;kg
2010;148;ENCI BV (Maastricht);Maastricht;Kooldioxide (CO2);633390000;kg
2010;151;O-I Netherlands BV (Maastricht);Maastricht;Kooldioxide (CO2);90720737;kg
2010;159;Fenzi AGT Netherlands B.V.;Maastricht;Kooldioxide (CO2);4615973;kg
2010;176;Caradon Stelrad BV;Nuth;Kooldioxide (CO2);1668161;kg
2010;325;Lawter Maastricht BV;Maastricht;Kooldioxide (CO2);1292300;kg
2010;326;Wienerberger Steenfabriek Poriso;Brunssum;Kooldioxide (CO2);28979000;kg
2010;1104;Solvay Chemie BV;Herten;Kooldioxide (CO2);2439006;kg
2010;1107;Nouryon Functional Chemicals B.V.;Herkenbosch;Kooldioxide (CO2);11457000;kg
2010;1404;DSM Pharma Chemicals Venlo BV;Venlo;Kooldioxide (CO2);6685000;kg
2010;2748;Steinzeug-Keramo BV (Belfeld);Belfeld;Kooldioxide (CO2);11708927;kg
2010;3066;Verzinkerij Weert BV en Electrocoat BV Weert Groep;Stramproy;Kooldioxide (CO2);4376258;kg
2010;3509;VDL Castings Weert BV;Weert;Kooldioxide (CO2);103799;kg
2010;3513;MGG Netherlands BV;Tegelen;Kooldioxide (CO2);5197000;kg
2010;4001;Clauscentrale;Maasbracht;Kooldioxide (CO2);568130840;kg
2010;4301;Smurfit Westrock Roermond Paper BV;Roermond;Kooldioxide (CO2);161839000;kg
2010;4706;Kleiwarenfabriek Buggenum BV;Buggenum;Kooldioxide (CO2);6091000;kg
2010;4709;Kleiwarenfabriek Joosten Kessel BV;Kessel;Kooldioxide (CO2);6394000;kg
2010;4711;Wienerberger Steenfabriek Thorn;Thorn;Kooldioxide (CO2);8661000;kg
2010;4712;Kleiwarenfabriek Joosten Wessem BV;Wessem;Kooldioxide (CO2);7636000;kg
2010;4753;Rockwool B.V.;Roermond;Kooldioxide (CO2);147108721;kg
2010;5726;Wienerberger Steenfabriek Nuance;Afferden L;Kooldioxide (CO2);4849000;kg
2010;5727;EverZinc Nederland B.V.;Eijsden;Kooldioxide (CO2);23568100;kg
2010;5729;Celanese Production Netherlands B.V.;Geleen;Kooldioxide (CO2);1912866;kg
2010;5739;E-MAX BILLETS;Kerkrade;Kooldioxide (CO2);23352318;kg
2010;5740;WEPA Nederland B.V.;Swalmen;Kooldioxide (CO2);24160000;kg
2010;5746;Nuon Power Generation BV (Buggenum);Haelen;Kooldioxide (CO2);1063208728;kg
2010;5750;FrieslandCampina Born;Born;Kooldioxide (CO2);6330000;kg
2010;5804;PQ Nederland BV;Maastricht;Kooldioxide (CO2);6616000;kg
2010;5821;Attero B.V. locatie Landgraaf;Landgraaf;Kooldioxide (CO2);4588257;kg
2010;10001;Nobian Industrial Chemicals BV (Rotterdam);Botlek Rotterdam;Kooldioxide (CO2);180953350;kg
2010;10002;Nouryon Performance Formulations b.v.;Europoort Rotterdam;Kooldioxide (CO2);16000;kg
2010;10003;Synres B.V.;Hoek Van Holland;Kooldioxide (CO2);5894100;kg
2010;10004;Lyondell Chemical Nederland Ltd.;Botlek Rotterdam;Kooldioxide (CO2);133146039;kg
2010;10006;Shell Nederland Chemie BV (Pernis);Vondelingenplaat Rotterdam;Kooldioxide (CO2);33274024;kg
2010;10016;Climax Molybdenum BV;Botlek Rotterdam;Kooldioxide (CO2);9293594;kg
2010;10017;Evonik Carbon Black Nederland BV;Botlek Rotterdam;Kooldioxide (CO2);61430000;kg
2010;10042;Kemira Rotterdam B.V. - locatie Botlek;Botlek Rotterdam;Kooldioxide (CO2);135000;kg
2010;10048;Compaxo Gouda BV;Gouda;Kooldioxide (CO2);5760000;kg
2010;10057;Shell Nederland Raffinaderij BV;Vondelingenplaat Rotterdam;Kooldioxide (CO2);4134663274;kg
2010;10058;BP Raffinaderij Rotterdam B.V.;Europoort Rotterdam;Kooldioxide (CO2);2773942016;kg
2010;10059;Gunvor Energy Rotterdam B.V. (GPR);Europoort Rotterdam;Kooldioxide (CO2);531079385;kg
2010;10061;Esso Nederland BV (Raffinaderij Rotterdam);Botlek Rotterdam;Kooldioxide (CO2);2199782388;kg
2010;10062;ExxonMobil Chemical Holland BV (RAP);Botlek Rotterdam;Kooldioxide (CO2);411416541;kg
2010;10063;AVR-Afvalverwerking;Botlek Rotterdam;Kooldioxide (CO2);1759500000;kg
2010;10064;Almatis BV;Botlek Rotterdam;Kooldioxide (CO2);19004772;kg
2010;10066;Kemira Rotterdam BV locatie Europoort;Europoort Rotterdam;Kooldioxide (CO2);8955898;kg
2010;10073;Tronox Pigments (Holland) BV;Botlek Rotterdam;Kooldioxide (CO2);95092609;kg
2010;10076;HVC AfvalEnergieCentrale Dordrecht;Dordrecht;Kooldioxide (CO2);141019603;kg
2010;10078;Ruigenhil Vastgoed B.V. (Nedstaal/FNSteel/Heros);Alblasserdam;Kooldioxide (CO2);44876535;kg
2010;10079;Chemours Netherlands B.V.;Dordrecht;Kooldioxide (CO2);29341542;kg
2010;10086;NV Nutricia Zoetermeer;Zoetermeer;Kooldioxide (CO2);13846995;kg
2010;10089;Prysmian Netherlands B.V.;Delft;Kooldioxide (CO2);2076166;kg
2010;10097;SD Guthrie International Zwijndrecht Refinery B.V.;Zwijndrecht;Kooldioxide (CO2);53383000;kg
2010;10100;Bakelite Botlek Rotterdam;Botlek Rotterdam;Kooldioxide (CO2);7376000;kg
2010;10546;Lactalis Leerdammer BV (Schoonrewoerd);Schoonrewoerd;Kooldioxide (CO2);11640738;kg
2010;10590;FrieslandCampina Rotterdam;Rotterdam;Kooldioxide (CO2);2466744;kg
2010;10621;Hunter Douglas Europe BV;Rotterdam;Kooldioxide (CO2);13125192;kg
2010;10687;Biotech Campus Delft;Delft;Kooldioxide (CO2);76953222;kg
2010;10689;Air Products Nederland BV (Botlek);Botlek Rotterdam;Kooldioxide (CO2);402640127;kg
2010;10698;Cargill Bioindustrial BV;Gouda;Kooldioxide (CO2);53464982;kg
2010;10722;O-I Manufacturing Netherlands BV Schiedam;Schiedam;Kooldioxide (CO2);62081000;kg
2010;10723;O-I Netherlands BV (Leerdam);Leerdam;Kooldioxide (CO2);98934123;kg
2010;10728;Cargill Refined Oils Europe;Botlek Rotterdam;Kooldioxide (CO2);25767000;kg
2010;10789;BMI Productie Nederland BV Woerden;Woerden;Kooldioxide (CO2);942024;kg
2010;10829;Cosun Beet company (Puttershoek);Puttershoek;Kooldioxide (CO2);801000;kg
2010;10928;Aluminium & Chemie Rotterdam B.V.;Botlek Rotterdam;Kooldioxide (CO2);260212000;kg
2010;10951;Uniper Centrale Leiden;Leiden;Kooldioxide (CO2);177943592;kg
2010;10953;Uniper Centrale Den Haag;'s-Gravenhage;Kooldioxide (CO2);184514000;kg
2010;10983;IHC Kinderdijk;Nieuw-Lekkerland;Kooldioxide (CO2);4873680;kg
2010;10998;Draka Interfoam;Hillegom;Kooldioxide (CO2);1035669;kg
2010;11024;Cabot B.V.;Botlek Rotterdam;Kooldioxide (CO2);227514423;kg
2010;11090;Chane Terminal Botlek B.V.;Botlek Rotterdam;Kooldioxide (CO2);30187700;kg
2010;11105;Heineken Netherlands Supply B.V., brouwerij Zoeterwoude;Zoeterwoude;Kooldioxide (CO2);54617211;kg
2010;11111;Ashland Industries Nederland B.V.;Zwijndrecht;Kooldioxide (CO2);24764057;kg
2010;11230;Damen Verolme BV;Botlek Rotterdam;Kooldioxide (CO2);1467900;kg
2010;11366;LANXESS Rotterdam Botlek;Botlek Rotterdam;Kooldioxide (CO2);101139600;kg
2010;11658;Farm Frites BV;Oudenhoorn;Kooldioxide (CO2);28987856;kg
2010;12134;Archer Daniels Midland Europoort BV (ADM);Europoort Rotterdam;Kooldioxide (CO2);203977000;kg
2010;12135;ExxonMobil Chemical Holland BV (ROP van RPI);Europoort Rotterdam;Kooldioxide (CO2);55503000;kg
2010;12147;E.ON Warmte Station Galileistraat;Rotterdam;Kooldioxide (CO2);482200027;kg
2010;12149;Uniper Benelux NV (Maasvlakte);Maasvlakte Rotterdam;Kooldioxide (CO2);6680554551;kg
2010;12150;Uniper Centrale RoCa;Rotterdam;Kooldioxide (CO2);671330670;kg
2010;12151;Uniper HWC Blekerstraat;Rotterdam;Kooldioxide (CO2);124000;kg
2010;12152;Uniper HWC Delftsevaart;Rotterdam;Kooldioxide (CO2);4794852;kg
2010;12157;HVC ZVI B.V.;Dordrecht;Kooldioxide (CO2);9931020;kg
2010;12158;HVC Slibverbrandingsinstallatie;Dordrecht;Kooldioxide (CO2);122000000;kg
2010;12160;Chane Terminal Geulhaven B.V.;Botlek Rotterdam;Kooldioxide (CO2);888330;kg
2010;12162;Evos Rotterdam B.V.;Europoort Rotterdam;Kooldioxide (CO2);7671289;kg
2010;12163;EPS BV;Hendrik-Ido-Ambacht;Kooldioxide (CO2);444070;kg
2010;12166;TU Delft Warmtekrachtcentrale;Delft;Kooldioxide (CO2);15858000;kg
2010;12167;UZIMET BV;Rijswijk;Kooldioxide (CO2);690527;kg
2010;12168;INV NYLON CHEMICALS NETHERLANDS B.V.;Botlek Rotterdam;Kooldioxide (CO2);8150232;kg
2010;12170;FrieslandCampina Maasdam;Maasdam;Kooldioxide (CO2);5511407;kg
2010;12171;Zuivelfabriek De Graafstroom;Bleskensgraaf Ca;Kooldioxide (CO2);3585336;kg
2010;12172;Promelca B.V. (Gorinchem);Gorinchem;Kooldioxide (CO2);30251337;kg
2010;12174;Ducor Petrochemicals B.V.;Botlek Rotterdam;Kooldioxide (CO2);6954200;kg
2010;12175;Air Liquide Industrie BV;Botlek Rotterdam;Kooldioxide (CO2);52920000;kg
2010;12176;Air Products Nederland BV (Pernis);Vondelingenplaat Rotterdam;Kooldioxide (CO2);618952353;kg
2010;12177;VPR Energy B.V.;Europoort Rotterdam;Kooldioxide (CO2);106240998;kg
2010;19004;ExxonMobil Chemical Holland BV (RPP van RPI);Botlek Rotterdam;Kooldioxide (CO2);50562000;kg
2010;19032;Janssen Biologics BV;Leiden;Kooldioxide (CO2);4260000;kg
2010;19070;Indorama Ventures Europe BV;Europoort Rotterdam;Kooldioxide (CO2);110768218;kg
2010;19071;Shin-Etsu PVC BV (VCM Botlek);Botlek Rotterdam;Kooldioxide (CO2);100876139;kg
2010;19072;FrieslandCampina Nederland B.V.;Noordwijk;Kooldioxide (CO2);1312453;kg
2010;19073;Westlake Epoxy B.V.;Vondelingenplaat Rotterdam;Kooldioxide (CO2);37758689;kg
2010;21010;Sonneborn Refined Products BV (Amsterdam);Amsterdam;Kooldioxide (CO2);23409850;kg
2010;21011;Rütgers Resins B.V.;Uithoorn;Kooldioxide (CO2);24466000;kg
2010;21102;ICL FERTILIZERS EUROPE C.V.;Amsterdam;Kooldioxide (CO2);11753000;kg
2010;21301;LANXESS Manufacturing Netherlands BV;Amsterdam;Kooldioxide (CO2);4595883;kg
2010;21302;Abbott Healthcare Products BV (Weesp);Weesp;Kooldioxide (CO2);16066597;kg
2010;21304;Givaudan Nederland B.V. (Naarden);Naarden;Kooldioxide (CO2);9648122;kg
2010;21403;Norit Nederland BV (Zaandam);Zaandam;Kooldioxide (CO2);38041134;kg
2010;21528;N.V. Nederlandse Gasunie (Wieringermeer);Middenmeer;Kooldioxide (CO2);8820141;kg
2010;21529;Gasunie Transport Services B.V.;Heemskerk;Kooldioxide (CO2);21709273;kg
2010;21530;OQ Chemicals Nederland BV;Amsterdam;Kooldioxide (CO2);1520000;kg
2010;22006;FrieslandCampina Nederland B.V. Lutjewinkel;Lutjewinkel;Kooldioxide (CO2);6838213;kg
2010;22008;Kaptein PCF;Oosthuizen;Kooldioxide (CO2);579000;kg
2010;22012;CONO Kaasmakers (Middenbeemster);Westbeemster;Kooldioxide (CO2);7429000;kg
2010;22201;Olam Cocoa BV;Koog aan de Zaan;Kooldioxide (CO2);22016000;kg
2010;22602;Tate & Lyle Netherlands BV;Koog aan de Zaan;Kooldioxide (CO2);76551291;kg
2010;22617;Bunge Netherlands BV;Amsterdam;Kooldioxide (CO2);70992580;kg
2010;22626;Cargill BV (Multiseed);Amsterdam;Kooldioxide (CO2);30605898;kg
2010;23110;Greif Nederland Closure Systems;Amsterdam;Kooldioxide (CO2);1030000;kg
2010;23301;Tata Steel IJmuiden BV;Velsen-Noord;Kooldioxide (CO2);6237642837;kg
2010;24000;Vattenfall Power Generation B.V. (Hemweg);Amsterdam;Kooldioxide (CO2);2373362950;kg
2010;24002;Vattenfall Power Generation B.V. (Diemen);Diemen;Kooldioxide (CO2);668274010;kg
2010;24003;Vattenfall Power Generation B.V. (Velsen);Velsen-Noord;Kooldioxide (CO2);3977555611;kg
2010;24007;Nuon Power Generation BV Purmerend WKC;Purmerend;Kooldioxide (CO2);127906450;kg
2010;24302;Crown van Gelder International B.V.;Velsen-Noord;Kooldioxide (CO2);140678177;kg
2010;24605;Forbo Flooring BV;Assendelft;Kooldioxide (CO2);15823429;kg
2010;24606;BN International BV;Huizen;Kooldioxide (CO2);8775000;kg
2010;28070;Alpha Assembly Solutions Netherlands BV;Naarden;Kooldioxide (CO2);1220000;kg
2010;28072;Quaker Chemical B.V. (A Quaker Houghton Company);Uithoorn;Kooldioxide (CO2);2429201;kg
2010;28085;AEB Amsterdam;Amsterdam;Kooldioxide (CO2);1263410974;kg
2010;28091;HVC N.V.;Alkmaar;Kooldioxide (CO2);730000009;kg
2010;28094;Linde Gas IJmuiden;Velsen-Noord;Kooldioxide (CO2);605000;kg
2010;28097;A-ware Zaandam BV;Zaandam;Kooldioxide (CO2);310000;kg
2010;28098;FrieslandCampina Limmen (Ecomel);Limmen;Kooldioxide (CO2);677000;kg
2010;28175;Waeles Nederland BV;Nieuw-Vennep;Kooldioxide (CO2);287052;kg
2010;28176;Vattenfall Power Generation B.V. (IJmond 1);Velsen-Noord;Kooldioxide (CO2);2209446488;kg
2010;28177;Shipdock BV;Amsterdam;Kooldioxide (CO2);269107;kg
2010;31311;CARBOGEN AMCIS B.V.;Veenendaal;Kooldioxide (CO2);3000000;kg
2010;32920;Westfort Oudewater;Oudewater;Kooldioxide (CO2);469159;kg
2010;33104;Trivium Aluminium Packaging Netherlands B.V.;Veenendaal;Kooldioxide (CO2);7680000;kg
2010;34111;Lantor BV;Veenendaal;Kooldioxide (CO2);2726000;kg
2010;34303;Remia CV;Den Dolder;Kooldioxide (CO2);3729253;kg
2010;39103;Koninklijke ERU Kaasfabriek B.V.;Woerden;Kooldioxide (CO2);505635;kg
2010;39105;Vrumona;Bunnik;Kooldioxide (CO2);6494638;kg
2010;41003;Shell Nederland Chemie BV (Moerdijk);Moerdijk;Kooldioxide (CO2);2640800797;kg
2010;41101;SABIC Innovative Plastics BV;Bergen op Zoom;Kooldioxide (CO2);411229078;kg
2010;41102;Allnex Netherlands B.V.;Bergen op Zoom;Kooldioxide (CO2);14231600;kg
2010;41103;Synthos Breda BV;Breda;Kooldioxide (CO2);7578509;kg
2010;41106;IFF Nederland BV;Tilburg;Kooldioxide (CO2);8912006;kg
2010;41108;Caldic Chemie Produktie BV;Zevenbergen;Kooldioxide (CO2);6330902;kg
2010;41113;BEWI RAW BV;Etten-Leur;Kooldioxide (CO2);6060167;kg
2010;41307;Aspen Oss B.V.;Oss;Kooldioxide (CO2);32521000;kg
2010;41402;Trobas Gelatine B.V.;Dongen;Kooldioxide (CO2);8380564;kg
2010;41428;Covestro (Netherlands) B.V., vestiging Waalwijk;Waalwijk;Kooldioxide (CO2);5378000;kg
2010;41502;Ravenstein;Ravenstein;Kooldioxide (CO2);46847979;kg
2010;41521;Afvalstoffen Terminal Moerdijk BV (ATM);Moerdijk;Kooldioxide (CO2);284938085;kg
2010;42019;FrieslandCampina Oud Gastel;Oud Gastel;Kooldioxide (CO2);1354180;kg
2010;42022;Nutricia Cuijk B.V.;Cuijk;Kooldioxide (CO2);10600368;kg
2010;42034;FrieslandCampina DMV B.V.;Veghel;Kooldioxide (CO2);125180000;kg
2010;42206;Mars Nederland BV;Veghel;Kooldioxide (CO2);13050000;kg
2010;42310;Cosun Beet Company-Dinteloord;Dinteloord;Kooldioxide (CO2);132748000;kg
2010;42408;Swinkels Family Brewers N.V.;Lieshout;Kooldioxide (CO2);52373200;kg
2010;42410;Heineken Netherlands Supply B.V. (Den Bosch);'s-Hertogenbosch;Kooldioxide (CO2);13215000;kg
2010;42629;Cargill BV;Bergen op Zoom;Kooldioxide (CO2);50610323;kg
2010;42834;Rendac Son BV;Son en Breugel;Kooldioxide (CO2);46913480;kg
2010;43002;Mannesmann Precision Tubes Netherlands BV;Helmond;Kooldioxide (CO2);1660000;kg
2010;43003;Tata Steel Nederland Tubes BV locatie Oosterhout;Oosterhout;Kooldioxide (CO2);1942419;kg
2010;43013;Nyrstar Budel BV;Budel-Dorplein;Kooldioxide (CO2);45231190;kg
2010;43024;Nedschroef Helmond BV;Helmond;Kooldioxide (CO2);5227602;kg
2010;43205;Coatinc West Brabant BV;Oudenbosch;Kooldioxide (CO2);253000;kg
2010;43210;Aalberts Surface Technologies BV;Eindhoven;Kooldioxide (CO2);716325;kg
2010;43216;SPGPrints;Boxmeer;Kooldioxide (CO2);4500277;kg
2010;43403;DAF Trucks N.V.;Eindhoven;Kooldioxide (CO2);16517902;kg
2010;43511;Wartsila Netherlands BV;Drunen;Kooldioxide (CO2);161701;kg
2010;43513;LDM b.v.;Drunen;Kooldioxide (CO2);2110540;kg
2010;43856;Hydro Extrusion Drunen;Drunen;Kooldioxide (CO2);12876045;kg
2010;43869;Efté Coating BV;Eindhoven;Kooldioxide (CO2);791912;kg
2010;44004;Amer Centrale;Geertruidenberg;Kooldioxide (CO2);6673367260;kg
2010;44005;Essent Energie Productie BV (Dongecentrale);Geertruidenberg;Kooldioxide (CO2);31715495;kg
2010;44006;RWZI Oijen (Waterschap Aa en Maas);Oijen;Kooldioxide (CO2);4892539;kg
2010;44007;PreZero Energy Roosendaal B.V.;Roosendaal;Kooldioxide (CO2);76790769;kg
2010;44008;Ennatuurlijk BV, WKC Helmond;Helmond;Kooldioxide (CO2);124830000;kg
2010;44009;BV Afvalverbranding Zuid Nederland (AZN);Moerdijk;Kooldioxide (CO2);965903000;kg
2010;44162;Vlisco Netherlands BV;Helmond;Kooldioxide (CO2);23539530;kg
2010;44709;Steenfabriek Engels Oeffelt BV;Oeffelt;Kooldioxide (CO2);10814000;kg
2010;44772;Ardagh Glass Dongen BV;Dongen;Kooldioxide (CO2);73632414;kg
2010;44773;Saint Gobain Construction Products NL BV;Etten-Leur;Kooldioxide (CO2);39828073;kg
2010;45669;Caligen Europe BV;Breda;Kooldioxide (CO2);246440;kg
2010;47001;Slibverwerking Noord-Brabant NV;Moerdijk;Kooldioxide (CO2);158000000;kg
2010;48002;Unipol Holland BV;Oss;Kooldioxide (CO2);4075000;kg
2010;48006;VION Helmond BV;Helmond;Kooldioxide (CO2);2925948;kg
2010;48018;FUJIFILM Manufacturing Europe B.V.;Tilburg;Kooldioxide (CO2);3022408;kg
2010;48023;FrieslandCampina Rijkevoort (Holland Cheese);Rijkevoort;Kooldioxide (CO2);7790000;kg
2010;48024;Essity Operations Cuijk B.V.;Katwijk NB;Kooldioxide (CO2);19816765;kg
2010;48029;FrieslandCampina Eindhoven (Consumer Products Europe);Eindhoven;Kooldioxide (CO2);4526000;kg
2010;48031;FrieslandCampina Butter & Milkpowder - Den Bosch;'s-Hertogenbosch;Kooldioxide (CO2);3192200;kg
2010;48040;FrieslandCampina Tilburg (Holland Cheese);Tilburg;Kooldioxide (CO2);4049350;kg
2010;48051;KBM Master Alloys BV (Oss);Oss;Kooldioxide (CO2);946948;kg
2010;48054;Van Swaay Duurzaam Hout Schijndel;Schijndel;Kooldioxide (CO2);308000;kg
2010;48072;Essent WKC 's-Hertogenbosch;'s-Hertogenbosch;Kooldioxide (CO2);72121000;kg
2010;48073;Nedzink BV;Budel-Dorplein;Kooldioxide (CO2);1120000;kg
2010;48082;Ennatuurlijk BV, PS Breda;Breda;Kooldioxide (CO2);2474000;kg
2010;48083;WKC Bergen op Zoom;Bergen op Zoom;Kooldioxide (CO2);38507000;kg
2010;48084;Ennatuurlijk BV, WKC Eindhoven;Eindhoven;Kooldioxide (CO2);101558000;kg
2010;48147;Van Oerle Alberton BV (Boxtel);Boxtel;Kooldioxide (CO2);1699866;kg
2010;48177;Peka Kroef B.V. Odiliapeel;Odiliapeel;Kooldioxide (CO2);26607299;kg
2010;49006;WKC Moerdijk;Moerdijk;Kooldioxide (CO2);685320010;kg
2010;49010;Basell Benelux B.V.;Moerdijk;Kooldioxide (CO2);1958000;kg
2010;49013;Ardagh Glass Moerdijk BV;Moerdijk;Kooldioxide (CO2);59630270;kg
2010;49016;BECC B.V.;Katwijk NB;Kooldioxide (CO2);102478000;kg
2010;49017;Merck Sharp & Dohme B.V.;Oss;Kooldioxide (CO2);5394000;kg
2010;49026;Attero B.V. locatie Tilburg (Spinder);Tilburg;Kooldioxide (CO2);7229041;kg
2010;49027;FrieslandCampina Nuenen;Nuenen;Kooldioxide (CO2);902747;kg
2010;51101;Synthomer Middelburg BV;Middelburg;Kooldioxide (CO2);53938827;kg
2010;51102;Rosier Nederland B.V.;Sas Van GEnt;Kooldioxide (CO2);19723000;kg
2010;51104;Dow Benelux BV (Hoek);Hoek;Kooldioxide (CO2);3083545986;kg
2010;51105;YARA Sluiskil BV;Sluiskil;Kooldioxide (CO2);2641375005;kg
2010;51107;ARKEMA B.V. location Vlissingen;Vlissingen;Kooldioxide (CO2);5121699;kg
2010;51404;ICL-IP Terneuzen BV;Terneuzen;Kooldioxide (CO2);4312800;kg
2010;51501;Zeeland Refinery N.V.;Nieuwdorp;Kooldioxide (CO2);1482721211;kg
2010;52612;Cargill Benelux BV;Sas Van GEnt;Kooldioxide (CO2);195975546;kg
2010;52615;Koninklijke Zeelandia;Zierikzee;Kooldioxide (CO2);2130246;kg
2010;53129;Damen Schelde Naval Shipbuilding B.V. en Damen Shiprepair Vlissingen B.V.;Ritthem;Kooldioxide (CO2);3156955;kg
2010;53504;Zeeland Aluminium Company (Zalco BV);Vlissingen;Kooldioxide (CO2);275374720;kg
2010;54001;EPZ NV (Conventional Operations);Borssele;Kooldioxide (CO2);2421854000;kg
2010;56118;Stepan Nederland BV;Ritthem;Kooldioxide (CO2);1156225;kg
2010;56119;Decontamination Services BV;Ritthem;Kooldioxide (CO2);23320196;kg
2010;56121;ThermPhos International BV;Ritthem;Kooldioxide (CO2);186764000;kg
2010;56123;Stortplaats Koegorspolder BV (OLAZ);Terneuzen;Kooldioxide (CO2);2295531;kg
2010;56125;Stortplaats Noord- en Midden-Zeeland BV (OLAZ);Nieuwdorp;Kooldioxide (CO2);7449577;kg
2010;56129;Fleuren Compost BV;Middelharnis;Kooldioxide (CO2);1968893;kg
2010;61213;PPG Coatings B.V.;Tiel;Kooldioxide (CO2);59017;kg
2010;61302;N.V. Organon vergunning ingetrokken;Apeldoorn;Kooldioxide (CO2);1951000;kg
2010;61407;SABA Dinxperlo BV;Dinxperlo;Kooldioxide (CO2);560800;kg
2010;61411;Sonac Vuren BV;Vuren;Kooldioxide (CO2);27094177;kg
2010;61418;SACHEM Europe BV;Zaltbommel;Kooldioxide (CO2);3437973;kg
2010;61424;Veolia Industriediensten BV;Arnhem;Kooldioxide (CO2);142625994;kg
2010;61436;Givaudan Nederland BV (Barneveld);Barneveld;Kooldioxide (CO2);3577700;kg
2010;61517;Gasunie Zweekhorst;Zevenaar;Kooldioxide (CO2);36412366;kg
2010;62006;FrieslandCampina Cheese Varsseveld;Varsseveld;Kooldioxide (CO2);3304820;kg
2010;62009;FrieslandCampina Butter&Milkpowder (Lochem);Lochem;Kooldioxide (CO2);42499000;kg
2010;62010;Nestlé Nederland BV (Nunspeet);Nunspeet;Kooldioxide (CO2);15216000;kg
2010;62013;FrieslandCampina Steenderen;Steenderen;Kooldioxide (CO2);4380000;kg
2010;62025;FrieslandCampina (Borculo);Borculo;Kooldioxide (CO2);42271220;kg
2010;62031;Arla Foods BV;Nijkerk;Kooldioxide (CO2);13082347;kg
2010;62107;Gesloten stortplaats Armhoede;Lochem;Kooldioxide (CO2);177189;kg
2010;62406;Riedel BV;Ede;Kooldioxide (CO2);3634900;kg
2010;62512;Struik Foods Netherlands;Nijkerk;Kooldioxide (CO2);5852680;kg
2010;62806;VION Apeldoorn b.v.;Apeldoorn;Kooldioxide (CO2);1862000;kg
2010;63012;KME Netherlands B.V.;Zutphen;Kooldioxide (CO2);5610188;kg
2010;63363;Bodewes Binnenvaart BV;Millingen aan de Rijn;Kooldioxide (CO2);189029;kg
2010;63365;Scheepswerf Gelria BV;Nijmegen;Kooldioxide (CO2);150991;kg
2010;63399;Scheepswerf De Hoop BV;Tolkamer;Kooldioxide (CO2);623010;kg
2010;63504;Gieterij Doesburg BV;Doesburg;Kooldioxide (CO2);1589789;kg
2010;63505;Vulcanus Castings BV;Doetinchem;Kooldioxide (CO2);8685945;kg
2010;63508;Nijmeegsche IJzergieterij BV;Nijmegen;Kooldioxide (CO2);1775680;kg
2010;63509;LF Casting B.V.;Terborg;Kooldioxide (CO2);1315092;kg
2010;63601;Hydro Extrusion Harderwijk;Harderwijk;Kooldioxide (CO2);6502227;kg
2010;64001;Centrale Gelderland;Nijmegen;Kooldioxide (CO2);2234951000;kg
2010;64004;AVR Afvalverwerking BV (Duiven);Duiven;Kooldioxide (CO2);466856855;kg
2010;64005;ARN B.V.;Weurt;Kooldioxide (CO2);327441064;kg
2010;64134;Sonac Loenen BV;Loenen;Kooldioxide (CO2);4165000;kg
2010;64304;Papierfabriek Doetinchem bv;Doetinchem;Kooldioxide (CO2);31173004;kg
2010;64308;Sappi Nijmegen BV/InnovioPapers;Nijmegen;Kooldioxide (CO2);74205000;kg
2010;64335;DS Smith De Hoop B.V.;Eerbeek;Kooldioxide (CO2);226781000;kg
2010;64345;Folding Boxboard Eerbeek bv;Eerbeek;Kooldioxide (CO2);64724727;kg
2010;64354;VHP Security Paper B.V.;Ugchelen;Kooldioxide (CO2);6200000;kg
2010;64360;Smurfit Westrock Parenco B.V.;Renkum;Kooldioxide (CO2);250957480;kg
2010;64633;Aquinos BV (Kesteren);Kesteren;Kooldioxide (CO2);2010644;kg
2010;64703;B.V. Steenfabriek Huissenswaard;Angeren;Kooldioxide (CO2);15923000;kg
2010;64713;Wienerberger Steenfabriek Schipperswaard;Echteld;Kooldioxide (CO2);7155000;kg
2010;64715;Wienerberger BV Steenfabriek Erlecom;Erlecom;Kooldioxide (CO2);13648000;kg
2010;64719;Wienerberger Steenfabriek Haaften;Haaften;Kooldioxide (CO2);16694000;kg
2010;64725;Wienerberger Steenfabriek Heteren;Heteren;Kooldioxide (CO2);9242000;kg
2010;64735;AGC Flatglass Nederland BV;Tiel;Kooldioxide (CO2);119743631;kg
2010;64739;Wienerberger Steenfabriek Doorwerth;Doorwerth;Kooldioxide (CO2);6661000;kg
2010;64740;Wienerberger Steenfabriek Wolfswaard;Opheusden;Kooldioxide (CO2);11602000;kg
2010;64741;Wienerberger Steenfabriek Kijfwaard Oost;Pannerden;Kooldioxide (CO2);12759000;kg
2010;64748;Steenfabriek Spijk BV;Spijk;Kooldioxide (CO2);32301000;kg
2010;64749;Steenfabriek Tolkamer BV;Tolkamer;Kooldioxide (CO2);35560000;kg
2010;64759;Steenfabriek Zennewijnen;Zennewijnen;Kooldioxide (CO2);8710000;kg
2010;65777;Wienerberger Steenfabriek Kijfwaard West;Pannerden;Kooldioxide (CO2);25040000;kg
2010;66001;Sibelco Winterswijk;Winterswijk;Kooldioxide (CO2);5267342;kg
2010;66201;Coldenhove Paper B.V.;Eerbeek;Kooldioxide (CO2);15183663;kg
2010;66206;TANATEX Chemicals BV;Ede;Kooldioxide (CO2);852874;kg
2010;66220;Smart Packaging Solutions B.V.;Loenen;Kooldioxide (CO2);13263006;kg
2010;66224;Wienerberger Dakpannenfabriek Narvik Deest;Deest;Kooldioxide (CO2);6305000;kg
2010;66239;Mead Johnson B.V.;Nijmegen;Kooldioxide (CO2);6914127;kg
2010;66253;Stichting Mestverwerking Gelderland SMG (KGBI Stroe);Stroe;Kooldioxide (CO2);2834440;kg
2010;66321;Minnewit BV (Berkelcentrale);Borculo;Kooldioxide (CO2);125802000;kg
2010;66323;Stichting Mestverwerking Gelderland SMG (KGBI Ede);Ede;Kooldioxide (CO2);3050930;kg
2010;66325;Stichting Mestverwerking Gelderland SMG (KGBI Elspeet);Elspeet;Kooldioxide (CO2);2457300;kg
2010;66326;Stichting Mestverwerking Gelderland SMG (KGBI Putten);Putten;Kooldioxide (CO2);2600460;kg
2010;66355;PFW Aroma ingredients bv;Barneveld;Kooldioxide (CO2);1260000;kg
2010;69031;Gesloten stortplaats Ullerberg;Ermelo;Kooldioxide (CO2);1933539;kg
2010;69033;Vika BV;Ede;Kooldioxide (CO2);1340378;kg
2010;71102;KLK Kolb Specialties B.V.;Delden;Kooldioxide (CO2);6175000;kg
2010;71103;Nouryon Functional Chemicals;Deventer;Kooldioxide (CO2);13474871;kg
2010;71105;Nobian Chemicals BV (Hengelo);Hengelo;Kooldioxide (CO2);440133000;kg
2010;71514;Gasunie Vilsteren / Ommen;Vilsteren;Kooldioxide (CO2);22432460;kg
2010;72016;Royal Lactalis Leerdammer BV (Dalfsen);Dalfsen;Kooldioxide (CO2);5321616;kg
2010;72024;Ausnutria Kampen BV;Kampen;Kooldioxide (CO2);14894561;kg
2010;72027;Ausnutria Ommen B.V.;Ommen;Kooldioxide (CO2);3130000;kg
2010;73239;Scania Production Zwolle BV;Zwolle;Kooldioxide (CO2);2556350;kg
2010;73642;Thales Nederland BV;Hengelo;Kooldioxide (CO2);5253156;kg
2010;74003;Centrale Harculo;Zwolle;Kooldioxide (CO2);302214000;kg
2010;74120;Ten Cate Protect B.V.;Nijverdal;Kooldioxide (CO2);2302299;kg
2010;74154;TenCate Outdoor Fabrics BV;Nijverdal;Kooldioxide (CO2);5787000;kg
2010;75305;locatie Boeldershoek;Hengelo;Kooldioxide (CO2);857122551;kg
2010;75315;locatie Elhorst Vloedbelt;Zenderen;Kooldioxide (CO2);842471;kg
2010;75331;Zwanenberg Food Group B.V.;Almelo;Kooldioxide (CO2);2640000;kg
2010;75342;FrieslandCampina Balkbrug;Balkbrug;Kooldioxide (CO2);9305000;kg
2010;75349;CZ Rouveen kaasspecialiteiten;Rouveen;Kooldioxide (CO2);1570000;kg
2010;81104;DOC Kaas (Zuivelfabriek);Hoogeveen;Kooldioxide (CO2);15649000;kg
2010;81202;AOC Nederland BV (Schoonebeek);Zandpol;Kooldioxide (CO2);7019000;kg
2010;82002;FrieslandCampina Domo B.V. (Beilen);Beilen;Kooldioxide (CO2);53596725;kg
2010;82603;Avebe u.a. (Gasselternijveen);Gasselternijveen;Kooldioxide (CO2);93189714;kg
2010;83501;2 RG;Klazienaveen;Kooldioxide (CO2);7606777;kg
2010;84808;SOLIDUS SOLUTIONS Board B.V. Coevorden;Coevorden;Kooldioxide (CO2);24570000;kg
2010;84999;FrieslandCampina Kievit (Meppel);Meppel;Kooldioxide (CO2);21093610;kg
2010;85002;Attero BV;Wijster;Kooldioxide (CO2);495836068;kg
2010;85003;Envalior Engineering Materials B.V.;Emmen;Kooldioxide (CO2);4930000;kg
2010;91505;N.V. Nederlandse Gasunie - compressorstation Aldeboarn;Aldeboarn;Kooldioxide (CO2);11137047;kg
2010;92001;FrieslandCampina Cheese Gerkesklooster;Gerkesklooster;Kooldioxide (CO2);18458994;kg
2010;92004;Hochwald Foods Nederland BV;Bolsward;Kooldioxide (CO2);7145136;kg
2010;92008;Phoenix BV;Scharsterbrug;Kooldioxide (CO2);14927915;kg
2010;92012;FrieslandCampina (Leeuwarden);Leeuwarden;Kooldioxide (CO2);71590192;kg
2010;92015;FrieslandCampina Dronrijp;Dronryp;Kooldioxide (CO2);14695000;kg
2010;92030;FrieslandCampina (Workum);Workum;Kooldioxide (CO2);22993300;kg
2010;92615;Sonac Burgum BV;Sumar;Kooldioxide (CO2);52290632;kg
2010;94003;Centrale Bergum;Burgum;Kooldioxide (CO2);585216000;kg
2010;94301;Huhtamaki Nederland B.V.;Franeker;Kooldioxide (CO2);13172824;kg
2010;94304;SCA Hygiene Products BV (Suameer);Sumar;Kooldioxide (CO2);2206062;kg
2010;94706;BASF Nederland B.V.;Heerenveen;Kooldioxide (CO2);14232000;kg
2010;95003;Lamb Weston / Meyer VOF (Klooster Lidlum);Klooster Lidlum;Kooldioxide (CO2);14293000;kg
2010;101103;BioMCN B.V.;Farmsum;Kooldioxide (CO2);272019555;kg
2010;101104;Dow Benelux B.V.;Delfzijl;Kooldioxide (CO2);16551004;kg
2010;101105;P.Q. Silicas B.V.;Winschoten;Kooldioxide (CO2);16013000;kg
2010;101108;Qemetica NL Silica bv;Delfzijl;Kooldioxide (CO2);36313000;kg
2010;101403;Reym Delfzijl;Delfzijl;Kooldioxide (CO2);7100301;kg
2010;101404;Delamine B.V.;Farmsum;Kooldioxide (CO2);1262484;kg
2010;101405;Electric Glass Fiber NL, B.V.;Westerbroek;Kooldioxide (CO2);44922471;kg
2010;101407;Zeolyst CV;Farmsum;Kooldioxide (CO2);4878004;kg
2010;101408;Nedmag B.V.;Veendam;Kooldioxide (CO2);79658265;kg
2010;101515;Gasunie Transport Services B.V. - compressorstation Spijk;Eemshaven;Kooldioxide (CO2);36214474;kg
2010;102001;FrieslandCampina Nederland B.V.;Bedum;Kooldioxide (CO2);22888541;kg
2010;102008;Plixxent B.V.;Foxhol;Kooldioxide (CO2);189165;kg
2010;102302;Cosun Beet Company-Vierverlaten;Groningen;Kooldioxide (CO2);128676000;kg
2010;102620;Coöperatie AVEBE U.A.;Ter Apelkanaal;Kooldioxide (CO2);146116629;kg
2010;102621;Avebe u.a. (Foxhol);Foxhol;Kooldioxide (CO2);44137755;kg
2010;103009;KBM Master Alloys B.V.;Delfzijl;Kooldioxide (CO2);3542200;kg
2010;103010;DAMCO Aluminium Delfzijl Coöperatie U.A.;Farmsum;Kooldioxide (CO2);148054872;kg
2010;104001;ENGIE Energie Nederland NV;Eemshaven;Kooldioxide (CO2);4763344000;kg
2010;104003;Delesto B.V.;Farmsum;Kooldioxide (CO2);1730523000;kg
2010;104302;Solidus Solutions Board Groningen-Hoogkerk;Groningen;Kooldioxide (CO2);27108000;kg
2010;104304;Eska B.V.;Hoogezand;Kooldioxide (CO2);63432289;kg
2010;104305;Eska B.V.;Sappemeer;Kooldioxide (CO2);30793237;kg
2010;104307;Solidus Board Bad Nieuweschans B.V.;Bad Nieuweschans;Kooldioxide (CO2);40379709;kg
2010;104511;Gasunie mengstation Kootstertille (FR);Kootstertille;Kooldioxide (CO2);20454;kg
2010;104520;Ecopark De Wierde;Heerenveen;Kooldioxide (CO2);4835197;kg
2010;104521;FrieslandCampina Wolvega;Wolvega;Kooldioxide (CO2);553770;kg
2010;104527;Friese Ecologische Zuivel (Drachten);Drachten;Kooldioxide (CO2);158001;kg
2010;104710;ESD-SIC BV;Farmsum;Kooldioxide (CO2);125407627;kg
2010;105001;ChemCom Industries BV;Farmsum;Kooldioxide (CO2);7247500;kg
2010;105004;Teijin Aramid B.V.;Farmsum;Kooldioxide (CO2);19216000;kg
2010;105007;FrieslandCampina Nederland B.V.;Marum;Kooldioxide (CO2);10249506;kg
2010;105011;GOC Real Estate B.V. (North Refinery Refining & Trading Company);Farmsum;Kooldioxide (CO2);9725619;kg
2010;105016;Nobian Industrial Chemicals B.V. - SSC (Shared Service Center);Farmsum;Kooldioxide (CO2);2312172;kg
2010;105027;Kisuma Chemicals BV;Veendam;Kooldioxide (CO2);13117360;kg
2010;114001;Maxima-centrale;Lelystad;Kooldioxide (CO2);1050879719;kg
2010;114002;Vattenfall Power Generation B.V. (HWC Hogering/WKC Almere);Almere;Kooldioxide (CO2);364767739;kg
2010;114720;Sonac Almere BV;Almere;Kooldioxide (CO2);3795594;kg
2010;114721;Alphen;Alphen;Kooldioxide (CO2);75457;kg
2010;114722;Waterschap Noorderzijlvest - RWZI Garmerwolde;Garmerwolde;Kooldioxide (CO2);18034228;kg
2010;114723;RWZI Harderwijk;Harderwijk;Kooldioxide (CO2);6594636;kg
2010;114724;RWZI Apeldoorn;Apeldoorn;Kooldioxide (CO2);16159298;kg
2010;114725;RWZI Ede;Ede;Kooldioxide (CO2);7473806;kg
2010;114728;RWZI Nieuwveer;Breda;Kooldioxide (CO2);11287759;kg
2010;114729;RWZI Aarle-Rixtel (Waterschap Aa en Maas);Aarle-Rixtel;Kooldioxide (CO2);7939982;kg
2010;114730;RWZI Eindhoven (Waterschap De Dommel);Eindhoven;Kooldioxide (CO2);10506966;kg
2010;114731;RWZI Utrecht (Hoogheemraadschap de Stichtse Rijnlanden);Utrecht;Kooldioxide (CO2);12844718;kg
2010;114732;RWZI Venlo;Venlo;Kooldioxide (CO2);6082710;kg
2010;114733;RWZI Hoensbroek;Hoensbroek;Kooldioxide (CO2);8883352;kg
2010;114734;RWZI Enschede;Enschede;Kooldioxide (CO2);10557892;kg
2010;114735;AWZI De Groote Lucht (Hoogheemraadschap van Delfland);Vlaardingen;Kooldioxide (CO2);5543501;kg
2010;114736;RWZI Dokhaven en Slibverwerkingsinstallatie Sluisjesdijk;Rotterdam;Kooldioxide (CO2);11740120;kg
2010;114737;AWZI Kralingseveer (Hoogheemraadschap van Schieland);Capelle aan den Ijssel;Kooldioxide (CO2);8072941;kg
2010;114740;RWZI Susteren;Susteren;Kooldioxide (CO2);16910675;kg
2010;114741;RWZI Amersfoort;Amersfoort;Kooldioxide (CO2);7473806;kg
2010;114743;RWZI Dinther (Waterschap Aa en Maas);Heeswijk-Dinther;Kooldioxide (CO2);7823727;kg
2010;114744;Elsta P&U;Hoek;Kooldioxide (CO2);1693605200;kg
2010;114745;Komeco B.V.;Dronten;Kooldioxide (CO2);165819;kg
2010;114747;PeakShaver Maasvlakte;Maasvlakte Rotterdam;Kooldioxide (CO2);942315;kg
2010;114757;Eurogen CV;Botlek Rotterdam;Kooldioxide (CO2);464514000;kg
2010;114767;AWZI Houtrust (Hoogheemraadschap van Delfland);'s-Gravenhage;Kooldioxide (CO2);8321020;kg
2010;114785;Smilde Foods BV(Heerenveen);Heerenveen;Kooldioxide (CO2);1599909;kg
2010;114802;Renewi Smink Amersfoort;Hoogland;Kooldioxide (CO2);6538194;kg
2010;115036;LyondellBasell Covestro Manufacturing Maasvlakte VOF;Maasvlakte Rotterdam;Kooldioxide (CO2);11677927;kg
2010;115047;Helvoet Rubber & Plastic Technologies B.V.;Hellevoetsluis;Kooldioxide (CO2);1080000;kg
2010;115049;Holonite BV (Tholen);Tholen;Kooldioxide (CO2);197000;kg
2010;115050;Holonite BV (Halsteren);Halsteren;Kooldioxide (CO2);170000;kg
2010;115063;Eagle Simrax BV;Kerkrade;Kooldioxide (CO2);353000;kg
2010;115066;Trespa International BV;Weert;Kooldioxide (CO2);28886758;kg
2010;115072;Seasun;Kapelle;Kooldioxide (CO2);42020275;kg
2010;115084;SVP Productie BV - Hulpwarmtecentrale 1;Purmerend;Kooldioxide (CO2);24498950;kg
2010;115085;Enecal Energy VOF;Botlek Rotterdam;Kooldioxide (CO2);204188000;kg
2010;115087;Essent WKC Erica;Erica;Kooldioxide (CO2);41056000;kg
2010;115088;Essent WKC Klazienaveen;Klazienaveen;Kooldioxide (CO2);59112000;kg
2010;115098;MCi (Mirror Controls International) Netherlands BV;Montfoort;Kooldioxide (CO2);291000;kg
2010;115180;apt Extrusions B.V.;Roermond;Kooldioxide (CO2);3797132;kg
2010;115181;EP NL Rijnmond 1 B.V.;Vondelingenplaat Rotterdam;Kooldioxide (CO2);1781590000;kg
2010;115184;RWZI Land van Cuijk (Waterschap Aa en Maas);Haps;Kooldioxide (CO2);5178151;kg
2010;115185;DOC Kaas (Zuivelpark);Hoogeveen;Kooldioxide (CO2);41505955;kg
2010;115186;Yara Vlaardingen BV;Vlaardingen;Kooldioxide (CO2);624000;kg
2010;200019;Amsterdam UMC, locatie AMC;Amsterdam;Kooldioxide (CO2);37930000;kg
2010;200114;EuroCeramic BV (Greswarenstraat);Reuver;Kooldioxide (CO2);51408;kg
2010;200119;F. Wellink Lekkerkerk BV;Lekkerkerk;Kooldioxide (CO2);112490;kg
2010;200125;Ovako Twente BV;Almelo;Kooldioxide (CO2);178000;kg
2010;200131;Hak BV;Giessen;Kooldioxide (CO2);6949105;kg
2010;200155;KH de Jong VVL (FrieslandCampina);Drachten;Kooldioxide (CO2);148000;kg
2010;200228;Gouda Refractories BV;Gouda;Kooldioxide (CO2);5596000;kg
2010;200287;Steenfabriek Engels Helden BV;Panningen;Kooldioxide (CO2);12056000;kg
2010;200292;T. Boer & zn.;Nieuwerkerk aan den Ijssel;Kooldioxide (CO2);1070000;kg
2010;200308;LOA VT;Almelo;Kooldioxide (CO2);116973;kg
2010;200312;Vloertegelfabriek Koninklijke Mosa BV;Maastricht;Kooldioxide (CO2);14352097;kg
2010;200333;Wienerberger Steenfabriek Bemmel;Haalderen;Kooldioxide (CO2);7377000;kg
2010;200355;Dakpanfabriek Narvik Tegelen (Wienberger BV);Tegelen;Kooldioxide (CO2);10086000;kg
2010;200376;Wienerberger Dakpanfabriek Janssen-Dings;Tegelen;Kooldioxide (CO2);9483000;kg
2010;200377;Monier BV (Tegelen);Tegelen;Kooldioxide (CO2);9825467;kg
2010;200407;COATEX Netherlands BV;Moerdijk;Kooldioxide (CO2);1548279;kg
2010;200420;Roba Metals B.V.;Farmsum;Kooldioxide (CO2);3259810;kg
2010;200436;Afvalberging Derde Merwedehaven;Dordrecht;Kooldioxide (CO2);16808453;kg
2010;200450;Avri;Geldermalsen;Kooldioxide (CO2);1820610;kg
2010;200464;Baggerspeciedepot IJsseloog;Dronten;Kooldioxide (CO2);414656;kg
2010;200493;Attero B.V. locatie Bergen op Zoom (Kragge);Bergen op Zoom;Kooldioxide (CO2);2234663;kg
2010;200507;E.on Locatie Delft;Delft;Kooldioxide (CO2);1700000;kg
2010;200508;Uniper HWC Bezuidenhout-West;'s-Gravenhage;Kooldioxide (CO2);21260054;kg
2010;200516;Attero B.V.  locatie Montfort;Montfort;Kooldioxide (CO2);1269317;kg
2010;200520;Attero B.V. locatie Schinnen;Schinnen;Kooldioxide (CO2);4061020;kg
2010;200522;Ennatuurlijk BV PS Tilburg;Tilburg;Kooldioxide (CO2);5212000;kg
2010;200526;Exportslachterij Clazing BV;Zevenhuizen;Kooldioxide (CO2);950000;kg
2010;200537;Cargill Cocao Aurora;Zaandam;Kooldioxide (CO2);1566062218410360;kg
2010;200538;GMB BioEnergie Zutphen BV;Zutphen;Kooldioxide (CO2);28646000;kg
2010;200587;Martens Havenontvangstinstallatie Vlissingen BV;Nieuwdorp;Kooldioxide (CO2);420000;kg
2010;200664;Handelsonderneming A. Smit & Zoon BV;Amersfoort;Kooldioxide (CO2);2495034;kg
2010;200900;Arkema B.V. Location Brummen;Brummen;Kooldioxide (CO2);401000;kg
2010;201055;Attero B.V. Locatie Haps;Haps;Kooldioxide (CO2);1756765;kg
2010;201151;Enrichment Technology Nederland BV;Almelo;Kooldioxide (CO2);3146934;kg
2010;201189;Afvalverwerking Stainkoeln B.V.;Groningen;Kooldioxide (CO2);795562;kg
2010;201203;Sortiva B.V.;Alkmaar;Kooldioxide (CO2);2103690;kg
2010;201241;EMMTEC Services BV;Emmen;Kooldioxide (CO2);178220732;kg
2010;201304;BMC Moerdijk BV;Moerdijk;Kooldioxide (CO2);350862552;kg
2010;201326;Aludyne Netherlands B.V.;Oss;Kooldioxide (CO2);5178385;kg
2010;201386;EP NL Sloe Centrale B.V. (Vlissingen);Ritthem;Kooldioxide (CO2);1971180000;kg
2010;201425;Afvalverwerking Vink B.V.;Barneveld;Kooldioxide (CO2);20600000;kg
2010;201503;Valtris AO Maastricht b.v. / Vynova AO Maastricht b.v.;Maastricht;Kooldioxide (CO2);3533200;kg
2010;201571;Vattenfall Warmte N.V. (HWC Duiven Westervoort);Westervoort;Kooldioxide (CO2);1195862;kg
2010;201639;Solidus Solutions Board Oude Pekela;Oude Pekela;Kooldioxide (CO2);22003575;kg
2010;201986;Eneco HWC Kanaleneiland;Utrecht;Kooldioxide (CO2);1359070;kg
2010;202214;Greif Nederland BV;Europoort Rotterdam;Kooldioxide (CO2);2765583;kg
2010;202268;Eneco HWC Overvecht;Utrecht;Kooldioxide (CO2);1825717;kg
2010;202298;Evonik Peroxide Netherlands B.V.;Farmsum;Kooldioxide (CO2);32241000;kg
2010;202417;Compressorstation Noord Holland;Anna Paulowna;Kooldioxide (CO2);23425;kg
2010;202418;Eneco HWC Nicolaas Beetsstraat;Utrecht;Kooldioxide (CO2);6078525;kg
2010;202419;Eneco HWC Nieuwegein;Nieuwegein;Kooldioxide (CO2);2889677;kg
2010;202803;Avery Dennison Materials Nederland BV;Alphen aan den Rijn;Kooldioxide (CO2);4066455;kg
2010;202824;Eneco Merwedekanaal;Utrecht;Kooldioxide (CO2);499857769;kg
2010;202825;Eneco Lage Weide;Utrecht;Kooldioxide (CO2);584090445;kg
2010;202858;Grolsche Bierbrouwerij Nederland B.V.;Enschede;Kooldioxide (CO2);7634070;kg
2010;202863;Ruijtenberg Shipyard BV;Raamsdonksveer;Kooldioxide (CO2);0;kg
2010;202895;Lingezegen Energy B.V.;Bemmel;Kooldioxide (CO2);48257171;kg
2010;202902;GMB BioEnergie Tiel BV;Tiel;Kooldioxide (CO2);14332000;kg
2010;202903;Reterra BV;Goor;Kooldioxide (CO2);28900000;kg
2010;202926;Ulamo Coating B.V.;Ulft;Kooldioxide (CO2);1297486;kg
2010;202935;Alblasserdam Yachtbuilding B.V. (Oceanco);Alblasserdam;Kooldioxide (CO2);611000;kg
2010;202940;Scheepswerf Kooiman Hoebée BV;Dordrecht;Kooldioxide (CO2);125000;kg
2010;202962;IHC Sliedrecht Molendijk;Sliedrecht;Kooldioxide (CO2);685010;kg
2010;202970;Scheepswerf Kooiman BV;Zwijndrecht;Kooldioxide (CO2);150000;kg
2010;202990;Alco Energy Rotterdam;Europoort Rotterdam;Kooldioxide (CO2);213894896;kg
2010;202992;Viterra Botlek BV;Botlek Rotterdam;Kooldioxide (CO2);18004000;kg
2010;203155;Vattenfall Power Generation B.V. (HWC Almere Stad);Almere;Kooldioxide (CO2);6191223;kg
2010;203186;RWZI West;Amsterdam;Kooldioxide (CO2);14805744;kg
2010;203220;EEW Energy from Waste Delfzijl B.V.;Farmsum;Kooldioxide (CO2);47861303;kg
2010;203346;Inter-Che-M BV;Beuningen Gld;Kooldioxide (CO2);404734;kg
2010;203411;Pergen VOF;Pernis Rotterdam;Kooldioxide (CO2);1374819663;kg
2010;203422;Dutch Biodiesel BV;Vondelingenplaat Rotterdam;Kooldioxide (CO2);158629;kg
2010;203438;Straalbedrijf A.J. den Breejen & Zonen BV;Dordrecht;Kooldioxide (CO2);570696;kg
2010;203505;EP NL Rijnmond 2 B.V.;Vondelingenplaat Rotterdam;Kooldioxide (CO2);639568000;kg
2010;203587;Contitank B.V.;Delfzijl;Kooldioxide (CO2);361000;kg
2010;203590;Arkema B.V. location Rotterdam;Vondelingenplaat Rotterdam;Kooldioxide (CO2);3805503;kg
2010;203651;Dutch Advanced Polyesters Emmen B.V.;Emmen;Kooldioxide (CO2);3570000;kg
2010;203738;Fokker Landing Gear;Helmond;Kooldioxide (CO2);567000;kg
2010;203825;Linde Gas Dieren;Dieren;Kooldioxide (CO2);180539;kg
2010;203857;Agro Care Wieringermeer;Middenmeer;Kooldioxide (CO2);49158000;kg
2010;203859;Kesgro;Middenmeer;Kooldioxide (CO2);41517973;kg
2010;203860;Kwekerij De Wieringermeer;Middenmeer;Kooldioxide (CO2);62467000;kg
2010;204363;Vattenfall Warmte N.V. (HWC Schuytgraaf);Arnhem;Kooldioxide (CO2);326848;kg
2010;220121;Hoogheemraadschap Hollands Noorderkwartier RWZI Alkmaar;Alkmaar;Kooldioxide (CO2);2515704;kg
2010;220122;RWZI Almelo-Sumpel (WS Regge en Dinkel);Almelo;Kooldioxide (CO2);2492069;kg
2010;220124;AWZI Almere;Almere;Kooldioxide (CO2);6679198;kg
2010;220129;RWZI Amstelveen (HH Amstel, Gooi en Vecht);Amstelveen;Kooldioxide (CO2);3043508;kg
2010;220131;RWZI Westpoort;Amsterdam;Kooldioxide (CO2);5863527;kg
2010;220136;RWZI Asten (Waterschap Aa en Maas);Heusden;Kooldioxide (CO2);574377;kg
2010;220139;RWZI Bath;Rilland;Kooldioxide (CO2);9381788;kg
2010;220150;Hoogheemraadschap Hollands Noorderkwartier SDI/RWZI Beverwijk;Beverwijk;Kooldioxide (CO2);36796663;kg
2010;220188;Hoogheemraadschap Hollands Noorderkwartier RWZI Den Helder;Den Helder;Kooldioxide (CO2);2093526;kg
2010;220191;RWZI Deventer;Deventer;Kooldioxide (CO2);4186743;kg
2010;220200;RWZI Dongemond;Oosterhout;Kooldioxide (CO2);4555178;kg
2010;220213;RWZI Elburg;Elburg;Kooldioxide (CO2);5245459;kg
2010;220217;RWZI Etten;Terborg;Kooldioxide (CO2);6361764;kg
2010;220264;Rioolwaterzuiveringsinstallatie Hengelo;Hengelo;Kooldioxide (CO2);5149515;kg
2010;220276;RWZI Horstermeer (HH Amstel, Gooi en Vechtstreek);Nederhorst den Berg;Kooldioxide (CO2);3755989;kg
2010;220326;AWZI Nieuwe Waterweg;Hoek Van Holland;Kooldioxide (CO2);2837999;kg
2010;220328;RWZI Nieuwegein;Nieuwegein;Kooldioxide (CO2);1550000;kg
2010;220376;Rioolwaterzuiveringsinstallatie (RWZI) Roermond;Roermond;Kooldioxide (CO2);4797361;kg
2010;220387;RWZI Den Bosch (Waterschap Aa en Maas);'s-Hertogenbosch;Kooldioxide (CO2);8144468;kg
2010;220410;RWZI Terneuzen;Terneuzen;Kooldioxide (CO2);978000;kg
2010;220416;RWZI Tilburg Noord;Tilburg;Kooldioxide (CO2);9990059;kg
2010;220429;RWZI Veenendaal;Overberg;Kooldioxide (CO2);3539352;kg
2010;220432;RWZI Vinkel (Waterschap Aa en Maas);Vinkel;Kooldioxide (CO2);1199876;kg
2010;220443;RWZI Walcheren;Ritthem;Kooldioxide (CO2);3008500;kg
2010;220460;RWZI Willem Annapolder;Kapelle;Kooldioxide (CO2);1220005;kg
2010;220482;RWZI Zwolle;Zwolle;Kooldioxide (CO2);5450039;kg
2010;220537;RWZI Harnaschpolder (Hoogheemraadschap van Delfland);Den Hoorn;Kooldioxide (CO2);25275869;kg
2011;59;Koninklijke Mosa BV Wandtegelfabriek & Vloertegelfabriek;Maastricht;Kooldioxide (CO2);22621194;kg
2011;60;Sappi Maastricht BV;Maastricht;Kooldioxide (CO2);187863457;kg
2011;62;Chemelot Site Permit BV;Geleen;Kooldioxide (CO2);4119466000;kg
2011;65;PQ Silicas BV;Eijsden;Kooldioxide (CO2);25310000;kg
2011;66;Marsna Paper B.V.;Meerssen;Kooldioxide (CO2);4259213;kg
2011;79;Steenfabriek Linssen BV;Kerkrade;Kooldioxide (CO2);2609000;kg
2011;84;BASF Nederland B.V.;Maastricht;Kooldioxide (CO2);3261100;kg
2011;90;VDL Castings Heerlen BV;Hoensbroek;Kooldioxide (CO2);22332276;kg
2011;94;Steenfabriek Gebroeders Klinkers BV;Maastricht;Kooldioxide (CO2);7785000;kg
2011;95;Vandersanden Beek BV;Beek;Kooldioxide (CO2);7730000;kg
2011;113;VDL Nedcar B.V.;Born;Kooldioxide (CO2);9841794;kg
2011;124;CRH Nuth;Nuth;Kooldioxide (CO2);4670000;kg
2011;148;ENCI BV (Maastricht);Maastricht;Kooldioxide (CO2);608005816;kg
2011;151;O-I Netherlands BV (Maastricht);Maastricht;Kooldioxide (CO2);87467618;kg
2011;159;Fenzi AGT Netherlands B.V.;Maastricht;Kooldioxide (CO2);4017301;kg
2011;166;Slachthuis Kerkrade BV;Kerkrade;Kooldioxide (CO2);354363;kg
2011;174;Tata Steel Nederland Tubes BV locatie Maastricht;Maastricht;Kooldioxide (CO2);740900;kg
2011;176;Caradon Stelrad BV;Nuth;Kooldioxide (CO2);1415469;kg
2011;325;Lawter Maastricht BV;Maastricht;Kooldioxide (CO2);1092259;kg
2011;326;Wienerberger Steenfabriek Poriso;Brunssum;Kooldioxide (CO2);30847000;kg
2011;1104;Solvay Chemie BV;Herten;Kooldioxide (CO2);2218306;kg
2011;1107;Nouryon Functional Chemicals B.V.;Herkenbosch;Kooldioxide (CO2);10776000;kg
2011;1404;DSM Pharma Chemicals Venlo BV;Venlo;Kooldioxide (CO2);6803000;kg
2011;2748;Steinzeug-Keramo BV (Belfeld);Belfeld;Kooldioxide (CO2);11297498;kg
2011;3062;Verzinkerij Van Aert BV;Nederweert;Kooldioxide (CO2);1250000;kg
2011;3066;Verzinkerij Weert BV en Electrocoat BV Weert Groep;Stramproy;Kooldioxide (CO2);4605003;kg
2011;3068;Coatinc Mook B.V.;Mook;Kooldioxide (CO2);1830000;kg
2011;3509;VDL Castings Weert BV;Weert;Kooldioxide (CO2);1232212;kg
2011;3513;MGG Netherlands BV;Tegelen;Kooldioxide (CO2);5268069;kg
2011;4001;Clauscentrale;Maasbracht;Kooldioxide (CO2);181873000;kg
2011;4301;Smurfit Westrock Roermond Paper BV;Roermond;Kooldioxide (CO2);157604000;kg
2011;4706;Kleiwarenfabriek Buggenum BV;Buggenum;Kooldioxide (CO2);6046000;kg
2011;4709;Kleiwarenfabriek Joosten Kessel BV;Kessel;Kooldioxide (CO2);5236000;kg
2011;4711;Wienerberger Steenfabriek Thorn;Thorn;Kooldioxide (CO2);8774000;kg
2011;4753;Rockwool B.V.;Roermond;Kooldioxide (CO2);150438000;kg
2011;5726;Wienerberger Steenfabriek Nuance;Afferden L;Kooldioxide (CO2);5858000;kg
2011;5727;EverZinc Nederland B.V.;Eijsden;Kooldioxide (CO2);22270919;kg
2011;5729;Celanese Production Netherlands B.V.;Geleen;Kooldioxide (CO2);1666248;kg
2011;5739;E-MAX BILLETS;Kerkrade;Kooldioxide (CO2);27509934;kg
2011;5740;WEPA Nederland B.V.;Swalmen;Kooldioxide (CO2);24154312;kg
2011;5746;Nuon Power Generation BV (Buggenum);Haelen;Kooldioxide (CO2);1008434385;kg
2011;5750;FrieslandCampina Born;Born;Kooldioxide (CO2);6328388;kg
2011;5798;Janoschka Benelux B.V.;Kerkrade;Kooldioxide (CO2);271790;kg
2011;5804;PQ Nederland BV;Maastricht;Kooldioxide (CO2);7125000;kg
2011;5821;Attero B.V. locatie Landgraaf;Landgraaf;Kooldioxide (CO2);3938206;kg
2011;9003;Everris International BV;Heerlen;Kooldioxide (CO2);12998000;kg
2011;10001;Nobian Industrial Chemicals BV (Rotterdam);Botlek Rotterdam;Kooldioxide (CO2);164948560;kg
2011;10002;Nouryon Performance Formulations b.v.;Europoort Rotterdam;Kooldioxide (CO2);13300;kg
2011;10003;Synres B.V.;Hoek Van Holland;Kooldioxide (CO2);5600400;kg
2011;10004;Lyondell Chemical Nederland Ltd.;Botlek Rotterdam;Kooldioxide (CO2);104921434;kg
2011;10006;Shell Nederland Chemie BV (Pernis);Vondelingenplaat Rotterdam;Kooldioxide (CO2);33423329;kg
2011;10016;Climax Molybdenum BV;Botlek Rotterdam;Kooldioxide (CO2);9727067;kg
2011;10017;Evonik Carbon Black Nederland BV;Botlek Rotterdam;Kooldioxide (CO2);12266298;kg
2011;10018;Huntsman Holland BV;Botlek Rotterdam;Kooldioxide (CO2);531000;kg
2011;10042;Kemira Rotterdam B.V. - locatie Botlek;Botlek Rotterdam;Kooldioxide (CO2);127000;kg
2011;10048;Compaxo Gouda BV;Gouda;Kooldioxide (CO2);5330000;kg
2011;10057;Shell Nederland Raffinaderij BV;Vondelingenplaat Rotterdam;Kooldioxide (CO2);4113290000;kg
2011;10058;BP Raffinaderij Rotterdam B.V.;Europoort Rotterdam;Kooldioxide (CO2);2145612000;kg
2011;10059;Gunvor Energy Rotterdam B.V. (GPR);Europoort Rotterdam;Kooldioxide (CO2);540725508;kg
2011;10061;Esso Nederland BV (Raffinaderij Rotterdam);Botlek Rotterdam;Kooldioxide (CO2);2376927000;kg
2011;10062;ExxonMobil Chemical Holland BV (RAP);Botlek Rotterdam;Kooldioxide (CO2);442078556;kg
2011;10063;AVR-Afvalverwerking;Botlek Rotterdam;Kooldioxide (CO2);1545800000;kg
2011;10064;Almatis BV;Botlek Rotterdam;Kooldioxide (CO2);18603902;kg
2011;10066;Kemira Rotterdam BV locatie Europoort;Europoort Rotterdam;Kooldioxide (CO2);7566200;kg
2011;10069;Standic BV;Dordrecht;Kooldioxide (CO2);1853887;kg
2011;10073;Tronox Pigments (Holland) BV;Botlek Rotterdam;Kooldioxide (CO2);97163250;kg
2011;10076;HVC AfvalEnergieCentrale Dordrecht;Dordrecht;Kooldioxide (CO2);310004200;kg
2011;10078;Ruigenhil Vastgoed B.V. (Nedstaal/FNSteel/Heros);Alblasserdam;Kooldioxide (CO2);53090020;kg
2011;10079;Chemours Netherlands B.V.;Dordrecht;Kooldioxide (CO2);175135451;kg
2011;10086;NV Nutricia Zoetermeer;Zoetermeer;Kooldioxide (CO2);12613556;kg
2011;10089;Prysmian Netherlands B.V.;Delft;Kooldioxide (CO2);1984300;kg
2011;10090;Avery Dennison Materials BV;Hazerswoude-Rijndijk;Kooldioxide (CO2);4704415;kg
2011;10097;SD Guthrie International Zwijndrecht Refinery B.V.;Zwijndrecht;Kooldioxide (CO2);52340000;kg
2011;10100;Bakelite Botlek Rotterdam;Botlek Rotterdam;Kooldioxide (CO2);6470000;kg
2011;10546;Lactalis Leerdammer BV (Schoonrewoerd);Schoonrewoerd;Kooldioxide (CO2);12237999;kg
2011;10590;FrieslandCampina Rotterdam;Rotterdam;Kooldioxide (CO2);2615668;kg
2011;10621;Hunter Douglas Europe BV;Rotterdam;Kooldioxide (CO2);10558753;kg
2011;10687;Biotech Campus Delft;Delft;Kooldioxide (CO2);81356115;kg
2011;10689;Air Products Nederland BV (Botlek);Botlek Rotterdam;Kooldioxide (CO2);309556889;kg
2011;10698;Cargill Bioindustrial BV;Gouda;Kooldioxide (CO2);50705609;kg
2011;10722;O-I Manufacturing Netherlands BV Schiedam;Schiedam;Kooldioxide (CO2);62555000;kg
2011;10723;O-I Netherlands BV (Leerdam);Leerdam;Kooldioxide (CO2);108207970;kg
2011;10728;Cargill Refined Oils Europe;Botlek Rotterdam;Kooldioxide (CO2);24033400;kg
2011;10733;Upfield Sourcing Nederland BV;Rotterdam;Kooldioxide (CO2);5150000;kg
2011;10789;BMI Productie Nederland BV Woerden;Woerden;Kooldioxide (CO2);1046627;kg
2011;10829;Cosun Beet company (Puttershoek);Puttershoek;Kooldioxide (CO2);554000;kg
2011;10921;Damen Shiprepair Rotterdam BV;Schiedam;Kooldioxide (CO2);551473;kg
2011;10928;Aluminium & Chemie Rotterdam B.V.;Botlek Rotterdam;Kooldioxide (CO2);219533436;kg
2011;10951;Uniper Centrale Leiden;Leiden;Kooldioxide (CO2);167865000;kg
2011;10953;Uniper Centrale Den Haag;'s-Gravenhage;Kooldioxide (CO2);179013000;kg
2011;10983;IHC Kinderdijk;Nieuw-Lekkerland;Kooldioxide (CO2);4130000;kg
2011;10998;Draka Interfoam;Hillegom;Kooldioxide (CO2);783142;kg
2011;11024;Cabot B.V.;Botlek Rotterdam;Kooldioxide (CO2);239005517;kg
2011;11034;Dossche Mils NV;Rotterdam;Kooldioxide (CO2);2740000;kg
2011;11046;PURAC Biochem B.V.;Gorinchem;Kooldioxide (CO2);14721000;kg
2011;11090;Chane Terminal Botlek B.V.;Botlek Rotterdam;Kooldioxide (CO2);25991933;kg
2011;11105;Heineken Netherlands Supply B.V., brouwerij Zoeterwoude;Zoeterwoude;Kooldioxide (CO2);52767217;kg
2011;11111;Ashland Industries Nederland B.V.;Zwijndrecht;Kooldioxide (CO2);24562400;kg
2011;11230;Damen Verolme BV;Botlek Rotterdam;Kooldioxide (CO2);11483402;kg
2011;11366;LANXESS Rotterdam Botlek;Botlek Rotterdam;Kooldioxide (CO2);94279300;kg
2011;11413;Damen Ship Repair Rotterdam (locatie Pernis);Pernis Rotterdam;Kooldioxide (CO2);407102;kg
2011;11658;Farm Frites BV;Oudenhoorn;Kooldioxide (CO2);28502111;kg
2011;12134;Archer Daniels Midland Europoort BV (ADM);Europoort Rotterdam;Kooldioxide (CO2);196776327;kg
2011;12135;ExxonMobil Chemical Holland BV (ROP van RPI);Europoort Rotterdam;Kooldioxide (CO2);50822040;kg
2011;12147;E.ON Warmte Station Galileistraat;Rotterdam;Kooldioxide (CO2);427452477;kg
2011;12149;Uniper Benelux NV (Maasvlakte);Maasvlakte Rotterdam;Kooldioxide (CO2);6756534000;kg
2011;12150;Uniper Centrale RoCa;Rotterdam;Kooldioxide (CO2);607455832;kg
2011;12151;Uniper HWC Blekerstraat;Rotterdam;Kooldioxide (CO2);42000;kg
2011;12152;Uniper HWC Delftsevaart;Rotterdam;Kooldioxide (CO2);5156000;kg
2011;12157;HVC ZVI B.V.;Dordrecht;Kooldioxide (CO2);10466307;kg
2011;12158;HVC Slibverbrandingsinstallatie;Dordrecht;Kooldioxide (CO2);115000000;kg
2011;12160;Chane Terminal Geulhaven B.V.;Botlek Rotterdam;Kooldioxide (CO2);197000;kg
2011;12162;Evos Rotterdam B.V.;Europoort Rotterdam;Kooldioxide (CO2);11128850;kg
2011;12163;EPS BV;Hendrik-Ido-Ambacht;Kooldioxide (CO2);411700;kg
2011;12167;UZIMET BV;Rijswijk;Kooldioxide (CO2);683276;kg
2011;12168;INV NYLON CHEMICALS NETHERLANDS B.V.;Botlek Rotterdam;Kooldioxide (CO2);6589841;kg
2011;12170;FrieslandCampina Maasdam;Maasdam;Kooldioxide (CO2);4998580;kg
2011;12171;Zuivelfabriek De Graafstroom;Bleskensgraaf Ca;Kooldioxide (CO2);3340000;kg
2011;12172;Promelca B.V. (Gorinchem);Gorinchem;Kooldioxide (CO2);30438536;kg
2011;12174;Ducor Petrochemicals B.V.;Botlek Rotterdam;Kooldioxide (CO2);7304300;kg
2011;12175;Air Liquide Industrie BV;Botlek Rotterdam;Kooldioxide (CO2);130110000;kg
2011;12176;Air Products Nederland BV (Pernis);Vondelingenplaat Rotterdam;Kooldioxide (CO2);471954452;kg
2011;12177;VPR Energy B.V.;Europoort Rotterdam;Kooldioxide (CO2);108616763;kg
2011;19004;ExxonMobil Chemical Holland BV (RPP van RPI);Botlek Rotterdam;Kooldioxide (CO2);52223000;kg
2011;19032;Janssen Biologics BV;Leiden;Kooldioxide (CO2);4010208;kg
2011;19048;Refresco Benelux BV;Bodegraven;Kooldioxide (CO2);835000;kg
2011;19070;Indorama Ventures Europe BV;Europoort Rotterdam;Kooldioxide (CO2);167742475;kg
2011;19071;Shin-Etsu PVC BV (VCM Botlek);Botlek Rotterdam;Kooldioxide (CO2);101867724;kg
2011;19072;FrieslandCampina Nederland B.V.;Noordwijk;Kooldioxide (CO2);1695000;kg
2011;19073;Westlake Epoxy B.V.;Vondelingenplaat Rotterdam;Kooldioxide (CO2);39018328;kg
2011;21010;Sonneborn Refined Products BV (Amsterdam);Amsterdam;Kooldioxide (CO2);24048693;kg
2011;21011;Rütgers Resins B.V.;Uithoorn;Kooldioxide (CO2);25638000;kg
2011;21102;ICL FERTILIZERS EUROPE C.V.;Amsterdam;Kooldioxide (CO2);12960000;kg
2011;21301;LANXESS Manufacturing Netherlands BV;Amsterdam;Kooldioxide (CO2);15354790;kg
2011;21302;Abbott Healthcare Products BV (Weesp);Weesp;Kooldioxide (CO2);14319716;kg
2011;21304;Givaudan Nederland B.V. (Naarden);Naarden;Kooldioxide (CO2);8576367;kg
2011;21403;Norit Nederland BV (Zaandam);Zaandam;Kooldioxide (CO2);42225723;kg
2011;21507;MAIN BV;Amsterdam;Kooldioxide (CO2);926000;kg
2011;21528;N.V. Nederlandse Gasunie (Wieringermeer);Middenmeer;Kooldioxide (CO2);8447591;kg
2011;21529;Gasunie Transport Services B.V.;Heemskerk;Kooldioxide (CO2);3723588;kg
2011;21530;OQ Chemicals Nederland BV;Amsterdam;Kooldioxide (CO2);1866000;kg
2011;22006;FrieslandCampina Nederland B.V. Lutjewinkel;Lutjewinkel;Kooldioxide (CO2);6880541;kg
2011;22008;Kaptein PCF;Oosthuizen;Kooldioxide (CO2);493000;kg
2011;22012;CONO Kaasmakers (Middenbeemster);Westbeemster;Kooldioxide (CO2);7187649;kg
2011;22102;Bunge Loders Croklaan Worrmerveer;Wormerveer;Kooldioxide (CO2);20203200;kg
2011;22201;Olam Cocoa BV;Koog aan de Zaan;Kooldioxide (CO2);29149858;kg
2011;22602;Tate & Lyle Netherlands BV;Koog aan de Zaan;Kooldioxide (CO2);76857921;kg
2011;22617;Bunge Netherlands BV;Amsterdam;Kooldioxide (CO2);67219000;kg
2011;22626;Cargill BV (Multiseed);Amsterdam;Kooldioxide (CO2);27709117;kg
2011;23301;Tata Steel IJmuiden BV;Velsen-Noord;Kooldioxide (CO2);6237629302;kg
2011;24000;Vattenfall Power Generation B.V. (Hemweg);Amsterdam;Kooldioxide (CO2);2771996427;kg
2011;24002;Vattenfall Power Generation B.V. (Diemen);Diemen;Kooldioxide (CO2);520920021;kg
2011;24003;Vattenfall Power Generation B.V. (Velsen);Velsen-Noord;Kooldioxide (CO2);4618240267;kg
2011;24007;Nuon Power Generation BV Purmerend WKC;Purmerend;Kooldioxide (CO2);121855973;kg
2011;24302;Crown van Gelder International B.V.;Velsen-Noord;Kooldioxide (CO2);140889706;kg
2011;24605;Forbo Flooring BV;Assendelft;Kooldioxide (CO2);14918908;kg
2011;24606;BN International BV;Huizen;Kooldioxide (CO2);8673458;kg
2011;28070;Alpha Assembly Solutions Netherlands BV;Naarden;Kooldioxide (CO2);1120000;kg
2011;28072;Quaker Chemical B.V. (A Quaker Houghton Company);Uithoorn;Kooldioxide (CO2);2296569;kg
2011;28085;AEB Amsterdam;Amsterdam;Kooldioxide (CO2);1288719382;kg
2011;28091;HVC N.V.;Alkmaar;Kooldioxide (CO2);702564050;kg
2011;28094;Linde Gas IJmuiden;Velsen-Noord;Kooldioxide (CO2);3340456;kg
2011;28097;A-ware Zaandam BV;Zaandam;Kooldioxide (CO2);292000;kg
2011;28098;FrieslandCampina Limmen (Ecomel);Limmen;Kooldioxide (CO2);691000;kg
2011;28175;Waeles Nederland BV;Nieuw-Vennep;Kooldioxide (CO2);250883;kg
2011;28176;Vattenfall Power Generation B.V. (IJmond 1);Velsen-Noord;Kooldioxide (CO2);1787024160;kg
2011;28177;Shipdock BV;Amsterdam;Kooldioxide (CO2);218934;kg
2011;31311;CARBOGEN AMCIS B.V.;Veenendaal;Kooldioxide (CO2);4290000;kg
2011;32920;Westfort Oudewater;Oudewater;Kooldioxide (CO2);496358;kg
2011;33104;Trivium Aluminium Packaging Netherlands B.V.;Veenendaal;Kooldioxide (CO2);7490000;kg
2011;39103;Koninklijke ERU Kaasfabriek B.V.;Woerden;Kooldioxide (CO2);445819;kg
2011;39105;Vrumona;Bunnik;Kooldioxide (CO2);5560655;kg
2011;41003;Shell Nederland Chemie BV (Moerdijk);Moerdijk;Kooldioxide (CO2);2536113743;kg
2011;41101;SABIC Innovative Plastics BV;Bergen op Zoom;Kooldioxide (CO2);423799135;kg
2011;41102;Allnex Netherlands B.V.;Bergen op Zoom;Kooldioxide (CO2);11682500;kg
2011;41103;Synthos Breda BV;Breda;Kooldioxide (CO2);6661842;kg
2011;41106;IFF Nederland BV;Tilburg;Kooldioxide (CO2);8385835;kg
2011;41108;Caldic Chemie Produktie BV;Zevenbergen;Kooldioxide (CO2);6846761;kg
2011;41113;BEWI RAW BV;Etten-Leur;Kooldioxide (CO2);9052548;kg
2011;41307;Aspen Oss B.V.;Oss;Kooldioxide (CO2);27516000;kg
2011;41402;Trobas Gelatine B.V.;Dongen;Kooldioxide (CO2);8789499;kg
2011;41428;Covestro (Netherlands) B.V., vestiging Waalwijk;Waalwijk;Kooldioxide (CO2);4986000;kg
2011;41502;Ravenstein;Ravenstein;Kooldioxide (CO2);15020031;kg
2011;41521;Afvalstoffen Terminal Moerdijk BV (ATM);Moerdijk;Kooldioxide (CO2);289302891;kg
2011;42022;Nutricia Cuijk B.V.;Cuijk;Kooldioxide (CO2);10412592;kg
2011;42034;FrieslandCampina DMV B.V.;Veghel;Kooldioxide (CO2);124170000;kg
2011;42206;Mars Nederland BV;Veghel;Kooldioxide (CO2);13558066;kg
2011;42310;Cosun Beet Company-Dinteloord;Dinteloord;Kooldioxide (CO2);140352778;kg
2011;42408;Swinkels Family Brewers N.V.;Lieshout;Kooldioxide (CO2);51721100;kg
2011;42410;Heineken Netherlands Supply B.V. (Den Bosch);'s-Hertogenbosch;Kooldioxide (CO2);13033000;kg
2011;42629;Cargill BV;Bergen op Zoom;Kooldioxide (CO2);66105543;kg
2011;42834;Rendac Son BV;Son en Breugel;Kooldioxide (CO2);63360321;kg
2011;43002;Mannesmann Precision Tubes Netherlands BV;Helmond;Kooldioxide (CO2);2200692;kg
2011;43003;Tata Steel Nederland Tubes BV locatie Oosterhout;Oosterhout;Kooldioxide (CO2);4762200;kg
2011;43013;Nyrstar Budel BV;Budel-Dorplein;Kooldioxide (CO2);45617260;kg
2011;43205;Coatinc West Brabant BV;Oudenbosch;Kooldioxide (CO2);253000;kg
2011;43210;Aalberts Surface Technologies BV;Eindhoven;Kooldioxide (CO2);682850;kg
2011;43403;DAF Trucks N.V.;Eindhoven;Kooldioxide (CO2);15514000;kg
2011;43513;LDM b.v.;Drunen;Kooldioxide (CO2);1748320;kg
2011;43856;Hydro Extrusion Drunen;Drunen;Kooldioxide (CO2);12290919;kg
2011;43869;Efté Coating BV;Eindhoven;Kooldioxide (CO2);744933;kg
2011;44004;Amer Centrale;Geertruidenberg;Kooldioxide (CO2);5074577460;kg
2011;44006;RWZI Oijen (Waterschap Aa en Maas);Oijen;Kooldioxide (CO2);5848718;kg
2011;44007;PreZero Energy Roosendaal B.V.;Roosendaal;Kooldioxide (CO2);334992408;kg
2011;44009;BV Afvalverbranding Zuid Nederland (AZN);Moerdijk;Kooldioxide (CO2);991826059;kg
2011;44162;Vlisco Netherlands BV;Helmond;Kooldioxide (CO2);29130480;kg
2011;44709;Steenfabriek Engels Oeffelt BV;Oeffelt;Kooldioxide (CO2);11788000;kg
2011;44772;Ardagh Glass Dongen BV;Dongen;Kooldioxide (CO2);73049300;kg
2011;44773;Saint Gobain Construction Products NL BV;Etten-Leur;Kooldioxide (CO2);44274321;kg
2011;47001;Slibverwerking Noord-Brabant NV;Moerdijk;Kooldioxide (CO2);141000000;kg
2011;48002;Unipol Holland BV;Oss;Kooldioxide (CO2);4102790;kg
2011;48018;FUJIFILM Manufacturing Europe B.V.;Tilburg;Kooldioxide (CO2);52814269;kg
2011;48022;Dr. W. Kolb Nederland BV;Klundert;Kooldioxide (CO2);2299300;kg
2011;48023;FrieslandCampina Rijkevoort (Holland Cheese);Rijkevoort;Kooldioxide (CO2);7740000;kg
2011;48024;Essity Operations Cuijk B.V.;Katwijk NB;Kooldioxide (CO2);19821713;kg
2011;48029;FrieslandCampina Eindhoven (Consumer Products Europe);Eindhoven;Kooldioxide (CO2);4633000;kg
2011;48031;FrieslandCampina Butter & Milkpowder - Den Bosch;'s-Hertogenbosch;Kooldioxide (CO2);294900;kg
2011;48051;KBM Master Alloys BV (Oss);Oss;Kooldioxide (CO2);1177001;kg
2011;48054;Van Swaay Duurzaam Hout Schijndel;Schijndel;Kooldioxide (CO2);307000;kg
2011;48073;Nedzink BV;Budel-Dorplein;Kooldioxide (CO2);1115000;kg
2011;48147;Van Oerle Alberton BV (Boxtel);Boxtel;Kooldioxide (CO2);1811534;kg
2011;48177;Peka Kroef B.V. Odiliapeel;Odiliapeel;Kooldioxide (CO2);24959449;kg
2011;49006;WKC Moerdijk;Moerdijk;Kooldioxide (CO2);577633940;kg
2011;49010;Basell Benelux B.V.;Moerdijk;Kooldioxide (CO2);7804000;kg
2011;49013;Ardagh Glass Moerdijk BV;Moerdijk;Kooldioxide (CO2);66029268;kg
2011;49017;Merck Sharp & Dohme B.V.;Oss;Kooldioxide (CO2);4248000;kg
2011;49026;Attero B.V. locatie Tilburg (Spinder);Tilburg;Kooldioxide (CO2);6137796;kg
2011;49027;FrieslandCampina Nuenen;Nuenen;Kooldioxide (CO2);942900;kg
2011;49033;Agristo Tilburg BV;Tilburg;Kooldioxide (CO2);18988000;kg
2011;51101;Synthomer Middelburg BV;Middelburg;Kooldioxide (CO2);55757286;kg
2011;51102;Rosier Nederland B.V.;Sas Van GEnt;Kooldioxide (CO2);18907000;kg
2011;51104;Dow Benelux BV (Hoek);Hoek;Kooldioxide (CO2);2833466884;kg
2011;51105;YARA Sluiskil BV;Sluiskil;Kooldioxide (CO2);3030759474;kg
2011;51107;ARKEMA B.V. location Vlissingen;Vlissingen;Kooldioxide (CO2);4739749;kg
2011;51404;ICL-IP Terneuzen BV;Terneuzen;Kooldioxide (CO2);17366100;kg
2011;51501;Zeeland Refinery N.V.;Nieuwdorp;Kooldioxide (CO2);1590072698;kg
2011;52612;Cargill Benelux BV;Sas Van GEnt;Kooldioxide (CO2);229254256;kg
2011;52615;Koninklijke Zeelandia;Zierikzee;Kooldioxide (CO2);1789036;kg
2011;53129;Damen Schelde Naval Shipbuilding B.V. en Damen Shiprepair Vlissingen B.V.;Ritthem;Kooldioxide (CO2);1899390;kg
2011;53504;Zeeland Aluminium Company (Zalco BV);Vlissingen;Kooldioxide (CO2);372003770;kg
2011;54001;EPZ NV (Conventional Operations);Borssele;Kooldioxide (CO2);2403234000;kg
2011;56118;Stepan Nederland BV;Ritthem;Kooldioxide (CO2);1365301;kg
2011;56119;Decontamination Services BV;Ritthem;Kooldioxide (CO2);19191489;kg
2011;56121;ThermPhos International BV;Ritthem;Kooldioxide (CO2);199025000;kg
2011;56123;Stortplaats Koegorspolder BV (OLAZ);Terneuzen;Kooldioxide (CO2);2017425;kg
2011;56125;Stortplaats Noord- en Midden-Zeeland BV (OLAZ);Nieuwdorp;Kooldioxide (CO2);6970276;kg
2011;56129;Fleuren Compost BV;Middelharnis;Kooldioxide (CO2);2281723;kg
2011;61213;PPG Coatings B.V.;Tiel;Kooldioxide (CO2);52029;kg
2011;61302;N.V. Organon vergunning ingetrokken;Apeldoorn;Kooldioxide (CO2);748000;kg
2011;61407;SABA Dinxperlo BV;Dinxperlo;Kooldioxide (CO2);456925;kg
2011;61411;Sonac Vuren BV;Vuren;Kooldioxide (CO2);27498000;kg
2011;61418;SACHEM Europe BV;Zaltbommel;Kooldioxide (CO2);3181503;kg
2011;61424;Veolia Industriediensten BV;Arnhem;Kooldioxide (CO2);134572540;kg
2011;61436;Givaudan Nederland BV (Barneveld);Barneveld;Kooldioxide (CO2);3381700;kg
2011;61517;Gasunie Zweekhorst;Zevenaar;Kooldioxide (CO2);20424663;kg
2011;62006;FrieslandCampina Cheese Varsseveld;Varsseveld;Kooldioxide (CO2);3165997;kg
2011;62009;FrieslandCampina Butter&Milkpowder (Lochem);Lochem;Kooldioxide (CO2);42106200;kg
2011;62010;Nestlé Nederland BV (Nunspeet);Nunspeet;Kooldioxide (CO2);14785754;kg
2011;62013;FrieslandCampina Steenderen;Steenderen;Kooldioxide (CO2);4620000;kg
2011;62025;FrieslandCampina (Borculo);Borculo;Kooldioxide (CO2);46587120;kg
2011;62031;Arla Foods BV;Nijkerk;Kooldioxide (CO2);14454769;kg
2011;62406;Riedel BV;Ede;Kooldioxide (CO2);3578000;kg
2011;62512;Struik Foods Netherlands;Nijkerk;Kooldioxide (CO2);5605400;kg
2011;62806;VION Apeldoorn b.v.;Apeldoorn;Kooldioxide (CO2);1910000;kg
2011;63012;KME Netherlands B.V.;Zutphen;Kooldioxide (CO2);5309715;kg
2011;63363;Bodewes Binnenvaart BV;Millingen aan de Rijn;Kooldioxide (CO2);97300;kg
2011;63365;Scheepswerf Gelria BV;Nijmegen;Kooldioxide (CO2);118837;kg
2011;63399;Scheepswerf De Hoop BV;Tolkamer;Kooldioxide (CO2);485748;kg
2011;63504;Gieterij Doesburg BV;Doesburg;Kooldioxide (CO2);2329761;kg
2011;63505;Vulcanus Castings BV;Doetinchem;Kooldioxide (CO2);8775653;kg
2011;63508;Nijmeegsche IJzergieterij BV;Nijmegen;Kooldioxide (CO2);2593097;kg
2011;63509;LF Casting B.V.;Terborg;Kooldioxide (CO2);1945834;kg
2011;63601;Hydro Extrusion Harderwijk;Harderwijk;Kooldioxide (CO2);4289526;kg
2011;64001;Centrale Gelderland;Nijmegen;Kooldioxide (CO2);2841688451;kg
2011;64004;AVR Afvalverwerking BV (Duiven);Duiven;Kooldioxide (CO2);610931396;kg
2011;64005;ARN B.V.;Weurt;Kooldioxide (CO2);312908466;kg
2011;64134;Sonac Loenen BV;Loenen;Kooldioxide (CO2);4290000;kg
2011;64304;Papierfabriek Doetinchem bv;Doetinchem;Kooldioxide (CO2);29491058;kg
2011;64308;Sappi Nijmegen BV/InnovioPapers;Nijmegen;Kooldioxide (CO2);73157000;kg
2011;64335;DS Smith De Hoop B.V.;Eerbeek;Kooldioxide (CO2);201959521;kg
2011;64345;Folding Boxboard Eerbeek bv;Eerbeek;Kooldioxide (CO2);58581017;kg
2011;64354;VHP Security Paper B.V.;Ugchelen;Kooldioxide (CO2);6695000;kg
2011;64360;Smurfit Westrock Parenco B.V.;Renkum;Kooldioxide (CO2);250689677;kg
2011;64633;Aquinos BV (Kesteren);Kesteren;Kooldioxide (CO2);1935016;kg
2011;64703;B.V. Steenfabriek Huissenswaard;Angeren;Kooldioxide (CO2);11610002;kg
2011;64713;Wienerberger Steenfabriek Schipperswaard;Echteld;Kooldioxide (CO2);6478000;kg
2011;64715;Wienerberger BV Steenfabriek Erlecom;Erlecom;Kooldioxide (CO2);13848000;kg
2011;64719;Wienerberger Steenfabriek Haaften;Haaften;Kooldioxide (CO2);14979000;kg
2011;64725;Wienerberger Steenfabriek Heteren;Heteren;Kooldioxide (CO2);9460000;kg
2011;64735;AGC Flatglass Nederland BV;Tiel;Kooldioxide (CO2);118722079;kg
2011;64740;Wienerberger Steenfabriek Wolfswaard;Opheusden;Kooldioxide (CO2);11882000;kg
2011;64741;Wienerberger Steenfabriek Kijfwaard Oost;Pannerden;Kooldioxide (CO2);12321000;kg
2011;64748;Steenfabriek Spijk BV;Spijk;Kooldioxide (CO2);33143000;kg
2011;64749;Steenfabriek Tolkamer BV;Tolkamer;Kooldioxide (CO2);31049000;kg
2011;64759;Steenfabriek Zennewijnen;Zennewijnen;Kooldioxide (CO2);7471000;kg
2011;65735;Steenfabriek Vogelensangh B.V.;Deest;Kooldioxide (CO2);3110000;kg
2011;65777;Wienerberger Steenfabriek Kijfwaard West;Pannerden;Kooldioxide (CO2);26731000;kg
2011;66001;Sibelco Winterswijk;Winterswijk;Kooldioxide (CO2);5616186;kg
2011;66201;Coldenhove Paper B.V.;Eerbeek;Kooldioxide (CO2);8889645;kg
2011;66220;Smart Packaging Solutions B.V.;Loenen;Kooldioxide (CO2);13048247;kg
2011;66224;Wienerberger Dakpannenfabriek Narvik Deest;Deest;Kooldioxide (CO2);7820000;kg
2011;66239;Mead Johnson B.V.;Nijmegen;Kooldioxide (CO2);7633590;kg
2011;66253;Stichting Mestverwerking Gelderland SMG (KGBI Stroe);Stroe;Kooldioxide (CO2);2489860;kg
2011;66321;Minnewit BV (Berkelcentrale);Borculo;Kooldioxide (CO2);82513000;kg
2011;66323;Stichting Mestverwerking Gelderland SMG (KGBI Ede);Ede;Kooldioxide (CO2);2427940;kg
2011;66325;Stichting Mestverwerking Gelderland SMG (KGBI Elspeet);Elspeet;Kooldioxide (CO2);2072230;kg
2011;66326;Stichting Mestverwerking Gelderland SMG (KGBI Putten);Putten;Kooldioxide (CO2);2757600;kg
2011;66355;PFW Aroma ingredients bv;Barneveld;Kooldioxide (CO2);1130000;kg
2011;69031;Gesloten stortplaats Ullerberg;Ermelo;Kooldioxide (CO2);2960327;kg
2011;69033;Vika BV;Ede;Kooldioxide (CO2);1784036;kg
2011;71102;KLK Kolb Specialties B.V.;Delden;Kooldioxide (CO2);5184000;kg
2011;71103;Nouryon Functional Chemicals;Deventer;Kooldioxide (CO2);10168023;kg
2011;71105;Nobian Chemicals BV (Hengelo);Hengelo;Kooldioxide (CO2);335466250;kg
2011;71514;Gasunie Vilsteren / Ommen;Vilsteren;Kooldioxide (CO2);7397505;kg
2011;72016;Royal Lactalis Leerdammer BV (Dalfsen);Dalfsen;Kooldioxide (CO2);5317753;kg
2011;72024;Ausnutria Kampen BV;Kampen;Kooldioxide (CO2);13800000;kg
2011;72027;Ausnutria Ommen B.V.;Ommen;Kooldioxide (CO2);3470000;kg
2011;73224;BC Components Zwolle BV;Zwolle;Kooldioxide (CO2);1890000;kg
2011;73239;Scania Production Zwolle BV;Zwolle;Kooldioxide (CO2);2420000;kg
2011;73642;Thales Nederland BV;Hengelo;Kooldioxide (CO2);3830000;kg
2011;74003;Centrale Harculo;Zwolle;Kooldioxide (CO2);60847000;kg
2011;74120;Ten Cate Protect B.V.;Nijverdal;Kooldioxide (CO2);2627426;kg
2011;74154;TenCate Outdoor Fabrics BV;Nijverdal;Kooldioxide (CO2);4882497;kg
2011;75305;locatie Boeldershoek;Hengelo;Kooldioxide (CO2);807897000;kg
2011;75315;locatie Elhorst Vloedbelt;Zenderen;Kooldioxide (CO2);701000;kg
2011;75331;Zwanenberg Food Group B.V.;Almelo;Kooldioxide (CO2);2990000;kg
2011;75342;FrieslandCampina Balkbrug;Balkbrug;Kooldioxide (CO2);8890000;kg
2011;75349;CZ Rouveen kaasspecialiteiten;Rouveen;Kooldioxide (CO2);1590000;kg
2011;81104;DOC Kaas (Zuivelfabriek);Hoogeveen;Kooldioxide (CO2);18064855;kg
2011;81202;AOC Nederland BV (Schoonebeek);Zandpol;Kooldioxide (CO2);5911000;kg
2011;82002;FrieslandCampina Domo B.V. (Beilen);Beilen;Kooldioxide (CO2);49480420;kg
2011;82603;Avebe u.a. (Gasselternijveen);Gasselternijveen;Kooldioxide (CO2);86300041;kg
2011;83501;2 RG;Klazienaveen;Kooldioxide (CO2);8010341;kg
2011;84808;SOLIDUS SOLUTIONS Board B.V. Coevorden;Coevorden;Kooldioxide (CO2);20305000;kg
2011;84999;FrieslandCampina Kievit (Meppel);Meppel;Kooldioxide (CO2);18962064;kg
2011;85002;Attero BV;Wijster;Kooldioxide (CO2);517503536;kg
2011;85003;Envalior Engineering Materials B.V.;Emmen;Kooldioxide (CO2);4910000;kg
2011;91505;N.V. Nederlandse Gasunie - compressorstation Aldeboarn;Aldeboarn;Kooldioxide (CO2);4466298;kg
2011;92001;FrieslandCampina Cheese Gerkesklooster;Gerkesklooster;Kooldioxide (CO2);19199987;kg
2011;92004;Hochwald Foods Nederland BV;Bolsward;Kooldioxide (CO2);7264902;kg
2011;92008;Phoenix BV;Scharsterbrug;Kooldioxide (CO2);15993775;kg
2011;92012;FrieslandCampina (Leeuwarden);Leeuwarden;Kooldioxide (CO2);72817015;kg
2011;92015;FrieslandCampina Dronrijp;Dronryp;Kooldioxide (CO2);10825200;kg
2011;92030;FrieslandCampina (Workum);Workum;Kooldioxide (CO2);22542100;kg
2011;92615;Sonac Burgum BV;Sumar;Kooldioxide (CO2);51100271;kg
2011;93604;Nederlandse Onttinningsfabriek BV;Leeuwarden;Kooldioxide (CO2);1430000;kg
2011;94003;Centrale Bergum;Burgum;Kooldioxide (CO2);76276940;kg
2011;94301;Huhtamaki Nederland B.V.;Franeker;Kooldioxide (CO2);12942124;kg
2011;94304;SCA Hygiene Products BV (Suameer);Sumar;Kooldioxide (CO2);2339977;kg
2011;94706;BASF Nederland B.V.;Heerenveen;Kooldioxide (CO2);9906000;kg
2011;95003;Lamb Weston / Meyer VOF (Klooster Lidlum);Klooster Lidlum;Kooldioxide (CO2);13995749;kg
2011;101103;BioMCN B.V.;Farmsum;Kooldioxide (CO2);205905667;kg
2011;101104;Dow Benelux B.V.;Delfzijl;Kooldioxide (CO2);11248486;kg
2011;101105;P.Q. Silicas B.V.;Winschoten;Kooldioxide (CO2);16943000;kg
2011;101108;Qemetica NL Silica bv;Delfzijl;Kooldioxide (CO2);33114000;kg
2011;101403;Reym Delfzijl;Delfzijl;Kooldioxide (CO2);4163820;kg
2011;101404;Delamine B.V.;Farmsum;Kooldioxide (CO2);1202192;kg
2011;101405;Electric Glass Fiber NL, B.V.;Westerbroek;Kooldioxide (CO2);41874997;kg
2011;101407;Zeolyst CV;Farmsum;Kooldioxide (CO2);2985268;kg
2011;101408;Nedmag B.V.;Veendam;Kooldioxide (CO2);96141830;kg
2011;101515;Gasunie Transport Services B.V. - compressorstation Spijk;Eemshaven;Kooldioxide (CO2);11327767;kg
2011;102001;FrieslandCampina Nederland B.V.;Bedum;Kooldioxide (CO2);26258614;kg
2011;102008;Plixxent B.V.;Foxhol;Kooldioxide (CO2);142746;kg
2011;102302;Cosun Beet Company-Vierverlaten;Groningen;Kooldioxide (CO2);144338000;kg
2011;102620;Coöperatie AVEBE U.A.;Ter Apelkanaal;Kooldioxide (CO2);125084194;kg
2011;102621;Avebe u.a. (Foxhol);Foxhol;Kooldioxide (CO2);27701674;kg
2011;103009;KBM Master Alloys B.V.;Delfzijl;Kooldioxide (CO2);3603684;kg
2011;103010;DAMCO Aluminium Delfzijl Coöperatie U.A.;Farmsum;Kooldioxide (CO2);179251331;kg
2011;104001;ENGIE Energie Nederland NV;Eemshaven;Kooldioxide (CO2);3288866000;kg
2011;104003;Delesto B.V.;Farmsum;Kooldioxide (CO2);1651636900;kg
2011;104302;Solidus Solutions Board Groningen-Hoogkerk;Groningen;Kooldioxide (CO2);20689370;kg
2011;104304;Eska B.V.;Hoogezand;Kooldioxide (CO2);61121792;kg
2011;104305;Eska B.V.;Sappemeer;Kooldioxide (CO2);31692556;kg
2011;104307;Solidus Board Bad Nieuweschans B.V.;Bad Nieuweschans;Kooldioxide (CO2);39171419;kg
2011;104511;Gasunie mengstation Kootstertille (FR);Kootstertille;Kooldioxide (CO2);20033;kg
2011;104520;Ecopark De Wierde;Heerenveen;Kooldioxide (CO2);3972605;kg
2011;104521;FrieslandCampina Wolvega;Wolvega;Kooldioxide (CO2);478000;kg
2011;104527;Friese Ecologische Zuivel (Drachten);Drachten;Kooldioxide (CO2);148363;kg
2011;104710;ESD-SIC BV;Farmsum;Kooldioxide (CO2);142981987;kg
2011;104756;Steenindustrie Strating BV;Oude Pekela;Kooldioxide (CO2);6107000;kg
2011;105001;ChemCom Industries BV;Farmsum;Kooldioxide (CO2);6885000;kg
2011;105004;Teijin Aramid B.V.;Farmsum;Kooldioxide (CO2);21455000;kg
2011;105007;FrieslandCampina Nederland B.V.;Marum;Kooldioxide (CO2);9516392;kg
2011;105011;GOC Real Estate B.V. (North Refinery Refining & Trading Company);Farmsum;Kooldioxide (CO2);9524000;kg
2011;105016;Nobian Industrial Chemicals B.V. - SSC (Shared Service Center);Farmsum;Kooldioxide (CO2);3339240;kg
2011;105027;Kisuma Chemicals BV;Veendam;Kooldioxide (CO2);12508587;kg
2011;114001;Maxima-centrale;Lelystad;Kooldioxide (CO2);1905178260;kg
2011;114002;Vattenfall Power Generation B.V. (HWC Hogering/WKC Almere);Almere;Kooldioxide (CO2);297639617;kg
2011;114720;Sonac Almere BV;Almere;Kooldioxide (CO2);3848947;kg
2011;114721;Alphen;Alphen;Kooldioxide (CO2);86120;kg
2011;114722;Waterschap Noorderzijlvest - RWZI Garmerwolde;Garmerwolde;Kooldioxide (CO2);13421339;kg
2011;114723;RWZI Harderwijk;Harderwijk;Kooldioxide (CO2);6768862;kg
2011;114724;RWZI Apeldoorn;Apeldoorn;Kooldioxide (CO2);12927908;kg
2011;114725;RWZI Ede;Ede;Kooldioxide (CO2);7483158;kg
2011;114726;RWZI Nieuwgraaf (Waterschap Rijn en IJssel);Duiven;Kooldioxide (CO2);13332169;kg
2011;114728;RWZI Nieuwveer;Breda;Kooldioxide (CO2);13154368;kg
2011;114729;RWZI Aarle-Rixtel (Waterschap Aa en Maas);Aarle-Rixtel;Kooldioxide (CO2);7765586;kg
2011;114730;RWZI Eindhoven (Waterschap De Dommel);Eindhoven;Kooldioxide (CO2);9083291;kg
2011;114731;RWZI Utrecht (Hoogheemraadschap de Stichtse Rijnlanden);Utrecht;Kooldioxide (CO2);12094501;kg
2011;114732;RWZI Venlo;Venlo;Kooldioxide (CO2);4828656;kg
2011;114733;RWZI Hoensbroek;Hoensbroek;Kooldioxide (CO2);9917397;kg
2011;114734;RWZI Enschede;Enschede;Kooldioxide (CO2);11860356;kg
2011;114735;AWZI De Groote Lucht (Hoogheemraadschap van Delfland);Vlaardingen;Kooldioxide (CO2);5443215;kg
2011;114736;RWZI Dokhaven en Slibverwerkingsinstallatie Sluisjesdijk;Rotterdam;Kooldioxide (CO2);10169072;kg
2011;114737;AWZI Kralingseveer (Hoogheemraadschap van Schieland);Capelle aan den Ijssel;Kooldioxide (CO2);8735326;kg
2011;114740;RWZI Susteren;Susteren;Kooldioxide (CO2);13515835;kg
2011;114741;RWZI Amersfoort;Amersfoort;Kooldioxide (CO2);9204607;kg
2011;114743;RWZI Dinther (Waterschap Aa en Maas);Heeswijk-Dinther;Kooldioxide (CO2);7616144;kg
2011;114744;Elsta P&U;Hoek;Kooldioxide (CO2);1660774000;kg
2011;114745;Komeco B.V.;Dronten;Kooldioxide (CO2);583949;kg
2011;114747;PeakShaver Maasvlakte;Maasvlakte Rotterdam;Kooldioxide (CO2);15097386;kg
2011;114757;Eurogen CV;Botlek Rotterdam;Kooldioxide (CO2);425004000;kg
2011;114767;AWZI Houtrust (Hoogheemraadschap van Delfland);'s-Gravenhage;Kooldioxide (CO2);8241028;kg
2011;114785;Smilde Foods BV(Heerenveen);Heerenveen;Kooldioxide (CO2);1483100;kg
2011;114802;Renewi Smink Amersfoort;Hoogland;Kooldioxide (CO2);6282705;kg
2011;115036;LyondellBasell Covestro Manufacturing Maasvlakte VOF;Maasvlakte Rotterdam;Kooldioxide (CO2);10171472;kg
2011;115047;Helvoet Rubber & Plastic Technologies B.V.;Hellevoetsluis;Kooldioxide (CO2);478000;kg
2011;115049;Holonite BV (Tholen);Tholen;Kooldioxide (CO2);108000;kg
2011;115050;Holonite BV (Halsteren);Halsteren;Kooldioxide (CO2);117000;kg
2011;115063;Eagle Simrax BV;Kerkrade;Kooldioxide (CO2);282000;kg
2011;115066;Trespa International BV;Weert;Kooldioxide (CO2);5338787;kg
2011;115072;Seasun;Kapelle;Kooldioxide (CO2);40476481;kg
2011;115084;SVP Productie BV - Hulpwarmtecentrale 1;Purmerend;Kooldioxide (CO2);8052101;kg
2011;115085;Enecal Energy VOF;Botlek Rotterdam;Kooldioxide (CO2);189806000;kg
2011;115180;apt Extrusions B.V.;Roermond;Kooldioxide (CO2);3734000;kg
2011;115181;EP NL Rijnmond 1 B.V.;Vondelingenplaat Rotterdam;Kooldioxide (CO2);1849734000;kg
2011;115184;RWZI Land van Cuijk (Waterschap Aa en Maas);Haps;Kooldioxide (CO2);5595016;kg
2011;115185;DOC Kaas (Zuivelpark);Hoogeveen;Kooldioxide (CO2);41551733;kg
2011;115186;Yara Vlaardingen BV;Vlaardingen;Kooldioxide (CO2);505000;kg
2011;200019;Amsterdam UMC, locatie AMC;Amsterdam;Kooldioxide (CO2);19530000;kg
2011;200131;Hak BV;Giessen;Kooldioxide (CO2);6833501;kg
2011;200141;BV Steenfabriek Hedikhuizen;Heusden;Kooldioxide (CO2);14898000;kg
2011;200228;Gouda Refractories BV;Gouda;Kooldioxide (CO2);7686000;kg
2011;200287;Steenfabriek Engels Helden BV;Panningen;Kooldioxide (CO2);14041000;kg
2011;200292;T. Boer & zn.;Nieuwerkerk aan den Ijssel;Kooldioxide (CO2);662000;kg
2011;200312;Vloertegelfabriek Koninklijke Mosa BV;Maastricht;Kooldioxide (CO2);15128533;kg
2011;200314;Supply Point Cuijk BV;Katwijk;Kooldioxide (CO2);254928;kg
2011;200333;Wienerberger Steenfabriek Bemmel;Haalderen;Kooldioxide (CO2);7695000;kg
2011;200355;Dakpanfabriek Narvik Tegelen (Wienberger BV);Tegelen;Kooldioxide (CO2);8781000;kg
2011;200376;Wienerberger Dakpanfabriek Janssen-Dings;Tegelen;Kooldioxide (CO2);7873000;kg
2011;200377;Monier BV (Tegelen);Tegelen;Kooldioxide (CO2);9054108;kg
2011;200407;COATEX Netherlands BV;Moerdijk;Kooldioxide (CO2);1572208;kg
2011;200420;Roba Metals B.V.;Farmsum;Kooldioxide (CO2);4314433;kg
2011;200436;Afvalberging Derde Merwedehaven;Dordrecht;Kooldioxide (CO2);16578768;kg
2011;200450;Avri;Geldermalsen;Kooldioxide (CO2);694491;kg
2011;200464;Baggerspeciedepot IJsseloog;Dronten;Kooldioxide (CO2);414656;kg
2011;200493;Attero B.V. locatie Bergen op Zoom (Kragge);Bergen op Zoom;Kooldioxide (CO2);2072401;kg
2011;200507;E.on Locatie Delft;Delft;Kooldioxide (CO2);959000;kg
2011;200508;Uniper HWC Bezuidenhout-West;'s-Gravenhage;Kooldioxide (CO2);12610000;kg
2011;200516;Attero B.V.  locatie Montfort;Montfort;Kooldioxide (CO2);1426627;kg
2011;200520;Attero B.V. locatie Schinnen;Schinnen;Kooldioxide (CO2);3693234;kg
2011;200526;Exportslachterij Clazing BV;Zevenhuizen;Kooldioxide (CO2);896000;kg
2011;200537;Cargill Cocao Aurora;Zaandam;Kooldioxide (CO2);1529787813099010;kg
2011;200538;GMB BioEnergie Zutphen BV;Zutphen;Kooldioxide (CO2);27820227;kg
2011;200582;Südpack  Grootegast B.V.;Grootegast;Kooldioxide (CO2);2413000;kg
2011;200587;Martens Havenontvangstinstallatie Vlissingen BV;Nieuwdorp;Kooldioxide (CO2);510000;kg
2011;200606;Theo Pouw Secundaire Bouwstoffen B.V.;Eemshaven;Kooldioxide (CO2);26642539;kg
2011;200664;Handelsonderneming A. Smit & Zoon BV;Amersfoort;Kooldioxide (CO2);2227878;kg
2011;200683;Theo Pouw Beheer BV;Utrecht;Kooldioxide (CO2);164324;kg
2011;201055;Attero B.V. Locatie Haps;Haps;Kooldioxide (CO2);1501486;kg
2011;201151;Enrichment Technology Nederland BV;Almelo;Kooldioxide (CO2);2980000;kg
2011;201189;Afvalverwerking Stainkoeln B.V.;Groningen;Kooldioxide (CO2);849644;kg
2011;201203;Sortiva B.V.;Alkmaar;Kooldioxide (CO2);1898965;kg
2011;201241;EMMTEC Services BV;Emmen;Kooldioxide (CO2);180522215;kg
2011;201304;BMC Moerdijk BV;Moerdijk;Kooldioxide (CO2);312640031;kg
2011;201326;Aludyne Netherlands B.V.;Oss;Kooldioxide (CO2);6660000;kg
2011;201386;EP NL Sloe Centrale B.V. (Vlissingen);Ritthem;Kooldioxide (CO2);1479636600;kg
2011;201418;Plaatijzerindustrie Apeldoorn;Apeldoorn;Kooldioxide (CO2);464000;kg
2011;201425;Afvalverwerking Vink B.V.;Barneveld;Kooldioxide (CO2);20400000;kg
2011;201503;Valtris AO Maastricht b.v. / Vynova AO Maastricht b.v.;Maastricht;Kooldioxide (CO2);3462345;kg
2011;201541;Olenex Edible Oils B.V.;Vondelingenplaat Rotterdam;Kooldioxide (CO2);1437850;kg
2011;201571;Vattenfall Warmte N.V. (HWC Duiven Westervoort);Westervoort;Kooldioxide (CO2);323377;kg
2011;201639;Solidus Solutions Board Oude Pekela;Oude Pekela;Kooldioxide (CO2);23400610;kg
2011;201986;Eneco HWC Kanaleneiland;Utrecht;Kooldioxide (CO2);130557;kg
2011;202159;Fokker Aerospace BV;Papendrecht;Kooldioxide (CO2);52600000;kg
2011;202214;Greif Nederland BV;Europoort Rotterdam;Kooldioxide (CO2);3413696;kg
2011;202229;Bunge Loders Croklaan Rotterdam;Maasvlakte Rotterdam;Kooldioxide (CO2);14891000;kg
2011;202268;Eneco HWC Overvecht;Utrecht;Kooldioxide (CO2);235125;kg
2011;202298;Evonik Peroxide Netherlands B.V.;Farmsum;Kooldioxide (CO2);35972000;kg
2011;202417;Compressorstation Noord Holland;Anna Paulowna;Kooldioxide (CO2);20548;kg
2011;202418;Eneco HWC Nicolaas Beetsstraat;Utrecht;Kooldioxide (CO2);510802;kg
2011;202419;Eneco HWC Nieuwegein;Nieuwegein;Kooldioxide (CO2);2009165;kg
2011;202671;Koninklijke Niestern Sander;Delfzijl;Kooldioxide (CO2);134116;kg
2011;202803;Avery Dennison Materials Nederland BV;Alphen aan den Rijn;Kooldioxide (CO2);3965903;kg
2011;202824;Eneco Merwedekanaal;Utrecht;Kooldioxide (CO2);325817684;kg
2011;202825;Eneco Lage Weide;Utrecht;Kooldioxide (CO2);624462231;kg
2011;202858;Grolsche Bierbrouwerij Nederland B.V.;Enschede;Kooldioxide (CO2);7037450;kg
2011;202902;GMB BioEnergie Tiel BV;Tiel;Kooldioxide (CO2);14970057;kg
2011;202903;Reterra BV;Goor;Kooldioxide (CO2);29300000;kg
2011;202926;Ulamo Coating B.V.;Ulft;Kooldioxide (CO2);1436900;kg
2011;202935;Alblasserdam Yachtbuilding B.V. (Oceanco);Alblasserdam;Kooldioxide (CO2);414000;kg
2011;202940;Scheepswerf Kooiman Hoebée BV;Dordrecht;Kooldioxide (CO2);75600;kg
2011;202962;IHC Sliedrecht Molendijk;Sliedrecht;Kooldioxide (CO2);537000;kg
2011;202990;Alco Energy Rotterdam;Europoort Rotterdam;Kooldioxide (CO2);417972572;kg
2011;202992;Viterra Botlek BV;Botlek Rotterdam;Kooldioxide (CO2);26839393;kg
2011;203155;Vattenfall Power Generation B.V. (HWC Almere Stad);Almere;Kooldioxide (CO2);4259176;kg
2011;203186;RWZI West;Amsterdam;Kooldioxide (CO2);14534485;kg
2011;203220;EEW Energy from Waste Delfzijl B.V.;Farmsum;Kooldioxide (CO2);220252050;kg
2011;203346;Inter-Che-M BV;Beuningen Gld;Kooldioxide (CO2);338307;kg
2011;203411;Pergen VOF;Pernis Rotterdam;Kooldioxide (CO2);1315920520;kg
2011;203422;Dutch Biodiesel BV;Vondelingenplaat Rotterdam;Kooldioxide (CO2);4797866;kg
2011;203438;Straalbedrijf A.J. den Breejen & Zonen BV;Dordrecht;Kooldioxide (CO2);581004;kg
2011;203496;Reststoffen Energie Centrale (REC);Harlingen;Kooldioxide (CO2);195071000;kg
2011;203505;EP NL Rijnmond 2 B.V.;Vondelingenplaat Rotterdam;Kooldioxide (CO2);598030000;kg
2011;203587;Contitank B.V.;Delfzijl;Kooldioxide (CO2);439488;kg
2011;203589;Cerexagri BV;Vondelingenplaat Rotterdam;Kooldioxide (CO2);4864128;kg
2011;203590;Arkema B.V. location Rotterdam;Vondelingenplaat Rotterdam;Kooldioxide (CO2);3843027;kg
2011;203651;Dutch Advanced Polyesters Emmen B.V.;Emmen;Kooldioxide (CO2);2090000;kg
2011;203738;Fokker Landing Gear;Helmond;Kooldioxide (CO2);468000;kg
2011;203825;Linde Gas Dieren;Dieren;Kooldioxide (CO2);389898;kg
2011;203857;Agro Care Wieringermeer;Middenmeer;Kooldioxide (CO2);94419923;kg
2011;203859;Kesgro;Middenmeer;Kooldioxide (CO2);40288045;kg
2011;203860;Kwekerij De Wieringermeer;Middenmeer;Kooldioxide (CO2);52700000;kg
2011;204287;Global Food Group BV;Ospel;Kooldioxide (CO2);489000;kg
2011;204363;Vattenfall Warmte N.V. (HWC Schuytgraaf);Arnhem;Kooldioxide (CO2);184347;kg
2011;204395;Renewi Stadskanaal;Stadskanaal;Kooldioxide (CO2);852021;kg
2011;204522;Ondergrondse aardgasopslag Zuidwending;Veendam;Kooldioxide (CO2);5745006;kg
2011;204556;Waterstromen Lichtenvoorde B.V.;Lichtenvoorde;Kooldioxide (CO2);5162830;kg
2011;204602;RWZI Soest;Soest;Kooldioxide (CO2);3851277;kg
2011;204609;Hoogweg Paprikakwekerijen BV;Luttelgeest;Kooldioxide (CO2);57103675;kg
2011;204618;Heijchroom B.V.;Ridderkerk;Kooldioxide (CO2);100704;kg
2011;204654;ENECOGEN V.O.F.;Europoort Rotterdam;Kooldioxide (CO2);422269600;kg
2011;204667;Aliphos Rotterdam BV;Vlaardingen;Kooldioxide (CO2);2928480;kg
2011;204675;WKC De Grift;Wapenveld;Kooldioxide (CO2);1660000;kg
2011;204695;Northern Petroleum Nederland B.V.;Harlingen;Kooldioxide (CO2);3920860;kg
2011;220121;Hoogheemraadschap Hollands Noorderkwartier RWZI Alkmaar;Alkmaar;Kooldioxide (CO2);3147091;kg
2011;220124;AWZI Almere;Almere;Kooldioxide (CO2);7250056;kg
2011;220129;RWZI Amstelveen (HH Amstel, Gooi en Vecht);Amstelveen;Kooldioxide (CO2);3312704;kg
2011;220131;RWZI Westpoort;Amsterdam;Kooldioxide (CO2);5866293;kg
2011;220133;RWZI Arnhem-Zuid;Arnhem;Kooldioxide (CO2);9417018;kg
2011;220136;RWZI Asten (Waterschap Aa en Maas);Heusden;Kooldioxide (CO2);856097;kg
2011;220139;RWZI Bath;Rilland;Kooldioxide (CO2);10484533;kg
2011;220150;Hoogheemraadschap Hollands Noorderkwartier SDI/RWZI Beverwijk;Beverwijk;Kooldioxide (CO2);35567234;kg
2011;220188;Hoogheemraadschap Hollands Noorderkwartier RWZI Den Helder;Den Helder;Kooldioxide (CO2);3427781;kg
2011;220191;RWZI Deventer;Deventer;Kooldioxide (CO2);4768725;kg
2011;220200;RWZI Dongemond;Oosterhout;Kooldioxide (CO2);4775726;kg
2011;220213;RWZI Elburg;Elburg;Kooldioxide (CO2);4822465;kg
2011;220217;RWZI Etten;Terborg;Kooldioxide (CO2);7408239;kg
2011;220223;Hoogheemraadschap Hollands Noorderkwartier RWZI Geestmerambacht;Warmenhuizen;Kooldioxide (CO2);30442;kg
2011;220233;RWZI Goor;Goor;Kooldioxide (CO2);1682789;kg
2011;220264;Rioolwaterzuiveringsinstallatie Hengelo;Hengelo;Kooldioxide (CO2);5370811;kg
2011;220276;RWZI Horstermeer (HH Amstel, Gooi en Vechtstreek);Nederhorst den Berg;Kooldioxide (CO2);3699875;kg
2011;220326;AWZI Nieuwe Waterweg;Hoek Van Holland;Kooldioxide (CO2);2738973;kg
2011;220328;RWZI Nieuwegein;Nieuwegein;Kooldioxide (CO2);2472640;kg
2011;220376;Rioolwaterzuiveringsinstallatie (RWZI) Roermond;Roermond;Kooldioxide (CO2);4383227;kg
2011;220387;RWZI Den Bosch (Waterschap Aa en Maas);'s-Hertogenbosch;Kooldioxide (CO2);8649282;kg
2011;220410;RWZI Terneuzen;Terneuzen;Kooldioxide (CO2);749000;kg
2011;220412;RWZI Terwolde;Terwolde;Kooldioxide (CO2);2122931;kg
2011;220416;RWZI Tilburg Noord;Tilburg;Kooldioxide (CO2);11087922;kg
2011;220429;RWZI Veenendaal;Overberg;Kooldioxide (CO2);2921086;kg
2011;220432;RWZI Vinkel (Waterschap Aa en Maas);Vinkel;Kooldioxide (CO2);1645363;kg
2011;220443;RWZI Walcheren;Ritthem;Kooldioxide (CO2);2451900;kg
2011;220451;Hoogheemraadschap Hollands Noorderkwartier RWZI Wervershoof;Wervershoof;Kooldioxide (CO2);41011;kg
2011;220460;RWZI Willem Annapolder;Kapelle;Kooldioxide (CO2);1230034;kg
2011;220478;RWZI Zutphen;Zutphen;Kooldioxide (CO2);6279868;kg
2011;220482;RWZI Zwolle;Zwolle;Kooldioxide (CO2);5551170;kg
2011;220537;RWZI Harnaschpolder (Hoogheemraadschap van Delfland);Den Hoorn;Kooldioxide (CO2);26588908;kg
2012;59;Koninklijke Mosa BV Wandtegelfabriek & Vloertegelfabriek;Maastricht;Kooldioxide (CO2);20890653;kg
2012;60;Sappi Maastricht BV;Maastricht;Kooldioxide (CO2);191966009;kg
2012;62;Chemelot Site Permit BV;Geleen;Kooldioxide (CO2);4777145000;kg
2012;65;PQ Silicas BV;Eijsden;Kooldioxide (CO2);27099538;kg
2012;66;Marsna Paper B.V.;Meerssen;Kooldioxide (CO2);4656001;kg
2012;79;Steenfabriek Linssen BV;Kerkrade;Kooldioxide (CO2);2711680;kg
2012;84;BASF Nederland B.V.;Maastricht;Kooldioxide (CO2);3392310;kg
2012;90;VDL Castings Heerlen BV;Hoensbroek;Kooldioxide (CO2);20787366;kg
2012;94;Steenfabriek Gebroeders Klinkers BV;Maastricht;Kooldioxide (CO2);6751000;kg
2012;95;Vandersanden Beek BV;Beek;Kooldioxide (CO2);7314000;kg
2012;113;VDL Nedcar B.V.;Born;Kooldioxide (CO2);9300581;kg
2012;124;CRH Nuth;Nuth;Kooldioxide (CO2);4593000;kg
2012;148;ENCI BV (Maastricht);Maastricht;Kooldioxide (CO2);553089130;kg
2012;151;O-I Netherlands BV (Maastricht);Maastricht;Kooldioxide (CO2);84033717;kg
2012;159;Fenzi AGT Netherlands B.V.;Maastricht;Kooldioxide (CO2);3896695;kg
2012;166;Slachthuis Kerkrade BV;Kerkrade;Kooldioxide (CO2);318394;kg
2012;174;Tata Steel Nederland Tubes BV locatie Maastricht;Maastricht;Kooldioxide (CO2);662190;kg
2012;176;Caradon Stelrad BV;Nuth;Kooldioxide (CO2);1393417;kg
2012;325;Lawter Maastricht BV;Maastricht;Kooldioxide (CO2);2949600;kg
2012;326;Wienerberger Steenfabriek Poriso;Brunssum;Kooldioxide (CO2);19532000;kg
2012;1104;Solvay Chemie BV;Herten;Kooldioxide (CO2);2063204;kg
2012;1107;Nouryon Functional Chemicals B.V.;Herkenbosch;Kooldioxide (CO2);9619211;kg
2012;1404;DSM Pharma Chemicals Venlo BV;Venlo;Kooldioxide (CO2);6037326;kg
2012;2748;Steinzeug-Keramo BV (Belfeld);Belfeld;Kooldioxide (CO2);5269879;kg
2012;3062;Verzinkerij Van Aert BV;Nederweert;Kooldioxide (CO2);1839000;kg
2012;3066;Verzinkerij Weert BV en Electrocoat BV Weert Groep;Stramproy;Kooldioxide (CO2);4330068;kg
2012;3068;Coatinc Mook B.V.;Mook;Kooldioxide (CO2);1760000;kg
2012;3509;VDL Castings Weert BV;Weert;Kooldioxide (CO2);1070922;kg
2012;3513;MGG Netherlands BV;Tegelen;Kooldioxide (CO2);5463422;kg
2012;4001;Clauscentrale;Maasbracht;Kooldioxide (CO2);618371000;kg
2012;4301;Smurfit Westrock Roermond Paper BV;Roermond;Kooldioxide (CO2);170433000;kg
2012;4706;Kleiwarenfabriek Buggenum BV;Buggenum;Kooldioxide (CO2);5634000;kg
2012;4709;Kleiwarenfabriek Joosten Kessel BV;Kessel;Kooldioxide (CO2);6639000;kg
2012;4711;Wienerberger Steenfabriek Thorn;Thorn;Kooldioxide (CO2);6358000;kg
2012;4712;Kleiwarenfabriek Joosten Wessem BV;Wessem;Kooldioxide (CO2);7588000;kg
2012;4753;Rockwool B.V.;Roermond;Kooldioxide (CO2);139188000;kg
2012;5726;Wienerberger Steenfabriek Nuance;Afferden L;Kooldioxide (CO2);5308000;kg
2012;5727;EverZinc Nederland B.V.;Eijsden;Kooldioxide (CO2);20923351;kg
2012;5729;Celanese Production Netherlands B.V.;Geleen;Kooldioxide (CO2);1953777;kg
2012;5739;E-MAX BILLETS;Kerkrade;Kooldioxide (CO2);18812032;kg
2012;5740;WEPA Nederland B.V.;Swalmen;Kooldioxide (CO2);24140000;kg
2012;5746;Nuon Power Generation BV (Buggenum);Haelen;Kooldioxide (CO2);909086674;kg
2012;5750;FrieslandCampina Born;Born;Kooldioxide (CO2);6630000;kg
2012;5798;Janoschka Benelux B.V.;Kerkrade;Kooldioxide (CO2);262116;kg
2012;5804;PQ Nederland BV;Maastricht;Kooldioxide (CO2);12789000;kg
2012;5821;Attero B.V. locatie Landgraaf;Landgraaf;Kooldioxide (CO2);3780930;kg
2012;9003;Everris International BV;Heerlen;Kooldioxide (CO2);12439263;kg
2012;10001;Nobian Industrial Chemicals BV (Rotterdam);Botlek Rotterdam;Kooldioxide (CO2);172294330;kg
2012;10002;Nouryon Performance Formulations b.v.;Europoort Rotterdam;Kooldioxide (CO2);360000;kg
2012;10003;Synres B.V.;Hoek Van Holland;Kooldioxide (CO2);5578500;kg
2012;10004;Lyondell Chemical Nederland Ltd.;Botlek Rotterdam;Kooldioxide (CO2);125530803;kg
2012;10006;Shell Nederland Chemie BV (Pernis);Vondelingenplaat Rotterdam;Kooldioxide (CO2);50970679;kg
2012;10016;Climax Molybdenum BV;Botlek Rotterdam;Kooldioxide (CO2);9906501;kg
2012;10018;Huntsman Holland BV;Botlek Rotterdam;Kooldioxide (CO2);410000;kg
2012;10042;Kemira Rotterdam B.V. - locatie Botlek;Botlek Rotterdam;Kooldioxide (CO2);158000;kg
2012;10048;Compaxo Gouda BV;Gouda;Kooldioxide (CO2);5480000;kg
2012;10057;Shell Nederland Raffinaderij BV;Vondelingenplaat Rotterdam;Kooldioxide (CO2);4094935601;kg
2012;10058;BP Raffinaderij Rotterdam B.V.;Europoort Rotterdam;Kooldioxide (CO2);2112452000;kg
2012;10059;Gunvor Energy Rotterdam B.V. (GPR);Europoort Rotterdam;Kooldioxide (CO2);513626802;kg
2012;10061;Esso Nederland BV (Raffinaderij Rotterdam);Botlek Rotterdam;Kooldioxide (CO2);2288316000;kg
2012;10062;ExxonMobil Chemical Holland BV (RAP);Botlek Rotterdam;Kooldioxide (CO2);458045340;kg
2012;10063;AVR-Afvalverwerking;Botlek Rotterdam;Kooldioxide (CO2);1576100000;kg
2012;10064;Almatis BV;Botlek Rotterdam;Kooldioxide (CO2);18446836;kg
2012;10066;Kemira Rotterdam BV locatie Europoort;Europoort Rotterdam;Kooldioxide (CO2);7646020;kg
2012;10069;Standic BV;Dordrecht;Kooldioxide (CO2);2478506;kg
2012;10073;Tronox Pigments (Holland) BV;Botlek Rotterdam;Kooldioxide (CO2);79440351;kg
2012;10076;HVC AfvalEnergieCentrale Dordrecht;Dordrecht;Kooldioxide (CO2);360018400;kg
2012;10078;Ruigenhil Vastgoed B.V. (Nedstaal/FNSteel/Heros);Alblasserdam;Kooldioxide (CO2);59270891;kg
2012;10079;Chemours Netherlands B.V.;Dordrecht;Kooldioxide (CO2);163599379;kg
2012;10086;NV Nutricia Zoetermeer;Zoetermeer;Kooldioxide (CO2);12692394;kg
2012;10089;Prysmian Netherlands B.V.;Delft;Kooldioxide (CO2);2119900;kg
2012;10090;Avery Dennison Materials BV;Hazerswoude-Rijndijk;Kooldioxide (CO2);4832076;kg
2012;10097;SD Guthrie International Zwijndrecht Refinery B.V.;Zwijndrecht;Kooldioxide (CO2);54359000;kg
2012;10100;Bakelite Botlek Rotterdam;Botlek Rotterdam;Kooldioxide (CO2);5610000;kg
2012;10546;Lactalis Leerdammer BV (Schoonrewoerd);Schoonrewoerd;Kooldioxide (CO2);12172753;kg
2012;10590;FrieslandCampina Rotterdam;Rotterdam;Kooldioxide (CO2);2490583;kg
2012;10621;Hunter Douglas Europe BV;Rotterdam;Kooldioxide (CO2);9555121;kg
2012;10687;Biotech Campus Delft;Delft;Kooldioxide (CO2);26711528;kg
2012;10689;Air Products Nederland BV (Botlek);Botlek Rotterdam;Kooldioxide (CO2);313803239;kg
2012;10698;Cargill Bioindustrial BV;Gouda;Kooldioxide (CO2);53355184;kg
2012;10722;O-I Manufacturing Netherlands BV Schiedam;Schiedam;Kooldioxide (CO2);61605000;kg
2012;10723;O-I Netherlands BV (Leerdam);Leerdam;Kooldioxide (CO2);97157681;kg
2012;10728;Cargill Refined Oils Europe;Botlek Rotterdam;Kooldioxide (CO2);25026687;kg
2012;10733;Upfield Sourcing Nederland BV;Rotterdam;Kooldioxide (CO2);4522000;kg
2012;10789;BMI Productie Nederland BV Woerden;Woerden;Kooldioxide (CO2);782130;kg
2012;10793;Tata Steel Nederland Tubes BV locatie Zwijndrecht;Zwijndrecht;Kooldioxide (CO2);1280000;kg
2012;10829;Cosun Beet company (Puttershoek);Puttershoek;Kooldioxide (CO2);513000;kg
2012;10921;Damen Shiprepair Rotterdam BV;Schiedam;Kooldioxide (CO2);5231993;kg
2012;10928;Aluminium & Chemie Rotterdam B.V.;Botlek Rotterdam;Kooldioxide (CO2);205184716;kg
2012;10951;Uniper Centrale Leiden;Leiden;Kooldioxide (CO2);147278000;kg
2012;10953;Uniper Centrale Den Haag;'s-Gravenhage;Kooldioxide (CO2);192119000;kg
2012;10982;Galvanisch Bedrijf Chromolux;Rotterdam;Kooldioxide (CO2);384016;kg
2012;10983;IHC Kinderdijk;Nieuw-Lekkerland;Kooldioxide (CO2);4210000;kg
2012;10998;Draka Interfoam;Hillegom;Kooldioxide (CO2);823643;kg
2012;11024;Cabot B.V.;Botlek Rotterdam;Kooldioxide (CO2);240769953;kg
2012;11034;Dossche Mils NV;Rotterdam;Kooldioxide (CO2);3470000;kg
2012;11046;PURAC Biochem B.V.;Gorinchem;Kooldioxide (CO2);15091000;kg
2012;11047;Vecom Metal Treatment BV;Maassluis;Kooldioxide (CO2);470399;kg
2012;11090;Chane Terminal Botlek B.V.;Botlek Rotterdam;Kooldioxide (CO2);23404812;kg
2012;11105;Heineken Netherlands Supply B.V., brouwerij Zoeterwoude;Zoeterwoude;Kooldioxide (CO2);51924954;kg
2012;11111;Ashland Industries Nederland B.V.;Zwijndrecht;Kooldioxide (CO2);23257568;kg
2012;11230;Damen Verolme BV;Botlek Rotterdam;Kooldioxide (CO2);12506563;kg
2012;11235;RZB Holding BV;Rotterdam;Kooldioxide (CO2);105997;kg
2012;11366;LANXESS Rotterdam Botlek;Botlek Rotterdam;Kooldioxide (CO2);95374980;kg
2012;11413;Damen Ship Repair Rotterdam (locatie Pernis);Pernis Rotterdam;Kooldioxide (CO2);591638;kg
2012;11532;Coatinc Alblasserdam BV;Alblasserdam;Kooldioxide (CO2);2316000;kg
2012;11658;Farm Frites BV;Oudenhoorn;Kooldioxide (CO2);29633599;kg
2012;12134;Archer Daniels Midland Europoort BV (ADM);Europoort Rotterdam;Kooldioxide (CO2);187700000;kg
2012;12135;ExxonMobil Chemical Holland BV (ROP van RPI);Europoort Rotterdam;Kooldioxide (CO2);57441000;kg
2012;12147;E.ON Warmte Station Galileistraat;Rotterdam;Kooldioxide (CO2);420213190;kg
2012;12149;Uniper Benelux NV (Maasvlakte);Maasvlakte Rotterdam;Kooldioxide (CO2);6997307890;kg
2012;12150;Uniper Centrale RoCa;Rotterdam;Kooldioxide (CO2);443383493;kg
2012;12151;Uniper HWC Blekerstraat;Rotterdam;Kooldioxide (CO2);42000;kg
2012;12152;Uniper HWC Delftsevaart;Rotterdam;Kooldioxide (CO2);13910011;kg
2012;12157;HVC ZVI B.V.;Dordrecht;Kooldioxide (CO2);9562790;kg
2012;12158;HVC Slibverbrandingsinstallatie;Dordrecht;Kooldioxide (CO2);116000000;kg
2012;12160;Chane Terminal Geulhaven B.V.;Botlek Rotterdam;Kooldioxide (CO2);0;kg
2012;12162;Evos Rotterdam B.V.;Europoort Rotterdam;Kooldioxide (CO2);11322078;kg
2012;12163;EPS BV;Hendrik-Ido-Ambacht;Kooldioxide (CO2);470760;kg
2012;12167;UZIMET BV;Rijswijk;Kooldioxide (CO2);679345;kg
2012;12168;INV NYLON CHEMICALS NETHERLANDS B.V.;Botlek Rotterdam;Kooldioxide (CO2);5436243;kg
2012;12170;FrieslandCampina Maasdam;Maasdam;Kooldioxide (CO2);4942193;kg
2012;12171;Zuivelfabriek De Graafstroom;Bleskensgraaf Ca;Kooldioxide (CO2);3500000;kg
2012;12172;Promelca B.V. (Gorinchem);Gorinchem;Kooldioxide (CO2);31022495;kg
2012;12174;Ducor Petrochemicals B.V.;Botlek Rotterdam;Kooldioxide (CO2);4115000;kg
2012;12175;Air Liquide Industrie BV;Botlek Rotterdam;Kooldioxide (CO2);283300000;kg
2012;12177;VPR Energy B.V.;Europoort Rotterdam;Kooldioxide (CO2);118354685;kg
2012;19004;ExxonMobil Chemical Holland BV (RPP van RPI);Botlek Rotterdam;Kooldioxide (CO2);37815000;kg
2012;19048;Refresco Benelux BV;Bodegraven;Kooldioxide (CO2);4115000;kg
2012;19070;Indorama Ventures Europe BV;Europoort Rotterdam;Kooldioxide (CO2);181752508;kg
2012;19071;Shin-Etsu PVC BV (VCM Botlek);Botlek Rotterdam;Kooldioxide (CO2);101561798;kg
2012;19072;FrieslandCampina Nederland B.V.;Noordwijk;Kooldioxide (CO2);1980000;kg
2012;19073;Westlake Epoxy B.V.;Vondelingenplaat Rotterdam;Kooldioxide (CO2);37583601;kg
2012;21010;Sonneborn Refined Products BV (Amsterdam);Amsterdam;Kooldioxide (CO2);24660011;kg
2012;21011;Rütgers Resins B.V.;Uithoorn;Kooldioxide (CO2);24676000;kg
2012;21101;Ketjen Netherlands BV;Amsterdam;Kooldioxide (CO2);63440909;kg
2012;21102;ICL FERTILIZERS EUROPE C.V.;Amsterdam;Kooldioxide (CO2);3683600;kg
2012;21301;LANXESS Manufacturing Netherlands BV;Amsterdam;Kooldioxide (CO2);3881562;kg
2012;21302;Abbott Healthcare Products BV (Weesp);Weesp;Kooldioxide (CO2);14528177;kg
2012;21304;Givaudan Nederland B.V. (Naarden);Naarden;Kooldioxide (CO2);6151850;kg
2012;21403;Norit Nederland BV (Zaandam);Zaandam;Kooldioxide (CO2);38519938;kg
2012;21507;MAIN BV;Amsterdam;Kooldioxide (CO2);1280000;kg
2012;21528;N.V. Nederlandse Gasunie (Wieringermeer);Middenmeer;Kooldioxide (CO2);5835382;kg
2012;21529;Gasunie Transport Services B.V.;Heemskerk;Kooldioxide (CO2);5311283;kg
2012;21530;OQ Chemicals Nederland BV;Amsterdam;Kooldioxide (CO2);3366000;kg
2012;22006;FrieslandCampina Nederland B.V. Lutjewinkel;Lutjewinkel;Kooldioxide (CO2);6570000;kg
2012;22008;Kaptein PCF;Oosthuizen;Kooldioxide (CO2);571950;kg
2012;22012;CONO Kaasmakers (Middenbeemster);Westbeemster;Kooldioxide (CO2);7406169;kg
2012;22102;Bunge Loders Croklaan Worrmerveer;Wormerveer;Kooldioxide (CO2);20242500;kg
2012;22201;Olam Cocoa BV;Koog aan de Zaan;Kooldioxide (CO2);29085000;kg
2012;22602;Tate & Lyle Netherlands BV;Koog aan de Zaan;Kooldioxide (CO2);78428729;kg
2012;22617;Bunge Netherlands BV;Amsterdam;Kooldioxide (CO2);51975000;kg
2012;22626;Cargill BV (Multiseed);Amsterdam;Kooldioxide (CO2);23547796;kg
2012;23301;Tata Steel IJmuiden BV;Velsen-Noord;Kooldioxide (CO2);5978493473;kg
2012;24000;Vattenfall Power Generation B.V. (Hemweg);Amsterdam;Kooldioxide (CO2);3587517481;kg
2012;24002;Vattenfall Power Generation B.V. (Diemen);Diemen;Kooldioxide (CO2);651312276;kg
2012;24003;Vattenfall Power Generation B.V. (Velsen);Velsen-Noord;Kooldioxide (CO2);4467331921;kg
2012;24007;Nuon Power Generation BV Purmerend WKC;Purmerend;Kooldioxide (CO2);114518823;kg
2012;24302;Crown van Gelder International B.V.;Velsen-Noord;Kooldioxide (CO2);141980207;kg
2012;24605;Forbo Flooring BV;Assendelft;Kooldioxide (CO2);14539649;kg
2012;24606;BN International BV;Huizen;Kooldioxide (CO2);8866700;kg
2012;28070;Alpha Assembly Solutions Netherlands BV;Naarden;Kooldioxide (CO2);1160000;kg
2012;28072;Quaker Chemical B.V. (A Quaker Houghton Company);Uithoorn;Kooldioxide (CO2);2340570;kg
2012;28085;AEB Amsterdam;Amsterdam;Kooldioxide (CO2);1319456453;kg
2012;28091;HVC N.V.;Alkmaar;Kooldioxide (CO2);886358000;kg
2012;28094;Linde Gas IJmuiden;Velsen-Noord;Kooldioxide (CO2);2612000;kg
2012;28097;A-ware Zaandam BV;Zaandam;Kooldioxide (CO2);594000;kg
2012;28098;FrieslandCampina Limmen (Ecomel);Limmen;Kooldioxide (CO2);664000;kg
2012;28175;Waeles Nederland BV;Nieuw-Vennep;Kooldioxide (CO2);240175;kg
2012;28176;Vattenfall Power Generation B.V. (IJmond 1);Velsen-Noord;Kooldioxide (CO2);1867564257;kg
2012;28177;Shipdock BV;Amsterdam;Kooldioxide (CO2);173000;kg
2012;31311;CARBOGEN AMCIS B.V.;Veenendaal;Kooldioxide (CO2);3560000;kg
2012;32920;Westfort Oudewater;Oudewater;Kooldioxide (CO2);546958;kg
2012;33104;Trivium Aluminium Packaging Netherlands B.V.;Veenendaal;Kooldioxide (CO2);6538762;kg
2012;34303;Remia CV;Den Dolder;Kooldioxide (CO2);4790000;kg
2012;34406;Biegelaar B.V.;Maarssen;Kooldioxide (CO2);4586057;kg
2012;38002;Stichting AL-terrein;Bilthoven;Kooldioxide (CO2);15833500;kg
2012;39103;Koninklijke ERU Kaasfabriek B.V.;Woerden;Kooldioxide (CO2);497866;kg
2012;39105;Vrumona;Bunnik;Kooldioxide (CO2);5465340;kg
2012;41003;Shell Nederland Chemie BV (Moerdijk);Moerdijk;Kooldioxide (CO2);2497505710;kg
2012;41101;SABIC Innovative Plastics BV;Bergen op Zoom;Kooldioxide (CO2);433553893;kg
2012;41102;Allnex Netherlands B.V.;Bergen op Zoom;Kooldioxide (CO2);12349500;kg
2012;41103;Synthos Breda BV;Breda;Kooldioxide (CO2);7255154;kg
2012;41106;IFF Nederland BV;Tilburg;Kooldioxide (CO2);8043000;kg
2012;41108;Caldic Chemie Produktie BV;Zevenbergen;Kooldioxide (CO2);8438834;kg
2012;41113;BEWI RAW BV;Etten-Leur;Kooldioxide (CO2);6560378;kg
2012;41307;Aspen Oss B.V.;Oss;Kooldioxide (CO2);27604000;kg
2012;41402;Trobas Gelatine B.V.;Dongen;Kooldioxide (CO2);7886711;kg
2012;41428;Covestro (Netherlands) B.V., vestiging Waalwijk;Waalwijk;Kooldioxide (CO2);5332000;kg
2012;41502;Ravenstein;Ravenstein;Kooldioxide (CO2);17151029;kg
2012;41521;Afvalstoffen Terminal Moerdijk BV (ATM);Moerdijk;Kooldioxide (CO2);260713275;kg
2012;42022;Nutricia Cuijk B.V.;Cuijk;Kooldioxide (CO2);9660913;kg
2012;42034;FrieslandCampina DMV B.V.;Veghel;Kooldioxide (CO2);122024000;kg
2012;42206;Mars Nederland BV;Veghel;Kooldioxide (CO2);13806000;kg
2012;42310;Cosun Beet Company-Dinteloord;Dinteloord;Kooldioxide (CO2);118126000;kg
2012;42408;Swinkels Family Brewers N.V.;Lieshout;Kooldioxide (CO2);55779334;kg
2012;42629;Cargill BV;Bergen op Zoom;Kooldioxide (CO2);65518379;kg
2012;42823;Zwanenberg Food Oss b.v.;Oss;Kooldioxide (CO2);13569000;kg
2012;42834;Rendac Son BV;Son en Breugel;Kooldioxide (CO2);59938714;kg
2012;43002;Mannesmann Precision Tubes Netherlands BV;Helmond;Kooldioxide (CO2);2224769;kg
2012;43003;Tata Steel Nederland Tubes BV locatie Oosterhout;Oosterhout;Kooldioxide (CO2);3470300;kg
2012;43013;Nyrstar Budel BV;Budel-Dorplein;Kooldioxide (CO2);48288960;kg
2012;43205;Coatinc West Brabant BV;Oudenbosch;Kooldioxide (CO2);263000;kg
2012;43210;Aalberts Surface Technologies BV;Eindhoven;Kooldioxide (CO2);681462;kg
2012;43216;SPGPrints;Boxmeer;Kooldioxide (CO2);4201561;kg
2012;43403;DAF Trucks N.V.;Eindhoven;Kooldioxide (CO2);29536900;kg
2012;43513;LDM b.v.;Drunen;Kooldioxide (CO2);1657780;kg
2012;43856;Hydro Extrusion Drunen;Drunen;Kooldioxide (CO2);11210957;kg
2012;43869;Efté Coating BV;Eindhoven;Kooldioxide (CO2);805504;kg
2012;44004;Amer Centrale;Geertruidenberg;Kooldioxide (CO2);5774777700;kg
2012;44006;RWZI Oijen (Waterschap Aa en Maas);Oijen;Kooldioxide (CO2);6850180;kg
2012;44007;PreZero Energy Roosendaal B.V.;Roosendaal;Kooldioxide (CO2);326668696;kg
2012;44008;Ennatuurlijk BV, WKC Helmond;Helmond;Kooldioxide (CO2);65240000;kg
2012;44009;BV Afvalverbranding Zuid Nederland (AZN);Moerdijk;Kooldioxide (CO2);915192000;kg
2012;44162;Vlisco Netherlands BV;Helmond;Kooldioxide (CO2);34263946;kg
2012;44709;Steenfabriek Engels Oeffelt BV;Oeffelt;Kooldioxide (CO2);9614769;kg
2012;44772;Ardagh Glass Dongen BV;Dongen;Kooldioxide (CO2);95336460;kg
2012;44773;Saint Gobain Construction Products NL BV;Etten-Leur;Kooldioxide (CO2);40920194;kg
2012;45669;Caligen Europe BV;Breda;Kooldioxide (CO2);285480;kg
2012;47001;Slibverwerking Noord-Brabant NV;Moerdijk;Kooldioxide (CO2);156335000;kg
2012;48002;Unipol Holland BV;Oss;Kooldioxide (CO2);3614050;kg
2012;48018;FUJIFILM Manufacturing Europe B.V.;Tilburg;Kooldioxide (CO2);43501086;kg
2012;48022;Dr. W. Kolb Nederland BV;Klundert;Kooldioxide (CO2);2757036;kg
2012;48023;FrieslandCampina Rijkevoort (Holland Cheese);Rijkevoort;Kooldioxide (CO2);8302000;kg
2012;48024;Essity Operations Cuijk B.V.;Katwijk NB;Kooldioxide (CO2);20181768;kg
2012;48029;FrieslandCampina Eindhoven (Consumer Products Europe);Eindhoven;Kooldioxide (CO2);4578500;kg
2012;48031;FrieslandCampina Butter & Milkpowder - Den Bosch;'s-Hertogenbosch;Kooldioxide (CO2);3375200;kg
2012;48051;KBM Master Alloys BV (Oss);Oss;Kooldioxide (CO2);996713;kg
2012;48054;Van Swaay Duurzaam Hout Schijndel;Schijndel;Kooldioxide (CO2);318000;kg
2012;48072;Essent WKC 's-Hertogenbosch;'s-Hertogenbosch;Kooldioxide (CO2);6142000;kg
2012;48073;Nedzink BV;Budel-Dorplein;Kooldioxide (CO2);1244000;kg
2012;48082;Ennatuurlijk BV, PS Breda;Breda;Kooldioxide (CO2);1188000;kg
2012;48083;WKC Bergen op Zoom;Bergen op Zoom;Kooldioxide (CO2);0;kg
2012;48084;Ennatuurlijk BV, WKC Eindhoven;Eindhoven;Kooldioxide (CO2);42514000;kg
2012;48087;Proviande Beef;Someren;Kooldioxide (CO2);611141;kg
2012;48147;Van Oerle Alberton BV (Boxtel);Boxtel;Kooldioxide (CO2);1838907;kg
2012;48177;Peka Kroef B.V. Odiliapeel;Odiliapeel;Kooldioxide (CO2);26928364;kg
2012;49006;WKC Moerdijk;Moerdijk;Kooldioxide (CO2);520307920;kg
2012;49010;Basell Benelux B.V.;Moerdijk;Kooldioxide (CO2);9917000;kg
2012;49013;Ardagh Glass Moerdijk BV;Moerdijk;Kooldioxide (CO2);68493275;kg
2012;49016;BECC B.V.;Katwijk NB;Kooldioxide (CO2);76098000;kg
2012;49017;Merck Sharp & Dohme B.V.;Oss;Kooldioxide (CO2);5104000;kg
2012;49026;Attero B.V. locatie Tilburg (Spinder);Tilburg;Kooldioxide (CO2);6014583;kg
2012;49027;FrieslandCampina Nuenen;Nuenen;Kooldioxide (CO2);1000600;kg
2012;49033;Agristo Tilburg BV;Tilburg;Kooldioxide (CO2);24090000;kg
2012;51101;Synthomer Middelburg BV;Middelburg;Kooldioxide (CO2);55778202;kg
2012;51102;Rosier Nederland B.V.;Sas Van GEnt;Kooldioxide (CO2);19900821;kg
2012;51104;Dow Benelux BV (Hoek);Hoek;Kooldioxide (CO2);2858370718;kg
2012;51105;YARA Sluiskil BV;Sluiskil;Kooldioxide (CO2);2479781902;kg
2012;51107;ARKEMA B.V. location Vlissingen;Vlissingen;Kooldioxide (CO2);4616037;kg
2012;51404;ICL-IP Terneuzen BV;Terneuzen;Kooldioxide (CO2);18417200;kg
2012;51501;Zeeland Refinery N.V.;Nieuwdorp;Kooldioxide (CO2);1479859152;kg
2012;52612;Cargill Benelux BV;Sas Van GEnt;Kooldioxide (CO2);247640733;kg
2012;52615;Koninklijke Zeelandia;Zierikzee;Kooldioxide (CO2);1813977;kg
2012;53129;Damen Schelde Naval Shipbuilding B.V. en Damen Shiprepair Vlissingen B.V.;Ritthem;Kooldioxide (CO2);1258834;kg
2012;53504;Zeeland Aluminium Company (Zalco BV);Vlissingen;Kooldioxide (CO2);512696;kg
2012;54001;EPZ NV (Conventional Operations);Borssele;Kooldioxide (CO2);2362677523;kg
2012;56118;Stepan Nederland BV;Ritthem;Kooldioxide (CO2);1611982;kg
2012;56119;Decontamination Services BV;Ritthem;Kooldioxide (CO2);20454812;kg
2012;56121;ThermPhos International BV;Ritthem;Kooldioxide (CO2);146007220;kg
2012;56123;Stortplaats Koegorspolder BV (OLAZ);Terneuzen;Kooldioxide (CO2);1911510;kg
2012;56125;Stortplaats Noord- en Midden-Zeeland BV (OLAZ);Nieuwdorp;Kooldioxide (CO2);11272892;kg
2012;61213;PPG Coatings B.V.;Tiel;Kooldioxide (CO2);48310;kg
2012;61407;SABA Dinxperlo BV;Dinxperlo;Kooldioxide (CO2);444733;kg
2012;61411;Sonac Vuren BV;Vuren;Kooldioxide (CO2);28485000;kg
2012;61418;SACHEM Europe BV;Zaltbommel;Kooldioxide (CO2);3600306;kg
2012;61424;Veolia Industriediensten BV;Arnhem;Kooldioxide (CO2);94492375;kg
2012;61436;Givaudan Nederland BV (Barneveld);Barneveld;Kooldioxide (CO2);3581300;kg
2012;61517;Gasunie Zweekhorst;Zevenaar;Kooldioxide (CO2);17850449;kg
2012;62009;FrieslandCampina Butter&Milkpowder (Lochem);Lochem;Kooldioxide (CO2);42769400;kg
2012;62010;Nestlé Nederland BV (Nunspeet);Nunspeet;Kooldioxide (CO2);14566600;kg
2012;62013;FrieslandCampina Steenderen;Steenderen;Kooldioxide (CO2);4830000;kg
2012;62025;FrieslandCampina (Borculo);Borculo;Kooldioxide (CO2);62125672;kg
2012;62031;Arla Foods BV;Nijkerk;Kooldioxide (CO2);12129788;kg
2012;62406;Riedel BV;Ede;Kooldioxide (CO2);3400867;kg
2012;62512;Struik Foods Netherlands;Nijkerk;Kooldioxide (CO2);5608422;kg
2012;62806;VION Apeldoorn b.v.;Apeldoorn;Kooldioxide (CO2);2339120;kg
2012;62925;Aviko BV;Steenderen;Kooldioxide (CO2);63318000;kg
2012;63012;KME Netherlands B.V.;Zutphen;Kooldioxide (CO2);5321290;kg
2012;63363;Bodewes Binnenvaart BV;Millingen aan de Rijn;Kooldioxide (CO2);142478;kg
2012;63365;Scheepswerf Gelria BV;Nijmegen;Kooldioxide (CO2);136925;kg
2012;63399;Scheepswerf De Hoop BV;Tolkamer;Kooldioxide (CO2);351314;kg
2012;63504;Gieterij Doesburg BV;Doesburg;Kooldioxide (CO2);2062735;kg
2012;63505;Vulcanus Castings BV;Doetinchem;Kooldioxide (CO2);8439245;kg
2012;63508;Nijmeegsche IJzergieterij BV;Nijmegen;Kooldioxide (CO2);2371519;kg
2012;63509;LF Casting B.V.;Terborg;Kooldioxide (CO2);1419914;kg
2012;63601;Hydro Extrusion Harderwijk;Harderwijk;Kooldioxide (CO2);5611486;kg
2012;63643;Veco B.V.;Eerbeek;Kooldioxide (CO2);869000;kg
2012;64001;Centrale Gelderland;Nijmegen;Kooldioxide (CO2);2331177000;kg
2012;64004;AVR Afvalverwerking BV (Duiven);Duiven;Kooldioxide (CO2);647014000;kg
2012;64005;ARN B.V.;Weurt;Kooldioxide (CO2);334546223;kg
2012;64134;Sonac Loenen BV;Loenen;Kooldioxide (CO2);4113000;kg
2012;64304;Papierfabriek Doetinchem bv;Doetinchem;Kooldioxide (CO2);30861197;kg
2012;64308;Sappi Nijmegen BV/InnovioPapers;Nijmegen;Kooldioxide (CO2);64346000;kg
2012;64335;DS Smith De Hoop B.V.;Eerbeek;Kooldioxide (CO2);203172420;kg
2012;64345;Folding Boxboard Eerbeek bv;Eerbeek;Kooldioxide (CO2);59722234;kg
2012;64354;VHP Security Paper B.V.;Ugchelen;Kooldioxide (CO2);6151000;kg
2012;64360;Smurfit Westrock Parenco B.V.;Renkum;Kooldioxide (CO2);271264296;kg
2012;64633;Aquinos BV (Kesteren);Kesteren;Kooldioxide (CO2);2139807;kg
2012;64701;Steenfabriek De Rijswaard BV;Aalst;Kooldioxide (CO2);24816000;kg
2012;64703;B.V. Steenfabriek Huissenswaard;Angeren;Kooldioxide (CO2);12980819;kg
2012;64713;Wienerberger Steenfabriek Schipperswaard;Echteld;Kooldioxide (CO2);6476000;kg
2012;64715;Wienerberger BV Steenfabriek Erlecom;Erlecom;Kooldioxide (CO2);10552000;kg
2012;64718;Rodruza Steenfabriek de Zandberg;Gendt;Kooldioxide (CO2);13397000;kg
2012;64719;Wienerberger Steenfabriek Haaften;Haaften;Kooldioxide (CO2);10232000;kg
2012;64725;Wienerberger Steenfabriek Heteren;Heteren;Kooldioxide (CO2);7472000;kg
2012;64735;AGC Flatglass Nederland BV;Tiel;Kooldioxide (CO2);56543026;kg
2012;64739;Wienerberger Steenfabriek Doorwerth;Doorwerth;Kooldioxide (CO2);4000;kg
2012;64740;Wienerberger Steenfabriek Wolfswaard;Opheusden;Kooldioxide (CO2);7174000;kg
2012;64741;Wienerberger Steenfabriek Kijfwaard Oost;Pannerden;Kooldioxide (CO2);9092000;kg
2012;64744;Steenfabriek Rossum B.V.;Rossum;Kooldioxide (CO2);10100000;kg
2012;64749;Steenfabriek Tolkamer BV;Tolkamer;Kooldioxide (CO2);32438000;kg
2012;64759;Steenfabriek Zennewijnen;Zennewijnen;Kooldioxide (CO2);7255000;kg
2012;65735;Steenfabriek Vogelensangh B.V.;Deest;Kooldioxide (CO2);3110000;kg
2012;65777;Wienerberger Steenfabriek Kijfwaard West;Pannerden;Kooldioxide (CO2);20815000;kg
2012;66001;Sibelco Winterswijk;Winterswijk;Kooldioxide (CO2);4183403;kg
2012;66201;Coldenhove Paper B.V.;Eerbeek;Kooldioxide (CO2);10050350;kg
2012;66206;TANATEX Chemicals BV;Ede;Kooldioxide (CO2);728492;kg
2012;66220;Smart Packaging Solutions B.V.;Loenen;Kooldioxide (CO2);12848648;kg
2012;66224;Wienerberger Dakpannenfabriek Narvik Deest;Deest;Kooldioxide (CO2);8117000;kg
2012;66239;Mead Johnson B.V.;Nijmegen;Kooldioxide (CO2);6856804;kg
2012;66248;Loparex BV;Apeldoorn;Kooldioxide (CO2);6828000;kg
2012;66253;Stichting Mestverwerking Gelderland SMG (KGBI Stroe);Stroe;Kooldioxide (CO2);2595690;kg
2012;66321;Minnewit BV (Berkelcentrale);Borculo;Kooldioxide (CO2);342000;kg
2012;66323;Stichting Mestverwerking Gelderland SMG (KGBI Ede);Ede;Kooldioxide (CO2);2386670;kg
2012;66325;Stichting Mestverwerking Gelderland SMG (KGBI Elspeet);Elspeet;Kooldioxide (CO2);2259310;kg
2012;66326;Stichting Mestverwerking Gelderland SMG (KGBI Putten);Putten;Kooldioxide (CO2);2814880;kg
2012;66355;PFW Aroma ingredients bv;Barneveld;Kooldioxide (CO2);1100000;kg
2012;69033;Vika BV;Ede;Kooldioxide (CO2);2045254;kg
2012;71102;KLK Kolb Specialties B.V.;Delden;Kooldioxide (CO2);5431000;kg
2012;71103;Nouryon Functional Chemicals;Deventer;Kooldioxide (CO2);8736462;kg
2012;71105;Nobian Chemicals BV (Hengelo);Hengelo;Kooldioxide (CO2);264522326;kg
2012;71514;Gasunie Vilsteren / Ommen;Vilsteren;Kooldioxide (CO2);26940682;kg
2012;72016;Royal Lactalis Leerdammer BV (Dalfsen);Dalfsen;Kooldioxide (CO2);5338731;kg
2012;72024;Ausnutria Kampen BV;Kampen;Kooldioxide (CO2);13921877;kg
2012;72027;Ausnutria Ommen B.V.;Ommen;Kooldioxide (CO2);3620000;kg
2012;73224;BC Components Zwolle BV;Zwolle;Kooldioxide (CO2);2090000;kg
2012;73239;Scania Production Zwolle BV;Zwolle;Kooldioxide (CO2);2080000;kg
2012;73642;Thales Nederland BV;Hengelo;Kooldioxide (CO2);3830000;kg
2012;74003;Centrale Harculo;Zwolle;Kooldioxide (CO2);1650997;kg
2012;74005;Ennatuurlijk BV, WKC Enschede;Enschede;Kooldioxide (CO2);30369000;kg
2012;74120;Ten Cate Protect B.V.;Nijverdal;Kooldioxide (CO2);2404031;kg
2012;74154;TenCate Outdoor Fabrics BV;Nijverdal;Kooldioxide (CO2);3139000;kg
2012;74321;SARPI Netherlands B.V.;Almelo;Kooldioxide (CO2);465844;kg
2012;75305;locatie Boeldershoek;Hengelo;Kooldioxide (CO2);835210880;kg
2012;75315;locatie Elhorst Vloedbelt;Zenderen;Kooldioxide (CO2);707733;kg
2012;75331;Zwanenberg Food Group B.V.;Almelo;Kooldioxide (CO2);2870000;kg
2012;75342;FrieslandCampina Balkbrug;Balkbrug;Kooldioxide (CO2);9906000;kg
2012;75349;CZ Rouveen kaasspecialiteiten;Rouveen;Kooldioxide (CO2);1790000;kg
2012;81104;DOC Kaas (Zuivelfabriek);Hoogeveen;Kooldioxide (CO2);15992241;kg
2012;81202;AOC Nederland BV (Schoonebeek);Zandpol;Kooldioxide (CO2);4986000;kg
2012;82002;FrieslandCampina Domo B.V. (Beilen);Beilen;Kooldioxide (CO2);50673989;kg
2012;82603;Avebe u.a. (Gasselternijveen);Gasselternijveen;Kooldioxide (CO2);84750340;kg
2012;83501;2 RG;Klazienaveen;Kooldioxide (CO2);5757372;kg
2012;84808;SOLIDUS SOLUTIONS Board B.V. Coevorden;Coevorden;Kooldioxide (CO2);19237622;kg
2012;84999;FrieslandCampina Kievit (Meppel);Meppel;Kooldioxide (CO2);20488711;kg
2012;85002;Attero BV;Wijster;Kooldioxide (CO2);503528813;kg
2012;85003;Envalior Engineering Materials B.V.;Emmen;Kooldioxide (CO2);4780000;kg
2012;91505;N.V. Nederlandse Gasunie - compressorstation Aldeboarn;Aldeboarn;Kooldioxide (CO2);10367620;kg
2012;92001;FrieslandCampina Cheese Gerkesklooster;Gerkesklooster;Kooldioxide (CO2);18741123;kg
2012;92004;Hochwald Foods Nederland BV;Bolsward;Kooldioxide (CO2);6904729;kg
2012;92008;Phoenix BV;Scharsterbrug;Kooldioxide (CO2);15879799;kg
2012;92012;FrieslandCampina (Leeuwarden);Leeuwarden;Kooldioxide (CO2);60195572;kg
2012;92015;FrieslandCampina Dronrijp;Dronryp;Kooldioxide (CO2);7840000;kg
2012;92030;FrieslandCampina (Workum);Workum;Kooldioxide (CO2);21247400;kg
2012;92615;Sonac Burgum BV;Sumar;Kooldioxide (CO2);42503090;kg
2012;93604;Nederlandse Onttinningsfabriek BV;Leeuwarden;Kooldioxide (CO2);1380000;kg
2012;94003;Centrale Bergum;Burgum;Kooldioxide (CO2);8353886;kg
2012;94301;Huhtamaki Nederland B.V.;Franeker;Kooldioxide (CO2);13130057;kg
2012;94304;SCA Hygiene Products BV (Suameer);Sumar;Kooldioxide (CO2);2337315;kg
2012;94706;BASF Nederland B.V.;Heerenveen;Kooldioxide (CO2);10080000;kg
2012;95003;Lamb Weston / Meyer VOF (Klooster Lidlum);Klooster Lidlum;Kooldioxide (CO2);14801696;kg
2012;101103;BioMCN B.V.;Farmsum;Kooldioxide (CO2);277052775;kg
2012;101104;Dow Benelux B.V.;Delfzijl;Kooldioxide (CO2);7928616;kg
2012;101105;P.Q. Silicas B.V.;Winschoten;Kooldioxide (CO2);13573000;kg
2012;101108;Qemetica NL Silica bv;Delfzijl;Kooldioxide (CO2);34672000;kg
2012;101403;Reym Delfzijl;Delfzijl;Kooldioxide (CO2);3075319;kg
2012;101404;Delamine B.V.;Farmsum;Kooldioxide (CO2);1464950;kg
2012;101405;Electric Glass Fiber NL, B.V.;Westerbroek;Kooldioxide (CO2);39357243;kg
2012;101407;Zeolyst CV;Farmsum;Kooldioxide (CO2);3323000;kg
2012;101408;Nedmag B.V.;Veendam;Kooldioxide (CO2);93152196;kg
2012;101515;Gasunie Transport Services B.V. - compressorstation Spijk;Eemshaven;Kooldioxide (CO2);10216408;kg
2012;102001;FrieslandCampina Nederland B.V.;Bedum;Kooldioxide (CO2);27490638;kg
2012;102008;Plixxent B.V.;Foxhol;Kooldioxide (CO2);140524;kg
2012;102302;Cosun Beet Company-Vierverlaten;Groningen;Kooldioxide (CO2);110672000;kg
2012;102620;Coöperatie AVEBE U.A.;Ter Apelkanaal;Kooldioxide (CO2);115562358;kg
2012;102621;Avebe u.a. (Foxhol);Foxhol;Kooldioxide (CO2);28101443;kg
2012;103009;KBM Master Alloys B.V.;Delfzijl;Kooldioxide (CO2);3766241;kg
2012;103010;DAMCO Aluminium Delfzijl Coöperatie U.A.;Farmsum;Kooldioxide (CO2);134111864;kg
2012;104001;ENGIE Energie Nederland NV;Eemshaven;Kooldioxide (CO2);1409521000;kg
2012;104003;Delesto B.V.;Farmsum;Kooldioxide (CO2);863103000;kg
2012;104302;Solidus Solutions Board Groningen-Hoogkerk;Groningen;Kooldioxide (CO2);17437000;kg
2012;104304;Eska B.V.;Hoogezand;Kooldioxide (CO2);61763530;kg
2012;104305;Eska B.V.;Sappemeer;Kooldioxide (CO2);28439931;kg
2012;104307;Solidus Board Bad Nieuweschans B.V.;Bad Nieuweschans;Kooldioxide (CO2);36907135;kg
2012;104511;Gasunie mengstation Kootstertille (FR);Kootstertille;Kooldioxide (CO2);11826;kg
2012;104520;Ecopark De Wierde;Heerenveen;Kooldioxide (CO2);3290331;kg
2012;104521;FrieslandCampina Wolvega;Wolvega;Kooldioxide (CO2);514000;kg
2012;104527;Friese Ecologische Zuivel (Drachten);Drachten;Kooldioxide (CO2);85120;kg
2012;104710;ESD-SIC BV;Farmsum;Kooldioxide (CO2);126722053;kg
2012;104756;Steenindustrie Strating BV;Oude Pekela;Kooldioxide (CO2);6839000;kg
2012;105001;ChemCom Industries BV;Farmsum;Kooldioxide (CO2);7224100;kg
2012;105004;Teijin Aramid B.V.;Farmsum;Kooldioxide (CO2);15221499;kg
2012;105007;FrieslandCampina Nederland B.V.;Marum;Kooldioxide (CO2);10160800;kg
2012;105011;GOC Real Estate B.V. (North Refinery Refining & Trading Company);Farmsum;Kooldioxide (CO2);19147880;kg
2012;105016;Nobian Industrial Chemicals B.V. - SSC (Shared Service Center);Farmsum;Kooldioxide (CO2);3571000;kg
2012;105027;Kisuma Chemicals BV;Veendam;Kooldioxide (CO2);9747369;kg
2012;114001;Maxima-centrale;Lelystad;Kooldioxide (CO2);1725375861;kg
2012;114002;Vattenfall Power Generation B.V. (HWC Hogering/WKC Almere);Almere;Kooldioxide (CO2);114771092;kg
2012;114720;Sonac Almere BV;Almere;Kooldioxide (CO2);3743939;kg
2012;114721;Alphen;Alphen;Kooldioxide (CO2);87808;kg
2012;114722;Waterschap Noorderzijlvest - RWZI Garmerwolde;Garmerwolde;Kooldioxide (CO2);12685794;kg
2012;114723;RWZI Harderwijk;Harderwijk;Kooldioxide (CO2);7809728;kg
2012;114724;RWZI Apeldoorn;Apeldoorn;Kooldioxide (CO2);13925989;kg
2012;114725;RWZI Ede;Ede;Kooldioxide (CO2);10953809;kg
2012;114726;RWZI Nieuwgraaf (Waterschap Rijn en IJssel);Duiven;Kooldioxide (CO2);12881573;kg
2012;114727;RWZI Nijmegen (Waterschap Rivierenland);Weurt;Kooldioxide (CO2);18286405;kg
2012;114728;RWZI Nieuwveer;Breda;Kooldioxide (CO2);13188570;kg
2012;114729;RWZI Aarle-Rixtel (Waterschap Aa en Maas);Aarle-Rixtel;Kooldioxide (CO2);7752503;kg
2012;114730;RWZI Eindhoven (Waterschap De Dommel);Eindhoven;Kooldioxide (CO2);8797436;kg
2012;114731;RWZI Utrecht (Hoogheemraadschap de Stichtse Rijnlanden);Utrecht;Kooldioxide (CO2);14084283;kg
2012;114732;RWZI Venlo;Venlo;Kooldioxide (CO2);6157670;kg
2012;114733;RWZI Hoensbroek;Hoensbroek;Kooldioxide (CO2);4919844;kg
2012;114734;RWZI Enschede;Enschede;Kooldioxide (CO2);11064172;kg
2012;114735;AWZI De Groote Lucht (Hoogheemraadschap van Delfland);Vlaardingen;Kooldioxide (CO2);5434955;kg
2012;114736;RWZI Dokhaven en Slibverwerkingsinstallatie Sluisjesdijk;Rotterdam;Kooldioxide (CO2);12271403;kg
2012;114737;AWZI Kralingseveer (Hoogheemraadschap van Schieland);Capelle aan den Ijssel;Kooldioxide (CO2);10123924;kg
2012;114740;RWZI Susteren;Susteren;Kooldioxide (CO2);14104739;kg
2012;114741;RWZI Amersfoort;Amersfoort;Kooldioxide (CO2);11440237;kg
2012;114743;RWZI Dinther (Waterschap Aa en Maas);Heeswijk-Dinther;Kooldioxide (CO2);7114396;kg
2012;114744;Elsta P&U;Hoek;Kooldioxide (CO2);1503279317;kg
2012;114745;Komeco B.V.;Dronten;Kooldioxide (CO2);553371;kg
2012;114747;PeakShaver Maasvlakte;Maasvlakte Rotterdam;Kooldioxide (CO2);4169539;kg
2012;114757;Eurogen CV;Botlek Rotterdam;Kooldioxide (CO2);466001000;kg
2012;114758;Farm Dairy BV;Lelystad;Kooldioxide (CO2);1470000;kg
2012;114767;AWZI Houtrust (Hoogheemraadschap van Delfland);'s-Gravenhage;Kooldioxide (CO2);8347178;kg
2012;114785;Smilde Foods BV(Heerenveen);Heerenveen;Kooldioxide (CO2);1502000;kg
2012;114802;Renewi Smink Amersfoort;Hoogland;Kooldioxide (CO2);6050442;kg
2012;114804;Vleeswarenfabriek Persoon BV;Lisse;Kooldioxide (CO2);771000;kg
2012;114814;Recycling Kombinatie REKO B.V.;Vondelingenplaat Rotterdam;Kooldioxide (CO2);16334106;kg
2012;115036;LyondellBasell Covestro Manufacturing Maasvlakte VOF;Maasvlakte Rotterdam;Kooldioxide (CO2);10167970;kg
2012;115049;Holonite BV (Tholen);Tholen;Kooldioxide (CO2);143000;kg
2012;115050;Holonite BV (Halsteren);Halsteren;Kooldioxide (CO2);105000;kg
2012;115063;Eagle Simrax BV;Kerkrade;Kooldioxide (CO2);265000;kg
2012;115066;Trespa International BV;Weert;Kooldioxide (CO2);25067846;kg
2012;115072;Seasun;Kapelle;Kooldioxide (CO2);42204798;kg
2012;115084;SVP Productie BV - Hulpwarmtecentrale 1;Purmerend;Kooldioxide (CO2);15077437;kg
2012;115085;Enecal Energy VOF;Botlek Rotterdam;Kooldioxide (CO2);100048000;kg
2012;115087;Essent WKC Erica;Erica;Kooldioxide (CO2);7830000;kg
2012;115088;Essent WKC Klazienaveen;Klazienaveen;Kooldioxide (CO2);126000;kg
2012;115180;apt Extrusions B.V.;Roermond;Kooldioxide (CO2);3148265;kg
2012;115181;EP NL Rijnmond 1 B.V.;Vondelingenplaat Rotterdam;Kooldioxide (CO2);960530000;kg
2012;115184;RWZI Land van Cuijk (Waterschap Aa en Maas);Haps;Kooldioxide (CO2);5335589;kg
2012;115185;DOC Kaas (Zuivelpark);Hoogeveen;Kooldioxide (CO2);44351558;kg
2012;115186;Yara Vlaardingen BV;Vlaardingen;Kooldioxide (CO2);424000;kg
2012;200002;A. van de Groep en Zonen BV;Bunschoten-Spakenburg;Kooldioxide (CO2);1347200;kg
2012;200131;Hak BV;Giessen;Kooldioxide (CO2);7613285;kg
2012;200188;Kriek Poedercoaten B.V.;Alphen aan den Rijn;Kooldioxide (CO2);312764;kg
2012;200228;Gouda Refractories BV;Gouda;Kooldioxide (CO2);8045000;kg
2012;200287;Steenfabriek Engels Helden BV;Panningen;Kooldioxide (CO2);12346851;kg
2012;200292;T. Boer & zn.;Nieuwerkerk aan den Ijssel;Kooldioxide (CO2);666000;kg
2012;200312;Vloertegelfabriek Koninklijke Mosa BV;Maastricht;Kooldioxide (CO2);14174598;kg
2012;200314;Supply Point Cuijk BV;Katwijk;Kooldioxide (CO2);258006;kg
2012;200333;Wienerberger Steenfabriek Bemmel;Haalderen;Kooldioxide (CO2);5467000;kg
2012;200355;Dakpanfabriek Narvik Tegelen (Wienberger BV);Tegelen;Kooldioxide (CO2);8105000;kg
2012;200376;Wienerberger Dakpanfabriek Janssen-Dings;Tegelen;Kooldioxide (CO2);14949000;kg
2012;200377;Monier BV (Tegelen);Tegelen;Kooldioxide (CO2);10499239;kg
2012;200420;Roba Metals B.V.;Farmsum;Kooldioxide (CO2);3399108;kg
2012;200436;Afvalberging Derde Merwedehaven;Dordrecht;Kooldioxide (CO2);13840488;kg
2012;200441;Amcor Specialty Cartons Brabant BV;Bergen op Zoom;Kooldioxide (CO2);1078973;kg
2012;200450;Avri;Geldermalsen;Kooldioxide (CO2);595441;kg
2012;200464;Baggerspeciedepot IJsseloog;Dronten;Kooldioxide (CO2);414656;kg
2012;200480;Bostik Nederland B.V.;Roosendaal;Kooldioxide (CO2);843000;kg
2012;200490;LOA Deege;Klundert;Kooldioxide (CO2);339000;kg
2012;200493;Attero B.V. locatie Bergen op Zoom (Kragge);Bergen op Zoom;Kooldioxide (CO2);1978576;kg
2012;200508;Uniper HWC Bezuidenhout-West;'s-Gravenhage;Kooldioxide (CO2);11827000;kg
2012;200516;Attero B.V.  locatie Montfort;Montfort;Kooldioxide (CO2);1204036;kg
2012;200520;Attero B.V. locatie Schinnen;Schinnen;Kooldioxide (CO2);3263803;kg
2012;200522;Ennatuurlijk BV PS Tilburg;Tilburg;Kooldioxide (CO2);3828000;kg
2012;200526;Exportslachterij Clazing BV;Zevenhuizen;Kooldioxide (CO2);1305000;kg
2012;200537;Cargill Cocao Aurora;Zaandam;Kooldioxide (CO2);1582006834670580;kg
2012;200538;GMB BioEnergie Zutphen BV;Zutphen;Kooldioxide (CO2);30640000;kg
2012;200582;Südpack  Grootegast B.V.;Grootegast;Kooldioxide (CO2);1945000;kg
2012;200587;Martens Havenontvangstinstallatie Vlissingen BV;Nieuwdorp;Kooldioxide (CO2);804000;kg
2012;200606;Theo Pouw Secundaire Bouwstoffen B.V.;Eemshaven;Kooldioxide (CO2);20875756;kg
2012;200610;Radboudumc & Radboud Universiteit Nijmegen;Nijmegen;Kooldioxide (CO2);24983364;kg
2012;200618;ROVA Afvalverwerkingslocatie Bovenveld;Rheezerveen;Kooldioxide (CO2);544185;kg
2012;200640;Exportslachterij J. Gosschalk & Zn. BV;Epe;Kooldioxide (CO2);1790000;kg
2012;200664;Handelsonderneming A. Smit & Zoon BV;Amersfoort;Kooldioxide (CO2);1940925;kg
2012;200683;Theo Pouw Beheer BV;Utrecht;Kooldioxide (CO2);180752;kg
2012;200702;Renewi Nieuwegein;Nieuwegein;Kooldioxide (CO2);222602;kg
2012;200719;Wuppermann Staal Nederland BV;Moerdijk;Kooldioxide (CO2);2525040;kg
2012;201012;Renewi Nederland B.V. - Drachten-De Lier;Drachten;Kooldioxide (CO2);310909;kg
2012;201055;Attero B.V. Locatie Haps;Haps;Kooldioxide (CO2);1419528;kg
2012;201151;Enrichment Technology Nederland BV;Almelo;Kooldioxide (CO2);3030000;kg
2012;201189;Afvalverwerking Stainkoeln B.V.;Groningen;Kooldioxide (CO2);643230;kg
2012;201203;Sortiva B.V.;Alkmaar;Kooldioxide (CO2);1378972;kg
2012;201241;EMMTEC Services BV;Emmen;Kooldioxide (CO2);171285440;kg
2012;201304;BMC Moerdijk BV;Moerdijk;Kooldioxide (CO2);363327418;kg
2012;201326;Aludyne Netherlands B.V.;Oss;Kooldioxide (CO2);5940000;kg
2012;201386;EP NL Sloe Centrale B.V. (Vlissingen);Ritthem;Kooldioxide (CO2);1155239500;kg
2012;201418;Plaatijzerindustrie Apeldoorn;Apeldoorn;Kooldioxide (CO2);417400;kg
2012;201425;Afvalverwerking Vink B.V.;Barneveld;Kooldioxide (CO2);9350000;kg
2012;201503;Valtris AO Maastricht b.v. / Vynova AO Maastricht b.v.;Maastricht;Kooldioxide (CO2);3538986;kg
2012;201571;Vattenfall Warmte N.V. (HWC Duiven Westervoort);Westervoort;Kooldioxide (CO2);519868;kg
2012;201592;Galvoned B.V.;Ulft;Kooldioxide (CO2);133740;kg
2012;201596;M&R Claushuis BV;Zeewolde;Kooldioxide (CO2);76540;kg
2012;201639;Solidus Solutions Board Oude Pekela;Oude Pekela;Kooldioxide (CO2);22331118;kg
2012;201986;Eneco HWC Kanaleneiland;Utrecht;Kooldioxide (CO2);5921677;kg
2012;202159;Fokker Aerospace BV;Papendrecht;Kooldioxide (CO2);5020000;kg
2012;202214;Greif Nederland BV;Europoort Rotterdam;Kooldioxide (CO2);3286714;kg
2012;202229;Bunge Loders Croklaan Rotterdam;Maasvlakte Rotterdam;Kooldioxide (CO2);15720629;kg
2012;202268;Eneco HWC Overvecht;Utrecht;Kooldioxide (CO2);224268;kg
2012;202298;Evonik Peroxide Netherlands B.V.;Farmsum;Kooldioxide (CO2);35785100;kg
2012;202417;Compressorstation Noord Holland;Anna Paulowna;Kooldioxide (CO2);25807;kg
2012;202418;Eneco HWC Nicolaas Beetsstraat;Utrecht;Kooldioxide (CO2);1368591;kg
2012;202419;Eneco HWC Nieuwegein;Nieuwegein;Kooldioxide (CO2);28234044;kg
2012;202578;Mars Food Europe CV;Oud-Beijerland;Kooldioxide (CO2);7117000;kg
2012;202662;Pluimveeslachterij G.P. Remkes B.V.;Epe;Kooldioxide (CO2);483967;kg
2012;202746;Argent Energy;Amsterdam;Kooldioxide (CO2);37920000;kg
2012;202803;Avery Dennison Materials Nederland BV;Alphen aan den Rijn;Kooldioxide (CO2);5125780;kg
2012;202824;Eneco Merwedekanaal;Utrecht;Kooldioxide (CO2);288715645;kg
2012;202825;Eneco Lage Weide;Utrecht;Kooldioxide (CO2);500692874;kg
2012;202858;Grolsche Bierbrouwerij Nederland B.V.;Enschede;Kooldioxide (CO2);7121245;kg
2012;202863;Ruijtenberg Shipyard BV;Raamsdonksveer;Kooldioxide (CO2);0;kg
2012;202867;Vrije Universiteit Amsterdam;Amsterdam;Kooldioxide (CO2);45742000;kg
2012;202895;Lingezegen Energy B.V.;Bemmel;Kooldioxide (CO2);42026204;kg
2012;202902;GMB BioEnergie Tiel BV;Tiel;Kooldioxide (CO2);15302000;kg
2012;202903;Reterra BV;Goor;Kooldioxide (CO2);29000000;kg
2012;202926;Ulamo Coating B.V.;Ulft;Kooldioxide (CO2);1421520;kg
2012;202935;Alblasserdam Yachtbuilding B.V. (Oceanco);Alblasserdam;Kooldioxide (CO2);550000;kg
2012;202940;Scheepswerf Kooiman Hoebée BV;Dordrecht;Kooldioxide (CO2);75900;kg
2012;202962;IHC Sliedrecht Molendijk;Sliedrecht;Kooldioxide (CO2);638000;kg
2012;202990;Alco Energy Rotterdam;Europoort Rotterdam;Kooldioxide (CO2);585818000;kg
2012;202992;Viterra Botlek BV;Botlek Rotterdam;Kooldioxide (CO2);37270110;kg
2012;202999;Renewi Drachten - Stuurboord;Drachten;Kooldioxide (CO2);630956;kg
2012;203024;Boehringer Ingelheim Animal Health Operations bv;Weesp;Kooldioxide (CO2);189000;kg
2012;203155;Vattenfall Power Generation B.V. (HWC Almere Stad);Almere;Kooldioxide (CO2);4259176;kg
2012;203186;RWZI West;Amsterdam;Kooldioxide (CO2);15264868;kg
2012;203220;EEW Energy from Waste Delfzijl B.V.;Farmsum;Kooldioxide (CO2);214767680;kg
2012;203284;Steel Protection Oosterhout;Oosterhout;Kooldioxide (CO2);716000;kg
2012;203332;Brabant Alucast The Netherlands - site Heijen;Heijen;Kooldioxide (CO2);1764056;kg
2012;203346;Inter-Che-M BV;Beuningen Gld;Kooldioxide (CO2);346419;kg
2012;203411;Pergen VOF;Pernis Rotterdam;Kooldioxide (CO2);1270288309;kg
2012;203416;IHC Krimpen;Krimpen aan den Ijssel;Kooldioxide (CO2);428636;kg
2012;203438;Straalbedrijf A.J. den Breejen & Zonen BV;Dordrecht;Kooldioxide (CO2);463425;kg
2012;203493;A.C. Hartman BV;Sexbierum;Kooldioxide (CO2);32300000;kg
2012;203496;Reststoffen Energie Centrale (REC);Harlingen;Kooldioxide (CO2);282232000;kg
2012;203505;EP NL Rijnmond 2 B.V.;Vondelingenplaat Rotterdam;Kooldioxide (CO2);269360000;kg
2012;203587;Contitank B.V.;Delfzijl;Kooldioxide (CO2);466469;kg
2012;203589;Cerexagri BV;Vondelingenplaat Rotterdam;Kooldioxide (CO2);4982210;kg
2012;203590;Arkema B.V. location Rotterdam;Vondelingenplaat Rotterdam;Kooldioxide (CO2);3743764;kg
2012;203651;Dutch Advanced Polyesters Emmen B.V.;Emmen;Kooldioxide (CO2);2090000;kg
2012;203738;Fokker Landing Gear;Helmond;Kooldioxide (CO2);546000;kg
2012;203785;Neste Netherlands B.V.;Maasvlakte Rotterdam;Kooldioxide (CO2);47705000;kg
2012;203825;Linde Gas Dieren;Dieren;Kooldioxide (CO2);271122;kg
2012;203857;Agro Care Wieringermeer;Middenmeer;Kooldioxide (CO2);45019000;kg
2012;203859;Kesgro;Middenmeer;Kooldioxide (CO2);39461908;kg
2012;203860;Kwekerij De Wieringermeer;Middenmeer;Kooldioxide (CO2);52144000;kg
2012;204191;Gasunie Transport Services B.V. - compressorstation Scheemda;Scheemda;Kooldioxide (CO2);9139;kg
2012;204287;Global Food Group BV;Ospel;Kooldioxide (CO2);436000;kg
2012;204363;Vattenfall Warmte N.V. (HWC Schuytgraaf);Arnhem;Kooldioxide (CO2);170047;kg
2012;204395;Renewi Stadskanaal;Stadskanaal;Kooldioxide (CO2);958436;kg
2012;204412;PreZero Recycling Services Noord B.V.;Groningen;Kooldioxide (CO2);835883;kg
2012;204488;Cumapol Emmen B.V.;Emmen;Kooldioxide (CO2);398418;kg
2012;204522;Ondergrondse aardgasopslag Zuidwending;Veendam;Kooldioxide (CO2);6117779;kg
2012;204523;Aardgascompressorstation Wijngaarden;Wijngaarden;Kooldioxide (CO2);3170;kg
2012;204556;Waterstromen Lichtenvoorde B.V.;Lichtenvoorde;Kooldioxide (CO2);4905818;kg
2012;204561;Electrawinds GreenFuel BV;Sluiskil;Kooldioxide (CO2);2586054;kg
2012;204602;RWZI Soest;Soest;Kooldioxide (CO2);4478498;kg
2012;204609;Hoogweg Paprikakwekerijen BV;Luttelgeest;Kooldioxide (CO2);54842926;kg
2012;204654;ENECOGEN V.O.F.;Europoort Rotterdam;Kooldioxide (CO2);439081535;kg
2012;204667;Aliphos Rotterdam BV;Vlaardingen;Kooldioxide (CO2);3182752;kg
2012;204686;Royal Pride Holland;Middenmeer;Kooldioxide (CO2);66734000;kg
2012;204694;Sterling Resources Netherlands B.V.;'s-Gravenhage;Kooldioxide (CO2);1070000;kg
2012;204695;Northern Petroleum Nederland B.V.;Harlingen;Kooldioxide (CO2);1553090;kg
2012;204763;KH Dairy Sourcing BV;Coevorden;Kooldioxide (CO2);911940;kg
2012;204851;Air Products HyCO 4 (Botlekweg);Botlek Rotterdam;Kooldioxide (CO2);606150560;kg
2012;220121;Hoogheemraadschap Hollands Noorderkwartier RWZI Alkmaar;Alkmaar;Kooldioxide (CO2);3820156;kg
2012;220124;AWZI Almere;Almere;Kooldioxide (CO2);7572943;kg
2012;220129;RWZI Amstelveen (HH Amstel, Gooi en Vecht);Amstelveen;Kooldioxide (CO2);3300814;kg
2012;220131;RWZI Westpoort;Amsterdam;Kooldioxide (CO2);5675932;kg
2012;220133;RWZI Arnhem-Zuid;Arnhem;Kooldioxide (CO2);10032024;kg
2012;220136;RWZI Asten (Waterschap Aa en Maas);Heusden;Kooldioxide (CO2);2315909;kg
2012;220139;RWZI Bath;Rilland;Kooldioxide (CO2);15715629;kg
2012;220150;Hoogheemraadschap Hollands Noorderkwartier SDI/RWZI Beverwijk;Beverwijk;Kooldioxide (CO2);36040487;kg
2012;220188;Hoogheemraadschap Hollands Noorderkwartier RWZI Den Helder;Den Helder;Kooldioxide (CO2);3691870;kg
2012;220191;RWZI Deventer;Deventer;Kooldioxide (CO2);4073497;kg
2012;220200;RWZI Dongemond;Oosterhout;Kooldioxide (CO2);3897851;kg
2012;220201;RWZI Dordrecht;Dordrecht;Kooldioxide (CO2);3862352;kg
2012;220213;RWZI Elburg;Elburg;Kooldioxide (CO2);7133237;kg
2012;220217;RWZI Etten;Terborg;Kooldioxide (CO2);7577179;kg
2012;220223;Hoogheemraadschap Hollands Noorderkwartier RWZI Geestmerambacht;Warmenhuizen;Kooldioxide (CO2);42958;kg
2012;220233;RWZI Goor;Goor;Kooldioxide (CO2);1705611;kg
2012;220263;RWZI Hellevoetsluis;Hellevoetsluis;Kooldioxide (CO2);1694882;kg
2012;220264;Rioolwaterzuiveringsinstallatie Hengelo;Hengelo;Kooldioxide (CO2);6711977;kg
2012;220276;RWZI Horstermeer (HH Amstel, Gooi en Vechtstreek);Nederhorst den Berg;Kooldioxide (CO2);4175192;kg
2012;220326;AWZI Nieuwe Waterweg;Hoek Van Holland;Kooldioxide (CO2);2984751;kg
2012;220328;RWZI Nieuwegein;Nieuwegein;Kooldioxide (CO2);3074896;kg
2012;220369;RWZI Rijen;Rijen;Kooldioxide (CO2);986856;kg
2012;220376;Rioolwaterzuiveringsinstallatie (RWZI) Roermond;Roermond;Kooldioxide (CO2);3013177;kg
2012;220382;RWZI Schelluinen;Schelluinen;Kooldioxide (CO2);2495629;kg
2012;220387;RWZI Den Bosch (Waterschap Aa en Maas);'s-Hertogenbosch;Kooldioxide (CO2);8700726;kg
2012;220392;RWZI Sleeuwijk/Zuivering Sleeuwijk;Sleeuwijk;Kooldioxide (CO2);13600;kg
2012;220410;RWZI Terneuzen;Terneuzen;Kooldioxide (CO2);788000;kg
2012;220412;RWZI Terwolde;Terwolde;Kooldioxide (CO2);2781307;kg
2012;220416;RWZI Tilburg Noord;Tilburg;Kooldioxide (CO2);10454223;kg
2012;220429;RWZI Veenendaal;Overberg;Kooldioxide (CO2);3957142;kg
2012;220432;RWZI Vinkel (Waterschap Aa en Maas);Vinkel;Kooldioxide (CO2);997154;kg
2012;220443;RWZI Walcheren;Ritthem;Kooldioxide (CO2);2583930;kg
2012;220451;Hoogheemraadschap Hollands Noorderkwartier RWZI Wervershoof;Wervershoof;Kooldioxide (CO2);18769;kg
2012;220460;RWZI Willem Annapolder;Kapelle;Kooldioxide (CO2);1070000;kg
2012;220469;Hoogheemraadschap Hollands Noorderkwartier RWZI Zaandam-Oost;Zaandam;Kooldioxide (CO2);4413643;kg
2012;220478;RWZI Zutphen;Zutphen;Kooldioxide (CO2);6704981;kg
2012;220481;RWZI Zwijndrecht;Zwijndrecht;Kooldioxide (CO2);3185945;kg
2012;220482;RWZI Zwolle;Zwolle;Kooldioxide (CO2);5879728;kg
2012;220537;RWZI Harnaschpolder (Hoogheemraadschap van Delfland);Den Hoorn;Kooldioxide (CO2);26821105;kg
2013;59;Koninklijke Mosa BV Wandtegelfabriek & Vloertegelfabriek;Maastricht;Kooldioxide (CO2);20548100;kg
2013;60;Sappi Maastricht BV;Maastricht;Kooldioxide (CO2);158720635;kg
2013;62;Chemelot Site Permit BV;Geleen;Kooldioxide (CO2);4741059000;kg
2013;65;PQ Silicas BV;Eijsden;Kooldioxide (CO2);25994336;kg
2013;66;Marsna Paper B.V.;Meerssen;Kooldioxide (CO2);4558209;kg
2013;79;Steenfabriek Linssen BV;Kerkrade;Kooldioxide (CO2);2317000;kg
2013;84;BASF Nederland B.V.;Maastricht;Kooldioxide (CO2);2873448;kg
2013;90;VDL Castings Heerlen BV;Hoensbroek;Kooldioxide (CO2);16439545;kg
2013;94;Steenfabriek Gebroeders Klinkers BV;Maastricht;Kooldioxide (CO2);7588000;kg
2013;95;Vandersanden Beek BV;Beek;Kooldioxide (CO2);7139000;kg
2013;113;VDL Nedcar B.V.;Born;Kooldioxide (CO2);8109865;kg
2013;124;CRH Nuth;Nuth;Kooldioxide (CO2);4417000;kg
2013;125;Stichting Parkmanagement Wolfsweg 75;Eygelshoven;Kooldioxide (CO2);202000;kg
2013;148;ENCI BV (Maastricht);Maastricht;Kooldioxide (CO2);483953635;kg
2013;151;O-I Netherlands BV (Maastricht);Maastricht;Kooldioxide (CO2);84818557;kg
2013;159;Fenzi AGT Netherlands B.V.;Maastricht;Kooldioxide (CO2);4126784;kg
2013;166;Slachthuis Kerkrade BV;Kerkrade;Kooldioxide (CO2);282132;kg
2013;174;Tata Steel Nederland Tubes BV locatie Maastricht;Maastricht;Kooldioxide (CO2);665100;kg
2013;176;Caradon Stelrad BV;Nuth;Kooldioxide (CO2);1349225;kg
2013;325;Lawter Maastricht BV;Maastricht;Kooldioxide (CO2);2840429;kg
2013;326;Wienerberger Steenfabriek Poriso;Brunssum;Kooldioxide (CO2);15174000;kg
2013;1104;Solvay Chemie BV;Herten;Kooldioxide (CO2);2383567;kg
2013;1107;Nouryon Functional Chemicals B.V.;Herkenbosch;Kooldioxide (CO2);10603880;kg
2013;1404;DSM Pharma Chemicals Venlo BV;Venlo;Kooldioxide (CO2);5705669;kg
2013;2748;Steinzeug-Keramo BV (Belfeld);Belfeld;Kooldioxide (CO2);4692874;kg
2013;3062;Verzinkerij Van Aert BV;Nederweert;Kooldioxide (CO2);1708000;kg
2013;3066;Verzinkerij Weert BV en Electrocoat BV Weert Groep;Stramproy;Kooldioxide (CO2);3367167;kg
2013;3068;Coatinc Mook B.V.;Mook;Kooldioxide (CO2);1750000;kg
2013;3509;VDL Castings Weert BV;Weert;Kooldioxide (CO2);1204997;kg
2013;3513;MGG Netherlands BV;Tegelen;Kooldioxide (CO2);5137037;kg
2013;4001;Clauscentrale;Maasbracht;Kooldioxide (CO2);713642000;kg
2013;4301;Smurfit Westrock Roermond Paper BV;Roermond;Kooldioxide (CO2);171928000;kg
2013;4706;Kleiwarenfabriek Buggenum BV;Buggenum;Kooldioxide (CO2);4891000;kg
2013;4709;Kleiwarenfabriek Joosten Kessel BV;Kessel;Kooldioxide (CO2);6920000;kg
2013;4711;Wienerberger Steenfabriek Thorn;Thorn;Kooldioxide (CO2);6841000;kg
2013;4712;Kleiwarenfabriek Joosten Wessem BV;Wessem;Kooldioxide (CO2);7489000;kg
2013;4753;Rockwool B.V.;Roermond;Kooldioxide (CO2);120662000;kg
2013;5726;Wienerberger Steenfabriek Nuance;Afferden L;Kooldioxide (CO2);5410000;kg
2013;5727;EverZinc Nederland B.V.;Eijsden;Kooldioxide (CO2);21975298;kg
2013;5729;Celanese Production Netherlands B.V.;Geleen;Kooldioxide (CO2);1952425;kg
2013;5739;E-MAX BILLETS;Kerkrade;Kooldioxide (CO2);15390315;kg
2013;5740;WEPA Nederland B.V.;Swalmen;Kooldioxide (CO2);24341000;kg
2013;5746;Nuon Power Generation BV (Buggenum);Haelen;Kooldioxide (CO2);299513447;kg
2013;5750;FrieslandCampina Born;Born;Kooldioxide (CO2);6620000;kg
2013;5798;Janoschka Benelux B.V.;Kerkrade;Kooldioxide (CO2);266000;kg
2013;5804;PQ Nederland BV;Maastricht;Kooldioxide (CO2);11795000;kg
2013;5821;Attero B.V. locatie Landgraaf;Landgraaf;Kooldioxide (CO2);3906750;kg
2013;9003;Everris International BV;Heerlen;Kooldioxide (CO2);10660695;kg
2013;10001;Nobian Industrial Chemicals BV (Rotterdam);Botlek Rotterdam;Kooldioxide (CO2);146766645;kg
2013;10002;Nouryon Performance Formulations b.v.;Europoort Rotterdam;Kooldioxide (CO2);18500;kg
2013;10003;Synres B.V.;Hoek Van Holland;Kooldioxide (CO2);5757100;kg
2013;10004;Lyondell Chemical Nederland Ltd.;Botlek Rotterdam;Kooldioxide (CO2);129742742;kg
2013;10006;Shell Nederland Chemie BV (Pernis);Vondelingenplaat Rotterdam;Kooldioxide (CO2);41703546;kg
2013;10016;Climax Molybdenum BV;Botlek Rotterdam;Kooldioxide (CO2);9550746;kg
2013;10018;Huntsman Holland BV;Botlek Rotterdam;Kooldioxide (CO2);758000;kg
2013;10042;Kemira Rotterdam B.V. - locatie Botlek;Botlek Rotterdam;Kooldioxide (CO2);137000;kg
2013;10048;Compaxo Gouda BV;Gouda;Kooldioxide (CO2);5540000;kg
2013;10057;Shell Nederland Raffinaderij BV;Vondelingenplaat Rotterdam;Kooldioxide (CO2);4334780029;kg
2013;10058;BP Raffinaderij Rotterdam B.V.;Europoort Rotterdam;Kooldioxide (CO2);1944366000;kg
2013;10059;Gunvor Energy Rotterdam B.V. (GPR);Europoort Rotterdam;Kooldioxide (CO2);428455080;kg
2013;10061;Esso Nederland BV (Raffinaderij Rotterdam);Botlek Rotterdam;Kooldioxide (CO2);2022825929;kg
2013;10062;ExxonMobil Chemical Holland BV (RAP);Botlek Rotterdam;Kooldioxide (CO2);426592976;kg
2013;10063;AVR-Afvalverwerking;Botlek Rotterdam;Kooldioxide (CO2);1500500000;kg
2013;10064;Almatis BV;Botlek Rotterdam;Kooldioxide (CO2);19302752;kg
2013;10066;Kemira Rotterdam BV locatie Europoort;Europoort Rotterdam;Kooldioxide (CO2);7001600;kg
2013;10069;Standic BV;Dordrecht;Kooldioxide (CO2);2948563;kg
2013;10073;Tronox Pigments (Holland) BV;Botlek Rotterdam;Kooldioxide (CO2);93660056;kg
2013;10076;HVC AfvalEnergieCentrale Dordrecht;Dordrecht;Kooldioxide (CO2);325000000;kg
2013;10078;Ruigenhil Vastgoed B.V. (Nedstaal/FNSteel/Heros);Alblasserdam;Kooldioxide (CO2);44549257;kg
2013;10079;Chemours Netherlands B.V.;Dordrecht;Kooldioxide (CO2);166909539;kg
2013;10086;NV Nutricia Zoetermeer;Zoetermeer;Kooldioxide (CO2);12942500;kg
2013;10089;Prysmian Netherlands B.V.;Delft;Kooldioxide (CO2);2433510;kg
2013;10090;Avery Dennison Materials BV;Hazerswoude-Rijndijk;Kooldioxide (CO2);5339518;kg
2013;10097;SD Guthrie International Zwijndrecht Refinery B.V.;Zwijndrecht;Kooldioxide (CO2);53378000;kg
2013;10100;Bakelite Botlek Rotterdam;Botlek Rotterdam;Kooldioxide (CO2);4779000;kg
2013;10546;Lactalis Leerdammer BV (Schoonrewoerd);Schoonrewoerd;Kooldioxide (CO2);11754332;kg
2013;10590;FrieslandCampina Rotterdam;Rotterdam;Kooldioxide (CO2);2559437;kg
2013;10621;Hunter Douglas Europe BV;Rotterdam;Kooldioxide (CO2);11437780;kg
2013;10687;Biotech Campus Delft;Delft;Kooldioxide (CO2);77850831;kg
2013;10689;Air Products Nederland BV (Botlek);Botlek Rotterdam;Kooldioxide (CO2);311920992;kg
2013;10698;Cargill Bioindustrial BV;Gouda;Kooldioxide (CO2);45148301;kg
2013;10722;O-I Manufacturing Netherlands BV Schiedam;Schiedam;Kooldioxide (CO2);63210000;kg
2013;10723;O-I Netherlands BV (Leerdam);Leerdam;Kooldioxide (CO2);104324582;kg
2013;10728;Cargill Refined Oils Europe;Botlek Rotterdam;Kooldioxide (CO2);26731765;kg
2013;10733;Upfield Sourcing Nederland BV;Rotterdam;Kooldioxide (CO2);4996058;kg
2013;10789;BMI Productie Nederland BV Woerden;Woerden;Kooldioxide (CO2);707562;kg
2013;10793;Tata Steel Nederland Tubes BV locatie Zwijndrecht;Zwijndrecht;Kooldioxide (CO2);1139605;kg
2013;10829;Cosun Beet company (Puttershoek);Puttershoek;Kooldioxide (CO2);0;kg
2013;10921;Damen Shiprepair Rotterdam BV;Schiedam;Kooldioxide (CO2);589356;kg
2013;10928;Aluminium & Chemie Rotterdam B.V.;Botlek Rotterdam;Kooldioxide (CO2);220670000;kg
2013;10951;Uniper Centrale Leiden;Leiden;Kooldioxide (CO2);147029000;kg
2013;10953;Uniper Centrale Den Haag;'s-Gravenhage;Kooldioxide (CO2);157991000;kg
2013;10982;Galvanisch Bedrijf Chromolux;Rotterdam;Kooldioxide (CO2);428493;kg
2013;10983;IHC Kinderdijk;Nieuw-Lekkerland;Kooldioxide (CO2);3890000;kg
2013;10998;Draka Interfoam;Hillegom;Kooldioxide (CO2);937715;kg
2013;11024;Cabot B.V.;Botlek Rotterdam;Kooldioxide (CO2);223075425;kg
2013;11034;Dossche Mils NV;Rotterdam;Kooldioxide (CO2);3650000;kg
2013;11046;PURAC Biochem B.V.;Gorinchem;Kooldioxide (CO2);15553000;kg
2013;11047;Vecom Metal Treatment BV;Maassluis;Kooldioxide (CO2);473000;kg
2013;11090;Chane Terminal Botlek B.V.;Botlek Rotterdam;Kooldioxide (CO2);17594950;kg
2013;11105;Heineken Netherlands Supply B.V., brouwerij Zoeterwoude;Zoeterwoude;Kooldioxide (CO2);51942777;kg
2013;11111;Ashland Industries Nederland B.V.;Zwijndrecht;Kooldioxide (CO2);22370105;kg
2013;11230;Damen Verolme BV;Botlek Rotterdam;Kooldioxide (CO2);2855704;kg
2013;11366;LANXESS Rotterdam Botlek;Botlek Rotterdam;Kooldioxide (CO2);76879648;kg
2013;11413;Damen Ship Repair Rotterdam (locatie Pernis);Pernis Rotterdam;Kooldioxide (CO2);654236;kg
2013;11532;Coatinc Alblasserdam BV;Alblasserdam;Kooldioxide (CO2);2107000;kg
2013;11658;Farm Frites BV;Oudenhoorn;Kooldioxide (CO2);28171833;kg
2013;12134;Archer Daniels Midland Europoort BV (ADM);Europoort Rotterdam;Kooldioxide (CO2);174900977;kg
2013;12135;ExxonMobil Chemical Holland BV (ROP van RPI);Europoort Rotterdam;Kooldioxide (CO2);58400449;kg
2013;12147;E.ON Warmte Station Galileistraat;Rotterdam;Kooldioxide (CO2);406987575;kg
2013;12149;Uniper Benelux NV (Maasvlakte);Maasvlakte Rotterdam;Kooldioxide (CO2);7226710106;kg
2013;12150;Uniper Centrale RoCa;Rotterdam;Kooldioxide (CO2);469077954;kg
2013;12151;Uniper HWC Blekerstraat;Rotterdam;Kooldioxide (CO2);151000;kg
2013;12152;Uniper HWC Delftsevaart;Rotterdam;Kooldioxide (CO2);4922098;kg
2013;12157;HVC ZVI B.V.;Dordrecht;Kooldioxide (CO2);10596143;kg
2013;12158;HVC Slibverbrandingsinstallatie;Dordrecht;Kooldioxide (CO2);111400000;kg
2013;12162;Evos Rotterdam B.V.;Europoort Rotterdam;Kooldioxide (CO2);10946142;kg
2013;12163;EPS BV;Hendrik-Ido-Ambacht;Kooldioxide (CO2);483532;kg
2013;12166;TU Delft Warmtekrachtcentrale;Delft;Kooldioxide (CO2);18112310;kg
2013;12167;UZIMET BV;Rijswijk;Kooldioxide (CO2);688150;kg
2013;12168;INV NYLON CHEMICALS NETHERLANDS B.V.;Botlek Rotterdam;Kooldioxide (CO2);6741688;kg
2013;12170;FrieslandCampina Maasdam;Maasdam;Kooldioxide (CO2);4737489;kg
2013;12171;Zuivelfabriek De Graafstroom;Bleskensgraaf Ca;Kooldioxide (CO2);3660000;kg
2013;12172;Promelca B.V. (Gorinchem);Gorinchem;Kooldioxide (CO2);32564694;kg
2013;12174;Ducor Petrochemicals B.V.;Botlek Rotterdam;Kooldioxide (CO2);6077100;kg
2013;12175;Air Liquide Industrie BV;Botlek Rotterdam;Kooldioxide (CO2);917704000;kg
2013;12177;VPR Energy B.V.;Europoort Rotterdam;Kooldioxide (CO2);90542154;kg
2013;19004;ExxonMobil Chemical Holland BV (RPP van RPI);Botlek Rotterdam;Kooldioxide (CO2);49511000;kg
2013;19048;Refresco Benelux BV;Bodegraven;Kooldioxide (CO2);4580000;kg
2013;19070;Indorama Ventures Europe BV;Europoort Rotterdam;Kooldioxide (CO2);156560000;kg
2013;19071;Shin-Etsu PVC BV (VCM Botlek);Botlek Rotterdam;Kooldioxide (CO2);100568925;kg
2013;19072;FrieslandCampina Nederland B.V.;Noordwijk;Kooldioxide (CO2);2046613;kg
2013;19073;Westlake Epoxy B.V.;Vondelingenplaat Rotterdam;Kooldioxide (CO2);40437860;kg
2013;21010;Sonneborn Refined Products BV (Amsterdam);Amsterdam;Kooldioxide (CO2);19742032;kg
2013;21011;Rütgers Resins B.V.;Uithoorn;Kooldioxide (CO2);24383000;kg
2013;21101;Ketjen Netherlands BV;Amsterdam;Kooldioxide (CO2);62673743;kg
2013;21102;ICL FERTILIZERS EUROPE C.V.;Amsterdam;Kooldioxide (CO2);13390;kg
2013;21301;LANXESS Manufacturing Netherlands BV;Amsterdam;Kooldioxide (CO2);3562703;kg
2013;21302;Abbott Healthcare Products BV (Weesp);Weesp;Kooldioxide (CO2);14211321;kg
2013;21304;Givaudan Nederland B.V. (Naarden);Naarden;Kooldioxide (CO2);4838148;kg
2013;21403;Norit Nederland BV (Zaandam);Zaandam;Kooldioxide (CO2);38989134;kg
2013;21507;MAIN BV;Amsterdam;Kooldioxide (CO2);2410000;kg
2013;21528;N.V. Nederlandse Gasunie (Wieringermeer);Middenmeer;Kooldioxide (CO2);8253953;kg
2013;21529;Gasunie Transport Services B.V.;Heemskerk;Kooldioxide (CO2);8731998;kg
2013;21530;OQ Chemicals Nederland BV;Amsterdam;Kooldioxide (CO2);3294000;kg
2013;22006;FrieslandCampina Nederland B.V. Lutjewinkel;Lutjewinkel;Kooldioxide (CO2);6960000;kg
2013;22008;Kaptein PCF;Oosthuizen;Kooldioxide (CO2);568788;kg
2013;22012;CONO Kaasmakers (Middenbeemster);Westbeemster;Kooldioxide (CO2);7788419;kg
2013;22102;Bunge Loders Croklaan Worrmerveer;Wormerveer;Kooldioxide (CO2);19359700;kg
2013;22201;Olam Cocoa BV;Koog aan de Zaan;Kooldioxide (CO2);24838000;kg
2013;22602;Tate & Lyle Netherlands BV;Koog aan de Zaan;Kooldioxide (CO2);79465154;kg
2013;22617;Bunge Netherlands BV;Amsterdam;Kooldioxide (CO2);64994000;kg
2013;22626;Cargill BV (Multiseed);Amsterdam;Kooldioxide (CO2);29379203;kg
2013;23301;Tata Steel IJmuiden BV;Velsen-Noord;Kooldioxide (CO2);5992543000;kg
2013;24000;Vattenfall Power Generation B.V. (Hemweg);Amsterdam;Kooldioxide (CO2);4191338817;kg
2013;24002;Vattenfall Power Generation B.V. (Diemen);Diemen;Kooldioxide (CO2);1043698253;kg
2013;24003;Vattenfall Power Generation B.V. (Velsen);Velsen-Noord;Kooldioxide (CO2);3851550120;kg
2013;24007;Nuon Power Generation BV Purmerend WKC;Purmerend;Kooldioxide (CO2);107825799;kg
2013;24302;Crown van Gelder International B.V.;Velsen-Noord;Kooldioxide (CO2);142215751;kg
2013;24605;Forbo Flooring BV;Assendelft;Kooldioxide (CO2);14666429;kg
2013;24606;BN International BV;Huizen;Kooldioxide (CO2);8733700;kg
2013;28070;Alpha Assembly Solutions Netherlands BV;Naarden;Kooldioxide (CO2);1320000;kg
2013;28072;Quaker Chemical B.V. (A Quaker Houghton Company);Uithoorn;Kooldioxide (CO2);2430752;kg
2013;28085;AEB Amsterdam;Amsterdam;Kooldioxide (CO2);1318465999;kg
2013;28091;HVC N.V.;Alkmaar;Kooldioxide (CO2);836240000;kg
2013;28094;Linde Gas IJmuiden;Velsen-Noord;Kooldioxide (CO2);3185000;kg
2013;28097;A-ware Zaandam BV;Zaandam;Kooldioxide (CO2);316000;kg
2013;28098;FrieslandCampina Limmen (Ecomel);Limmen;Kooldioxide (CO2);682816;kg
2013;28175;Waeles Nederland BV;Nieuw-Vennep;Kooldioxide (CO2);270546;kg
2013;28176;Vattenfall Power Generation B.V. (IJmond 1);Velsen-Noord;Kooldioxide (CO2);2014493998;kg
2013;28177;Shipdock BV;Amsterdam;Kooldioxide (CO2);174000;kg
2013;31311;CARBOGEN AMCIS B.V.;Veenendaal;Kooldioxide (CO2);1970000;kg
2013;32920;Westfort Oudewater;Oudewater;Kooldioxide (CO2);522276;kg
2013;33104;Trivium Aluminium Packaging Netherlands B.V.;Veenendaal;Kooldioxide (CO2);6560456;kg
2013;33414;IQatalyst B.V.;De Meern;Kooldioxide (CO2);7964962;kg
2013;34303;Remia CV;Den Dolder;Kooldioxide (CO2);5080000;kg
2013;38002;Stichting AL-terrein;Bilthoven;Kooldioxide (CO2);16600960;kg
2013;39103;Koninklijke ERU Kaasfabriek B.V.;Woerden;Kooldioxide (CO2);522782;kg
2013;39105;Vrumona;Bunnik;Kooldioxide (CO2);5595290;kg
2013;41003;Shell Nederland Chemie BV (Moerdijk);Moerdijk;Kooldioxide (CO2);2372540000;kg
2013;41101;SABIC Innovative Plastics BV;Bergen op Zoom;Kooldioxide (CO2);406134709;kg
2013;41102;Allnex Netherlands B.V.;Bergen op Zoom;Kooldioxide (CO2);12358428;kg
2013;41103;Synthos Breda BV;Breda;Kooldioxide (CO2);6819713;kg
2013;41106;IFF Nederland BV;Tilburg;Kooldioxide (CO2);9194300;kg
2013;41108;Caldic Chemie Produktie BV;Zevenbergen;Kooldioxide (CO2);8528313;kg
2013;41113;BEWI RAW BV;Etten-Leur;Kooldioxide (CO2);6621590;kg
2013;41307;Aspen Oss B.V.;Oss;Kooldioxide (CO2);27973000;kg
2013;41402;Trobas Gelatine B.V.;Dongen;Kooldioxide (CO2);8363823;kg
2013;41428;Covestro (Netherlands) B.V., vestiging Waalwijk;Waalwijk;Kooldioxide (CO2);5073000;kg
2013;41502;Ravenstein;Ravenstein;Kooldioxide (CO2);23743071;kg
2013;41521;Afvalstoffen Terminal Moerdijk BV (ATM);Moerdijk;Kooldioxide (CO2);233473412;kg
2013;42022;Nutricia Cuijk B.V.;Cuijk;Kooldioxide (CO2);11324797;kg
2013;42034;FrieslandCampina DMV B.V.;Veghel;Kooldioxide (CO2);125552024;kg
2013;42206;Mars Nederland BV;Veghel;Kooldioxide (CO2);14024000;kg
2013;42310;Cosun Beet Company-Dinteloord;Dinteloord;Kooldioxide (CO2);130734000;kg
2013;42408;Swinkels Family Brewers N.V.;Lieshout;Kooldioxide (CO2);53236800;kg
2013;42410;Heineken Netherlands Supply B.V. (Den Bosch);'s-Hertogenbosch;Kooldioxide (CO2);11151000;kg
2013;42629;Cargill BV;Bergen op Zoom;Kooldioxide (CO2);16165870;kg
2013;42823;Zwanenberg Food Oss b.v.;Oss;Kooldioxide (CO2);13627561;kg
2013;42834;Rendac Son BV;Son en Breugel;Kooldioxide (CO2);63181000;kg
2013;43002;Mannesmann Precision Tubes Netherlands BV;Helmond;Kooldioxide (CO2);1528569;kg
2013;43003;Tata Steel Nederland Tubes BV locatie Oosterhout;Oosterhout;Kooldioxide (CO2);2505100;kg
2013;43013;Nyrstar Budel BV;Budel-Dorplein;Kooldioxide (CO2);45113326;kg
2013;43024;Nedschroef Helmond BV;Helmond;Kooldioxide (CO2);7322330;kg
2013;43135;Ahrend Produktiebedrijf Sint-Oedenrode BV;Sint-Oedenrode;Kooldioxide (CO2);1540227;kg
2013;43205;Coatinc West Brabant BV;Oudenbosch;Kooldioxide (CO2);262000;kg
2013;43210;Aalberts Surface Technologies BV;Eindhoven;Kooldioxide (CO2);759716;kg
2013;43216;SPGPrints;Boxmeer;Kooldioxide (CO2);4426676;kg
2013;43403;DAF Trucks N.V.;Eindhoven;Kooldioxide (CO2);30514000;kg
2013;43513;LDM b.v.;Drunen;Kooldioxide (CO2);2054447;kg
2013;43856;Hydro Extrusion Drunen;Drunen;Kooldioxide (CO2);10468135;kg
2013;43869;Efté Coating BV;Eindhoven;Kooldioxide (CO2);666524;kg
2013;44004;Amer Centrale;Geertruidenberg;Kooldioxide (CO2);6975839428;kg
2013;44006;RWZI Oijen (Waterschap Aa en Maas);Oijen;Kooldioxide (CO2);5748596;kg
2013;44008;Ennatuurlijk BV, WKC Helmond;Helmond;Kooldioxide (CO2);64583000;kg
2013;44009;BV Afvalverbranding Zuid Nederland (AZN);Moerdijk;Kooldioxide (CO2);906304220;kg
2013;44162;Vlisco Netherlands BV;Helmond;Kooldioxide (CO2);33729714;kg
2013;44709;Steenfabriek Engels Oeffelt BV;Oeffelt;Kooldioxide (CO2);10958378;kg
2013;44772;Ardagh Glass Dongen BV;Dongen;Kooldioxide (CO2);93216210;kg
2013;44773;Saint Gobain Construction Products NL BV;Etten-Leur;Kooldioxide (CO2);38329859;kg
2013;45669;Caligen Europe BV;Breda;Kooldioxide (CO2);280600;kg
2013;47001;Slibverwerking Noord-Brabant NV;Moerdijk;Kooldioxide (CO2);151354000;kg
2013;48002;Unipol Holland BV;Oss;Kooldioxide (CO2);4354312;kg
2013;48018;FUJIFILM Manufacturing Europe B.V.;Tilburg;Kooldioxide (CO2);38486226;kg
2013;48022;Dr. W. Kolb Nederland BV;Klundert;Kooldioxide (CO2);3053726;kg
2013;48023;FrieslandCampina Rijkevoort (Holland Cheese);Rijkevoort;Kooldioxide (CO2);8360000;kg
2013;48024;Essity Operations Cuijk B.V.;Katwijk NB;Kooldioxide (CO2);20753418;kg
2013;48029;FrieslandCampina Eindhoven (Consumer Products Europe);Eindhoven;Kooldioxide (CO2);4572000;kg
2013;48031;FrieslandCampina Butter & Milkpowder - Den Bosch;'s-Hertogenbosch;Kooldioxide (CO2);3716708;kg
2013;48051;KBM Master Alloys BV (Oss);Oss;Kooldioxide (CO2);906120;kg
2013;48054;Van Swaay Duurzaam Hout Schijndel;Schijndel;Kooldioxide (CO2);289000;kg
2013;48072;Essent WKC 's-Hertogenbosch;'s-Hertogenbosch;Kooldioxide (CO2);0;kg
2013;48073;Nedzink BV;Budel-Dorplein;Kooldioxide (CO2);1351209;kg
2013;48082;Ennatuurlijk BV, PS Breda;Breda;Kooldioxide (CO2);1508000;kg
2013;48083;WKC Bergen op Zoom;Bergen op Zoom;Kooldioxide (CO2);0;kg
2013;48084;Ennatuurlijk BV, WKC Eindhoven;Eindhoven;Kooldioxide (CO2);22667000;kg
2013;48087;Proviande Beef;Someren;Kooldioxide (CO2);257468;kg
2013;48113;Keizersberg Diervoeders Elsendorp B.V.;Milheeze;Kooldioxide (CO2);104146;kg
2013;48147;Van Oerle Alberton BV (Boxtel);Boxtel;Kooldioxide (CO2);1794731;kg
2013;48177;Peka Kroef B.V. Odiliapeel;Odiliapeel;Kooldioxide (CO2);22676638;kg
2013;49006;WKC Moerdijk;Moerdijk;Kooldioxide (CO2);584837489;kg
2013;49010;Basell Benelux B.V.;Moerdijk;Kooldioxide (CO2);10788000;kg
2013;49013;Ardagh Glass Moerdijk BV;Moerdijk;Kooldioxide (CO2);59662231;kg
2013;49016;BECC B.V.;Katwijk NB;Kooldioxide (CO2);0;kg
2013;49017;Merck Sharp & Dohme B.V.;Oss;Kooldioxide (CO2);5022000;kg
2013;49026;Attero B.V. locatie Tilburg (Spinder);Tilburg;Kooldioxide (CO2);6483380;kg
2013;49027;FrieslandCampina Nuenen;Nuenen;Kooldioxide (CO2);1048800;kg
2013;49033;Agristo Tilburg BV;Tilburg;Kooldioxide (CO2);25872500;kg
2013;51101;Synthomer Middelburg BV;Middelburg;Kooldioxide (CO2);56646047;kg
2013;51102;Rosier Nederland B.V.;Sas Van GEnt;Kooldioxide (CO2);19823929;kg
2013;51104;Dow Benelux BV (Hoek);Hoek;Kooldioxide (CO2);2607805565;kg
2013;51105;YARA Sluiskil BV;Sluiskil;Kooldioxide (CO2);2436765606;kg
2013;51107;ARKEMA B.V. location Vlissingen;Vlissingen;Kooldioxide (CO2);5232228;kg
2013;51404;ICL-IP Terneuzen BV;Terneuzen;Kooldioxide (CO2);11665000;kg
2013;51501;Zeeland Refinery N.V.;Nieuwdorp;Kooldioxide (CO2);1542690779;kg
2013;52612;Cargill Benelux BV;Sas Van GEnt;Kooldioxide (CO2);248187693;kg
2013;53129;Damen Schelde Naval Shipbuilding B.V. en Damen Shiprepair Vlissingen B.V.;Ritthem;Kooldioxide (CO2);2044546;kg
2013;53504;Zeeland Aluminium Company (Zalco BV);Vlissingen;Kooldioxide (CO2);2767371;kg
2013;54001;EPZ NV (Conventional Operations);Borssele;Kooldioxide (CO2);2422248405;kg
2013;56118;Stepan Nederland BV;Ritthem;Kooldioxide (CO2);1325195;kg
2013;56119;Decontamination Services BV;Ritthem;Kooldioxide (CO2);17160220;kg
2013;56123;Stortplaats Koegorspolder BV (OLAZ);Terneuzen;Kooldioxide (CO2);1494119;kg
2013;56125;Stortplaats Noord- en Midden-Zeeland BV (OLAZ);Nieuwdorp;Kooldioxide (CO2);10478109;kg
2013;61213;PPG Coatings B.V.;Tiel;Kooldioxide (CO2);48924;kg
2013;61407;SABA Dinxperlo BV;Dinxperlo;Kooldioxide (CO2);475341;kg
2013;61411;Sonac Vuren BV;Vuren;Kooldioxide (CO2);29121083;kg
2013;61418;SACHEM Europe BV;Zaltbommel;Kooldioxide (CO2);3667158;kg
2013;61424;Veolia Industriediensten BV;Arnhem;Kooldioxide (CO2);103249858;kg
2013;61436;Givaudan Nederland BV (Barneveld);Barneveld;Kooldioxide (CO2);3578700;kg
2013;61517;Gasunie Zweekhorst;Zevenaar;Kooldioxide (CO2);26840356;kg
2013;62009;FrieslandCampina Butter&Milkpowder (Lochem);Lochem;Kooldioxide (CO2);42054700;kg
2013;62010;Nestlé Nederland BV (Nunspeet);Nunspeet;Kooldioxide (CO2);14009238;kg
2013;62013;FrieslandCampina Steenderen;Steenderen;Kooldioxide (CO2);4681000;kg
2013;62025;FrieslandCampina (Borculo);Borculo;Kooldioxide (CO2);58714044;kg
2013;62031;Arla Foods BV;Nijkerk;Kooldioxide (CO2);10351058;kg
2013;62108;Polskamp BV;Ermelo;Kooldioxide (CO2);1512969;kg
2013;62406;Riedel BV;Ede;Kooldioxide (CO2);3099451;kg
2013;62509;H.J. Heinz Holding BV;Elst;Kooldioxide (CO2);6860000;kg
2013;62512;Struik Foods Netherlands;Nijkerk;Kooldioxide (CO2);5990496;kg
2013;62802;Ekro BV;Apeldoorn;Kooldioxide (CO2);740000;kg
2013;62806;VION Apeldoorn b.v.;Apeldoorn;Kooldioxide (CO2);2621549;kg
2013;62812;Compaxo Vlees Zevenaar BV;Zevenaar;Kooldioxide (CO2);2820000;kg
2013;62925;Aviko BV;Steenderen;Kooldioxide (CO2);58666996;kg
2013;63012;KME Netherlands B.V.;Zutphen;Kooldioxide (CO2);5435661;kg
2013;63363;Bodewes Binnenvaart BV;Millingen aan de Rijn;Kooldioxide (CO2);163014;kg
2013;63399;Scheepswerf De Hoop BV;Tolkamer;Kooldioxide (CO2);358482;kg
2013;63504;Gieterij Doesburg BV;Doesburg;Kooldioxide (CO2);1390006;kg
2013;63505;Vulcanus Castings BV;Doetinchem;Kooldioxide (CO2);7636004;kg
2013;63508;Nijmeegsche IJzergieterij BV;Nijmegen;Kooldioxide (CO2);2350342;kg
2013;63509;LF Casting B.V.;Terborg;Kooldioxide (CO2);1114994;kg
2013;63601;Hydro Extrusion Harderwijk;Harderwijk;Kooldioxide (CO2);4427596;kg
2013;63643;Veco B.V.;Eerbeek;Kooldioxide (CO2);1020000;kg
2013;63669;Coatinc Anox bv.;Scherpenzeel;Kooldioxide (CO2);202183;kg
2013;64001;Centrale Gelderland;Nijmegen;Kooldioxide (CO2);2726984000;kg
2013;64004;AVR Afvalverwerking BV (Duiven);Duiven;Kooldioxide (CO2);589545293;kg
2013;64005;ARN B.V.;Weurt;Kooldioxide (CO2);319064228;kg
2013;64134;Sonac Loenen BV;Loenen;Kooldioxide (CO2);4394617;kg
2013;64304;Papierfabriek Doetinchem bv;Doetinchem;Kooldioxide (CO2);30743361;kg
2013;64308;Sappi Nijmegen BV/InnovioPapers;Nijmegen;Kooldioxide (CO2);68725134;kg
2013;64335;DS Smith De Hoop B.V.;Eerbeek;Kooldioxide (CO2);216337826;kg
2013;64345;Folding Boxboard Eerbeek bv;Eerbeek;Kooldioxide (CO2);65832050;kg
2013;64354;VHP Security Paper B.V.;Ugchelen;Kooldioxide (CO2);5492160;kg
2013;64360;Smurfit Westrock Parenco B.V.;Renkum;Kooldioxide (CO2);208531168;kg
2013;64633;Aquinos BV (Kesteren);Kesteren;Kooldioxide (CO2);2261278;kg
2013;64641;Kamp Coating Apeldoorn BV;Apeldoorn;Kooldioxide (CO2);779555;kg
2013;64701;Steenfabriek De Rijswaard BV;Aalst;Kooldioxide (CO2);25587000;kg
2013;64703;B.V. Steenfabriek Huissenswaard;Angeren;Kooldioxide (CO2);13569093;kg
2013;64713;Wienerberger Steenfabriek Schipperswaard;Echteld;Kooldioxide (CO2);433000;kg
2013;64715;Wienerberger BV Steenfabriek Erlecom;Erlecom;Kooldioxide (CO2);11003000;kg
2013;64718;Rodruza Steenfabriek de Zandberg;Gendt;Kooldioxide (CO2);10218000;kg
2013;64719;Wienerberger Steenfabriek Haaften;Haaften;Kooldioxide (CO2);12586000;kg
2013;64725;Wienerberger Steenfabriek Heteren;Heteren;Kooldioxide (CO2);7995000;kg
2013;64735;AGC Flatglass Nederland BV;Tiel;Kooldioxide (CO2);2150844;kg
2013;64739;Wienerberger Steenfabriek Doorwerth;Doorwerth;Kooldioxide (CO2);0;kg
2013;64740;Wienerberger Steenfabriek Wolfswaard;Opheusden;Kooldioxide (CO2);9346000;kg
2013;64741;Wienerberger Steenfabriek Kijfwaard Oost;Pannerden;Kooldioxide (CO2);8851000;kg
2013;64744;Steenfabriek Rossum B.V.;Rossum;Kooldioxide (CO2);7834000;kg
2013;64748;Steenfabriek Spijk BV;Spijk;Kooldioxide (CO2);25851000;kg
2013;64749;Steenfabriek Tolkamer BV;Tolkamer;Kooldioxide (CO2);31028000;kg
2013;64759;Steenfabriek Zennewijnen;Zennewijnen;Kooldioxide (CO2);8396000;kg
2013;65735;Steenfabriek Vogelensangh B.V.;Deest;Kooldioxide (CO2);3110000;kg
2013;65777;Wienerberger Steenfabriek Kijfwaard West;Pannerden;Kooldioxide (CO2);21752000;kg
2013;66001;Sibelco Winterswijk;Winterswijk;Kooldioxide (CO2);4376909;kg
2013;66201;Coldenhove Paper B.V.;Eerbeek;Kooldioxide (CO2);9947964;kg
2013;66206;TANATEX Chemicals BV;Ede;Kooldioxide (CO2);780530;kg
2013;66220;Smart Packaging Solutions B.V.;Loenen;Kooldioxide (CO2);13408424;kg
2013;66224;Wienerberger Dakpannenfabriek Narvik Deest;Deest;Kooldioxide (CO2);8313000;kg
2013;66239;Mead Johnson B.V.;Nijmegen;Kooldioxide (CO2);7776746;kg
2013;66244;Color Coating BV;Apeldoorn;Kooldioxide (CO2);217956;kg
2013;66248;Loparex BV;Apeldoorn;Kooldioxide (CO2);6480000;kg
2013;66253;Stichting Mestverwerking Gelderland SMG (KGBI Stroe);Stroe;Kooldioxide (CO2);3624770;kg
2013;66323;Stichting Mestverwerking Gelderland SMG (KGBI Ede);Ede;Kooldioxide (CO2);3206840;kg
2013;66325;Stichting Mestverwerking Gelderland SMG (KGBI Elspeet);Elspeet;Kooldioxide (CO2);2296240;kg
2013;66326;Stichting Mestverwerking Gelderland SMG (KGBI Putten);Putten;Kooldioxide (CO2);2956160;kg
2013;66355;PFW Aroma ingredients bv;Barneveld;Kooldioxide (CO2);1200000;kg
2013;69033;Vika BV;Ede;Kooldioxide (CO2);2232825;kg
2013;71102;KLK Kolb Specialties B.V.;Delden;Kooldioxide (CO2);5498000;kg
2013;71103;Nouryon Functional Chemicals;Deventer;Kooldioxide (CO2);8838131;kg
2013;71105;Nobian Chemicals BV (Hengelo);Hengelo;Kooldioxide (CO2);267279000;kg
2013;71514;Gasunie Vilsteren / Ommen;Vilsteren;Kooldioxide (CO2);30050247;kg
2013;72016;Royal Lactalis Leerdammer BV (Dalfsen);Dalfsen;Kooldioxide (CO2);5367468;kg
2013;72024;Ausnutria Kampen BV;Kampen;Kooldioxide (CO2);13667420;kg
2013;72027;Ausnutria Ommen B.V.;Ommen;Kooldioxide (CO2);4150000;kg
2013;72914;Abbott Laboratories B.V.;Zwolle;Kooldioxide (CO2);14828836;kg
2013;73224;BC Components Zwolle BV;Zwolle;Kooldioxide (CO2);2090000;kg
2013;73239;Scania Production Zwolle BV;Zwolle;Kooldioxide (CO2);2470000;kg
2013;73642;Thales Nederland BV;Hengelo;Kooldioxide (CO2);3780000;kg
2013;74003;Centrale Harculo;Zwolle;Kooldioxide (CO2);2046982;kg
2013;74005;Ennatuurlijk BV, WKC Enschede;Enschede;Kooldioxide (CO2);22617000;kg
2013;74120;Ten Cate Protect B.V.;Nijverdal;Kooldioxide (CO2);2381242;kg
2013;74154;TenCate Outdoor Fabrics BV;Nijverdal;Kooldioxide (CO2);3854763;kg
2013;74321;SARPI Netherlands B.V.;Almelo;Kooldioxide (CO2);498004;kg
2013;75305;locatie Boeldershoek;Hengelo;Kooldioxide (CO2);813892121;kg
2013;75315;locatie Elhorst Vloedbelt;Zenderen;Kooldioxide (CO2);888446;kg
2013;75331;Zwanenberg Food Group B.V.;Almelo;Kooldioxide (CO2);2980000;kg
2013;75342;FrieslandCampina Balkbrug;Balkbrug;Kooldioxide (CO2);9902000;kg
2013;75349;CZ Rouveen kaasspecialiteiten;Rouveen;Kooldioxide (CO2);2290000;kg
2013;81104;DOC Kaas (Zuivelfabriek);Hoogeveen;Kooldioxide (CO2);18714364;kg
2013;81202;AOC Nederland BV (Schoonebeek);Zandpol;Kooldioxide (CO2);5290600;kg
2013;82002;FrieslandCampina Domo B.V. (Beilen);Beilen;Kooldioxide (CO2);48167483;kg
2013;82603;Avebe u.a. (Gasselternijveen);Gasselternijveen;Kooldioxide (CO2);75180442;kg
2013;83501;2 RG;Klazienaveen;Kooldioxide (CO2);6389377;kg
2013;84808;SOLIDUS SOLUTIONS Board B.V. Coevorden;Coevorden;Kooldioxide (CO2);16191575;kg
2013;84999;FrieslandCampina Kievit (Meppel);Meppel;Kooldioxide (CO2);19820136;kg
2013;85002;Attero BV;Wijster;Kooldioxide (CO2);532844255;kg
2013;85003;Envalior Engineering Materials B.V.;Emmen;Kooldioxide (CO2);5380000;kg
2013;91505;N.V. Nederlandse Gasunie - compressorstation Aldeboarn;Aldeboarn;Kooldioxide (CO2);15896718;kg
2013;92001;FrieslandCampina Cheese Gerkesklooster;Gerkesklooster;Kooldioxide (CO2);16937668;kg
2013;92004;Hochwald Foods Nederland BV;Bolsward;Kooldioxide (CO2);7626339;kg
2013;92008;Phoenix BV;Scharsterbrug;Kooldioxide (CO2);17860159;kg
2013;92012;FrieslandCampina (Leeuwarden);Leeuwarden;Kooldioxide (CO2);54802640;kg
2013;92015;FrieslandCampina Dronrijp;Dronryp;Kooldioxide (CO2);8778662;kg
2013;92030;FrieslandCampina (Workum);Workum;Kooldioxide (CO2);23160659;kg
2013;92615;Sonac Burgum BV;Sumar;Kooldioxide (CO2);41432951;kg
2013;93604;Nederlandse Onttinningsfabriek BV;Leeuwarden;Kooldioxide (CO2);1176503;kg
2013;94003;Centrale Bergum;Burgum;Kooldioxide (CO2);2062487;kg
2013;94301;Huhtamaki Nederland B.V.;Franeker;Kooldioxide (CO2);13060275;kg
2013;94706;BASF Nederland B.V.;Heerenveen;Kooldioxide (CO2);7211054;kg
2013;95003;Lamb Weston / Meyer VOF (Klooster Lidlum);Klooster Lidlum;Kooldioxide (CO2);14518360;kg
2013;99011;Sonac Harlingen BV;Harlingen;Kooldioxide (CO2);1340000;kg
2013;101103;BioMCN B.V.;Farmsum;Kooldioxide (CO2);258458547;kg
2013;101104;Dow Benelux B.V.;Delfzijl;Kooldioxide (CO2);11082695;kg
2013;101105;P.Q. Silicas B.V.;Winschoten;Kooldioxide (CO2);14249000;kg
2013;101108;Qemetica NL Silica bv;Delfzijl;Kooldioxide (CO2);36103324;kg
2013;101403;Reym Delfzijl;Delfzijl;Kooldioxide (CO2);2161739;kg
2013;101404;Delamine B.V.;Farmsum;Kooldioxide (CO2);1376255;kg
2013;101405;Electric Glass Fiber NL, B.V.;Westerbroek;Kooldioxide (CO2);38787675;kg
2013;101407;Zeolyst CV;Farmsum;Kooldioxide (CO2);3370000;kg
2013;101408;Nedmag B.V.;Veendam;Kooldioxide (CO2);72538169;kg
2013;101515;Gasunie Transport Services B.V. - compressorstation Spijk;Eemshaven;Kooldioxide (CO2);7708277;kg
2013;102001;FrieslandCampina Nederland B.V.;Bedum;Kooldioxide (CO2);28090066;kg
2013;102008;Plixxent B.V.;Foxhol;Kooldioxide (CO2);147756;kg
2013;102302;Cosun Beet Company-Vierverlaten;Groningen;Kooldioxide (CO2);108122000;kg
2013;102504;Rixona BV;Warffum;Kooldioxide (CO2);15871390;kg
2013;102620;Coöperatie AVEBE U.A.;Ter Apelkanaal;Kooldioxide (CO2);117453091;kg
2013;102621;Avebe u.a. (Foxhol);Foxhol;Kooldioxide (CO2);29345551;kg
2013;103009;KBM Master Alloys B.V.;Delfzijl;Kooldioxide (CO2);3881132;kg
2013;104001;ENGIE Energie Nederland NV;Eemshaven;Kooldioxide (CO2);1623947851;kg
2013;104003;Delesto B.V.;Farmsum;Kooldioxide (CO2);665443609;kg
2013;104302;Solidus Solutions Board Groningen-Hoogkerk;Groningen;Kooldioxide (CO2);17309000;kg
2013;104304;Eska B.V.;Hoogezand;Kooldioxide (CO2);62954709;kg
2013;104305;Eska B.V.;Sappemeer;Kooldioxide (CO2);29617693;kg
2013;104307;Solidus Board Bad Nieuweschans B.V.;Bad Nieuweschans;Kooldioxide (CO2);36160411;kg
2013;104511;Gasunie mengstation Kootstertille (FR);Kootstertille;Kooldioxide (CO2);11921;kg
2013;104520;Ecopark De Wierde;Heerenveen;Kooldioxide (CO2);3056300;kg
2013;104521;FrieslandCampina Wolvega;Wolvega;Kooldioxide (CO2);509631;kg
2013;104710;ESD-SIC BV;Farmsum;Kooldioxide (CO2);132224879;kg
2013;104756;Steenindustrie Strating BV;Oude Pekela;Kooldioxide (CO2);4206000;kg
2013;105001;ChemCom Industries BV;Farmsum;Kooldioxide (CO2);6695000;kg
2013;105004;Teijin Aramid B.V.;Farmsum;Kooldioxide (CO2);16454000;kg
2013;105007;FrieslandCampina Nederland B.V.;Marum;Kooldioxide (CO2);9957832;kg
2013;105008;Hydro Extrusion Hoogezand B.V.;Hoogezand;Kooldioxide (CO2);3243787;kg
2013;105011;GOC Real Estate B.V. (North Refinery Refining & Trading Company);Farmsum;Kooldioxide (CO2);9070000;kg
2013;105016;Nobian Industrial Chemicals B.V. - SSC (Shared Service Center);Farmsum;Kooldioxide (CO2);3465000;kg
2013;105027;Kisuma Chemicals BV;Veendam;Kooldioxide (CO2);13187905;kg
2013;105029;Storteboom Foodgroup Kornhorn;Kornhorn;Kooldioxide (CO2);2117480;kg
2013;114001;Maxima-centrale;Lelystad;Kooldioxide (CO2);1417496271;kg
2013;114002;Vattenfall Power Generation B.V. (HWC Hogering/WKC Almere);Almere;Kooldioxide (CO2);45234321;kg
2013;114720;Sonac Almere BV;Almere;Kooldioxide (CO2);4588992;kg
2013;114721;Alphen;Alphen;Kooldioxide (CO2);80232;kg
2013;114722;Waterschap Noorderzijlvest - RWZI Garmerwolde;Garmerwolde;Kooldioxide (CO2);12584149;kg
2013;114723;RWZI Harderwijk;Harderwijk;Kooldioxide (CO2);8484182;kg
2013;114724;RWZI Apeldoorn;Apeldoorn;Kooldioxide (CO2);11377131;kg
2013;114725;RWZI Ede;Ede;Kooldioxide (CO2);1046731;kg
2013;114726;RWZI Nieuwgraaf (Waterschap Rijn en IJssel);Duiven;Kooldioxide (CO2);7569786;kg
2013;114727;RWZI Nijmegen (Waterschap Rivierenland);Weurt;Kooldioxide (CO2);10908199;kg
2013;114728;RWZI Nieuwveer;Breda;Kooldioxide (CO2);10400100;kg
2013;114729;RWZI Aarle-Rixtel (Waterschap Aa en Maas);Aarle-Rixtel;Kooldioxide (CO2);7005087;kg
2013;114730;RWZI Eindhoven (Waterschap De Dommel);Eindhoven;Kooldioxide (CO2);8281549;kg
2013;114731;RWZI Utrecht (Hoogheemraadschap de Stichtse Rijnlanden);Utrecht;Kooldioxide (CO2);26123215;kg
2013;114732;RWZI Venlo;Venlo;Kooldioxide (CO2);9843048;kg
2013;114733;RWZI Hoensbroek;Hoensbroek;Kooldioxide (CO2);2515172;kg
2013;114734;RWZI Enschede;Enschede;Kooldioxide (CO2);8962731;kg
2013;114735;AWZI De Groote Lucht (Hoogheemraadschap van Delfland);Vlaardingen;Kooldioxide (CO2);3535895;kg
2013;114736;RWZI Dokhaven en Slibverwerkingsinstallatie Sluisjesdijk;Rotterdam;Kooldioxide (CO2);12424191;kg
2013;114737;AWZI Kralingseveer (Hoogheemraadschap van Schieland);Capelle aan den Ijssel;Kooldioxide (CO2);9210607;kg
2013;114740;RWZI Susteren;Susteren;Kooldioxide (CO2);13374541;kg
2013;114741;RWZI Amersfoort;Amersfoort;Kooldioxide (CO2);7742490;kg
2013;114743;RWZI Dinther (Waterschap Aa en Maas);Heeswijk-Dinther;Kooldioxide (CO2);5840918;kg
2013;114744;Elsta P&U;Hoek;Kooldioxide (CO2);1391537000;kg
2013;114745;Komeco B.V.;Dronten;Kooldioxide (CO2);528885;kg
2013;114747;PeakShaver Maasvlakte;Maasvlakte Rotterdam;Kooldioxide (CO2);15876148;kg
2013;114757;Eurogen CV;Botlek Rotterdam;Kooldioxide (CO2);520812000;kg
2013;114758;Farm Dairy BV;Lelystad;Kooldioxide (CO2);1740000;kg
2013;114767;AWZI Houtrust (Hoogheemraadschap van Delfland);'s-Gravenhage;Kooldioxide (CO2);9233197;kg
2013;114785;Smilde Foods BV(Heerenveen);Heerenveen;Kooldioxide (CO2);1579218;kg
2013;114802;Renewi Smink Amersfoort;Hoogland;Kooldioxide (CO2);5487007;kg
2013;114804;Vleeswarenfabriek Persoon BV;Lisse;Kooldioxide (CO2);747000;kg
2013;114814;Recycling Kombinatie REKO B.V.;Vondelingenplaat Rotterdam;Kooldioxide (CO2);17604143;kg
2013;115036;LyondellBasell Covestro Manufacturing Maasvlakte VOF;Maasvlakte Rotterdam;Kooldioxide (CO2);11508064;kg
2013;115049;Holonite BV (Tholen);Tholen;Kooldioxide (CO2);154000;kg
2013;115050;Holonite BV (Halsteren);Halsteren;Kooldioxide (CO2);43800;kg
2013;115063;Eagle Simrax BV;Kerkrade;Kooldioxide (CO2);259000;kg
2013;115066;Trespa International BV;Weert;Kooldioxide (CO2);24728274;kg
2013;115072;Seasun;Kapelle;Kooldioxide (CO2);36801000;kg
2013;115084;SVP Productie BV - Hulpwarmtecentrale 1;Purmerend;Kooldioxide (CO2);29788620;kg
2013;115085;Enecal Energy VOF;Botlek Rotterdam;Kooldioxide (CO2);37209000;kg
2013;115087;Essent WKC Erica;Erica;Kooldioxide (CO2);0;kg
2013;115088;Essent WKC Klazienaveen;Klazienaveen;Kooldioxide (CO2);0;kg
2013;115143;FrieslandCampina Cheese BV (Leerdam);Leerdam;Kooldioxide (CO2);223000;kg
2013;115180;apt Extrusions B.V.;Roermond;Kooldioxide (CO2);2697714;kg
2013;115181;EP NL Rijnmond 1 B.V.;Vondelingenplaat Rotterdam;Kooldioxide (CO2);210457573;kg
2013;115184;RWZI Land van Cuijk (Waterschap Aa en Maas);Haps;Kooldioxide (CO2);4601600;kg
2013;115185;DOC Kaas (Zuivelpark);Hoogeveen;Kooldioxide (CO2);47134477;kg
2013;115186;Yara Vlaardingen BV;Vlaardingen;Kooldioxide (CO2);471000;kg
2013;200002;A. van de Groep en Zonen BV;Bunschoten-Spakenburg;Kooldioxide (CO2);2387850;kg
2013;200019;Amsterdam UMC, locatie AMC;Amsterdam;Kooldioxide (CO2);41633000;kg
2013;200125;Ovako Twente BV;Almelo;Kooldioxide (CO2);158000;kg
2013;200131;Hak BV;Giessen;Kooldioxide (CO2);6156000;kg
2013;200141;BV Steenfabriek Hedikhuizen;Heusden;Kooldioxide (CO2);12017000;kg
2013;200188;Kriek Poedercoaten B.V.;Alphen aan den Rijn;Kooldioxide (CO2);315680;kg
2013;200228;Gouda Refractories BV;Gouda;Kooldioxide (CO2);8278000;kg
2013;200245;Pluimveeverwerking Gebroeders Heijs BV;Leek;Kooldioxide (CO2);907000;kg
2013;200287;Steenfabriek Engels Helden BV;Panningen;Kooldioxide (CO2);10661366;kg
2013;200292;T. Boer & zn.;Nieuwerkerk aan den Ijssel;Kooldioxide (CO2);743000;kg
2013;200312;Vloertegelfabriek Koninklijke Mosa BV;Maastricht;Kooldioxide (CO2);14590900;kg
2013;200314;Supply Point Cuijk BV;Katwijk;Kooldioxide (CO2);255536;kg
2013;200333;Wienerberger Steenfabriek Bemmel;Haalderen;Kooldioxide (CO2);4659000;kg
2013;200355;Dakpanfabriek Narvik Tegelen (Wienberger BV);Tegelen;Kooldioxide (CO2);6902000;kg
2013;200376;Wienerberger Dakpanfabriek Janssen-Dings;Tegelen;Kooldioxide (CO2);10823000;kg
2013;200377;Monier BV (Tegelen);Tegelen;Kooldioxide (CO2);10515000;kg
2013;200407;COATEX Netherlands BV;Moerdijk;Kooldioxide (CO2);1321695;kg
2013;200420;Roba Metals B.V.;Farmsum;Kooldioxide (CO2);2860401;kg
2013;200436;Afvalberging Derde Merwedehaven;Dordrecht;Kooldioxide (CO2);11365220;kg
2013;200441;Amcor Specialty Cartons Brabant BV;Bergen op Zoom;Kooldioxide (CO2);1104885;kg
2013;200450;Avri;Geldermalsen;Kooldioxide (CO2);297887;kg
2013;200464;Baggerspeciedepot IJsseloog;Dronten;Kooldioxide (CO2);414656;kg
2013;200480;Bostik Nederland B.V.;Roosendaal;Kooldioxide (CO2);758535;kg
2013;200490;LOA Deege;Klundert;Kooldioxide (CO2);244651;kg
2013;200493;Attero B.V. locatie Bergen op Zoom (Kragge);Bergen op Zoom;Kooldioxide (CO2);1649678;kg
2013;200508;Uniper HWC Bezuidenhout-West;'s-Gravenhage;Kooldioxide (CO2);19673000;kg
2013;200512;ESA BV;Apeldoorn;Kooldioxide (CO2);383000;kg
2013;200516;Attero B.V.  locatie Montfort;Montfort;Kooldioxide (CO2);1204036;kg
2013;200520;Attero B.V. locatie Schinnen;Schinnen;Kooldioxide (CO2);3268970;kg
2013;200522;Ennatuurlijk BV PS Tilburg;Tilburg;Kooldioxide (CO2);3739000;kg
2013;200526;Exportslachterij Clazing BV;Zevenhuizen;Kooldioxide (CO2);2482000;kg
2013;200537;Cargill Cocao Aurora;Zaandam;Kooldioxide (CO2);1612590856056100;kg
2013;200538;GMB BioEnergie Zutphen BV;Zutphen;Kooldioxide (CO2);27184286;kg
2013;200582;Südpack  Grootegast B.V.;Grootegast;Kooldioxide (CO2);904403;kg
2013;200587;Martens Havenontvangstinstallatie Vlissingen BV;Nieuwdorp;Kooldioxide (CO2);874000;kg
2013;200606;Theo Pouw Secundaire Bouwstoffen B.V.;Eemshaven;Kooldioxide (CO2);30202044;kg
2013;200610;Radboudumc & Radboud Universiteit Nijmegen;Nijmegen;Kooldioxide (CO2);25136698;kg
2013;200618;ROVA Afvalverwerkingslocatie Bovenveld;Rheezerveen;Kooldioxide (CO2);568912;kg
2013;200640;Exportslachterij J. Gosschalk & Zn. BV;Epe;Kooldioxide (CO2);1820000;kg
2013;200664;Handelsonderneming A. Smit & Zoon BV;Amersfoort;Kooldioxide (CO2);2460379;kg
2013;200683;Theo Pouw Beheer BV;Utrecht;Kooldioxide (CO2);164000;kg
2013;200702;Renewi Nieuwegein;Nieuwegein;Kooldioxide (CO2);270156;kg
2013;200719;Wuppermann Staal Nederland BV;Moerdijk;Kooldioxide (CO2);2390500;kg
2013;200758;Lubrizol Advanced Materials Resins BV;Farmsum;Kooldioxide (CO2);506000;kg
2013;201012;Renewi Nederland B.V. - Drachten-De Lier;Drachten;Kooldioxide (CO2);231601;kg
2013;201055;Attero B.V. Locatie Haps;Haps;Kooldioxide (CO2);1397231;kg
2013;201151;Enrichment Technology Nederland BV;Almelo;Kooldioxide (CO2);2090000;kg
2013;201172;A. Smit & Zoon BV;Weesp;Kooldioxide (CO2);1977807;kg
2013;201189;Afvalverwerking Stainkoeln B.V.;Groningen;Kooldioxide (CO2);1011261;kg
2013;201203;Sortiva B.V.;Alkmaar;Kooldioxide (CO2);906804;kg
2013;201241;EMMTEC Services BV;Emmen;Kooldioxide (CO2);164470520;kg
2013;201304;BMC Moerdijk BV;Moerdijk;Kooldioxide (CO2);354125300;kg
2013;201326;Aludyne Netherlands B.V.;Oss;Kooldioxide (CO2);6350000;kg
2013;201386;EP NL Sloe Centrale B.V. (Vlissingen);Ritthem;Kooldioxide (CO2);1119569800;kg
2013;201418;Plaatijzerindustrie Apeldoorn;Apeldoorn;Kooldioxide (CO2);363000;kg
2013;201425;Afvalverwerking Vink B.V.;Barneveld;Kooldioxide (CO2);19300000;kg
2013;201503;Valtris AO Maastricht b.v. / Vynova AO Maastricht b.v.;Maastricht;Kooldioxide (CO2);3686143;kg
2013;201541;Olenex Edible Oils B.V.;Vondelingenplaat Rotterdam;Kooldioxide (CO2);15991862;kg
2013;201571;Vattenfall Warmte N.V. (HWC Duiven Westervoort);Westervoort;Kooldioxide (CO2);1398989;kg
2013;201592;Galvoned B.V.;Ulft;Kooldioxide (CO2);107990;kg
2013;201596;M&R Claushuis BV;Zeewolde;Kooldioxide (CO2);85440;kg
2013;201639;Solidus Solutions Board Oude Pekela;Oude Pekela;Kooldioxide (CO2);16933332;kg
2013;201986;Eneco HWC Kanaleneiland;Utrecht;Kooldioxide (CO2);401040;kg
2013;202140;Vitelco BV;'s-Hertogenbosch;Kooldioxide (CO2);600074;kg
2013;202159;Fokker Aerospace BV;Papendrecht;Kooldioxide (CO2);4660000;kg
2013;202214;Greif Nederland BV;Europoort Rotterdam;Kooldioxide (CO2);3429086;kg
2013;202229;Bunge Loders Croklaan Rotterdam;Maasvlakte Rotterdam;Kooldioxide (CO2);15640000;kg
2013;202257;Accsys Technologies;Arnhem;Kooldioxide (CO2);2326610;kg
2013;202268;Eneco HWC Overvecht;Utrecht;Kooldioxide (CO2);1125539;kg
2013;202298;Evonik Peroxide Netherlands B.V.;Farmsum;Kooldioxide (CO2);34391000;kg
2013;202417;Compressorstation Noord Holland;Anna Paulowna;Kooldioxide (CO2);30540;kg
2013;202418;Eneco HWC Nicolaas Beetsstraat;Utrecht;Kooldioxide (CO2);929936;kg
2013;202419;Eneco HWC Nieuwegein;Nieuwegein;Kooldioxide (CO2);3255718;kg
2013;202578;Mars Food Europe CV;Oud-Beijerland;Kooldioxide (CO2);7536;kg
2013;202662;Pluimveeslachterij G.P. Remkes B.V.;Epe;Kooldioxide (CO2);632984;kg
2013;202746;Argent Energy;Amsterdam;Kooldioxide (CO2);51940000;kg
2013;202803;Avery Dennison Materials Nederland BV;Alphen aan den Rijn;Kooldioxide (CO2);5608043;kg
2013;202824;Eneco Merwedekanaal;Utrecht;Kooldioxide (CO2);335265748;kg
2013;202825;Eneco Lage Weide;Utrecht;Kooldioxide (CO2);494751492;kg
2013;202858;Grolsche Bierbrouwerij Nederland B.V.;Enschede;Kooldioxide (CO2);7169080;kg
2013;202863;Ruijtenberg Shipyard BV;Raamsdonksveer;Kooldioxide (CO2);0;kg
2013;202895;Lingezegen Energy B.V.;Bemmel;Kooldioxide (CO2);37483128;kg
2013;202902;GMB BioEnergie Tiel BV;Tiel;Kooldioxide (CO2);14698667;kg
2013;202903;Reterra BV;Goor;Kooldioxide (CO2);28000000;kg
2013;202926;Ulamo Coating B.V.;Ulft;Kooldioxide (CO2);1473607;kg
2013;202928;C & T Technics;Uden;Kooldioxide (CO2);560661;kg
2013;202935;Alblasserdam Yachtbuilding B.V. (Oceanco);Alblasserdam;Kooldioxide (CO2);532000;kg
2013;202962;IHC Sliedrecht Molendijk;Sliedrecht;Kooldioxide (CO2);743000;kg
2013;202990;Alco Energy Rotterdam;Europoort Rotterdam;Kooldioxide (CO2);399566948;kg
2013;202992;Viterra Botlek BV;Botlek Rotterdam;Kooldioxide (CO2);38076358;kg
2013;202999;Renewi Drachten - Stuurboord;Drachten;Kooldioxide (CO2);526653;kg
2013;203024;Boehringer Ingelheim Animal Health Operations bv;Weesp;Kooldioxide (CO2);176000;kg
2013;203086;JAZO Zevenaar BV;Zevenaar;Kooldioxide (CO2);144344;kg
2013;203155;Vattenfall Power Generation B.V. (HWC Almere Stad);Almere;Kooldioxide (CO2);1081597;kg
2013;203159;Eco Fuels Netherlands B.V.;Eemshaven;Kooldioxide (CO2);4170000;kg
2013;203186;RWZI West;Amsterdam;Kooldioxide (CO2);13879164;kg
2013;203220;EEW Energy from Waste Delfzijl B.V.;Farmsum;Kooldioxide (CO2);327092729;kg
2013;203228;RWE Eemshaven Magnum B.V.;Eemshaven;Kooldioxide (CO2);734101216;kg
2013;203267;Nieboer Recycling & Handel BV;Hoogezand;Kooldioxide (CO2);319051;kg
2013;203332;Brabant Alucast The Netherlands - site Heijen;Heijen;Kooldioxide (CO2);1849288;kg
2013;203346;Inter-Che-M BV;Beuningen Gld;Kooldioxide (CO2);397236;kg
2013;203411;Pergen VOF;Pernis Rotterdam;Kooldioxide (CO2);1292129915;kg
2013;203416;IHC Krimpen;Krimpen aan den Ijssel;Kooldioxide (CO2);269000000;kg
2013;203417;Van Rooi Meat BV (Helmond);Helmond;Kooldioxide (CO2);3660551;kg
2013;203438;Straalbedrijf A.J. den Breejen & Zonen BV;Dordrecht;Kooldioxide (CO2);359562;kg
2013;203493;A.C. Hartman BV;Sexbierum;Kooldioxide (CO2);32544000;kg
2013;203496;Reststoffen Energie Centrale (REC);Harlingen;Kooldioxide (CO2);286230562;kg
2013;203505;EP NL Rijnmond 2 B.V.;Vondelingenplaat Rotterdam;Kooldioxide (CO2);241514593;kg
2013;203587;Contitank B.V.;Delfzijl;Kooldioxide (CO2);490000;kg
2013;203589;Cerexagri BV;Vondelingenplaat Rotterdam;Kooldioxide (CO2);4796673;kg
2013;203590;Arkema B.V. location Rotterdam;Vondelingenplaat Rotterdam;Kooldioxide (CO2);3771886;kg
2013;203651;Dutch Advanced Polyesters Emmen B.V.;Emmen;Kooldioxide (CO2);2110000;kg
2013;203738;Fokker Landing Gear;Helmond;Kooldioxide (CO2);578000;kg
2013;203785;Neste Netherlands B.V.;Maasvlakte Rotterdam;Kooldioxide (CO2);45037000;kg
2013;203825;Linde Gas Dieren;Dieren;Kooldioxide (CO2);275764;kg
2013;203859;Kesgro;Middenmeer;Kooldioxide (CO2);42660356;kg
2013;203860;Kwekerij De Wieringermeer;Middenmeer;Kooldioxide (CO2);52540000;kg
2013;204038;Keizersberg Diervoeders (Elsendorp);Elsendorp;Kooldioxide (CO2);31162;kg
2013;204191;Gasunie Transport Services B.V. - compressorstation Scheemda;Scheemda;Kooldioxide (CO2);2030;kg
2013;204287;Global Food Group BV;Ospel;Kooldioxide (CO2);476645;kg
2013;204335;Quality Technology Services B.V.;Eemshaven;Kooldioxide (CO2);136000;kg
2013;204361;EcoFuels;Well L;Kooldioxide (CO2);12052556;kg
2013;204363;Vattenfall Warmte N.V. (HWC Schuytgraaf);Arnhem;Kooldioxide (CO2);57998;kg
2013;204395;Renewi Stadskanaal;Stadskanaal;Kooldioxide (CO2);836697;kg
2013;204488;Cumapol Emmen B.V.;Emmen;Kooldioxide (CO2);356000;kg
2013;204492;Ingensche Waarden;Ingen;Kooldioxide (CO2);112627;kg
2013;204522;Ondergrondse aardgasopslag Zuidwending;Veendam;Kooldioxide (CO2);5150499;kg
2013;204552;Gesloten stortplaats De Langenberg;Zelhem;Kooldioxide (CO2);1767285;kg
2013;204556;Waterstromen Lichtenvoorde B.V.;Lichtenvoorde;Kooldioxide (CO2);6821162;kg
2013;204561;Electrawinds GreenFuel BV;Sluiskil;Kooldioxide (CO2);5947924;kg
2013;204602;RWZI Soest;Soest;Kooldioxide (CO2);3883613;kg
2013;204609;Hoogweg Paprikakwekerijen BV;Luttelgeest;Kooldioxide (CO2);52882159;kg
2013;204617;Power Plant Rotterdam;Maasvlakte Rotterdam;Kooldioxide (CO2);199653600;kg
2013;204654;ENECOGEN V.O.F.;Europoort Rotterdam;Kooldioxide (CO2);400218466;kg
2013;204667;Aliphos Rotterdam BV;Vlaardingen;Kooldioxide (CO2);3341014;kg
2013;204686;Royal Pride Holland;Middenmeer;Kooldioxide (CO2);74262000;kg
2013;204694;Sterling Resources Netherlands B.V.;'s-Gravenhage;Kooldioxide (CO2);0;kg
2013;204695;Northern Petroleum Nederland B.V.;Harlingen;Kooldioxide (CO2);1519780;kg
2013;204763;KH Dairy Sourcing BV;Coevorden;Kooldioxide (CO2);911940;kg
2013;204851;Air Products HyCO 4 (Botlekweg);Botlek Rotterdam;Kooldioxide (CO2);545600000;kg
2013;204944;Eneco Bio Golden Raand C.V.;Farmsum;Kooldioxide (CO2);227230000;kg
2013;204957;WKC Ypenburg;'s-Gravenhage;Kooldioxide (CO2);40660000;kg
2013;205183;Van Merksteijn International B.V.;Almelo;Kooldioxide (CO2);3013962;kg
2013;205186;HWC Ypenburg;'s-Gravenhage;Kooldioxide (CO2);10450000;kg
2013;220121;Hoogheemraadschap Hollands Noorderkwartier RWZI Alkmaar;Alkmaar;Kooldioxide (CO2);3557817;kg
2013;220124;AWZI Almere;Almere;Kooldioxide (CO2);6925324;kg
2013;220129;RWZI Amstelveen (HH Amstel, Gooi en Vecht);Amstelveen;Kooldioxide (CO2);3253282;kg
2013;220131;RWZI Westpoort;Amsterdam;Kooldioxide (CO2);14487052;kg
2013;220133;RWZI Arnhem-Zuid;Arnhem;Kooldioxide (CO2);4647199;kg
2013;220136;RWZI Asten (Waterschap Aa en Maas);Heusden;Kooldioxide (CO2);1828654;kg
2013;220138;RWZI Emmen;Nieuw-Amsterdam;Kooldioxide (CO2);4462785;kg
2013;220139;RWZI Bath;Rilland;Kooldioxide (CO2);14039008;kg
2013;220150;Hoogheemraadschap Hollands Noorderkwartier SDI/RWZI Beverwijk;Beverwijk;Kooldioxide (CO2);34836687;kg
2013;220188;Hoogheemraadschap Hollands Noorderkwartier RWZI Den Helder;Den Helder;Kooldioxide (CO2);3699023;kg
2013;220191;RWZI Deventer;Deventer;Kooldioxide (CO2);3897154;kg
2013;220200;RWZI Dongemond;Oosterhout;Kooldioxide (CO2);4466448;kg
2013;220201;RWZI Dordrecht;Dordrecht;Kooldioxide (CO2);4188448;kg
2013;220209;RWZI Echten;Hoogeveen;Kooldioxide (CO2);2690000;kg
2013;220213;RWZI Elburg;Elburg;Kooldioxide (CO2);4689586;kg
2013;220217;RWZI Etten;Terborg;Kooldioxide (CO2);5727321;kg
2013;220223;Hoogheemraadschap Hollands Noorderkwartier RWZI Geestmerambacht;Warmenhuizen;Kooldioxide (CO2);3987720;kg
2013;220233;RWZI Goor;Goor;Kooldioxide (CO2);8063634;kg
2013;220263;RWZI Hellevoetsluis;Hellevoetsluis;Kooldioxide (CO2);1933756;kg
2013;220264;Rioolwaterzuiveringsinstallatie Hengelo;Hengelo;Kooldioxide (CO2);3932000;kg
2013;220276;RWZI Horstermeer (HH Amstel, Gooi en Vechtstreek);Nederhorst den Berg;Kooldioxide (CO2);16721514;kg
2013;220326;AWZI Nieuwe Waterweg;Hoek Van Holland;Kooldioxide (CO2);1823804;kg
2013;220328;RWZI Nieuwegein;Nieuwegein;Kooldioxide (CO2);8155738;kg
2013;220364;RWZI Renkum;Renkum;Kooldioxide (CO2);2782145;kg
2013;220369;RWZI Rijen;Rijen;Kooldioxide (CO2);2321879;kg
2013;220376;Rioolwaterzuiveringsinstallatie (RWZI) Roermond;Roermond;Kooldioxide (CO2);3354568;kg
2013;220382;RWZI Schelluinen;Schelluinen;Kooldioxide (CO2);2438843;kg
2013;220387;RWZI Den Bosch (Waterschap Aa en Maas);'s-Hertogenbosch;Kooldioxide (CO2);9180069;kg
2013;220392;RWZI Sleeuwijk/Zuivering Sleeuwijk;Sleeuwijk;Kooldioxide (CO2);1943204;kg
2013;220410;RWZI Terneuzen;Terneuzen;Kooldioxide (CO2);842041;kg
2013;220412;RWZI Terwolde;Terwolde;Kooldioxide (CO2);1045825;kg
2013;220416;RWZI Tilburg Noord;Tilburg;Kooldioxide (CO2);10993399;kg
2013;220429;RWZI Veenendaal;Overberg;Kooldioxide (CO2);3937818;kg
2013;220432;RWZI Vinkel (Waterschap Aa en Maas);Vinkel;Kooldioxide (CO2);863185;kg
2013;220443;RWZI Walcheren;Ritthem;Kooldioxide (CO2);3655164;kg
2013;220451;Hoogheemraadschap Hollands Noorderkwartier RWZI Wervershoof;Wervershoof;Kooldioxide (CO2);5723595;kg
2013;220460;RWZI Willem Annapolder;Kapelle;Kooldioxide (CO2);2353527;kg
2013;220469;Hoogheemraadschap Hollands Noorderkwartier RWZI Zaandam-Oost;Zaandam;Kooldioxide (CO2);5022188;kg
2013;220478;RWZI Zutphen;Zutphen;Kooldioxide (CO2);3431364;kg
2013;220481;RWZI Zwijndrecht;Zwijndrecht;Kooldioxide (CO2);3249529;kg
2013;220482;RWZI Zwolle;Zwolle;Kooldioxide (CO2);5711278;kg
2013;220537;RWZI Harnaschpolder (Hoogheemraadschap van Delfland);Den Hoorn;Kooldioxide (CO2);23783080;kg
2014;59;Koninklijke Mosa BV Wandtegelfabriek & Vloertegelfabriek;Maastricht;Kooldioxide (CO2);19648030;kg
2014;60;Sappi Maastricht BV;Maastricht;Kooldioxide (CO2);147496593;kg
2014;62;Chemelot Site Permit BV;Geleen;Kooldioxide (CO2);4817571000;kg
2014;65;PQ Silicas BV;Eijsden;Kooldioxide (CO2);25117284;kg
2014;66;Marsna Paper B.V.;Meerssen;Kooldioxide (CO2);4696802;kg
2014;79;Steenfabriek Linssen BV;Kerkrade;Kooldioxide (CO2);2133330;kg
2014;84;BASF Nederland B.V.;Maastricht;Kooldioxide (CO2);2919655;kg
2014;90;VDL Castings Heerlen BV;Hoensbroek;Kooldioxide (CO2);13027596;kg
2014;94;Steenfabriek Gebroeders Klinkers BV;Maastricht;Kooldioxide (CO2);5852000;kg
2014;95;Vandersanden Beek BV;Beek;Kooldioxide (CO2);7029000;kg
2014;113;VDL Nedcar B.V.;Born;Kooldioxide (CO2);12594633;kg
2014;125;Stichting Parkmanagement Wolfsweg 75;Eygelshoven;Kooldioxide (CO2);177000;kg
2014;148;ENCI BV (Maastricht);Maastricht;Kooldioxide (CO2);507746880;kg
2014;151;O-I Netherlands BV (Maastricht);Maastricht;Kooldioxide (CO2);88368775;kg
2014;159;Fenzi AGT Netherlands B.V.;Maastricht;Kooldioxide (CO2);3648616;kg
2014;166;Slachthuis Kerkrade BV;Kerkrade;Kooldioxide (CO2);286599;kg
2014;174;Tata Steel Nederland Tubes BV locatie Maastricht;Maastricht;Kooldioxide (CO2);447200;kg
2014;176;Caradon Stelrad BV;Nuth;Kooldioxide (CO2);1433112;kg
2014;325;Lawter Maastricht BV;Maastricht;Kooldioxide (CO2);2569167;kg
2014;326;Wienerberger Steenfabriek Poriso;Brunssum;Kooldioxide (CO2);16630000;kg
2014;1104;Solvay Chemie BV;Herten;Kooldioxide (CO2);2352844;kg
2014;1107;Nouryon Functional Chemicals B.V.;Herkenbosch;Kooldioxide (CO2);11105150;kg
2014;1404;DSM Pharma Chemicals Venlo BV;Venlo;Kooldioxide (CO2);4750019;kg
2014;2748;Steinzeug-Keramo BV (Belfeld);Belfeld;Kooldioxide (CO2);2505000;kg
2014;3062;Verzinkerij Van Aert BV;Nederweert;Kooldioxide (CO2);1610000;kg
2014;3066;Verzinkerij Weert BV en Electrocoat BV Weert Groep;Stramproy;Kooldioxide (CO2);3636540;kg
2014;3068;Coatinc Mook B.V.;Mook;Kooldioxide (CO2);1860000;kg
2014;3509;VDL Castings Weert BV;Weert;Kooldioxide (CO2);1076930;kg
2014;3513;MGG Netherlands BV;Tegelen;Kooldioxide (CO2);5091962;kg
2014;4001;Clauscentrale;Maasbracht;Kooldioxide (CO2);229038000;kg
2014;4301;Smurfit Westrock Roermond Paper BV;Roermond;Kooldioxide (CO2);170913000;kg
2014;4709;Kleiwarenfabriek Joosten Kessel BV;Kessel;Kooldioxide (CO2);7449000;kg
2014;4711;Wienerberger Steenfabriek Thorn;Thorn;Kooldioxide (CO2);7730000;kg
2014;4753;Rockwool B.V.;Roermond;Kooldioxide (CO2);125766000;kg
2014;5726;Wienerberger Steenfabriek Nuance;Afferden L;Kooldioxide (CO2);5861000;kg
2014;5727;EverZinc Nederland B.V.;Eijsden;Kooldioxide (CO2);20834705;kg
2014;5729;Celanese Production Netherlands B.V.;Geleen;Kooldioxide (CO2);2063427;kg
2014;5739;E-MAX BILLETS;Kerkrade;Kooldioxide (CO2);18968801;kg
2014;5740;WEPA Nederland B.V.;Swalmen;Kooldioxide (CO2);24362249;kg
2014;5750;FrieslandCampina Born;Born;Kooldioxide (CO2);6150000;kg
2014;5804;PQ Nederland BV;Maastricht;Kooldioxide (CO2);12130555;kg
2014;5821;Attero B.V. locatie Landgraaf;Landgraaf;Kooldioxide (CO2);1158794;kg
2014;10001;Nobian Industrial Chemicals BV (Rotterdam);Botlek Rotterdam;Kooldioxide (CO2);130176532;kg
2014;10002;Nouryon Performance Formulations b.v.;Europoort Rotterdam;Kooldioxide (CO2);18700;kg
2014;10003;Synres B.V.;Hoek Van Holland;Kooldioxide (CO2);6023400;kg
2014;10004;Lyondell Chemical Nederland Ltd.;Botlek Rotterdam;Kooldioxide (CO2);121944908;kg
2014;10006;Shell Nederland Chemie BV (Pernis);Vondelingenplaat Rotterdam;Kooldioxide (CO2);45826763;kg
2014;10016;Climax Molybdenum BV;Botlek Rotterdam;Kooldioxide (CO2);8940092;kg
2014;10042;Kemira Rotterdam B.V. - locatie Botlek;Botlek Rotterdam;Kooldioxide (CO2);466000;kg
2014;10048;Compaxo Gouda BV;Gouda;Kooldioxide (CO2);4780000;kg
2014;10057;Shell Nederland Raffinaderij BV;Vondelingenplaat Rotterdam;Kooldioxide (CO2);4225226233;kg
2014;10058;BP Raffinaderij Rotterdam B.V.;Europoort Rotterdam;Kooldioxide (CO2);2313412000;kg
2014;10059;Gunvor Energy Rotterdam B.V. (GPR);Europoort Rotterdam;Kooldioxide (CO2);539973303;kg
2014;10061;Esso Nederland BV (Raffinaderij Rotterdam);Botlek Rotterdam;Kooldioxide (CO2);2236010148;kg
2014;10062;ExxonMobil Chemical Holland BV (RAP);Botlek Rotterdam;Kooldioxide (CO2);390108987;kg
2014;10063;AVR-Afvalverwerking;Botlek Rotterdam;Kooldioxide (CO2);1512700000;kg
2014;10064;Almatis BV;Botlek Rotterdam;Kooldioxide (CO2);18398191;kg
2014;10066;Kemira Rotterdam BV locatie Europoort;Europoort Rotterdam;Kooldioxide (CO2);6782750;kg
2014;10069;Standic BV;Dordrecht;Kooldioxide (CO2);642088;kg
2014;10073;Tronox Pigments (Holland) BV;Botlek Rotterdam;Kooldioxide (CO2);90176612;kg
2014;10076;HVC AfvalEnergieCentrale Dordrecht;Dordrecht;Kooldioxide (CO2);323000000;kg
2014;10078;Ruigenhil Vastgoed B.V. (Nedstaal/FNSteel/Heros);Alblasserdam;Kooldioxide (CO2);41484565;kg
2014;10079;Chemours Netherlands B.V.;Dordrecht;Kooldioxide (CO2);125608164;kg
2014;10086;NV Nutricia Zoetermeer;Zoetermeer;Kooldioxide (CO2);12252311;kg
2014;10089;Prysmian Netherlands B.V.;Delft;Kooldioxide (CO2);946082;kg
2014;10090;Avery Dennison Materials BV;Hazerswoude-Rijndijk;Kooldioxide (CO2);5371800;kg
2014;10097;SD Guthrie International Zwijndrecht Refinery B.V.;Zwijndrecht;Kooldioxide (CO2);52922481;kg
2014;10100;Bakelite Botlek Rotterdam;Botlek Rotterdam;Kooldioxide (CO2);7342000;kg
2014;10546;Lactalis Leerdammer BV (Schoonrewoerd);Schoonrewoerd;Kooldioxide (CO2);11160358;kg
2014;10590;FrieslandCampina Rotterdam;Rotterdam;Kooldioxide (CO2);2458027;kg
2014;10621;Hunter Douglas Europe BV;Rotterdam;Kooldioxide (CO2);10388173;kg
2014;10687;Biotech Campus Delft;Delft;Kooldioxide (CO2);80833229;kg
2014;10689;Air Products Nederland BV (Botlek);Botlek Rotterdam;Kooldioxide (CO2);278096894;kg
2014;10698;Cargill Bioindustrial BV;Gouda;Kooldioxide (CO2);39085601;kg
2014;10722;O-I Manufacturing Netherlands BV Schiedam;Schiedam;Kooldioxide (CO2);62161126;kg
2014;10723;O-I Netherlands BV (Leerdam);Leerdam;Kooldioxide (CO2);110361501;kg
2014;10728;Cargill Refined Oils Europe;Botlek Rotterdam;Kooldioxide (CO2);25224920;kg
2014;10733;Upfield Sourcing Nederland BV;Rotterdam;Kooldioxide (CO2);4180645;kg
2014;10789;BMI Productie Nederland BV Woerden;Woerden;Kooldioxide (CO2);8863294;kg
2014;10793;Tata Steel Nederland Tubes BV locatie Zwijndrecht;Zwijndrecht;Kooldioxide (CO2);1232683;kg
2014;10829;Cosun Beet company (Puttershoek);Puttershoek;Kooldioxide (CO2);0;kg
2014;10921;Damen Shiprepair Rotterdam BV;Schiedam;Kooldioxide (CO2);414784;kg
2014;10928;Aluminium & Chemie Rotterdam B.V.;Botlek Rotterdam;Kooldioxide (CO2);168533243;kg
2014;10951;Uniper Centrale Leiden;Leiden;Kooldioxide (CO2);134664000;kg
2014;10953;Uniper Centrale Den Haag;'s-Gravenhage;Kooldioxide (CO2);145128000;kg
2014;10982;Galvanisch Bedrijf Chromolux;Rotterdam;Kooldioxide (CO2);339670;kg
2014;10983;IHC Kinderdijk;Nieuw-Lekkerland;Kooldioxide (CO2);2939718;kg
2014;10998;Draka Interfoam;Hillegom;Kooldioxide (CO2);670039;kg
2014;11024;Cabot B.V.;Botlek Rotterdam;Kooldioxide (CO2);222217645;kg
2014;11034;Dossche Mils NV;Rotterdam;Kooldioxide (CO2);3760000;kg
2014;11046;PURAC Biochem B.V.;Gorinchem;Kooldioxide (CO2);19240780;kg
2014;11047;Vecom Metal Treatment BV;Maassluis;Kooldioxide (CO2);151000;kg
2014;11090;Chane Terminal Botlek B.V.;Botlek Rotterdam;Kooldioxide (CO2);13630939;kg
2014;11100;Katwijk Chemie BV;Katwijk;Kooldioxide (CO2);1211000;kg
2014;11105;Heineken Netherlands Supply B.V., brouwerij Zoeterwoude;Zoeterwoude;Kooldioxide (CO2);79562341;kg
2014;11111;Ashland Industries Nederland B.V.;Zwijndrecht;Kooldioxide (CO2);18546231;kg
2014;11230;Damen Verolme BV;Botlek Rotterdam;Kooldioxide (CO2);1982365;kg
2014;11235;RZB Holding BV;Rotterdam;Kooldioxide (CO2);59650;kg
2014;11366;LANXESS Rotterdam Botlek;Botlek Rotterdam;Kooldioxide (CO2);69435705;kg
2014;11413;Damen Ship Repair Rotterdam (locatie Pernis);Pernis Rotterdam;Kooldioxide (CO2);409000;kg
2014;11532;Coatinc Alblasserdam BV;Alblasserdam;Kooldioxide (CO2);2041000;kg
2014;11658;Farm Frites BV;Oudenhoorn;Kooldioxide (CO2);27519862;kg
2014;12134;Archer Daniels Midland Europoort BV (ADM);Europoort Rotterdam;Kooldioxide (CO2);163100000;kg
2014;12135;ExxonMobil Chemical Holland BV (ROP van RPI);Europoort Rotterdam;Kooldioxide (CO2);53021939;kg
2014;12147;E.ON Warmte Station Galileistraat;Rotterdam;Kooldioxide (CO2);105131470;kg
2014;12149;Uniper Benelux NV (Maasvlakte);Maasvlakte Rotterdam;Kooldioxide (CO2);6698184989;kg
2014;12150;Uniper Centrale RoCa;Rotterdam;Kooldioxide (CO2);462133869;kg
2014;12151;Uniper HWC Blekerstraat;Rotterdam;Kooldioxide (CO2);647000;kg
2014;12152;Uniper HWC Delftsevaart;Rotterdam;Kooldioxide (CO2);9735887;kg
2014;12157;HVC ZVI B.V.;Dordrecht;Kooldioxide (CO2);12070898;kg
2014;12158;HVC Slibverbrandingsinstallatie;Dordrecht;Kooldioxide (CO2);111031000;kg
2014;12162;Evos Rotterdam B.V.;Europoort Rotterdam;Kooldioxide (CO2);14694438;kg
2014;12163;EPS BV;Hendrik-Ido-Ambacht;Kooldioxide (CO2);479371;kg
2014;12166;TU Delft Warmtekrachtcentrale;Delft;Kooldioxide (CO2);14422280;kg
2014;12167;UZIMET BV;Rijswijk;Kooldioxide (CO2);727776;kg
2014;12168;INV NYLON CHEMICALS NETHERLANDS B.V.;Botlek Rotterdam;Kooldioxide (CO2);7409220;kg
2014;12170;FrieslandCampina Maasdam;Maasdam;Kooldioxide (CO2);4490759;kg
2014;12171;Zuivelfabriek De Graafstroom;Bleskensgraaf Ca;Kooldioxide (CO2);3788640;kg
2014;12172;Promelca B.V. (Gorinchem);Gorinchem;Kooldioxide (CO2);33870292;kg
2014;12174;Ducor Petrochemicals B.V.;Botlek Rotterdam;Kooldioxide (CO2);7465200;kg
2014;12175;Air Liquide Industrie BV;Botlek Rotterdam;Kooldioxide (CO2);804834000;kg
2014;12177;VPR Energy B.V.;Europoort Rotterdam;Kooldioxide (CO2);71837600;kg
2014;19004;ExxonMobil Chemical Holland BV (RPP van RPI);Botlek Rotterdam;Kooldioxide (CO2);48870000;kg
2014;19032;Janssen Biologics BV;Leiden;Kooldioxide (CO2);3783658;kg
2014;19048;Refresco Benelux BV;Bodegraven;Kooldioxide (CO2);3643000;kg
2014;19070;Indorama Ventures Europe BV;Europoort Rotterdam;Kooldioxide (CO2);125174968;kg
2014;19071;Shin-Etsu PVC BV (VCM Botlek);Botlek Rotterdam;Kooldioxide (CO2);105319713;kg
2014;19072;FrieslandCampina Nederland B.V.;Noordwijk;Kooldioxide (CO2);2000000;kg
2014;19073;Westlake Epoxy B.V.;Vondelingenplaat Rotterdam;Kooldioxide (CO2);42178484;kg
2014;21010;Sonneborn Refined Products BV (Amsterdam);Amsterdam;Kooldioxide (CO2);15928936;kg
2014;21011;Rütgers Resins B.V.;Uithoorn;Kooldioxide (CO2);11820000;kg
2014;21101;Ketjen Netherlands BV;Amsterdam;Kooldioxide (CO2);69865424;kg
2014;21102;ICL FERTILIZERS EUROPE C.V.;Amsterdam;Kooldioxide (CO2);12550000;kg
2014;21301;LANXESS Manufacturing Netherlands BV;Amsterdam;Kooldioxide (CO2);4398565;kg
2014;21302;Abbott Healthcare Products BV (Weesp);Weesp;Kooldioxide (CO2);13367000;kg
2014;21304;Givaudan Nederland B.V. (Naarden);Naarden;Kooldioxide (CO2);4389000;kg
2014;21403;Norit Nederland BV (Zaandam);Zaandam;Kooldioxide (CO2);37116276;kg
2014;21507;MAIN BV;Amsterdam;Kooldioxide (CO2);2140000;kg
2014;21528;N.V. Nederlandse Gasunie (Wieringermeer);Middenmeer;Kooldioxide (CO2);2621213;kg
2014;21529;Gasunie Transport Services B.V.;Heemskerk;Kooldioxide (CO2);1872751;kg
2014;21530;OQ Chemicals Nederland BV;Amsterdam;Kooldioxide (CO2);4099000;kg
2014;22006;FrieslandCampina Nederland B.V. Lutjewinkel;Lutjewinkel;Kooldioxide (CO2);6810000;kg
2014;22008;Kaptein PCF;Oosthuizen;Kooldioxide (CO2);506477;kg
2014;22012;CONO Kaasmakers (Middenbeemster);Westbeemster;Kooldioxide (CO2);8329113;kg
2014;22102;Bunge Loders Croklaan Worrmerveer;Wormerveer;Kooldioxide (CO2);18713472;kg
2014;22602;Tate & Lyle Netherlands BV;Koog aan de Zaan;Kooldioxide (CO2);94225059;kg
2014;22617;Bunge Netherlands BV;Amsterdam;Kooldioxide (CO2);56787100;kg
2014;22626;Cargill BV (Multiseed);Amsterdam;Kooldioxide (CO2);28844704;kg
2014;23301;Tata Steel IJmuiden BV;Velsen-Noord;Kooldioxide (CO2);5930690000;kg
2014;24000;Vattenfall Power Generation B.V. (Hemweg);Amsterdam;Kooldioxide (CO2);2653025449;kg
2014;24002;Vattenfall Power Generation B.V. (Diemen);Diemen;Kooldioxide (CO2);1063858095;kg
2014;24003;Vattenfall Power Generation B.V. (Velsen);Velsen-Noord;Kooldioxide (CO2);3984651002;kg
2014;24007;Nuon Power Generation BV Purmerend WKC;Purmerend;Kooldioxide (CO2);45205948;kg
2014;24302;Crown van Gelder International B.V.;Velsen-Noord;Kooldioxide (CO2);145923315;kg
2014;24605;Forbo Flooring BV;Assendelft;Kooldioxide (CO2);12953818;kg
2014;24606;BN International BV;Huizen;Kooldioxide (CO2);7793500;kg
2014;28070;Alpha Assembly Solutions Netherlands BV;Naarden;Kooldioxide (CO2);1140000;kg
2014;28072;Quaker Chemical B.V. (A Quaker Houghton Company);Uithoorn;Kooldioxide (CO2);2329499;kg
2014;28085;AEB Amsterdam;Amsterdam;Kooldioxide (CO2);1451580636;kg
2014;28091;HVC N.V.;Alkmaar;Kooldioxide (CO2);877060000;kg
2014;28094;Linde Gas IJmuiden;Velsen-Noord;Kooldioxide (CO2);3756000;kg
2014;28097;A-ware Zaandam BV;Zaandam;Kooldioxide (CO2);295000;kg
2014;28098;FrieslandCampina Limmen (Ecomel);Limmen;Kooldioxide (CO2);736000;kg
2014;28175;Waeles Nederland BV;Nieuw-Vennep;Kooldioxide (CO2);208538;kg
2014;28176;Vattenfall Power Generation B.V. (IJmond 1);Velsen-Noord;Kooldioxide (CO2);2115650859;kg
2014;31311;CARBOGEN AMCIS B.V.;Veenendaal;Kooldioxide (CO2);2940000;kg
2014;33104;Trivium Aluminium Packaging Netherlands B.V.;Veenendaal;Kooldioxide (CO2);6050807;kg
2014;33414;IQatalyst B.V.;De Meern;Kooldioxide (CO2);8209116;kg
2014;34303;Remia CV;Den Dolder;Kooldioxide (CO2);4630000;kg
2014;38002;Stichting AL-terrein;Bilthoven;Kooldioxide (CO2);14913225;kg
2014;39103;Koninklijke ERU Kaasfabriek B.V.;Woerden;Kooldioxide (CO2);500338;kg
2014;39105;Vrumona;Bunnik;Kooldioxide (CO2);5127213;kg
2014;41003;Shell Nederland Chemie BV (Moerdijk);Moerdijk;Kooldioxide (CO2);1917371383;kg
2014;41101;SABIC Innovative Plastics BV;Bergen op Zoom;Kooldioxide (CO2);398876472;kg
2014;41102;Allnex Netherlands B.V.;Bergen op Zoom;Kooldioxide (CO2);11432367;kg
2014;41103;Synthos Breda BV;Breda;Kooldioxide (CO2);7019563;kg
2014;41106;IFF Nederland BV;Tilburg;Kooldioxide (CO2);8698400;kg
2014;41108;Caldic Chemie Produktie BV;Zevenbergen;Kooldioxide (CO2);8317394;kg
2014;41113;BEWI RAW BV;Etten-Leur;Kooldioxide (CO2);6684680;kg
2014;41307;Aspen Oss B.V.;Oss;Kooldioxide (CO2);24817000;kg
2014;41402;Trobas Gelatine B.V.;Dongen;Kooldioxide (CO2);9107466;kg
2014;41428;Covestro (Netherlands) B.V., vestiging Waalwijk;Waalwijk;Kooldioxide (CO2);4661000;kg
2014;41502;Ravenstein;Ravenstein;Kooldioxide (CO2);8971267;kg
2014;41521;Afvalstoffen Terminal Moerdijk BV (ATM);Moerdijk;Kooldioxide (CO2);230845596;kg
2014;42022;Nutricia Cuijk B.V.;Cuijk;Kooldioxide (CO2);10687183;kg
2014;42034;FrieslandCampina DMV B.V.;Veghel;Kooldioxide (CO2);110980000;kg
2014;42206;Mars Nederland BV;Veghel;Kooldioxide (CO2);13365000;kg
2014;42310;Cosun Beet Company-Dinteloord;Dinteloord;Kooldioxide (CO2);135877000;kg
2014;42408;Swinkels Family Brewers N.V.;Lieshout;Kooldioxide (CO2);52659000;kg
2014;42410;Heineken Netherlands Supply B.V. (Den Bosch);'s-Hertogenbosch;Kooldioxide (CO2);17663206;kg
2014;42629;Cargill BV;Bergen op Zoom;Kooldioxide (CO2);19614675;kg
2014;42823;Zwanenberg Food Oss b.v.;Oss;Kooldioxide (CO2);11899000;kg
2014;42834;Rendac Son BV;Son en Breugel;Kooldioxide (CO2);72198379;kg
2014;43002;Mannesmann Precision Tubes Netherlands BV;Helmond;Kooldioxide (CO2);1821108;kg
2014;43003;Tata Steel Nederland Tubes BV locatie Oosterhout;Oosterhout;Kooldioxide (CO2);1917200;kg
2014;43013;Nyrstar Budel BV;Budel-Dorplein;Kooldioxide (CO2);38568000;kg
2014;43024;Nedschroef Helmond BV;Helmond;Kooldioxide (CO2);6940869;kg
2014;43135;Ahrend Produktiebedrijf Sint-Oedenrode BV;Sint-Oedenrode;Kooldioxide (CO2);1094160;kg
2014;43139;Ardagh Metal Packaging Netherlands B.V.;Oss;Kooldioxide (CO2);714218;kg
2014;43205;Coatinc West Brabant BV;Oudenbosch;Kooldioxide (CO2);269963;kg
2014;43210;Aalberts Surface Technologies BV;Eindhoven;Kooldioxide (CO2);684697;kg
2014;43216;SPGPrints;Boxmeer;Kooldioxide (CO2);3478865;kg
2014;43403;DAF Trucks N.V.;Eindhoven;Kooldioxide (CO2);25431000;kg
2014;43513;LDM b.v.;Drunen;Kooldioxide (CO2);1768669;kg
2014;43856;Hydro Extrusion Drunen;Drunen;Kooldioxide (CO2);10350051;kg
2014;43869;Efté Coating BV;Eindhoven;Kooldioxide (CO2);663126;kg
2014;44004;Amer Centrale;Geertruidenberg;Kooldioxide (CO2);6826136088;kg
2014;44006;RWZI Oijen (Waterschap Aa en Maas);Oijen;Kooldioxide (CO2);6457677;kg
2014;44007;PreZero Energy Roosendaal B.V.;Roosendaal;Kooldioxide (CO2);328741751;kg
2014;44008;Ennatuurlijk BV, WKC Helmond;Helmond;Kooldioxide (CO2);51199128;kg
2014;44009;BV Afvalverbranding Zuid Nederland (AZN);Moerdijk;Kooldioxide (CO2);962000000;kg
2014;44162;Vlisco Netherlands BV;Helmond;Kooldioxide (CO2);30815889;kg
2014;44301;Saica Flex Netherlands B.V.;Etten-Leur;Kooldioxide (CO2);1591589;kg
2014;44709;Steenfabriek Engels Oeffelt BV;Oeffelt;Kooldioxide (CO2);13625759;kg
2014;44772;Ardagh Glass Dongen BV;Dongen;Kooldioxide (CO2);95590254;kg
2014;44773;Saint Gobain Construction Products NL BV;Etten-Leur;Kooldioxide (CO2);39523675;kg
2014;45669;Caligen Europe BV;Breda;Kooldioxide (CO2);290360;kg
2014;47001;Slibverwerking Noord-Brabant NV;Moerdijk;Kooldioxide (CO2);141334000;kg
2014;48002;Unipol Holland BV;Oss;Kooldioxide (CO2);5145488;kg
2014;48018;FUJIFILM Manufacturing Europe B.V.;Tilburg;Kooldioxide (CO2);31370389;kg
2014;48022;Dr. W. Kolb Nederland BV;Klundert;Kooldioxide (CO2);2501250;kg
2014;48023;FrieslandCampina Rijkevoort (Holland Cheese);Rijkevoort;Kooldioxide (CO2);7869000;kg
2014;48024;Essity Operations Cuijk B.V.;Katwijk NB;Kooldioxide (CO2);18627761;kg
2014;48029;FrieslandCampina Eindhoven (Consumer Products Europe);Eindhoven;Kooldioxide (CO2);3509000;kg
2014;48031;FrieslandCampina Butter & Milkpowder - Den Bosch;'s-Hertogenbosch;Kooldioxide (CO2);3255446;kg
2014;48051;KBM Master Alloys BV (Oss);Oss;Kooldioxide (CO2);1046739;kg
2014;48054;Van Swaay Duurzaam Hout Schijndel;Schijndel;Kooldioxide (CO2);275000;kg
2014;48072;Essent WKC 's-Hertogenbosch;'s-Hertogenbosch;Kooldioxide (CO2);0;kg
2014;48073;Nedzink BV;Budel-Dorplein;Kooldioxide (CO2);1170957;kg
2014;48082;Ennatuurlijk BV, PS Breda;Breda;Kooldioxide (CO2);205204;kg
2014;48083;WKC Bergen op Zoom;Bergen op Zoom;Kooldioxide (CO2);0;kg
2014;48084;Ennatuurlijk BV, WKC Eindhoven;Eindhoven;Kooldioxide (CO2);16519334;kg
2014;48087;Proviande Beef;Someren;Kooldioxide (CO2);142836;kg
2014;48113;Keizersberg Diervoeders Elsendorp B.V.;Milheeze;Kooldioxide (CO2);39890;kg
2014;48132;Pali Geldrop BV;Geldrop;Kooldioxide (CO2);500918;kg
2014;48147;Van Oerle Alberton BV (Boxtel);Boxtel;Kooldioxide (CO2);1680118;kg
2014;48177;Peka Kroef B.V. Odiliapeel;Odiliapeel;Kooldioxide (CO2);22687713;kg
2014;49006;WKC Moerdijk;Moerdijk;Kooldioxide (CO2);430198840;kg
2014;49010;Basell Benelux B.V.;Moerdijk;Kooldioxide (CO2);18529000;kg
2014;49013;Ardagh Glass Moerdijk BV;Moerdijk;Kooldioxide (CO2);59237190;kg
2014;49016;BECC B.V.;Katwijk NB;Kooldioxide (CO2);0;kg
2014;49017;Merck Sharp & Dohme B.V.;Oss;Kooldioxide (CO2);4208000;kg
2014;49026;Attero B.V. locatie Tilburg (Spinder);Tilburg;Kooldioxide (CO2);1448760;kg
2014;49027;FrieslandCampina Nuenen;Nuenen;Kooldioxide (CO2);1012600;kg
2014;49033;Agristo Tilburg BV;Tilburg;Kooldioxide (CO2);28734000;kg
2014;51101;Synthomer Middelburg BV;Middelburg;Kooldioxide (CO2);57390000;kg
2014;51102;Rosier Nederland B.V.;Sas Van GEnt;Kooldioxide (CO2);17196711;kg
2014;51104;Dow Benelux BV (Hoek);Hoek;Kooldioxide (CO2);2763270106;kg
2014;51105;YARA Sluiskil BV;Sluiskil;Kooldioxide (CO2);3182578686;kg
2014;51107;ARKEMA B.V. location Vlissingen;Vlissingen;Kooldioxide (CO2);4762434;kg
2014;51404;ICL-IP Terneuzen BV;Terneuzen;Kooldioxide (CO2);17176400;kg
2014;51501;Zeeland Refinery N.V.;Nieuwdorp;Kooldioxide (CO2);1326768599;kg
2014;52612;Cargill Benelux BV;Sas Van GEnt;Kooldioxide (CO2);234188199;kg
2014;52615;Koninklijke Zeelandia;Zierikzee;Kooldioxide (CO2);1551038;kg
2014;53129;Damen Schelde Naval Shipbuilding B.V. en Damen Shiprepair Vlissingen B.V.;Ritthem;Kooldioxide (CO2);1353505;kg
2014;53504;Zeeland Aluminium Company (Zalco BV);Vlissingen;Kooldioxide (CO2);7948900;kg
2014;54001;EPZ NV (Conventional Operations);Borssele;Kooldioxide (CO2);2083990867;kg
2014;56118;Stepan Nederland BV;Ritthem;Kooldioxide (CO2);2275067;kg
2014;56119;Decontamination Services BV;Ritthem;Kooldioxide (CO2);14498000;kg
2014;56123;Stortplaats Koegorspolder BV (OLAZ);Terneuzen;Kooldioxide (CO2);1789063;kg
2014;56125;Stortplaats Noord- en Midden-Zeeland BV (OLAZ);Nieuwdorp;Kooldioxide (CO2);9874559;kg
2014;61213;PPG Coatings B.V.;Tiel;Kooldioxide (CO2);965895;kg
2014;61407;SABA Dinxperlo BV;Dinxperlo;Kooldioxide (CO2);359000;kg
2014;61411;Sonac Vuren BV;Vuren;Kooldioxide (CO2);33706005;kg
2014;61418;SACHEM Europe BV;Zaltbommel;Kooldioxide (CO2);34275900;kg
2014;61424;Veolia Industriediensten BV;Arnhem;Kooldioxide (CO2);65912942;kg
2014;61436;Givaudan Nederland BV (Barneveld);Barneveld;Kooldioxide (CO2);818800;kg
2014;61517;Gasunie Zweekhorst;Zevenaar;Kooldioxide (CO2);8145796;kg
2014;62009;FrieslandCampina Butter&Milkpowder (Lochem);Lochem;Kooldioxide (CO2);41910940;kg
2014;62010;Nestlé Nederland BV (Nunspeet);Nunspeet;Kooldioxide (CO2);14235825;kg
2014;62013;FrieslandCampina Steenderen;Steenderen;Kooldioxide (CO2);4560000;kg
2014;62025;FrieslandCampina (Borculo);Borculo;Kooldioxide (CO2);56665649;kg
2014;62031;Arla Foods BV;Nijkerk;Kooldioxide (CO2);11671946;kg
2014;62107;Gesloten stortplaats Armhoede;Lochem;Kooldioxide (CO2);514789;kg
2014;62406;Riedel BV;Ede;Kooldioxide (CO2);2776142;kg
2014;62509;H.J. Heinz Holding BV;Elst;Kooldioxide (CO2);6130000;kg
2014;62512;Struik Foods Netherlands;Nijkerk;Kooldioxide (CO2);5629862;kg
2014;62802;Ekro BV;Apeldoorn;Kooldioxide (CO2);792000;kg
2014;62806;VION Apeldoorn b.v.;Apeldoorn;Kooldioxide (CO2);2610000;kg
2014;62812;Compaxo Vlees Zevenaar BV;Zevenaar;Kooldioxide (CO2);3090000;kg
2014;62852;Pluimveeslachterij Van den Bor BV;Nijkerkerveen;Kooldioxide (CO2);1159307;kg
2014;62925;Aviko BV;Steenderen;Kooldioxide (CO2);62898450;kg
2014;63012;KME Netherlands B.V.;Zutphen;Kooldioxide (CO2);5539181;kg
2014;63399;Scheepswerf De Hoop BV;Tolkamer;Kooldioxide (CO2);445224;kg
2014;63504;Gieterij Doesburg BV;Doesburg;Kooldioxide (CO2);1230648;kg
2014;63505;Vulcanus Castings BV;Doetinchem;Kooldioxide (CO2);7464619;kg
2014;63508;Nijmeegsche IJzergieterij BV;Nijmegen;Kooldioxide (CO2);2431814;kg
2014;63509;LF Casting B.V.;Terborg;Kooldioxide (CO2);896908;kg
2014;63601;Hydro Extrusion Harderwijk;Harderwijk;Kooldioxide (CO2);2955228;kg
2014;63643;Veco B.V.;Eerbeek;Kooldioxide (CO2);924000;kg
2014;63669;Coatinc Anox bv.;Scherpenzeel;Kooldioxide (CO2);210772;kg
2014;64001;Centrale Gelderland;Nijmegen;Kooldioxide (CO2);2795062700;kg
2014;64004;AVR Afvalverwerking BV (Duiven);Duiven;Kooldioxide (CO2);484062425;kg
2014;64005;ARN B.V.;Weurt;Kooldioxide (CO2);317736631;kg
2014;64134;Sonac Loenen BV;Loenen;Kooldioxide (CO2);4520000;kg
2014;64304;Papierfabriek Doetinchem bv;Doetinchem;Kooldioxide (CO2);20728873;kg
2014;64308;Sappi Nijmegen BV/InnovioPapers;Nijmegen;Kooldioxide (CO2);62395202;kg
2014;64328;Koninklijke VIVBuisman B.V.;Zelhem;Kooldioxide (CO2);2235000;kg
2014;64335;DS Smith De Hoop B.V.;Eerbeek;Kooldioxide (CO2);213681599;kg
2014;64345;Folding Boxboard Eerbeek bv;Eerbeek;Kooldioxide (CO2);64242419;kg
2014;64354;VHP Security Paper B.V.;Ugchelen;Kooldioxide (CO2);5741000;kg
2014;64360;Smurfit Westrock Parenco B.V.;Renkum;Kooldioxide (CO2);173287740;kg
2014;64633;Aquinos BV (Kesteren);Kesteren;Kooldioxide (CO2);2178814;kg
2014;64641;Kamp Coating Apeldoorn BV;Apeldoorn;Kooldioxide (CO2);879111;kg
2014;64701;Steenfabriek De Rijswaard BV;Aalst;Kooldioxide (CO2);30340000;kg
2014;64703;B.V. Steenfabriek Huissenswaard;Angeren;Kooldioxide (CO2);18620709;kg
2014;64713;Wienerberger Steenfabriek Schipperswaard;Echteld;Kooldioxide (CO2);4643000;kg
2014;64715;Wienerberger BV Steenfabriek Erlecom;Erlecom;Kooldioxide (CO2);16263000;kg
2014;64718;Rodruza Steenfabriek de Zandberg;Gendt;Kooldioxide (CO2);11476000;kg
2014;64719;Wienerberger Steenfabriek Haaften;Haaften;Kooldioxide (CO2);16966000;kg
2014;64725;Wienerberger Steenfabriek Heteren;Heteren;Kooldioxide (CO2);7826000;kg
2014;64735;AGC Flatglass Nederland BV;Tiel;Kooldioxide (CO2);0;kg
2014;64740;Wienerberger Steenfabriek Wolfswaard;Opheusden;Kooldioxide (CO2);8972000;kg
2014;64741;Wienerberger Steenfabriek Kijfwaard Oost;Pannerden;Kooldioxide (CO2);9102000;kg
2014;64744;Steenfabriek Rossum B.V.;Rossum;Kooldioxide (CO2);12005000;kg
2014;64748;Steenfabriek Spijk BV;Spijk;Kooldioxide (CO2);24732000;kg
2014;64749;Steenfabriek Tolkamer BV;Tolkamer;Kooldioxide (CO2);31808000;kg
2014;64756;Wienerberger Steenfabriek De Vlijt;Winterswijk;Kooldioxide (CO2);9242000;kg
2014;64759;Steenfabriek Zennewijnen;Zennewijnen;Kooldioxide (CO2);8965000;kg
2014;65735;Steenfabriek Vogelensangh B.V.;Deest;Kooldioxide (CO2);3087412;kg
2014;65777;Wienerberger Steenfabriek Kijfwaard West;Pannerden;Kooldioxide (CO2);23071000;kg
2014;66001;Sibelco Winterswijk;Winterswijk;Kooldioxide (CO2);3699529;kg
2014;66201;Coldenhove Paper B.V.;Eerbeek;Kooldioxide (CO2);9480947;kg
2014;66206;TANATEX Chemicals BV;Ede;Kooldioxide (CO2);722332;kg
2014;66220;Smart Packaging Solutions B.V.;Loenen;Kooldioxide (CO2);12489682;kg
2014;66224;Wienerberger Dakpannenfabriek Narvik Deest;Deest;Kooldioxide (CO2);8048000;kg
2014;66239;Mead Johnson B.V.;Nijmegen;Kooldioxide (CO2);8449951;kg
2014;66244;Color Coating BV;Apeldoorn;Kooldioxide (CO2);576120;kg
2014;66248;Loparex BV;Apeldoorn;Kooldioxide (CO2);6244000;kg
2014;66253;Stichting Mestverwerking Gelderland SMG (KGBI Stroe);Stroe;Kooldioxide (CO2);3853360;kg
2014;66323;Stichting Mestverwerking Gelderland SMG (KGBI Ede);Ede;Kooldioxide (CO2);3443260;kg
2014;66325;Stichting Mestverwerking Gelderland SMG (KGBI Elspeet);Elspeet;Kooldioxide (CO2);2767962;kg
2014;66326;Stichting Mestverwerking Gelderland SMG (KGBI Putten);Putten;Kooldioxide (CO2);2674470;kg
2014;66355;PFW Aroma ingredients bv;Barneveld;Kooldioxide (CO2);1290000;kg
2014;69033;Vika BV;Ede;Kooldioxide (CO2);2378696;kg
2014;69057;Rotocoat Dieren BV;Spankeren;Kooldioxide (CO2);1278008;kg
2014;71102;KLK Kolb Specialties B.V.;Delden;Kooldioxide (CO2);5490000;kg
2014;71103;Nouryon Functional Chemicals;Deventer;Kooldioxide (CO2);7955625;kg
2014;71105;Nobian Chemicals BV (Hengelo);Hengelo;Kooldioxide (CO2);264257000;kg
2014;71514;Gasunie Vilsteren / Ommen;Vilsteren;Kooldioxide (CO2);4447824;kg
2014;72016;Royal Lactalis Leerdammer BV (Dalfsen);Dalfsen;Kooldioxide (CO2);5494414;kg
2014;72024;Ausnutria Kampen BV;Kampen;Kooldioxide (CO2);12358114;kg
2014;72027;Ausnutria Ommen B.V.;Ommen;Kooldioxide (CO2);4070000;kg
2014;72914;Abbott Laboratories B.V.;Zwolle;Kooldioxide (CO2);14524855;kg
2014;73239;Scania Production Zwolle BV;Zwolle;Kooldioxide (CO2);1820000;kg
2014;74003;Centrale Harculo;Zwolle;Kooldioxide (CO2);761231;kg
2014;74005;Ennatuurlijk BV, WKC Enschede;Enschede;Kooldioxide (CO2);431622;kg
2014;74120;Ten Cate Protect B.V.;Nijverdal;Kooldioxide (CO2);2225845;kg
2014;74154;TenCate Outdoor Fabrics BV;Nijverdal;Kooldioxide (CO2);3905900;kg
2014;74321;SARPI Netherlands B.V.;Almelo;Kooldioxide (CO2);661551;kg
2014;75305;locatie Boeldershoek;Hengelo;Kooldioxide (CO2);847127343;kg
2014;75315;locatie Elhorst Vloedbelt;Zenderen;Kooldioxide (CO2);1246882;kg
2014;75331;Zwanenberg Food Group B.V.;Almelo;Kooldioxide (CO2);2820000;kg
2014;75342;FrieslandCampina Balkbrug;Balkbrug;Kooldioxide (CO2);9998000;kg
2014;75349;CZ Rouveen kaasspecialiteiten;Rouveen;Kooldioxide (CO2);2440000;kg
2014;81103;Norit Nederland B.V.;Klazienaveen;Kooldioxide (CO2);170764000;kg
2014;81104;DOC Kaas (Zuivelfabriek);Hoogeveen;Kooldioxide (CO2);15194515;kg
2014;81202;AOC Nederland BV (Schoonebeek);Zandpol;Kooldioxide (CO2);4876000;kg
2014;82002;FrieslandCampina Domo B.V. (Beilen);Beilen;Kooldioxide (CO2);55190883;kg
2014;82603;Avebe u.a. (Gasselternijveen);Gasselternijveen;Kooldioxide (CO2);72636360;kg
2014;83501;2 RG;Klazienaveen;Kooldioxide (CO2);6088964;kg
2014;84808;SOLIDUS SOLUTIONS Board B.V. Coevorden;Coevorden;Kooldioxide (CO2);19996111;kg
2014;84999;FrieslandCampina Kievit (Meppel);Meppel;Kooldioxide (CO2);19698601;kg
2014;85002;Attero BV;Wijster;Kooldioxide (CO2);575244751;kg
2014;85003;Envalior Engineering Materials B.V.;Emmen;Kooldioxide (CO2);5260000;kg
2014;91505;N.V. Nederlandse Gasunie - compressorstation Aldeboarn;Aldeboarn;Kooldioxide (CO2);1848351;kg
2014;92001;FrieslandCampina Cheese Gerkesklooster;Gerkesklooster;Kooldioxide (CO2);17510831;kg
2014;92004;Hochwald Foods Nederland BV;Bolsward;Kooldioxide (CO2);8009312;kg
2014;92008;Phoenix BV;Scharsterbrug;Kooldioxide (CO2);17959124;kg
2014;92012;FrieslandCampina (Leeuwarden);Leeuwarden;Kooldioxide (CO2);63047059;kg
2014;92015;FrieslandCampina Dronrijp;Dronryp;Kooldioxide (CO2);6340000;kg
2014;92030;FrieslandCampina (Workum);Workum;Kooldioxide (CO2);25765986;kg
2014;92615;Sonac Burgum BV;Sumar;Kooldioxide (CO2);46713000;kg
2014;93604;Nederlandse Onttinningsfabriek BV;Leeuwarden;Kooldioxide (CO2);857000;kg
2014;94003;Centrale Bergum;Burgum;Kooldioxide (CO2);3623897;kg
2014;94301;Huhtamaki Nederland B.V.;Franeker;Kooldioxide (CO2);13620192;kg
2014;94607;Trioworld Harlingen;Harlingen;Kooldioxide (CO2);20200;kg
2014;94706;BASF Nederland B.V.;Heerenveen;Kooldioxide (CO2);5513866;kg
2014;95003;Lamb Weston / Meyer VOF (Klooster Lidlum);Klooster Lidlum;Kooldioxide (CO2);13752880;kg
2014;99011;Sonac Harlingen BV;Harlingen;Kooldioxide (CO2);1360000;kg
2014;101103;BioMCN B.V.;Farmsum;Kooldioxide (CO2);294751257;kg
2014;101104;Dow Benelux B.V.;Delfzijl;Kooldioxide (CO2);11080295;kg
2014;101105;P.Q. Silicas B.V.;Winschoten;Kooldioxide (CO2);17730000;kg
2014;101108;Qemetica NL Silica bv;Delfzijl;Kooldioxide (CO2);36441000;kg
2014;101404;Delamine B.V.;Farmsum;Kooldioxide (CO2);1614268;kg
2014;101405;Electric Glass Fiber NL, B.V.;Westerbroek;Kooldioxide (CO2);40863737;kg
2014;101407;Zeolyst CV;Farmsum;Kooldioxide (CO2);4913300;kg
2014;101408;Nedmag B.V.;Veendam;Kooldioxide (CO2);80153237;kg
2014;101515;Gasunie Transport Services B.V. - compressorstation Spijk;Eemshaven;Kooldioxide (CO2);5770501;kg
2014;102001;FrieslandCampina Nederland B.V.;Bedum;Kooldioxide (CO2);29314717;kg
2014;102008;Plixxent B.V.;Foxhol;Kooldioxide (CO2);104915;kg
2014;102302;Cosun Beet Company-Vierverlaten;Groningen;Kooldioxide (CO2);142112000;kg
2014;102504;Rixona BV;Warffum;Kooldioxide (CO2);20822376;kg
2014;102620;Coöperatie AVEBE U.A.;Ter Apelkanaal;Kooldioxide (CO2);116524395;kg
2014;102621;Avebe u.a. (Foxhol);Foxhol;Kooldioxide (CO2);25638559;kg
2014;103009;KBM Master Alloys B.V.;Delfzijl;Kooldioxide (CO2);3783016;kg
2014;104001;ENGIE Energie Nederland NV;Eemshaven;Kooldioxide (CO2);1928255223;kg
2014;104003;Delesto B.V.;Farmsum;Kooldioxide (CO2);540235787;kg
2014;104302;Solidus Solutions Board Groningen-Hoogkerk;Groningen;Kooldioxide (CO2);16611000;kg
2014;104304;Eska B.V.;Hoogezand;Kooldioxide (CO2);59458305;kg
2014;104305;Eska B.V.;Sappemeer;Kooldioxide (CO2);30452276;kg
2014;104307;Solidus Board Bad Nieuweschans B.V.;Bad Nieuweschans;Kooldioxide (CO2);35268537;kg
2014;104511;Gasunie mengstation Kootstertille (FR);Kootstertille;Kooldioxide (CO2);11159;kg
2014;104520;Ecopark De Wierde;Heerenveen;Kooldioxide (CO2);3127815;kg
2014;104521;FrieslandCampina Wolvega;Wolvega;Kooldioxide (CO2);408016;kg
2014;104611;Adapa the Netherlands BV;Leek;Kooldioxide (CO2);2169860;kg
2014;104710;ESD-SIC BV;Farmsum;Kooldioxide (CO2);129434179;kg
2014;104756;Steenindustrie Strating BV;Oude Pekela;Kooldioxide (CO2);4786000;kg
2014;105001;ChemCom Industries BV;Farmsum;Kooldioxide (CO2);6982000;kg
2014;105004;Teijin Aramid B.V.;Farmsum;Kooldioxide (CO2);16964506;kg
2014;105007;FrieslandCampina Nederland B.V.;Marum;Kooldioxide (CO2);9090273;kg
2014;105008;Hydro Extrusion Hoogezand B.V.;Hoogezand;Kooldioxide (CO2);3622321;kg
2014;105011;GOC Real Estate B.V. (North Refinery Refining & Trading Company);Farmsum;Kooldioxide (CO2);8372000;kg
2014;105016;Nobian Industrial Chemicals B.V. - SSC (Shared Service Center);Farmsum;Kooldioxide (CO2);3603800;kg
2014;105027;Kisuma Chemicals BV;Veendam;Kooldioxide (CO2);12763800;kg
2014;105029;Storteboom Foodgroup Kornhorn;Kornhorn;Kooldioxide (CO2);1897360;kg
2014;114001;Maxima-centrale;Lelystad;Kooldioxide (CO2);1376544399;kg
2014;114002;Vattenfall Power Generation B.V. (HWC Hogering/WKC Almere);Almere;Kooldioxide (CO2);9750372;kg
2014;114720;Sonac Almere BV;Almere;Kooldioxide (CO2);5166652;kg
2014;114721;Alphen;Alphen;Kooldioxide (CO2);92104;kg
2014;114722;Waterschap Noorderzijlvest - RWZI Garmerwolde;Garmerwolde;Kooldioxide (CO2);14740020;kg
2014;114723;RWZI Harderwijk;Harderwijk;Kooldioxide (CO2);7632278;kg
2014;114724;RWZI Apeldoorn;Apeldoorn;Kooldioxide (CO2);32973764;kg
2014;114725;RWZI Ede;Ede;Kooldioxide (CO2);7236670;kg
2014;114726;RWZI Nieuwgraaf (Waterschap Rijn en IJssel);Duiven;Kooldioxide (CO2);14455571;kg
2014;114727;RWZI Nijmegen (Waterschap Rivierenland);Weurt;Kooldioxide (CO2);12051275;kg
2014;114728;RWZI Nieuwveer;Breda;Kooldioxide (CO2);8964385;kg
2014;114729;RWZI Aarle-Rixtel (Waterschap Aa en Maas);Aarle-Rixtel;Kooldioxide (CO2);7133204;kg
2014;114730;RWZI Eindhoven (Waterschap De Dommel);Eindhoven;Kooldioxide (CO2);7137821;kg
2014;114731;RWZI Utrecht (Hoogheemraadschap de Stichtse Rijnlanden);Utrecht;Kooldioxide (CO2);16351817;kg
2014;114732;RWZI Venlo;Venlo;Kooldioxide (CO2);12252272;kg
2014;114733;RWZI Hoensbroek;Hoensbroek;Kooldioxide (CO2);3313481;kg
2014;114734;RWZI Enschede;Enschede;Kooldioxide (CO2);11218374;kg
2014;114735;AWZI De Groote Lucht (Hoogheemraadschap van Delfland);Vlaardingen;Kooldioxide (CO2);5675235;kg
2014;114736;RWZI Dokhaven en Slibverwerkingsinstallatie Sluisjesdijk;Rotterdam;Kooldioxide (CO2);14714133;kg
2014;114737;AWZI Kralingseveer (Hoogheemraadschap van Schieland);Capelle aan den Ijssel;Kooldioxide (CO2);10494388;kg
2014;114740;RWZI Susteren;Susteren;Kooldioxide (CO2);12303560;kg
2014;114741;RWZI Amersfoort;Amersfoort;Kooldioxide (CO2);8196808;kg
2014;114743;RWZI Dinther (Waterschap Aa en Maas);Heeswijk-Dinther;Kooldioxide (CO2);6004389;kg
2014;114744;Elsta P&U;Hoek;Kooldioxide (CO2);1250465000;kg
2014;114747;PeakShaver Maasvlakte;Maasvlakte Rotterdam;Kooldioxide (CO2);26023212;kg
2014;114757;Eurogen CV;Botlek Rotterdam;Kooldioxide (CO2);506906000;kg
2014;114758;Farm Dairy BV;Lelystad;Kooldioxide (CO2);1680000;kg
2014;114767;AWZI Houtrust (Hoogheemraadschap van Delfland);'s-Gravenhage;Kooldioxide (CO2);9501514;kg
2014;114785;Smilde Foods BV(Heerenveen);Heerenveen;Kooldioxide (CO2);1566826;kg
2014;114802;Renewi Smink Amersfoort;Hoogland;Kooldioxide (CO2);5933153;kg
2014;114804;Vleeswarenfabriek Persoon BV;Lisse;Kooldioxide (CO2);699000;kg
2014;114814;Recycling Kombinatie REKO B.V.;Vondelingenplaat Rotterdam;Kooldioxide (CO2);19732961;kg
2014;115036;LyondellBasell Covestro Manufacturing Maasvlakte VOF;Maasvlakte Rotterdam;Kooldioxide (CO2);10256261;kg
2014;115049;Holonite BV (Tholen);Tholen;Kooldioxide (CO2);95500;kg
2014;115050;Holonite BV (Halsteren);Halsteren;Kooldioxide (CO2);3990;kg
2014;115063;Eagle Simrax BV;Kerkrade;Kooldioxide (CO2);247000;kg
2014;115066;Trespa International BV;Weert;Kooldioxide (CO2);10277604;kg
2014;115072;Seasun;Kapelle;Kooldioxide (CO2);30257897;kg
2014;115084;SVP Productie BV - Hulpwarmtecentrale 1;Purmerend;Kooldioxide (CO2);13206463;kg
2014;115085;Enecal Energy VOF;Botlek Rotterdam;Kooldioxide (CO2);8829000;kg
2014;115087;Essent WKC Erica;Erica;Kooldioxide (CO2);0;kg
2014;115088;Essent WKC Klazienaveen;Klazienaveen;Kooldioxide (CO2);0;kg
2014;115143;FrieslandCampina Cheese BV (Leerdam);Leerdam;Kooldioxide (CO2);223000;kg
2014;115180;apt Extrusions B.V.;Roermond;Kooldioxide (CO2);3068723;kg
2014;115181;EP NL Rijnmond 1 B.V.;Vondelingenplaat Rotterdam;Kooldioxide (CO2);394302000;kg
2014;115184;RWZI Land van Cuijk (Waterschap Aa en Maas);Haps;Kooldioxide (CO2);7313577;kg
2014;115185;DOC Kaas (Zuivelpark);Hoogeveen;Kooldioxide (CO2);46607942;kg
2014;115186;Yara Vlaardingen BV;Vlaardingen;Kooldioxide (CO2);414000;kg
2014;200002;A. van de Groep en Zonen BV;Bunschoten-Spakenburg;Kooldioxide (CO2);2584000;kg
2014;200101;Döhler Holland BV;Oosterhout;Kooldioxide (CO2);4032952;kg
2014;200125;Ovako Twente BV;Almelo;Kooldioxide (CO2);90315;kg
2014;200131;Hak BV;Giessen;Kooldioxide (CO2);6020000;kg
2014;200141;BV Steenfabriek Hedikhuizen;Heusden;Kooldioxide (CO2);14511000;kg
2014;200188;Kriek Poedercoaten B.V.;Alphen aan den Rijn;Kooldioxide (CO2);311270;kg
2014;200228;Gouda Refractories BV;Gouda;Kooldioxide (CO2);5924000;kg
2014;200245;Pluimveeverwerking Gebroeders Heijs BV;Leek;Kooldioxide (CO2);857000;kg
2014;200286;Wienerberger Steenfabriek Azewijn;Azewijn;Kooldioxide (CO2);15318000;kg
2014;200287;Steenfabriek Engels Helden BV;Panningen;Kooldioxide (CO2);13779323;kg
2014;200292;T. Boer & zn.;Nieuwerkerk aan den Ijssel;Kooldioxide (CO2);618000;kg
2014;200312;Vloertegelfabriek Koninklijke Mosa BV;Maastricht;Kooldioxide (CO2);13711300;kg
2014;200314;Supply Point Cuijk BV;Katwijk;Kooldioxide (CO2);215941;kg
2014;200333;Wienerberger Steenfabriek Bemmel;Haalderen;Kooldioxide (CO2);4868000;kg
2014;200355;Dakpanfabriek Narvik Tegelen (Wienberger BV);Tegelen;Kooldioxide (CO2);8283000;kg
2014;200376;Wienerberger Dakpanfabriek Janssen-Dings;Tegelen;Kooldioxide (CO2);10071000;kg
2014;200377;Monier BV (Tegelen);Tegelen;Kooldioxide (CO2);10467000;kg
2014;200407;COATEX Netherlands BV;Moerdijk;Kooldioxide (CO2);1146231;kg
2014;200420;Roba Metals B.V.;Farmsum;Kooldioxide (CO2);3454090;kg
2014;200436;Afvalberging Derde Merwedehaven;Dordrecht;Kooldioxide (CO2);11193148;kg
2014;200441;Amcor Specialty Cartons Brabant BV;Bergen op Zoom;Kooldioxide (CO2);952286;kg
2014;200450;Avri;Geldermalsen;Kooldioxide (CO2);375700;kg
2014;200464;Baggerspeciedepot IJsseloog;Dronten;Kooldioxide (CO2);414656;kg
2014;200480;Bostik Nederland B.V.;Roosendaal;Kooldioxide (CO2);825800;kg
2014;200490;LOA Deege;Klundert;Kooldioxide (CO2);265660;kg
2014;200493;Attero B.V. locatie Bergen op Zoom (Kragge);Bergen op Zoom;Kooldioxide (CO2);655269;kg
2014;200494;Diffutherm BV;Bergeijk;Kooldioxide (CO2);357000;kg
2014;200508;Uniper HWC Bezuidenhout-West;'s-Gravenhage;Kooldioxide (CO2);6453235;kg
2014;200512;ESA BV;Apeldoorn;Kooldioxide (CO2);387000;kg
2014;200516;Attero B.V.  locatie Montfort;Montfort;Kooldioxide (CO2);216850;kg
2014;200520;Attero B.V. locatie Schinnen;Schinnen;Kooldioxide (CO2);900251;kg
2014;200522;Ennatuurlijk BV PS Tilburg;Tilburg;Kooldioxide (CO2);599622;kg
2014;200537;Cargill Cocao Aurora;Zaandam;Kooldioxide (CO2);1519044148843540;kg
2014;200538;GMB BioEnergie Zutphen BV;Zutphen;Kooldioxide (CO2);32125078;kg
2014;200582;Südpack  Grootegast B.V.;Grootegast;Kooldioxide (CO2);814000;kg
2014;200587;Martens Havenontvangstinstallatie Vlissingen BV;Nieuwdorp;Kooldioxide (CO2);805000;kg
2014;200606;Theo Pouw Secundaire Bouwstoffen B.V.;Eemshaven;Kooldioxide (CO2);20435000;kg
2014;200610;Radboudumc & Radboud Universiteit Nijmegen;Nijmegen;Kooldioxide (CO2);20567398;kg
2014;200618;ROVA Afvalverwerkingslocatie Bovenveld;Rheezerveen;Kooldioxide (CO2);605000;kg
2014;200640;Exportslachterij J. Gosschalk & Zn. BV;Epe;Kooldioxide (CO2);1830000;kg
2014;200664;Handelsonderneming A. Smit & Zoon BV;Amersfoort;Kooldioxide (CO2);2287868;kg
2014;200683;Theo Pouw Beheer BV;Utrecht;Kooldioxide (CO2);143247;kg
2014;200702;Renewi Nieuwegein;Nieuwegein;Kooldioxide (CO2);183409;kg
2014;200719;Wuppermann Staal Nederland BV;Moerdijk;Kooldioxide (CO2);2251520;kg
2014;200758;Lubrizol Advanced Materials Resins BV;Farmsum;Kooldioxide (CO2);576000;kg
2014;201012;Renewi Nederland B.V. - Drachten-De Lier;Drachten;Kooldioxide (CO2);250636;kg
2014;201055;Attero B.V. Locatie Haps;Haps;Kooldioxide (CO2);338621;kg
2014;201151;Enrichment Technology Nederland BV;Almelo;Kooldioxide (CO2);2010000;kg
2014;201172;A. Smit & Zoon BV;Weesp;Kooldioxide (CO2);1303045;kg
2014;201189;Afvalverwerking Stainkoeln B.V.;Groningen;Kooldioxide (CO2);1120823;kg
2014;201203;Sortiva B.V.;Alkmaar;Kooldioxide (CO2);1161206;kg
2014;201241;EMMTEC Services BV;Emmen;Kooldioxide (CO2);169904772;kg
2014;201304;BMC Moerdijk BV;Moerdijk;Kooldioxide (CO2);339185264;kg
2014;201326;Aludyne Netherlands B.V.;Oss;Kooldioxide (CO2);6351000;kg
2014;201386;EP NL Sloe Centrale B.V. (Vlissingen);Ritthem;Kooldioxide (CO2);1337670100;kg
2014;201418;Plaatijzerindustrie Apeldoorn;Apeldoorn;Kooldioxide (CO2);39200;kg
2014;201425;Afvalverwerking Vink B.V.;Barneveld;Kooldioxide (CO2);20400000;kg
2014;201503;Valtris AO Maastricht b.v. / Vynova AO Maastricht b.v.;Maastricht;Kooldioxide (CO2);4069308;kg
2014;201541;Olenex Edible Oils B.V.;Vondelingenplaat Rotterdam;Kooldioxide (CO2);11960000;kg
2014;201571;Vattenfall Warmte N.V. (HWC Duiven Westervoort);Westervoort;Kooldioxide (CO2);806716;kg
2014;201596;M&R Claushuis BV;Zeewolde;Kooldioxide (CO2);66160;kg
2014;201639;Solidus Solutions Board Oude Pekela;Oude Pekela;Kooldioxide (CO2);23436094;kg
2014;201986;Eneco HWC Kanaleneiland;Utrecht;Kooldioxide (CO2);278707;kg
2014;202140;Vitelco BV;'s-Hertogenbosch;Kooldioxide (CO2);515014;kg
2014;202159;Fokker Aerospace BV;Papendrecht;Kooldioxide (CO2);4340000;kg
2014;202214;Greif Nederland BV;Europoort Rotterdam;Kooldioxide (CO2);3292859;kg
2014;202229;Bunge Loders Croklaan Rotterdam;Maasvlakte Rotterdam;Kooldioxide (CO2);14396000;kg
2014;202257;Accsys Technologies;Arnhem;Kooldioxide (CO2);2689830;kg
2014;202268;Eneco HWC Overvecht;Utrecht;Kooldioxide (CO2);1767508;kg
2014;202298;Evonik Peroxide Netherlands B.V.;Farmsum;Kooldioxide (CO2);33419000;kg
2014;202417;Compressorstation Noord Holland;Anna Paulowna;Kooldioxide (CO2);33829;kg
2014;202418;Eneco HWC Nicolaas Beetsstraat;Utrecht;Kooldioxide (CO2);3080969;kg
2014;202419;Eneco HWC Nieuwegein;Nieuwegein;Kooldioxide (CO2);1070194;kg
2014;202578;Mars Food Europe CV;Oud-Beijerland;Kooldioxide (CO2);6746;kg
2014;202597;Coatinc Groningen B.V.;Groningen;Kooldioxide (CO2);1063803;kg
2014;202662;Pluimveeslachterij G.P. Remkes B.V.;Epe;Kooldioxide (CO2);595000;kg
2014;202746;Argent Energy;Amsterdam;Kooldioxide (CO2);59358768;kg
2014;202803;Avery Dennison Materials Nederland BV;Alphen aan den Rijn;Kooldioxide (CO2);6018400;kg
2014;202824;Eneco Merwedekanaal;Utrecht;Kooldioxide (CO2);145578490;kg
2014;202825;Eneco Lage Weide;Utrecht;Kooldioxide (CO2);424697573;kg
2014;202858;Grolsche Bierbrouwerij Nederland B.V.;Enschede;Kooldioxide (CO2);5838337;kg
2014;202863;Ruijtenberg Shipyard BV;Raamsdonksveer;Kooldioxide (CO2);0;kg
2014;202895;Lingezegen Energy B.V.;Bemmel;Kooldioxide (CO2);26099736;kg
2014;202902;GMB BioEnergie Tiel BV;Tiel;Kooldioxide (CO2);20291000;kg
2014;202903;Reterra BV;Goor;Kooldioxide (CO2);26800000;kg
2014;202926;Ulamo Coating B.V.;Ulft;Kooldioxide (CO2);1453766;kg
2014;202928;C & T Technics;Uden;Kooldioxide (CO2);612979;kg
2014;202935;Alblasserdam Yachtbuilding B.V. (Oceanco);Alblasserdam;Kooldioxide (CO2);440600;kg
2014;202962;IHC Sliedrecht Molendijk;Sliedrecht;Kooldioxide (CO2);463350;kg
2014;202990;Alco Energy Rotterdam;Europoort Rotterdam;Kooldioxide (CO2);540347000;kg
2014;202992;Viterra Botlek BV;Botlek Rotterdam;Kooldioxide (CO2);39195602;kg
2014;202999;Renewi Drachten - Stuurboord;Drachten;Kooldioxide (CO2);640867;kg
2014;203024;Boehringer Ingelheim Animal Health Operations bv;Weesp;Kooldioxide (CO2);157000;kg
2014;203083;Exploitatiemaatschappij J ter Horst BV;Varsseveld;Kooldioxide (CO2);119859;kg
2014;203086;JAZO Zevenaar BV;Zevenaar;Kooldioxide (CO2);105861;kg
2014;203155;Vattenfall Power Generation B.V. (HWC Almere Stad);Almere;Kooldioxide (CO2);421428;kg
2014;203159;Eco Fuels Netherlands B.V.;Eemshaven;Kooldioxide (CO2);2920000;kg
2014;203186;RWZI West;Amsterdam;Kooldioxide (CO2);34764656;kg
2014;203220;EEW Energy from Waste Delfzijl B.V.;Farmsum;Kooldioxide (CO2);353390860;kg
2014;203228;RWE Eemshaven Magnum B.V.;Eemshaven;Kooldioxide (CO2);610007434;kg
2014;203267;Nieboer Recycling & Handel BV;Hoogezand;Kooldioxide (CO2);256667;kg
2014;203273;RWE Eemshaven Holding II B.V.;Eemshaven;Kooldioxide (CO2);1319336955;kg
2014;203332;Brabant Alucast The Netherlands - site Heijen;Heijen;Kooldioxide (CO2);1980000;kg
2014;203346;Inter-Che-M BV;Beuningen Gld;Kooldioxide (CO2);325432;kg
2014;203411;Pergen VOF;Pernis Rotterdam;Kooldioxide (CO2);1196764513;kg
2014;203417;Van Rooi Meat BV (Helmond);Helmond;Kooldioxide (CO2);4366087;kg
2014;203438;Straalbedrijf A.J. den Breejen & Zonen BV;Dordrecht;Kooldioxide (CO2);310915;kg
2014;203493;A.C. Hartman BV;Sexbierum;Kooldioxide (CO2);27022562;kg
2014;203496;Reststoffen Energie Centrale (REC);Harlingen;Kooldioxide (CO2);272085346;kg
2014;203505;EP NL Rijnmond 2 B.V.;Vondelingenplaat Rotterdam;Kooldioxide (CO2);190589000;kg
2014;203587;Contitank B.V.;Delfzijl;Kooldioxide (CO2);471000;kg
2014;203589;Cerexagri BV;Vondelingenplaat Rotterdam;Kooldioxide (CO2);2719795;kg
2014;203590;Arkema B.V. location Rotterdam;Vondelingenplaat Rotterdam;Kooldioxide (CO2);3616782;kg
2014;203605;Kok Gorinchem BV;Gorinchem;Kooldioxide (CO2);387000;kg
2014;203651;Dutch Advanced Polyesters Emmen B.V.;Emmen;Kooldioxide (CO2);2200000;kg
2014;203738;Fokker Landing Gear;Helmond;Kooldioxide (CO2);462735;kg
2014;203785;Neste Netherlands B.V.;Maasvlakte Rotterdam;Kooldioxide (CO2);54548000;kg
2014;203825;Linde Gas Dieren;Dieren;Kooldioxide (CO2);257145;kg
2014;203887;Noblesse Proteins BV;Wijster;Kooldioxide (CO2);3088300;kg
2014;204038;Keizersberg Diervoeders (Elsendorp);Elsendorp;Kooldioxide (CO2);25214;kg
2014;204050;Driessen Grondwerken;Horst;Kooldioxide (CO2);28169;kg
2014;204051;Driessen Grondwerken BV;Horst;Kooldioxide (CO2);29618;kg
2014;204287;Global Food Group BV;Ospel;Kooldioxide (CO2);532287;kg
2014;204335;Quality Technology Services B.V.;Eemshaven;Kooldioxide (CO2);123731;kg
2014;204361;EcoFuels;Well L;Kooldioxide (CO2);12427365;kg
2014;204363;Vattenfall Warmte N.V. (HWC Schuytgraaf);Arnhem;Kooldioxide (CO2);346082;kg
2014;204412;PreZero Recycling Services Noord B.V.;Groningen;Kooldioxide (CO2);730330;kg
2014;204488;Cumapol Emmen B.V.;Emmen;Kooldioxide (CO2);423000;kg
2014;204492;Ingensche Waarden;Ingen;Kooldioxide (CO2);97952;kg
2014;204522;Ondergrondse aardgasopslag Zuidwending;Veendam;Kooldioxide (CO2);3957000;kg
2014;204552;Gesloten stortplaats De Langenberg;Zelhem;Kooldioxide (CO2);1582114;kg
2014;204556;Waterstromen Lichtenvoorde B.V.;Lichtenvoorde;Kooldioxide (CO2);8240278;kg
2014;204602;RWZI Soest;Soest;Kooldioxide (CO2);4100641;kg
2014;204609;Hoogweg Paprikakwekerijen BV;Luttelgeest;Kooldioxide (CO2);46414544;kg
2014;204617;Power Plant Rotterdam;Maasvlakte Rotterdam;Kooldioxide (CO2);2172861700;kg
2014;204654;ENECOGEN V.O.F.;Europoort Rotterdam;Kooldioxide (CO2);893375191;kg
2014;204667;Aliphos Rotterdam BV;Vlaardingen;Kooldioxide (CO2);6073937;kg
2014;204763;KH Dairy Sourcing BV;Coevorden;Kooldioxide (CO2);920870;kg
2014;204851;Air Products HyCO 4 (Botlekweg);Botlek Rotterdam;Kooldioxide (CO2);616200000;kg
2014;204944;Eneco Bio Golden Raand C.V.;Farmsum;Kooldioxide (CO2);409000000;kg
2014;204957;WKC Ypenburg;'s-Gravenhage;Kooldioxide (CO2);35336000;kg
2014;205183;Van Merksteijn International B.V.;Almelo;Kooldioxide (CO2);3536602;kg
2014;205186;HWC Ypenburg;'s-Gravenhage;Kooldioxide (CO2);8170000;kg
2014;205276;Diffutherm BV;Hapert;Kooldioxide (CO2);510036;kg
2014;220121;Hoogheemraadschap Hollands Noorderkwartier RWZI Alkmaar;Alkmaar;Kooldioxide (CO2);2072024;kg
2014;220124;AWZI Almere;Almere;Kooldioxide (CO2);7695755;kg
2014;220129;RWZI Amstelveen (HH Amstel, Gooi en Vecht);Amstelveen;Kooldioxide (CO2);1878665;kg
2014;220131;RWZI Westpoort;Amsterdam;Kooldioxide (CO2);12392219;kg
2014;220133;RWZI Arnhem-Zuid;Arnhem;Kooldioxide (CO2);5023713;kg
2014;220136;RWZI Asten (Waterschap Aa en Maas);Heusden;Kooldioxide (CO2);2188952;kg
2014;220138;RWZI Emmen;Nieuw-Amsterdam;Kooldioxide (CO2);28072283;kg
2014;220139;RWZI Bath;Rilland;Kooldioxide (CO2);11433527;kg
2014;220150;Hoogheemraadschap Hollands Noorderkwartier SDI/RWZI Beverwijk;Beverwijk;Kooldioxide (CO2);35530950;kg
2014;220188;Hoogheemraadschap Hollands Noorderkwartier RWZI Den Helder;Den Helder;Kooldioxide (CO2);4959748;kg
2014;220191;RWZI Deventer;Deventer;Kooldioxide (CO2);3927824;kg
2014;220200;RWZI Dongemond;Oosterhout;Kooldioxide (CO2);5424924;kg
2014;220201;RWZI Dordrecht;Dordrecht;Kooldioxide (CO2);3785574;kg
2014;220209;RWZI Echten;Hoogeveen;Kooldioxide (CO2);6912461;kg
2014;220213;RWZI Elburg;Elburg;Kooldioxide (CO2);4542747;kg
2014;220217;RWZI Etten;Terborg;Kooldioxide (CO2);7195234;kg
2014;220223;Hoogheemraadschap Hollands Noorderkwartier RWZI Geestmerambacht;Warmenhuizen;Kooldioxide (CO2);3797451;kg
2014;220233;RWZI Goor;Goor;Kooldioxide (CO2);1514530;kg
2014;220236;AWZI Gouda;Gouda;Kooldioxide (CO2);2044802;kg
2014;220263;RWZI Hellevoetsluis;Hellevoetsluis;Kooldioxide (CO2);1968121;kg
2014;220264;Rioolwaterzuiveringsinstallatie Hengelo;Hengelo;Kooldioxide (CO2);12458072;kg
2014;220276;RWZI Horstermeer (HH Amstel, Gooi en Vechtstreek);Nederhorst den Berg;Kooldioxide (CO2);4508134;kg
2014;220286;AWZI Katwijk;Katwijk;Kooldioxide (CO2);3075535;kg
2014;220298;AWZI Leiden Noord;Leiden;Kooldioxide (CO2);2074615;kg
2014;220299;AWZI Leiden Zuidwest;Leiden;Kooldioxide (CO2);2413982;kg
2014;220326;AWZI Nieuwe Waterweg;Hoek Van Holland;Kooldioxide (CO2);2662980;kg
2014;220328;RWZI Nieuwegein;Nieuwegein;Kooldioxide (CO2);4404628;kg
2014;220364;RWZI Renkum;Renkum;Kooldioxide (CO2);3060302;kg
2014;220369;RWZI Rijen;Rijen;Kooldioxide (CO2);1666590;kg
2014;220376;Rioolwaterzuiveringsinstallatie (RWZI) Roermond;Roermond;Kooldioxide (CO2);3615862;kg
2014;220382;RWZI Schelluinen;Schelluinen;Kooldioxide (CO2);1635495;kg
2014;220387;RWZI Den Bosch (Waterschap Aa en Maas);'s-Hertogenbosch;Kooldioxide (CO2);8483664;kg
2014;220392;RWZI Sleeuwijk/Zuivering Sleeuwijk;Sleeuwijk;Kooldioxide (CO2);1289909;kg
2014;220410;RWZI Terneuzen;Terneuzen;Kooldioxide (CO2);1535678;kg
2014;220412;RWZI Terwolde;Terwolde;Kooldioxide (CO2);1234500;kg
2014;220416;RWZI Tilburg Noord;Tilburg;Kooldioxide (CO2);13015745;kg
2014;220429;RWZI Veenendaal;Overberg;Kooldioxide (CO2);3707639;kg
2014;220432;RWZI Vinkel (Waterschap Aa en Maas);Vinkel;Kooldioxide (CO2);900191;kg
2014;220443;RWZI Walcheren;Ritthem;Kooldioxide (CO2);3808181;kg
2014;220451;Hoogheemraadschap Hollands Noorderkwartier RWZI Wervershoof;Wervershoof;Kooldioxide (CO2);6100788;kg
2014;220460;RWZI Willem Annapolder;Kapelle;Kooldioxide (CO2);2902087;kg
2014;220469;Hoogheemraadschap Hollands Noorderkwartier RWZI Zaandam-Oost;Zaandam;Kooldioxide (CO2);2570844;kg
2014;220478;RWZI Zutphen;Zutphen;Kooldioxide (CO2);6263269;kg
2014;220481;RWZI Zwijndrecht;Zwijndrecht;Kooldioxide (CO2);2724379;kg
2014;220482;RWZI Zwolle;Zwolle;Kooldioxide (CO2);6420943;kg
2014;220537;RWZI Harnaschpolder (Hoogheemraadschap van Delfland);Den Hoorn;Kooldioxide (CO2);26894513;kg
2015;59;Koninklijke Mosa BV Wandtegelfabriek & Vloertegelfabriek;Maastricht;Kooldioxide (CO2);17997869;kg
2015;60;Sappi Maastricht BV;Maastricht;Kooldioxide (CO2);151091000;kg
2015;62;Chemelot Site Permit BV;Geleen;Kooldioxide (CO2);4783885000;kg
2015;65;PQ Silicas BV;Eijsden;Kooldioxide (CO2);25359221;kg
2015;66;Marsna Paper B.V.;Meerssen;Kooldioxide (CO2);2691702;kg
2015;79;Steenfabriek Linssen BV;Kerkrade;Kooldioxide (CO2);2455357;kg
2015;90;VDL Castings Heerlen BV;Hoensbroek;Kooldioxide (CO2);15763835;kg
2015;94;Steenfabriek Gebroeders Klinkers BV;Maastricht;Kooldioxide (CO2);8653000;kg
2015;95;Vandersanden Beek BV;Beek;Kooldioxide (CO2);7890000;kg
2015;113;VDL Nedcar B.V.;Born;Kooldioxide (CO2);15920965;kg
2015;125;Stichting Parkmanagement Wolfsweg 75;Eygelshoven;Kooldioxide (CO2);71000;kg
2015;148;ENCI BV (Maastricht);Maastricht;Kooldioxide (CO2);458491500;kg
2015;151;O-I Netherlands BV (Maastricht);Maastricht;Kooldioxide (CO2);95333092;kg
2015;159;Fenzi AGT Netherlands B.V.;Maastricht;Kooldioxide (CO2);3659081;kg
2015;166;Slachthuis Kerkrade BV;Kerkrade;Kooldioxide (CO2);274815;kg
2015;174;Tata Steel Nederland Tubes BV locatie Maastricht;Maastricht;Kooldioxide (CO2);662890;kg
2015;176;Caradon Stelrad BV;Nuth;Kooldioxide (CO2);1542820;kg
2015;325;Lawter Maastricht BV;Maastricht;Kooldioxide (CO2);2770000;kg
2015;326;Wienerberger Steenfabriek Poriso;Brunssum;Kooldioxide (CO2);17551000;kg
2015;1104;Solvay Chemie BV;Herten;Kooldioxide (CO2);2277987;kg
2015;1107;Nouryon Functional Chemicals B.V.;Herkenbosch;Kooldioxide (CO2);10501535;kg
2015;1404;DSM Pharma Chemicals Venlo BV;Venlo;Kooldioxide (CO2);1633000;kg
2015;3062;Verzinkerij Van Aert BV;Nederweert;Kooldioxide (CO2);1340000;kg
2015;3066;Verzinkerij Weert BV en Electrocoat BV Weert Groep;Stramproy;Kooldioxide (CO2);4379853;kg
2015;3068;Coatinc Mook B.V.;Mook;Kooldioxide (CO2);1800000;kg
2015;3509;VDL Castings Weert BV;Weert;Kooldioxide (CO2);948267;kg
2015;3513;MGG Netherlands BV;Tegelen;Kooldioxide (CO2);5354428;kg
2015;4001;Clauscentrale;Maasbracht;Kooldioxide (CO2);0;kg
2015;4301;Smurfit Westrock Roermond Paper BV;Roermond;Kooldioxide (CO2);168514000;kg
2015;4709;Kleiwarenfabriek Joosten Kessel BV;Kessel;Kooldioxide (CO2);7245000;kg
2015;4711;Wienerberger Steenfabriek Thorn;Thorn;Kooldioxide (CO2);9770000;kg
2015;4753;Rockwool B.V.;Roermond;Kooldioxide (CO2);125405200;kg
2015;5726;Wienerberger Steenfabriek Nuance;Afferden L;Kooldioxide (CO2);6204000;kg
2015;5727;EverZinc Nederland B.V.;Eijsden;Kooldioxide (CO2);22117564;kg
2015;5729;Celanese Production Netherlands B.V.;Geleen;Kooldioxide (CO2);1859843;kg
2015;5739;E-MAX BILLETS;Kerkrade;Kooldioxide (CO2);16884967;kg
2015;5740;WEPA Nederland B.V.;Swalmen;Kooldioxide (CO2);23475000;kg
2015;5750;FrieslandCampina Born;Born;Kooldioxide (CO2);6587303;kg
2015;5804;PQ Nederland BV;Maastricht;Kooldioxide (CO2);12225461;kg
2015;5821;Attero B.V. locatie Landgraaf;Landgraaf;Kooldioxide (CO2);7492711;kg
2015;9003;Everris International BV;Heerlen;Kooldioxide (CO2);8750000;kg
2015;10001;Nobian Industrial Chemicals BV (Rotterdam);Botlek Rotterdam;Kooldioxide (CO2);152069000;kg
2015;10002;Nouryon Performance Formulations b.v.;Europoort Rotterdam;Kooldioxide (CO2);521159;kg
2015;10003;Synres B.V.;Hoek Van Holland;Kooldioxide (CO2);6265800;kg
2015;10004;Lyondell Chemical Nederland Ltd.;Botlek Rotterdam;Kooldioxide (CO2);159575520;kg
2015;10006;Shell Nederland Chemie BV (Pernis);Vondelingenplaat Rotterdam;Kooldioxide (CO2);27966128;kg
2015;10016;Climax Molybdenum BV;Botlek Rotterdam;Kooldioxide (CO2);10609091;kg
2015;10042;Kemira Rotterdam B.V. - locatie Botlek;Botlek Rotterdam;Kooldioxide (CO2);114000;kg
2015;10048;Compaxo Gouda BV;Gouda;Kooldioxide (CO2);4740000;kg
2015;10057;Shell Nederland Raffinaderij BV;Vondelingenplaat Rotterdam;Kooldioxide (CO2);4254783327;kg
2015;10058;BP Raffinaderij Rotterdam B.V.;Europoort Rotterdam;Kooldioxide (CO2);2337784000;kg
2015;10059;Gunvor Energy Rotterdam B.V. (GPR);Europoort Rotterdam;Kooldioxide (CO2);554443567;kg
2015;10061;Esso Nederland BV (Raffinaderij Rotterdam);Botlek Rotterdam;Kooldioxide (CO2);2330590905;kg
2015;10062;ExxonMobil Chemical Holland BV (RAP);Botlek Rotterdam;Kooldioxide (CO2);445334575;kg
2015;10063;AVR-Afvalverwerking;Botlek Rotterdam;Kooldioxide (CO2);1432690000;kg
2015;10064;Almatis BV;Botlek Rotterdam;Kooldioxide (CO2);17245785;kg
2015;10066;Kemira Rotterdam BV locatie Europoort;Europoort Rotterdam;Kooldioxide (CO2);5947470;kg
2015;10069;Standic BV;Dordrecht;Kooldioxide (CO2);2412002;kg
2015;10073;Tronox Pigments (Holland) BV;Botlek Rotterdam;Kooldioxide (CO2);90354632;kg
2015;10076;HVC AfvalEnergieCentrale Dordrecht;Dordrecht;Kooldioxide (CO2);322100000;kg
2015;10078;Ruigenhil Vastgoed B.V. (Nedstaal/FNSteel/Heros);Alblasserdam;Kooldioxide (CO2);39360916;kg
2015;10079;Chemours Netherlands B.V.;Dordrecht;Kooldioxide (CO2);87055503;kg
2015;10086;NV Nutricia Zoetermeer;Zoetermeer;Kooldioxide (CO2);12272477;kg
2015;10089;Prysmian Netherlands B.V.;Delft;Kooldioxide (CO2);668000;kg
2015;10097;SD Guthrie International Zwijndrecht Refinery B.V.;Zwijndrecht;Kooldioxide (CO2);52083645;kg
2015;10100;Bakelite Botlek Rotterdam;Botlek Rotterdam;Kooldioxide (CO2);6660000;kg
2015;10546;Lactalis Leerdammer BV (Schoonrewoerd);Schoonrewoerd;Kooldioxide (CO2);10844404;kg
2015;10590;FrieslandCampina Rotterdam;Rotterdam;Kooldioxide (CO2);2693880;kg
2015;10621;Hunter Douglas Europe BV;Rotterdam;Kooldioxide (CO2);6637116;kg
2015;10687;Biotech Campus Delft;Delft;Kooldioxide (CO2);81207586;kg
2015;10689;Air Products Nederland BV (Botlek);Botlek Rotterdam;Kooldioxide (CO2);290493194;kg
2015;10698;Cargill Bioindustrial BV;Gouda;Kooldioxide (CO2);37987807;kg
2015;10722;O-I Manufacturing Netherlands BV Schiedam;Schiedam;Kooldioxide (CO2);64527128;kg
2015;10723;O-I Netherlands BV (Leerdam);Leerdam;Kooldioxide (CO2);113375385;kg
2015;10728;Cargill Refined Oils Europe;Botlek Rotterdam;Kooldioxide (CO2);25438000;kg
2015;10733;Upfield Sourcing Nederland BV;Rotterdam;Kooldioxide (CO2);4177619;kg
2015;10789;BMI Productie Nederland BV Woerden;Woerden;Kooldioxide (CO2);9716754;kg
2015;10793;Tata Steel Nederland Tubes BV locatie Zwijndrecht;Zwijndrecht;Kooldioxide (CO2);1565646;kg
2015;10829;Cosun Beet company (Puttershoek);Puttershoek;Kooldioxide (CO2);387000;kg
2015;10921;Damen Shiprepair Rotterdam BV;Schiedam;Kooldioxide (CO2);493902;kg
2015;10928;Aluminium & Chemie Rotterdam B.V.;Botlek Rotterdam;Kooldioxide (CO2);153867156;kg
2015;10950;N+P Rotterdam MRF B.V.;Rotterdam;Kooldioxide (CO2);335694;kg
2015;10951;Uniper Centrale Leiden;Leiden;Kooldioxide (CO2);110255000;kg
2015;10953;Uniper Centrale Den Haag;'s-Gravenhage;Kooldioxide (CO2);166509000;kg
2015;10982;Galvanisch Bedrijf Chromolux;Rotterdam;Kooldioxide (CO2);259336;kg
2015;10998;Draka Interfoam;Hillegom;Kooldioxide (CO2);761100;kg
2015;11024;Cabot B.V.;Botlek Rotterdam;Kooldioxide (CO2);235829054;kg
2015;11034;Dossche Mils NV;Rotterdam;Kooldioxide (CO2);3670000;kg
2015;11046;PURAC Biochem B.V.;Gorinchem;Kooldioxide (CO2);19882603;kg
2015;11047;Vecom Metal Treatment BV;Maassluis;Kooldioxide (CO2);434000;kg
2015;11090;Chane Terminal Botlek B.V.;Botlek Rotterdam;Kooldioxide (CO2);23982074;kg
2015;11105;Heineken Netherlands Supply B.V., brouwerij Zoeterwoude;Zoeterwoude;Kooldioxide (CO2);85727990;kg
2015;11111;Ashland Industries Nederland B.V.;Zwijndrecht;Kooldioxide (CO2);18338534;kg
2015;11230;Damen Verolme BV;Botlek Rotterdam;Kooldioxide (CO2);2004584;kg
2015;11235;RZB Holding BV;Rotterdam;Kooldioxide (CO2);81808;kg
2015;11366;LANXESS Rotterdam Botlek;Botlek Rotterdam;Kooldioxide (CO2);58381170;kg
2015;11413;Damen Ship Repair Rotterdam (locatie Pernis);Pernis Rotterdam;Kooldioxide (CO2);520336;kg
2015;11532;Coatinc Alblasserdam BV;Alblasserdam;Kooldioxide (CO2);1884667;kg
2015;11658;Farm Frites BV;Oudenhoorn;Kooldioxide (CO2);28254240;kg
2015;12134;Archer Daniels Midland Europoort BV (ADM);Europoort Rotterdam;Kooldioxide (CO2);155184987;kg
2015;12135;ExxonMobil Chemical Holland BV (ROP van RPI);Europoort Rotterdam;Kooldioxide (CO2);51557041;kg
2015;12149;Uniper Benelux NV (Maasvlakte);Maasvlakte Rotterdam;Kooldioxide (CO2);9171028793;kg
2015;12150;Uniper Centrale RoCa;Rotterdam;Kooldioxide (CO2);316056718;kg
2015;12151;Uniper HWC Blekerstraat;Rotterdam;Kooldioxide (CO2);319482;kg
2015;12152;Uniper HWC Delftsevaart;Rotterdam;Kooldioxide (CO2);6317295;kg
2015;12157;HVC ZVI B.V.;Dordrecht;Kooldioxide (CO2);12819451;kg
2015;12158;HVC Slibverbrandingsinstallatie;Dordrecht;Kooldioxide (CO2);114380000;kg
2015;12162;Evos Rotterdam B.V.;Europoort Rotterdam;Kooldioxide (CO2);13089292;kg
2015;12163;EPS BV;Hendrik-Ido-Ambacht;Kooldioxide (CO2);569998;kg
2015;12166;TU Delft Warmtekrachtcentrale;Delft;Kooldioxide (CO2);16117571;kg
2015;12167;UZIMET BV;Rijswijk;Kooldioxide (CO2);781276;kg
2015;12168;INV NYLON CHEMICALS NETHERLANDS B.V.;Botlek Rotterdam;Kooldioxide (CO2);7527164;kg
2015;12170;FrieslandCampina Maasdam;Maasdam;Kooldioxide (CO2);5131437;kg
2015;12171;Zuivelfabriek De Graafstroom;Bleskensgraaf Ca;Kooldioxide (CO2);4209602;kg
2015;12172;Promelca B.V. (Gorinchem);Gorinchem;Kooldioxide (CO2);38666540;kg
2015;12174;Ducor Petrochemicals B.V.;Botlek Rotterdam;Kooldioxide (CO2);8317500;kg
2015;12175;Air Liquide Industrie BV;Botlek Rotterdam;Kooldioxide (CO2);673085658;kg
2015;12177;VPR Energy B.V.;Europoort Rotterdam;Kooldioxide (CO2);115934700;kg
2015;19004;ExxonMobil Chemical Holland BV (RPP van RPI);Botlek Rotterdam;Kooldioxide (CO2);32127000;kg
2015;19032;Janssen Biologics BV;Leiden;Kooldioxide (CO2);3820000;kg
2015;19048;Refresco Benelux BV;Bodegraven;Kooldioxide (CO2);3590000;kg
2015;19070;Indorama Ventures Europe BV;Europoort Rotterdam;Kooldioxide (CO2);113947340;kg
2015;19072;FrieslandCampina Nederland B.V.;Noordwijk;Kooldioxide (CO2);2059263;kg
2015;19073;Westlake Epoxy B.V.;Vondelingenplaat Rotterdam;Kooldioxide (CO2);32638002;kg
2015;21010;Sonneborn Refined Products BV (Amsterdam);Amsterdam;Kooldioxide (CO2);19066166;kg
2015;21011;Rütgers Resins B.V.;Uithoorn;Kooldioxide (CO2);4337000;kg
2015;21101;Ketjen Netherlands BV;Amsterdam;Kooldioxide (CO2);64587581;kg
2015;21102;ICL FERTILIZERS EUROPE C.V.;Amsterdam;Kooldioxide (CO2);12800000;kg
2015;21301;LANXESS Manufacturing Netherlands BV;Amsterdam;Kooldioxide (CO2);4978951;kg
2015;21302;Abbott Healthcare Products BV (Weesp);Weesp;Kooldioxide (CO2);13282203;kg
2015;21304;Givaudan Nederland B.V. (Naarden);Naarden;Kooldioxide (CO2);4330000;kg
2015;21403;Norit Nederland BV (Zaandam);Zaandam;Kooldioxide (CO2);38887379;kg
2015;21507;MAIN BV;Amsterdam;Kooldioxide (CO2);2150000;kg
2015;21528;N.V. Nederlandse Gasunie (Wieringermeer);Middenmeer;Kooldioxide (CO2);2309307;kg
2015;21529;Gasunie Transport Services B.V.;Heemskerk;Kooldioxide (CO2);548497;kg
2015;21530;OQ Chemicals Nederland BV;Amsterdam;Kooldioxide (CO2);4005826;kg
2015;22006;FrieslandCampina Nederland B.V. Lutjewinkel;Lutjewinkel;Kooldioxide (CO2);7022356;kg
2015;22008;Kaptein PCF;Oosthuizen;Kooldioxide (CO2);603938;kg
2015;22012;CONO Kaasmakers (Middenbeemster);Westbeemster;Kooldioxide (CO2);9253778;kg
2015;22102;Bunge Loders Croklaan Worrmerveer;Wormerveer;Kooldioxide (CO2);18669966;kg
2015;22201;Olam Cocoa BV;Koog aan de Zaan;Kooldioxide (CO2);26936000;kg
2015;22602;Tate & Lyle Netherlands BV;Koog aan de Zaan;Kooldioxide (CO2);74889758;kg
2015;22617;Bunge Netherlands BV;Amsterdam;Kooldioxide (CO2);65504000;kg
2015;22626;Cargill BV (Multiseed);Amsterdam;Kooldioxide (CO2);31663648;kg
2015;23301;Tata Steel IJmuiden BV;Velsen-Noord;Kooldioxide (CO2);6205820633;kg
2015;24000;Vattenfall Power Generation B.V. (Hemweg);Amsterdam;Kooldioxide (CO2);4195068605;kg
2015;24002;Vattenfall Power Generation B.V. (Diemen);Diemen;Kooldioxide (CO2);944315539;kg
2015;24003;Vattenfall Power Generation B.V. (Velsen);Velsen-Noord;Kooldioxide (CO2);4053998822;kg
2015;24302;Crown van Gelder International B.V.;Velsen-Noord;Kooldioxide (CO2);142670401;kg
2015;24605;Forbo Flooring BV;Assendelft;Kooldioxide (CO2);13042587;kg
2015;24606;BN International BV;Huizen;Kooldioxide (CO2);7411600;kg
2015;28070;Alpha Assembly Solutions Netherlands BV;Naarden;Kooldioxide (CO2);847000;kg
2015;28072;Quaker Chemical B.V. (A Quaker Houghton Company);Uithoorn;Kooldioxide (CO2);2370186;kg
2015;28085;AEB Amsterdam;Amsterdam;Kooldioxide (CO2);1168937613;kg
2015;28091;HVC N.V.;Alkmaar;Kooldioxide (CO2);1078329390;kg
2015;28094;Linde Gas IJmuiden;Velsen-Noord;Kooldioxide (CO2);3620000;kg
2015;28097;A-ware Zaandam BV;Zaandam;Kooldioxide (CO2);303000;kg
2015;28098;FrieslandCampina Limmen (Ecomel);Limmen;Kooldioxide (CO2);653000;kg
2015;28175;Waeles Nederland BV;Nieuw-Vennep;Kooldioxide (CO2);202114;kg
2015;28176;Vattenfall Power Generation B.V. (IJmond 1);Velsen-Noord;Kooldioxide (CO2);1984209822;kg
2015;31311;CARBOGEN AMCIS B.V.;Veenendaal;Kooldioxide (CO2);2390000;kg
2015;33104;Trivium Aluminium Packaging Netherlands B.V.;Veenendaal;Kooldioxide (CO2);5453063;kg
2015;33414;IQatalyst B.V.;De Meern;Kooldioxide (CO2);7423769;kg
2015;34303;Remia CV;Den Dolder;Kooldioxide (CO2);4800000;kg
2015;38002;Stichting AL-terrein;Bilthoven;Kooldioxide (CO2);13746291;kg
2015;39103;Koninklijke ERU Kaasfabriek B.V.;Woerden;Kooldioxide (CO2);480535;kg
2015;39105;Vrumona;Bunnik;Kooldioxide (CO2);5130000;kg
2015;41003;Shell Nederland Chemie BV (Moerdijk);Moerdijk;Kooldioxide (CO2);1314596983;kg
2015;41101;SABIC Innovative Plastics BV;Bergen op Zoom;Kooldioxide (CO2);334085000;kg
2015;41102;Allnex Netherlands B.V.;Bergen op Zoom;Kooldioxide (CO2);11138992;kg
2015;41103;Synthos Breda BV;Breda;Kooldioxide (CO2);7546466;kg
2015;41106;IFF Nederland BV;Tilburg;Kooldioxide (CO2);8892575;kg
2015;41113;BEWI RAW BV;Etten-Leur;Kooldioxide (CO2);6801745;kg
2015;41307;Aspen Oss B.V.;Oss;Kooldioxide (CO2);23981000;kg
2015;41402;Trobas Gelatine B.V.;Dongen;Kooldioxide (CO2);9598254;kg
2015;41428;Covestro (Netherlands) B.V., vestiging Waalwijk;Waalwijk;Kooldioxide (CO2);4521000;kg
2015;41502;Ravenstein;Ravenstein;Kooldioxide (CO2);5532873;kg
2015;41521;Afvalstoffen Terminal Moerdijk BV (ATM);Moerdijk;Kooldioxide (CO2);299774480;kg
2015;42022;Nutricia Cuijk B.V.;Cuijk;Kooldioxide (CO2);4284593;kg
2015;42034;FrieslandCampina DMV B.V.;Veghel;Kooldioxide (CO2);105604000;kg
2015;42206;Mars Nederland BV;Veghel;Kooldioxide (CO2);13136000;kg
2015;42310;Cosun Beet Company-Dinteloord;Dinteloord;Kooldioxide (CO2);122871000;kg
2015;42408;Swinkels Family Brewers N.V.;Lieshout;Kooldioxide (CO2);50762600;kg
2015;42410;Heineken Netherlands Supply B.V. (Den Bosch);'s-Hertogenbosch;Kooldioxide (CO2);18466000;kg
2015;42629;Cargill BV;Bergen op Zoom;Kooldioxide (CO2);22831132;kg
2015;42823;Zwanenberg Food Oss b.v.;Oss;Kooldioxide (CO2);12018000;kg
2015;42834;Rendac Son BV;Son en Breugel;Kooldioxide (CO2);10805000;kg
2015;43002;Mannesmann Precision Tubes Netherlands BV;Helmond;Kooldioxide (CO2);1758451;kg
2015;43003;Tata Steel Nederland Tubes BV locatie Oosterhout;Oosterhout;Kooldioxide (CO2);2181450;kg
2015;43013;Nyrstar Budel BV;Budel-Dorplein;Kooldioxide (CO2);42428000;kg
2015;43024;Nedschroef Helmond BV;Helmond;Kooldioxide (CO2);6964119;kg
2015;43135;Ahrend Produktiebedrijf Sint-Oedenrode BV;Sint-Oedenrode;Kooldioxide (CO2);1234573;kg
2015;43139;Ardagh Metal Packaging Netherlands B.V.;Oss;Kooldioxide (CO2);717892;kg
2015;43205;Coatinc West Brabant BV;Oudenbosch;Kooldioxide (CO2);268000;kg
2015;43210;Aalberts Surface Technologies BV;Eindhoven;Kooldioxide (CO2);654244;kg
2015;43216;SPGPrints;Boxmeer;Kooldioxide (CO2);3372051;kg
2015;43400;GTO Plating BV;'s-Hertogenbosch;Kooldioxide (CO2);208;kg
2015;43403;DAF Trucks N.V.;Eindhoven;Kooldioxide (CO2);25605291;kg
2015;43513;LDM b.v.;Drunen;Kooldioxide (CO2);1749475;kg
2015;43856;Hydro Extrusion Drunen;Drunen;Kooldioxide (CO2);11059065;kg
2015;43869;Efté Coating BV;Eindhoven;Kooldioxide (CO2);610244;kg
2015;44004;Amer Centrale;Geertruidenberg;Kooldioxide (CO2);5702923000;kg
2015;44006;RWZI Oijen (Waterschap Aa en Maas);Oijen;Kooldioxide (CO2);5991094;kg
2015;44007;PreZero Energy Roosendaal B.V.;Roosendaal;Kooldioxide (CO2);331036601;kg
2015;44008;Ennatuurlijk BV, WKC Helmond;Helmond;Kooldioxide (CO2);54322417;kg
2015;44009;BV Afvalverbranding Zuid Nederland (AZN);Moerdijk;Kooldioxide (CO2);913135000;kg
2015;44162;Vlisco Netherlands BV;Helmond;Kooldioxide (CO2);25038474;kg
2015;44301;Saica Flex Netherlands B.V.;Etten-Leur;Kooldioxide (CO2);1898503;kg
2015;44709;Steenfabriek Engels Oeffelt BV;Oeffelt;Kooldioxide (CO2);13532223;kg
2015;44772;Ardagh Glass Dongen BV;Dongen;Kooldioxide (CO2);96337742;kg
2015;44773;Saint Gobain Construction Products NL BV;Etten-Leur;Kooldioxide (CO2);43175915;kg
2015;45669;Caligen Europe BV;Breda;Kooldioxide (CO2);300120;kg
2015;47001;Slibverwerking Noord-Brabant NV;Moerdijk;Kooldioxide (CO2);161043000;kg
2015;48002;Unipol Holland BV;Oss;Kooldioxide (CO2);5684442;kg
2015;48018;FUJIFILM Manufacturing Europe B.V.;Tilburg;Kooldioxide (CO2);34901681;kg
2015;48022;Dr. W. Kolb Nederland BV;Klundert;Kooldioxide (CO2);2738685;kg
2015;48023;FrieslandCampina Rijkevoort (Holland Cheese);Rijkevoort;Kooldioxide (CO2);8220000;kg
2015;48024;Essity Operations Cuijk B.V.;Katwijk NB;Kooldioxide (CO2);20044085;kg
2015;48031;FrieslandCampina Butter & Milkpowder - Den Bosch;'s-Hertogenbosch;Kooldioxide (CO2);3112477;kg
2015;48051;KBM Master Alloys BV (Oss);Oss;Kooldioxide (CO2);1020295;kg
2015;48054;Van Swaay Duurzaam Hout Schijndel;Schijndel;Kooldioxide (CO2);303000;kg
2015;48061;Verzinkerij Meerveldhoven BV;Veldhoven;Kooldioxide (CO2);2030000;kg
2015;48072;Essent WKC 's-Hertogenbosch;'s-Hertogenbosch;Kooldioxide (CO2);0;kg
2015;48073;Nedzink BV;Budel-Dorplein;Kooldioxide (CO2);1104622;kg
2015;48082;Ennatuurlijk BV, PS Breda;Breda;Kooldioxide (CO2);96707;kg
2015;48083;WKC Bergen op Zoom;Bergen op Zoom;Kooldioxide (CO2);0;kg
2015;48084;Ennatuurlijk BV, WKC Eindhoven;Eindhoven;Kooldioxide (CO2);16191528;kg
2015;48087;Proviande Beef;Someren;Kooldioxide (CO2);63304;kg
2015;48113;Keizersberg Diervoeders Elsendorp B.V.;Milheeze;Kooldioxide (CO2);58625;kg
2015;48177;Peka Kroef B.V. Odiliapeel;Odiliapeel;Kooldioxide (CO2);20017731;kg
2015;49006;WKC Moerdijk;Moerdijk;Kooldioxide (CO2);627849222;kg
2015;49010;Basell Benelux B.V.;Moerdijk;Kooldioxide (CO2);21478000;kg
2015;49013;Ardagh Glass Moerdijk BV;Moerdijk;Kooldioxide (CO2);59245146;kg
2015;49016;BECC B.V.;Katwijk NB;Kooldioxide (CO2);254914;kg
2015;49017;Merck Sharp & Dohme B.V.;Oss;Kooldioxide (CO2);4442000;kg
2015;49026;Attero B.V. locatie Tilburg (Spinder);Tilburg;Kooldioxide (CO2);6695089;kg
2015;49027;FrieslandCampina Nuenen;Nuenen;Kooldioxide (CO2);1139900;kg
2015;49033;Agristo Tilburg BV;Tilburg;Kooldioxide (CO2);35384769;kg
2015;51101;Synthomer Middelburg BV;Middelburg;Kooldioxide (CO2);55660000;kg
2015;51102;Rosier Nederland B.V.;Sas Van GEnt;Kooldioxide (CO2);18192543;kg
2015;51104;Dow Benelux BV (Hoek);Hoek;Kooldioxide (CO2);2623695453;kg
2015;51105;YARA Sluiskil BV;Sluiskil;Kooldioxide (CO2);3547030147;kg
2015;51107;ARKEMA B.V. location Vlissingen;Vlissingen;Kooldioxide (CO2);4857264;kg
2015;51404;ICL-IP Terneuzen BV;Terneuzen;Kooldioxide (CO2);18996300;kg
2015;51501;Zeeland Refinery N.V.;Nieuwdorp;Kooldioxide (CO2);1543181532;kg
2015;52612;Cargill Benelux BV;Sas Van GEnt;Kooldioxide (CO2);242453670;kg
2015;52615;Koninklijke Zeelandia;Zierikzee;Kooldioxide (CO2);1618206;kg
2015;53129;Damen Schelde Naval Shipbuilding B.V. en Damen Shiprepair Vlissingen B.V.;Ritthem;Kooldioxide (CO2);1508338;kg
2015;53504;Zeeland Aluminium Company (Zalco BV);Vlissingen;Kooldioxide (CO2);12880520;kg
2015;54001;EPZ NV (Conventional Operations);Borssele;Kooldioxide (CO2);2055918900;kg
2015;56118;Stepan Nederland BV;Ritthem;Kooldioxide (CO2);3604709;kg
2015;56119;Decontamination Services BV;Ritthem;Kooldioxide (CO2);11372021;kg
2015;56123;Stortplaats Koegorspolder BV (OLAZ);Terneuzen;Kooldioxide (CO2);2092066;kg
2015;56125;Stortplaats Noord- en Midden-Zeeland BV (OLAZ);Nieuwdorp;Kooldioxide (CO2);9027796;kg
2015;61213;PPG Coatings B.V.;Tiel;Kooldioxide (CO2);1173523;kg
2015;61407;SABA Dinxperlo BV;Dinxperlo;Kooldioxide (CO2);332000;kg
2015;61411;Sonac Vuren BV;Vuren;Kooldioxide (CO2);35593479;kg
2015;61418;SACHEM Europe BV;Zaltbommel;Kooldioxide (CO2);3499150;kg
2015;61424;Veolia Industriediensten BV;Arnhem;Kooldioxide (CO2);39365990;kg
2015;61436;Givaudan Nederland BV (Barneveld);Barneveld;Kooldioxide (CO2);946300;kg
2015;61517;Gasunie Zweekhorst;Zevenaar;Kooldioxide (CO2);5075307;kg
2015;62009;FrieslandCampina Butter&Milkpowder (Lochem);Lochem;Kooldioxide (CO2);42080271;kg
2015;62010;Nestlé Nederland BV (Nunspeet);Nunspeet;Kooldioxide (CO2);15203141;kg
2015;62013;FrieslandCampina Steenderen;Steenderen;Kooldioxide (CO2);4290000;kg
2015;62025;FrieslandCampina (Borculo);Borculo;Kooldioxide (CO2);58335770;kg
2015;62031;Arla Foods BV;Nijkerk;Kooldioxide (CO2);13926541;kg
2015;62108;Polskamp BV;Ermelo;Kooldioxide (CO2);1316234;kg
2015;62406;Riedel BV;Ede;Kooldioxide (CO2);2703000;kg
2015;62509;H.J. Heinz Holding BV;Elst;Kooldioxide (CO2);6560000;kg
2015;62512;Struik Foods Netherlands;Nijkerk;Kooldioxide (CO2);5052354;kg
2015;62802;Ekro BV;Apeldoorn;Kooldioxide (CO2);942000;kg
2015;62806;VION Apeldoorn b.v.;Apeldoorn;Kooldioxide (CO2);2856400;kg
2015;62812;Compaxo Vlees Zevenaar BV;Zevenaar;Kooldioxide (CO2);3200000;kg
2015;62852;Pluimveeslachterij Van den Bor BV;Nijkerkerveen;Kooldioxide (CO2);1394952;kg
2015;62925;Aviko BV;Steenderen;Kooldioxide (CO2);67400900;kg
2015;63012;KME Netherlands B.V.;Zutphen;Kooldioxide (CO2);4678423;kg
2015;63399;Scheepswerf De Hoop BV;Tolkamer;Kooldioxide (CO2);520802;kg
2015;63504;Gieterij Doesburg BV;Doesburg;Kooldioxide (CO2);1276434;kg
2015;63505;Vulcanus Castings BV;Doetinchem;Kooldioxide (CO2);6838890;kg
2015;63508;Nijmeegsche IJzergieterij BV;Nijmegen;Kooldioxide (CO2);3594219;kg
2015;63509;LF Casting B.V.;Terborg;Kooldioxide (CO2);1176090;kg
2015;63601;Hydro Extrusion Harderwijk;Harderwijk;Kooldioxide (CO2);1898738;kg
2015;63643;Veco B.V.;Eerbeek;Kooldioxide (CO2);897000;kg
2015;63669;Coatinc Anox bv.;Scherpenzeel;Kooldioxide (CO2);166362;kg
2015;64001;Centrale Gelderland;Nijmegen;Kooldioxide (CO2);2886892000;kg
2015;64004;AVR Afvalverwerking BV (Duiven);Duiven;Kooldioxide (CO2);552100000;kg
2015;64005;ARN B.V.;Weurt;Kooldioxide (CO2);328931810;kg
2015;64134;Sonac Loenen BV;Loenen;Kooldioxide (CO2);4660000;kg
2015;64304;Papierfabriek Doetinchem bv;Doetinchem;Kooldioxide (CO2);20150019;kg
2015;64328;Koninklijke VIVBuisman B.V.;Zelhem;Kooldioxide (CO2);2205200;kg
2015;64335;DS Smith De Hoop B.V.;Eerbeek;Kooldioxide (CO2);216496899;kg
2015;64345;Folding Boxboard Eerbeek bv;Eerbeek;Kooldioxide (CO2);67630612;kg
2015;64354;VHP Security Paper B.V.;Ugchelen;Kooldioxide (CO2);5251233;kg
2015;64360;Smurfit Westrock Parenco B.V.;Renkum;Kooldioxide (CO2);158862837;kg
2015;64633;Aquinos BV (Kesteren);Kesteren;Kooldioxide (CO2);1185547;kg
2015;64641;Kamp Coating Apeldoorn BV;Apeldoorn;Kooldioxide (CO2);1003904;kg
2015;64701;Steenfabriek De Rijswaard BV;Aalst;Kooldioxide (CO2);27738000;kg
2015;64703;B.V. Steenfabriek Huissenswaard;Angeren;Kooldioxide (CO2);19295367;kg
2015;64713;Wienerberger Steenfabriek Schipperswaard;Echteld;Kooldioxide (CO2);4857000;kg
2015;64715;Wienerberger BV Steenfabriek Erlecom;Erlecom;Kooldioxide (CO2);15666000;kg
2015;64718;Rodruza Steenfabriek de Zandberg;Gendt;Kooldioxide (CO2);13483000;kg
2015;64719;Wienerberger Steenfabriek Haaften;Haaften;Kooldioxide (CO2);14597000;kg
2015;64725;Wienerberger Steenfabriek Heteren;Heteren;Kooldioxide (CO2);9030000;kg
2015;64735;AGC Flatglass Nederland BV;Tiel;Kooldioxide (CO2);0;kg
2015;64740;Wienerberger Steenfabriek Wolfswaard;Opheusden;Kooldioxide (CO2);14359000;kg
2015;64741;Wienerberger Steenfabriek Kijfwaard Oost;Pannerden;Kooldioxide (CO2);12211000;kg
2015;64744;Steenfabriek Rossum B.V.;Rossum;Kooldioxide (CO2);15563000;kg
2015;64748;Steenfabriek Spijk BV;Spijk;Kooldioxide (CO2);24783000;kg
2015;64749;Steenfabriek Tolkamer BV;Tolkamer;Kooldioxide (CO2);33695000;kg
2015;64756;Wienerberger Steenfabriek De Vlijt;Winterswijk;Kooldioxide (CO2);9051000;kg
2015;64759;Steenfabriek Zennewijnen;Zennewijnen;Kooldioxide (CO2);11977000;kg
2015;65735;Steenfabriek Vogelensangh B.V.;Deest;Kooldioxide (CO2);3461046;kg
2015;65777;Wienerberger Steenfabriek Kijfwaard West;Pannerden;Kooldioxide (CO2);22440000;kg
2015;66001;Sibelco Winterswijk;Winterswijk;Kooldioxide (CO2);3868135;kg
2015;66201;Coldenhove Paper B.V.;Eerbeek;Kooldioxide (CO2);10119974;kg
2015;66206;TANATEX Chemicals BV;Ede;Kooldioxide (CO2);596400;kg
2015;66220;Smart Packaging Solutions B.V.;Loenen;Kooldioxide (CO2);12662719;kg
2015;66224;Wienerberger Dakpannenfabriek Narvik Deest;Deest;Kooldioxide (CO2);8143000;kg
2015;66231;Attero B.V. Locatie Wilp (VAR);Wilp;Kooldioxide (CO2);7815867;kg
2015;66239;Mead Johnson B.V.;Nijmegen;Kooldioxide (CO2);7732197;kg
2015;66244;Color Coating BV;Apeldoorn;Kooldioxide (CO2);374682;kg
2015;66248;Loparex BV;Apeldoorn;Kooldioxide (CO2);6490000;kg
2015;66253;Stichting Mestverwerking Gelderland SMG (KGBI Stroe);Stroe;Kooldioxide (CO2);3577250;kg
2015;66323;Stichting Mestverwerking Gelderland SMG (KGBI Ede);Ede;Kooldioxide (CO2);3990900;kg
2015;66325;Stichting Mestverwerking Gelderland SMG (KGBI Elspeet);Elspeet;Kooldioxide (CO2);3044370;kg
2015;66326;Stichting Mestverwerking Gelderland SMG (KGBI Putten);Putten;Kooldioxide (CO2);3636760;kg
2015;66355;PFW Aroma ingredients bv;Barneveld;Kooldioxide (CO2);1260000;kg
2015;69033;Vika BV;Ede;Kooldioxide (CO2);2401470;kg
2015;69057;Rotocoat Dieren BV;Spankeren;Kooldioxide (CO2);1230000;kg
2015;71102;KLK Kolb Specialties B.V.;Delden;Kooldioxide (CO2);6121094;kg
2015;71103;Nouryon Functional Chemicals;Deventer;Kooldioxide (CO2);9984530;kg
2015;71105;Nobian Chemicals BV (Hengelo);Hengelo;Kooldioxide (CO2);258911000;kg
2015;71514;Gasunie Vilsteren / Ommen;Vilsteren;Kooldioxide (CO2);7110554;kg
2015;72016;Royal Lactalis Leerdammer BV (Dalfsen);Dalfsen;Kooldioxide (CO2);5819860;kg
2015;72024;Ausnutria Kampen BV;Kampen;Kooldioxide (CO2);14366023;kg
2015;72027;Ausnutria Ommen B.V.;Ommen;Kooldioxide (CO2);4280000;kg
2015;72914;Abbott Laboratories B.V.;Zwolle;Kooldioxide (CO2);15185612;kg
2015;73239;Scania Production Zwolle BV;Zwolle;Kooldioxide (CO2);2010000;kg
2015;74003;Centrale Harculo;Zwolle;Kooldioxide (CO2);971423;kg
2015;74005;Ennatuurlijk BV, WKC Enschede;Enschede;Kooldioxide (CO2);569008;kg
2015;74120;Ten Cate Protect B.V.;Nijverdal;Kooldioxide (CO2);1724591;kg
2015;74154;TenCate Outdoor Fabrics BV;Nijverdal;Kooldioxide (CO2);2950000;kg
2015;74321;SARPI Netherlands B.V.;Almelo;Kooldioxide (CO2);838816;kg
2015;75305;locatie Boeldershoek;Hengelo;Kooldioxide (CO2);882773658;kg
2015;75315;locatie Elhorst Vloedbelt;Zenderen;Kooldioxide (CO2);1261299;kg
2015;75331;Zwanenberg Food Group B.V.;Almelo;Kooldioxide (CO2);2920113;kg
2015;75342;FrieslandCampina Balkbrug;Balkbrug;Kooldioxide (CO2);9773000;kg
2015;75349;CZ Rouveen kaasspecialiteiten;Rouveen;Kooldioxide (CO2);3160000;kg
2015;81103;Norit Nederland B.V.;Klazienaveen;Kooldioxide (CO2);107824333;kg
2015;81104;DOC Kaas (Zuivelfabriek);Hoogeveen;Kooldioxide (CO2);9912630;kg
2015;81202;AOC Nederland BV (Schoonebeek);Zandpol;Kooldioxide (CO2);4692000;kg
2015;82002;FrieslandCampina Domo B.V. (Beilen);Beilen;Kooldioxide (CO2);52245321;kg
2015;82603;Avebe u.a. (Gasselternijveen);Gasselternijveen;Kooldioxide (CO2);71871049;kg
2015;83501;2 RG;Klazienaveen;Kooldioxide (CO2);6217251;kg
2015;84808;SOLIDUS SOLUTIONS Board B.V. Coevorden;Coevorden;Kooldioxide (CO2);21975000;kg
2015;84999;FrieslandCampina Kievit (Meppel);Meppel;Kooldioxide (CO2);19610542;kg
2015;85002;Attero BV;Wijster;Kooldioxide (CO2);552388654;kg
2015;85003;Envalior Engineering Materials B.V.;Emmen;Kooldioxide (CO2);5380000;kg
2015;91505;N.V. Nederlandse Gasunie - compressorstation Aldeboarn;Aldeboarn;Kooldioxide (CO2);681561;kg
2015;92001;FrieslandCampina Cheese Gerkesklooster;Gerkesklooster;Kooldioxide (CO2);16725185;kg
2015;92004;Hochwald Foods Nederland BV;Bolsward;Kooldioxide (CO2);8109915;kg
2015;92008;Phoenix BV;Scharsterbrug;Kooldioxide (CO2);20126082;kg
2015;92012;FrieslandCampina (Leeuwarden);Leeuwarden;Kooldioxide (CO2);52078479;kg
2015;92015;FrieslandCampina Dronrijp;Dronryp;Kooldioxide (CO2);6674760;kg
2015;92030;FrieslandCampina (Workum);Workum;Kooldioxide (CO2);24301580;kg
2015;92615;Sonac Burgum BV;Sumar;Kooldioxide (CO2);53919991;kg
2015;93604;Nederlandse Onttinningsfabriek BV;Leeuwarden;Kooldioxide (CO2);1050000;kg
2015;94003;Centrale Bergum;Burgum;Kooldioxide (CO2);2342439;kg
2015;94301;Huhtamaki Nederland B.V.;Franeker;Kooldioxide (CO2);13019420;kg
2015;94304;SCA Hygiene Products BV (Suameer);Sumar;Kooldioxide (CO2);2419599;kg
2015;94607;Trioworld Harlingen;Harlingen;Kooldioxide (CO2);20400;kg
2015;94706;BASF Nederland B.V.;Heerenveen;Kooldioxide (CO2);2253000;kg
2015;95003;Lamb Weston / Meyer VOF (Klooster Lidlum);Klooster Lidlum;Kooldioxide (CO2);14324545;kg
2015;99011;Sonac Harlingen BV;Harlingen;Kooldioxide (CO2);1590000;kg
2015;101103;BioMCN B.V.;Farmsum;Kooldioxide (CO2);267003089;kg
2015;101104;Dow Benelux B.V.;Delfzijl;Kooldioxide (CO2);11601466;kg
2015;101105;P.Q. Silicas B.V.;Winschoten;Kooldioxide (CO2);15514734;kg
2015;101108;Qemetica NL Silica bv;Delfzijl;Kooldioxide (CO2);36295000;kg
2015;101404;Delamine B.V.;Farmsum;Kooldioxide (CO2);1786198;kg
2015;101405;Electric Glass Fiber NL, B.V.;Westerbroek;Kooldioxide (CO2);39208405;kg
2015;101407;Zeolyst CV;Farmsum;Kooldioxide (CO2);5656000;kg
2015;101408;Nedmag B.V.;Veendam;Kooldioxide (CO2);77885202;kg
2015;101515;Gasunie Transport Services B.V. - compressorstation Spijk;Eemshaven;Kooldioxide (CO2);2450421;kg
2015;102001;FrieslandCampina Nederland B.V.;Bedum;Kooldioxide (CO2);34380167;kg
2015;102008;Plixxent B.V.;Foxhol;Kooldioxide (CO2);120435;kg
2015;102302;Cosun Beet Company-Vierverlaten;Groningen;Kooldioxide (CO2);125659000;kg
2015;102504;Rixona BV;Warffum;Kooldioxide (CO2);18404332;kg
2015;102620;Coöperatie AVEBE U.A.;Ter Apelkanaal;Kooldioxide (CO2);116024008;kg
2015;102621;Avebe u.a. (Foxhol);Foxhol;Kooldioxide (CO2);23402152;kg
2015;103009;KBM Master Alloys B.V.;Delfzijl;Kooldioxide (CO2);4402661;kg
2015;103010;DAMCO Aluminium Delfzijl Coöperatie U.A.;Farmsum;Kooldioxide (CO2);53277582;kg
2015;104001;ENGIE Energie Nederland NV;Eemshaven;Kooldioxide (CO2);1583205718;kg
2015;104003;Delesto B.V.;Farmsum;Kooldioxide (CO2);539975997;kg
2015;104302;Solidus Solutions Board Groningen-Hoogkerk;Groningen;Kooldioxide (CO2);17158000;kg
2015;104304;Eska B.V.;Hoogezand;Kooldioxide (CO2);59568768;kg
2015;104305;Eska B.V.;Sappemeer;Kooldioxide (CO2);32986443;kg
2015;104307;Solidus Board Bad Nieuweschans B.V.;Bad Nieuweschans;Kooldioxide (CO2);38056951;kg
2015;104511;Gasunie mengstation Kootstertille (FR);Kootstertille;Kooldioxide (CO2);7916;kg
2015;104520;Ecopark De Wierde;Heerenveen;Kooldioxide (CO2);3529999;kg
2015;104521;FrieslandCampina Wolvega;Wolvega;Kooldioxide (CO2);439000;kg
2015;104611;Adapa the Netherlands BV;Leek;Kooldioxide (CO2);2064890;kg
2015;104710;ESD-SIC BV;Farmsum;Kooldioxide (CO2);126738011;kg
2015;104756;Steenindustrie Strating BV;Oude Pekela;Kooldioxide (CO2);4414000;kg
2015;105001;ChemCom Industries BV;Farmsum;Kooldioxide (CO2);7652003;kg
2015;105004;Teijin Aramid B.V.;Farmsum;Kooldioxide (CO2);16906000;kg
2015;105007;FrieslandCampina Nederland B.V.;Marum;Kooldioxide (CO2);9508387;kg
2015;105008;Hydro Extrusion Hoogezand B.V.;Hoogezand;Kooldioxide (CO2);3035965;kg
2015;105016;Nobian Industrial Chemicals B.V. - SSC (Shared Service Center);Farmsum;Kooldioxide (CO2);2821000;kg
2015;105027;Kisuma Chemicals BV;Veendam;Kooldioxide (CO2);11680139;kg
2015;105029;Storteboom Foodgroup Kornhorn;Kornhorn;Kooldioxide (CO2);2177342;kg
2015;114001;Maxima-centrale;Lelystad;Kooldioxide (CO2);1233372986;kg
2015;114002;Vattenfall Power Generation B.V. (HWC Hogering/WKC Almere);Almere;Kooldioxide (CO2);11174759;kg
2015;114709;McCain Foods Holland BV (Lelystad);Lelystad;Kooldioxide (CO2);25386000;kg
2015;114720;Sonac Almere BV;Almere;Kooldioxide (CO2);5443828;kg
2015;114721;Alphen;Alphen;Kooldioxide (CO2);83322;kg
2015;114722;Waterschap Noorderzijlvest - RWZI Garmerwolde;Garmerwolde;Kooldioxide (CO2);14158331;kg
2015;114723;RWZI Harderwijk;Harderwijk;Kooldioxide (CO2);6784054;kg
2015;114724;RWZI Apeldoorn;Apeldoorn;Kooldioxide (CO2);17525101;kg
2015;114725;RWZI Ede;Ede;Kooldioxide (CO2);7121576;kg
2015;114726;RWZI Nieuwgraaf (Waterschap Rijn en IJssel);Duiven;Kooldioxide (CO2);15887637;kg
2015;114727;RWZI Nijmegen (Waterschap Rivierenland);Weurt;Kooldioxide (CO2);12417649;kg
2015;114728;RWZI Nieuwveer;Breda;Kooldioxide (CO2);11061149;kg
2015;114729;RWZI Aarle-Rixtel (Waterschap Aa en Maas);Aarle-Rixtel;Kooldioxide (CO2);5114142;kg
2015;114730;RWZI Eindhoven (Waterschap De Dommel);Eindhoven;Kooldioxide (CO2);12034801;kg
2015;114731;RWZI Utrecht (Hoogheemraadschap de Stichtse Rijnlanden);Utrecht;Kooldioxide (CO2);15382496;kg
2015;114732;RWZI Venlo;Venlo;Kooldioxide (CO2);9945558;kg
2015;114733;RWZI Hoensbroek;Hoensbroek;Kooldioxide (CO2);2874188;kg
2015;114734;RWZI Enschede;Enschede;Kooldioxide (CO2);11872048;kg
2015;114735;AWZI De Groote Lucht (Hoogheemraadschap van Delfland);Vlaardingen;Kooldioxide (CO2);5416125;kg
2015;114736;RWZI Dokhaven en Slibverwerkingsinstallatie Sluisjesdijk;Rotterdam;Kooldioxide (CO2);14353923;kg
2015;114737;AWZI Kralingseveer (Hoogheemraadschap van Schieland);Capelle aan den Ijssel;Kooldioxide (CO2);9565010;kg
2015;114740;RWZI Susteren;Susteren;Kooldioxide (CO2);13901679;kg
2015;114741;RWZI Amersfoort;Amersfoort;Kooldioxide (CO2);7737942;kg
2015;114743;RWZI Dinther (Waterschap Aa en Maas);Heeswijk-Dinther;Kooldioxide (CO2);6945277;kg
2015;114744;Elsta P&U;Hoek;Kooldioxide (CO2);1101111000;kg
2015;114747;PeakShaver Maasvlakte;Maasvlakte Rotterdam;Kooldioxide (CO2);8906992;kg
2015;114757;Eurogen CV;Botlek Rotterdam;Kooldioxide (CO2);481494059;kg
2015;114758;Farm Dairy BV;Lelystad;Kooldioxide (CO2);1793776;kg
2015;114767;AWZI Houtrust (Hoogheemraadschap van Delfland);'s-Gravenhage;Kooldioxide (CO2);9217537;kg
2015;114785;Smilde Foods BV(Heerenveen);Heerenveen;Kooldioxide (CO2);1574000;kg
2015;114802;Renewi Smink Amersfoort;Hoogland;Kooldioxide (CO2);6271981;kg
2015;114804;Vleeswarenfabriek Persoon BV;Lisse;Kooldioxide (CO2);721000;kg
2015;114814;Recycling Kombinatie REKO B.V.;Vondelingenplaat Rotterdam;Kooldioxide (CO2);19690789;kg
2015;115036;LyondellBasell Covestro Manufacturing Maasvlakte VOF;Maasvlakte Rotterdam;Kooldioxide (CO2);11331500;kg
2015;115037;Teijin Aramid BV (Arnhem);Arnhem;Kooldioxide (CO2);747000;kg
2015;115049;Holonite BV (Tholen);Tholen;Kooldioxide (CO2);119000;kg
2015;115050;Holonite BV (Halsteren);Halsteren;Kooldioxide (CO2);449;kg
2015;115063;Eagle Simrax BV;Kerkrade;Kooldioxide (CO2);251000;kg
2015;115066;Trespa International BV;Weert;Kooldioxide (CO2);26504421;kg
2015;115072;Seasun;Kapelle;Kooldioxide (CO2);29888000;kg
2015;115084;SVP Productie BV - Hulpwarmtecentrale 1;Purmerend;Kooldioxide (CO2);27530611;kg
2015;115085;Enecal Energy VOF;Botlek Rotterdam;Kooldioxide (CO2);35335492;kg
2015;115087;Essent WKC Erica;Erica;Kooldioxide (CO2);0;kg
2015;115088;Essent WKC Klazienaveen;Klazienaveen;Kooldioxide (CO2);0;kg
2015;115143;FrieslandCampina Cheese BV (Leerdam);Leerdam;Kooldioxide (CO2);80360;kg
2015;115180;apt Extrusions B.V.;Roermond;Kooldioxide (CO2);3497138;kg
2015;115181;EP NL Rijnmond 1 B.V.;Vondelingenplaat Rotterdam;Kooldioxide (CO2);24718;kg
2015;115184;RWZI Land van Cuijk (Waterschap Aa en Maas);Haps;Kooldioxide (CO2);4867688;kg
2015;115185;DOC Kaas (Zuivelpark);Hoogeveen;Kooldioxide (CO2);49879513;kg
2015;115186;Yara Vlaardingen BV;Vlaardingen;Kooldioxide (CO2);444078;kg
2015;200002;A. van de Groep en Zonen BV;Bunschoten-Spakenburg;Kooldioxide (CO2);3175800;kg
2015;200101;Döhler Holland BV;Oosterhout;Kooldioxide (CO2);2213193;kg
2015;200125;Ovako Twente BV;Almelo;Kooldioxide (CO2);116109;kg
2015;200131;Hak BV;Giessen;Kooldioxide (CO2);5667917;kg
2015;200141;BV Steenfabriek Hedikhuizen;Heusden;Kooldioxide (CO2);15382000;kg
2015;200188;Kriek Poedercoaten B.V.;Alphen aan den Rijn;Kooldioxide (CO2);343180;kg
2015;200228;Gouda Refractories BV;Gouda;Kooldioxide (CO2);10151000;kg
2015;200286;Wienerberger Steenfabriek Azewijn;Azewijn;Kooldioxide (CO2);20172000;kg
2015;200287;Steenfabriek Engels Helden BV;Panningen;Kooldioxide (CO2);16853524;kg
2015;200292;T. Boer & zn.;Nieuwerkerk aan den Ijssel;Kooldioxide (CO2);640000;kg
2015;200312;Vloertegelfabriek Koninklijke Mosa BV;Maastricht;Kooldioxide (CO2);12200993;kg
2015;200314;Supply Point Cuijk BV;Katwijk;Kooldioxide (CO2);292004;kg
2015;200333;Wienerberger Steenfabriek Bemmel;Haalderen;Kooldioxide (CO2);5909000;kg
2015;200355;Dakpanfabriek Narvik Tegelen (Wienberger BV);Tegelen;Kooldioxide (CO2);9126000;kg
2015;200376;Wienerberger Dakpanfabriek Janssen-Dings;Tegelen;Kooldioxide (CO2);11634000;kg
2015;200377;Monier BV (Tegelen);Tegelen;Kooldioxide (CO2);10549000;kg
2015;200407;COATEX Netherlands BV;Moerdijk;Kooldioxide (CO2);1050160;kg
2015;200420;Roba Metals B.V.;Farmsum;Kooldioxide (CO2);5251185;kg
2015;200436;Afvalberging Derde Merwedehaven;Dordrecht;Kooldioxide (CO2);9979266;kg
2015;200441;Amcor Specialty Cartons Brabant BV;Bergen op Zoom;Kooldioxide (CO2);1091742;kg
2015;200450;Avri;Geldermalsen;Kooldioxide (CO2);461600;kg
2015;200464;Baggerspeciedepot IJsseloog;Dronten;Kooldioxide (CO2);414656;kg
2015;200480;Bostik Nederland B.V.;Roosendaal;Kooldioxide (CO2);932690;kg
2015;200482;locatie Braambergen (Almere);Almere;Kooldioxide (CO2);1760392;kg
2015;200490;LOA Deege;Klundert;Kooldioxide (CO2);359000;kg
2015;200493;Attero B.V. locatie Bergen op Zoom (Kragge);Bergen op Zoom;Kooldioxide (CO2);5926938;kg
2015;200508;Uniper HWC Bezuidenhout-West;'s-Gravenhage;Kooldioxide (CO2);3051000;kg
2015;200512;ESA BV;Apeldoorn;Kooldioxide (CO2);431000;kg
2015;200516;Attero B.V.  locatie Montfort;Montfort;Kooldioxide (CO2);2825687;kg
2015;200518;Attero B.V. Locatie Weert;Weert;Kooldioxide (CO2);731500;kg
2015;200520;Attero B.V. locatie Schinnen;Schinnen;Kooldioxide (CO2);731500;kg
2015;200537;Cargill Cocao Aurora;Zaandam;Kooldioxide (CO2);14800436;kg
2015;200538;GMB BioEnergie Zutphen BV;Zutphen;Kooldioxide (CO2);31118425;kg
2015;200582;Südpack  Grootegast B.V.;Grootegast;Kooldioxide (CO2);1863000;kg
2015;200587;Martens Havenontvangstinstallatie Vlissingen BV;Nieuwdorp;Kooldioxide (CO2);545000;kg
2015;200606;Theo Pouw Secundaire Bouwstoffen B.V.;Eemshaven;Kooldioxide (CO2);92728393;kg
2015;200610;Radboudumc & Radboud Universiteit Nijmegen;Nijmegen;Kooldioxide (CO2);20800463;kg
2015;200618;ROVA Afvalverwerkingslocatie Bovenveld;Rheezerveen;Kooldioxide (CO2);583000;kg
2015;200640;Exportslachterij J. Gosschalk & Zn. BV;Epe;Kooldioxide (CO2);1897545;kg
2015;200664;Handelsonderneming A. Smit & Zoon BV;Amersfoort;Kooldioxide (CO2);2317236;kg
2015;200683;Theo Pouw Beheer BV;Utrecht;Kooldioxide (CO2);143607;kg
2015;200702;Renewi Nieuwegein;Nieuwegein;Kooldioxide (CO2);223058;kg
2015;200719;Wuppermann Staal Nederland BV;Moerdijk;Kooldioxide (CO2);2451940;kg
2015;200758;Lubrizol Advanced Materials Resins BV;Farmsum;Kooldioxide (CO2);555000;kg
2015;201012;Renewi Nederland B.V. - Drachten-De Lier;Drachten;Kooldioxide (CO2);298618;kg
2015;201045;locatie Zeeasterweg (Lelystad);Lelystad;Kooldioxide (CO2);694110;kg
2015;201055;Attero B.V. Locatie Haps;Haps;Kooldioxide (CO2);2256025;kg
2015;201151;Enrichment Technology Nederland BV;Almelo;Kooldioxide (CO2);1820000;kg
2015;201172;A. Smit & Zoon BV;Weesp;Kooldioxide (CO2);1344936;kg
2015;201189;Afvalverwerking Stainkoeln B.V.;Groningen;Kooldioxide (CO2);1496396;kg
2015;201203;Sortiva B.V.;Alkmaar;Kooldioxide (CO2);1068855;kg
2015;201241;EMMTEC Services BV;Emmen;Kooldioxide (CO2);170470832;kg
2015;201304;BMC Moerdijk BV;Moerdijk;Kooldioxide (CO2);358453081;kg
2015;201326;Aludyne Netherlands B.V.;Oss;Kooldioxide (CO2);6840000;kg
2015;201386;EP NL Sloe Centrale B.V. (Vlissingen);Ritthem;Kooldioxide (CO2);902185400;kg
2015;201418;Plaatijzerindustrie Apeldoorn;Apeldoorn;Kooldioxide (CO2);29500;kg
2015;201425;Afvalverwerking Vink B.V.;Barneveld;Kooldioxide (CO2);22100000;kg
2015;201503;Valtris AO Maastricht b.v. / Vynova AO Maastricht b.v.;Maastricht;Kooldioxide (CO2);4017824;kg
2015;201541;Olenex Edible Oils B.V.;Vondelingenplaat Rotterdam;Kooldioxide (CO2);12184000;kg
2015;201571;Vattenfall Warmte N.V. (HWC Duiven Westervoort);Westervoort;Kooldioxide (CO2);434166;kg
2015;201596;M&R Claushuis BV;Zeewolde;Kooldioxide (CO2);146284;kg
2015;201639;Solidus Solutions Board Oude Pekela;Oude Pekela;Kooldioxide (CO2);23762055;kg
2015;201986;Eneco HWC Kanaleneiland;Utrecht;Kooldioxide (CO2);173940;kg
2015;202140;Vitelco BV;'s-Hertogenbosch;Kooldioxide (CO2);653000;kg
2015;202159;Fokker Aerospace BV;Papendrecht;Kooldioxide (CO2);4600000;kg
2015;202214;Greif Nederland BV;Europoort Rotterdam;Kooldioxide (CO2);4203124;kg
2015;202229;Bunge Loders Croklaan Rotterdam;Maasvlakte Rotterdam;Kooldioxide (CO2);14407000;kg
2015;202257;Accsys Technologies;Arnhem;Kooldioxide (CO2);2519927;kg
2015;202268;Eneco HWC Overvecht;Utrecht;Kooldioxide (CO2);5483719;kg
2015;202298;Evonik Peroxide Netherlands B.V.;Farmsum;Kooldioxide (CO2);35110000;kg
2015;202380;Pluimveeverwerkingsbedrijf Jan van Ee BV;Stroe;Kooldioxide (CO2);357190;kg
2015;202417;Compressorstation Noord Holland;Anna Paulowna;Kooldioxide (CO2);31537;kg
2015;202418;Eneco HWC Nicolaas Beetsstraat;Utrecht;Kooldioxide (CO2);2970272;kg
2015;202419;Eneco HWC Nieuwegein;Nieuwegein;Kooldioxide (CO2);1690676;kg
2015;202578;Mars Food Europe CV;Oud-Beijerland;Kooldioxide (CO2);6388620;kg
2015;202597;Coatinc Groningen B.V.;Groningen;Kooldioxide (CO2);1007534;kg
2015;202662;Pluimveeslachterij G.P. Remkes B.V.;Epe;Kooldioxide (CO2);655000;kg
2015;202692;adapa The Netherlands Amersfoort BV;Amersfoort;Kooldioxide (CO2);965636;kg
2015;202746;Argent Energy;Amsterdam;Kooldioxide (CO2);59060000;kg
2015;202803;Avery Dennison Materials Nederland BV;Alphen aan den Rijn;Kooldioxide (CO2);5699900;kg
2015;202824;Eneco Merwedekanaal;Utrecht;Kooldioxide (CO2);173315115;kg
2015;202825;Eneco Lage Weide;Utrecht;Kooldioxide (CO2);491630488;kg
2015;202858;Grolsche Bierbrouwerij Nederland B.V.;Enschede;Kooldioxide (CO2);9644738;kg
2015;202863;Ruijtenberg Shipyard BV;Raamsdonksveer;Kooldioxide (CO2);0;kg
2015;202895;Lingezegen Energy B.V.;Bemmel;Kooldioxide (CO2);32012256;kg
2015;202902;GMB BioEnergie Tiel BV;Tiel;Kooldioxide (CO2);19485000;kg
2015;202903;Reterra BV;Goor;Kooldioxide (CO2);28000000;kg
2015;202926;Ulamo Coating B.V.;Ulft;Kooldioxide (CO2);1661082;kg
2015;202928;C & T Technics;Uden;Kooldioxide (CO2);624760;kg
2015;202935;Alblasserdam Yachtbuilding B.V. (Oceanco);Alblasserdam;Kooldioxide (CO2);647000;kg
2015;202962;IHC Sliedrecht Molendijk;Sliedrecht;Kooldioxide (CO2);564428;kg
2015;202990;Alco Energy Rotterdam;Europoort Rotterdam;Kooldioxide (CO2);527662000;kg
2015;202992;Viterra Botlek BV;Botlek Rotterdam;Kooldioxide (CO2);37377600;kg
2015;202999;Renewi Drachten - Stuurboord;Drachten;Kooldioxide (CO2);749454;kg
2015;203024;Boehringer Ingelheim Animal Health Operations bv;Weesp;Kooldioxide (CO2);139000;kg
2015;203083;Exploitatiemaatschappij J ter Horst BV;Varsseveld;Kooldioxide (CO2);118145;kg
2015;203086;JAZO Zevenaar BV;Zevenaar;Kooldioxide (CO2);90017;kg
2015;203155;Vattenfall Power Generation B.V. (HWC Almere Stad);Almere;Kooldioxide (CO2);569823;kg
2015;203159;Eco Fuels Netherlands B.V.;Eemshaven;Kooldioxide (CO2);3320000;kg
2015;203186;RWZI West;Amsterdam;Kooldioxide (CO2);7603949;kg
2015;203220;EEW Energy from Waste Delfzijl B.V.;Farmsum;Kooldioxide (CO2);381457875;kg
2015;203228;RWE Eemshaven Magnum B.V.;Eemshaven;Kooldioxide (CO2);585005238;kg
2015;203273;RWE Eemshaven Holding II B.V.;Eemshaven;Kooldioxide (CO2);6293595500;kg
2015;203284;Steel Protection Oosterhout;Oosterhout;Kooldioxide (CO2);653000;kg
2015;203332;Brabant Alucast The Netherlands - site Heijen;Heijen;Kooldioxide (CO2);1858380;kg
2015;203346;Inter-Che-M BV;Beuningen Gld;Kooldioxide (CO2);342138;kg
2015;203411;Pergen VOF;Pernis Rotterdam;Kooldioxide (CO2);1231671661;kg
2015;203417;Van Rooi Meat BV (Helmond);Helmond;Kooldioxide (CO2);4985830;kg
2015;203438;Straalbedrijf A.J. den Breejen & Zonen BV;Dordrecht;Kooldioxide (CO2);348141;kg
2015;203493;A.C. Hartman BV;Sexbierum;Kooldioxide (CO2);27229912;kg
2015;203496;Reststoffen Energie Centrale (REC);Harlingen;Kooldioxide (CO2);239974886;kg
2015;203505;EP NL Rijnmond 2 B.V.;Vondelingenplaat Rotterdam;Kooldioxide (CO2);161258000;kg
2015;203530;Teijin Aramid BV;Emmen;Kooldioxide (CO2);4019000;kg
2015;203542;Galvano Hengelo BV;Hengelo;Kooldioxide (CO2);157000;kg
2015;203587;Contitank B.V.;Delfzijl;Kooldioxide (CO2);430000;kg
2015;203589;Cerexagri BV;Vondelingenplaat Rotterdam;Kooldioxide (CO2);1018996;kg
2015;203590;Arkema B.V. location Rotterdam;Vondelingenplaat Rotterdam;Kooldioxide (CO2);3542437;kg
2015;203605;Kok Gorinchem BV;Gorinchem;Kooldioxide (CO2);715000;kg
2015;203651;Dutch Advanced Polyesters Emmen B.V.;Emmen;Kooldioxide (CO2);2290000;kg
2015;203738;Fokker Landing Gear;Helmond;Kooldioxide (CO2);469375;kg
2015;203785;Neste Netherlands B.V.;Maasvlakte Rotterdam;Kooldioxide (CO2);49854000;kg
2015;203825;Linde Gas Dieren;Dieren;Kooldioxide (CO2);405309;kg
2015;203868;Cérélia Netherlands B.V.;Sliedrecht;Kooldioxide (CO2);3826615;kg
2015;203887;Noblesse Proteins BV;Wijster;Kooldioxide (CO2);4121858;kg
2015;204038;Keizersberg Diervoeders (Elsendorp);Elsendorp;Kooldioxide (CO2);26321;kg
2015;204050;Driessen Grondwerken;Horst;Kooldioxide (CO2);149184;kg
2015;204051;Driessen Grondwerken BV;Horst;Kooldioxide (CO2);39509;kg
2015;204287;Global Food Group BV;Ospel;Kooldioxide (CO2);545506;kg
2015;204335;Quality Technology Services B.V.;Eemshaven;Kooldioxide (CO2);106600;kg
2015;204361;EcoFuels;Well L;Kooldioxide (CO2);12573908;kg
2015;204363;Vattenfall Warmte N.V. (HWC Schuytgraaf);Arnhem;Kooldioxide (CO2);271264;kg
2015;204395;Renewi Stadskanaal;Stadskanaal;Kooldioxide (CO2);789106;kg
2015;204412;PreZero Recycling Services Noord B.V.;Groningen;Kooldioxide (CO2);612947;kg
2015;204416;Kanola Vethandel;Lexmond;Kooldioxide (CO2);105400;kg
2015;204488;Cumapol Emmen B.V.;Emmen;Kooldioxide (CO2);415000;kg
2015;204492;Ingensche Waarden;Ingen;Kooldioxide (CO2);77981;kg
2015;204522;Ondergrondse aardgasopslag Zuidwending;Veendam;Kooldioxide (CO2);2821175;kg
2015;204523;Aardgascompressorstation Wijngaarden;Wijngaarden;Kooldioxide (CO2);319;kg
2015;204552;Gesloten stortplaats De Langenberg;Zelhem;Kooldioxide (CO2);1361756;kg
2015;204556;Waterstromen Lichtenvoorde B.V.;Lichtenvoorde;Kooldioxide (CO2);7118785;kg
2015;204602;RWZI Soest;Soest;Kooldioxide (CO2);3530023;kg
2015;204609;Hoogweg Paprikakwekerijen BV;Luttelgeest;Kooldioxide (CO2);40084648;kg
2015;204617;Power Plant Rotterdam;Maasvlakte Rotterdam;Kooldioxide (CO2);2792007723;kg
2015;204654;ENECOGEN V.O.F.;Europoort Rotterdam;Kooldioxide (CO2);907945659;kg
2015;204667;Aliphos Rotterdam BV;Vlaardingen;Kooldioxide (CO2);6083659;kg
2015;204694;Sterling Resources Netherlands B.V.;'s-Gravenhage;Kooldioxide (CO2);0;kg
2015;204763;KH Dairy Sourcing BV;Coevorden;Kooldioxide (CO2);920870;kg
2015;204851;Air Products HyCO 4 (Botlekweg);Botlek Rotterdam;Kooldioxide (CO2);606052366;kg
2015;204944;Eneco Bio Golden Raand C.V.;Farmsum;Kooldioxide (CO2);419000000;kg
2015;204957;WKC Ypenburg;'s-Gravenhage;Kooldioxide (CO2);36580000;kg
2015;205183;Van Merksteijn International B.V.;Almelo;Kooldioxide (CO2);4625531;kg
2015;205186;HWC Ypenburg;'s-Gravenhage;Kooldioxide (CO2);9170000;kg
2015;205256;DCL Corporation (NL) B.V.;Maastricht;Kooldioxide (CO2);124883;kg
2015;205276;Diffutherm BV;Hapert;Kooldioxide (CO2);624820;kg
2015;220121;Hoogheemraadschap Hollands Noorderkwartier RWZI Alkmaar;Alkmaar;Kooldioxide (CO2);2219750;kg
2015;220124;AWZI Almere;Almere;Kooldioxide (CO2);7787558;kg
2015;220129;RWZI Amstelveen (HH Amstel, Gooi en Vecht);Amstelveen;Kooldioxide (CO2);4047763;kg
2015;220131;RWZI Westpoort;Amsterdam;Kooldioxide (CO2);17238652;kg
2015;220133;RWZI Arnhem-Zuid;Arnhem;Kooldioxide (CO2);5413235;kg
2015;220136;RWZI Asten (Waterschap Aa en Maas);Heusden;Kooldioxide (CO2);2502599;kg
2015;220138;RWZI Emmen;Nieuw-Amsterdam;Kooldioxide (CO2);4178847;kg
2015;220139;RWZI Bath;Rilland;Kooldioxide (CO2);14735878;kg
2015;220150;Hoogheemraadschap Hollands Noorderkwartier SDI/RWZI Beverwijk;Beverwijk;Kooldioxide (CO2);35817905;kg
2015;220188;Hoogheemraadschap Hollands Noorderkwartier RWZI Den Helder;Den Helder;Kooldioxide (CO2);2587827;kg
2015;220191;RWZI Deventer;Deventer;Kooldioxide (CO2);4333900;kg
2015;220200;RWZI Dongemond;Oosterhout;Kooldioxide (CO2);6352882;kg
2015;220201;RWZI Dordrecht;Dordrecht;Kooldioxide (CO2);5021903;kg
2015;220209;RWZI Echten;Hoogeveen;Kooldioxide (CO2);6864542;kg
2015;220213;RWZI Elburg;Elburg;Kooldioxide (CO2);5574809;kg
2015;220217;RWZI Etten;Terborg;Kooldioxide (CO2);10167151;kg
2015;220223;Hoogheemraadschap Hollands Noorderkwartier RWZI Geestmerambacht;Warmenhuizen;Kooldioxide (CO2);3670370;kg
2015;220233;RWZI Goor;Goor;Kooldioxide (CO2);1775300;kg
2015;220236;AWZI Gouda;Gouda;Kooldioxide (CO2);2050000;kg
2015;220263;RWZI Hellevoetsluis;Hellevoetsluis;Kooldioxide (CO2);1813123;kg
2015;220264;Rioolwaterzuiveringsinstallatie Hengelo;Hengelo;Kooldioxide (CO2);7861674;kg
2015;220276;RWZI Horstermeer (HH Amstel, Gooi en Vechtstreek);Nederhorst den Berg;Kooldioxide (CO2);4121714;kg
2015;220286;AWZI Katwijk;Katwijk;Kooldioxide (CO2);4026901;kg
2015;220297;RWZI Leeuwarden;Leeuwarden;Kooldioxide (CO2);6147108;kg
2015;220298;AWZI Leiden Noord;Leiden;Kooldioxide (CO2);3250505;kg
2015;220299;AWZI Leiden Zuidwest;Leiden;Kooldioxide (CO2);3889840;kg
2015;220326;AWZI Nieuwe Waterweg;Hoek Van Holland;Kooldioxide (CO2);3085639;kg
2015;220328;RWZI Nieuwegein;Nieuwegein;Kooldioxide (CO2);59482574;kg
2015;220364;RWZI Renkum;Renkum;Kooldioxide (CO2);2752111;kg
2015;220369;RWZI Rijen;Rijen;Kooldioxide (CO2);2343628;kg
2015;220376;Rioolwaterzuiveringsinstallatie (RWZI) Roermond;Roermond;Kooldioxide (CO2);8631590;kg
2015;220382;RWZI Schelluinen;Schelluinen;Kooldioxide (CO2);1263969;kg
2015;220387;RWZI Den Bosch (Waterschap Aa en Maas);'s-Hertogenbosch;Kooldioxide (CO2);8910877;kg
2015;220392;RWZI Sleeuwijk/Zuivering Sleeuwijk;Sleeuwijk;Kooldioxide (CO2);1295361;kg
2015;220410;RWZI Terneuzen;Terneuzen;Kooldioxide (CO2);2439953;kg
2015;220412;RWZI Terwolde;Terwolde;Kooldioxide (CO2);1394141;kg
2015;220416;RWZI Tilburg Noord;Tilburg;Kooldioxide (CO2);10536505;kg
2015;220429;RWZI Veenendaal;Overberg;Kooldioxide (CO2);3709593;kg
2015;220432;RWZI Vinkel (Waterschap Aa en Maas);Vinkel;Kooldioxide (CO2);915666;kg
2015;220443;RWZI Walcheren;Ritthem;Kooldioxide (CO2);5815167;kg
2015;220451;Hoogheemraadschap Hollands Noorderkwartier RWZI Wervershoof;Wervershoof;Kooldioxide (CO2);6274818;kg
2015;220460;RWZI Willem Annapolder;Kapelle;Kooldioxide (CO2);2477933;kg
2015;220469;Hoogheemraadschap Hollands Noorderkwartier RWZI Zaandam-Oost;Zaandam;Kooldioxide (CO2);3501640;kg
2015;220478;RWZI Zutphen;Zutphen;Kooldioxide (CO2);994823;kg
2015;220481;RWZI Zwijndrecht;Zwijndrecht;Kooldioxide (CO2);3050665;kg
2015;220482;RWZI Zwolle;Zwolle;Kooldioxide (CO2);8553446;kg
2015;220537;RWZI Harnaschpolder (Hoogheemraadschap van Delfland);Den Hoorn;Kooldioxide (CO2);28693083;kg
2016;59;Koninklijke Mosa BV Wandtegelfabriek & Vloertegelfabriek;Maastricht;Kooldioxide (CO2);19600000;kg
2016;60;Sappi Maastricht BV;Maastricht;Kooldioxide (CO2);152526894;kg
2016;62;Chemelot Site Permit BV;Geleen;Kooldioxide (CO2);4794334415;kg
2016;65;PQ Silicas BV;Eijsden;Kooldioxide (CO2);25292661;kg
2016;66;Marsna Paper B.V.;Meerssen;Kooldioxide (CO2);3340002;kg
2016;79;Steenfabriek Linssen BV;Kerkrade;Kooldioxide (CO2);2328061;kg
2016;94;Steenfabriek Gebroeders Klinkers BV;Maastricht;Kooldioxide (CO2);8756000;kg
2016;95;Vandersanden Beek BV;Beek;Kooldioxide (CO2);8377000;kg
2016;113;VDL Nedcar B.V.;Born;Kooldioxide (CO2);21126421;kg
2016;125;Stichting Parkmanagement Wolfsweg 75;Eygelshoven;Kooldioxide (CO2);73287;kg
2016;148;ENCI BV (Maastricht);Maastricht;Kooldioxide (CO2);439355779;kg
2016;151;O-I Netherlands BV (Maastricht);Maastricht;Kooldioxide (CO2);99718044;kg
2016;159;Fenzi AGT Netherlands B.V.;Maastricht;Kooldioxide (CO2);3620327;kg
2016;166;Slachthuis Kerkrade BV;Kerkrade;Kooldioxide (CO2);247249;kg
2016;174;Tata Steel Nederland Tubes BV locatie Maastricht;Maastricht;Kooldioxide (CO2);736650;kg
2016;325;Lawter Maastricht BV;Maastricht;Kooldioxide (CO2);3036000;kg
2016;326;Wienerberger Steenfabriek Poriso;Brunssum;Kooldioxide (CO2);14895000;kg
2016;1104;Solvay Chemie BV;Herten;Kooldioxide (CO2);2417780;kg
2016;1107;Nouryon Functional Chemicals B.V.;Herkenbosch;Kooldioxide (CO2);10736330;kg
2016;3062;Verzinkerij Van Aert BV;Nederweert;Kooldioxide (CO2);1485000;kg
2016;3066;Verzinkerij Weert BV en Electrocoat BV Weert Groep;Stramproy;Kooldioxide (CO2);4814805;kg
2016;3068;Coatinc Mook B.V.;Mook;Kooldioxide (CO2);1770000;kg
2016;3513;MGG Netherlands BV;Tegelen;Kooldioxide (CO2);5778085;kg
2016;4301;Smurfit Westrock Roermond Paper BV;Roermond;Kooldioxide (CO2);163153968;kg
2016;4709;Kleiwarenfabriek Joosten Kessel BV;Kessel;Kooldioxide (CO2);7001000;kg
2016;4711;Wienerberger Steenfabriek Thorn;Thorn;Kooldioxide (CO2);11145000;kg
2016;4753;Rockwool B.V.;Roermond;Kooldioxide (CO2);134151000;kg
2016;5726;Wienerberger Steenfabriek Nuance;Afferden L;Kooldioxide (CO2);6317000;kg
2016;5727;EverZinc Nederland B.V.;Eijsden;Kooldioxide (CO2);22463162;kg
2016;5729;Celanese Production Netherlands B.V.;Geleen;Kooldioxide (CO2);1375780;kg
2016;5739;E-MAX BILLETS;Kerkrade;Kooldioxide (CO2);20034083;kg
2016;5740;WEPA Nederland B.V.;Swalmen;Kooldioxide (CO2);24490600;kg
2016;5750;FrieslandCampina Born;Born;Kooldioxide (CO2);7024257;kg
2016;5804;PQ Nederland BV;Maastricht;Kooldioxide (CO2);12718899;kg
2016;5821;Attero B.V. locatie Landgraaf;Landgraaf;Kooldioxide (CO2);6934639;kg
2016;9003;Everris International BV;Heerlen;Kooldioxide (CO2);7865000;kg
2016;10001;Nobian Industrial Chemicals BV (Rotterdam);Botlek Rotterdam;Kooldioxide (CO2);132857432;kg
2016;10002;Nouryon Performance Formulations b.v.;Europoort Rotterdam;Kooldioxide (CO2);384854;kg
2016;10003;Synres B.V.;Hoek Van Holland;Kooldioxide (CO2);5953961;kg
2016;10004;Lyondell Chemical Nederland Ltd.;Botlek Rotterdam;Kooldioxide (CO2);295438532;kg
2016;10006;Shell Nederland Chemie BV (Pernis);Vondelingenplaat Rotterdam;Kooldioxide (CO2);26073720;kg
2016;10016;Climax Molybdenum BV;Botlek Rotterdam;Kooldioxide (CO2);7585192;kg
2016;10042;Kemira Rotterdam B.V. - locatie Botlek;Botlek Rotterdam;Kooldioxide (CO2);128000;kg
2016;10048;Compaxo Gouda BV;Gouda;Kooldioxide (CO2);4370000;kg
2016;10057;Shell Nederland Raffinaderij BV;Vondelingenplaat Rotterdam;Kooldioxide (CO2);4282812949;kg
2016;10058;BP Raffinaderij Rotterdam B.V.;Europoort Rotterdam;Kooldioxide (CO2);2292349000;kg
2016;10059;Gunvor Energy Rotterdam B.V. (GPR);Europoort Rotterdam;Kooldioxide (CO2);418317766;kg
2016;10061;Esso Nederland BV (Raffinaderij Rotterdam);Botlek Rotterdam;Kooldioxide (CO2);2495562336;kg
2016;10063;AVR-Afvalverwerking;Botlek Rotterdam;Kooldioxide (CO2);1630500000;kg
2016;10064;Almatis BV;Botlek Rotterdam;Kooldioxide (CO2);19083558;kg
2016;10066;Kemira Rotterdam BV locatie Europoort;Europoort Rotterdam;Kooldioxide (CO2);5685000;kg
2016;10073;Tronox Pigments (Holland) BV;Botlek Rotterdam;Kooldioxide (CO2);90490097;kg
2016;10076;HVC AfvalEnergieCentrale Dordrecht;Dordrecht;Kooldioxide (CO2);293800000;kg
2016;10078;Ruigenhil Vastgoed B.V. (Nedstaal/FNSteel/Heros);Alblasserdam;Kooldioxide (CO2);37427494;kg
2016;10079;Chemours Netherlands B.V.;Dordrecht;Kooldioxide (CO2);103074613;kg
2016;10086;NV Nutricia Zoetermeer;Zoetermeer;Kooldioxide (CO2);11927743;kg
2016;10089;Prysmian Netherlands B.V.;Delft;Kooldioxide (CO2);343000;kg
2016;10097;SD Guthrie International Zwijndrecht Refinery B.V.;Zwijndrecht;Kooldioxide (CO2);51821122;kg
2016;10100;Bakelite Botlek Rotterdam;Botlek Rotterdam;Kooldioxide (CO2);6089667;kg
2016;10546;Lactalis Leerdammer BV (Schoonrewoerd);Schoonrewoerd;Kooldioxide (CO2);10212879;kg
2016;10590;FrieslandCampina Rotterdam;Rotterdam;Kooldioxide (CO2);2906577;kg
2016;10621;Hunter Douglas Europe BV;Rotterdam;Kooldioxide (CO2);6526384;kg
2016;10687;Biotech Campus Delft;Delft;Kooldioxide (CO2);80401798;kg
2016;10689;Air Products Nederland BV (Botlek);Botlek Rotterdam;Kooldioxide (CO2);276464000;kg
2016;10698;Cargill Bioindustrial BV;Gouda;Kooldioxide (CO2);36592846;kg
2016;10722;O-I Manufacturing Netherlands BV Schiedam;Schiedam;Kooldioxide (CO2);64087458;kg
2016;10723;O-I Netherlands BV (Leerdam);Leerdam;Kooldioxide (CO2);108663823;kg
2016;10728;Cargill Refined Oils Europe;Botlek Rotterdam;Kooldioxide (CO2);25258973;kg
2016;10733;Upfield Sourcing Nederland BV;Rotterdam;Kooldioxide (CO2);3326046;kg
2016;10789;BMI Productie Nederland BV Woerden;Woerden;Kooldioxide (CO2);8987777;kg
2016;10793;Tata Steel Nederland Tubes BV locatie Zwijndrecht;Zwijndrecht;Kooldioxide (CO2);1845000;kg
2016;10829;Cosun Beet company (Puttershoek);Puttershoek;Kooldioxide (CO2);493000;kg
2016;10921;Damen Shiprepair Rotterdam BV;Schiedam;Kooldioxide (CO2);596908;kg
2016;10928;Aluminium & Chemie Rotterdam B.V.;Botlek Rotterdam;Kooldioxide (CO2);84268960;kg
2016;10950;N+P Rotterdam MRF B.V.;Rotterdam;Kooldioxide (CO2);837569;kg
2016;10951;Uniper Centrale Leiden;Leiden;Kooldioxide (CO2);132735000;kg
2016;10953;Uniper Centrale Den Haag;'s-Gravenhage;Kooldioxide (CO2);168369000;kg
2016;10982;Galvanisch Bedrijf Chromolux;Rotterdam;Kooldioxide (CO2);268858;kg
2016;10983;IHC Kinderdijk;Nieuw-Lekkerland;Kooldioxide (CO2);2157710;kg
2016;10998;Draka Interfoam;Hillegom;Kooldioxide (CO2);860069;kg
2016;11024;Cabot B.V.;Botlek Rotterdam;Kooldioxide (CO2);246654000;kg
2016;11034;Dossche Mils NV;Rotterdam;Kooldioxide (CO2);3730000;kg
2016;11046;PURAC Biochem B.V.;Gorinchem;Kooldioxide (CO2);20427633;kg
2016;11047;Vecom Metal Treatment BV;Maassluis;Kooldioxide (CO2);350000;kg
2016;11090;Chane Terminal Botlek B.V.;Botlek Rotterdam;Kooldioxide (CO2);33370256;kg
2016;11105;Heineken Netherlands Supply B.V., brouwerij Zoeterwoude;Zoeterwoude;Kooldioxide (CO2);75934653;kg
2016;11111;Ashland Industries Nederland B.V.;Zwijndrecht;Kooldioxide (CO2);19019404;kg
2016;11230;Damen Verolme BV;Botlek Rotterdam;Kooldioxide (CO2);1844618;kg
2016;11235;RZB Holding BV;Rotterdam;Kooldioxide (CO2);82461;kg
2016;11366;LANXESS Rotterdam Botlek;Botlek Rotterdam;Kooldioxide (CO2);54167257;kg
2016;11413;Damen Ship Repair Rotterdam (locatie Pernis);Pernis Rotterdam;Kooldioxide (CO2);563416;kg
2016;11532;Coatinc Alblasserdam BV;Alblasserdam;Kooldioxide (CO2);1925000;kg
2016;11658;Farm Frites BV;Oudenhoorn;Kooldioxide (CO2);34791834;kg
2016;12134;Archer Daniels Midland Europoort BV (ADM);Europoort Rotterdam;Kooldioxide (CO2);150910000;kg
2016;12135;ExxonMobil Chemical Holland BV (ROP van RPI);Europoort Rotterdam;Kooldioxide (CO2);59651715;kg
2016;12149;Uniper Benelux NV (Maasvlakte);Maasvlakte Rotterdam;Kooldioxide (CO2);10863857471;kg
2016;12150;Uniper Centrale RoCa;Rotterdam;Kooldioxide (CO2);303668472;kg
2016;12151;Uniper HWC Blekerstraat;Rotterdam;Kooldioxide (CO2);0;kg
2016;12152;Uniper HWC Delftsevaart;Rotterdam;Kooldioxide (CO2);2433043;kg
2016;12157;HVC ZVI B.V.;Dordrecht;Kooldioxide (CO2);14678911;kg
2016;12158;HVC Slibverbrandingsinstallatie;Dordrecht;Kooldioxide (CO2);113200000;kg
2016;12162;Evos Rotterdam B.V.;Europoort Rotterdam;Kooldioxide (CO2);14041902;kg
2016;12163;EPS BV;Hendrik-Ido-Ambacht;Kooldioxide (CO2);564852;kg
2016;12166;TU Delft Warmtekrachtcentrale;Delft;Kooldioxide (CO2);14950030;kg
2016;12167;UZIMET BV;Rijswijk;Kooldioxide (CO2);707844;kg
2016;12168;INV NYLON CHEMICALS NETHERLANDS B.V.;Botlek Rotterdam;Kooldioxide (CO2);7469536;kg
2016;12170;FrieslandCampina Maasdam;Maasdam;Kooldioxide (CO2);5474923;kg
2016;12171;Zuivelfabriek De Graafstroom;Bleskensgraaf Ca;Kooldioxide (CO2);4204327;kg
2016;12172;Promelca B.V. (Gorinchem);Gorinchem;Kooldioxide (CO2);46314430;kg
2016;12174;Ducor Petrochemicals B.V.;Botlek Rotterdam;Kooldioxide (CO2);9139500;kg
2016;12175;Air Liquide Industrie BV;Botlek Rotterdam;Kooldioxide (CO2);472378083;kg
2016;12177;VPR Energy B.V.;Europoort Rotterdam;Kooldioxide (CO2);74240000;kg
2016;19004;ExxonMobil Chemical Holland BV (RPP van RPI);Botlek Rotterdam;Kooldioxide (CO2);41618000;kg
2016;19032;Janssen Biologics BV;Leiden;Kooldioxide (CO2);3800000;kg
2016;19048;Refresco Benelux BV;Bodegraven;Kooldioxide (CO2);4199406;kg
2016;19070;Indorama Ventures Europe BV;Europoort Rotterdam;Kooldioxide (CO2);102766040;kg
2016;19071;Shin-Etsu PVC BV (VCM Botlek);Botlek Rotterdam;Kooldioxide (CO2);108154732;kg
2016;19072;FrieslandCampina Nederland B.V.;Noordwijk;Kooldioxide (CO2);2174500;kg
2016;19073;Westlake Epoxy B.V.;Vondelingenplaat Rotterdam;Kooldioxide (CO2);40465660;kg
2016;21010;Sonneborn Refined Products BV (Amsterdam);Amsterdam;Kooldioxide (CO2);16142679;kg
2016;21011;Rütgers Resins B.V.;Uithoorn;Kooldioxide (CO2);4587000;kg
2016;21101;Ketjen Netherlands BV;Amsterdam;Kooldioxide (CO2);62951407;kg
2016;21102;ICL FERTILIZERS EUROPE C.V.;Amsterdam;Kooldioxide (CO2);13280000;kg
2016;21301;LANXESS Manufacturing Netherlands BV;Amsterdam;Kooldioxide (CO2);3591740;kg
2016;21302;Abbott Healthcare Products BV (Weesp);Weesp;Kooldioxide (CO2);12347000;kg
2016;21304;Givaudan Nederland B.V. (Naarden);Naarden;Kooldioxide (CO2);4551000;kg
2016;21403;Norit Nederland BV (Zaandam);Zaandam;Kooldioxide (CO2);32123214;kg
2016;21507;MAIN BV;Amsterdam;Kooldioxide (CO2);1860000;kg
2016;21528;N.V. Nederlandse Gasunie (Wieringermeer);Middenmeer;Kooldioxide (CO2);2767628;kg
2016;21529;Gasunie Transport Services B.V.;Heemskerk;Kooldioxide (CO2);1096482;kg
2016;21530;OQ Chemicals Nederland BV;Amsterdam;Kooldioxide (CO2);3803560;kg
2016;22006;FrieslandCampina Nederland B.V. Lutjewinkel;Lutjewinkel;Kooldioxide (CO2);6836000;kg
2016;22008;Kaptein PCF;Oosthuizen;Kooldioxide (CO2);584000;kg
2016;22012;CONO Kaasmakers (Middenbeemster);Westbeemster;Kooldioxide (CO2);9887877;kg
2016;22102;Bunge Loders Croklaan Worrmerveer;Wormerveer;Kooldioxide (CO2);18244320;kg
2016;22201;Olam Cocoa BV;Koog aan de Zaan;Kooldioxide (CO2);26588504;kg
2016;22602;Tate & Lyle Netherlands BV;Koog aan de Zaan;Kooldioxide (CO2);78995043;kg
2016;22617;Bunge Netherlands BV;Amsterdam;Kooldioxide (CO2);61573000;kg
2016;22626;Cargill BV (Multiseed);Amsterdam;Kooldioxide (CO2);30306078;kg
2016;23301;Tata Steel IJmuiden BV;Velsen-Noord;Kooldioxide (CO2);62984494809999900;kg
2016;24000;Vattenfall Power Generation B.V. (Hemweg);Amsterdam;Kooldioxide (CO2);3992844240;kg
2016;24002;Vattenfall Power Generation B.V. (Diemen);Diemen;Kooldioxide (CO2);983770883;kg
2016;24003;Vattenfall Power Generation B.V. (Velsen);Velsen-Noord;Kooldioxide (CO2);3633572741;kg
2016;24302;Crown van Gelder International B.V.;Velsen-Noord;Kooldioxide (CO2);141759266;kg
2016;24605;Forbo Flooring BV;Assendelft;Kooldioxide (CO2);13344392;kg
2016;24606;BN International BV;Huizen;Kooldioxide (CO2);7702700;kg
2016;28070;Alpha Assembly Solutions Netherlands BV;Naarden;Kooldioxide (CO2);752667;kg
2016;28072;Quaker Chemical B.V. (A Quaker Houghton Company);Uithoorn;Kooldioxide (CO2);2235980;kg
2016;28085;AEB Amsterdam;Amsterdam;Kooldioxide (CO2);1667141437;kg
2016;28091;HVC N.V.;Alkmaar;Kooldioxide (CO2);1363989000;kg
2016;28094;Linde Gas IJmuiden;Velsen-Noord;Kooldioxide (CO2);3665689;kg
2016;28097;A-ware Zaandam BV;Zaandam;Kooldioxide (CO2);316000;kg
2016;28167;ADM WILD Netherlands B.V.;Amsterdam;Kooldioxide (CO2);0;kg
2016;28175;Waeles Nederland BV;Nieuw-Vennep;Kooldioxide (CO2);185558;kg
2016;28176;Vattenfall Power Generation B.V. (IJmond 1);Velsen-Noord;Kooldioxide (CO2);2149598168;kg
2016;31311;CARBOGEN AMCIS B.V.;Veenendaal;Kooldioxide (CO2);2180000;kg
2016;33104;Trivium Aluminium Packaging Netherlands B.V.;Veenendaal;Kooldioxide (CO2);5542605;kg
2016;33414;IQatalyst B.V.;De Meern;Kooldioxide (CO2);9721655;kg
2016;34303;Remia CV;Den Dolder;Kooldioxide (CO2);5040000;kg
2016;38002;Stichting AL-terrein;Bilthoven;Kooldioxide (CO2);12743749;kg
2016;39103;Koninklijke ERU Kaasfabriek B.V.;Woerden;Kooldioxide (CO2);475671;kg
2016;39105;Vrumona;Bunnik;Kooldioxide (CO2);5553321;kg
2016;41003;Shell Nederland Chemie BV (Moerdijk);Moerdijk;Kooldioxide (CO2);2552801967;kg
2016;41101;SABIC Innovative Plastics BV;Bergen op Zoom;Kooldioxide (CO2);316618148;kg
2016;41102;Allnex Netherlands B.V.;Bergen op Zoom;Kooldioxide (CO2);10530364;kg
2016;41103;Synthos Breda BV;Breda;Kooldioxide (CO2);7042063;kg
2016;41106;IFF Nederland BV;Tilburg;Kooldioxide (CO2);8647760;kg
2016;41113;BEWI RAW BV;Etten-Leur;Kooldioxide (CO2);6378563;kg
2016;41307;Aspen Oss B.V.;Oss;Kooldioxide (CO2);19573287;kg
2016;41402;Trobas Gelatine B.V.;Dongen;Kooldioxide (CO2);9291378;kg
2016;41428;Covestro (Netherlands) B.V., vestiging Waalwijk;Waalwijk;Kooldioxide (CO2);4579000;kg
2016;41502;Ravenstein;Ravenstein;Kooldioxide (CO2);4297834;kg
2016;41521;Afvalstoffen Terminal Moerdijk BV (ATM);Moerdijk;Kooldioxide (CO2);309752581;kg
2016;42022;Nutricia Cuijk B.V.;Cuijk;Kooldioxide (CO2);3685185;kg
2016;42034;FrieslandCampina DMV B.V.;Veghel;Kooldioxide (CO2);97634940;kg
2016;42206;Mars Nederland BV;Veghel;Kooldioxide (CO2);13429000;kg
2016;42310;Cosun Beet Company-Dinteloord;Dinteloord;Kooldioxide (CO2);101613000;kg
2016;42408;Swinkels Family Brewers N.V.;Lieshout;Kooldioxide (CO2);47555000;kg
2016;42410;Heineken Netherlands Supply B.V. (Den Bosch);'s-Hertogenbosch;Kooldioxide (CO2);18285800;kg
2016;42629;Cargill BV;Bergen op Zoom;Kooldioxide (CO2);51242902;kg
2016;42823;Zwanenberg Food Oss b.v.;Oss;Kooldioxide (CO2);11211000;kg
2016;42834;Rendac Son BV;Son en Breugel;Kooldioxide (CO2);78342852;kg
2016;43002;Mannesmann Precision Tubes Netherlands BV;Helmond;Kooldioxide (CO2);1822455;kg
2016;43003;Tata Steel Nederland Tubes BV locatie Oosterhout;Oosterhout;Kooldioxide (CO2);2234616;kg
2016;43013;Nyrstar Budel BV;Budel-Dorplein;Kooldioxide (CO2);27947110;kg
2016;43024;Nedschroef Helmond BV;Helmond;Kooldioxide (CO2);6610863;kg
2016;43135;Ahrend Produktiebedrijf Sint-Oedenrode BV;Sint-Oedenrode;Kooldioxide (CO2);1397203;kg
2016;43139;Ardagh Metal Packaging Netherlands B.V.;Oss;Kooldioxide (CO2);814907;kg
2016;43205;Coatinc West Brabant BV;Oudenbosch;Kooldioxide (CO2);264000;kg
2016;43210;Aalberts Surface Technologies BV;Eindhoven;Kooldioxide (CO2);707107;kg
2016;43216;SPGPrints;Boxmeer;Kooldioxide (CO2);3142003;kg
2016;43400;GTO Plating BV;'s-Hertogenbosch;Kooldioxide (CO2);186;kg
2016;43403;DAF Trucks N.V.;Eindhoven;Kooldioxide (CO2);29257425;kg
2016;43513;LDM b.v.;Drunen;Kooldioxide (CO2);2011997;kg
2016;43856;Hydro Extrusion Drunen;Drunen;Kooldioxide (CO2);10600317;kg
2016;43869;Efté Coating BV;Eindhoven;Kooldioxide (CO2);644801;kg
2016;44004;Amer Centrale;Geertruidenberg;Kooldioxide (CO2);3557930704;kg
2016;44006;RWZI Oijen (Waterschap Aa en Maas);Oijen;Kooldioxide (CO2);5446726;kg
2016;44007;PreZero Energy Roosendaal B.V.;Roosendaal;Kooldioxide (CO2);340204239;kg
2016;44008;Ennatuurlijk BV, WKC Helmond;Helmond;Kooldioxide (CO2);58729462;kg
2016;44009;BV Afvalverbranding Zuid Nederland (AZN);Moerdijk;Kooldioxide (CO2);960141000;kg
2016;44162;Vlisco Netherlands BV;Helmond;Kooldioxide (CO2);20920887;kg
2016;44301;Saica Flex Netherlands B.V.;Etten-Leur;Kooldioxide (CO2);1718320;kg
2016;44709;Steenfabriek Engels Oeffelt BV;Oeffelt;Kooldioxide (CO2);14149404;kg
2016;44772;Ardagh Glass Dongen BV;Dongen;Kooldioxide (CO2);93004878;kg
2016;44773;Saint Gobain Construction Products NL BV;Etten-Leur;Kooldioxide (CO2);45059634;kg
2016;45669;Caligen Europe BV;Breda;Kooldioxide (CO2);339160;kg
2016;47001;Slibverwerking Noord-Brabant NV;Moerdijk;Kooldioxide (CO2);150939000;kg
2016;48002;Unipol Holland BV;Oss;Kooldioxide (CO2);6291525;kg
2016;48018;FUJIFILM Manufacturing Europe B.V.;Tilburg;Kooldioxide (CO2);32591162;kg
2016;48022;Dr. W. Kolb Nederland BV;Klundert;Kooldioxide (CO2);2640215;kg
2016;48023;FrieslandCampina Rijkevoort (Holland Cheese);Rijkevoort;Kooldioxide (CO2);8830000;kg
2016;48024;Essity Operations Cuijk B.V.;Katwijk NB;Kooldioxide (CO2);20399057;kg
2016;48031;FrieslandCampina Butter & Milkpowder - Den Bosch;'s-Hertogenbosch;Kooldioxide (CO2);2840252;kg
2016;48051;KBM Master Alloys BV (Oss);Oss;Kooldioxide (CO2);1030712;kg
2016;48054;Van Swaay Duurzaam Hout Schijndel;Schijndel;Kooldioxide (CO2);276000;kg
2016;48061;Verzinkerij Meerveldhoven BV;Veldhoven;Kooldioxide (CO2);2100000;kg
2016;48073;Nedzink BV;Budel-Dorplein;Kooldioxide (CO2);1117270;kg
2016;48084;Ennatuurlijk BV, WKC Eindhoven;Eindhoven;Kooldioxide (CO2);6849009;kg
2016;48113;Keizersberg Diervoeders Elsendorp B.V.;Milheeze;Kooldioxide (CO2);66381;kg
2016;48132;Pali Geldrop BV;Geldrop;Kooldioxide (CO2);722331;kg
2016;48177;Peka Kroef B.V. Odiliapeel;Odiliapeel;Kooldioxide (CO2);13572408;kg
2016;49006;WKC Moerdijk;Moerdijk;Kooldioxide (CO2);729967067;kg
2016;49010;Basell Benelux B.V.;Moerdijk;Kooldioxide (CO2);11269800;kg
2016;49013;Ardagh Glass Moerdijk BV;Moerdijk;Kooldioxide (CO2);59512234;kg
2016;49016;BECC B.V.;Katwijk NB;Kooldioxide (CO2);145385000;kg
2016;49017;Merck Sharp & Dohme B.V.;Oss;Kooldioxide (CO2);4123767;kg
2016;49026;Attero B.V. locatie Tilburg (Spinder);Tilburg;Kooldioxide (CO2);6043024;kg
2016;49033;Agristo Tilburg BV;Tilburg;Kooldioxide (CO2);36661604;kg
2016;51101;Synthomer Middelburg BV;Middelburg;Kooldioxide (CO2);57514800;kg
2016;51102;Rosier Nederland B.V.;Sas Van GEnt;Kooldioxide (CO2);15255271;kg
2016;51104;Dow Benelux BV (Hoek);Hoek;Kooldioxide (CO2);2745909623;kg
2016;51105;YARA Sluiskil BV;Sluiskil;Kooldioxide (CO2);3500541300;kg
2016;51107;ARKEMA B.V. location Vlissingen;Vlissingen;Kooldioxide (CO2);4571631;kg
2016;51404;ICL-IP Terneuzen BV;Terneuzen;Kooldioxide (CO2);9781200;kg
2016;51501;Zeeland Refinery N.V.;Nieuwdorp;Kooldioxide (CO2);1552162099;kg
2016;52612;Cargill Benelux BV;Sas Van GEnt;Kooldioxide (CO2);241274126;kg
2016;52615;Koninklijke Zeelandia;Zierikzee;Kooldioxide (CO2);1639942;kg
2016;53129;Damen Schelde Naval Shipbuilding B.V. en Damen Shiprepair Vlissingen B.V.;Ritthem;Kooldioxide (CO2);1380000;kg
2016;53504;Zeeland Aluminium Company (Zalco BV);Vlissingen;Kooldioxide (CO2);11832000;kg
2016;56118;Stepan Nederland BV;Ritthem;Kooldioxide (CO2);3784638;kg
2016;56119;Decontamination Services BV;Ritthem;Kooldioxide (CO2);6414361;kg
2016;56123;Stortplaats Koegorspolder BV (OLAZ);Terneuzen;Kooldioxide (CO2);1524063;kg
2016;56125;Stortplaats Noord- en Midden-Zeeland BV (OLAZ);Nieuwdorp;Kooldioxide (CO2);9070679;kg
2016;61213;PPG Coatings B.V.;Tiel;Kooldioxide (CO2);1248107;kg
2016;61407;SABA Dinxperlo BV;Dinxperlo;Kooldioxide (CO2);440000;kg
2016;61411;Sonac Vuren BV;Vuren;Kooldioxide (CO2);35784365;kg
2016;61418;SACHEM Europe BV;Zaltbommel;Kooldioxide (CO2);3569072;kg
2016;61424;Veolia Industriediensten BV;Arnhem;Kooldioxide (CO2);26168693;kg
2016;61436;Givaudan Nederland BV (Barneveld);Barneveld;Kooldioxide (CO2);1380000;kg
2016;61517;Gasunie Zweekhorst;Zevenaar;Kooldioxide (CO2);2307729;kg
2016;62009;FrieslandCampina Butter&Milkpowder (Lochem);Lochem;Kooldioxide (CO2);43601039;kg
2016;62010;Nestlé Nederland BV (Nunspeet);Nunspeet;Kooldioxide (CO2);15240733;kg
2016;62013;FrieslandCampina Steenderen;Steenderen;Kooldioxide (CO2);4250000;kg
2016;62025;FrieslandCampina (Borculo);Borculo;Kooldioxide (CO2);39768529;kg
2016;62031;Arla Foods BV;Nijkerk;Kooldioxide (CO2);10994030;kg
2016;62107;Gesloten stortplaats Armhoede;Lochem;Kooldioxide (CO2);239772;kg
2016;62108;Polskamp BV;Ermelo;Kooldioxide (CO2);1391255;kg
2016;62406;Riedel BV;Ede;Kooldioxide (CO2);2296500;kg
2016;62509;H.J. Heinz Holding BV;Elst;Kooldioxide (CO2);6190000;kg
2016;62512;Struik Foods Netherlands;Nijkerk;Kooldioxide (CO2);4635958;kg
2016;62802;Ekro BV;Apeldoorn;Kooldioxide (CO2);871000;kg
2016;62806;VION Apeldoorn b.v.;Apeldoorn;Kooldioxide (CO2);2980380;kg
2016;62812;Compaxo Vlees Zevenaar BV;Zevenaar;Kooldioxide (CO2);3110000;kg
2016;62849;Gecombineerde Pluimvee Slachterijen (G.P.S.);Nunspeet;Kooldioxide (CO2);2928000;kg
2016;62852;Pluimveeslachterij Van den Bor BV;Nijkerkerveen;Kooldioxide (CO2);1538460;kg
2016;62925;Aviko BV;Steenderen;Kooldioxide (CO2);65212000;kg
2016;63012;KME Netherlands B.V.;Zutphen;Kooldioxide (CO2);5567664;kg
2016;63399;Scheepswerf De Hoop BV;Tolkamer;Kooldioxide (CO2);469404;kg
2016;63504;Gieterij Doesburg BV;Doesburg;Kooldioxide (CO2);1274545;kg
2016;63505;Vulcanus Castings BV;Doetinchem;Kooldioxide (CO2);9153898;kg
2016;63508;Nijmeegsche IJzergieterij BV;Nijmegen;Kooldioxide (CO2);3448748;kg
2016;63509;LF Casting B.V.;Terborg;Kooldioxide (CO2);1199614;kg
2016;63601;Hydro Extrusion Harderwijk;Harderwijk;Kooldioxide (CO2);1660105;kg
2016;63643;Veco B.V.;Eerbeek;Kooldioxide (CO2);974000;kg
2016;63669;Coatinc Anox bv.;Scherpenzeel;Kooldioxide (CO2);153572;kg
2016;64001;Centrale Gelderland;Nijmegen;Kooldioxide (CO2);624000;kg
2016;64004;AVR Afvalverwerking BV (Duiven);Duiven;Kooldioxide (CO2);557364000;kg
2016;64005;ARN B.V.;Weurt;Kooldioxide (CO2);345798009;kg
2016;64134;Sonac Loenen BV;Loenen;Kooldioxide (CO2);4390000;kg
2016;64304;Papierfabriek Doetinchem bv;Doetinchem;Kooldioxide (CO2);21319906;kg
2016;64328;Koninklijke VIVBuisman B.V.;Zelhem;Kooldioxide (CO2);2405200;kg
2016;64335;DS Smith De Hoop B.V.;Eerbeek;Kooldioxide (CO2);187578001;kg
2016;64345;Folding Boxboard Eerbeek bv;Eerbeek;Kooldioxide (CO2);67953544;kg
2016;64354;VHP Security Paper B.V.;Ugchelen;Kooldioxide (CO2);4673000;kg
2016;64360;Smurfit Westrock Parenco B.V.;Renkum;Kooldioxide (CO2);177137407;kg
2016;64633;Aquinos BV (Kesteren);Kesteren;Kooldioxide (CO2);1954287;kg
2016;64641;Kamp Coating Apeldoorn BV;Apeldoorn;Kooldioxide (CO2);1067395;kg
2016;64701;Steenfabriek De Rijswaard BV;Aalst;Kooldioxide (CO2);33864000;kg
2016;64703;B.V. Steenfabriek Huissenswaard;Angeren;Kooldioxide (CO2);19523404;kg
2016;64713;Wienerberger Steenfabriek Schipperswaard;Echteld;Kooldioxide (CO2);5148000;kg
2016;64715;Wienerberger BV Steenfabriek Erlecom;Erlecom;Kooldioxide (CO2);14797000;kg
2016;64718;Rodruza Steenfabriek de Zandberg;Gendt;Kooldioxide (CO2);13611000;kg
2016;64719;Wienerberger Steenfabriek Haaften;Haaften;Kooldioxide (CO2);11477000;kg
2016;64725;Wienerberger Steenfabriek Heteren;Heteren;Kooldioxide (CO2);8174000;kg
2016;64740;Wienerberger Steenfabriek Wolfswaard;Opheusden;Kooldioxide (CO2);14834000;kg
2016;64741;Wienerberger Steenfabriek Kijfwaard Oost;Pannerden;Kooldioxide (CO2);11990000;kg
2016;64744;Steenfabriek Rossum B.V.;Rossum;Kooldioxide (CO2);16715000;kg
2016;64748;Steenfabriek Spijk BV;Spijk;Kooldioxide (CO2);28453000;kg
2016;64749;Steenfabriek Tolkamer BV;Tolkamer;Kooldioxide (CO2);34056000;kg
2016;64756;Wienerberger Steenfabriek De Vlijt;Winterswijk;Kooldioxide (CO2);8886000;kg
2016;64759;Steenfabriek Zennewijnen;Zennewijnen;Kooldioxide (CO2);16547000;kg
2016;65735;Steenfabriek Vogelensangh B.V.;Deest;Kooldioxide (CO2);3815450;kg
2016;65777;Wienerberger Steenfabriek Kijfwaard West;Pannerden;Kooldioxide (CO2);24290000;kg
2016;66001;Sibelco Winterswijk;Winterswijk;Kooldioxide (CO2);3982226;kg
2016;66201;Coldenhove Paper B.V.;Eerbeek;Kooldioxide (CO2);9799438;kg
2016;66206;TANATEX Chemicals BV;Ede;Kooldioxide (CO2);750172;kg
2016;66209;Van Voorden Gieterijen B.V.;Zaltbommel;Kooldioxide (CO2);573042;kg
2016;66220;Smart Packaging Solutions B.V.;Loenen;Kooldioxide (CO2);13324692;kg
2016;66224;Wienerberger Dakpannenfabriek Narvik Deest;Deest;Kooldioxide (CO2);7996000;kg
2016;66231;Attero B.V. Locatie Wilp (VAR);Wilp;Kooldioxide (CO2);6125981;kg
2016;66239;Mead Johnson B.V.;Nijmegen;Kooldioxide (CO2);11599475;kg
2016;66244;Color Coating BV;Apeldoorn;Kooldioxide (CO2);391575;kg
2016;66248;Loparex BV;Apeldoorn;Kooldioxide (CO2);7790000;kg
2016;66253;Stichting Mestverwerking Gelderland SMG (KGBI Stroe);Stroe;Kooldioxide (CO2);3894720;kg
2016;66323;Stichting Mestverwerking Gelderland SMG (KGBI Ede);Ede;Kooldioxide (CO2);3625230;kg
2016;66325;Stichting Mestverwerking Gelderland SMG (KGBI Elspeet);Elspeet;Kooldioxide (CO2);3197320;kg
2016;66326;Stichting Mestverwerking Gelderland SMG (KGBI Putten);Putten;Kooldioxide (CO2);4145930;kg
2016;66355;PFW Aroma ingredients bv;Barneveld;Kooldioxide (CO2);1140000;kg
2016;69030;Storteboom Fresh BV (Putten);Putten;Kooldioxide (CO2);3583963;kg
2016;69033;Vika BV;Ede;Kooldioxide (CO2);1948639;kg
2016;69057;Rotocoat Dieren BV;Spankeren;Kooldioxide (CO2);1175306;kg
2016;71102;KLK Kolb Specialties B.V.;Delden;Kooldioxide (CO2);6200000;kg
2016;71103;Nouryon Functional Chemicals;Deventer;Kooldioxide (CO2);9925971;kg
2016;71105;Nobian Chemicals BV (Hengelo);Hengelo;Kooldioxide (CO2);291176000;kg
2016;71514;Gasunie Vilsteren / Ommen;Vilsteren;Kooldioxide (CO2);3990815;kg
2016;72016;Royal Lactalis Leerdammer BV (Dalfsen);Dalfsen;Kooldioxide (CO2);5654354;kg
2016;72024;Ausnutria Kampen BV;Kampen;Kooldioxide (CO2);15217432;kg
2016;72027;Ausnutria Ommen B.V.;Ommen;Kooldioxide (CO2);4370000;kg
2016;72914;Abbott Laboratories B.V.;Zwolle;Kooldioxide (CO2);15553652;kg
2016;73239;Scania Production Zwolle BV;Zwolle;Kooldioxide (CO2);2220000;kg
2016;74003;Centrale Harculo;Zwolle;Kooldioxide (CO2);98629;kg
2016;74005;Ennatuurlijk BV, WKC Enschede;Enschede;Kooldioxide (CO2);81956;kg
2016;74120;Ten Cate Protect B.V.;Nijverdal;Kooldioxide (CO2);1955582;kg
2016;74154;TenCate Outdoor Fabrics BV;Nijverdal;Kooldioxide (CO2);3603000;kg
2016;74321;SARPI Netherlands B.V.;Almelo;Kooldioxide (CO2);979489;kg
2016;74652;Krehalon B.V.;Deventer;Kooldioxide (CO2);1925881;kg
2016;75305;locatie Boeldershoek;Hengelo;Kooldioxide (CO2);930326914;kg
2016;75315;locatie Elhorst Vloedbelt;Zenderen;Kooldioxide (CO2);1274757;kg
2016;75331;Zwanenberg Food Group B.V.;Almelo;Kooldioxide (CO2);2950000;kg
2016;75342;FrieslandCampina Balkbrug;Balkbrug;Kooldioxide (CO2);10137000;kg
2016;75349;CZ Rouveen kaasspecialiteiten;Rouveen;Kooldioxide (CO2);3073617;kg
2016;81103;Norit Nederland B.V.;Klazienaveen;Kooldioxide (CO2);101777638;kg
2016;81104;DOC Kaas (Zuivelfabriek);Hoogeveen;Kooldioxide (CO2);9108436;kg
2016;81202;AOC Nederland BV (Schoonebeek);Zandpol;Kooldioxide (CO2);5279000;kg
2016;82002;FrieslandCampina Domo B.V. (Beilen);Beilen;Kooldioxide (CO2);47850966;kg
2016;82603;Avebe u.a. (Gasselternijveen);Gasselternijveen;Kooldioxide (CO2);78829259;kg
2016;83501;2 RG;Klazienaveen;Kooldioxide (CO2);6168725;kg
2016;84808;SOLIDUS SOLUTIONS Board B.V. Coevorden;Coevorden;Kooldioxide (CO2);20338820;kg
2016;84999;FrieslandCampina Kievit (Meppel);Meppel;Kooldioxide (CO2);20543000;kg
2016;85002;Attero BV;Wijster;Kooldioxide (CO2);533063487;kg
2016;85003;Envalior Engineering Materials B.V.;Emmen;Kooldioxide (CO2);5030000;kg
2016;91505;N.V. Nederlandse Gasunie - compressorstation Aldeboarn;Aldeboarn;Kooldioxide (CO2);363810;kg
2016;92001;FrieslandCampina Cheese Gerkesklooster;Gerkesklooster;Kooldioxide (CO2);18332807;kg
2016;92004;Hochwald Foods Nederland BV;Bolsward;Kooldioxide (CO2);7695427;kg
2016;92008;Phoenix BV;Scharsterbrug;Kooldioxide (CO2);20785322;kg
2016;92012;FrieslandCampina (Leeuwarden);Leeuwarden;Kooldioxide (CO2);62294660;kg
2016;92015;FrieslandCampina Dronrijp;Dronryp;Kooldioxide (CO2);7178654;kg
2016;92030;FrieslandCampina (Workum);Workum;Kooldioxide (CO2);26581140;kg
2016;92615;Sonac Burgum BV;Sumar;Kooldioxide (CO2);47061376;kg
2016;93604;Nederlandse Onttinningsfabriek BV;Leeuwarden;Kooldioxide (CO2);903000;kg
2016;94003;Centrale Bergum;Burgum;Kooldioxide (CO2);5607456;kg
2016;94301;Huhtamaki Nederland B.V.;Franeker;Kooldioxide (CO2);12621303;kg
2016;94607;Trioworld Harlingen;Harlingen;Kooldioxide (CO2);20200;kg
2016;94706;BASF Nederland B.V.;Heerenveen;Kooldioxide (CO2);2470057;kg
2016;95003;Lamb Weston / Meyer VOF (Klooster Lidlum);Klooster Lidlum;Kooldioxide (CO2);14234000;kg
2016;99011;Sonac Harlingen BV;Harlingen;Kooldioxide (CO2);1720000;kg
2016;101103;BioMCN B.V.;Farmsum;Kooldioxide (CO2);256290989;kg
2016;101104;Dow Benelux B.V.;Delfzijl;Kooldioxide (CO2);12378528;kg
2016;101105;P.Q. Silicas B.V.;Winschoten;Kooldioxide (CO2);17856001;kg
2016;101108;Qemetica NL Silica bv;Delfzijl;Kooldioxide (CO2);44005000;kg
2016;101404;Delamine B.V.;Farmsum;Kooldioxide (CO2);1957933;kg
2016;101405;Electric Glass Fiber NL, B.V.;Westerbroek;Kooldioxide (CO2);42349310;kg
2016;101407;Zeolyst CV;Farmsum;Kooldioxide (CO2);5557615;kg
2016;101408;Nedmag B.V.;Veendam;Kooldioxide (CO2);80702686;kg
2016;101515;Gasunie Transport Services B.V. - compressorstation Spijk;Eemshaven;Kooldioxide (CO2);2954373;kg
2016;102001;FrieslandCampina Nederland B.V.;Bedum;Kooldioxide (CO2);38656954;kg
2016;102008;Plixxent B.V.;Foxhol;Kooldioxide (CO2);105697;kg
2016;102302;Cosun Beet Company-Vierverlaten;Groningen;Kooldioxide (CO2);114448000;kg
2016;102504;Rixona BV;Warffum;Kooldioxide (CO2);18249377;kg
2016;102620;Coöperatie AVEBE U.A.;Ter Apelkanaal;Kooldioxide (CO2);119883441;kg
2016;102621;Avebe u.a. (Foxhol);Foxhol;Kooldioxide (CO2);17279115;kg
2016;103009;KBM Master Alloys B.V.;Delfzijl;Kooldioxide (CO2);4291694;kg
2016;103010;DAMCO Aluminium Delfzijl Coöperatie U.A.;Farmsum;Kooldioxide (CO2);62271866;kg
2016;104001;ENGIE Energie Nederland NV;Eemshaven;Kooldioxide (CO2);2208214227;kg
2016;104003;Delesto B.V.;Farmsum;Kooldioxide (CO2);585344258;kg
2016;104302;Solidus Solutions Board Groningen-Hoogkerk;Groningen;Kooldioxide (CO2);16285000;kg
2016;104304;Eska B.V.;Hoogezand;Kooldioxide (CO2);59322636;kg
2016;104305;Eska B.V.;Sappemeer;Kooldioxide (CO2);32306525;kg
2016;104307;Solidus Board Bad Nieuweschans B.V.;Bad Nieuweschans;Kooldioxide (CO2);41620949;kg
2016;104511;Gasunie mengstation Kootstertille (FR);Kootstertille;Kooldioxide (CO2);8485;kg
2016;104520;Ecopark De Wierde;Heerenveen;Kooldioxide (CO2);2983902;kg
2016;104521;FrieslandCampina Wolvega;Wolvega;Kooldioxide (CO2);453000;kg
2016;104611;Adapa the Netherlands BV;Leek;Kooldioxide (CO2);1921450;kg
2016;104710;ESD-SIC BV;Farmsum;Kooldioxide (CO2);115835816;kg
2016;104756;Steenindustrie Strating BV;Oude Pekela;Kooldioxide (CO2);4321000;kg
2016;105001;ChemCom Industries BV;Farmsum;Kooldioxide (CO2);7102003;kg
2016;105004;Teijin Aramid B.V.;Farmsum;Kooldioxide (CO2);15004000;kg
2016;105007;FrieslandCampina Nederland B.V.;Marum;Kooldioxide (CO2);9141813;kg
2016;105008;Hydro Extrusion Hoogezand B.V.;Hoogezand;Kooldioxide (CO2);3328865;kg
2016;105016;Nobian Industrial Chemicals B.V. - SSC (Shared Service Center);Farmsum;Kooldioxide (CO2);2788572;kg
2016;105027;Kisuma Chemicals BV;Veendam;Kooldioxide (CO2);12672000;kg
2016;105029;Storteboom Foodgroup Kornhorn;Kornhorn;Kooldioxide (CO2);2270160;kg
2016;114001;Maxima-centrale;Lelystad;Kooldioxide (CO2);1346259929;kg
2016;114002;Vattenfall Power Generation B.V. (HWC Hogering/WKC Almere);Almere;Kooldioxide (CO2);12564000;kg
2016;114709;McCain Foods Holland BV (Lelystad);Lelystad;Kooldioxide (CO2);27323620;kg
2016;114711;Yakult Nederland BV;Almere;Kooldioxide (CO2);1330260;kg
2016;114720;Sonac Almere BV;Almere;Kooldioxide (CO2);5544901;kg
2016;114721;Alphen;Alphen;Kooldioxide (CO2);215152;kg
2016;114722;Waterschap Noorderzijlvest - RWZI Garmerwolde;Garmerwolde;Kooldioxide (CO2);13643102;kg
2016;114723;RWZI Harderwijk;Harderwijk;Kooldioxide (CO2);7736438;kg
2016;114724;RWZI Apeldoorn;Apeldoorn;Kooldioxide (CO2);14265178;kg
2016;114725;RWZI Ede;Ede;Kooldioxide (CO2);7522875;kg
2016;114726;RWZI Nieuwgraaf (Waterschap Rijn en IJssel);Duiven;Kooldioxide (CO2);4167692;kg
2016;114727;RWZI Nijmegen (Waterschap Rivierenland);Weurt;Kooldioxide (CO2);15751351;kg
2016;114728;RWZI Nieuwveer;Breda;Kooldioxide (CO2);10925231;kg
2016;114729;RWZI Aarle-Rixtel (Waterschap Aa en Maas);Aarle-Rixtel;Kooldioxide (CO2);5850133;kg
2016;114730;RWZI Eindhoven (Waterschap De Dommel);Eindhoven;Kooldioxide (CO2);11425085;kg
2016;114731;RWZI Utrecht (Hoogheemraadschap de Stichtse Rijnlanden);Utrecht;Kooldioxide (CO2);14668733;kg
2016;114732;RWZI Venlo;Venlo;Kooldioxide (CO2);11023558;kg
2016;114733;RWZI Hoensbroek;Hoensbroek;Kooldioxide (CO2);2374248;kg
2016;114734;RWZI Enschede;Enschede;Kooldioxide (CO2);11764557;kg
2016;114735;AWZI De Groote Lucht (Hoogheemraadschap van Delfland);Vlaardingen;Kooldioxide (CO2);5994535;kg
2016;114736;RWZI Dokhaven en Slibverwerkingsinstallatie Sluisjesdijk;Rotterdam;Kooldioxide (CO2);13895064;kg
2016;114737;AWZI Kralingseveer (Hoogheemraadschap van Schieland);Capelle aan den Ijssel;Kooldioxide (CO2);9319011;kg
2016;114740;RWZI Susteren;Susteren;Kooldioxide (CO2);14393772;kg
2016;114741;RWZI Amersfoort;Amersfoort;Kooldioxide (CO2);10966629;kg
2016;114743;RWZI Dinther (Waterschap Aa en Maas);Heeswijk-Dinther;Kooldioxide (CO2);3554622;kg
2016;114744;Elsta P&U;Hoek;Kooldioxide (CO2);1232162600;kg
2016;114747;PeakShaver Maasvlakte;Maasvlakte Rotterdam;Kooldioxide (CO2);13028957;kg
2016;114757;Eurogen CV;Botlek Rotterdam;Kooldioxide (CO2);289450111;kg
2016;114758;Farm Dairy BV;Lelystad;Kooldioxide (CO2);1598516;kg
2016;114767;AWZI Houtrust (Hoogheemraadschap van Delfland);'s-Gravenhage;Kooldioxide (CO2);10052064;kg
2016;114785;Smilde Foods BV(Heerenveen);Heerenveen;Kooldioxide (CO2);1606000;kg
2016;114802;Renewi Smink Amersfoort;Hoogland;Kooldioxide (CO2);6781684;kg
2016;114804;Vleeswarenfabriek Persoon BV;Lisse;Kooldioxide (CO2);700000;kg
2016;114814;Recycling Kombinatie REKO B.V.;Vondelingenplaat Rotterdam;Kooldioxide (CO2);19183168;kg
2016;115036;LyondellBasell Covestro Manufacturing Maasvlakte VOF;Maasvlakte Rotterdam;Kooldioxide (CO2);11531769;kg
2016;115037;Teijin Aramid BV (Arnhem);Arnhem;Kooldioxide (CO2);746000;kg
2016;115049;Holonite BV (Tholen);Tholen;Kooldioxide (CO2);109000;kg
2016;115063;Eagle Simrax BV;Kerkrade;Kooldioxide (CO2);287000;kg
2016;115066;Trespa International BV;Weert;Kooldioxide (CO2);27536071;kg
2016;115072;Seasun;Kapelle;Kooldioxide (CO2);30188000;kg
2016;115084;SVP Productie BV - Hulpwarmtecentrale 1;Purmerend;Kooldioxide (CO2);21386643;kg
2016;115085;Enecal Energy VOF;Botlek Rotterdam;Kooldioxide (CO2);139820822;kg
2016;115143;FrieslandCampina Cheese BV (Leerdam);Leerdam;Kooldioxide (CO2);88780;kg
2016;115181;EP NL Rijnmond 1 B.V.;Vondelingenplaat Rotterdam;Kooldioxide (CO2);0;kg
2016;115184;RWZI Land van Cuijk (Waterschap Aa en Maas);Haps;Kooldioxide (CO2);4597888;kg
2016;115185;DOC Kaas (Zuivelpark);Hoogeveen;Kooldioxide (CO2);45432400;kg
2016;115186;Yara Vlaardingen BV;Vlaardingen;Kooldioxide (CO2);430000;kg
2016;200002;A. van de Groep en Zonen BV;Bunschoten-Spakenburg;Kooldioxide (CO2);3285000;kg
2016;200101;Döhler Holland BV;Oosterhout;Kooldioxide (CO2);3911225;kg
2016;200131;Hak BV;Giessen;Kooldioxide (CO2);5696596;kg
2016;200141;BV Steenfabriek Hedikhuizen;Heusden;Kooldioxide (CO2);14981000;kg
2016;200188;Kriek Poedercoaten B.V.;Alphen aan den Rijn;Kooldioxide (CO2);359330;kg
2016;200228;Gouda Refractories BV;Gouda;Kooldioxide (CO2);7855000;kg
2016;200286;Wienerberger Steenfabriek Azewijn;Azewijn;Kooldioxide (CO2);20723000;kg
2016;200287;Steenfabriek Engels Helden BV;Panningen;Kooldioxide (CO2);18000887;kg
2016;200292;T. Boer & zn.;Nieuwerkerk aan den Ijssel;Kooldioxide (CO2);666000;kg
2016;200308;LOA VT;Almelo;Kooldioxide (CO2);104000;kg
2016;200312;Vloertegelfabriek Koninklijke Mosa BV;Maastricht;Kooldioxide (CO2);11699900;kg
2016;200314;Supply Point Cuijk BV;Katwijk;Kooldioxide (CO2);219118;kg
2016;200333;Wienerberger Steenfabriek Bemmel;Haalderen;Kooldioxide (CO2);5438000;kg
2016;200355;Dakpanfabriek Narvik Tegelen (Wienberger BV);Tegelen;Kooldioxide (CO2);8499000;kg
2016;200376;Wienerberger Dakpanfabriek Janssen-Dings;Tegelen;Kooldioxide (CO2);11478000;kg
2016;200377;Monier BV (Tegelen);Tegelen;Kooldioxide (CO2);11091000;kg
2016;200407;COATEX Netherlands BV;Moerdijk;Kooldioxide (CO2);1070000;kg
2016;200420;Roba Metals B.V.;Farmsum;Kooldioxide (CO2);4685241;kg
2016;200436;Afvalberging Derde Merwedehaven;Dordrecht;Kooldioxide (CO2);9300857;kg
2016;200441;Amcor Specialty Cartons Brabant BV;Bergen op Zoom;Kooldioxide (CO2);1084885;kg
2016;200450;Avri;Geldermalsen;Kooldioxide (CO2);606700;kg
2016;200464;Baggerspeciedepot IJsseloog;Dronten;Kooldioxide (CO2);415926;kg
2016;200480;Bostik Nederland B.V.;Roosendaal;Kooldioxide (CO2);1131000;kg
2016;200482;locatie Braambergen (Almere);Almere;Kooldioxide (CO2);1573208;kg
2016;200490;LOA Deege;Klundert;Kooldioxide (CO2);330000;kg
2016;200493;Attero B.V. locatie Bergen op Zoom (Kragge);Bergen op Zoom;Kooldioxide (CO2);5511662;kg
2016;200508;Uniper HWC Bezuidenhout-West;'s-Gravenhage;Kooldioxide (CO2);4620000;kg
2016;200512;ESA BV;Apeldoorn;Kooldioxide (CO2);416000;kg
2016;200516;Attero B.V.  locatie Montfort;Montfort;Kooldioxide (CO2);3282294;kg
2016;200518;Attero B.V. Locatie Weert;Weert;Kooldioxide (CO2);990063;kg
2016;200520;Attero B.V. locatie Schinnen;Schinnen;Kooldioxide (CO2);5844090;kg
2016;200526;Exportslachterij Clazing BV;Zevenhuizen;Kooldioxide (CO2);2457000;kg
2016;200537;Cargill Cocao Aurora;Zaandam;Kooldioxide (CO2);1449420868591860;kg
2016;200538;GMB BioEnergie Zutphen BV;Zutphen;Kooldioxide (CO2);36236641;kg
2016;200551;Heiploeg International BV;Zoutkamp;Kooldioxide (CO2);2620203;kg
2016;200582;Südpack  Grootegast B.V.;Grootegast;Kooldioxide (CO2);2036000;kg
2016;200587;Martens Havenontvangstinstallatie Vlissingen BV;Nieuwdorp;Kooldioxide (CO2);287000;kg
2016;200606;Theo Pouw Secundaire Bouwstoffen B.V.;Eemshaven;Kooldioxide (CO2);92828707;kg
2016;200610;Radboudumc & Radboud Universiteit Nijmegen;Nijmegen;Kooldioxide (CO2);20367300;kg
2016;200618;ROVA Afvalverwerkingslocatie Bovenveld;Rheezerveen;Kooldioxide (CO2);501000;kg
2016;200640;Exportslachterij J. Gosschalk & Zn. BV;Epe;Kooldioxide (CO2);1828000;kg
2016;200653;Saturn Petcare;Hattem;Kooldioxide (CO2);5500000;kg
2016;200664;Handelsonderneming A. Smit & Zoon BV;Amersfoort;Kooldioxide (CO2);2408585;kg
2016;200683;Theo Pouw Beheer BV;Utrecht;Kooldioxide (CO2);152553;kg
2016;200702;Renewi Nieuwegein;Nieuwegein;Kooldioxide (CO2);243032;kg
2016;200719;Wuppermann Staal Nederland BV;Moerdijk;Kooldioxide (CO2);2178330;kg
2016;200758;Lubrizol Advanced Materials Resins BV;Farmsum;Kooldioxide (CO2);283000;kg
2016;201012;Renewi Nederland B.V. - Drachten-De Lier;Drachten;Kooldioxide (CO2);344081;kg
2016;201043;REMONDIS PMR B.V.;Moerdijk;Kooldioxide (CO2);612000;kg
2016;201045;locatie Zeeasterweg (Lelystad);Lelystad;Kooldioxide (CO2);714864;kg
2016;201055;Attero B.V. Locatie Haps;Haps;Kooldioxide (CO2);2537210;kg
2016;201151;Enrichment Technology Nederland BV;Almelo;Kooldioxide (CO2);1770000;kg
2016;201189;Afvalverwerking Stainkoeln B.V.;Groningen;Kooldioxide (CO2);1492147;kg
2016;201203;Sortiva B.V.;Alkmaar;Kooldioxide (CO2);963341;kg
2016;201241;EMMTEC Services BV;Emmen;Kooldioxide (CO2);161079000;kg
2016;201304;BMC Moerdijk BV;Moerdijk;Kooldioxide (CO2);350177364;kg
2016;201326;Aludyne Netherlands B.V.;Oss;Kooldioxide (CO2);5430000;kg
2016;201386;EP NL Sloe Centrale B.V. (Vlissingen);Ritthem;Kooldioxide (CO2);1421409000;kg
2016;201425;Afvalverwerking Vink B.V.;Barneveld;Kooldioxide (CO2);38200000;kg
2016;201503;Valtris AO Maastricht b.v. / Vynova AO Maastricht b.v.;Maastricht;Kooldioxide (CO2);3938382;kg
2016;201541;Olenex Edible Oils B.V.;Vondelingenplaat Rotterdam;Kooldioxide (CO2);12310000;kg
2016;201571;Vattenfall Warmte N.V. (HWC Duiven Westervoort);Westervoort;Kooldioxide (CO2);290314;kg
2016;201596;M&R Claushuis BV;Zeewolde;Kooldioxide (CO2);54912;kg
2016;201639;Solidus Solutions Board Oude Pekela;Oude Pekela;Kooldioxide (CO2);23958000;kg
2016;201986;Eneco HWC Kanaleneiland;Utrecht;Kooldioxide (CO2);22358;kg
2016;202140;Vitelco BV;'s-Hertogenbosch;Kooldioxide (CO2);841000;kg
2016;202159;Fokker Aerospace BV;Papendrecht;Kooldioxide (CO2);3480000;kg
2016;202214;Greif Nederland BV;Europoort Rotterdam;Kooldioxide (CO2);3781362;kg
2016;202229;Bunge Loders Croklaan Rotterdam;Maasvlakte Rotterdam;Kooldioxide (CO2);14115324;kg
2016;202257;Accsys Technologies;Arnhem;Kooldioxide (CO2);3237096;kg
2016;202268;Eneco HWC Overvecht;Utrecht;Kooldioxide (CO2);24872767;kg
2016;202298;Evonik Peroxide Netherlands B.V.;Farmsum;Kooldioxide (CO2);29217000;kg
2016;202380;Pluimveeverwerkingsbedrijf Jan van Ee BV;Stroe;Kooldioxide (CO2);968597;kg
2016;202417;Compressorstation Noord Holland;Anna Paulowna;Kooldioxide (CO2);24274;kg
2016;202418;Eneco HWC Nicolaas Beetsstraat;Utrecht;Kooldioxide (CO2);4485027;kg
2016;202419;Eneco HWC Nieuwegein;Nieuwegein;Kooldioxide (CO2);2220367;kg
2016;202578;Mars Food Europe CV;Oud-Beijerland;Kooldioxide (CO2);6285934;kg
2016;202597;Coatinc Groningen B.V.;Groningen;Kooldioxide (CO2);1109000;kg
2016;202662;Pluimveeslachterij G.P. Remkes B.V.;Epe;Kooldioxide (CO2);669000;kg
2016;202692;adapa The Netherlands Amersfoort BV;Amersfoort;Kooldioxide (CO2);1665951;kg
2016;202746;Argent Energy;Amsterdam;Kooldioxide (CO2);27500000;kg
2016;202803;Avery Dennison Materials Nederland BV;Alphen aan den Rijn;Kooldioxide (CO2);4587700;kg
2016;202824;Eneco Merwedekanaal;Utrecht;Kooldioxide (CO2);230878554;kg
2016;202825;Eneco Lage Weide;Utrecht;Kooldioxide (CO2);638297193;kg
2016;202858;Grolsche Bierbrouwerij Nederland B.V.;Enschede;Kooldioxide (CO2);10324283;kg
2016;202863;Ruijtenberg Shipyard BV;Raamsdonksveer;Kooldioxide (CO2);0;kg
2016;202902;GMB BioEnergie Tiel BV;Tiel;Kooldioxide (CO2);16499000;kg
2016;202903;Reterra BV;Goor;Kooldioxide (CO2);24600000;kg
2016;202926;Ulamo Coating B.V.;Ulft;Kooldioxide (CO2);1879115;kg
2016;202928;C & T Technics;Uden;Kooldioxide (CO2);685567;kg
2016;202935;Alblasserdam Yachtbuilding B.V. (Oceanco);Alblasserdam;Kooldioxide (CO2);751000;kg
2016;202962;IHC Sliedrecht Molendijk;Sliedrecht;Kooldioxide (CO2);485000;kg
2016;202990;Alco Energy Rotterdam;Europoort Rotterdam;Kooldioxide (CO2);361825000;kg
2016;202992;Viterra Botlek BV;Botlek Rotterdam;Kooldioxide (CO2);34815828;kg
2016;202999;Renewi Drachten - Stuurboord;Drachten;Kooldioxide (CO2);693165;kg
2016;203024;Boehringer Ingelheim Animal Health Operations bv;Weesp;Kooldioxide (CO2);148000;kg
2016;203083;Exploitatiemaatschappij J ter Horst BV;Varsseveld;Kooldioxide (CO2);121927;kg
2016;203086;JAZO Zevenaar BV;Zevenaar;Kooldioxide (CO2);103000;kg
2016;203155;Vattenfall Power Generation B.V. (HWC Almere Stad);Almere;Kooldioxide (CO2);1374646;kg
2016;203159;Eco Fuels Netherlands B.V.;Eemshaven;Kooldioxide (CO2);6000368;kg
2016;203186;RWZI West;Amsterdam;Kooldioxide (CO2);11754065;kg
2016;203220;EEW Energy from Waste Delfzijl B.V.;Farmsum;Kooldioxide (CO2);459930577;kg
2016;203228;RWE Eemshaven Magnum B.V.;Eemshaven;Kooldioxide (CO2);1262049554;kg
2016;203267;Nieboer Recycling & Handel BV;Hoogezand;Kooldioxide (CO2);919340;kg
2016;203273;RWE Eemshaven Holding II B.V.;Eemshaven;Kooldioxide (CO2);8266341695;kg
2016;203284;Steel Protection Oosterhout;Oosterhout;Kooldioxide (CO2);700100;kg
2016;203332;Brabant Alucast The Netherlands - site Heijen;Heijen;Kooldioxide (CO2);2130000;kg
2016;203346;Inter-Che-M BV;Beuningen Gld;Kooldioxide (CO2);368276;kg
2016;203411;Pergen VOF;Pernis Rotterdam;Kooldioxide (CO2);1228840173;kg
2016;203417;Van Rooi Meat BV (Helmond);Helmond;Kooldioxide (CO2);5239897;kg
2016;203438;Straalbedrijf A.J. den Breejen & Zonen BV;Dordrecht;Kooldioxide (CO2);418500;kg
2016;203493;A.C. Hartman BV;Sexbierum;Kooldioxide (CO2);27151638;kg
2016;203496;Reststoffen Energie Centrale (REC);Harlingen;Kooldioxide (CO2);231245000;kg
2016;203505;EP NL Rijnmond 2 B.V.;Vondelingenplaat Rotterdam;Kooldioxide (CO2);63111000;kg
2016;203530;Teijin Aramid BV;Emmen;Kooldioxide (CO2);4009022;kg
2016;203587;Contitank B.V.;Delfzijl;Kooldioxide (CO2);417000;kg
2016;203589;Cerexagri BV;Vondelingenplaat Rotterdam;Kooldioxide (CO2);2426808;kg
2016;203590;Arkema B.V. location Rotterdam;Vondelingenplaat Rotterdam;Kooldioxide (CO2);3542608;kg
2016;203605;Kok Gorinchem BV;Gorinchem;Kooldioxide (CO2);680000;kg
2016;203651;Dutch Advanced Polyesters Emmen B.V.;Emmen;Kooldioxide (CO2);2240000;kg
2016;203738;Fokker Landing Gear;Helmond;Kooldioxide (CO2);398729;kg
2016;203785;Neste Netherlands B.V.;Maasvlakte Rotterdam;Kooldioxide (CO2);41242000;kg
2016;203825;Linde Gas Dieren;Dieren;Kooldioxide (CO2);509779;kg
2016;203843;Putman Recycling BV (Westervoort);Westervoort;Kooldioxide (CO2);1180211;kg
2016;203868;Cérélia Netherlands B.V.;Sliedrecht;Kooldioxide (CO2);3769998;kg
2016;203887;Noblesse Proteins BV;Wijster;Kooldioxide (CO2);3795685;kg
2016;204038;Keizersberg Diervoeders (Elsendorp);Elsendorp;Kooldioxide (CO2);23885;kg
2016;204050;Driessen Grondwerken;Horst;Kooldioxide (CO2);37635;kg
2016;204051;Driessen Grondwerken BV;Horst;Kooldioxide (CO2);26023;kg
2016;204287;Global Food Group BV;Ospel;Kooldioxide (CO2);652556;kg
2016;204335;Quality Technology Services B.V.;Eemshaven;Kooldioxide (CO2);39000;kg
2016;204361;EcoFuels;Well L;Kooldioxide (CO2);12573908;kg
2016;204363;Vattenfall Warmte N.V. (HWC Schuytgraaf);Arnhem;Kooldioxide (CO2);164658;kg
2016;204395;Renewi Stadskanaal;Stadskanaal;Kooldioxide (CO2);844448;kg
2016;204412;PreZero Recycling Services Noord B.V.;Groningen;Kooldioxide (CO2);631906;kg
2016;204416;Kanola Vethandel;Lexmond;Kooldioxide (CO2);105000;kg
2016;204488;Cumapol Emmen B.V.;Emmen;Kooldioxide (CO2);434000;kg
2016;204492;Ingensche Waarden;Ingen;Kooldioxide (CO2);91371;kg
2016;204522;Ondergrondse aardgasopslag Zuidwending;Veendam;Kooldioxide (CO2);3582146;kg
2016;204523;Aardgascompressorstation Wijngaarden;Wijngaarden;Kooldioxide (CO2);140;kg
2016;204552;Gesloten stortplaats De Langenberg;Zelhem;Kooldioxide (CO2);973000;kg
2016;204556;Waterstromen Lichtenvoorde B.V.;Lichtenvoorde;Kooldioxide (CO2);7272208;kg
2016;204602;RWZI Soest;Soest;Kooldioxide (CO2);4168575;kg
2016;204609;Hoogweg Paprikakwekerijen BV;Luttelgeest;Kooldioxide (CO2);42414732;kg
2016;204617;Power Plant Rotterdam;Maasvlakte Rotterdam;Kooldioxide (CO2);3201926700;kg
2016;204654;ENECOGEN V.O.F.;Europoort Rotterdam;Kooldioxide (CO2);1309358648;kg
2016;204667;Aliphos Rotterdam BV;Vlaardingen;Kooldioxide (CO2);5944575;kg
2016;204694;Sterling Resources Netherlands B.V.;'s-Gravenhage;Kooldioxide (CO2);0;kg
2016;204763;KH Dairy Sourcing BV;Coevorden;Kooldioxide (CO2);1048940;kg
2016;204851;Air Products HyCO 4 (Botlekweg);Botlek Rotterdam;Kooldioxide (CO2);631251730;kg
2016;204944;Eneco Bio Golden Raand C.V.;Farmsum;Kooldioxide (CO2);437144200;kg
2016;204957;WKC Ypenburg;'s-Gravenhage;Kooldioxide (CO2);34760609;kg
2016;205183;Van Merksteijn International B.V.;Almelo;Kooldioxide (CO2);5966608;kg
2016;205186;HWC Ypenburg;'s-Gravenhage;Kooldioxide (CO2);10438658;kg
2016;205256;DCL Corporation (NL) B.V.;Maastricht;Kooldioxide (CO2);124000;kg
2016;205276;Diffutherm BV;Hapert;Kooldioxide (CO2);724740;kg
2016;205462;Putman recycling B.V.;Niftrik;Kooldioxide (CO2);101524;kg
2016;205493;Euro Support Advanced Materials B.V.;Uden;Kooldioxide (CO2);997481;kg
2016;205503;MRC Plating Products B.V.;Zeewolde;Kooldioxide (CO2);269696;kg
2016;220121;Hoogheemraadschap Hollands Noorderkwartier RWZI Alkmaar;Alkmaar;Kooldioxide (CO2);3138869;kg
2016;220124;AWZI Almere;Almere;Kooldioxide (CO2);9363286;kg
2016;220129;RWZI Amstelveen (HH Amstel, Gooi en Vecht);Amstelveen;Kooldioxide (CO2);3568619;kg
2016;220131;RWZI Westpoort;Amsterdam;Kooldioxide (CO2);18602278;kg
2016;220133;RWZI Arnhem-Zuid;Arnhem;Kooldioxide (CO2);7128495;kg
2016;220136;RWZI Asten (Waterschap Aa en Maas);Heusden;Kooldioxide (CO2);2382758;kg
2016;220138;RWZI Emmen;Nieuw-Amsterdam;Kooldioxide (CO2);5007789;kg
2016;220139;RWZI Bath;Rilland;Kooldioxide (CO2);13973162;kg
2016;220150;Hoogheemraadschap Hollands Noorderkwartier SDI/RWZI Beverwijk;Beverwijk;Kooldioxide (CO2);37136242;kg
2016;220188;Hoogheemraadschap Hollands Noorderkwartier RWZI Den Helder;Den Helder;Kooldioxide (CO2);3049698;kg
2016;220191;RWZI Deventer;Deventer;Kooldioxide (CO2);4285876;kg
2016;220200;RWZI Dongemond;Oosterhout;Kooldioxide (CO2);5168482;kg
2016;220201;RWZI Dordrecht;Dordrecht;Kooldioxide (CO2);4787829;kg
2016;220209;RWZI Echten;Hoogeveen;Kooldioxide (CO2);7769308;kg
2016;220213;RWZI Elburg;Elburg;Kooldioxide (CO2);6027446;kg
2016;220217;RWZI Etten;Terborg;Kooldioxide (CO2);5102800;kg
2016;220223;Hoogheemraadschap Hollands Noorderkwartier RWZI Geestmerambacht;Warmenhuizen;Kooldioxide (CO2);2176023;kg
2016;220233;RWZI Goor;Goor;Kooldioxide (CO2);1954551;kg
2016;220236;AWZI Gouda;Gouda;Kooldioxide (CO2);2047030;kg
2016;220263;RWZI Hellevoetsluis;Hellevoetsluis;Kooldioxide (CO2);2170751;kg
2016;220264;Rioolwaterzuiveringsinstallatie Hengelo;Hengelo;Kooldioxide (CO2);8319103;kg
2016;220276;RWZI Horstermeer (HH Amstel, Gooi en Vechtstreek);Nederhorst den Berg;Kooldioxide (CO2);5095721;kg
2016;220286;AWZI Katwijk;Katwijk;Kooldioxide (CO2);4341768;kg
2016;220297;RWZI Leeuwarden;Leeuwarden;Kooldioxide (CO2);6243949;kg
2016;220298;AWZI Leiden Noord;Leiden;Kooldioxide (CO2);3620914;kg
2016;220299;AWZI Leiden Zuidwest;Leiden;Kooldioxide (CO2);3965796;kg
2016;220326;AWZI Nieuwe Waterweg;Hoek Van Holland;Kooldioxide (CO2);4250647;kg
2016;220328;RWZI Nieuwegein;Nieuwegein;Kooldioxide (CO2);5355125;kg
2016;220364;RWZI Renkum;Renkum;Kooldioxide (CO2);2821976;kg
2016;220369;RWZI Rijen;Rijen;Kooldioxide (CO2);1964503;kg
2016;220376;Rioolwaterzuiveringsinstallatie (RWZI) Roermond;Roermond;Kooldioxide (CO2);8826652;kg
2016;220382;RWZI Schelluinen;Schelluinen;Kooldioxide (CO2);1158257;kg
2016;220387;RWZI Den Bosch (Waterschap Aa en Maas);'s-Hertogenbosch;Kooldioxide (CO2);4708272;kg
2016;220392;RWZI Sleeuwijk/Zuivering Sleeuwijk;Sleeuwijk;Kooldioxide (CO2);1087582;kg
2016;220410;RWZI Terneuzen;Terneuzen;Kooldioxide (CO2);2369990;kg
2016;220412;RWZI Terwolde;Terwolde;Kooldioxide (CO2);1133878;kg
2016;220416;RWZI Tilburg Noord;Tilburg;Kooldioxide (CO2);19074954;kg
2016;220429;RWZI Veenendaal;Overberg;Kooldioxide (CO2);3868753;kg
2016;220432;RWZI Vinkel (Waterschap Aa en Maas);Vinkel;Kooldioxide (CO2);979597;kg
2016;220443;RWZI Walcheren;Ritthem;Kooldioxide (CO2);5354037;kg
2016;220451;Hoogheemraadschap Hollands Noorderkwartier RWZI Wervershoof;Wervershoof;Kooldioxide (CO2);4842089;kg
2016;220460;RWZI Willem Annapolder;Kapelle;Kooldioxide (CO2);2498288;kg
2016;220469;Hoogheemraadschap Hollands Noorderkwartier RWZI Zaandam-Oost;Zaandam;Kooldioxide (CO2);4608293;kg
2016;220478;RWZI Zutphen;Zutphen;Kooldioxide (CO2);5555841;kg
2016;220481;RWZI Zwijndrecht;Zwijndrecht;Kooldioxide (CO2);2951775;kg
2016;220482;RWZI Zwolle;Zwolle;Kooldioxide (CO2);5274144;kg
2016;220537;RWZI Harnaschpolder (Hoogheemraadschap van Delfland);Den Hoorn;Kooldioxide (CO2);29327785;kg
2017;59;Koninklijke Mosa BV Wandtegelfabriek & Vloertegelfabriek;Maastricht;Kooldioxide (CO2);21995000;kg
2017;60;Sappi Maastricht BV;Maastricht;Kooldioxide (CO2);157018000;kg
2017;62;Chemelot Site Permit BV;Geleen;Kooldioxide (CO2);4746971000;kg
2017;65;PQ Silicas BV;Eijsden;Kooldioxide (CO2);23636896;kg
2017;66;Marsna Paper B.V.;Meerssen;Kooldioxide (CO2);3237902;kg
2017;79;Steenfabriek Linssen BV;Kerkrade;Kooldioxide (CO2);2520000;kg
2017;90;VDL Castings Heerlen BV;Hoensbroek;Kooldioxide (CO2);7108703;kg
2017;94;Steenfabriek Gebroeders Klinkers BV;Maastricht;Kooldioxide (CO2);8550000;kg
2017;95;Vandersanden Beek BV;Beek;Kooldioxide (CO2);8728000;kg
2017;113;VDL Nedcar B.V.;Born;Kooldioxide (CO2);31179625;kg
2017;125;Stichting Parkmanagement Wolfsweg 75;Eygelshoven;Kooldioxide (CO2);135000;kg
2017;148;ENCI BV (Maastricht);Maastricht;Kooldioxide (CO2);533008847;kg
2017;151;O-I Netherlands BV (Maastricht);Maastricht;Kooldioxide (CO2);96893549;kg
2017;159;Fenzi AGT Netherlands B.V.;Maastricht;Kooldioxide (CO2);3655063;kg
2017;166;Slachthuis Kerkrade BV;Kerkrade;Kooldioxide (CO2);245598;kg
2017;174;Tata Steel Nederland Tubes BV locatie Maastricht;Maastricht;Kooldioxide (CO2);664150;kg
2017;325;Lawter Maastricht BV;Maastricht;Kooldioxide (CO2);2923000;kg
2017;326;Wienerberger Steenfabriek Poriso;Brunssum;Kooldioxide (CO2);19776000;kg
2017;1104;Solvay Chemie BV;Herten;Kooldioxide (CO2);2607456;kg
2017;1107;Nouryon Functional Chemicals B.V.;Herkenbosch;Kooldioxide (CO2);11967346;kg
2017;3062;Verzinkerij Van Aert BV;Nederweert;Kooldioxide (CO2);1491000;kg
2017;3066;Verzinkerij Weert BV en Electrocoat BV Weert Groep;Stramproy;Kooldioxide (CO2);4968852;kg
2017;3068;Coatinc Mook B.V.;Mook;Kooldioxide (CO2);1780000;kg
2017;3509;VDL Castings Weert BV;Weert;Kooldioxide (CO2);709060;kg
2017;3513;MGG Netherlands BV;Tegelen;Kooldioxide (CO2);5838375;kg
2017;4301;Smurfit Westrock Roermond Paper BV;Roermond;Kooldioxide (CO2);169777498;kg
2017;4709;Kleiwarenfabriek Joosten Kessel BV;Kessel;Kooldioxide (CO2);8058000;kg
2017;4711;Wienerberger Steenfabriek Thorn;Thorn;Kooldioxide (CO2);11664000;kg
2017;4753;Rockwool B.V.;Roermond;Kooldioxide (CO2);142378000;kg
2017;5726;Wienerberger Steenfabriek Nuance;Afferden L;Kooldioxide (CO2);5826000;kg
2017;5727;EverZinc Nederland B.V.;Eijsden;Kooldioxide (CO2);21086299;kg
2017;5729;Celanese Production Netherlands B.V.;Geleen;Kooldioxide (CO2);1506315;kg
2017;5739;E-MAX BILLETS;Kerkrade;Kooldioxide (CO2);20132413;kg
2017;5740;WEPA Nederland B.V.;Swalmen;Kooldioxide (CO2);16859300;kg
2017;5750;FrieslandCampina Born;Born;Kooldioxide (CO2);6865772;kg
2017;5804;PQ Nederland BV;Maastricht;Kooldioxide (CO2);13066105;kg
2017;5821;Attero B.V. locatie Landgraaf;Landgraaf;Kooldioxide (CO2);6308104;kg
2017;9003;Everris International BV;Heerlen;Kooldioxide (CO2);9940000;kg
2017;10001;Nobian Industrial Chemicals BV (Rotterdam);Botlek Rotterdam;Kooldioxide (CO2);94555393;kg
2017;10002;Nouryon Performance Formulations b.v.;Europoort Rotterdam;Kooldioxide (CO2);30200;kg
2017;10003;Synres B.V.;Hoek Van Holland;Kooldioxide (CO2);7094892;kg
2017;10004;Lyondell Chemical Nederland Ltd.;Botlek Rotterdam;Kooldioxide (CO2);269257729;kg
2017;10006;Shell Nederland Chemie BV (Pernis);Vondelingenplaat Rotterdam;Kooldioxide (CO2);25734096;kg
2017;10016;Climax Molybdenum BV;Botlek Rotterdam;Kooldioxide (CO2);8828482;kg
2017;10042;Kemira Rotterdam B.V. - locatie Botlek;Botlek Rotterdam;Kooldioxide (CO2);209400;kg
2017;10048;Compaxo Gouda BV;Gouda;Kooldioxide (CO2);4260000;kg
2017;10057;Shell Nederland Raffinaderij BV;Vondelingenplaat Rotterdam;Kooldioxide (CO2);3831448113;kg
2017;10058;BP Raffinaderij Rotterdam B.V.;Europoort Rotterdam;Kooldioxide (CO2);2073778000;kg
2017;10059;Gunvor Energy Rotterdam B.V. (GPR);Europoort Rotterdam;Kooldioxide (CO2);434957801;kg
2017;10061;Esso Nederland BV (Raffinaderij Rotterdam);Botlek Rotterdam;Kooldioxide (CO2);2541284582;kg
2017;10063;AVR-Afvalverwerking;Botlek Rotterdam;Kooldioxide (CO2);1670500000;kg
2017;10064;Almatis BV;Botlek Rotterdam;Kooldioxide (CO2);19073625;kg
2017;10066;Kemira Rotterdam BV locatie Europoort;Europoort Rotterdam;Kooldioxide (CO2);5476000;kg
2017;10069;Standic BV;Dordrecht;Kooldioxide (CO2);2083581;kg
2017;10073;Tronox Pigments (Holland) BV;Botlek Rotterdam;Kooldioxide (CO2);92661598;kg
2017;10076;HVC AfvalEnergieCentrale Dordrecht;Dordrecht;Kooldioxide (CO2);325000000;kg
2017;10079;Chemours Netherlands B.V.;Dordrecht;Kooldioxide (CO2);73778495;kg
2017;10086;NV Nutricia Zoetermeer;Zoetermeer;Kooldioxide (CO2);12330129;kg
2017;10089;Prysmian Netherlands B.V.;Delft;Kooldioxide (CO2);324000;kg
2017;10097;SD Guthrie International Zwijndrecht Refinery B.V.;Zwijndrecht;Kooldioxide (CO2);51625463;kg
2017;10100;Bakelite Botlek Rotterdam;Botlek Rotterdam;Kooldioxide (CO2);7747241;kg
2017;10546;Lactalis Leerdammer BV (Schoonrewoerd);Schoonrewoerd;Kooldioxide (CO2);10411523;kg
2017;10590;FrieslandCampina Rotterdam;Rotterdam;Kooldioxide (CO2);2889514;kg
2017;10621;Hunter Douglas Europe BV;Rotterdam;Kooldioxide (CO2);5177492;kg
2017;10687;Biotech Campus Delft;Delft;Kooldioxide (CO2);86073413;kg
2017;10689;Air Products Nederland BV (Botlek);Botlek Rotterdam;Kooldioxide (CO2);243611000;kg
2017;10698;Cargill Bioindustrial BV;Gouda;Kooldioxide (CO2);39106716;kg
2017;10722;O-I Manufacturing Netherlands BV Schiedam;Schiedam;Kooldioxide (CO2);26136000;kg
2017;10723;O-I Netherlands BV (Leerdam);Leerdam;Kooldioxide (CO2);98252545;kg
2017;10728;Cargill Refined Oils Europe;Botlek Rotterdam;Kooldioxide (CO2);25807374;kg
2017;10733;Upfield Sourcing Nederland BV;Rotterdam;Kooldioxide (CO2);3189205;kg
2017;10789;BMI Productie Nederland BV Woerden;Woerden;Kooldioxide (CO2);10249929;kg
2017;10793;Tata Steel Nederland Tubes BV locatie Zwijndrecht;Zwijndrecht;Kooldioxide (CO2);1749709;kg
2017;10829;Cosun Beet company (Puttershoek);Puttershoek;Kooldioxide (CO2);422000;kg
2017;10921;Damen Shiprepair Rotterdam BV;Schiedam;Kooldioxide (CO2);562000;kg
2017;10928;Aluminium & Chemie Rotterdam B.V.;Botlek Rotterdam;Kooldioxide (CO2);86349002;kg
2017;10950;N+P Rotterdam MRF B.V.;Rotterdam;Kooldioxide (CO2);724000;kg
2017;10951;Uniper Centrale Leiden;Leiden;Kooldioxide (CO2);117612000;kg
2017;10953;Uniper Centrale Den Haag;'s-Gravenhage;Kooldioxide (CO2);175352000;kg
2017;10982;Galvanisch Bedrijf Chromolux;Rotterdam;Kooldioxide (CO2);294807;kg
2017;10983;IHC Kinderdijk;Nieuw-Lekkerland;Kooldioxide (CO2);2115747;kg
2017;10998;Draka Interfoam;Hillegom;Kooldioxide (CO2);870726;kg
2017;11024;Cabot B.V.;Botlek Rotterdam;Kooldioxide (CO2);240239000;kg
2017;11034;Dossche Mils NV;Rotterdam;Kooldioxide (CO2);3530000;kg
2017;11046;PURAC Biochem B.V.;Gorinchem;Kooldioxide (CO2);23681434;kg
2017;11047;Vecom Metal Treatment BV;Maassluis;Kooldioxide (CO2);320000;kg
2017;11090;Chane Terminal Botlek B.V.;Botlek Rotterdam;Kooldioxide (CO2);32353718;kg
2017;11105;Heineken Netherlands Supply B.V., brouwerij Zoeterwoude;Zoeterwoude;Kooldioxide (CO2);69796899;kg
2017;11111;Ashland Industries Nederland B.V.;Zwijndrecht;Kooldioxide (CO2);18056800;kg
2017;11230;Damen Verolme BV;Botlek Rotterdam;Kooldioxide (CO2);1401631;kg
2017;11235;RZB Holding BV;Rotterdam;Kooldioxide (CO2);31615;kg
2017;11366;LANXESS Rotterdam Botlek;Botlek Rotterdam;Kooldioxide (CO2);78324032;kg
2017;11413;Damen Ship Repair Rotterdam (locatie Pernis);Pernis Rotterdam;Kooldioxide (CO2);405000;kg
2017;11532;Coatinc Alblasserdam BV;Alblasserdam;Kooldioxide (CO2);2285000;kg
2017;11658;Farm Frites BV;Oudenhoorn;Kooldioxide (CO2);32468022;kg
2017;12134;Archer Daniels Midland Europoort BV (ADM);Europoort Rotterdam;Kooldioxide (CO2);147130000;kg
2017;12135;ExxonMobil Chemical Holland BV (ROP van RPI);Europoort Rotterdam;Kooldioxide (CO2);60301919;kg
2017;12149;Uniper Benelux NV (Maasvlakte);Maasvlakte Rotterdam;Kooldioxide (CO2);7556851987;kg
2017;12150;Uniper Centrale RoCa;Rotterdam;Kooldioxide (CO2);296482535;kg
2017;12151;Uniper HWC Blekerstraat;Rotterdam;Kooldioxide (CO2);58059;kg
2017;12152;Uniper HWC Delftsevaart;Rotterdam;Kooldioxide (CO2);1129724;kg
2017;12157;HVC ZVI B.V.;Dordrecht;Kooldioxide (CO2);14427885;kg
2017;12158;HVC Slibverbrandingsinstallatie;Dordrecht;Kooldioxide (CO2);134000000;kg
2017;12162;Evos Rotterdam B.V.;Europoort Rotterdam;Kooldioxide (CO2);13935179;kg
2017;12163;EPS BV;Hendrik-Ido-Ambacht;Kooldioxide (CO2);597736;kg
2017;12166;TU Delft Warmtekrachtcentrale;Delft;Kooldioxide (CO2);16009719;kg
2017;12167;UZIMET BV;Rijswijk;Kooldioxide (CO2);708765;kg
2017;12168;INV NYLON CHEMICALS NETHERLANDS B.V.;Botlek Rotterdam;Kooldioxide (CO2);7605393;kg
2017;12170;FrieslandCampina Maasdam;Maasdam;Kooldioxide (CO2);5322307;kg
2017;12171;Zuivelfabriek De Graafstroom;Bleskensgraaf Ca;Kooldioxide (CO2);3879864;kg
2017;12172;Promelca B.V. (Gorinchem);Gorinchem;Kooldioxide (CO2);52130049;kg
2017;12174;Ducor Petrochemicals B.V.;Botlek Rotterdam;Kooldioxide (CO2);12940300;kg
2017;12175;Air Liquide Industrie BV;Botlek Rotterdam;Kooldioxide (CO2);641487987;kg
2017;12177;VPR Energy B.V.;Europoort Rotterdam;Kooldioxide (CO2);117141919;kg
2017;19004;ExxonMobil Chemical Holland BV (RPP van RPI);Botlek Rotterdam;Kooldioxide (CO2);43637700;kg
2017;19032;Janssen Biologics BV;Leiden;Kooldioxide (CO2);3550000;kg
2017;19048;Refresco Benelux BV;Bodegraven;Kooldioxide (CO2);4609984;kg
2017;19070;Indorama Ventures Europe BV;Europoort Rotterdam;Kooldioxide (CO2);87346000;kg
2017;19071;Shin-Etsu PVC BV (VCM Botlek);Botlek Rotterdam;Kooldioxide (CO2);101119400;kg
2017;19072;FrieslandCampina Nederland B.V.;Noordwijk;Kooldioxide (CO2);2202161;kg
2017;19073;Westlake Epoxy B.V.;Vondelingenplaat Rotterdam;Kooldioxide (CO2);43860171;kg
2017;21010;Sonneborn Refined Products BV (Amsterdam);Amsterdam;Kooldioxide (CO2);17987020;kg
2017;21011;Rütgers Resins B.V.;Uithoorn;Kooldioxide (CO2);4662000;kg
2017;21101;Ketjen Netherlands BV;Amsterdam;Kooldioxide (CO2);69428337;kg
2017;21102;ICL FERTILIZERS EUROPE C.V.;Amsterdam;Kooldioxide (CO2);12680000;kg
2017;21301;LANXESS Manufacturing Netherlands BV;Amsterdam;Kooldioxide (CO2);3648006;kg
2017;21302;Abbott Healthcare Products BV (Weesp);Weesp;Kooldioxide (CO2);11974000;kg
2017;21304;Givaudan Nederland B.V. (Naarden);Naarden;Kooldioxide (CO2);3435000;kg
2017;21403;Norit Nederland BV (Zaandam);Zaandam;Kooldioxide (CO2);34855376;kg
2017;21507;MAIN BV;Amsterdam;Kooldioxide (CO2);1620000;kg
2017;21528;N.V. Nederlandse Gasunie (Wieringermeer);Middenmeer;Kooldioxide (CO2);3771955;kg
2017;21529;Gasunie Transport Services B.V.;Heemskerk;Kooldioxide (CO2);749597;kg
2017;21530;OQ Chemicals Nederland BV;Amsterdam;Kooldioxide (CO2);3238334;kg
2017;22006;FrieslandCampina Nederland B.V. Lutjewinkel;Lutjewinkel;Kooldioxide (CO2);6106000;kg
2017;22012;CONO Kaasmakers (Middenbeemster);Westbeemster;Kooldioxide (CO2);8191139;kg
2017;22102;Bunge Loders Croklaan Worrmerveer;Wormerveer;Kooldioxide (CO2);18333406;kg
2017;22201;Olam Cocoa BV;Koog aan de Zaan;Kooldioxide (CO2);21570720;kg
2017;22209;Cargill Cocoa Wormer;Wormer;Kooldioxide (CO2);5840000;kg
2017;22602;Tate & Lyle Netherlands BV;Koog aan de Zaan;Kooldioxide (CO2);78400524;kg
2017;22617;Bunge Netherlands BV;Amsterdam;Kooldioxide (CO2);59840000;kg
2017;22626;Cargill BV (Multiseed);Amsterdam;Kooldioxide (CO2);31349210;kg
2017;23301;Tata Steel IJmuiden BV;Velsen-Noord;Kooldioxide (CO2);6934252682;kg
2017;24000;Vattenfall Power Generation B.V. (Hemweg);Amsterdam;Kooldioxide (CO2);3355643919;kg
2017;24002;Vattenfall Power Generation B.V. (Diemen);Diemen;Kooldioxide (CO2);1063219828;kg
2017;24003;Vattenfall Power Generation B.V. (Velsen);Velsen-Noord;Kooldioxide (CO2);3973511329;kg
2017;24302;Crown van Gelder International B.V.;Velsen-Noord;Kooldioxide (CO2);138330718;kg
2017;24605;Forbo Flooring BV;Assendelft;Kooldioxide (CO2);13441145;kg
2017;24606;BN International BV;Huizen;Kooldioxide (CO2);7243900;kg
2017;28070;Alpha Assembly Solutions Netherlands BV;Naarden;Kooldioxide (CO2);512000;kg
2017;28072;Quaker Chemical B.V. (A Quaker Houghton Company);Uithoorn;Kooldioxide (CO2);2218528;kg
2017;28085;AEB Amsterdam;Amsterdam;Kooldioxide (CO2);1535625261;kg
2017;28091;HVC N.V.;Alkmaar;Kooldioxide (CO2);1059989330;kg
2017;28094;Linde Gas IJmuiden;Velsen-Noord;Kooldioxide (CO2);3212000;kg
2017;28097;A-ware Zaandam BV;Zaandam;Kooldioxide (CO2);351322;kg
2017;28167;ADM WILD Netherlands B.V.;Amsterdam;Kooldioxide (CO2);1611;kg
2017;28175;Waeles Nederland BV;Nieuw-Vennep;Kooldioxide (CO2);185433;kg
2017;28176;Vattenfall Power Generation B.V. (IJmond 1);Velsen-Noord;Kooldioxide (CO2);1719252050;kg
2017;31311;CARBOGEN AMCIS B.V.;Veenendaal;Kooldioxide (CO2);2200000;kg
2017;33101;voestalpine Automotive Components Bunschoten B.V.;Bunschoten-Spakenburg;Kooldioxide (CO2);7252;kg
2017;33104;Trivium Aluminium Packaging Netherlands B.V.;Veenendaal;Kooldioxide (CO2);4690413;kg
2017;33414;IQatalyst B.V.;De Meern;Kooldioxide (CO2);7508542;kg
2017;34303;Remia CV;Den Dolder;Kooldioxide (CO2);5030000;kg
2017;38002;Stichting AL-terrein;Bilthoven;Kooldioxide (CO2);12604076;kg
2017;39103;Koninklijke ERU Kaasfabriek B.V.;Woerden;Kooldioxide (CO2);461173;kg
2017;39105;Vrumona;Bunnik;Kooldioxide (CO2);5760930;kg
2017;41003;Shell Nederland Chemie BV (Moerdijk);Moerdijk;Kooldioxide (CO2);2682820481;kg
2017;41101;SABIC Innovative Plastics BV;Bergen op Zoom;Kooldioxide (CO2);274437849;kg
2017;41102;Allnex Netherlands B.V.;Bergen op Zoom;Kooldioxide (CO2);9909695;kg
2017;41103;Synthos Breda BV;Breda;Kooldioxide (CO2);7179483;kg
2017;41106;IFF Nederland BV;Tilburg;Kooldioxide (CO2);8612831;kg
2017;41113;BEWI RAW BV;Etten-Leur;Kooldioxide (CO2);5049196;kg
2017;41307;Aspen Oss B.V.;Oss;Kooldioxide (CO2);18077987;kg
2017;41402;Trobas Gelatine B.V.;Dongen;Kooldioxide (CO2);8859671;kg
2017;41428;Covestro (Netherlands) B.V., vestiging Waalwijk;Waalwijk;Kooldioxide (CO2);4467703;kg
2017;41502;Ravenstein;Ravenstein;Kooldioxide (CO2);14631101;kg
2017;41521;Afvalstoffen Terminal Moerdijk BV (ATM);Moerdijk;Kooldioxide (CO2);324362109;kg
2017;42022;Nutricia Cuijk B.V.;Cuijk;Kooldioxide (CO2);3623369;kg
2017;42034;FrieslandCampina DMV B.V.;Veghel;Kooldioxide (CO2);110134000;kg
2017;42206;Mars Nederland BV;Veghel;Kooldioxide (CO2);11698000;kg
2017;42310;Cosun Beet Company-Dinteloord;Dinteloord;Kooldioxide (CO2);121218000;kg
2017;42408;Swinkels Family Brewers N.V.;Lieshout;Kooldioxide (CO2);45962000;kg
2017;42410;Heineken Netherlands Supply B.V. (Den Bosch);'s-Hertogenbosch;Kooldioxide (CO2);23330361;kg
2017;42411;Coca Cola Europacific Partners BV;Dongen;Kooldioxide (CO2);2613637;kg
2017;42629;Cargill BV;Bergen op Zoom;Kooldioxide (CO2);72615273;kg
2017;42823;Zwanenberg Food Oss b.v.;Oss;Kooldioxide (CO2);11005000;kg
2017;42834;Rendac Son BV;Son en Breugel;Kooldioxide (CO2);78779546;kg
2017;43002;Mannesmann Precision Tubes Netherlands BV;Helmond;Kooldioxide (CO2);1756867;kg
2017;43003;Tata Steel Nederland Tubes BV locatie Oosterhout;Oosterhout;Kooldioxide (CO2);2005000;kg
2017;43013;Nyrstar Budel BV;Budel-Dorplein;Kooldioxide (CO2);29738782;kg
2017;43024;Nedschroef Helmond BV;Helmond;Kooldioxide (CO2);7335117;kg
2017;43135;Ahrend Produktiebedrijf Sint-Oedenrode BV;Sint-Oedenrode;Kooldioxide (CO2);1470850;kg
2017;43139;Ardagh Metal Packaging Netherlands B.V.;Oss;Kooldioxide (CO2);741521;kg
2017;43205;Coatinc West Brabant BV;Oudenbosch;Kooldioxide (CO2);276000;kg
2017;43210;Aalberts Surface Technologies BV;Eindhoven;Kooldioxide (CO2);792979;kg
2017;43216;SPGPrints;Boxmeer;Kooldioxide (CO2);3103920;kg
2017;43400;GTO Plating BV;'s-Hertogenbosch;Kooldioxide (CO2);245106;kg
2017;43403;DAF Trucks N.V.;Eindhoven;Kooldioxide (CO2);27371000;kg
2017;43513;LDM b.v.;Drunen;Kooldioxide (CO2);1785454;kg
2017;43856;Hydro Extrusion Drunen;Drunen;Kooldioxide (CO2);11585091;kg
2017;43869;Efté Coating BV;Eindhoven;Kooldioxide (CO2);681197;kg
2017;44004;Amer Centrale;Geertruidenberg;Kooldioxide (CO2);3635440000;kg
2017;44006;RWZI Oijen (Waterschap Aa en Maas);Oijen;Kooldioxide (CO2);5580540;kg
2017;44007;PreZero Energy Roosendaal B.V.;Roosendaal;Kooldioxide (CO2);346177239;kg
2017;44008;Ennatuurlijk BV, WKC Helmond;Helmond;Kooldioxide (CO2);59534359;kg
2017;44009;BV Afvalverbranding Zuid Nederland (AZN);Moerdijk;Kooldioxide (CO2);1018487000;kg
2017;44162;Vlisco Netherlands BV;Helmond;Kooldioxide (CO2);20551673;kg
2017;44301;Saica Flex Netherlands B.V.;Etten-Leur;Kooldioxide (CO2);1874058;kg
2017;44709;Steenfabriek Engels Oeffelt BV;Oeffelt;Kooldioxide (CO2);14909346;kg
2017;44772;Ardagh Glass Dongen BV;Dongen;Kooldioxide (CO2);92464360;kg
2017;44773;Saint Gobain Construction Products NL BV;Etten-Leur;Kooldioxide (CO2);48354438;kg
2017;45669;Caligen Europe BV;Breda;Kooldioxide (CO2);378200;kg
2017;47001;Slibverwerking Noord-Brabant NV;Moerdijk;Kooldioxide (CO2);151839000;kg
2017;48002;Unipol Holland BV;Oss;Kooldioxide (CO2);5835032;kg
2017;48018;FUJIFILM Manufacturing Europe B.V.;Tilburg;Kooldioxide (CO2);35764839;kg
2017;48022;Dr. W. Kolb Nederland BV;Klundert;Kooldioxide (CO2);2682187;kg
2017;48023;FrieslandCampina Rijkevoort (Holland Cheese);Rijkevoort;Kooldioxide (CO2);8233000;kg
2017;48024;Essity Operations Cuijk B.V.;Katwijk NB;Kooldioxide (CO2);20564624;kg
2017;48031;FrieslandCampina Butter & Milkpowder - Den Bosch;'s-Hertogenbosch;Kooldioxide (CO2);3075260;kg
2017;48051;KBM Master Alloys BV (Oss);Oss;Kooldioxide (CO2);877969;kg
2017;48054;Van Swaay Duurzaam Hout Schijndel;Schijndel;Kooldioxide (CO2);288000;kg
2017;48061;Verzinkerij Meerveldhoven BV;Veldhoven;Kooldioxide (CO2);2070000;kg
2017;48067;Remat Chemie BV;Helmond;Kooldioxide (CO2);1058;kg
2017;48073;Nedzink BV;Budel-Dorplein;Kooldioxide (CO2);1105600;kg
2017;48084;Ennatuurlijk BV, WKC Eindhoven;Eindhoven;Kooldioxide (CO2);6835744;kg
2017;48113;Keizersberg Diervoeders Elsendorp B.V.;Milheeze;Kooldioxide (CO2);70312;kg
2017;48132;Pali Geldrop BV;Geldrop;Kooldioxide (CO2);1469816;kg
2017;48177;Peka Kroef B.V. Odiliapeel;Odiliapeel;Kooldioxide (CO2);10304950;kg
2017;49006;WKC Moerdijk;Moerdijk;Kooldioxide (CO2);1221457188;kg
2017;49010;Basell Benelux B.V.;Moerdijk;Kooldioxide (CO2);10063200;kg
2017;49013;Ardagh Glass Moerdijk BV;Moerdijk;Kooldioxide (CO2);60786846;kg
2017;49016;BECC B.V.;Katwijk NB;Kooldioxide (CO2);120664342;kg
2017;49026;Attero B.V. locatie Tilburg (Spinder);Tilburg;Kooldioxide (CO2);5847620;kg
2017;49033;Agristo Tilburg BV;Tilburg;Kooldioxide (CO2);37670651;kg
2017;51101;Synthomer Middelburg BV;Middelburg;Kooldioxide (CO2);66217400;kg
2017;51102;Rosier Nederland B.V.;Sas Van GEnt;Kooldioxide (CO2);16390169;kg
2017;51104;Dow Benelux BV (Hoek);Hoek;Kooldioxide (CO2);2582444526;kg
2017;51105;YARA Sluiskil BV;Sluiskil;Kooldioxide (CO2);3584731172;kg
2017;51107;ARKEMA B.V. location Vlissingen;Vlissingen;Kooldioxide (CO2);4828040;kg
2017;51404;ICL-IP Terneuzen BV;Terneuzen;Kooldioxide (CO2);1812314;kg
2017;51501;Zeeland Refinery N.V.;Nieuwdorp;Kooldioxide (CO2);1600644436;kg
2017;52612;Cargill Benelux BV;Sas Van GEnt;Kooldioxide (CO2);237925170;kg
2017;52615;Koninklijke Zeelandia;Zierikzee;Kooldioxide (CO2);1602298;kg
2017;53129;Damen Schelde Naval Shipbuilding B.V. en Damen Shiprepair Vlissingen B.V.;Ritthem;Kooldioxide (CO2);2863164;kg
2017;53504;Zeeland Aluminium Company (Zalco BV);Vlissingen;Kooldioxide (CO2);15945501;kg
2017;56118;Stepan Nederland BV;Ritthem;Kooldioxide (CO2);3866382;kg
2017;56123;Stortplaats Koegorspolder BV (OLAZ);Terneuzen;Kooldioxide (CO2);1380096;kg
2017;56125;Stortplaats Noord- en Midden-Zeeland BV (OLAZ);Nieuwdorp;Kooldioxide (CO2);8396848;kg
2017;61213;PPG Coatings B.V.;Tiel;Kooldioxide (CO2);1279862;kg
2017;61407;SABA Dinxperlo BV;Dinxperlo;Kooldioxide (CO2);377000;kg
2017;61411;Sonac Vuren BV;Vuren;Kooldioxide (CO2);35134479;kg
2017;61418;SACHEM Europe BV;Zaltbommel;Kooldioxide (CO2);3716924;kg
2017;61424;Veolia Industriediensten BV;Arnhem;Kooldioxide (CO2);19274458;kg
2017;61436;Givaudan Nederland BV (Barneveld);Barneveld;Kooldioxide (CO2);745000;kg
2017;61517;Gasunie Zweekhorst;Zevenaar;Kooldioxide (CO2);2289568;kg
2017;62009;FrieslandCampina Butter&Milkpowder (Lochem);Lochem;Kooldioxide (CO2);39866871;kg
2017;62010;Nestlé Nederland BV (Nunspeet);Nunspeet;Kooldioxide (CO2);16250057;kg
2017;62013;FrieslandCampina Steenderen;Steenderen;Kooldioxide (CO2);4370000;kg
2017;62025;FrieslandCampina (Borculo);Borculo;Kooldioxide (CO2);31750443;kg
2017;62031;Arla Foods BV;Nijkerk;Kooldioxide (CO2);8543393;kg
2017;62108;Polskamp BV;Ermelo;Kooldioxide (CO2);1207350;kg
2017;62406;Riedel BV;Ede;Kooldioxide (CO2);1899526;kg
2017;62509;H.J. Heinz Holding BV;Elst;Kooldioxide (CO2);6020821;kg
2017;62512;Struik Foods Netherlands;Nijkerk;Kooldioxide (CO2);5046639;kg
2017;62802;Ekro BV;Apeldoorn;Kooldioxide (CO2);1060517;kg
2017;62806;VION Apeldoorn b.v.;Apeldoorn;Kooldioxide (CO2);2921301;kg
2017;62812;Compaxo Vlees Zevenaar BV;Zevenaar;Kooldioxide (CO2);2940000;kg
2017;62849;Gecombineerde Pluimvee Slachterijen (G.P.S.);Nunspeet;Kooldioxide (CO2);3238435;kg
2017;62852;Pluimveeslachterij Van den Bor BV;Nijkerkerveen;Kooldioxide (CO2);1355443;kg
2017;62915;Nederlandse Industrie van Eiprodukten (NIVE) BV;Nunspeet;Kooldioxide (CO2);5412032;kg
2017;62925;Aviko BV;Steenderen;Kooldioxide (CO2);66220000;kg
2017;62928;CelaVita Foods b.v.;Wezep;Kooldioxide (CO2);6517000;kg
2017;63012;KME Netherlands B.V.;Zutphen;Kooldioxide (CO2);5418659;kg
2017;63399;Scheepswerf De Hoop BV;Tolkamer;Kooldioxide (CO2);331474;kg
2017;63504;Gieterij Doesburg BV;Doesburg;Kooldioxide (CO2);930847;kg
2017;63505;Vulcanus Castings BV;Doetinchem;Kooldioxide (CO2);9351116;kg
2017;63508;Nijmeegsche IJzergieterij BV;Nijmegen;Kooldioxide (CO2);3600353;kg
2017;63509;LF Casting B.V.;Terborg;Kooldioxide (CO2);1373983;kg
2017;63643;Veco B.V.;Eerbeek;Kooldioxide (CO2);914000;kg
2017;63669;Coatinc Anox bv.;Scherpenzeel;Kooldioxide (CO2);88500;kg
2017;64004;AVR Afvalverwerking BV (Duiven);Duiven;Kooldioxide (CO2);543249000;kg
2017;64005;ARN B.V.;Weurt;Kooldioxide (CO2);342987638;kg
2017;64134;Sonac Loenen BV;Loenen;Kooldioxide (CO2);4280000;kg
2017;64304;Papierfabriek Doetinchem bv;Doetinchem;Kooldioxide (CO2);21559164;kg
2017;64328;Koninklijke VIVBuisman B.V.;Zelhem;Kooldioxide (CO2);2557304;kg
2017;64335;DS Smith De Hoop B.V.;Eerbeek;Kooldioxide (CO2);170927887;kg
2017;64345;Folding Boxboard Eerbeek bv;Eerbeek;Kooldioxide (CO2);59442720;kg
2017;64354;VHP Security Paper B.V.;Ugchelen;Kooldioxide (CO2);4323000;kg
2017;64360;Smurfit Westrock Parenco B.V.;Renkum;Kooldioxide (CO2);226315204;kg
2017;64633;Aquinos BV (Kesteren);Kesteren;Kooldioxide (CO2);2139007;kg
2017;64641;Kamp Coating Apeldoorn BV;Apeldoorn;Kooldioxide (CO2);963642;kg
2017;64701;Steenfabriek De Rijswaard BV;Aalst;Kooldioxide (CO2);32217600;kg
2017;64703;B.V. Steenfabriek Huissenswaard;Angeren;Kooldioxide (CO2);19307964;kg
2017;64713;Wienerberger Steenfabriek Schipperswaard;Echteld;Kooldioxide (CO2);7911270;kg
2017;64715;Wienerberger BV Steenfabriek Erlecom;Erlecom;Kooldioxide (CO2);15012000;kg
2017;64718;Rodruza Steenfabriek de Zandberg;Gendt;Kooldioxide (CO2);13801000;kg
2017;64719;Wienerberger Steenfabriek Haaften;Haaften;Kooldioxide (CO2);13612490;kg
2017;64725;Wienerberger Steenfabriek Heteren;Heteren;Kooldioxide (CO2);8874000;kg
2017;64740;Wienerberger Steenfabriek Wolfswaard;Opheusden;Kooldioxide (CO2);14925000;kg
2017;64741;Wienerberger Steenfabriek Kijfwaard Oost;Pannerden;Kooldioxide (CO2);12217000;kg
2017;64744;Steenfabriek Rossum B.V.;Rossum;Kooldioxide (CO2);15570800;kg
2017;64748;Steenfabriek Spijk BV;Spijk;Kooldioxide (CO2);25447000;kg
2017;64749;Steenfabriek Tolkamer BV;Tolkamer;Kooldioxide (CO2);33493000;kg
2017;64756;Wienerberger Steenfabriek De Vlijt;Winterswijk;Kooldioxide (CO2);9145000;kg
2017;64759;Steenfabriek Zennewijnen;Zennewijnen;Kooldioxide (CO2);14913220;kg
2017;65735;Steenfabriek Vogelensangh B.V.;Deest;Kooldioxide (CO2);3631610;kg
2017;65777;Wienerberger Steenfabriek Kijfwaard West;Pannerden;Kooldioxide (CO2);23357000;kg
2017;66001;Sibelco Winterswijk;Winterswijk;Kooldioxide (CO2);4656651;kg
2017;66201;Coldenhove Paper B.V.;Eerbeek;Kooldioxide (CO2);9636880;kg
2017;66206;TANATEX Chemicals BV;Ede;Kooldioxide (CO2);713320;kg
2017;66209;Van Voorden Gieterijen B.V.;Zaltbommel;Kooldioxide (CO2);462000;kg
2017;66220;Smart Packaging Solutions B.V.;Loenen;Kooldioxide (CO2);13131113;kg
2017;66224;Wienerberger Dakpannenfabriek Narvik Deest;Deest;Kooldioxide (CO2);7754000;kg
2017;66231;Attero B.V. Locatie Wilp (VAR);Wilp;Kooldioxide (CO2);5463063;kg
2017;66239;Mead Johnson B.V.;Nijmegen;Kooldioxide (CO2);8449364;kg
2017;66244;Color Coating BV;Apeldoorn;Kooldioxide (CO2);425512;kg
2017;66248;Loparex BV;Apeldoorn;Kooldioxide (CO2);6425000;kg
2017;66253;Stichting Mestverwerking Gelderland SMG (KGBI Stroe);Stroe;Kooldioxide (CO2);3690970;kg
2017;66323;Stichting Mestverwerking Gelderland SMG (KGBI Ede);Ede;Kooldioxide (CO2);3623840;kg
2017;66325;Stichting Mestverwerking Gelderland SMG (KGBI Elspeet);Elspeet;Kooldioxide (CO2);3593370;kg
2017;66326;Stichting Mestverwerking Gelderland SMG (KGBI Putten);Putten;Kooldioxide (CO2);3501810;kg
2017;66355;PFW Aroma ingredients bv;Barneveld;Kooldioxide (CO2);1040000;kg
2017;69030;Storteboom Fresh BV (Putten);Putten;Kooldioxide (CO2);3679528;kg
2017;69033;Vika BV;Ede;Kooldioxide (CO2);2106920;kg
2017;69057;Rotocoat Dieren BV;Spankeren;Kooldioxide (CO2);1156308;kg
2017;71102;KLK Kolb Specialties B.V.;Delden;Kooldioxide (CO2);5234500;kg
2017;71103;Nouryon Functional Chemicals;Deventer;Kooldioxide (CO2);8224565;kg
2017;71105;Nobian Chemicals BV (Hengelo);Hengelo;Kooldioxide (CO2);297801000;kg
2017;71514;Gasunie Vilsteren / Ommen;Vilsteren;Kooldioxide (CO2);12152030;kg
2017;72016;Royal Lactalis Leerdammer BV (Dalfsen);Dalfsen;Kooldioxide (CO2);5635885;kg
2017;72024;Ausnutria Kampen BV;Kampen;Kooldioxide (CO2);14936686;kg
2017;72027;Ausnutria Ommen B.V.;Ommen;Kooldioxide (CO2);4480000;kg
2017;72914;Abbott Laboratories B.V.;Zwolle;Kooldioxide (CO2);15669886;kg
2017;73239;Scania Production Zwolle BV;Zwolle;Kooldioxide (CO2);2170000;kg
2017;74003;Centrale Harculo;Zwolle;Kooldioxide (CO2);46776;kg
2017;74005;Ennatuurlijk BV, WKC Enschede;Enschede;Kooldioxide (CO2);229013;kg
2017;74120;Ten Cate Protect B.V.;Nijverdal;Kooldioxide (CO2);2238000;kg
2017;74154;TenCate Outdoor Fabrics BV;Nijverdal;Kooldioxide (CO2);3061000;kg
2017;74321;SARPI Netherlands B.V.;Almelo;Kooldioxide (CO2);856646;kg
2017;74652;Krehalon B.V.;Deventer;Kooldioxide (CO2);2082884;kg
2017;75305;locatie Boeldershoek;Hengelo;Kooldioxide (CO2);909633408;kg
2017;75315;locatie Elhorst Vloedbelt;Zenderen;Kooldioxide (CO2);1165822;kg
2017;75331;Zwanenberg Food Group B.V.;Almelo;Kooldioxide (CO2);2690288;kg
2017;75342;FrieslandCampina Balkbrug;Balkbrug;Kooldioxide (CO2);8710000;kg
2017;75349;CZ Rouveen kaasspecialiteiten;Rouveen;Kooldioxide (CO2);3263795;kg
2017;81103;Norit Nederland B.V.;Klazienaveen;Kooldioxide (CO2);90418000;kg
2017;81104;DOC Kaas (Zuivelfabriek);Hoogeveen;Kooldioxide (CO2);6133000;kg
2017;81202;AOC Nederland BV (Schoonebeek);Zandpol;Kooldioxide (CO2);5496000;kg
2017;82002;FrieslandCampina Domo B.V. (Beilen);Beilen;Kooldioxide (CO2);53663583;kg
2017;82603;Avebe u.a. (Gasselternijveen);Gasselternijveen;Kooldioxide (CO2);81879938;kg
2017;83501;2 RG;Klazienaveen;Kooldioxide (CO2);5693429;kg
2017;84808;SOLIDUS SOLUTIONS Board B.V. Coevorden;Coevorden;Kooldioxide (CO2);14822531;kg
2017;84999;FrieslandCampina Kievit (Meppel);Meppel;Kooldioxide (CO2);19648363;kg
2017;85002;Attero BV;Wijster;Kooldioxide (CO2);575591412;kg
2017;85003;Envalior Engineering Materials B.V.;Emmen;Kooldioxide (CO2);5460000;kg
2017;91505;N.V. Nederlandse Gasunie - compressorstation Aldeboarn;Aldeboarn;Kooldioxide (CO2);133408;kg
2017;92001;FrieslandCampina Cheese Gerkesklooster;Gerkesklooster;Kooldioxide (CO2);14611897;kg
2017;92004;Hochwald Foods Nederland BV;Bolsward;Kooldioxide (CO2);8644046;kg
2017;92008;Phoenix BV;Scharsterbrug;Kooldioxide (CO2);19499214;kg
2017;92012;FrieslandCampina (Leeuwarden);Leeuwarden;Kooldioxide (CO2);58163042;kg
2017;92015;FrieslandCampina Dronrijp;Dronryp;Kooldioxide (CO2);7019325;kg
2017;92030;FrieslandCampina (Workum);Workum;Kooldioxide (CO2);26855207;kg
2017;92615;Sonac Burgum BV;Sumar;Kooldioxide (CO2);46583249;kg
2017;93604;Nederlandse Onttinningsfabriek BV;Leeuwarden;Kooldioxide (CO2);895000;kg
2017;94003;Centrale Bergum;Burgum;Kooldioxide (CO2);3354595;kg
2017;94301;Huhtamaki Nederland B.V.;Franeker;Kooldioxide (CO2);13943019;kg
2017;94607;Trioworld Harlingen;Harlingen;Kooldioxide (CO2);24000;kg
2017;94706;BASF Nederland B.V.;Heerenveen;Kooldioxide (CO2);2437825;kg
2017;95000;Tyson Foods Oosterwolde BV;Oosterwolde;Kooldioxide (CO2);1807900;kg
2017;95003;Lamb Weston / Meyer VOF (Klooster Lidlum);Klooster Lidlum;Kooldioxide (CO2);13271000;kg
2017;99011;Sonac Harlingen BV;Harlingen;Kooldioxide (CO2);1600000;kg
2017;101103;BioMCN B.V.;Farmsum;Kooldioxide (CO2);353725472;kg
2017;101104;Dow Benelux B.V.;Delfzijl;Kooldioxide (CO2);11618097;kg
2017;101105;P.Q. Silicas B.V.;Winschoten;Kooldioxide (CO2);17156189;kg
2017;101108;Qemetica NL Silica bv;Delfzijl;Kooldioxide (CO2);46276000;kg
2017;101404;Delamine B.V.;Farmsum;Kooldioxide (CO2);1798874;kg
2017;101405;Electric Glass Fiber NL, B.V.;Westerbroek;Kooldioxide (CO2);38785085;kg
2017;101407;Zeolyst CV;Farmsum;Kooldioxide (CO2);7111521;kg
2017;101408;Nedmag B.V.;Veendam;Kooldioxide (CO2);89063653;kg
2017;101515;Gasunie Transport Services B.V. - compressorstation Spijk;Eemshaven;Kooldioxide (CO2);800900;kg
2017;102001;FrieslandCampina Nederland B.V.;Bedum;Kooldioxide (CO2);40351171;kg
2017;102008;Plixxent B.V.;Foxhol;Kooldioxide (CO2);94522;kg
2017;102302;Cosun Beet Company-Vierverlaten;Groningen;Kooldioxide (CO2);128594000;kg
2017;102504;Rixona BV;Warffum;Kooldioxide (CO2);17894864;kg
2017;102620;Coöperatie AVEBE U.A.;Ter Apelkanaal;Kooldioxide (CO2);116652083;kg
2017;102621;Avebe u.a. (Foxhol);Foxhol;Kooldioxide (CO2);15174385;kg
2017;103009;KBM Master Alloys B.V.;Delfzijl;Kooldioxide (CO2);5013684;kg
2017;103010;DAMCO Aluminium Delfzijl Coöperatie U.A.;Farmsum;Kooldioxide (CO2);53634301;kg
2017;104001;ENGIE Energie Nederland NV;Eemshaven;Kooldioxide (CO2);1966311876;kg
2017;104003;Delesto B.V.;Farmsum;Kooldioxide (CO2);467590253;kg
2017;104302;Solidus Solutions Board Groningen-Hoogkerk;Groningen;Kooldioxide (CO2);16172000;kg
2017;104304;Eska B.V.;Hoogezand;Kooldioxide (CO2);56274305;kg
2017;104305;Eska B.V.;Sappemeer;Kooldioxide (CO2);33798607;kg
2017;104307;Solidus Board Bad Nieuweschans B.V.;Bad Nieuweschans;Kooldioxide (CO2);46409630;kg
2017;104511;Gasunie mengstation Kootstertille (FR);Kootstertille;Kooldioxide (CO2);7408;kg
2017;104520;Ecopark De Wierde;Heerenveen;Kooldioxide (CO2);3048700;kg
2017;104521;FrieslandCampina Wolvega;Wolvega;Kooldioxide (CO2);449000;kg
2017;104611;Adapa the Netherlands BV;Leek;Kooldioxide (CO2);2128420;kg
2017;104710;ESD-SIC BV;Farmsum;Kooldioxide (CO2);143133662;kg
2017;104756;Steenindustrie Strating BV;Oude Pekela;Kooldioxide (CO2);4832000;kg
2017;105001;ChemCom Industries BV;Farmsum;Kooldioxide (CO2);7607002;kg
2017;105004;Teijin Aramid B.V.;Farmsum;Kooldioxide (CO2);18417000;kg
2017;105007;FrieslandCampina Nederland B.V.;Marum;Kooldioxide (CO2);9091724;kg
2017;105008;Hydro Extrusion Hoogezand B.V.;Hoogezand;Kooldioxide (CO2);3365563;kg
2017;105016;Nobian Industrial Chemicals B.V. - SSC (Shared Service Center);Farmsum;Kooldioxide (CO2);3247637;kg
2017;105027;Kisuma Chemicals BV;Veendam;Kooldioxide (CO2);14612869;kg
2017;105029;Storteboom Foodgroup Kornhorn;Kornhorn;Kooldioxide (CO2);2443967;kg
2017;114001;Maxima-centrale;Lelystad;Kooldioxide (CO2);1164622951;kg
2017;114002;Vattenfall Power Generation B.V. (HWC Hogering/WKC Almere);Almere;Kooldioxide (CO2);12947809;kg
2017;114709;McCain Foods Holland BV (Lelystad);Lelystad;Kooldioxide (CO2);29096620;kg
2017;114711;Yakult Nederland BV;Almere;Kooldioxide (CO2);1337224;kg
2017;114720;Sonac Almere BV;Almere;Kooldioxide (CO2);5366347;kg
2017;114721;Alphen;Alphen;Kooldioxide (CO2);29404;kg
2017;114722;Waterschap Noorderzijlvest - RWZI Garmerwolde;Garmerwolde;Kooldioxide (CO2);16431208;kg
2017;114723;RWZI Harderwijk;Harderwijk;Kooldioxide (CO2);8986651;kg
2017;114724;RWZI Apeldoorn;Apeldoorn;Kooldioxide (CO2);19648281;kg
2017;114725;RWZI Ede;Ede;Kooldioxide (CO2);8773279;kg
2017;114726;RWZI Nieuwgraaf (Waterschap Rijn en IJssel);Duiven;Kooldioxide (CO2);6855058;kg
2017;114727;RWZI Nijmegen (Waterschap Rivierenland);Weurt;Kooldioxide (CO2);14165129;kg
2017;114728;RWZI Nieuwveer;Breda;Kooldioxide (CO2);11210068;kg
2017;114729;RWZI Aarle-Rixtel (Waterschap Aa en Maas);Aarle-Rixtel;Kooldioxide (CO2);8040271;kg
2017;114730;RWZI Eindhoven (Waterschap De Dommel);Eindhoven;Kooldioxide (CO2);13858768;kg
2017;114731;RWZI Utrecht (Hoogheemraadschap de Stichtse Rijnlanden);Utrecht;Kooldioxide (CO2);10690389;kg
2017;114732;RWZI Venlo;Venlo;Kooldioxide (CO2);10523578;kg
2017;114733;RWZI Hoensbroek;Hoensbroek;Kooldioxide (CO2);3072981;kg
2017;114734;RWZI Enschede;Enschede;Kooldioxide (CO2);12306234;kg
2017;114735;AWZI De Groote Lucht (Hoogheemraadschap van Delfland);Vlaardingen;Kooldioxide (CO2);6219284;kg
2017;114736;RWZI Dokhaven en Slibverwerkingsinstallatie Sluisjesdijk;Rotterdam;Kooldioxide (CO2);13139654;kg
2017;114737;AWZI Kralingseveer (Hoogheemraadschap van Schieland);Capelle aan den Ijssel;Kooldioxide (CO2);10812436;kg
2017;114740;RWZI Susteren;Susteren;Kooldioxide (CO2);16007623;kg
2017;114741;RWZI Amersfoort;Amersfoort;Kooldioxide (CO2);10089770;kg
2017;114743;RWZI Dinther (Waterschap Aa en Maas);Heeswijk-Dinther;Kooldioxide (CO2);4542690;kg
2017;114744;Elsta P&U;Hoek;Kooldioxide (CO2);1358100900;kg
2017;114747;PeakShaver Maasvlakte;Maasvlakte Rotterdam;Kooldioxide (CO2);2690369;kg
2017;114757;Eurogen CV;Botlek Rotterdam;Kooldioxide (CO2);240647000;kg
2017;114758;Farm Dairy BV;Lelystad;Kooldioxide (CO2);1853147;kg
2017;114767;AWZI Houtrust (Hoogheemraadschap van Delfland);'s-Gravenhage;Kooldioxide (CO2);9846156;kg
2017;114785;Smilde Foods BV(Heerenveen);Heerenveen;Kooldioxide (CO2);1762300;kg
2017;114802;Renewi Smink Amersfoort;Hoogland;Kooldioxide (CO2);6236950;kg
2017;114804;Vleeswarenfabriek Persoon BV;Lisse;Kooldioxide (CO2);705000;kg
2017;114814;Recycling Kombinatie REKO B.V.;Vondelingenplaat Rotterdam;Kooldioxide (CO2);20234481;kg
2017;115036;LyondellBasell Covestro Manufacturing Maasvlakte VOF;Maasvlakte Rotterdam;Kooldioxide (CO2);11888410;kg
2017;115037;Teijin Aramid BV (Arnhem);Arnhem;Kooldioxide (CO2);822000;kg
2017;115049;Holonite BV (Tholen);Tholen;Kooldioxide (CO2);115000;kg
2017;115063;Eagle Simrax BV;Kerkrade;Kooldioxide (CO2);281000;kg
2017;115066;Trespa International BV;Weert;Kooldioxide (CO2);27013618;kg
2017;115072;Seasun;Kapelle;Kooldioxide (CO2);32169000;kg
2017;115085;Enecal Energy VOF;Botlek Rotterdam;Kooldioxide (CO2);56140000;kg
2017;115143;FrieslandCampina Cheese BV (Leerdam);Leerdam;Kooldioxide (CO2);75970;kg
2017;115180;apt Extrusions B.V.;Roermond;Kooldioxide (CO2);4214251;kg
2017;115181;EP NL Rijnmond 1 B.V.;Vondelingenplaat Rotterdam;Kooldioxide (CO2);521436000;kg
2017;115184;RWZI Land van Cuijk (Waterschap Aa en Maas);Haps;Kooldioxide (CO2);6311887;kg
2017;115185;DOC Kaas (Zuivelpark);Hoogeveen;Kooldioxide (CO2);46005528;kg
2017;115186;Yara Vlaardingen BV;Vlaardingen;Kooldioxide (CO2);393749;kg
2017;200002;A. van de Groep en Zonen BV;Bunschoten-Spakenburg;Kooldioxide (CO2);3306000;kg
2017;200131;Hak BV;Giessen;Kooldioxide (CO2);5407612;kg
2017;200141;BV Steenfabriek Hedikhuizen;Heusden;Kooldioxide (CO2);13420000;kg
2017;200188;Kriek Poedercoaten B.V.;Alphen aan den Rijn;Kooldioxide (CO2);365800;kg
2017;200228;Gouda Refractories BV;Gouda;Kooldioxide (CO2);9012000;kg
2017;200286;Wienerberger Steenfabriek Azewijn;Azewijn;Kooldioxide (CO2);19781000;kg
2017;200287;Steenfabriek Engels Helden BV;Panningen;Kooldioxide (CO2);18198029;kg
2017;200292;T. Boer & zn.;Nieuwerkerk aan den Ijssel;Kooldioxide (CO2);615000;kg
2017;200312;Vloertegelfabriek Koninklijke Mosa BV;Maastricht;Kooldioxide (CO2);12368500;kg
2017;200314;Supply Point Cuijk BV;Katwijk;Kooldioxide (CO2);288768;kg
2017;200333;Wienerberger Steenfabriek Bemmel;Haalderen;Kooldioxide (CO2);5403000;kg
2017;200355;Dakpanfabriek Narvik Tegelen (Wienberger BV);Tegelen;Kooldioxide (CO2);9171000;kg
2017;200376;Wienerberger Dakpanfabriek Janssen-Dings;Tegelen;Kooldioxide (CO2);11818000;kg
2017;200377;Monier BV (Tegelen);Tegelen;Kooldioxide (CO2);10676000;kg
2017;200407;COATEX Netherlands BV;Moerdijk;Kooldioxide (CO2);852910;kg
2017;200420;Roba Metals B.V.;Farmsum;Kooldioxide (CO2);5466248;kg
2017;200436;Afvalberging Derde Merwedehaven;Dordrecht;Kooldioxide (CO2);8357173;kg
2017;200441;Amcor Specialty Cartons Brabant BV;Bergen op Zoom;Kooldioxide (CO2);982513;kg
2017;200450;Avri;Geldermalsen;Kooldioxide (CO2);731049;kg
2017;200451;Main B.V. (Jan van Riebeeckhavenweg);Amsterdam;Kooldioxide (CO2);227000;kg
2017;200464;Baggerspeciedepot IJsseloog;Dronten;Kooldioxide (CO2);416896;kg
2017;200480;Bostik Nederland B.V.;Roosendaal;Kooldioxide (CO2);1158000;kg
2017;200482;locatie Braambergen (Almere);Almere;Kooldioxide (CO2);1260978;kg
2017;200490;LOA Deege;Klundert;Kooldioxide (CO2);374000;kg
2017;200493;Attero B.V. locatie Bergen op Zoom (Kragge);Bergen op Zoom;Kooldioxide (CO2);5234900;kg
2017;200508;Uniper HWC Bezuidenhout-West;'s-Gravenhage;Kooldioxide (CO2);4855000;kg
2017;200512;ESA BV;Apeldoorn;Kooldioxide (CO2);426000;kg
2017;200516;Attero B.V.  locatie Montfort;Montfort;Kooldioxide (CO2);3117118;kg
2017;200518;Attero B.V. Locatie Weert;Weert;Kooldioxide (CO2);736210;kg
2017;200520;Attero B.V. locatie Schinnen;Schinnen;Kooldioxide (CO2);2200746;kg
2017;200526;Exportslachterij Clazing BV;Zevenhuizen;Kooldioxide (CO2);2500000;kg
2017;200537;Cargill Cocao Aurora;Zaandam;Kooldioxide (CO2);14627190;kg
2017;200538;GMB BioEnergie Zutphen BV;Zutphen;Kooldioxide (CO2);28956840;kg
2017;200551;Heiploeg International BV;Zoutkamp;Kooldioxide (CO2);2526003;kg
2017;200582;Südpack  Grootegast B.V.;Grootegast;Kooldioxide (CO2);1974000;kg
2017;200587;Martens Havenontvangstinstallatie Vlissingen BV;Nieuwdorp;Kooldioxide (CO2);31900;kg
2017;200606;Theo Pouw Secundaire Bouwstoffen B.V.;Eemshaven;Kooldioxide (CO2);98814600;kg
2017;200610;Radboudumc & Radboud Universiteit Nijmegen;Nijmegen;Kooldioxide (CO2);18720900;kg
2017;200618;ROVA Afvalverwerkingslocatie Bovenveld;Rheezerveen;Kooldioxide (CO2);491000;kg
2017;200640;Exportslachterij J. Gosschalk & Zn. BV;Epe;Kooldioxide (CO2);1880444;kg
2017;200653;Saturn Petcare;Hattem;Kooldioxide (CO2);5764000;kg
2017;200664;Handelsonderneming A. Smit & Zoon BV;Amersfoort;Kooldioxide (CO2);2921484;kg
2017;200683;Theo Pouw Beheer BV;Utrecht;Kooldioxide (CO2);133154;kg
2017;200702;Renewi Nieuwegein;Nieuwegein;Kooldioxide (CO2);240276;kg
2017;200719;Wuppermann Staal Nederland BV;Moerdijk;Kooldioxide (CO2);2397990;kg
2017;200758;Lubrizol Advanced Materials Resins BV;Farmsum;Kooldioxide (CO2);370000;kg
2017;200781;FNsteel BV;Alblasserdam;Kooldioxide (CO2);21082892;kg
2017;201012;Renewi Nederland B.V. - Drachten-De Lier;Drachten;Kooldioxide (CO2);503201;kg
2017;201043;REMONDIS PMR B.V.;Moerdijk;Kooldioxide (CO2);601000;kg
2017;201045;locatie Zeeasterweg (Lelystad);Lelystad;Kooldioxide (CO2);538675;kg
2017;201055;Attero B.V. Locatie Haps;Haps;Kooldioxide (CO2);2374133;kg
2017;201151;Enrichment Technology Nederland BV;Almelo;Kooldioxide (CO2);1700000;kg
2017;201172;A. Smit & Zoon BV;Weesp;Kooldioxide (CO2);1217965;kg
2017;201189;Afvalverwerking Stainkoeln B.V.;Groningen;Kooldioxide (CO2);1155593;kg
2017;201203;Sortiva B.V.;Alkmaar;Kooldioxide (CO2);779853;kg
2017;201241;EMMTEC Services BV;Emmen;Kooldioxide (CO2);166107279;kg
2017;201304;BMC Moerdijk BV;Moerdijk;Kooldioxide (CO2);317406072;kg
2017;201326;Aludyne Netherlands B.V.;Oss;Kooldioxide (CO2);6590000;kg
2017;201386;EP NL Sloe Centrale B.V. (Vlissingen);Ritthem;Kooldioxide (CO2);1259749200;kg
2017;201425;Afvalverwerking Vink B.V.;Barneveld;Kooldioxide (CO2);39100000;kg
2017;201503;Valtris AO Maastricht b.v. / Vynova AO Maastricht b.v.;Maastricht;Kooldioxide (CO2);4082355;kg
2017;201541;Olenex Edible Oils B.V.;Vondelingenplaat Rotterdam;Kooldioxide (CO2);11880000;kg
2017;201571;Vattenfall Warmte N.V. (HWC Duiven Westervoort);Westervoort;Kooldioxide (CO2);482377;kg
2017;201596;M&R Claushuis BV;Zeewolde;Kooldioxide (CO2);72150;kg
2017;201639;Solidus Solutions Board Oude Pekela;Oude Pekela;Kooldioxide (CO2);17883200;kg
2017;201986;Eneco HWC Kanaleneiland;Utrecht;Kooldioxide (CO2);17907;kg
2017;202140;Vitelco BV;'s-Hertogenbosch;Kooldioxide (CO2);951000;kg
2017;202159;Fokker Aerospace BV;Papendrecht;Kooldioxide (CO2);4200000;kg
2017;202214;Greif Nederland BV;Europoort Rotterdam;Kooldioxide (CO2);3781362;kg
2017;202229;Bunge Loders Croklaan Rotterdam;Maasvlakte Rotterdam;Kooldioxide (CO2);15484000;kg
2017;202257;Accsys Technologies;Arnhem;Kooldioxide (CO2);2903398;kg
2017;202268;Eneco HWC Overvecht;Utrecht;Kooldioxide (CO2);164824;kg
2017;202298;Evonik Peroxide Netherlands B.V.;Farmsum;Kooldioxide (CO2);28574000;kg
2017;202380;Pluimveeverwerkingsbedrijf Jan van Ee BV;Stroe;Kooldioxide (CO2);970604;kg
2017;202417;Compressorstation Noord Holland;Anna Paulowna;Kooldioxide (CO2);19422;kg
2017;202418;Eneco HWC Nicolaas Beetsstraat;Utrecht;Kooldioxide (CO2);401559;kg
2017;202419;Eneco HWC Nieuwegein;Nieuwegein;Kooldioxide (CO2);1650709;kg
2017;202578;Mars Food Europe CV;Oud-Beijerland;Kooldioxide (CO2);8483000;kg
2017;202597;Coatinc Groningen B.V.;Groningen;Kooldioxide (CO2);1091000;kg
2017;202662;Pluimveeslachterij G.P. Remkes B.V.;Epe;Kooldioxide (CO2);651622;kg
2017;202692;adapa The Netherlands Amersfoort BV;Amersfoort;Kooldioxide (CO2);1809891;kg
2017;202746;Argent Energy;Amsterdam;Kooldioxide (CO2);27000000;kg
2017;202803;Avery Dennison Materials Nederland BV;Alphen aan den Rijn;Kooldioxide (CO2);1666200;kg
2017;202824;Eneco Merwedekanaal;Utrecht;Kooldioxide (CO2);319477309;kg
2017;202825;Eneco Lage Weide;Utrecht;Kooldioxide (CO2);548987436;kg
2017;202858;Grolsche Bierbrouwerij Nederland B.V.;Enschede;Kooldioxide (CO2);9532062;kg
2017;202863;Ruijtenberg Shipyard BV;Raamsdonksveer;Kooldioxide (CO2);0;kg
2017;202895;Lingezegen Energy B.V.;Bemmel;Kooldioxide (CO2);33463850;kg
2017;202902;GMB BioEnergie Tiel BV;Tiel;Kooldioxide (CO2);16069510;kg
2017;202926;Ulamo Coating B.V.;Ulft;Kooldioxide (CO2);1803837;kg
2017;202928;C & T Technics;Uden;Kooldioxide (CO2);740512;kg
2017;202935;Alblasserdam Yachtbuilding B.V. (Oceanco);Alblasserdam;Kooldioxide (CO2);698900;kg
2017;202962;IHC Sliedrecht Molendijk;Sliedrecht;Kooldioxide (CO2);436182;kg
2017;202990;Alco Energy Rotterdam;Europoort Rotterdam;Kooldioxide (CO2);645797556;kg
2017;202992;Viterra Botlek BV;Botlek Rotterdam;Kooldioxide (CO2);36523962;kg
2017;203083;Exploitatiemaatschappij J ter Horst BV;Varsseveld;Kooldioxide (CO2);125516;kg
2017;203086;JAZO Zevenaar BV;Zevenaar;Kooldioxide (CO2);146000;kg
2017;203155;Vattenfall Power Generation B.V. (HWC Almere Stad);Almere;Kooldioxide (CO2);1574039;kg
2017;203159;Eco Fuels Netherlands B.V.;Eemshaven;Kooldioxide (CO2);5450000;kg
2017;203186;RWZI West;Amsterdam;Kooldioxide (CO2);15471936;kg
2017;203220;EEW Energy from Waste Delfzijl B.V.;Farmsum;Kooldioxide (CO2);458302255;kg
2017;203228;RWE Eemshaven Magnum B.V.;Eemshaven;Kooldioxide (CO2);1598998407;kg
2017;203267;Nieboer Recycling & Handel BV;Hoogezand;Kooldioxide (CO2);460680;kg
2017;203273;RWE Eemshaven Holding II B.V.;Eemshaven;Kooldioxide (CO2);7547053053;kg
2017;203284;Steel Protection Oosterhout;Oosterhout;Kooldioxide (CO2);603000;kg
2017;203332;Brabant Alucast The Netherlands - site Heijen;Heijen;Kooldioxide (CO2);2140000;kg
2017;203346;Inter-Che-M BV;Beuningen Gld;Kooldioxide (CO2);402172;kg
2017;203411;Pergen VOF;Pernis Rotterdam;Kooldioxide (CO2);1174219502;kg
2017;203416;IHC Krimpen;Krimpen aan den Ijssel;Kooldioxide (CO2);436182;kg
2017;203417;Van Rooi Meat BV (Helmond);Helmond;Kooldioxide (CO2);5479102;kg
2017;203438;Straalbedrijf A.J. den Breejen & Zonen BV;Dordrecht;Kooldioxide (CO2);407854;kg
2017;203493;A.C. Hartman BV;Sexbierum;Kooldioxide (CO2);28956000;kg
2017;203496;Reststoffen Energie Centrale (REC);Harlingen;Kooldioxide (CO2);265549654;kg
2017;203505;EP NL Rijnmond 2 B.V.;Vondelingenplaat Rotterdam;Kooldioxide (CO2);425045700;kg
2017;203530;Teijin Aramid BV;Emmen;Kooldioxide (CO2);4407000;kg
2017;203587;Contitank B.V.;Delfzijl;Kooldioxide (CO2);394000;kg
2017;203589;Cerexagri BV;Vondelingenplaat Rotterdam;Kooldioxide (CO2);2231531;kg
2017;203590;Arkema B.V. location Rotterdam;Vondelingenplaat Rotterdam;Kooldioxide (CO2);2896104;kg
2017;203605;Kok Gorinchem BV;Gorinchem;Kooldioxide (CO2);778000;kg
2017;203651;Dutch Advanced Polyesters Emmen B.V.;Emmen;Kooldioxide (CO2);2230000;kg
2017;203738;Fokker Landing Gear;Helmond;Kooldioxide (CO2);473446;kg
2017;203785;Neste Netherlands B.V.;Maasvlakte Rotterdam;Kooldioxide (CO2);60987000;kg
2017;203825;Linde Gas Dieren;Dieren;Kooldioxide (CO2);535355;kg
2017;203843;Putman Recycling BV (Westervoort);Westervoort;Kooldioxide (CO2);1313460;kg
2017;203868;Cérélia Netherlands B.V.;Sliedrecht;Kooldioxide (CO2);4303551;kg
2017;203887;Noblesse Proteins BV;Wijster;Kooldioxide (CO2);4052856;kg
2017;204038;Keizersberg Diervoeders (Elsendorp);Elsendorp;Kooldioxide (CO2);6419;kg
2017;204287;Global Food Group BV;Ospel;Kooldioxide (CO2);615064;kg
2017;204361;EcoFuels;Well L;Kooldioxide (CO2);12727890;kg
2017;204363;Vattenfall Warmte N.V. (HWC Schuytgraaf);Arnhem;Kooldioxide (CO2);363689;kg
2017;204412;PreZero Recycling Services Noord B.V.;Groningen;Kooldioxide (CO2);507938;kg
2017;204488;Cumapol Emmen B.V.;Emmen;Kooldioxide (CO2);399000;kg
2017;204492;Ingensche Waarden;Ingen;Kooldioxide (CO2);79474;kg
2017;204497;Summa petfood B.V.;Putten;Kooldioxide (CO2);227588;kg
2017;204522;Ondergrondse aardgasopslag Zuidwending;Veendam;Kooldioxide (CO2);2236964;kg
2017;204552;Gesloten stortplaats De Langenberg;Zelhem;Kooldioxide (CO2);910000;kg
2017;204556;Waterstromen Lichtenvoorde B.V.;Lichtenvoorde;Kooldioxide (CO2);8055752;kg
2017;204602;RWZI Soest;Soest;Kooldioxide (CO2);4317725;kg
2017;204609;Hoogweg Paprikakwekerijen BV;Luttelgeest;Kooldioxide (CO2);42710096;kg
2017;204617;Power Plant Rotterdam;Maasvlakte Rotterdam;Kooldioxide (CO2);3477008540;kg
2017;204654;ENECOGEN V.O.F.;Europoort Rotterdam;Kooldioxide (CO2);1725324125;kg
2017;204667;Aliphos Rotterdam BV;Vlaardingen;Kooldioxide (CO2);6244191;kg
2017;204763;KH Dairy Sourcing BV;Coevorden;Kooldioxide (CO2);1098960;kg
2017;204851;Air Products HyCO 4 (Botlekweg);Botlek Rotterdam;Kooldioxide (CO2);642392055;kg
2017;204944;Eneco Bio Golden Raand C.V.;Farmsum;Kooldioxide (CO2);439549000;kg
2017;204957;WKC Ypenburg;'s-Gravenhage;Kooldioxide (CO2);36480000;kg
2017;205183;Van Merksteijn International B.V.;Almelo;Kooldioxide (CO2);6292488;kg
2017;205186;HWC Ypenburg;'s-Gravenhage;Kooldioxide (CO2);8960000;kg
2017;205256;DCL Corporation (NL) B.V.;Maastricht;Kooldioxide (CO2);117000;kg
2017;205276;Diffutherm BV;Hapert;Kooldioxide (CO2);737950;kg
2017;205339;Veco Zuivel B.V.;Zeewolde;Kooldioxide (CO2);977000;kg
2017;205462;Putman recycling B.V.;Niftrik;Kooldioxide (CO2);85660;kg
2017;205493;Euro Support Advanced Materials B.V.;Uden;Kooldioxide (CO2);1144883;kg
2017;205501;Aspen Oss B.V. (locatie De Geer);Oss;Kooldioxide (CO2);4710000;kg
2017;205503;MRC Plating Products B.V.;Zeewolde;Kooldioxide (CO2);269640;kg
2017;205633;Ottink Vleeskalveren en Mestverwerking B.V.;Groenlo;Kooldioxide (CO2);985528;kg
2017;205876;Hartog Containers B.V.;Amersfoort;Kooldioxide (CO2);162950;kg
2017;205961;Chamlon B.V.;Ootmarsum;Kooldioxide (CO2);325000;kg
2017;205962;Gesloten stortplaats De Keyenberg;Wageningen;Kooldioxide (CO2);377000;kg
2017;205965;Amsterdam Meat Company Ameco BV;Apeldoorn;Kooldioxide (CO2);112000;kg
2017;220121;Hoogheemraadschap Hollands Noorderkwartier RWZI Alkmaar;Alkmaar;Kooldioxide (CO2);2054758;kg
2017;220124;AWZI Almere;Almere;Kooldioxide (CO2);8393390;kg
2017;220129;RWZI Amstelveen (HH Amstel, Gooi en Vecht);Amstelveen;Kooldioxide (CO2);4604537;kg
2017;220131;RWZI Westpoort;Amsterdam;Kooldioxide (CO2);15754422;kg
2017;220133;RWZI Arnhem-Zuid;Arnhem;Kooldioxide (CO2);5076075;kg
2017;220136;RWZI Asten (Waterschap Aa en Maas);Heusden;Kooldioxide (CO2);1975147;kg
2017;220138;RWZI Emmen;Nieuw-Amsterdam;Kooldioxide (CO2);8711127;kg
2017;220139;RWZI Bath;Rilland;Kooldioxide (CO2);12849649;kg
2017;220150;Hoogheemraadschap Hollands Noorderkwartier SDI/RWZI Beverwijk;Beverwijk;Kooldioxide (CO2);33587208;kg
2017;220188;Hoogheemraadschap Hollands Noorderkwartier RWZI Den Helder;Den Helder;Kooldioxide (CO2);2325778;kg
2017;220191;RWZI Deventer;Deventer;Kooldioxide (CO2);4659728;kg
2017;220200;RWZI Dongemond;Oosterhout;Kooldioxide (CO2);5473655;kg
2017;220201;RWZI Dordrecht;Dordrecht;Kooldioxide (CO2);5453204;kg
2017;220209;RWZI Echten;Hoogeveen;Kooldioxide (CO2);8105460;kg
2017;220213;RWZI Elburg;Elburg;Kooldioxide (CO2);4314675;kg
2017;220217;RWZI Etten;Terborg;Kooldioxide (CO2);6757761;kg
2017;220223;Hoogheemraadschap Hollands Noorderkwartier RWZI Geestmerambacht;Warmenhuizen;Kooldioxide (CO2);2832970;kg
2017;220236;AWZI Gouda;Gouda;Kooldioxide (CO2);2606154;kg
2017;220263;RWZI Hellevoetsluis;Hellevoetsluis;Kooldioxide (CO2);1984982;kg
2017;220264;Rioolwaterzuiveringsinstallatie Hengelo;Hengelo;Kooldioxide (CO2);14674300;kg
2017;220276;RWZI Horstermeer (HH Amstel, Gooi en Vechtstreek);Nederhorst den Berg;Kooldioxide (CO2);4712262;kg
2017;220286;AWZI Katwijk;Katwijk;Kooldioxide (CO2);6820974;kg
2017;220297;RWZI Leeuwarden;Leeuwarden;Kooldioxide (CO2);7420350;kg
2017;220298;AWZI Leiden Noord;Leiden;Kooldioxide (CO2);4510716;kg
2017;220299;AWZI Leiden Zuidwest;Leiden;Kooldioxide (CO2);4102195;kg
2017;220301;AWZI Lelystad;Lelystad;Kooldioxide (CO2);3210564;kg
2017;220326;AWZI Nieuwe Waterweg;Hoek Van Holland;Kooldioxide (CO2);4098194;kg
2017;220328;RWZI Nieuwegein;Nieuwegein;Kooldioxide (CO2);4538992;kg
2017;220333;AWZI Tollebeek;Tollebeek;Kooldioxide (CO2);6744835;kg
2017;220364;RWZI Renkum;Renkum;Kooldioxide (CO2);2774974;kg
2017;220369;RWZI Rijen;Rijen;Kooldioxide (CO2);1640838;kg
2017;220376;Rioolwaterzuiveringsinstallatie (RWZI) Roermond;Roermond;Kooldioxide (CO2);5167460;kg
2017;220382;RWZI Schelluinen;Schelluinen;Kooldioxide (CO2);1436836;kg
2017;220387;RWZI Den Bosch (Waterschap Aa en Maas);'s-Hertogenbosch;Kooldioxide (CO2);6738259;kg
2017;220392;RWZI Sleeuwijk/Zuivering Sleeuwijk;Sleeuwijk;Kooldioxide (CO2);839968;kg
2017;220410;RWZI Terneuzen;Terneuzen;Kooldioxide (CO2);1929322;kg
2017;220412;RWZI Terwolde;Terwolde;Kooldioxide (CO2);960792;kg
2017;220416;RWZI Tilburg Noord;Tilburg;Kooldioxide (CO2);18841258;kg
2017;220429;RWZI Veenendaal;Overberg;Kooldioxide (CO2);3843535;kg
2017;220432;RWZI Vinkel (Waterschap Aa en Maas);Vinkel;Kooldioxide (CO2);1604397;kg
2017;220443;RWZI Walcheren;Ritthem;Kooldioxide (CO2);4138973;kg
2017;220451;Hoogheemraadschap Hollands Noorderkwartier RWZI Wervershoof;Wervershoof;Kooldioxide (CO2);5280625;kg
2017;220460;RWZI Willem Annapolder;Kapelle;Kooldioxide (CO2);2547648;kg
2017;220469;Hoogheemraadschap Hollands Noorderkwartier RWZI Zaandam-Oost;Zaandam;Kooldioxide (CO2);3438785;kg
2017;220478;RWZI Zutphen;Zutphen;Kooldioxide (CO2);5103018;kg
2017;220481;RWZI Zwijndrecht;Zwijndrecht;Kooldioxide (CO2);2604239;kg
2017;220482;RWZI Zwolle;Zwolle;Kooldioxide (CO2);5154253;kg
2017;220537;RWZI Harnaschpolder (Hoogheemraadschap van Delfland);Den Hoorn;Kooldioxide (CO2);30786085;kg
2018;59;Koninklijke Mosa BV Wandtegelfabriek & Vloertegelfabriek;Maastricht;Kooldioxide (CO2);21432432;kg
2018;60;Sappi Maastricht BV;Maastricht;Kooldioxide (CO2);172772590;kg
2018;62;Chemelot Site Permit BV;Geleen;Kooldioxide (CO2);4643354000;kg
2018;65;PQ Silicas BV;Eijsden;Kooldioxide (CO2);22785468;kg
2018;66;Marsna Paper B.V.;Meerssen;Kooldioxide (CO2);3110002;kg
2018;79;Steenfabriek Linssen BV;Kerkrade;Kooldioxide (CO2);2825160;kg
2018;90;VDL Castings Heerlen BV;Hoensbroek;Kooldioxide (CO2);6313604;kg
2018;94;Steenfabriek Gebroeders Klinkers BV;Maastricht;Kooldioxide (CO2);8876000;kg
2018;95;Vandersanden Beek BV;Beek;Kooldioxide (CO2);8876000;kg
2018;113;VDL Nedcar B.V.;Born;Kooldioxide (CO2);33186511;kg
2018;125;Stichting Parkmanagement Wolfsweg 75;Eygelshoven;Kooldioxide (CO2);61000;kg
2018;148;ENCI BV (Maastricht);Maastricht;Kooldioxide (CO2);391229410;kg
2018;151;O-I Netherlands BV (Maastricht);Maastricht;Kooldioxide (CO2);90693899;kg
2018;159;Fenzi AGT Netherlands B.V.;Maastricht;Kooldioxide (CO2);3107296;kg
2018;166;Slachthuis Kerkrade BV;Kerkrade;Kooldioxide (CO2);238387;kg
2018;174;Tata Steel Nederland Tubes BV locatie Maastricht;Maastricht;Kooldioxide (CO2);717110;kg
2018;325;Lawter Maastricht BV;Maastricht;Kooldioxide (CO2);2833000;kg
2018;326;Wienerberger Steenfabriek Poriso;Brunssum;Kooldioxide (CO2);27093000;kg
2018;1104;Solvay Chemie BV;Herten;Kooldioxide (CO2);2680011;kg
2018;1107;Nouryon Functional Chemicals B.V.;Herkenbosch;Kooldioxide (CO2);11716600;kg
2018;3062;Verzinkerij Van Aert BV;Nederweert;Kooldioxide (CO2);1406000;kg
2018;3066;Verzinkerij Weert BV en Electrocoat BV Weert Groep;Stramproy;Kooldioxide (CO2);4970502;kg
2018;3068;Coatinc Mook B.V.;Mook;Kooldioxide (CO2);1840000;kg
2018;3509;VDL Castings Weert BV;Weert;Kooldioxide (CO2);845401;kg
2018;3513;MGG Netherlands BV;Tegelen;Kooldioxide (CO2);5911130;kg
2018;4301;Smurfit Westrock Roermond Paper BV;Roermond;Kooldioxide (CO2);167029002;kg
2018;4709;Kleiwarenfabriek Joosten Kessel BV;Kessel;Kooldioxide (CO2);8677000;kg
2018;4711;Wienerberger Steenfabriek Thorn;Thorn;Kooldioxide (CO2);12686000;kg
2018;4753;Rockwool B.V.;Roermond;Kooldioxide (CO2);158865000;kg
2018;5726;Wienerberger Steenfabriek Nuance;Afferden L;Kooldioxide (CO2);5744000;kg
2018;5727;EverZinc Nederland B.V.;Eijsden;Kooldioxide (CO2);22266558;kg
2018;5729;Celanese Production Netherlands B.V.;Geleen;Kooldioxide (CO2);1533248;kg
2018;5739;E-MAX BILLETS;Kerkrade;Kooldioxide (CO2);20156080;kg
2018;5740;WEPA Nederland B.V.;Swalmen;Kooldioxide (CO2);12898400;kg
2018;5750;FrieslandCampina Born;Born;Kooldioxide (CO2);6830000;kg
2018;5804;PQ Nederland BV;Maastricht;Kooldioxide (CO2);13592000;kg
2018;5821;Attero B.V. locatie Landgraaf;Landgraaf;Kooldioxide (CO2);5770250;kg
2018;9003;Everris International BV;Heerlen;Kooldioxide (CO2);9006000;kg
2018;10001;Nobian Industrial Chemicals BV (Rotterdam);Botlek Rotterdam;Kooldioxide (CO2);116108935;kg
2018;10002;Nouryon Performance Formulations b.v.;Europoort Rotterdam;Kooldioxide (CO2);29800;kg
2018;10003;Synres B.V.;Hoek Van Holland;Kooldioxide (CO2);6811000;kg
2018;10004;Lyondell Chemical Nederland Ltd.;Botlek Rotterdam;Kooldioxide (CO2);328679177;kg
2018;10006;Shell Nederland Chemie BV (Pernis);Vondelingenplaat Rotterdam;Kooldioxide (CO2);29005655;kg
2018;10016;Climax Molybdenum BV;Botlek Rotterdam;Kooldioxide (CO2);8768711;kg
2018;10042;Kemira Rotterdam B.V. - locatie Botlek;Botlek Rotterdam;Kooldioxide (CO2);164300;kg
2018;10048;Compaxo Gouda BV;Gouda;Kooldioxide (CO2);4220000;kg
2018;10057;Shell Nederland Raffinaderij BV;Vondelingenplaat Rotterdam;Kooldioxide (CO2);4207365376;kg
2018;10058;BP Raffinaderij Rotterdam B.V.;Europoort Rotterdam;Kooldioxide (CO2);2254344000;kg
2018;10059;Gunvor Energy Rotterdam B.V. (GPR);Europoort Rotterdam;Kooldioxide (CO2);390012054;kg
2018;10061;Esso Nederland BV (Raffinaderij Rotterdam);Botlek Rotterdam;Kooldioxide (CO2);2012463910;kg
2018;10063;AVR-Afvalverwerking;Botlek Rotterdam;Kooldioxide (CO2);1708400000;kg
2018;10064;Almatis BV;Botlek Rotterdam;Kooldioxide (CO2);20540918;kg
2018;10066;Kemira Rotterdam BV locatie Europoort;Europoort Rotterdam;Kooldioxide (CO2);5996000;kg
2018;10069;Standic BV;Dordrecht;Kooldioxide (CO2);2414147;kg
2018;10073;Tronox Pigments (Holland) BV;Botlek Rotterdam;Kooldioxide (CO2);91184377;kg
2018;10076;HVC AfvalEnergieCentrale Dordrecht;Dordrecht;Kooldioxide (CO2);340900000;kg
2018;10079;Chemours Netherlands B.V.;Dordrecht;Kooldioxide (CO2);50564575;kg
2018;10086;NV Nutricia Zoetermeer;Zoetermeer;Kooldioxide (CO2);13242421;kg
2018;10089;Prysmian Netherlands B.V.;Delft;Kooldioxide (CO2);315700;kg
2018;10097;SD Guthrie International Zwijndrecht Refinery B.V.;Zwijndrecht;Kooldioxide (CO2);50489162;kg
2018;10100;Bakelite Botlek Rotterdam;Botlek Rotterdam;Kooldioxide (CO2);6435638;kg
2018;10546;Lactalis Leerdammer BV (Schoonrewoerd);Schoonrewoerd;Kooldioxide (CO2);10299435;kg
2018;10590;FrieslandCampina Rotterdam;Rotterdam;Kooldioxide (CO2);3344083;kg
2018;10621;Hunter Douglas Europe BV;Rotterdam;Kooldioxide (CO2);5440515;kg
2018;10687;Biotech Campus Delft;Delft;Kooldioxide (CO2);86912450;kg
2018;10689;Air Products Nederland BV (Botlek);Botlek Rotterdam;Kooldioxide (CO2);107910000;kg
2018;10698;Cargill Bioindustrial BV;Gouda;Kooldioxide (CO2);38938599;kg
2018;10723;O-I Netherlands BV (Leerdam);Leerdam;Kooldioxide (CO2);102249264;kg
2018;10728;Cargill Refined Oils Europe;Botlek Rotterdam;Kooldioxide (CO2);26749020;kg
2018;10733;Upfield Sourcing Nederland BV;Rotterdam;Kooldioxide (CO2);3063223;kg
2018;10789;BMI Productie Nederland BV Woerden;Woerden;Kooldioxide (CO2);10957081;kg
2018;10793;Tata Steel Nederland Tubes BV locatie Zwijndrecht;Zwijndrecht;Kooldioxide (CO2);19900778;kg
2018;10829;Cosun Beet company (Puttershoek);Puttershoek;Kooldioxide (CO2);417000;kg
2018;10921;Damen Shiprepair Rotterdam BV;Schiedam;Kooldioxide (CO2);1370000;kg
2018;10928;Aluminium & Chemie Rotterdam B.V.;Botlek Rotterdam;Kooldioxide (CO2);86064000;kg
2018;10950;N+P Rotterdam MRF B.V.;Rotterdam;Kooldioxide (CO2);464000;kg
2018;10951;Uniper Centrale Leiden;Leiden;Kooldioxide (CO2);160910000;kg
2018;10953;Uniper Centrale Den Haag;'s-Gravenhage;Kooldioxide (CO2);177006000;kg
2018;10982;Galvanisch Bedrijf Chromolux;Rotterdam;Kooldioxide (CO2);288107;kg
2018;10983;IHC Kinderdijk;Nieuw-Lekkerland;Kooldioxide (CO2);2088727;kg
2018;10998;Draka Interfoam;Hillegom;Kooldioxide (CO2);866676;kg
2018;11024;Cabot B.V.;Botlek Rotterdam;Kooldioxide (CO2);240223000;kg
2018;11034;Dossche Mils NV;Rotterdam;Kooldioxide (CO2);3841415;kg
2018;11046;PURAC Biochem B.V.;Gorinchem;Kooldioxide (CO2);24726622;kg
2018;11047;Vecom Metal Treatment BV;Maassluis;Kooldioxide (CO2);177000;kg
2018;11090;Chane Terminal Botlek B.V.;Botlek Rotterdam;Kooldioxide (CO2);34497579;kg
2018;11105;Heineken Netherlands Supply B.V., brouwerij Zoeterwoude;Zoeterwoude;Kooldioxide (CO2);71672757;kg
2018;11111;Ashland Industries Nederland B.V.;Zwijndrecht;Kooldioxide (CO2);18870300;kg
2018;11230;Damen Verolme BV;Botlek Rotterdam;Kooldioxide (CO2);1671440;kg
2018;11235;RZB Holding BV;Rotterdam;Kooldioxide (CO2);22400;kg
2018;11366;LANXESS Rotterdam Botlek;Botlek Rotterdam;Kooldioxide (CO2);74814213;kg
2018;11413;Damen Ship Repair Rotterdam (locatie Pernis);Pernis Rotterdam;Kooldioxide (CO2);353000;kg
2018;11532;Coatinc Alblasserdam BV;Alblasserdam;Kooldioxide (CO2);2233000;kg
2018;11658;Farm Frites BV;Oudenhoorn;Kooldioxide (CO2);34403157;kg
2018;12134;Archer Daniels Midland Europoort BV (ADM);Europoort Rotterdam;Kooldioxide (CO2);145255000;kg
2018;12135;ExxonMobil Chemical Holland BV (ROP van RPI);Europoort Rotterdam;Kooldioxide (CO2);61463739;kg
2018;12149;Uniper Benelux NV (Maasvlakte);Maasvlakte Rotterdam;Kooldioxide (CO2);5021565680;kg
2018;12150;Uniper Centrale RoCa;Rotterdam;Kooldioxide (CO2);303565079;kg
2018;12151;Uniper HWC Blekerstraat;Rotterdam;Kooldioxide (CO2);36503;kg
2018;12152;Uniper HWC Delftsevaart;Rotterdam;Kooldioxide (CO2);1766084;kg
2018;12157;HVC ZVI B.V.;Dordrecht;Kooldioxide (CO2);14579096;kg
2018;12158;HVC Slibverbrandingsinstallatie;Dordrecht;Kooldioxide (CO2);132400000;kg
2018;12162;Evos Rotterdam B.V.;Europoort Rotterdam;Kooldioxide (CO2);12567283;kg
2018;12163;EPS BV;Hendrik-Ido-Ambacht;Kooldioxide (CO2);631246;kg
2018;12166;TU Delft Warmtekrachtcentrale;Delft;Kooldioxide (CO2);15639300;kg
2018;12167;UZIMET BV;Rijswijk;Kooldioxide (CO2);731193;kg
2018;12168;INV NYLON CHEMICALS NETHERLANDS B.V.;Botlek Rotterdam;Kooldioxide (CO2);7146210;kg
2018;12170;FrieslandCampina Maasdam;Maasdam;Kooldioxide (CO2);5068634;kg
2018;12171;Zuivelfabriek De Graafstroom;Bleskensgraaf Ca;Kooldioxide (CO2);4024651;kg
2018;12172;Promelca B.V. (Gorinchem);Gorinchem;Kooldioxide (CO2);49172035;kg
2018;12174;Ducor Petrochemicals B.V.;Botlek Rotterdam;Kooldioxide (CO2);11257500;kg
2018;12175;Air Liquide Industrie BV;Botlek Rotterdam;Kooldioxide (CO2);659926234;kg
2018;12177;VPR Energy B.V.;Europoort Rotterdam;Kooldioxide (CO2);102251729;kg
2018;19004;ExxonMobil Chemical Holland BV (RPP van RPI);Botlek Rotterdam;Kooldioxide (CO2);44271002;kg
2018;19032;Janssen Biologics BV;Leiden;Kooldioxide (CO2);3860000;kg
2018;19048;Refresco Benelux BV;Bodegraven;Kooldioxide (CO2);4731000;kg
2018;19070;Indorama Ventures Europe BV;Europoort Rotterdam;Kooldioxide (CO2);101229057;kg
2018;19071;Shin-Etsu PVC BV (VCM Botlek);Botlek Rotterdam;Kooldioxide (CO2);101974147;kg
2018;19072;FrieslandCampina Nederland B.V.;Noordwijk;Kooldioxide (CO2);2164318;kg
2018;19073;Westlake Epoxy B.V.;Vondelingenplaat Rotterdam;Kooldioxide (CO2);41685587;kg
2018;21010;Sonneborn Refined Products BV (Amsterdam);Amsterdam;Kooldioxide (CO2);15811321;kg
2018;21011;Rütgers Resins B.V.;Uithoorn;Kooldioxide (CO2);4182000;kg
2018;21101;Ketjen Netherlands BV;Amsterdam;Kooldioxide (CO2);72896889;kg
2018;21102;ICL FERTILIZERS EUROPE C.V.;Amsterdam;Kooldioxide (CO2);12190000;kg
2018;21302;Abbott Healthcare Products BV (Weesp);Weesp;Kooldioxide (CO2);11832121;kg
2018;21304;Givaudan Nederland B.V. (Naarden);Naarden;Kooldioxide (CO2);4921000;kg
2018;21403;Norit Nederland BV (Zaandam);Zaandam;Kooldioxide (CO2);39315533;kg
2018;21507;MAIN BV;Amsterdam;Kooldioxide (CO2);1078911;kg
2018;21528;N.V. Nederlandse Gasunie (Wieringermeer);Middenmeer;Kooldioxide (CO2);6259770;kg
2018;21529;Gasunie Transport Services B.V.;Heemskerk;Kooldioxide (CO2);698163;kg
2018;21530;OQ Chemicals Nederland BV;Amsterdam;Kooldioxide (CO2);2404710;kg
2018;22006;FrieslandCampina Nederland B.V. Lutjewinkel;Lutjewinkel;Kooldioxide (CO2);6953000;kg
2018;22012;CONO Kaasmakers (Middenbeemster);Westbeemster;Kooldioxide (CO2);9179366;kg
2018;22102;Bunge Loders Croklaan Worrmerveer;Wormerveer;Kooldioxide (CO2);19087183;kg
2018;22201;Olam Cocoa BV;Koog aan de Zaan;Kooldioxide (CO2);18653279;kg
2018;22209;Cargill Cocoa Wormer;Wormer;Kooldioxide (CO2);6137927;kg
2018;22602;Tate & Lyle Netherlands BV;Koog aan de Zaan;Kooldioxide (CO2);81284533;kg
2018;22617;Bunge Netherlands BV;Amsterdam;Kooldioxide (CO2);64700000;kg
2018;22626;Cargill BV (Multiseed);Amsterdam;Kooldioxide (CO2);32880634;kg
2018;23301;Tata Steel IJmuiden BV;Velsen-Noord;Kooldioxide (CO2);6593776345;kg
2018;24000;Vattenfall Power Generation B.V. (Hemweg);Amsterdam;Kooldioxide (CO2);3606949888;kg
2018;24002;Vattenfall Power Generation B.V. (Diemen);Diemen;Kooldioxide (CO2);1218803545;kg
2018;24003;Vattenfall Power Generation B.V. (Velsen);Velsen-Noord;Kooldioxide (CO2);3768215832;kg
2018;24302;Crown van Gelder International B.V.;Velsen-Noord;Kooldioxide (CO2);126463575;kg
2018;24605;Forbo Flooring BV;Assendelft;Kooldioxide (CO2);13904718;kg
2018;24606;BN International BV;Huizen;Kooldioxide (CO2);6484980;kg
2018;28070;Alpha Assembly Solutions Netherlands BV;Naarden;Kooldioxide (CO2);166000;kg
2018;28072;Quaker Chemical B.V. (A Quaker Houghton Company);Uithoorn;Kooldioxide (CO2);2299574;kg
2018;28085;AEB Amsterdam;Amsterdam;Kooldioxide (CO2);1476457340;kg
2018;28091;HVC N.V.;Alkmaar;Kooldioxide (CO2);1045619760;kg
2018;28094;Linde Gas IJmuiden;Velsen-Noord;Kooldioxide (CO2);3935000;kg
2018;28097;A-ware Zaandam BV;Zaandam;Kooldioxide (CO2);375068;kg
2018;28167;ADM WILD Netherlands B.V.;Amsterdam;Kooldioxide (CO2);1522117;kg
2018;28175;Waeles Nederland BV;Nieuw-Vennep;Kooldioxide (CO2);224818;kg
2018;28176;Vattenfall Power Generation B.V. (IJmond 1);Velsen-Noord;Kooldioxide (CO2);2028004869;kg
2018;31311;CARBOGEN AMCIS B.V.;Veenendaal;Kooldioxide (CO2);2270000;kg
2018;33101;voestalpine Automotive Components Bunschoten B.V.;Bunschoten-Spakenburg;Kooldioxide (CO2);7252;kg
2018;33104;Trivium Aluminium Packaging Netherlands B.V.;Veenendaal;Kooldioxide (CO2);4911879;kg
2018;33414;IQatalyst B.V.;De Meern;Kooldioxide (CO2);8981622;kg
2018;34303;Remia CV;Den Dolder;Kooldioxide (CO2);5460000;kg
2018;38002;Stichting AL-terrein;Bilthoven;Kooldioxide (CO2);13145913;kg
2018;39103;Koninklijke ERU Kaasfabriek B.V.;Woerden;Kooldioxide (CO2);507;kg
2018;39105;Vrumona;Bunnik;Kooldioxide (CO2);5784384;kg
2018;41003;Shell Nederland Chemie BV (Moerdijk);Moerdijk;Kooldioxide (CO2);2754692245;kg
2018;41101;SABIC Innovative Plastics BV;Bergen op Zoom;Kooldioxide (CO2);288447721;kg
2018;41102;Allnex Netherlands B.V.;Bergen op Zoom;Kooldioxide (CO2);10063610;kg
2018;41103;Synthos Breda BV;Breda;Kooldioxide (CO2);7069827;kg
2018;41106;IFF Nederland BV;Tilburg;Kooldioxide (CO2);8842514;kg
2018;41113;BEWI RAW BV;Etten-Leur;Kooldioxide (CO2);6709152;kg
2018;41307;Aspen Oss B.V.;Oss;Kooldioxide (CO2);14732839;kg
2018;41402;Trobas Gelatine B.V.;Dongen;Kooldioxide (CO2);9183670;kg
2018;41428;Covestro (Netherlands) B.V., vestiging Waalwijk;Waalwijk;Kooldioxide (CO2);4407628;kg
2018;41502;Ravenstein;Ravenstein;Kooldioxide (CO2);7140730;kg
2018;41521;Afvalstoffen Terminal Moerdijk BV (ATM);Moerdijk;Kooldioxide (CO2);211704189;kg
2018;42022;Nutricia Cuijk B.V.;Cuijk;Kooldioxide (CO2);3616304;kg
2018;42034;FrieslandCampina DMV B.V.;Veghel;Kooldioxide (CO2);101778000;kg
2018;42206;Mars Nederland BV;Veghel;Kooldioxide (CO2);11638000;kg
2018;42310;Cosun Beet Company-Dinteloord;Dinteloord;Kooldioxide (CO2);148806000;kg
2018;42408;Swinkels Family Brewers N.V.;Lieshout;Kooldioxide (CO2);43402000;kg
2018;42410;Heineken Netherlands Supply B.V. (Den Bosch);'s-Hertogenbosch;Kooldioxide (CO2);17555549;kg
2018;42411;Coca Cola Europacific Partners BV;Dongen;Kooldioxide (CO2);2618000;kg
2018;42629;Cargill BV;Bergen op Zoom;Kooldioxide (CO2);70250908;kg
2018;42823;Zwanenberg Food Oss b.v.;Oss;Kooldioxide (CO2);11405000;kg
2018;42834;Rendac Son BV;Son en Breugel;Kooldioxide (CO2);81713122;kg
2018;43002;Mannesmann Precision Tubes Netherlands BV;Helmond;Kooldioxide (CO2);2236862;kg
2018;43003;Tata Steel Nederland Tubes BV locatie Oosterhout;Oosterhout;Kooldioxide (CO2);2157000;kg
2018;43013;Nyrstar Budel BV;Budel-Dorplein;Kooldioxide (CO2);26630875;kg
2018;43024;Nedschroef Helmond BV;Helmond;Kooldioxide (CO2);7063871;kg
2018;43135;Ahrend Produktiebedrijf Sint-Oedenrode BV;Sint-Oedenrode;Kooldioxide (CO2);1469693;kg
2018;43139;Ardagh Metal Packaging Netherlands B.V.;Oss;Kooldioxide (CO2);766616;kg
2018;43205;Coatinc West Brabant BV;Oudenbosch;Kooldioxide (CO2);295000;kg
2018;43210;Aalberts Surface Technologies BV;Eindhoven;Kooldioxide (CO2);811962;kg
2018;43216;SPGPrints;Boxmeer;Kooldioxide (CO2);3317909;kg
2018;43400;GTO Plating BV;'s-Hertogenbosch;Kooldioxide (CO2);208501;kg
2018;43403;DAF Trucks N.V.;Eindhoven;Kooldioxide (CO2);28210000;kg
2018;43513;LDM b.v.;Drunen;Kooldioxide (CO2);1753402;kg
2018;43856;Hydro Extrusion Drunen;Drunen;Kooldioxide (CO2);11594288;kg
2018;43869;Efté Coating BV;Eindhoven;Kooldioxide (CO2);701334;kg
2018;44004;Amer Centrale;Geertruidenberg;Kooldioxide (CO2);2762423149;kg
2018;44006;RWZI Oijen (Waterschap Aa en Maas);Oijen;Kooldioxide (CO2);5728474;kg
2018;44007;PreZero Energy Roosendaal B.V.;Roosendaal;Kooldioxide (CO2);397037918;kg
2018;44008;Ennatuurlijk BV, WKC Helmond;Helmond;Kooldioxide (CO2);56881740;kg
2018;44009;BV Afvalverbranding Zuid Nederland (AZN);Moerdijk;Kooldioxide (CO2);887741990;kg
2018;44162;Vlisco Netherlands BV;Helmond;Kooldioxide (CO2);21058129;kg
2018;44301;Saica Flex Netherlands B.V.;Etten-Leur;Kooldioxide (CO2);1975601;kg
2018;44709;Steenfabriek Engels Oeffelt BV;Oeffelt;Kooldioxide (CO2);15375758;kg
2018;44772;Ardagh Glass Dongen BV;Dongen;Kooldioxide (CO2);76482842;kg
2018;44773;Saint Gobain Construction Products NL BV;Etten-Leur;Kooldioxide (CO2);50942623;kg
2018;45669;Caligen Europe BV;Breda;Kooldioxide (CO2);341600;kg
2018;47001;Slibverwerking Noord-Brabant NV;Moerdijk;Kooldioxide (CO2);149204000;kg
2018;48002;Unipol Holland BV;Oss;Kooldioxide (CO2);5890608;kg
2018;48018;FUJIFILM Manufacturing Europe B.V.;Tilburg;Kooldioxide (CO2);33134243;kg
2018;48022;Dr. W. Kolb Nederland BV;Klundert;Kooldioxide (CO2);2630828;kg
2018;48023;FrieslandCampina Rijkevoort (Holland Cheese);Rijkevoort;Kooldioxide (CO2);7779000;kg
2018;48024;Essity Operations Cuijk B.V.;Katwijk NB;Kooldioxide (CO2);15307931;kg
2018;48031;FrieslandCampina Butter & Milkpowder - Den Bosch;'s-Hertogenbosch;Kooldioxide (CO2);2916060;kg
2018;48051;KBM Master Alloys BV (Oss);Oss;Kooldioxide (CO2);878366;kg
2018;48054;Van Swaay Duurzaam Hout Schijndel;Schijndel;Kooldioxide (CO2);299000;kg
2018;48061;Verzinkerij Meerveldhoven BV;Veldhoven;Kooldioxide (CO2);2170000;kg
2018;48067;Remat Chemie BV;Helmond;Kooldioxide (CO2);1100066;kg
2018;48073;Nedzink BV;Budel-Dorplein;Kooldioxide (CO2);1062785;kg
2018;48084;Ennatuurlijk BV, WKC Eindhoven;Eindhoven;Kooldioxide (CO2);6599194;kg
2018;48113;Keizersberg Diervoeders Elsendorp B.V.;Milheeze;Kooldioxide (CO2);81549;kg
2018;48132;Pali Geldrop BV;Geldrop;Kooldioxide (CO2);971841;kg
2018;48177;Peka Kroef B.V. Odiliapeel;Odiliapeel;Kooldioxide (CO2);6096108;kg
2018;49006;WKC Moerdijk;Moerdijk;Kooldioxide (CO2);513904111;kg
2018;49010;Basell Benelux B.V.;Moerdijk;Kooldioxide (CO2);10897000;kg
2018;49013;Ardagh Glass Moerdijk BV;Moerdijk;Kooldioxide (CO2);55706249;kg
2018;49016;BECC B.V.;Katwijk NB;Kooldioxide (CO2);137552911;kg
2018;49026;Attero B.V. locatie Tilburg (Spinder);Tilburg;Kooldioxide (CO2);7806528;kg
2018;49033;Agristo Tilburg BV;Tilburg;Kooldioxide (CO2);42837724;kg
2018;51101;Synthomer Middelburg BV;Middelburg;Kooldioxide (CO2);65291900;kg
2018;51102;Rosier Nederland B.V.;Sas Van GEnt;Kooldioxide (CO2);14110134;kg
2018;51104;Dow Benelux BV (Hoek);Hoek;Kooldioxide (CO2);2703234515;kg
2018;51105;YARA Sluiskil BV;Sluiskil;Kooldioxide (CO2);3351233223;kg
2018;51107;ARKEMA B.V. location Vlissingen;Vlissingen;Kooldioxide (CO2);5166690;kg
2018;51404;ICL-IP Terneuzen BV;Terneuzen;Kooldioxide (CO2);7887600;kg
2018;51501;Zeeland Refinery N.V.;Nieuwdorp;Kooldioxide (CO2);1632907031;kg
2018;52612;Cargill Benelux BV;Sas Van GEnt;Kooldioxide (CO2);275872649;kg
2018;52615;Koninklijke Zeelandia;Zierikzee;Kooldioxide (CO2);1674799;kg
2018;53129;Damen Schelde Naval Shipbuilding B.V. en Damen Shiprepair Vlissingen B.V.;Ritthem;Kooldioxide (CO2);3072299;kg
2018;53504;Zeeland Aluminium Company (Zalco BV);Vlissingen;Kooldioxide (CO2);17259649;kg
2018;56118;Stepan Nederland BV;Ritthem;Kooldioxide (CO2);3526281;kg
2018;56125;Stortplaats Noord- en Midden-Zeeland BV (OLAZ);Nieuwdorp;Kooldioxide (CO2);6806341;kg
2018;61213;PPG Coatings B.V.;Tiel;Kooldioxide (CO2);1360664;kg
2018;61407;SABA Dinxperlo BV;Dinxperlo;Kooldioxide (CO2);396000;kg
2018;61411;Sonac Vuren BV;Vuren;Kooldioxide (CO2);36090026;kg
2018;61418;SACHEM Europe BV;Zaltbommel;Kooldioxide (CO2);3723503;kg
2018;61424;Veolia Industriediensten BV;Arnhem;Kooldioxide (CO2);20957635;kg
2018;61436;Givaudan Nederland BV (Barneveld);Barneveld;Kooldioxide (CO2);2353163;kg
2018;61517;Gasunie Zweekhorst;Zevenaar;Kooldioxide (CO2);3424151;kg
2018;62009;FrieslandCampina Butter&Milkpowder (Lochem);Lochem;Kooldioxide (CO2);34742564;kg
2018;62010;Nestlé Nederland BV (Nunspeet);Nunspeet;Kooldioxide (CO2);16869715;kg
2018;62013;FrieslandCampina Steenderen;Steenderen;Kooldioxide (CO2);4449268;kg
2018;62025;FrieslandCampina (Borculo);Borculo;Kooldioxide (CO2);72609764;kg
2018;62031;Arla Foods BV;Nijkerk;Kooldioxide (CO2);10040535;kg
2018;62108;Polskamp BV;Ermelo;Kooldioxide (CO2);1135400;kg
2018;62406;Riedel BV;Ede;Kooldioxide (CO2);1779000;kg
2018;62509;H.J. Heinz Holding BV;Elst;Kooldioxide (CO2);5724467;kg
2018;62512;Struik Foods Netherlands;Nijkerk;Kooldioxide (CO2);5290000;kg
2018;62802;Ekro BV;Apeldoorn;Kooldioxide (CO2);1191104;kg
2018;62806;VION Apeldoorn b.v.;Apeldoorn;Kooldioxide (CO2);2796356;kg
2018;62812;Compaxo Vlees Zevenaar BV;Zevenaar;Kooldioxide (CO2);3570000;kg
2018;62849;Gecombineerde Pluimvee Slachterijen (G.P.S.);Nunspeet;Kooldioxide (CO2);3441970;kg
2018;62852;Pluimveeslachterij Van den Bor BV;Nijkerkerveen;Kooldioxide (CO2);1312111;kg
2018;62859;Plukon Wezep BV;Wezep;Kooldioxide (CO2);297000;kg
2018;62915;Nederlandse Industrie van Eiprodukten (NIVE) BV;Nunspeet;Kooldioxide (CO2);5420982;kg
2018;62925;Aviko BV;Steenderen;Kooldioxide (CO2);66320000;kg
2018;62928;CelaVita Foods b.v.;Wezep;Kooldioxide (CO2);6317000;kg
2018;63012;KME Netherlands B.V.;Zutphen;Kooldioxide (CO2);5409907;kg
2018;63399;Scheepswerf De Hoop BV;Tolkamer;Kooldioxide (CO2);574607;kg
2018;63504;Gieterij Doesburg BV;Doesburg;Kooldioxide (CO2);915075;kg
2018;63508;Nijmeegsche IJzergieterij BV;Nijmegen;Kooldioxide (CO2);5391835;kg
2018;63509;LF Casting B.V.;Terborg;Kooldioxide (CO2);1521266;kg
2018;63643;Veco B.V.;Eerbeek;Kooldioxide (CO2);968139;kg
2018;63669;Coatinc Anox bv.;Scherpenzeel;Kooldioxide (CO2);153640;kg
2018;64004;AVR Afvalverwerking BV (Duiven);Duiven;Kooldioxide (CO2);561630000;kg
2018;64005;ARN B.V.;Weurt;Kooldioxide (CO2);285507382;kg
2018;64134;Sonac Loenen BV;Loenen;Kooldioxide (CO2);4220000;kg
2018;64304;Papierfabriek Doetinchem bv;Doetinchem;Kooldioxide (CO2);21124851;kg
2018;64328;Koninklijke VIVBuisman B.V.;Zelhem;Kooldioxide (CO2);2475339;kg
2018;64335;DS Smith De Hoop B.V.;Eerbeek;Kooldioxide (CO2);145635047;kg
2018;64345;Folding Boxboard Eerbeek bv;Eerbeek;Kooldioxide (CO2);68572997;kg
2018;64354;VHP Security Paper B.V.;Ugchelen;Kooldioxide (CO2);3865000;kg
2018;64360;Smurfit Westrock Parenco B.V.;Renkum;Kooldioxide (CO2);241355834;kg
2018;64633;Aquinos BV (Kesteren);Kesteren;Kooldioxide (CO2);1933000;kg
2018;64641;Kamp Coating Apeldoorn BV;Apeldoorn;Kooldioxide (CO2);1056861;kg
2018;64701;Steenfabriek De Rijswaard BV;Aalst;Kooldioxide (CO2);31269900;kg
2018;64703;B.V. Steenfabriek Huissenswaard;Angeren;Kooldioxide (CO2);20057789;kg
2018;64713;Wienerberger Steenfabriek Schipperswaard;Echteld;Kooldioxide (CO2);8617235;kg
2018;64715;Wienerberger BV Steenfabriek Erlecom;Erlecom;Kooldioxide (CO2);14919000;kg
2018;64718;Rodruza Steenfabriek de Zandberg;Gendt;Kooldioxide (CO2);14240000;kg
2018;64719;Wienerberger Steenfabriek Haaften;Haaften;Kooldioxide (CO2);16340906;kg
2018;64725;Wienerberger Steenfabriek Heteren;Heteren;Kooldioxide (CO2);8648000;kg
2018;64740;Wienerberger Steenfabriek Wolfswaard;Opheusden;Kooldioxide (CO2);13694598;kg
2018;64741;Wienerberger Steenfabriek Kijfwaard Oost;Pannerden;Kooldioxide (CO2);11872000;kg
2018;64744;Steenfabriek Rossum B.V.;Rossum;Kooldioxide (CO2);17702000;kg
2018;64748;Steenfabriek Spijk BV;Spijk;Kooldioxide (CO2);23600000;kg
2018;64749;Steenfabriek Tolkamer BV;Tolkamer;Kooldioxide (CO2);34713000;kg
2018;64756;Wienerberger Steenfabriek De Vlijt;Winterswijk;Kooldioxide (CO2);8705000;kg
2018;64759;Steenfabriek Zennewijnen;Zennewijnen;Kooldioxide (CO2);15466191;kg
2018;65735;Steenfabriek Vogelensangh B.V.;Deest;Kooldioxide (CO2);3772031;kg
2018;65777;Wienerberger Steenfabriek Kijfwaard West;Pannerden;Kooldioxide (CO2);24362000;kg
2018;66001;Sibelco Winterswijk;Winterswijk;Kooldioxide (CO2);4795019;kg
2018;66201;Coldenhove Paper B.V.;Eerbeek;Kooldioxide (CO2);10556496;kg
2018;66206;TANATEX Chemicals BV;Ede;Kooldioxide (CO2);721224;kg
2018;66209;Van Voorden Gieterijen B.V.;Zaltbommel;Kooldioxide (CO2);549172;kg
2018;66210;Recycling Barneveld BV;Barneveld;Kooldioxide (CO2);210453;kg
2018;66220;Smart Packaging Solutions B.V.;Loenen;Kooldioxide (CO2);14522875;kg
2018;66224;Wienerberger Dakpannenfabriek Narvik Deest;Deest;Kooldioxide (CO2);8982000;kg
2018;66231;Attero B.V. Locatie Wilp (VAR);Wilp;Kooldioxide (CO2);6081811;kg
2018;66239;Mead Johnson B.V.;Nijmegen;Kooldioxide (CO2);11923068;kg
2018;66248;Loparex BV;Apeldoorn;Kooldioxide (CO2);4044442;kg
2018;66253;Stichting Mestverwerking Gelderland SMG (KGBI Stroe);Stroe;Kooldioxide (CO2);4281570;kg
2018;66323;Stichting Mestverwerking Gelderland SMG (KGBI Ede);Ede;Kooldioxide (CO2);3951020;kg
2018;66325;Stichting Mestverwerking Gelderland SMG (KGBI Elspeet);Elspeet;Kooldioxide (CO2);3393930;kg
2018;66326;Stichting Mestverwerking Gelderland SMG (KGBI Putten);Putten;Kooldioxide (CO2);4155970;kg
2018;66355;PFW Aroma ingredients bv;Barneveld;Kooldioxide (CO2);359378;kg
2018;69030;Storteboom Fresh BV (Putten);Putten;Kooldioxide (CO2);3717515;kg
2018;69031;Gesloten stortplaats Ullerberg;Ermelo;Kooldioxide (CO2);980000;kg
2018;69057;Rotocoat Dieren BV;Spankeren;Kooldioxide (CO2);1130000;kg
2018;71102;KLK Kolb Specialties B.V.;Delden;Kooldioxide (CO2);4978273;kg
2018;71103;Nouryon Functional Chemicals;Deventer;Kooldioxide (CO2);6552809;kg
2018;71105;Nobian Chemicals BV (Hengelo);Hengelo;Kooldioxide (CO2);255014000;kg
2018;71514;Gasunie Vilsteren / Ommen;Vilsteren;Kooldioxide (CO2);7378638;kg
2018;72016;Royal Lactalis Leerdammer BV (Dalfsen);Dalfsen;Kooldioxide (CO2);5412443;kg
2018;72024;Ausnutria Kampen BV;Kampen;Kooldioxide (CO2);16192978;kg
2018;72027;Ausnutria Ommen B.V.;Ommen;Kooldioxide (CO2);3700000;kg
2018;72914;Abbott Laboratories B.V.;Zwolle;Kooldioxide (CO2);16888400;kg
2018;73239;Scania Production Zwolle BV;Zwolle;Kooldioxide (CO2);2200000;kg
2018;74003;Centrale Harculo;Zwolle;Kooldioxide (CO2);43669;kg
2018;74005;Ennatuurlijk BV, WKC Enschede;Enschede;Kooldioxide (CO2);21449;kg
2018;74120;Ten Cate Protect B.V.;Nijverdal;Kooldioxide (CO2);2341000;kg
2018;74154;TenCate Outdoor Fabrics BV;Nijverdal;Kooldioxide (CO2);3184000;kg
2018;74321;SARPI Netherlands B.V.;Almelo;Kooldioxide (CO2);1189305;kg
2018;74652;Krehalon B.V.;Deventer;Kooldioxide (CO2);2042802;kg
2018;75305;locatie Boeldershoek;Hengelo;Kooldioxide (CO2);869897920;kg
2018;75315;locatie Elhorst Vloedbelt;Zenderen;Kooldioxide (CO2);1122978;kg
2018;75342;FrieslandCampina Balkbrug;Balkbrug;Kooldioxide (CO2);0;kg
2018;75349;CZ Rouveen kaasspecialiteiten;Rouveen;Kooldioxide (CO2);3470000;kg
2018;81103;Norit Nederland B.V.;Klazienaveen;Kooldioxide (CO2);120287845;kg
2018;81104;DOC Kaas (Zuivelfabriek);Hoogeveen;Kooldioxide (CO2);6530230;kg
2018;81202;AOC Nederland BV (Schoonebeek);Zandpol;Kooldioxide (CO2);4841000;kg
2018;82002;FrieslandCampina Domo B.V. (Beilen);Beilen;Kooldioxide (CO2);53194046;kg
2018;82603;Avebe u.a. (Gasselternijveen);Gasselternijveen;Kooldioxide (CO2);97368721;kg
2018;83501;2 RG;Klazienaveen;Kooldioxide (CO2);5755289;kg
2018;84808;SOLIDUS SOLUTIONS Board B.V. Coevorden;Coevorden;Kooldioxide (CO2);14485210;kg
2018;84999;FrieslandCampina Kievit (Meppel);Meppel;Kooldioxide (CO2);18785561;kg
2018;85002;Attero BV;Wijster;Kooldioxide (CO2);628451207;kg
2018;85003;Envalior Engineering Materials B.V.;Emmen;Kooldioxide (CO2);5380000;kg
2018;91505;N.V. Nederlandse Gasunie - compressorstation Aldeboarn;Aldeboarn;Kooldioxide (CO2);43196;kg
2018;92001;FrieslandCampina Cheese Gerkesklooster;Gerkesklooster;Kooldioxide (CO2);13782637;kg
2018;92004;Hochwald Foods Nederland BV;Bolsward;Kooldioxide (CO2);9439691;kg
2018;92008;Phoenix BV;Scharsterbrug;Kooldioxide (CO2);19661779;kg
2018;92012;FrieslandCampina (Leeuwarden);Leeuwarden;Kooldioxide (CO2);56276721;kg
2018;92015;FrieslandCampina Dronrijp;Dronryp;Kooldioxide (CO2);6732029;kg
2018;92030;FrieslandCampina (Workum);Workum;Kooldioxide (CO2);24417536;kg
2018;92615;Sonac Burgum BV;Sumar;Kooldioxide (CO2);48529612;kg
2018;93604;Nederlandse Onttinningsfabriek BV;Leeuwarden;Kooldioxide (CO2);929000;kg
2018;94003;Centrale Bergum;Burgum;Kooldioxide (CO2);2975310;kg
2018;94301;Huhtamaki Nederland B.V.;Franeker;Kooldioxide (CO2);13343338;kg
2018;94607;Trioworld Harlingen;Harlingen;Kooldioxide (CO2);33000;kg
2018;94706;BASF Nederland B.V.;Heerenveen;Kooldioxide (CO2);2158413;kg
2018;95000;Tyson Foods Oosterwolde BV;Oosterwolde;Kooldioxide (CO2);2188648;kg
2018;95003;Lamb Weston / Meyer VOF (Klooster Lidlum);Klooster Lidlum;Kooldioxide (CO2);14961592;kg
2018;95007;Frisia Zout BV;Harlingen;Kooldioxide (CO2);15837000;kg
2018;99011;Sonac Harlingen BV;Harlingen;Kooldioxide (CO2);1780000;kg
2018;101103;BioMCN B.V.;Farmsum;Kooldioxide (CO2);217726763;kg
2018;101104;Dow Benelux B.V.;Delfzijl;Kooldioxide (CO2);11574424;kg
2018;101105;P.Q. Silicas B.V.;Winschoten;Kooldioxide (CO2);15969908;kg
2018;101108;Qemetica NL Silica bv;Delfzijl;Kooldioxide (CO2);51023045;kg
2018;101404;Delamine B.V.;Farmsum;Kooldioxide (CO2);1923283;kg
2018;101405;Electric Glass Fiber NL, B.V.;Westerbroek;Kooldioxide (CO2);40023254;kg
2018;101407;Zeolyst CV;Farmsum;Kooldioxide (CO2);6785500;kg
2018;101408;Nedmag B.V.;Veendam;Kooldioxide (CO2);96450223;kg
2018;101515;Gasunie Transport Services B.V. - compressorstation Spijk;Eemshaven;Kooldioxide (CO2);6195171;kg
2018;102001;FrieslandCampina Nederland B.V.;Bedum;Kooldioxide (CO2);37442523;kg
2018;102008;Plixxent B.V.;Foxhol;Kooldioxide (CO2);77829;kg
2018;102302;Cosun Beet Company-Vierverlaten;Groningen;Kooldioxide (CO2);173009240;kg
2018;102504;Rixona BV;Warffum;Kooldioxide (CO2);18606954;kg
2018;102620;Coöperatie AVEBE U.A.;Ter Apelkanaal;Kooldioxide (CO2);114262253;kg
2018;103009;KBM Master Alloys B.V.;Delfzijl;Kooldioxide (CO2);5051182;kg
2018;103010;DAMCO Aluminium Delfzijl Coöperatie U.A.;Farmsum;Kooldioxide (CO2);75924734;kg
2018;104001;ENGIE Energie Nederland NV;Eemshaven;Kooldioxide (CO2);1765881642;kg
2018;104003;Delesto B.V.;Farmsum;Kooldioxide (CO2);472774159;kg
2018;104302;Solidus Solutions Board Groningen-Hoogkerk;Groningen;Kooldioxide (CO2);15010672;kg
2018;104304;Eska B.V.;Hoogezand;Kooldioxide (CO2);54389981;kg
2018;104305;Eska B.V.;Sappemeer;Kooldioxide (CO2);32733611;kg
2018;104307;Solidus Board Bad Nieuweschans B.V.;Bad Nieuweschans;Kooldioxide (CO2);44549077;kg
2018;104511;Gasunie mengstation Kootstertille (FR);Kootstertille;Kooldioxide (CO2);9953;kg
2018;104520;Ecopark De Wierde;Heerenveen;Kooldioxide (CO2);2740566;kg
2018;104521;FrieslandCampina Wolvega;Wolvega;Kooldioxide (CO2);458000;kg
2018;104611;Adapa the Netherlands BV;Leek;Kooldioxide (CO2);2268560;kg
2018;104710;ESD-SIC BV;Farmsum;Kooldioxide (CO2);142124267;kg
2018;104756;Steenindustrie Strating BV;Oude Pekela;Kooldioxide (CO2);5482000;kg
2018;105001;ChemCom Industries BV;Farmsum;Kooldioxide (CO2);7250003;kg
2018;105004;Teijin Aramid B.V.;Farmsum;Kooldioxide (CO2);16531000;kg
2018;105007;FrieslandCampina Nederland B.V.;Marum;Kooldioxide (CO2);9690451;kg
2018;105016;Nobian Industrial Chemicals B.V. - SSC (Shared Service Center);Farmsum;Kooldioxide (CO2);3081547;kg
2018;105027;Kisuma Chemicals BV;Veendam;Kooldioxide (CO2);14131000;kg
2018;105029;Storteboom Foodgroup Kornhorn;Kornhorn;Kooldioxide (CO2);2628142;kg
2018;114001;Maxima-centrale;Lelystad;Kooldioxide (CO2);1292503920;kg
2018;114002;Vattenfall Power Generation B.V. (HWC Hogering/WKC Almere);Almere;Kooldioxide (CO2);9790738;kg
2018;114709;McCain Foods Holland BV (Lelystad);Lelystad;Kooldioxide (CO2);29315620;kg
2018;114711;Yakult Nederland BV;Almere;Kooldioxide (CO2);1407092;kg
2018;114720;Sonac Almere BV;Almere;Kooldioxide (CO2);5522725;kg
2018;114721;Alphen;Alphen;Kooldioxide (CO2);65562;kg
2018;114722;Waterschap Noorderzijlvest - RWZI Garmerwolde;Garmerwolde;Kooldioxide (CO2);15185965;kg
2018;114723;RWZI Harderwijk;Harderwijk;Kooldioxide (CO2);7385634;kg
2018;114724;RWZI Apeldoorn;Apeldoorn;Kooldioxide (CO2);18208266;kg
2018;114725;RWZI Ede;Ede;Kooldioxide (CO2);10966804;kg
2018;114726;RWZI Nieuwgraaf (Waterschap Rijn en IJssel);Duiven;Kooldioxide (CO2);5236078;kg
2018;114727;RWZI Nijmegen (Waterschap Rivierenland);Weurt;Kooldioxide (CO2);13187926;kg
2018;114728;RWZI Nieuwveer;Breda;Kooldioxide (CO2);11798363;kg
2018;114729;RWZI Aarle-Rixtel (Waterschap Aa en Maas);Aarle-Rixtel;Kooldioxide (CO2);8846593;kg
2018;114730;RWZI Eindhoven (Waterschap De Dommel);Eindhoven;Kooldioxide (CO2);10670005;kg
2018;114731;RWZI Utrecht (Hoogheemraadschap de Stichtse Rijnlanden);Utrecht;Kooldioxide (CO2);11659499;kg
2018;114732;RWZI Venlo;Venlo;Kooldioxide (CO2);10604865;kg
2018;114733;RWZI Hoensbroek;Hoensbroek;Kooldioxide (CO2);3174338;kg
2018;114734;RWZI Enschede;Enschede;Kooldioxide (CO2);14809032;kg
2018;114735;AWZI De Groote Lucht (Hoogheemraadschap van Delfland);Vlaardingen;Kooldioxide (CO2);5386011;kg
2018;114736;RWZI Dokhaven en Slibverwerkingsinstallatie Sluisjesdijk;Rotterdam;Kooldioxide (CO2);13655061;kg
2018;114737;AWZI Kralingseveer (Hoogheemraadschap van Schieland);Capelle aan den Ijssel;Kooldioxide (CO2);10162580;kg
2018;114740;RWZI Susteren;Susteren;Kooldioxide (CO2);11630947;kg
2018;114741;RWZI Amersfoort;Amersfoort;Kooldioxide (CO2);13498681;kg
2018;114743;RWZI Dinther (Waterschap Aa en Maas);Heeswijk-Dinther;Kooldioxide (CO2);6348334;kg
2018;114744;Elsta P&U;Hoek;Kooldioxide (CO2);1447056300;kg
2018;114747;PeakShaver Maasvlakte;Maasvlakte Rotterdam;Kooldioxide (CO2);1055083;kg
2018;114757;Eurogen CV;Botlek Rotterdam;Kooldioxide (CO2);236913000;kg
2018;114758;Farm Dairy BV;Lelystad;Kooldioxide (CO2);1820000;kg
2018;114767;AWZI Houtrust (Hoogheemraadschap van Delfland);'s-Gravenhage;Kooldioxide (CO2);10199041;kg
2018;114772;Fenner Dunlop Conveyor Belting;Drachten;Kooldioxide (CO2);3110500;kg
2018;114785;Smilde Foods BV(Heerenveen);Heerenveen;Kooldioxide (CO2);1772000;kg
2018;114802;Renewi Smink Amersfoort;Hoogland;Kooldioxide (CO2);5941965;kg
2018;114804;Vleeswarenfabriek Persoon BV;Lisse;Kooldioxide (CO2);739000;kg
2018;114814;Recycling Kombinatie REKO B.V.;Vondelingenplaat Rotterdam;Kooldioxide (CO2);21494185;kg
2018;115036;LyondellBasell Covestro Manufacturing Maasvlakte VOF;Maasvlakte Rotterdam;Kooldioxide (CO2);13270871;kg
2018;115037;Teijin Aramid BV (Arnhem);Arnhem;Kooldioxide (CO2);800662;kg
2018;115049;Holonite BV (Tholen);Tholen;Kooldioxide (CO2);122000;kg
2018;115063;Eagle Simrax BV;Kerkrade;Kooldioxide (CO2);275000;kg
2018;115066;Trespa International BV;Weert;Kooldioxide (CO2);27372727;kg
2018;115072;Seasun;Kapelle;Kooldioxide (CO2);32913000;kg
2018;115084;SVP Productie BV - Hulpwarmtecentrale 1;Purmerend;Kooldioxide (CO2);21192219;kg
2018;115085;Enecal Energy VOF;Botlek Rotterdam;Kooldioxide (CO2);173685000;kg
2018;115143;FrieslandCampina Cheese BV (Leerdam);Leerdam;Kooldioxide (CO2);78600;kg
2018;115180;apt Extrusions B.V.;Roermond;Kooldioxide (CO2);4251097;kg
2018;115181;EP NL Rijnmond 1 B.V.;Vondelingenplaat Rotterdam;Kooldioxide (CO2);767127000;kg
2018;115184;RWZI Land van Cuijk (Waterschap Aa en Maas);Haps;Kooldioxide (CO2);4689189;kg
2018;115185;DOC Kaas (Zuivelpark);Hoogeveen;Kooldioxide (CO2);45442174;kg
2018;115186;Yara Vlaardingen BV;Vlaardingen;Kooldioxide (CO2);482916;kg
2018;200002;A. van de Groep en Zonen BV;Bunschoten-Spakenburg;Kooldioxide (CO2);3687000;kg
2018;200131;Hak BV;Giessen;Kooldioxide (CO2);5480340;kg
2018;200141;BV Steenfabriek Hedikhuizen;Heusden;Kooldioxide (CO2);16005000;kg
2018;200188;Kriek Poedercoaten B.V.;Alphen aan den Rijn;Kooldioxide (CO2);372860;kg
2018;200228;Gouda Refractories BV;Gouda;Kooldioxide (CO2);9629000;kg
2018;200286;Wienerberger Steenfabriek Azewijn;Azewijn;Kooldioxide (CO2);18740000;kg
2018;200287;Steenfabriek Engels Helden BV;Panningen;Kooldioxide (CO2);18594495;kg
2018;200292;T. Boer & zn.;Nieuwerkerk aan den Ijssel;Kooldioxide (CO2);610000;kg
2018;200308;LOA VT;Almelo;Kooldioxide (CO2);122000;kg
2018;200312;Vloertegelfabriek Koninklijke Mosa BV;Maastricht;Kooldioxide (CO2);13555475;kg
2018;200314;Supply Point Cuijk BV;Katwijk;Kooldioxide (CO2);365898;kg
2018;200333;Wienerberger Steenfabriek Bemmel;Haalderen;Kooldioxide (CO2);5526000;kg
2018;200355;Dakpanfabriek Narvik Tegelen (Wienberger BV);Tegelen;Kooldioxide (CO2);8607000;kg
2018;200376;Wienerberger Dakpanfabriek Janssen-Dings;Tegelen;Kooldioxide (CO2);10633000;kg
2018;200377;Monier BV (Tegelen);Tegelen;Kooldioxide (CO2);10273000;kg
2018;200407;COATEX Netherlands BV;Moerdijk;Kooldioxide (CO2);732000;kg
2018;200420;Roba Metals B.V.;Farmsum;Kooldioxide (CO2);4820093;kg
2018;200436;Afvalberging Derde Merwedehaven;Dordrecht;Kooldioxide (CO2);8293146;kg
2018;200441;Amcor Specialty Cartons Brabant BV;Bergen op Zoom;Kooldioxide (CO2);1004705;kg
2018;200450;Avri;Geldermalsen;Kooldioxide (CO2);589100;kg
2018;200451;Main B.V. (Jan van Riebeeckhavenweg);Amsterdam;Kooldioxide (CO2);213815;kg
2018;200464;Baggerspeciedepot IJsseloog;Dronten;Kooldioxide (CO2);870;kg
2018;200480;Bostik Nederland B.V.;Roosendaal;Kooldioxide (CO2);1313000;kg
2018;200482;locatie Braambergen (Almere);Almere;Kooldioxide (CO2);272147;kg
2018;200490;LOA Deege;Klundert;Kooldioxide (CO2);387000;kg
2018;200493;Attero B.V. locatie Bergen op Zoom (Kragge);Bergen op Zoom;Kooldioxide (CO2);4070545;kg
2018;200508;Uniper HWC Bezuidenhout-West;'s-Gravenhage;Kooldioxide (CO2);7215574;kg
2018;200512;ESA BV;Apeldoorn;Kooldioxide (CO2);358000;kg
2018;200516;Attero B.V.  locatie Montfort;Montfort;Kooldioxide (CO2);2897990;kg
2018;200518;Attero B.V. Locatie Weert;Weert;Kooldioxide (CO2);1195305;kg
2018;200520;Attero B.V. locatie Schinnen;Schinnen;Kooldioxide (CO2);2388073;kg
2018;200526;Exportslachterij Clazing BV;Zevenhuizen;Kooldioxide (CO2);1800000;kg
2018;200537;Cargill Cocao Aurora;Zaandam;Kooldioxide (CO2);12145164;kg
2018;200538;GMB BioEnergie Zutphen BV;Zutphen;Kooldioxide (CO2);36747544;kg
2018;200551;Heiploeg International BV;Zoutkamp;Kooldioxide (CO2);2755047;kg
2018;200582;Südpack  Grootegast B.V.;Grootegast;Kooldioxide (CO2);4188000;kg
2018;200587;Martens Havenontvangstinstallatie Vlissingen BV;Nieuwdorp;Kooldioxide (CO2);0;kg
2018;200610;Radboudumc & Radboud Universiteit Nijmegen;Nijmegen;Kooldioxide (CO2);16909100;kg
2018;200618;ROVA Afvalverwerkingslocatie Bovenveld;Rheezerveen;Kooldioxide (CO2);355421;kg
2018;200640;Exportslachterij J. Gosschalk & Zn. BV;Epe;Kooldioxide (CO2);1867486;kg
2018;200653;Saturn Petcare;Hattem;Kooldioxide (CO2);5454000;kg
2018;200664;Handelsonderneming A. Smit & Zoon BV;Amersfoort;Kooldioxide (CO2);2943569;kg
2018;200673;Mineralz Zweekhorst BV;Zevenaar;Kooldioxide (CO2);384505;kg
2018;200683;Theo Pouw Beheer BV;Utrecht;Kooldioxide (CO2);155732;kg
2018;200702;Renewi Nieuwegein;Nieuwegein;Kooldioxide (CO2);232548;kg
2018;200719;Wuppermann Staal Nederland BV;Moerdijk;Kooldioxide (CO2);2394810;kg
2018;200758;Lubrizol Advanced Materials Resins BV;Farmsum;Kooldioxide (CO2);434000;kg
2018;200781;FNsteel BV;Alblasserdam;Kooldioxide (CO2);22846978;kg
2018;201012;Renewi Nederland B.V. - Drachten-De Lier;Drachten;Kooldioxide (CO2);531707;kg
2018;201043;REMONDIS PMR B.V.;Moerdijk;Kooldioxide (CO2);746100;kg
2018;201045;locatie Zeeasterweg (Lelystad);Lelystad;Kooldioxide (CO2);233291;kg
2018;201055;Attero B.V. Locatie Haps;Haps;Kooldioxide (CO2);1771571;kg
2018;201151;Enrichment Technology Nederland BV;Almelo;Kooldioxide (CO2);1520000;kg
2018;201172;A. Smit & Zoon BV;Weesp;Kooldioxide (CO2);1230933;kg
2018;201189;Afvalverwerking Stainkoeln B.V.;Groningen;Kooldioxide (CO2);1357218;kg
2018;201203;Sortiva B.V.;Alkmaar;Kooldioxide (CO2);766329;kg
2018;201241;EMMTEC Services BV;Emmen;Kooldioxide (CO2);162984700;kg
2018;201304;BMC Moerdijk BV;Moerdijk;Kooldioxide (CO2);273818279;kg
2018;201326;Aludyne Netherlands B.V.;Oss;Kooldioxide (CO2);5192000;kg
2018;201386;EP NL Sloe Centrale B.V. (Vlissingen);Ritthem;Kooldioxide (CO2);1302467400;kg
2018;201425;Afvalverwerking Vink B.V.;Barneveld;Kooldioxide (CO2);29500000;kg
2018;201503;Valtris AO Maastricht b.v. / Vynova AO Maastricht b.v.;Maastricht;Kooldioxide (CO2);3831201;kg
2018;201541;Olenex Edible Oils B.V.;Vondelingenplaat Rotterdam;Kooldioxide (CO2);13398777;kg
2018;201571;Vattenfall Warmte N.V. (HWC Duiven Westervoort);Westervoort;Kooldioxide (CO2);910785;kg
2018;201596;M&R Claushuis BV;Zeewolde;Kooldioxide (CO2);109311;kg
2018;201639;Solidus Solutions Board Oude Pekela;Oude Pekela;Kooldioxide (CO2);12944983;kg
2018;201986;Eneco HWC Kanaleneiland;Utrecht;Kooldioxide (CO2);8201;kg
2018;202140;Vitelco BV;'s-Hertogenbosch;Kooldioxide (CO2);966000;kg
2018;202159;Fokker Aerospace BV;Papendrecht;Kooldioxide (CO2);4810000;kg
2018;202214;Greif Nederland BV;Europoort Rotterdam;Kooldioxide (CO2);3983628;kg
2018;202229;Bunge Loders Croklaan Rotterdam;Maasvlakte Rotterdam;Kooldioxide (CO2);16582000;kg
2018;202257;Accsys Technologies;Arnhem;Kooldioxide (CO2);3427960;kg
2018;202268;Eneco HWC Overvecht;Utrecht;Kooldioxide (CO2);319031;kg
2018;202298;Evonik Peroxide Netherlands B.V.;Farmsum;Kooldioxide (CO2);32458550;kg
2018;202380;Pluimveeverwerkingsbedrijf Jan van Ee BV;Stroe;Kooldioxide (CO2);1022286;kg
2018;202417;Compressorstation Noord Holland;Anna Paulowna;Kooldioxide (CO2);15182;kg
2018;202418;Eneco HWC Nicolaas Beetsstraat;Utrecht;Kooldioxide (CO2);935592;kg
2018;202419;Eneco HWC Nieuwegein;Nieuwegein;Kooldioxide (CO2);1635689;kg
2018;202578;Mars Food Europe CV;Oud-Beijerland;Kooldioxide (CO2);5790000;kg
2018;202597;Coatinc Groningen B.V.;Groningen;Kooldioxide (CO2);1096000;kg
2018;202662;Pluimveeslachterij G.P. Remkes B.V.;Epe;Kooldioxide (CO2);602117;kg
2018;202692;adapa The Netherlands Amersfoort BV;Amersfoort;Kooldioxide (CO2);1713508;kg
2018;202746;Argent Energy;Amsterdam;Kooldioxide (CO2);27400000;kg
2018;202803;Avery Dennison Materials Nederland BV;Alphen aan den Rijn;Kooldioxide (CO2);1729100;kg
2018;202824;Eneco Merwedekanaal;Utrecht;Kooldioxide (CO2);294119976;kg
2018;202825;Eneco Lage Weide;Utrecht;Kooldioxide (CO2);561944004;kg
2018;202858;Grolsche Bierbrouwerij Nederland B.V.;Enschede;Kooldioxide (CO2);9818657;kg
2018;202863;Ruijtenberg Shipyard BV;Raamsdonksveer;Kooldioxide (CO2);0;kg
2018;202895;Lingezegen Energy B.V.;Bemmel;Kooldioxide (CO2);32422052;kg
2018;202902;GMB BioEnergie Tiel BV;Tiel;Kooldioxide (CO2);16431999;kg
2018;202926;Ulamo Coating B.V.;Ulft;Kooldioxide (CO2);1826827;kg
2018;202928;C & T Technics;Uden;Kooldioxide (CO2);448600;kg
2018;202935;Alblasserdam Yachtbuilding B.V. (Oceanco);Alblasserdam;Kooldioxide (CO2);772800;kg
2018;202962;IHC Sliedrecht Molendijk;Sliedrecht;Kooldioxide (CO2);570563;kg
2018;202990;Alco Energy Rotterdam;Europoort Rotterdam;Kooldioxide (CO2);660617476;kg
2018;202992;Viterra Botlek BV;Botlek Rotterdam;Kooldioxide (CO2);36040992;kg
2018;202999;Renewi Drachten - Stuurboord;Drachten;Kooldioxide (CO2);783902;kg
2018;203083;Exploitatiemaatschappij J ter Horst BV;Varsseveld;Kooldioxide (CO2);131120;kg
2018;203086;JAZO Zevenaar BV;Zevenaar;Kooldioxide (CO2);128107;kg
2018;203155;Vattenfall Power Generation B.V. (HWC Almere Stad);Almere;Kooldioxide (CO2);220821;kg
2018;203159;Eco Fuels Netherlands B.V.;Eemshaven;Kooldioxide (CO2);5640000;kg
2018;203186;RWZI West;Amsterdam;Kooldioxide (CO2);9362699;kg
2018;203220;EEW Energy from Waste Delfzijl B.V.;Farmsum;Kooldioxide (CO2);487453112;kg
2018;203228;RWE Eemshaven Magnum B.V.;Eemshaven;Kooldioxide (CO2);1556816764;kg
2018;203267;Nieboer Recycling & Handel BV;Hoogezand;Kooldioxide (CO2);885340;kg
2018;203273;RWE Eemshaven Holding II B.V.;Eemshaven;Kooldioxide (CO2);8214076878;kg
2018;203284;Steel Protection Oosterhout;Oosterhout;Kooldioxide (CO2);664000;kg
2018;203337;Lieftink Geveltechniek B.V.;Alphen aan den Rijn;Kooldioxide (CO2);121565;kg
2018;203346;Inter-Che-M BV;Beuningen Gld;Kooldioxide (CO2);406124;kg
2018;203411;Pergen VOF;Pernis Rotterdam;Kooldioxide (CO2);1267050948;kg
2018;203416;IHC Krimpen;Krimpen aan den Ijssel;Kooldioxide (CO2);622330;kg
2018;203417;Van Rooi Meat BV (Helmond);Helmond;Kooldioxide (CO2);5545380;kg
2018;203438;Straalbedrijf A.J. den Breejen & Zonen BV;Dordrecht;Kooldioxide (CO2);542200;kg
2018;203496;Reststoffen Energie Centrale (REC);Harlingen;Kooldioxide (CO2);230846253;kg
2018;203505;EP NL Rijnmond 2 B.V.;Vondelingenplaat Rotterdam;Kooldioxide (CO2);726366000;kg
2018;203530;Teijin Aramid BV;Emmen;Kooldioxide (CO2);4217600;kg
2018;203587;Contitank B.V.;Delfzijl;Kooldioxide (CO2);541000;kg
2018;203589;Cerexagri BV;Vondelingenplaat Rotterdam;Kooldioxide (CO2);2483307;kg
2018;203590;Arkema B.V. location Rotterdam;Vondelingenplaat Rotterdam;Kooldioxide (CO2);4337857;kg
2018;203605;Kok Gorinchem BV;Gorinchem;Kooldioxide (CO2);708000;kg
2018;203651;Dutch Advanced Polyesters Emmen B.V.;Emmen;Kooldioxide (CO2);2100000;kg
2018;203738;Fokker Landing Gear;Helmond;Kooldioxide (CO2);702289;kg
2018;203785;Neste Netherlands B.V.;Maasvlakte Rotterdam;Kooldioxide (CO2);52730289;kg
2018;203825;Linde Gas Dieren;Dieren;Kooldioxide (CO2);589868;kg
2018;203843;Putman Recycling BV (Westervoort);Westervoort;Kooldioxide (CO2);1419755;kg
2018;203868;Cérélia Netherlands B.V.;Sliedrecht;Kooldioxide (CO2);4911677;kg
2018;203887;Noblesse Proteins BV;Wijster;Kooldioxide (CO2);3972345;kg
2018;204038;Keizersberg Diervoeders (Elsendorp);Elsendorp;Kooldioxide (CO2);10381;kg
2018;204287;Global Food Group BV;Ospel;Kooldioxide (CO2);611356;kg
2018;204361;EcoFuels;Well L;Kooldioxide (CO2);9849930;kg
2018;204363;Vattenfall Warmte N.V. (HWC Schuytgraaf);Arnhem;Kooldioxide (CO2);656808;kg
2018;204395;Renewi Stadskanaal;Stadskanaal;Kooldioxide (CO2);811080;kg
2018;204412;PreZero Recycling Services Noord B.V.;Groningen;Kooldioxide (CO2);507938;kg
2018;204488;Cumapol Emmen B.V.;Emmen;Kooldioxide (CO2);477000;kg
2018;204492;Ingensche Waarden;Ingen;Kooldioxide (CO2);77400;kg
2018;204497;Summa petfood B.V.;Putten;Kooldioxide (CO2);221821;kg
2018;204522;Ondergrondse aardgasopslag Zuidwending;Veendam;Kooldioxide (CO2);1856299;kg
2018;204552;Gesloten stortplaats De Langenberg;Zelhem;Kooldioxide (CO2);790000;kg
2018;204556;Waterstromen Lichtenvoorde B.V.;Lichtenvoorde;Kooldioxide (CO2);7472929;kg
2018;204602;RWZI Soest;Soest;Kooldioxide (CO2);3945251;kg
2018;204609;Hoogweg Paprikakwekerijen BV;Luttelgeest;Kooldioxide (CO2);39439572;kg
2018;204617;Power Plant Rotterdam;Maasvlakte Rotterdam;Kooldioxide (CO2);3211024524;kg
2018;204654;ENECOGEN V.O.F.;Europoort Rotterdam;Kooldioxide (CO2);1509842108;kg
2018;204667;Aliphos Rotterdam BV;Vlaardingen;Kooldioxide (CO2);5665323;kg
2018;204692;Handelsonderneming Technivet Ermelo BV/Gerbuvet BV;Ermelo;Kooldioxide (CO2);1516039;kg
2018;204763;KH Dairy Sourcing BV;Coevorden;Kooldioxide (CO2);1148960;kg
2018;204851;Air Products HyCO 4 (Botlekweg);Botlek Rotterdam;Kooldioxide (CO2);747998000;kg
2018;204944;Eneco Bio Golden Raand C.V.;Farmsum;Kooldioxide (CO2);367609630;kg
2018;204957;WKC Ypenburg;'s-Gravenhage;Kooldioxide (CO2);36920000;kg
2018;205100;AVISTA OIL B.V.;Roosendaal;Kooldioxide (CO2);264110;kg
2018;205183;Van Merksteijn International B.V.;Almelo;Kooldioxide (CO2);6905861;kg
2018;205186;HWC Ypenburg;'s-Gravenhage;Kooldioxide (CO2);9970000;kg
2018;205221;Vendecs B.V.;Enschede;Kooldioxide (CO2);1956961;kg
2018;205256;DCL Corporation (NL) B.V.;Maastricht;Kooldioxide (CO2);1988000;kg
2018;205276;Diffutherm BV;Hapert;Kooldioxide (CO2);769070;kg
2018;205339;Veco Zuivel B.V.;Zeewolde;Kooldioxide (CO2);966250;kg
2018;205493;Euro Support Advanced Materials B.V.;Uden;Kooldioxide (CO2);1465719;kg
2018;205501;Aspen Oss B.V. (locatie De Geer);Oss;Kooldioxide (CO2);4900000;kg
2018;205503;MRC Plating Products B.V.;Zeewolde;Kooldioxide (CO2);254161;kg
2018;205876;Hartog Containers B.V.;Amersfoort;Kooldioxide (CO2);183458;kg
2018;205961;Chamlon B.V.;Ootmarsum;Kooldioxide (CO2);325000;kg
2018;205962;Gesloten stortplaats De Keyenberg;Wageningen;Kooldioxide (CO2);530000;kg
2018;205965;Amsterdam Meat Company Ameco BV;Apeldoorn;Kooldioxide (CO2);333000;kg
2018;205998;Koster Keunen Holland B.V.;Bladel;Kooldioxide (CO2);284206;kg
2018;206010;Reststoffen Bewerkingsinstallatie;Farmsum;Kooldioxide (CO2);122571;kg
2018;206014;Koole Tankstorage Minerals;Vondelingenplaat Rotterdam;Kooldioxide (CO2);13539782;kg
2018;220121;Hoogheemraadschap Hollands Noorderkwartier RWZI Alkmaar;Alkmaar;Kooldioxide (CO2);2478062;kg
2018;220124;AWZI Almere;Almere;Kooldioxide (CO2);6675723;kg
2018;220131;RWZI Westpoort;Amsterdam;Kooldioxide (CO2);15492250;kg
2018;220133;RWZI Arnhem-Zuid;Arnhem;Kooldioxide (CO2);5541588;kg
2018;220136;RWZI Asten (Waterschap Aa en Maas);Heusden;Kooldioxide (CO2);1718098;kg
2018;220138;RWZI Emmen;Nieuw-Amsterdam;Kooldioxide (CO2);10607098;kg
2018;220139;RWZI Bath;Rilland;Kooldioxide (CO2);11487384;kg
2018;220150;Hoogheemraadschap Hollands Noorderkwartier SDI/RWZI Beverwijk;Beverwijk;Kooldioxide (CO2);33358102;kg
2018;220188;Hoogheemraadschap Hollands Noorderkwartier RWZI Den Helder;Den Helder;Kooldioxide (CO2);2588814;kg
2018;220191;RWZI Deventer;Deventer;Kooldioxide (CO2);4421644;kg
2018;220200;RWZI Dongemond;Oosterhout;Kooldioxide (CO2);6118020;kg
2018;220201;RWZI Dordrecht;Dordrecht;Kooldioxide (CO2);5609064;kg
2018;220209;RWZI Echten;Hoogeveen;Kooldioxide (CO2);7999477;kg
2018;220213;RWZI Elburg;Elburg;Kooldioxide (CO2);3599092;kg
2018;220217;RWZI Etten;Terborg;Kooldioxide (CO2);5397574;kg
2018;220223;Hoogheemraadschap Hollands Noorderkwartier RWZI Geestmerambacht;Warmenhuizen;Kooldioxide (CO2);4778717;kg
2018;220236;AWZI Gouda;Gouda;Kooldioxide (CO2);2384624;kg
2018;220263;RWZI Hellevoetsluis;Hellevoetsluis;Kooldioxide (CO2);1649440;kg
2018;220264;Rioolwaterzuiveringsinstallatie Hengelo;Hengelo;Kooldioxide (CO2);16608891;kg
2018;220276;RWZI Horstermeer (HH Amstel, Gooi en Vechtstreek);Nederhorst den Berg;Kooldioxide (CO2);3979020;kg
2018;220286;AWZI Katwijk;Katwijk;Kooldioxide (CO2);5177782;kg
2018;220297;RWZI Leeuwarden;Leeuwarden;Kooldioxide (CO2);6165408;kg
2018;220298;AWZI Leiden Noord;Leiden;Kooldioxide (CO2);3125967;kg
2018;220299;AWZI Leiden Zuidwest;Leiden;Kooldioxide (CO2);4355545;kg
2018;220301;AWZI Lelystad;Lelystad;Kooldioxide (CO2);2884804;kg
2018;220304;RWZI Maastricht-Limmel;Maastricht;Kooldioxide (CO2);4063933;kg
2018;220326;AWZI Nieuwe Waterweg;Hoek Van Holland;Kooldioxide (CO2);4119969;kg
2018;220328;RWZI Nieuwegein;Nieuwegein;Kooldioxide (CO2);5629338;kg
2018;220333;AWZI Tollebeek;Tollebeek;Kooldioxide (CO2);4874009;kg
2018;220364;RWZI Renkum;Renkum;Kooldioxide (CO2);2625220;kg
2018;220369;RWZI Rijen;Rijen;Kooldioxide (CO2);2290638;kg
2018;220376;Rioolwaterzuiveringsinstallatie (RWZI) Roermond;Roermond;Kooldioxide (CO2);5158209;kg
2018;220382;RWZI Schelluinen;Schelluinen;Kooldioxide (CO2);1662523;kg
2018;220387;RWZI Den Bosch (Waterschap Aa en Maas);'s-Hertogenbosch;Kooldioxide (CO2);11724311;kg
2018;220392;RWZI Sleeuwijk/Zuivering Sleeuwijk;Sleeuwijk;Kooldioxide (CO2);1135775;kg
2018;220410;RWZI Terneuzen;Terneuzen;Kooldioxide (CO2);2154203;kg
2018;220412;RWZI Terwolde;Terwolde;Kooldioxide (CO2);1002435;kg
2018;220416;RWZI Tilburg Noord;Tilburg;Kooldioxide (CO2);18011495;kg
2018;220429;RWZI Veenendaal;Overberg;Kooldioxide (CO2);3747177;kg
2018;220432;RWZI Vinkel (Waterschap Aa en Maas);Vinkel;Kooldioxide (CO2);1473686;kg
2018;220443;RWZI Walcheren;Ritthem;Kooldioxide (CO2);5021817;kg
2018;220451;Hoogheemraadschap Hollands Noorderkwartier RWZI Wervershoof;Wervershoof;Kooldioxide (CO2);8433567;kg
2018;220460;RWZI Willem Annapolder;Kapelle;Kooldioxide (CO2);2951829;kg
2018;220469;Hoogheemraadschap Hollands Noorderkwartier RWZI Zaandam-Oost;Zaandam;Kooldioxide (CO2);3025053;kg
2018;220478;RWZI Zutphen;Zutphen;Kooldioxide (CO2);5221961;kg
2018;220481;RWZI Zwijndrecht;Zwijndrecht;Kooldioxide (CO2);2664913;kg
2018;220482;RWZI Zwolle;Zwolle;Kooldioxide (CO2);6506811;kg
2018;220537;RWZI Harnaschpolder (Hoogheemraadschap van Delfland);Den Hoorn;Kooldioxide (CO2);30428252;kg
2019;59;Koninklijke Mosa BV Wandtegelfabriek & Vloertegelfabriek;Maastricht;Kooldioxide (CO2);20902973;kg
2019;60;Sappi Maastricht BV;Maastricht;Kooldioxide (CO2);162305826;kg
2019;62;Chemelot Site Permit BV;Geleen;Kooldioxide (CO2);4090505988;kg
2019;65;PQ Silicas BV;Eijsden;Kooldioxide (CO2);22580251;kg
2019;66;Marsna Paper B.V.;Meerssen;Kooldioxide (CO2);3117923;kg
2019;79;Steenfabriek Linssen BV;Kerkrade;Kooldioxide (CO2);3196113;kg
2019;90;VDL Castings Heerlen BV;Hoensbroek;Kooldioxide (CO2);8076130;kg
2019;94;Steenfabriek Gebroeders Klinkers BV;Maastricht;Kooldioxide (CO2);9223000;kg
2019;95;Vandersanden Beek BV;Beek;Kooldioxide (CO2);7524000;kg
2019;113;VDL Nedcar B.V.;Born;Kooldioxide (CO2);25777376;kg
2019;125;Stichting Parkmanagement Wolfsweg 75;Eygelshoven;Kooldioxide (CO2);882722;kg
2019;148;ENCI BV (Maastricht);Maastricht;Kooldioxide (CO2);13511169;kg
2019;151;O-I Netherlands BV (Maastricht);Maastricht;Kooldioxide (CO2);89501179;kg
2019;159;Fenzi AGT Netherlands B.V.;Maastricht;Kooldioxide (CO2);2894709;kg
2019;174;Tata Steel Nederland Tubes BV locatie Maastricht;Maastricht;Kooldioxide (CO2);709700;kg
2019;325;Lawter Maastricht BV;Maastricht;Kooldioxide (CO2);2716000;kg
2019;326;Wienerberger Steenfabriek Poriso;Brunssum;Kooldioxide (CO2);24665354;kg
2019;1104;Solvay Chemie BV;Herten;Kooldioxide (CO2);2570333;kg
2019;1107;Nouryon Functional Chemicals B.V.;Herkenbosch;Kooldioxide (CO2);11507856;kg
2019;3062;Verzinkerij Van Aert BV;Nederweert;Kooldioxide (CO2);1374000;kg
2019;3068;Coatinc Mook B.V.;Mook;Kooldioxide (CO2);1970000;kg
2019;3509;VDL Castings Weert BV;Weert;Kooldioxide (CO2);974867;kg
2019;3513;MGG Netherlands BV;Tegelen;Kooldioxide (CO2);4842260;kg
2019;4001;Clauscentrale;Maasbracht;Kooldioxide (CO2);126328000;kg
2019;4301;Smurfit Westrock Roermond Paper BV;Roermond;Kooldioxide (CO2);165412851;kg
2019;4709;Kleiwarenfabriek Joosten Kessel BV;Kessel;Kooldioxide (CO2);9679000;kg
2019;4711;Wienerberger Steenfabriek Thorn;Thorn;Kooldioxide (CO2);13333811;kg
2019;4731;Xella Kalkzandsteen De Hazelaar BV;Koningsbosch;Kooldioxide (CO2);7980000;kg
2019;4753;Rockwool B.V.;Roermond;Kooldioxide (CO2);154296000;kg
2019;5726;Wienerberger Steenfabriek Nuance;Afferden L;Kooldioxide (CO2);6072107;kg
2019;5727;EverZinc Nederland B.V.;Eijsden;Kooldioxide (CO2);21158581;kg
2019;5729;Celanese Production Netherlands B.V.;Geleen;Kooldioxide (CO2);1212728;kg
2019;5739;E-MAX BILLETS;Kerkrade;Kooldioxide (CO2);19889930;kg
2019;5740;WEPA Nederland B.V.;Swalmen;Kooldioxide (CO2);10057000;kg
2019;5750;FrieslandCampina Born;Born;Kooldioxide (CO2);7220000;kg
2019;5801;Schiffers Food BV;Hoensbroek;Kooldioxide (CO2);2060017;kg
2019;5804;PQ Nederland BV;Maastricht;Kooldioxide (CO2);13418245;kg
2019;5821;Attero B.V. locatie Landgraaf;Landgraaf;Kooldioxide (CO2);5417506;kg
2019;9003;Everris International BV;Heerlen;Kooldioxide (CO2);8033000;kg
2019;9013;Refresco Benelux BV;Sittard;Kooldioxide (CO2);8100655;kg
2019;10001;Nobian Industrial Chemicals BV (Rotterdam);Botlek Rotterdam;Kooldioxide (CO2);109850194;kg
2019;10002;Nouryon Performance Formulations b.v.;Europoort Rotterdam;Kooldioxide (CO2);237476;kg
2019;10003;Synres B.V.;Hoek Van Holland;Kooldioxide (CO2);6838700;kg
2019;10004;Lyondell Chemical Nederland Ltd.;Botlek Rotterdam;Kooldioxide (CO2);307183295;kg
2019;10006;Shell Nederland Chemie BV (Pernis);Vondelingenplaat Rotterdam;Kooldioxide (CO2);33381265;kg
2019;10016;Climax Molybdenum BV;Botlek Rotterdam;Kooldioxide (CO2);11340997;kg
2019;10042;Kemira Rotterdam B.V. - locatie Botlek;Botlek Rotterdam;Kooldioxide (CO2);161500;kg
2019;10048;Compaxo Gouda BV;Gouda;Kooldioxide (CO2);4000000;kg
2019;10057;Shell Nederland Raffinaderij BV;Vondelingenplaat Rotterdam;Kooldioxide (CO2);4377787717;kg
2019;10058;BP Raffinaderij Rotterdam B.V.;Europoort Rotterdam;Kooldioxide (CO2);2151299000;kg
2019;10059;Gunvor Energy Rotterdam B.V. (GPR);Europoort Rotterdam;Kooldioxide (CO2);409775927;kg
2019;10061;Esso Nederland BV (Raffinaderij Rotterdam);Botlek Rotterdam;Kooldioxide (CO2);2829200644;kg
2019;10063;AVR-Afvalverwerking;Botlek Rotterdam;Kooldioxide (CO2);1722600000;kg
2019;10064;Almatis BV;Botlek Rotterdam;Kooldioxide (CO2);18241435;kg
2019;10066;Kemira Rotterdam BV locatie Europoort;Europoort Rotterdam;Kooldioxide (CO2);6380000;kg
2019;10069;Standic BV;Dordrecht;Kooldioxide (CO2);2769147;kg
2019;10073;Tronox Pigments (Holland) BV;Botlek Rotterdam;Kooldioxide (CO2);84190047;kg
2019;10076;HVC AfvalEnergieCentrale Dordrecht;Dordrecht;Kooldioxide (CO2);314300000;kg
2019;10079;Chemours Netherlands B.V.;Dordrecht;Kooldioxide (CO2);56423741;kg
2019;10086;NV Nutricia Zoetermeer;Zoetermeer;Kooldioxide (CO2);10984555;kg
2019;10089;Prysmian Netherlands B.V.;Delft;Kooldioxide (CO2);480039;kg
2019;10097;SD Guthrie International Zwijndrecht Refinery B.V.;Zwijndrecht;Kooldioxide (CO2);51833459;kg
2019;10100;Bakelite Botlek Rotterdam;Botlek Rotterdam;Kooldioxide (CO2);5338000;kg
2019;10546;Lactalis Leerdammer BV (Schoonrewoerd);Schoonrewoerd;Kooldioxide (CO2);10006020;kg
2019;10590;FrieslandCampina Rotterdam;Rotterdam;Kooldioxide (CO2);2589328;kg
2019;10621;Hunter Douglas Europe BV;Rotterdam;Kooldioxide (CO2);5339782;kg
2019;10687;Biotech Campus Delft;Delft;Kooldioxide (CO2);75958630;kg
2019;10689;Air Products Nederland BV (Botlek);Botlek Rotterdam;Kooldioxide (CO2);86322881;kg
2019;10698;Cargill Bioindustrial BV;Gouda;Kooldioxide (CO2);35054154;kg
2019;10723;O-I Netherlands BV (Leerdam);Leerdam;Kooldioxide (CO2);103437888;kg
2019;10728;Cargill Refined Oils Europe;Botlek Rotterdam;Kooldioxide (CO2);25082370;kg
2019;10733;Upfield Sourcing Nederland BV;Rotterdam;Kooldioxide (CO2);2715000;kg
2019;10789;BMI Productie Nederland BV Woerden;Woerden;Kooldioxide (CO2);12296000;kg
2019;10793;Tata Steel Nederland Tubes BV locatie Zwijndrecht;Zwijndrecht;Kooldioxide (CO2);1935653;kg
2019;10829;Cosun Beet company (Puttershoek);Puttershoek;Kooldioxide (CO2);417000;kg
2019;10921;Damen Shiprepair Rotterdam BV;Schiedam;Kooldioxide (CO2);1742830;kg
2019;10928;Aluminium & Chemie Rotterdam B.V.;Botlek Rotterdam;Kooldioxide (CO2);84876875;kg
2019;10950;N+P Rotterdam MRF B.V.;Rotterdam;Kooldioxide (CO2);255941;kg
2019;10951;Uniper Centrale Leiden;Leiden;Kooldioxide (CO2);164802000;kg
2019;10953;Uniper Centrale Den Haag;'s-Gravenhage;Kooldioxide (CO2);140348000;kg
2019;10982;Galvanisch Bedrijf Chromolux;Rotterdam;Kooldioxide (CO2);312877;kg
2019;10983;IHC Kinderdijk;Nieuw-Lekkerland;Kooldioxide (CO2);1608774;kg
2019;10998;Draka Interfoam;Hillegom;Kooldioxide (CO2);892322;kg
2019;11024;Cabot B.V.;Botlek Rotterdam;Kooldioxide (CO2);227104000;kg
2019;11034;Dossche Mils NV;Rotterdam;Kooldioxide (CO2);3547234;kg
2019;11046;PURAC Biochem B.V.;Gorinchem;Kooldioxide (CO2);24866928;kg
2019;11047;Vecom Metal Treatment BV;Maassluis;Kooldioxide (CO2);165000;kg
2019;11090;Chane Terminal Botlek B.V.;Botlek Rotterdam;Kooldioxide (CO2);35714744;kg
2019;11105;Heineken Netherlands Supply B.V., brouwerij Zoeterwoude;Zoeterwoude;Kooldioxide (CO2);77940094;kg
2019;11111;Ashland Industries Nederland B.V.;Zwijndrecht;Kooldioxide (CO2);17911400;kg
2019;11230;Damen Verolme BV;Botlek Rotterdam;Kooldioxide (CO2);2180889;kg
2019;11235;RZB Holding BV;Rotterdam;Kooldioxide (CO2);16030;kg
2019;11366;LANXESS Rotterdam Botlek;Botlek Rotterdam;Kooldioxide (CO2);72086461;kg
2019;11532;Coatinc Alblasserdam BV;Alblasserdam;Kooldioxide (CO2);1944000;kg
2019;11658;Farm Frites BV;Oudenhoorn;Kooldioxide (CO2);33073723;kg
2019;12134;Archer Daniels Midland Europoort BV (ADM);Europoort Rotterdam;Kooldioxide (CO2);146570000;kg
2019;12135;ExxonMobil Chemical Holland BV (ROP van RPI);Europoort Rotterdam;Kooldioxide (CO2);54949428;kg
2019;12149;Uniper Benelux NV (Maasvlakte);Maasvlakte Rotterdam;Kooldioxide (CO2);2920568759;kg
2019;12150;Uniper Centrale RoCa;Rotterdam;Kooldioxide (CO2);345329060;kg
2019;12151;Uniper HWC Blekerstraat;Rotterdam;Kooldioxide (CO2);55000;kg
2019;12152;Uniper HWC Delftsevaart;Rotterdam;Kooldioxide (CO2);3441941;kg
2019;12157;HVC ZVI B.V.;Dordrecht;Kooldioxide (CO2);14270690;kg
2019;12158;HVC Slibverbrandingsinstallatie;Dordrecht;Kooldioxide (CO2);124000000;kg
2019;12162;Evos Rotterdam B.V.;Europoort Rotterdam;Kooldioxide (CO2);13103504;kg
2019;12163;EPS BV;Hendrik-Ido-Ambacht;Kooldioxide (CO2);560208;kg
2019;12166;TU Delft Warmtekrachtcentrale;Delft;Kooldioxide (CO2);15673843;kg
2019;12167;UZIMET BV;Rijswijk;Kooldioxide (CO2);795762;kg
2019;12168;INV NYLON CHEMICALS NETHERLANDS B.V.;Botlek Rotterdam;Kooldioxide (CO2);5948483;kg
2019;12170;FrieslandCampina Maasdam;Maasdam;Kooldioxide (CO2);4854149;kg
2019;12171;Zuivelfabriek De Graafstroom;Bleskensgraaf Ca;Kooldioxide (CO2);4203016;kg
2019;12172;Promelca B.V. (Gorinchem);Gorinchem;Kooldioxide (CO2);52503559;kg
2019;12174;Ducor Petrochemicals B.V.;Botlek Rotterdam;Kooldioxide (CO2);15935400;kg
2019;12175;Air Liquide Industrie BV;Botlek Rotterdam;Kooldioxide (CO2);915412183;kg
2019;12177;VPR Energy B.V.;Europoort Rotterdam;Kooldioxide (CO2);107803596;kg
2019;19004;ExxonMobil Chemical Holland BV (RPP van RPI);Botlek Rotterdam;Kooldioxide (CO2);27195000;kg
2019;19032;Janssen Biologics BV;Leiden;Kooldioxide (CO2);3860000;kg
2019;19048;Refresco Benelux BV;Bodegraven;Kooldioxide (CO2);4971800;kg
2019;19070;Indorama Ventures Europe BV;Europoort Rotterdam;Kooldioxide (CO2);138130000;kg
2019;19071;Shin-Etsu PVC BV (VCM Botlek);Botlek Rotterdam;Kooldioxide (CO2);101567691;kg
2019;19072;FrieslandCampina Nederland B.V.;Noordwijk;Kooldioxide (CO2);2187024;kg
2019;19073;Westlake Epoxy B.V.;Vondelingenplaat Rotterdam;Kooldioxide (CO2);32093062;kg
2019;21010;Sonneborn Refined Products BV (Amsterdam);Amsterdam;Kooldioxide (CO2);13321849;kg
2019;21011;Rütgers Resins B.V.;Uithoorn;Kooldioxide (CO2);3976000;kg
2019;21101;Ketjen Netherlands BV;Amsterdam;Kooldioxide (CO2);68660350;kg
2019;21102;ICL FERTILIZERS EUROPE C.V.;Amsterdam;Kooldioxide (CO2);13100000;kg
2019;21302;Abbott Healthcare Products BV (Weesp);Weesp;Kooldioxide (CO2);12240987;kg
2019;21304;Givaudan Nederland B.V. (Naarden);Naarden;Kooldioxide (CO2);5085000;kg
2019;21403;Norit Nederland BV (Zaandam);Zaandam;Kooldioxide (CO2);32903982;kg
2019;21507;MAIN BV;Amsterdam;Kooldioxide (CO2);475218;kg
2019;21528;N.V. Nederlandse Gasunie (Wieringermeer);Middenmeer;Kooldioxide (CO2);12877797;kg
2019;21529;Gasunie Transport Services B.V.;Heemskerk;Kooldioxide (CO2);447023;kg
2019;21530;OQ Chemicals Nederland BV;Amsterdam;Kooldioxide (CO2);1207496;kg
2019;22006;FrieslandCampina Nederland B.V. Lutjewinkel;Lutjewinkel;Kooldioxide (CO2);6905902;kg
2019;22012;CONO Kaasmakers (Middenbeemster);Westbeemster;Kooldioxide (CO2);8867886;kg
2019;22102;Bunge Loders Croklaan Worrmerveer;Wormerveer;Kooldioxide (CO2);19027305;kg
2019;22201;Olam Cocoa BV;Koog aan de Zaan;Kooldioxide (CO2);20795625;kg
2019;22209;Cargill Cocoa Wormer;Wormer;Kooldioxide (CO2);5910000;kg
2019;22602;Tate & Lyle Netherlands BV;Koog aan de Zaan;Kooldioxide (CO2);77985036;kg
2019;22617;Bunge Netherlands BV;Amsterdam;Kooldioxide (CO2);61990000;kg
2019;22626;Cargill BV (Multiseed);Amsterdam;Kooldioxide (CO2);30493251;kg
2019;23301;Tata Steel IJmuiden BV;Velsen-Noord;Kooldioxide (CO2);6348970080;kg
2019;24000;Vattenfall Power Generation B.V. (Hemweg);Amsterdam;Kooldioxide (CO2);3209124726;kg
2019;24002;Vattenfall Power Generation B.V. (Diemen);Diemen;Kooldioxide (CO2);1287229119;kg
2019;24003;Vattenfall Power Generation B.V. (Velsen);Velsen-Noord;Kooldioxide (CO2);3875962353;kg
2019;24302;Crown van Gelder International B.V.;Velsen-Noord;Kooldioxide (CO2);126099105;kg
2019;24605;Forbo Flooring BV;Assendelft;Kooldioxide (CO2);13455676;kg
2019;24606;BN International BV;Huizen;Kooldioxide (CO2);6162021;kg
2019;28070;Alpha Assembly Solutions Netherlands BV;Naarden;Kooldioxide (CO2);172000;kg
2019;28072;Quaker Chemical B.V. (A Quaker Houghton Company);Uithoorn;Kooldioxide (CO2);2315032;kg
2019;28085;AEB Amsterdam;Amsterdam;Kooldioxide (CO2);1082233307;kg
2019;28091;HVC N.V.;Alkmaar;Kooldioxide (CO2);1060120150;kg
2019;28094;Linde Gas IJmuiden;Velsen-Noord;Kooldioxide (CO2);3643216;kg
2019;28167;ADM WILD Netherlands B.V.;Amsterdam;Kooldioxide (CO2);1361000;kg
2019;28175;Waeles Nederland BV;Nieuw-Vennep;Kooldioxide (CO2);162858;kg
2019;28176;Vattenfall Power Generation B.V. (IJmond 1);Velsen-Noord;Kooldioxide (CO2);1751361923;kg
2019;31311;CARBOGEN AMCIS B.V.;Veenendaal;Kooldioxide (CO2);2190000;kg
2019;33101;voestalpine Automotive Components Bunschoten B.V.;Bunschoten-Spakenburg;Kooldioxide (CO2);7213;kg
2019;33104;Trivium Aluminium Packaging Netherlands B.V.;Veenendaal;Kooldioxide (CO2);4450000;kg
2019;33414;IQatalyst B.V.;De Meern;Kooldioxide (CO2);8859234;kg
2019;34303;Remia CV;Den Dolder;Kooldioxide (CO2);5380000;kg
2019;38002;Stichting AL-terrein;Bilthoven;Kooldioxide (CO2);12766929;kg
2019;39103;Koninklijke ERU Kaasfabriek B.V.;Woerden;Kooldioxide (CO2);519466;kg
2019;39105;Vrumona;Bunnik;Kooldioxide (CO2);5601398;kg
2019;41003;Shell Nederland Chemie BV (Moerdijk);Moerdijk;Kooldioxide (CO2);2280081276;kg
2019;41101;SABIC Innovative Plastics BV;Bergen op Zoom;Kooldioxide (CO2);258066777;kg
2019;41102;Allnex Netherlands B.V.;Bergen op Zoom;Kooldioxide (CO2);9809791;kg
2019;41103;Synthos Breda BV;Breda;Kooldioxide (CO2);6623251;kg
2019;41106;IFF Nederland BV;Tilburg;Kooldioxide (CO2);8499893;kg
2019;41113;BEWI RAW BV;Etten-Leur;Kooldioxide (CO2);6729402;kg
2019;41402;Trobas Gelatine B.V.;Dongen;Kooldioxide (CO2);9372398;kg
2019;41428;Covestro (Netherlands) B.V., vestiging Waalwijk;Waalwijk;Kooldioxide (CO2);4229060;kg
2019;41502;Ravenstein;Ravenstein;Kooldioxide (CO2);3076469;kg
2019;41521;Afvalstoffen Terminal Moerdijk BV (ATM);Moerdijk;Kooldioxide (CO2);198915839;kg
2019;42022;Nutricia Cuijk B.V.;Cuijk;Kooldioxide (CO2);2873805;kg
2019;42034;FrieslandCampina DMV B.V.;Veghel;Kooldioxide (CO2);83980000;kg
2019;42206;Mars Nederland BV;Veghel;Kooldioxide (CO2);11281000;kg
2019;42310;Cosun Beet Company-Dinteloord;Dinteloord;Kooldioxide (CO2);120029000;kg
2019;42408;Swinkels Family Brewers N.V.;Lieshout;Kooldioxide (CO2);48433000;kg
2019;42410;Heineken Netherlands Supply B.V. (Den Bosch);'s-Hertogenbosch;Kooldioxide (CO2);15203464;kg
2019;42411;Coca Cola Europacific Partners BV;Dongen;Kooldioxide (CO2);2618000;kg
2019;42629;Cargill BV;Bergen op Zoom;Kooldioxide (CO2);70580261;kg
2019;42823;Zwanenberg Food Oss b.v.;Oss;Kooldioxide (CO2);11176000;kg
2019;42834;Rendac Son BV;Son en Breugel;Kooldioxide (CO2);84349336;kg
2019;43002;Mannesmann Precision Tubes Netherlands BV;Helmond;Kooldioxide (CO2);2327900;kg
2019;43003;Tata Steel Nederland Tubes BV locatie Oosterhout;Oosterhout;Kooldioxide (CO2);1940700;kg
2019;43013;Nyrstar Budel BV;Budel-Dorplein;Kooldioxide (CO2);28792568;kg
2019;43024;Nedschroef Helmond BV;Helmond;Kooldioxide (CO2);7134901;kg
2019;43139;Ardagh Metal Packaging Netherlands B.V.;Oss;Kooldioxide (CO2);132000;kg
2019;43205;Coatinc West Brabant BV;Oudenbosch;Kooldioxide (CO2);292000;kg
2019;43210;Aalberts Surface Technologies BV;Eindhoven;Kooldioxide (CO2);856336;kg
2019;43216;SPGPrints;Boxmeer;Kooldioxide (CO2);2780592;kg
2019;43400;GTO Plating BV;'s-Hertogenbosch;Kooldioxide (CO2);153973;kg
2019;43403;DAF Trucks N.V.;Eindhoven;Kooldioxide (CO2);26151172;kg
2019;43513;LDM b.v.;Drunen;Kooldioxide (CO2);1676583;kg
2019;43856;Hydro Extrusion Drunen;Drunen;Kooldioxide (CO2);9831241;kg
2019;43869;Efté Coating BV;Eindhoven;Kooldioxide (CO2);701334;kg
2019;44004;Amer Centrale;Geertruidenberg;Kooldioxide (CO2);3010856521;kg
2019;44006;RWZI Oijen (Waterschap Aa en Maas);Oijen;Kooldioxide (CO2);5862674;kg
2019;44007;PreZero Energy Roosendaal B.V.;Roosendaal;Kooldioxide (CO2);393424794;kg
2019;44008;Ennatuurlijk BV, WKC Helmond;Helmond;Kooldioxide (CO2);57867816;kg
2019;44009;BV Afvalverbranding Zuid Nederland (AZN);Moerdijk;Kooldioxide (CO2);997706023;kg
2019;44162;Vlisco Netherlands BV;Helmond;Kooldioxide (CO2);20438548;kg
2019;44301;Saica Flex Netherlands B.V.;Etten-Leur;Kooldioxide (CO2);1795738;kg
2019;44709;Steenfabriek Engels Oeffelt BV;Oeffelt;Kooldioxide (CO2);15009329;kg
2019;44772;Ardagh Glass Dongen BV;Dongen;Kooldioxide (CO2);90061026;kg
2019;44773;Saint Gobain Construction Products NL BV;Etten-Leur;Kooldioxide (CO2);49621827;kg
2019;45669;Caligen Europe BV;Breda;Kooldioxide (CO2);331840;kg
2019;47001;Slibverwerking Noord-Brabant NV;Moerdijk;Kooldioxide (CO2);148061000;kg
2019;48002;Unipol Holland BV;Oss;Kooldioxide (CO2);4608154;kg
2019;48018;FUJIFILM Manufacturing Europe B.V.;Tilburg;Kooldioxide (CO2);35339602;kg
2019;48022;Dr. W. Kolb Nederland BV;Klundert;Kooldioxide (CO2);2494647;kg
2019;48023;FrieslandCampina Rijkevoort (Holland Cheese);Rijkevoort;Kooldioxide (CO2);8647899;kg
2019;48024;Essity Operations Cuijk B.V.;Katwijk NB;Kooldioxide (CO2);11984431;kg
2019;48031;FrieslandCampina Butter & Milkpowder - Den Bosch;'s-Hertogenbosch;Kooldioxide (CO2);2915394;kg
2019;48051;KBM Master Alloys BV (Oss);Oss;Kooldioxide (CO2);580240;kg
2019;48054;Van Swaay Duurzaam Hout Schijndel;Schijndel;Kooldioxide (CO2);282000;kg
2019;48061;Verzinkerij Meerveldhoven BV;Veldhoven;Kooldioxide (CO2);2183539;kg
2019;48067;Remat Chemie BV;Helmond;Kooldioxide (CO2);1031305;kg
2019;48073;Nedzink BV;Budel-Dorplein;Kooldioxide (CO2);786777;kg
2019;48082;Ennatuurlijk BV, PS Breda;Breda;Kooldioxide (CO2);18848;kg
2019;48084;Ennatuurlijk BV, WKC Eindhoven;Eindhoven;Kooldioxide (CO2);7596790;kg
2019;48113;Keizersberg Diervoeders Elsendorp B.V.;Milheeze;Kooldioxide (CO2);77908;kg
2019;48132;Pali Geldrop BV;Geldrop;Kooldioxide (CO2);1210619;kg
2019;48177;Peka Kroef B.V. Odiliapeel;Odiliapeel;Kooldioxide (CO2);9057865;kg
2019;49006;WKC Moerdijk;Moerdijk;Kooldioxide (CO2);801140724;kg
2019;49010;Basell Benelux B.V.;Moerdijk;Kooldioxide (CO2);13531000;kg
2019;49013;Ardagh Glass Moerdijk BV;Moerdijk;Kooldioxide (CO2);49512493;kg
2019;49016;BECC B.V.;Katwijk NB;Kooldioxide (CO2);174182631;kg
2019;49026;Attero B.V. locatie Tilburg (Spinder);Tilburg;Kooldioxide (CO2);7468859;kg
2019;49033;Agristo Tilburg BV;Tilburg;Kooldioxide (CO2);35560000;kg
2019;51101;Synthomer Middelburg BV;Middelburg;Kooldioxide (CO2);56104600;kg
2019;51102;Rosier Nederland B.V.;Sas Van GEnt;Kooldioxide (CO2);16736871;kg
2019;51104;Dow Benelux BV (Hoek);Hoek;Kooldioxide (CO2);4030704610;kg
2019;51105;YARA Sluiskil BV;Sluiskil;Kooldioxide (CO2);3167115177;kg
2019;51107;ARKEMA B.V. location Vlissingen;Vlissingen;Kooldioxide (CO2);5421053;kg
2019;51404;ICL-IP Terneuzen BV;Terneuzen;Kooldioxide (CO2);15149800;kg
2019;51501;Zeeland Refinery N.V.;Nieuwdorp;Kooldioxide (CO2);1588718219;kg
2019;52612;Cargill Benelux BV;Sas Van GEnt;Kooldioxide (CO2);265052584;kg
2019;52615;Koninklijke Zeelandia;Zierikzee;Kooldioxide (CO2);1674799;kg
2019;53129;Damen Schelde Naval Shipbuilding B.V. en Damen Shiprepair Vlissingen B.V.;Ritthem;Kooldioxide (CO2);1753920;kg
2019;53504;Zeeland Aluminium Company (Zalco BV);Vlissingen;Kooldioxide (CO2);15790483;kg
2019;56118;Stepan Nederland BV;Ritthem;Kooldioxide (CO2);3548167;kg
2019;56125;Stortplaats Noord- en Midden-Zeeland BV (OLAZ);Nieuwdorp;Kooldioxide (CO2);5521792;kg
2019;61213;PPG Coatings B.V.;Tiel;Kooldioxide (CO2);1259832;kg
2019;61411;Sonac Vuren BV;Vuren;Kooldioxide (CO2);32356075;kg
2019;61418;SACHEM Europe BV;Zaltbommel;Kooldioxide (CO2);3690206;kg
2019;61424;Veolia Industriediensten BV;Arnhem;Kooldioxide (CO2);22749968;kg
2019;61436;Givaudan Nederland BV (Barneveld);Barneveld;Kooldioxide (CO2);1780000;kg
2019;61517;Gasunie Zweekhorst;Zevenaar;Kooldioxide (CO2);2216741;kg
2019;62009;FrieslandCampina Butter&Milkpowder (Lochem);Lochem;Kooldioxide (CO2);31857760;kg
2019;62010;Nestlé Nederland BV (Nunspeet);Nunspeet;Kooldioxide (CO2);15939591;kg
2019;62013;FrieslandCampina Steenderen;Steenderen;Kooldioxide (CO2);4138965;kg
2019;62025;FrieslandCampina (Borculo);Borculo;Kooldioxide (CO2);69410459;kg
2019;62031;Arla Foods BV;Nijkerk;Kooldioxide (CO2);11098270;kg
2019;62108;Polskamp BV;Ermelo;Kooldioxide (CO2);1138529;kg
2019;62406;Riedel BV;Ede;Kooldioxide (CO2);1890719;kg
2019;62509;H.J. Heinz Holding BV;Elst;Kooldioxide (CO2);6297714;kg
2019;62512;Struik Foods Netherlands;Nijkerk;Kooldioxide (CO2);5530000;kg
2019;62802;Ekro BV;Apeldoorn;Kooldioxide (CO2);1639130;kg
2019;62806;VION Apeldoorn b.v.;Apeldoorn;Kooldioxide (CO2);2649150;kg
2019;62812;Compaxo Vlees Zevenaar BV;Zevenaar;Kooldioxide (CO2);3660000;kg
2019;62852;Pluimveeslachterij Van den Bor BV;Nijkerkerveen;Kooldioxide (CO2);1103586;kg
2019;62859;Plukon Wezep BV;Wezep;Kooldioxide (CO2);110000;kg
2019;62925;Aviko BV;Steenderen;Kooldioxide (CO2);66880000;kg
2019;62928;CelaVita Foods b.v.;Wezep;Kooldioxide (CO2);6702455;kg
2019;63012;KME Netherlands B.V.;Zutphen;Kooldioxide (CO2);4573854;kg
2019;63399;Scheepswerf De Hoop BV;Tolkamer;Kooldioxide (CO2);538255;kg
2019;63504;Gieterij Doesburg BV;Doesburg;Kooldioxide (CO2);888597;kg
2019;63505;Vulcanus Castings BV;Doetinchem;Kooldioxide (CO2);3001008;kg
2019;63508;Nijmeegsche IJzergieterij BV;Nijmegen;Kooldioxide (CO2);5748843;kg
2019;63509;LF Casting B.V.;Terborg;Kooldioxide (CO2);1432616;kg
2019;63643;Veco B.V.;Eerbeek;Kooldioxide (CO2);1018150;kg
2019;63669;Coatinc Anox bv.;Scherpenzeel;Kooldioxide (CO2);152954;kg
2019;64004;AVR Afvalverwerking BV (Duiven);Duiven;Kooldioxide (CO2);1359047750;kg
2019;64005;ARN B.V.;Weurt;Kooldioxide (CO2);320184221;kg
2019;64134;Sonac Loenen BV;Loenen;Kooldioxide (CO2);3730000;kg
2019;64304;Papierfabriek Doetinchem bv;Doetinchem;Kooldioxide (CO2);20024886;kg
2019;64328;Koninklijke VIVBuisman B.V.;Zelhem;Kooldioxide (CO2);2498068;kg
2019;64335;DS Smith De Hoop B.V.;Eerbeek;Kooldioxide (CO2);176737695;kg
2019;64345;Folding Boxboard Eerbeek bv;Eerbeek;Kooldioxide (CO2);62566153;kg
2019;64354;VHP Security Paper B.V.;Ugchelen;Kooldioxide (CO2);3751000;kg
2019;64360;Smurfit Westrock Parenco B.V.;Renkum;Kooldioxide (CO2);249028535;kg
2019;64633;Aquinos BV (Kesteren);Kesteren;Kooldioxide (CO2);3637756;kg
2019;64641;Kamp Coating Apeldoorn BV;Apeldoorn;Kooldioxide (CO2);1014605;kg
2019;64701;Steenfabriek De Rijswaard BV;Aalst;Kooldioxide (CO2);34684000;kg
2019;64703;B.V. Steenfabriek Huissenswaard;Angeren;Kooldioxide (CO2);19893004;kg
2019;64713;Wienerberger Steenfabriek Schipperswaard;Echteld;Kooldioxide (CO2);9382617;kg
2019;64715;Wienerberger BV Steenfabriek Erlecom;Erlecom;Kooldioxide (CO2);14732298;kg
2019;64718;Rodruza Steenfabriek de Zandberg;Gendt;Kooldioxide (CO2);14772000;kg
2019;64719;Wienerberger Steenfabriek Haaften;Haaften;Kooldioxide (CO2);16551859;kg
2019;64725;Wienerberger Steenfabriek Heteren;Heteren;Kooldioxide (CO2);9225715;kg
2019;64740;Wienerberger Steenfabriek Wolfswaard;Opheusden;Kooldioxide (CO2);14849026;kg
2019;64741;Wienerberger Steenfabriek Kijfwaard Oost;Pannerden;Kooldioxide (CO2);13167062;kg
2019;64744;Steenfabriek Rossum B.V.;Rossum;Kooldioxide (CO2);16705000;kg
2019;64748;Steenfabriek Spijk BV;Spijk;Kooldioxide (CO2);26555000;kg
2019;64749;Steenfabriek Tolkamer BV;Tolkamer;Kooldioxide (CO2);32564000;kg
2019;64756;Wienerberger Steenfabriek De Vlijt;Winterswijk;Kooldioxide (CO2);8459605;kg
2019;64759;Steenfabriek Zennewijnen;Zennewijnen;Kooldioxide (CO2);15755783;kg
2019;65735;Steenfabriek Vogelensangh B.V.;Deest;Kooldioxide (CO2);3820532;kg
2019;65777;Wienerberger Steenfabriek Kijfwaard West;Pannerden;Kooldioxide (CO2);24667971;kg
2019;66001;Sibelco Winterswijk;Winterswijk;Kooldioxide (CO2);3786000;kg
2019;66201;Coldenhove Paper B.V.;Eerbeek;Kooldioxide (CO2);10092070;kg
2019;66206;TANATEX Chemicals BV;Ede;Kooldioxide (CO2);636514;kg
2019;66209;Van Voorden Gieterijen B.V.;Zaltbommel;Kooldioxide (CO2);516000;kg
2019;66210;Recycling Barneveld BV;Barneveld;Kooldioxide (CO2);258214;kg
2019;66220;Smart Packaging Solutions B.V.;Loenen;Kooldioxide (CO2);15029520;kg
2019;66224;Wienerberger Dakpannenfabriek Narvik Deest;Deest;Kooldioxide (CO2);6245656;kg
2019;66231;Attero B.V. Locatie Wilp (VAR);Wilp;Kooldioxide (CO2);6497606;kg
2019;66239;Mead Johnson B.V.;Nijmegen;Kooldioxide (CO2);11919100;kg
2019;66248;Loparex BV;Apeldoorn;Kooldioxide (CO2);2346391;kg
2019;66253;Stichting Mestverwerking Gelderland SMG (KGBI Stroe);Stroe;Kooldioxide (CO2);4257600;kg
2019;66323;Stichting Mestverwerking Gelderland SMG (KGBI Ede);Ede;Kooldioxide (CO2);3635480;kg
2019;66325;Stichting Mestverwerking Gelderland SMG (KGBI Elspeet);Elspeet;Kooldioxide (CO2);3211900;kg
2019;66326;Stichting Mestverwerking Gelderland SMG (KGBI Putten);Putten;Kooldioxide (CO2);4627890;kg
2019;69030;Storteboom Fresh BV (Putten);Putten;Kooldioxide (CO2);3785790;kg
2019;69031;Gesloten stortplaats Ullerberg;Ermelo;Kooldioxide (CO2);1275000;kg
2019;69057;Rotocoat Dieren BV;Spankeren;Kooldioxide (CO2);1116839;kg
2019;71102;KLK Kolb Specialties B.V.;Delden;Kooldioxide (CO2);5131555;kg
2019;71103;Nouryon Functional Chemicals;Deventer;Kooldioxide (CO2);5975971;kg
2019;71105;Nobian Chemicals BV (Hengelo);Hengelo;Kooldioxide (CO2);262408000;kg
2019;71514;Gasunie Vilsteren / Ommen;Vilsteren;Kooldioxide (CO2);3194982;kg
2019;72016;Royal Lactalis Leerdammer BV (Dalfsen);Dalfsen;Kooldioxide (CO2);5565464;kg
2019;72024;Ausnutria Kampen BV;Kampen;Kooldioxide (CO2);16307920;kg
2019;72027;Ausnutria Ommen B.V.;Ommen;Kooldioxide (CO2);2650000;kg
2019;72831;Stegeman C.V.;Wijhe;Kooldioxide (CO2);2086514;kg
2019;72914;Abbott Laboratories B.V.;Zwolle;Kooldioxide (CO2);16865474;kg
2019;73239;Scania Production Zwolle BV;Zwolle;Kooldioxide (CO2);1790000;kg
2019;74003;Centrale Harculo;Zwolle;Kooldioxide (CO2);45784;kg
2019;74005;Ennatuurlijk BV, WKC Enschede;Enschede;Kooldioxide (CO2);3279;kg
2019;74120;Ten Cate Protect B.V.;Nijverdal;Kooldioxide (CO2);2309000;kg
2019;74154;TenCate Outdoor Fabrics BV;Nijverdal;Kooldioxide (CO2);2700000;kg
2019;74321;SARPI Netherlands B.V.;Almelo;Kooldioxide (CO2);1115186;kg
2019;74652;Krehalon B.V.;Deventer;Kooldioxide (CO2);1895026;kg
2019;75305;locatie Boeldershoek;Hengelo;Kooldioxide (CO2);922859351;kg
2019;75315;locatie Elhorst Vloedbelt;Zenderen;Kooldioxide (CO2);1136661;kg
2019;75342;FrieslandCampina Balkbrug;Balkbrug;Kooldioxide (CO2);0;kg
2019;75349;CZ Rouveen kaasspecialiteiten;Rouveen;Kooldioxide (CO2);3800100;kg
2019;81103;Norit Nederland B.V.;Klazienaveen;Kooldioxide (CO2);79808211;kg
2019;81104;DOC Kaas (Zuivelfabriek);Hoogeveen;Kooldioxide (CO2);6701153;kg
2019;81202;AOC Nederland BV (Schoonebeek);Zandpol;Kooldioxide (CO2);5000000;kg
2019;82002;FrieslandCampina Domo B.V. (Beilen);Beilen;Kooldioxide (CO2);46816465;kg
2019;82603;Avebe u.a. (Gasselternijveen);Gasselternijveen;Kooldioxide (CO2);86092525;kg
2019;83071;Zincoat BV;Veenoord;Kooldioxide (CO2);1015500;kg
2019;83501;2 RG;Klazienaveen;Kooldioxide (CO2);5260381;kg
2019;84808;SOLIDUS SOLUTIONS Board B.V. Coevorden;Coevorden;Kooldioxide (CO2);13920897;kg
2019;84999;FrieslandCampina Kievit (Meppel);Meppel;Kooldioxide (CO2);18515547;kg
2019;85002;Attero BV;Wijster;Kooldioxide (CO2);568573850;kg
2019;85003;Envalior Engineering Materials B.V.;Emmen;Kooldioxide (CO2);5450000;kg
2019;91505;N.V. Nederlandse Gasunie - compressorstation Aldeboarn;Aldeboarn;Kooldioxide (CO2);22373;kg
2019;92001;FrieslandCampina Cheese Gerkesklooster;Gerkesklooster;Kooldioxide (CO2);13169044;kg
2019;92004;Hochwald Foods Nederland BV;Bolsward;Kooldioxide (CO2);9927169;kg
2019;92008;Phoenix BV;Scharsterbrug;Kooldioxide (CO2);20023088;kg
2019;92012;FrieslandCampina (Leeuwarden);Leeuwarden;Kooldioxide (CO2);57651841;kg
2019;92015;FrieslandCampina Dronrijp;Dronryp;Kooldioxide (CO2);6840000;kg
2019;92030;FrieslandCampina (Workum);Workum;Kooldioxide (CO2);22995571;kg
2019;92615;Sonac Burgum BV;Sumar;Kooldioxide (CO2);50384774;kg
2019;93604;Nederlandse Onttinningsfabriek BV;Leeuwarden;Kooldioxide (CO2);1400000;kg
2019;94003;Centrale Bergum;Burgum;Kooldioxide (CO2);2256776;kg
2019;94301;Huhtamaki Nederland B.V.;Franeker;Kooldioxide (CO2);13297110;kg
2019;94607;Trioworld Harlingen;Harlingen;Kooldioxide (CO2);26876;kg
2019;94706;BASF Nederland B.V.;Heerenveen;Kooldioxide (CO2);1995000;kg
2019;95000;Tyson Foods Oosterwolde BV;Oosterwolde;Kooldioxide (CO2);2306000;kg
2019;95003;Lamb Weston / Meyer VOF (Klooster Lidlum);Klooster Lidlum;Kooldioxide (CO2);13998417;kg
2019;95007;Frisia Zout BV;Harlingen;Kooldioxide (CO2);11789000;kg
2019;99011;Sonac Harlingen BV;Harlingen;Kooldioxide (CO2);1620000;kg
2019;101103;BioMCN B.V.;Farmsum;Kooldioxide (CO2);434222255;kg
2019;101104;Dow Benelux B.V.;Delfzijl;Kooldioxide (CO2);11799061;kg
2019;101105;P.Q. Silicas B.V.;Winschoten;Kooldioxide (CO2);17273202;kg
2019;101108;Qemetica NL Silica bv;Delfzijl;Kooldioxide (CO2);48902000;kg
2019;101404;Delamine B.V.;Farmsum;Kooldioxide (CO2);2019560;kg
2019;101405;Electric Glass Fiber NL, B.V.;Westerbroek;Kooldioxide (CO2);43221012;kg
2019;101407;Zeolyst CV;Farmsum;Kooldioxide (CO2);5844433;kg
2019;101408;Nedmag B.V.;Veendam;Kooldioxide (CO2);92563496;kg
2019;101515;Gasunie Transport Services B.V. - compressorstation Spijk;Eemshaven;Kooldioxide (CO2);1738018;kg
2019;102001;FrieslandCampina Nederland B.V.;Bedum;Kooldioxide (CO2);37508515;kg
2019;102008;Plixxent B.V.;Foxhol;Kooldioxide (CO2);64225;kg
2019;102302;Cosun Beet Company-Vierverlaten;Groningen;Kooldioxide (CO2);139192670;kg
2019;102504;Rixona BV;Warffum;Kooldioxide (CO2);17698731;kg
2019;102620;Coöperatie AVEBE U.A.;Ter Apelkanaal;Kooldioxide (CO2);85211420;kg
2019;103009;KBM Master Alloys B.V.;Delfzijl;Kooldioxide (CO2);4674604;kg
2019;103010;DAMCO Aluminium Delfzijl Coöperatie U.A.;Farmsum;Kooldioxide (CO2);132204871;kg
2019;104001;ENGIE Energie Nederland NV;Eemshaven;Kooldioxide (CO2);2111695703;kg
2019;104003;Delesto B.V.;Farmsum;Kooldioxide (CO2);317871925;kg
2019;104302;Solidus Solutions Board Groningen-Hoogkerk;Groningen;Kooldioxide (CO2);14621821;kg
2019;104304;Eska B.V.;Hoogezand;Kooldioxide (CO2);53979166;kg
2019;104305;Eska B.V.;Sappemeer;Kooldioxide (CO2);27346864;kg
2019;104307;Solidus Board Bad Nieuweschans B.V.;Bad Nieuweschans;Kooldioxide (CO2);44949213;kg
2019;104511;Gasunie mengstation Kootstertille (FR);Kootstertille;Kooldioxide (CO2);8636;kg
2019;104520;Ecopark De Wierde;Heerenveen;Kooldioxide (CO2);2235665;kg
2019;104521;FrieslandCampina Wolvega;Wolvega;Kooldioxide (CO2);509529;kg
2019;104611;Adapa the Netherlands BV;Leek;Kooldioxide (CO2);2174840;kg
2019;104710;ESD-SIC BV;Farmsum;Kooldioxide (CO2);119539415;kg
2019;104756;Steenindustrie Strating BV;Oude Pekela;Kooldioxide (CO2);6048000;kg
2019;105001;ChemCom Industries BV;Farmsum;Kooldioxide (CO2);6492545;kg
2019;105004;Teijin Aramid B.V.;Farmsum;Kooldioxide (CO2);19431000;kg
2019;105007;FrieslandCampina Nederland B.V.;Marum;Kooldioxide (CO2);9530969;kg
2019;105016;Nobian Industrial Chemicals B.V. - SSC (Shared Service Center);Farmsum;Kooldioxide (CO2);2885301;kg
2019;105027;Kisuma Chemicals BV;Veendam;Kooldioxide (CO2);12831200;kg
2019;105029;Storteboom Foodgroup Kornhorn;Kornhorn;Kooldioxide (CO2);2583771;kg
2019;114001;Maxima-centrale;Lelystad;Kooldioxide (CO2);1842057891;kg
2019;114002;Vattenfall Power Generation B.V. (HWC Hogering/WKC Almere);Almere;Kooldioxide (CO2);5463215;kg
2019;114709;McCain Foods Holland BV (Lelystad);Lelystad;Kooldioxide (CO2);25687620;kg
2019;114711;Yakult Nederland BV;Almere;Kooldioxide (CO2);1450000;kg
2019;114720;Sonac Almere BV;Almere;Kooldioxide (CO2);4928916;kg
2019;114721;Alphen;Alphen;Kooldioxide (CO2);40904;kg
2019;114722;Waterschap Noorderzijlvest - RWZI Garmerwolde;Garmerwolde;Kooldioxide (CO2);15416555;kg
2019;114723;RWZI Harderwijk;Harderwijk;Kooldioxide (CO2);10194366;kg
2019;114724;RWZI Apeldoorn;Apeldoorn;Kooldioxide (CO2);21041899;kg
2019;114725;RWZI Ede;Ede;Kooldioxide (CO2);9802593;kg
2019;114726;RWZI Nieuwgraaf (Waterschap Rijn en IJssel);Duiven;Kooldioxide (CO2);7449038;kg
2019;114727;RWZI Nijmegen (Waterschap Rivierenland);Weurt;Kooldioxide (CO2);13362061;kg
2019;114728;RWZI Nieuwveer;Breda;Kooldioxide (CO2);13496110;kg
2019;114729;RWZI Aarle-Rixtel (Waterschap Aa en Maas);Aarle-Rixtel;Kooldioxide (CO2);11849192;kg
2019;114730;RWZI Eindhoven (Waterschap De Dommel);Eindhoven;Kooldioxide (CO2);10437873;kg
2019;114731;RWZI Utrecht (Hoogheemraadschap de Stichtse Rijnlanden);Utrecht;Kooldioxide (CO2);15044422;kg
2019;114732;RWZI Venlo;Venlo;Kooldioxide (CO2);11653263;kg
2019;114733;RWZI Hoensbroek;Hoensbroek;Kooldioxide (CO2);3458972;kg
2019;114734;RWZI Enschede;Enschede;Kooldioxide (CO2);12459082;kg
2019;114735;AWZI De Groote Lucht (Hoogheemraadschap van Delfland);Vlaardingen;Kooldioxide (CO2);5878582;kg
2019;114736;RWZI Dokhaven en Slibverwerkingsinstallatie Sluisjesdijk;Rotterdam;Kooldioxide (CO2);14464554;kg
2019;114737;AWZI Kralingseveer (Hoogheemraadschap van Schieland);Capelle aan den Ijssel;Kooldioxide (CO2);9972811;kg
2019;114740;RWZI Susteren;Susteren;Kooldioxide (CO2);17910164;kg
2019;114741;RWZI Amersfoort;Amersfoort;Kooldioxide (CO2);12389725;kg
2019;114743;RWZI Dinther (Waterschap Aa en Maas);Heeswijk-Dinther;Kooldioxide (CO2);5637480;kg
2019;114747;PeakShaver Maasvlakte;Maasvlakte Rotterdam;Kooldioxide (CO2);1886973;kg
2019;114757;Eurogen CV;Botlek Rotterdam;Kooldioxide (CO2);207356933;kg
2019;114758;Farm Dairy BV;Lelystad;Kooldioxide (CO2);1894127;kg
2019;114767;AWZI Houtrust (Hoogheemraadschap van Delfland);'s-Gravenhage;Kooldioxide (CO2);10371595;kg
2019;114772;Fenner Dunlop Conveyor Belting;Drachten;Kooldioxide (CO2);3669500;kg
2019;114785;Smilde Foods BV(Heerenveen);Heerenveen;Kooldioxide (CO2);1751000;kg
2019;114802;Renewi Smink Amersfoort;Hoogland;Kooldioxide (CO2);5021538;kg
2019;114804;Vleeswarenfabriek Persoon BV;Lisse;Kooldioxide (CO2);709000;kg
2019;114814;Recycling Kombinatie REKO B.V.;Vondelingenplaat Rotterdam;Kooldioxide (CO2);20160159;kg
2019;115036;LyondellBasell Covestro Manufacturing Maasvlakte VOF;Maasvlakte Rotterdam;Kooldioxide (CO2);10903698;kg
2019;115037;Teijin Aramid BV (Arnhem);Arnhem;Kooldioxide (CO2);775000;kg
2019;115049;Holonite BV (Tholen);Tholen;Kooldioxide (CO2);110000;kg
2019;115063;Eagle Simrax BV;Kerkrade;Kooldioxide (CO2);225458;kg
2019;115066;Trespa International BV;Weert;Kooldioxide (CO2);26113961;kg
2019;115072;Seasun;Kapelle;Kooldioxide (CO2);32866000;kg
2019;115084;SVP Productie BV - Hulpwarmtecentrale 1;Purmerend;Kooldioxide (CO2);18043193;kg
2019;115085;Enecal Energy VOF;Botlek Rotterdam;Kooldioxide (CO2);182111251;kg
2019;115143;FrieslandCampina Cheese BV (Leerdam);Leerdam;Kooldioxide (CO2);69600;kg
2019;115176;locatie Nauerna (Zaanstad);Assendelft;Kooldioxide (CO2);1670763;kg
2019;115180;apt Extrusions B.V.;Roermond;Kooldioxide (CO2);4186550;kg
2019;115181;EP NL Rijnmond 1 B.V.;Vondelingenplaat Rotterdam;Kooldioxide (CO2);1258680000;kg
2019;115184;RWZI Land van Cuijk (Waterschap Aa en Maas);Haps;Kooldioxide (CO2);5016859;kg
2019;115185;DOC Kaas (Zuivelpark);Hoogeveen;Kooldioxide (CO2);42560900;kg
2019;115186;Yara Vlaardingen BV;Vlaardingen;Kooldioxide (CO2);487000;kg
2019;200002;A. van de Groep en Zonen BV;Bunschoten-Spakenburg;Kooldioxide (CO2);4711000;kg
2019;200131;Hak BV;Giessen;Kooldioxide (CO2);5585000;kg
2019;200141;BV Steenfabriek Hedikhuizen;Heusden;Kooldioxide (CO2);14611000;kg
2019;200188;Kriek Poedercoaten B.V.;Alphen aan den Rijn;Kooldioxide (CO2);407100;kg
2019;200228;Gouda Refractories BV;Gouda;Kooldioxide (CO2);10481000;kg
2019;200286;Wienerberger Steenfabriek Azewijn;Azewijn;Kooldioxide (CO2);17175033;kg
2019;200287;Steenfabriek Engels Helden BV;Panningen;Kooldioxide (CO2);16831789;kg
2019;200292;T. Boer & zn.;Nieuwerkerk aan den Ijssel;Kooldioxide (CO2);678000;kg
2019;200308;LOA VT;Almelo;Kooldioxide (CO2);156000;kg
2019;200312;Vloertegelfabriek Koninklijke Mosa BV;Maastricht;Kooldioxide (CO2);12057525;kg
2019;200314;Supply Point Cuijk BV;Katwijk;Kooldioxide (CO2);367369;kg
2019;200333;Wienerberger Steenfabriek Bemmel;Haalderen;Kooldioxide (CO2);5731855;kg
2019;200355;Dakpanfabriek Narvik Tegelen (Wienberger BV);Tegelen;Kooldioxide (CO2);8777634;kg
2019;200376;Wienerberger Dakpanfabriek Janssen-Dings;Tegelen;Kooldioxide (CO2);11073927;kg
2019;200377;Monier BV (Tegelen);Tegelen;Kooldioxide (CO2);10765000;kg
2019;200407;COATEX Netherlands BV;Moerdijk;Kooldioxide (CO2);784000;kg
2019;200420;Roba Metals B.V.;Farmsum;Kooldioxide (CO2);4369499;kg
2019;200436;Afvalberging Derde Merwedehaven;Dordrecht;Kooldioxide (CO2);7512375;kg
2019;200441;Amcor Specialty Cartons Brabant BV;Bergen op Zoom;Kooldioxide (CO2);1053205;kg
2019;200450;Avri;Geldermalsen;Kooldioxide (CO2);445954;kg
2019;200480;Bostik Nederland B.V.;Roosendaal;Kooldioxide (CO2);1278000;kg
2019;200482;locatie Braambergen (Almere);Almere;Kooldioxide (CO2);1046352;kg
2019;200490;LOA Deege;Klundert;Kooldioxide (CO2);440039;kg
2019;200493;Attero B.V. locatie Bergen op Zoom (Kragge);Bergen op Zoom;Kooldioxide (CO2);4145440;kg
2019;200508;Uniper HWC Bezuidenhout-West;'s-Gravenhage;Kooldioxide (CO2);17259761;kg
2019;200512;ESA BV;Apeldoorn;Kooldioxide (CO2);405000;kg
2019;200516;Attero B.V.  locatie Montfort;Montfort;Kooldioxide (CO2);3107735;kg
2019;200518;Attero B.V. Locatie Weert;Weert;Kooldioxide (CO2);1066942;kg
2019;200520;Attero B.V. locatie Schinnen;Schinnen;Kooldioxide (CO2);1804002;kg
2019;200526;Exportslachterij Clazing BV;Zevenhuizen;Kooldioxide (CO2);1731000;kg
2019;200537;Cargill Cocao Aurora;Zaandam;Kooldioxide (CO2);13320789;kg
2019;200538;GMB BioEnergie Zutphen BV;Zutphen;Kooldioxide (CO2);28757236;kg
2019;200551;Heiploeg International BV;Zoutkamp;Kooldioxide (CO2);2758470;kg
2019;200582;Südpack  Grootegast B.V.;Grootegast;Kooldioxide (CO2);4137000;kg
2019;200587;Martens Havenontvangstinstallatie Vlissingen BV;Nieuwdorp;Kooldioxide (CO2);29058;kg
2019;200610;Radboudumc & Radboud Universiteit Nijmegen;Nijmegen;Kooldioxide (CO2);15004440;kg
2019;200618;ROVA Afvalverwerkingslocatie Bovenveld;Rheezerveen;Kooldioxide (CO2);410000;kg
2019;200640;Exportslachterij J. Gosschalk & Zn. BV;Epe;Kooldioxide (CO2);2253126;kg
2019;200653;Saturn Petcare;Hattem;Kooldioxide (CO2);5711146;kg
2019;200664;Handelsonderneming A. Smit & Zoon BV;Amersfoort;Kooldioxide (CO2);1873248;kg
2019;200673;Mineralz Zweekhorst BV;Zevenaar;Kooldioxide (CO2);375635;kg
2019;200683;Theo Pouw Beheer BV;Utrecht;Kooldioxide (CO2);137586;kg
2019;200702;Renewi Nieuwegein;Nieuwegein;Kooldioxide (CO2);223075;kg
2019;200719;Wuppermann Staal Nederland BV;Moerdijk;Kooldioxide (CO2);2414700;kg
2019;200758;Lubrizol Advanced Materials Resins BV;Farmsum;Kooldioxide (CO2);354830;kg
2019;200781;FNsteel BV;Alblasserdam;Kooldioxide (CO2);17977109;kg
2019;201012;Renewi Nederland B.V. - Drachten-De Lier;Drachten;Kooldioxide (CO2);438890;kg
2019;201043;REMONDIS PMR B.V.;Moerdijk;Kooldioxide (CO2);847000;kg
2019;201045;locatie Zeeasterweg (Lelystad);Lelystad;Kooldioxide (CO2);734104;kg
2019;201055;Attero B.V. Locatie Haps;Haps;Kooldioxide (CO2);1661624;kg
2019;201151;Enrichment Technology Nederland BV;Almelo;Kooldioxide (CO2);1259427;kg
2019;201172;A. Smit & Zoon BV;Weesp;Kooldioxide (CO2);1148885;kg
2019;201189;Afvalverwerking Stainkoeln B.V.;Groningen;Kooldioxide (CO2);1014850;kg
2019;201203;Sortiva B.V.;Alkmaar;Kooldioxide (CO2);560060;kg
2019;201241;EMMTEC Services BV;Emmen;Kooldioxide (CO2);153657300;kg
2019;201303;locatie Wieringermeer (Middenmeer);Middenmeer;Kooldioxide (CO2);142148;kg
2019;201304;BMC Moerdijk BV;Moerdijk;Kooldioxide (CO2);351386611;kg
2019;201326;Aludyne Netherlands B.V.;Oss;Kooldioxide (CO2);5130000;kg
2019;201386;EP NL Sloe Centrale B.V. (Vlissingen);Ritthem;Kooldioxide (CO2);1725100800;kg
2019;201425;Afvalverwerking Vink B.V.;Barneveld;Kooldioxide (CO2);23170560;kg
2019;201503;Valtris AO Maastricht b.v. / Vynova AO Maastricht b.v.;Maastricht;Kooldioxide (CO2);3371088;kg
2019;201541;Olenex Edible Oils B.V.;Vondelingenplaat Rotterdam;Kooldioxide (CO2);12590000;kg
2019;201571;Vattenfall Warmte N.V. (HWC Duiven Westervoort);Westervoort;Kooldioxide (CO2);936897;kg
2019;201596;M&R Claushuis BV;Zeewolde;Kooldioxide (CO2);64421;kg
2019;201639;Solidus Solutions Board Oude Pekela;Oude Pekela;Kooldioxide (CO2);13456887;kg
2019;201986;Eneco HWC Kanaleneiland;Utrecht;Kooldioxide (CO2);26946;kg
2019;202140;Vitelco BV;'s-Hertogenbosch;Kooldioxide (CO2);1140000;kg
2019;202159;Fokker Aerospace BV;Papendrecht;Kooldioxide (CO2);4600000;kg
2019;202214;Greif Nederland BV;Europoort Rotterdam;Kooldioxide (CO2);4108290;kg
2019;202229;Bunge Loders Croklaan Rotterdam;Maasvlakte Rotterdam;Kooldioxide (CO2);17064000;kg
2019;202257;Accsys Technologies;Arnhem;Kooldioxide (CO2);4284420;kg
2019;202268;Eneco HWC Overvecht;Utrecht;Kooldioxide (CO2);4685004;kg
2019;202298;Evonik Peroxide Netherlands B.V.;Farmsum;Kooldioxide (CO2);35577000;kg
2019;202380;Pluimveeverwerkingsbedrijf Jan van Ee BV;Stroe;Kooldioxide (CO2);1368437;kg
2019;202417;Compressorstation Noord Holland;Anna Paulowna;Kooldioxide (CO2);138064;kg
2019;202418;Eneco HWC Nicolaas Beetsstraat;Utrecht;Kooldioxide (CO2);4055399;kg
2019;202419;Eneco HWC Nieuwegein;Nieuwegein;Kooldioxide (CO2);1466792;kg
2019;202578;Mars Food Europe CV;Oud-Beijerland;Kooldioxide (CO2);6169000;kg
2019;202597;Coatinc Groningen B.V.;Groningen;Kooldioxide (CO2);1109000;kg
2019;202662;Pluimveeslachterij G.P. Remkes B.V.;Epe;Kooldioxide (CO2);701519;kg
2019;202692;adapa The Netherlands Amersfoort BV;Amersfoort;Kooldioxide (CO2);1589399;kg
2019;202746;Argent Energy;Amsterdam;Kooldioxide (CO2);28900000;kg
2019;202803;Avery Dennison Materials Nederland BV;Alphen aan den Rijn;Kooldioxide (CO2);1892300;kg
2019;202824;Eneco Merwedekanaal;Utrecht;Kooldioxide (CO2);303401644;kg
2019;202825;Eneco Lage Weide;Utrecht;Kooldioxide (CO2);411772054;kg
2019;202858;Grolsche Bierbrouwerij Nederland B.V.;Enschede;Kooldioxide (CO2);9555917;kg
2019;202863;Ruijtenberg Shipyard BV;Raamsdonksveer;Kooldioxide (CO2);0;kg
2019;202895;Lingezegen Energy B.V.;Bemmel;Kooldioxide (CO2);33531540;kg
2019;202902;GMB BioEnergie Tiel BV;Tiel;Kooldioxide (CO2);15850747;kg
2019;202926;Ulamo Coating B.V.;Ulft;Kooldioxide (CO2);2032367;kg
2019;202928;C & T Technics;Uden;Kooldioxide (CO2);17150;kg
2019;202935;Alblasserdam Yachtbuilding B.V. (Oceanco);Alblasserdam;Kooldioxide (CO2);692200;kg
2019;202962;IHC Sliedrecht Molendijk;Sliedrecht;Kooldioxide (CO2);414485;kg
2019;202990;Alco Energy Rotterdam;Europoort Rotterdam;Kooldioxide (CO2);705558107;kg
2019;202992;Viterra Botlek BV;Botlek Rotterdam;Kooldioxide (CO2);35799289;kg
2019;202999;Renewi Drachten - Stuurboord;Drachten;Kooldioxide (CO2);693048;kg
2019;203083;Exploitatiemaatschappij J ter Horst BV;Varsseveld;Kooldioxide (CO2);117097;kg
2019;203086;JAZO Zevenaar BV;Zevenaar;Kooldioxide (CO2);136358;kg
2019;203155;Vattenfall Power Generation B.V. (HWC Almere Stad);Almere;Kooldioxide (CO2);539864;kg
2019;203159;Eco Fuels Netherlands B.V.;Eemshaven;Kooldioxide (CO2);5410000;kg
2019;203186;RWZI West;Amsterdam;Kooldioxide (CO2);13499574;kg
2019;203220;EEW Energy from Waste Delfzijl B.V.;Farmsum;Kooldioxide (CO2);626258788;kg
2019;203228;RWE Eemshaven Magnum B.V.;Eemshaven;Kooldioxide (CO2);2563474943;kg
2019;203273;RWE Eemshaven Holding II B.V.;Eemshaven;Kooldioxide (CO2);5473018127;kg
2019;203284;Steel Protection Oosterhout;Oosterhout;Kooldioxide (CO2);824000;kg
2019;203346;Inter-Che-M BV;Beuningen Gld;Kooldioxide (CO2);330890;kg
2019;203411;Pergen VOF;Pernis Rotterdam;Kooldioxide (CO2);1238036681;kg
2019;203416;IHC Krimpen;Krimpen aan den Ijssel;Kooldioxide (CO2);493028;kg
2019;203417;Van Rooi Meat BV (Helmond);Helmond;Kooldioxide (CO2);5729830;kg
2019;203438;Straalbedrijf A.J. den Breejen & Zonen BV;Dordrecht;Kooldioxide (CO2);0;kg
2019;203496;Reststoffen Energie Centrale (REC);Harlingen;Kooldioxide (CO2);246218286;kg
2019;203505;EP NL Rijnmond 2 B.V.;Vondelingenplaat Rotterdam;Kooldioxide (CO2);977731000;kg
2019;203530;Teijin Aramid BV;Emmen;Kooldioxide (CO2);4741840;kg
2019;203587;Contitank B.V.;Delfzijl;Kooldioxide (CO2);870000;kg
2019;203589;Cerexagri BV;Vondelingenplaat Rotterdam;Kooldioxide (CO2);5147608;kg
2019;203590;Arkema B.V. location Rotterdam;Vondelingenplaat Rotterdam;Kooldioxide (CO2);4425699;kg
2019;203605;Kok Gorinchem BV;Gorinchem;Kooldioxide (CO2);689000;kg
2019;203651;Dutch Advanced Polyesters Emmen B.V.;Emmen;Kooldioxide (CO2);1450000;kg
2019;203738;Fokker Landing Gear;Helmond;Kooldioxide (CO2);728935;kg
2019;203785;Neste Netherlands B.V.;Maasvlakte Rotterdam;Kooldioxide (CO2);56524000;kg
2019;203825;Linde Gas Dieren;Dieren;Kooldioxide (CO2);580000;kg
2019;203843;Putman Recycling BV (Westervoort);Westervoort;Kooldioxide (CO2);1263676;kg
2019;203868;Cérélia Netherlands B.V.;Sliedrecht;Kooldioxide (CO2);5223923;kg
2019;203887;Noblesse Proteins BV;Wijster;Kooldioxide (CO2);515609;kg
2019;204038;Keizersberg Diervoeders (Elsendorp);Elsendorp;Kooldioxide (CO2);9940;kg
2019;204215;Enerco B.V.;Born;Kooldioxide (CO2);476457;kg
2019;204287;Global Food Group BV;Ospel;Kooldioxide (CO2);615603;kg
2019;204361;EcoFuels;Well L;Kooldioxide (CO2);10517864;kg
2019;204363;Vattenfall Warmte N.V. (HWC Schuytgraaf);Arnhem;Kooldioxide (CO2);520307;kg
2019;204395;Renewi Stadskanaal;Stadskanaal;Kooldioxide (CO2);678885;kg
2019;204488;Cumapol Emmen B.V.;Emmen;Kooldioxide (CO2);557000;kg
2019;204497;Summa petfood B.V.;Putten;Kooldioxide (CO2);184435;kg
2019;204522;Ondergrondse aardgasopslag Zuidwending;Veendam;Kooldioxide (CO2);3268588;kg
2019;204552;Gesloten stortplaats De Langenberg;Zelhem;Kooldioxide (CO2);810000;kg
2019;204556;Waterstromen Lichtenvoorde B.V.;Lichtenvoorde;Kooldioxide (CO2);6779669;kg
2019;204602;RWZI Soest;Soest;Kooldioxide (CO2);2475726;kg
2019;204609;Hoogweg Paprikakwekerijen BV;Luttelgeest;Kooldioxide (CO2);29291292;kg
2019;204617;Power Plant Rotterdam;Maasvlakte Rotterdam;Kooldioxide (CO2);2263171653;kg
2019;204650;Ferdinand Zandbergen BV;Woudenberg;Kooldioxide (CO2);111063;kg
2019;204654;ENECOGEN V.O.F.;Europoort Rotterdam;Kooldioxide (CO2);1995378949;kg
2019;204667;Aliphos Rotterdam BV;Vlaardingen;Kooldioxide (CO2);5284893;kg
2019;204692;Handelsonderneming Technivet Ermelo BV/Gerbuvet BV;Ermelo;Kooldioxide (CO2);1816403;kg
2019;204763;KH Dairy Sourcing BV;Coevorden;Kooldioxide (CO2);1058960;kg
2019;204851;Air Products HyCO 4 (Botlekweg);Botlek Rotterdam;Kooldioxide (CO2);767397000;kg
2019;204944;Eneco Bio Golden Raand C.V.;Farmsum;Kooldioxide (CO2);401099226;kg
2019;204957;WKC Ypenburg;'s-Gravenhage;Kooldioxide (CO2);36177000;kg
2019;205100;AVISTA OIL B.V.;Roosendaal;Kooldioxide (CO2);298342;kg
2019;205183;Van Merksteijn International B.V.;Almelo;Kooldioxide (CO2);8429861;kg
2019;205186;HWC Ypenburg;'s-Gravenhage;Kooldioxide (CO2);9470000;kg
2019;205221;Vendecs B.V.;Enschede;Kooldioxide (CO2);2529329;kg
2019;205256;DCL Corporation (NL) B.V.;Maastricht;Kooldioxide (CO2);3266810;kg
2019;205276;Diffutherm BV;Hapert;Kooldioxide (CO2);833030;kg
2019;205339;Veco Zuivel B.V.;Zeewolde;Kooldioxide (CO2);1060000;kg
2019;205470;BES Exploitatie BV;Sittard;Kooldioxide (CO2);26354000;kg
2019;205493;Euro Support Advanced Materials B.V.;Uden;Kooldioxide (CO2);1684262;kg
2019;205500;Aspen Oss B.V. (locatie Moleneind);Oss;Kooldioxide (CO2);8180000;kg
2019;205501;Aspen Oss B.V. (locatie De Geer);Oss;Kooldioxide (CO2);4800000;kg
2019;205568;Asfaltcentrale Gebr. Van der Lee V.O.F.;Lelystad;Kooldioxide (CO2);7233361;kg
2019;205588;Van der Velden Schalkwijk;Schalkwijk;Kooldioxide (CO2);152000;kg
2019;205694;B.V. Esbro;Wehl;Kooldioxide (CO2);1830014;kg
2019;205844;Green Box Computing B.V.;Eemshaven;Kooldioxide (CO2);1043000;kg
2019;205876;Hartog Containers B.V.;Amersfoort;Kooldioxide (CO2);223577;kg
2019;205961;Chamlon B.V.;Ootmarsum;Kooldioxide (CO2);325000;kg
2019;205962;Gesloten stortplaats De Keyenberg;Wageningen;Kooldioxide (CO2);480000;kg
2019;205965;Amsterdam Meat Company Ameco BV;Apeldoorn;Kooldioxide (CO2);581000;kg
2019;205998;Koster Keunen Holland B.V.;Bladel;Kooldioxide (CO2);469538;kg
2019;206010;Reststoffen Bewerkingsinstallatie;Farmsum;Kooldioxide (CO2);117783;kg
2019;220121;Hoogheemraadschap Hollands Noorderkwartier RWZI Alkmaar;Alkmaar;Kooldioxide (CO2);2157958;kg
2019;220124;AWZI Almere;Almere;Kooldioxide (CO2);7373458;kg
2019;220131;RWZI Westpoort;Amsterdam;Kooldioxide (CO2);16471172;kg
2019;220133;RWZI Arnhem-Zuid;Arnhem;Kooldioxide (CO2);6206094;kg
2019;220136;RWZI Asten (Waterschap Aa en Maas);Heusden;Kooldioxide (CO2);2541827;kg
2019;220138;RWZI Emmen;Nieuw-Amsterdam;Kooldioxide (CO2);7481625;kg
2019;220139;RWZI Bath;Rilland;Kooldioxide (CO2);17255463;kg
2019;220150;Hoogheemraadschap Hollands Noorderkwartier SDI/RWZI Beverwijk;Beverwijk;Kooldioxide (CO2);34141370;kg
2019;220188;Hoogheemraadschap Hollands Noorderkwartier RWZI Den Helder;Den Helder;Kooldioxide (CO2);2662272;kg
2019;220191;RWZI Deventer;Deventer;Kooldioxide (CO2);6142683;kg
2019;220200;RWZI Dongemond;Oosterhout;Kooldioxide (CO2);5128333;kg
2019;220201;RWZI Dordrecht;Dordrecht;Kooldioxide (CO2);5391515;kg
2019;220209;RWZI Echten;Hoogeveen;Kooldioxide (CO2);3047832;kg
2019;220213;RWZI Elburg;Elburg;Kooldioxide (CO2);4947470;kg
2019;220217;RWZI Etten;Terborg;Kooldioxide (CO2);4887234;kg
2019;220223;Hoogheemraadschap Hollands Noorderkwartier RWZI Geestmerambacht;Warmenhuizen;Kooldioxide (CO2);4138418;kg
2019;220236;AWZI Gouda;Gouda;Kooldioxide (CO2);2048698;kg
2019;220263;RWZI Hellevoetsluis;Hellevoetsluis;Kooldioxide (CO2);1239795;kg
2019;220264;Rioolwaterzuiveringsinstallatie Hengelo;Hengelo;Kooldioxide (CO2);29061570;kg
2019;220276;RWZI Horstermeer (HH Amstel, Gooi en Vechtstreek);Nederhorst den Berg;Kooldioxide (CO2);4748818;kg
2019;220286;AWZI Katwijk;Katwijk;Kooldioxide (CO2);7324416;kg
2019;220297;RWZI Leeuwarden;Leeuwarden;Kooldioxide (CO2);5222183;kg
2019;220298;AWZI Leiden Noord;Leiden;Kooldioxide (CO2);2900680;kg
2019;220299;AWZI Leiden Zuidwest;Leiden;Kooldioxide (CO2);5021938;kg
2019;220301;AWZI Lelystad;Lelystad;Kooldioxide (CO2);2859881;kg
2019;220304;RWZI Maastricht-Limmel;Maastricht;Kooldioxide (CO2);3680959;kg
2019;220326;AWZI Nieuwe Waterweg;Hoek Van Holland;Kooldioxide (CO2);4181254;kg
2019;220328;RWZI Nieuwegein;Nieuwegein;Kooldioxide (CO2);4575151;kg
2019;220333;AWZI Tollebeek;Tollebeek;Kooldioxide (CO2);7770590;kg
2019;220364;RWZI Renkum;Renkum;Kooldioxide (CO2);2956898;kg
2019;220369;RWZI Rijen;Rijen;Kooldioxide (CO2);1854665;kg
2019;220376;Rioolwaterzuiveringsinstallatie (RWZI) Roermond;Roermond;Kooldioxide (CO2);5402344;kg
2019;220382;RWZI Schelluinen;Schelluinen;Kooldioxide (CO2);1303818;kg
2019;220387;RWZI Den Bosch (Waterschap Aa en Maas);'s-Hertogenbosch;Kooldioxide (CO2);7351425;kg
2019;220392;RWZI Sleeuwijk/Zuivering Sleeuwijk;Sleeuwijk;Kooldioxide (CO2);2670699;kg
2019;220410;RWZI Terneuzen;Terneuzen;Kooldioxide (CO2);2878062;kg
2019;220412;RWZI Terwolde;Terwolde;Kooldioxide (CO2);1085388;kg
2019;220416;RWZI Tilburg Noord;Tilburg;Kooldioxide (CO2);19344041;kg
2019;220429;RWZI Veenendaal;Overberg;Kooldioxide (CO2);4786269;kg
2019;220432;RWZI Vinkel (Waterschap Aa en Maas);Vinkel;Kooldioxide (CO2);1421845;kg
2019;220443;RWZI Walcheren;Ritthem;Kooldioxide (CO2);4952744;kg
2019;220451;Hoogheemraadschap Hollands Noorderkwartier RWZI Wervershoof;Wervershoof;Kooldioxide (CO2);5821111;kg
2019;220460;RWZI Willem Annapolder;Kapelle;Kooldioxide (CO2);3302565;kg
2019;220469;Hoogheemraadschap Hollands Noorderkwartier RWZI Zaandam-Oost;Zaandam;Kooldioxide (CO2);3273065;kg
2019;220478;RWZI Zutphen;Zutphen;Kooldioxide (CO2);5925637;kg
2019;220481;RWZI Zwijndrecht;Zwijndrecht;Kooldioxide (CO2);3607095;kg
2019;220482;RWZI Zwolle;Zwolle;Kooldioxide (CO2);7423951;kg
2019;220537;RWZI Harnaschpolder (Hoogheemraadschap van Delfland);Den Hoorn;Kooldioxide (CO2);31555245;kg
2020;59;Koninklijke Mosa BV Wandtegelfabriek & Vloertegelfabriek;Maastricht;Kooldioxide (CO2);18740860;kg
2020;60;Sappi Maastricht BV;Maastricht;Kooldioxide (CO2);129259982;kg
2020;62;Chemelot Site Permit BV;Geleen;Kooldioxide (CO2);4145170700;kg
2020;65;PQ Silicas BV;Eijsden;Kooldioxide (CO2);13666762;kg
2020;66;Marsna Paper B.V.;Meerssen;Kooldioxide (CO2);2538825;kg
2020;79;Steenfabriek Linssen BV;Kerkrade;Kooldioxide (CO2);3111007;kg
2020;90;VDL Castings Heerlen BV;Hoensbroek;Kooldioxide (CO2);8431006;kg
2020;94;Steenfabriek Gebroeders Klinkers BV;Maastricht;Kooldioxide (CO2);10811000;kg
2020;95;Vandersanden Beek BV;Beek;Kooldioxide (CO2);8602000;kg
2020;113;VDL Nedcar B.V.;Born;Kooldioxide (CO2);21243155;kg
2020;125;Stichting Parkmanagement Wolfsweg 75;Eygelshoven;Kooldioxide (CO2);1009000;kg
2020;148;ENCI BV (Maastricht);Maastricht;Kooldioxide (CO2);527194;kg
2020;151;O-I Netherlands BV (Maastricht);Maastricht;Kooldioxide (CO2);89247730;kg
2020;159;Fenzi AGT Netherlands B.V.;Maastricht;Kooldioxide (CO2);2699951;kg
2020;174;Tata Steel Nederland Tubes BV locatie Maastricht;Maastricht;Kooldioxide (CO2);674200;kg
2020;325;Lawter Maastricht BV;Maastricht;Kooldioxide (CO2);2726000;kg
2020;326;Wienerberger Steenfabriek Poriso;Brunssum;Kooldioxide (CO2);19828650;kg
2020;1104;Solvay Chemie BV;Herten;Kooldioxide (CO2);2493394;kg
2020;1107;Nouryon Functional Chemicals B.V.;Herkenbosch;Kooldioxide (CO2);10385306;kg
2020;3062;Verzinkerij Van Aert BV;Nederweert;Kooldioxide (CO2);1247900;kg
2020;3068;Coatinc Mook B.V.;Mook;Kooldioxide (CO2);1840000;kg
2020;3509;VDL Castings Weert BV;Weert;Kooldioxide (CO2);1017703;kg
2020;3513;MGG Netherlands BV;Tegelen;Kooldioxide (CO2);4577476;kg
2020;4001;Clauscentrale;Maasbracht;Kooldioxide (CO2);2154190000;kg
2020;4301;Smurfit Westrock Roermond Paper BV;Roermond;Kooldioxide (CO2);175420037;kg
2020;4709;Kleiwarenfabriek Joosten Kessel BV;Kessel;Kooldioxide (CO2);9350000;kg
2020;4711;Wienerberger Steenfabriek Thorn;Thorn;Kooldioxide (CO2);12807486;kg
2020;4731;Xella Kalkzandsteen De Hazelaar BV;Koningsbosch;Kooldioxide (CO2);7890000;kg
2020;4753;Rockwool B.V.;Roermond;Kooldioxide (CO2);137915000;kg
2020;5726;Wienerberger Steenfabriek Nuance;Afferden L;Kooldioxide (CO2);5957626;kg
2020;5727;EverZinc Nederland B.V.;Eijsden;Kooldioxide (CO2);21653823;kg
2020;5729;Celanese Production Netherlands B.V.;Geleen;Kooldioxide (CO2);1460313;kg
2020;5739;E-MAX BILLETS;Kerkrade;Kooldioxide (CO2);19866313;kg
2020;5740;WEPA Nederland B.V.;Swalmen;Kooldioxide (CO2);9519800;kg
2020;5750;FrieslandCampina Born;Born;Kooldioxide (CO2);6830000;kg
2020;5801;Schiffers Food BV;Hoensbroek;Kooldioxide (CO2);1974100;kg
2020;5804;PQ Nederland BV;Maastricht;Kooldioxide (CO2);13204554;kg
2020;5821;Attero B.V. locatie Landgraaf;Landgraaf;Kooldioxide (CO2);5486802;kg
2020;9003;Everris International BV;Heerlen;Kooldioxide (CO2);8070000;kg
2020;9013;Refresco Benelux BV;Sittard;Kooldioxide (CO2);7020977;kg
2020;10001;Nobian Industrial Chemicals BV (Rotterdam);Botlek Rotterdam;Kooldioxide (CO2);117432067;kg
2020;10002;Nouryon Performance Formulations b.v.;Europoort Rotterdam;Kooldioxide (CO2);29324;kg
2020;10003;Synres B.V.;Hoek Van Holland;Kooldioxide (CO2);6934100;kg
2020;10004;Lyondell Chemical Nederland Ltd.;Botlek Rotterdam;Kooldioxide (CO2);273781065;kg
2020;10006;Shell Nederland Chemie BV (Pernis);Vondelingenplaat Rotterdam;Kooldioxide (CO2);35684697;kg
2020;10016;Climax Molybdenum BV;Botlek Rotterdam;Kooldioxide (CO2);8703124;kg
2020;10042;Kemira Rotterdam B.V. - locatie Botlek;Botlek Rotterdam;Kooldioxide (CO2);225700;kg
2020;10048;Compaxo Gouda BV;Gouda;Kooldioxide (CO2);4020000;kg
2020;10057;Shell Nederland Raffinaderij BV;Vondelingenplaat Rotterdam;Kooldioxide (CO2);4171581948;kg
2020;10058;BP Raffinaderij Rotterdam B.V.;Europoort Rotterdam;Kooldioxide (CO2);2027330000;kg
2020;10059;Gunvor Energy Rotterdam B.V. (GPR);Europoort Rotterdam;Kooldioxide (CO2);131763574;kg
2020;10061;Esso Nederland BV (Raffinaderij Rotterdam);Botlek Rotterdam;Kooldioxide (CO2);2733802572;kg
2020;10063;AVR-Afvalverwerking;Botlek Rotterdam;Kooldioxide (CO2);1734400000;kg
2020;10064;Almatis BV;Botlek Rotterdam;Kooldioxide (CO2);16813485;kg
2020;10066;Kemira Rotterdam BV locatie Europoort;Europoort Rotterdam;Kooldioxide (CO2);7340000;kg
2020;10069;Standic BV;Dordrecht;Kooldioxide (CO2);2358294;kg
2020;10073;Tronox Pigments (Holland) BV;Botlek Rotterdam;Kooldioxide (CO2);104606100;kg
2020;10076;HVC AfvalEnergieCentrale Dordrecht;Dordrecht;Kooldioxide (CO2);322800000;kg
2020;10079;Chemours Netherlands B.V.;Dordrecht;Kooldioxide (CO2);45598356;kg
2020;10086;NV Nutricia Zoetermeer;Zoetermeer;Kooldioxide (CO2);9984362;kg
2020;10089;Prysmian Netherlands B.V.;Delft;Kooldioxide (CO2);1527016;kg
2020;10097;SD Guthrie International Zwijndrecht Refinery B.V.;Zwijndrecht;Kooldioxide (CO2);48734795;kg
2020;10100;Bakelite Botlek Rotterdam;Botlek Rotterdam;Kooldioxide (CO2);7470000;kg
2020;10546;Lactalis Leerdammer BV (Schoonrewoerd);Schoonrewoerd;Kooldioxide (CO2);9997628;kg
2020;10590;FrieslandCampina Rotterdam;Rotterdam;Kooldioxide (CO2);2585463;kg
2020;10621;Hunter Douglas Europe BV;Rotterdam;Kooldioxide (CO2);4720452;kg
2020;10687;Biotech Campus Delft;Delft;Kooldioxide (CO2);86080712;kg
2020;10689;Air Products Nederland BV (Botlek);Botlek Rotterdam;Kooldioxide (CO2);107289292;kg
2020;10698;Cargill Bioindustrial BV;Gouda;Kooldioxide (CO2);30367726;kg
2020;10723;O-I Netherlands BV (Leerdam);Leerdam;Kooldioxide (CO2);85439611;kg
2020;10728;Cargill Refined Oils Europe;Botlek Rotterdam;Kooldioxide (CO2);24398439;kg
2020;10733;Upfield Sourcing Nederland BV;Rotterdam;Kooldioxide (CO2);3682293;kg
2020;10789;BMI Productie Nederland BV Woerden;Woerden;Kooldioxide (CO2);13446433;kg
2020;10793;Tata Steel Nederland Tubes BV locatie Zwijndrecht;Zwijndrecht;Kooldioxide (CO2);1756213;kg
2020;10829;Cosun Beet company (Puttershoek);Puttershoek;Kooldioxide (CO2);353749;kg
2020;10921;Damen Shiprepair Rotterdam BV;Schiedam;Kooldioxide (CO2);1738940;kg
2020;10928;Aluminium & Chemie Rotterdam B.V.;Botlek Rotterdam;Kooldioxide (CO2);64083519;kg
2020;10950;N+P Rotterdam MRF B.V.;Rotterdam;Kooldioxide (CO2);366042;kg
2020;10951;Uniper Centrale Leiden;Leiden;Kooldioxide (CO2);127789395;kg
2020;10953;Uniper Centrale Den Haag;'s-Gravenhage;Kooldioxide (CO2);140732611;kg
2020;10982;Galvanisch Bedrijf Chromolux;Rotterdam;Kooldioxide (CO2);286409;kg
2020;10983;IHC Kinderdijk;Nieuw-Lekkerland;Kooldioxide (CO2);1797459;kg
2020;10998;Draka Interfoam;Hillegom;Kooldioxide (CO2);812345;kg
2020;11024;Cabot B.V.;Botlek Rotterdam;Kooldioxide (CO2);204626000;kg
2020;11034;Dossche Mils NV;Rotterdam;Kooldioxide (CO2);2815197;kg
2020;11046;PURAC Biochem B.V.;Gorinchem;Kooldioxide (CO2);25974836;kg
2020;11047;Vecom Metal Treatment BV;Maassluis;Kooldioxide (CO2);155000;kg
2020;11090;Chane Terminal Botlek B.V.;Botlek Rotterdam;Kooldioxide (CO2);36012510;kg
2020;11105;Heineken Netherlands Supply B.V., brouwerij Zoeterwoude;Zoeterwoude;Kooldioxide (CO2);73956429;kg
2020;11111;Ashland Industries Nederland B.V.;Zwijndrecht;Kooldioxide (CO2);15875300;kg
2020;11230;Damen Verolme BV;Botlek Rotterdam;Kooldioxide (CO2);802940;kg
2020;11235;RZB Holding BV;Rotterdam;Kooldioxide (CO2);13578;kg
2020;11366;LANXESS Rotterdam Botlek;Botlek Rotterdam;Kooldioxide (CO2);74971623;kg
2020;11532;Coatinc Alblasserdam BV;Alblasserdam;Kooldioxide (CO2);1858000;kg
2020;11658;Farm Frites BV;Oudenhoorn;Kooldioxide (CO2);30667107;kg
2020;12134;Archer Daniels Midland Europoort BV (ADM);Europoort Rotterdam;Kooldioxide (CO2);148080000;kg
2020;12135;ExxonMobil Chemical Holland BV (ROP van RPI);Europoort Rotterdam;Kooldioxide (CO2);57780300;kg
2020;12149;Uniper Benelux NV (Maasvlakte);Maasvlakte Rotterdam;Kooldioxide (CO2);4424830068;kg
2020;12150;Uniper Centrale RoCa;Rotterdam;Kooldioxide (CO2);326392718;kg
2020;12151;Uniper HWC Blekerstraat;Rotterdam;Kooldioxide (CO2);57000;kg
2020;12152;Uniper HWC Delftsevaart;Rotterdam;Kooldioxide (CO2);178194;kg
2020;12157;HVC ZVI B.V.;Dordrecht;Kooldioxide (CO2);14718378;kg
2020;12158;HVC Slibverbrandingsinstallatie;Dordrecht;Kooldioxide (CO2);127604000;kg
2020;12162;Evos Rotterdam B.V.;Europoort Rotterdam;Kooldioxide (CO2);12631680;kg
2020;12163;EPS BV;Hendrik-Ido-Ambacht;Kooldioxide (CO2);591782;kg
2020;12166;TU Delft Warmtekrachtcentrale;Delft;Kooldioxide (CO2);14654604;kg
2020;12167;UZIMET BV;Rijswijk;Kooldioxide (CO2);734436;kg
2020;12168;INV NYLON CHEMICALS NETHERLANDS B.V.;Botlek Rotterdam;Kooldioxide (CO2);3805833;kg
2020;12170;FrieslandCampina Maasdam;Maasdam;Kooldioxide (CO2);4690117;kg
2020;12171;Zuivelfabriek De Graafstroom;Bleskensgraaf Ca;Kooldioxide (CO2);3920000;kg
2020;12172;Promelca B.V. (Gorinchem);Gorinchem;Kooldioxide (CO2);53639540;kg
2020;12174;Ducor Petrochemicals B.V.;Botlek Rotterdam;Kooldioxide (CO2);9477900;kg
2020;12175;Air Liquide Industrie BV;Botlek Rotterdam;Kooldioxide (CO2);847896487;kg
2020;12177;VPR Energy B.V.;Europoort Rotterdam;Kooldioxide (CO2);129029233;kg
2020;19004;ExxonMobil Chemical Holland BV (RPP van RPI);Botlek Rotterdam;Kooldioxide (CO2);35043000;kg
2020;19032;Janssen Biologics BV;Leiden;Kooldioxide (CO2);3976000;kg
2020;19048;Refresco Benelux BV;Bodegraven;Kooldioxide (CO2);4796200;kg
2020;19070;Indorama Ventures Europe BV;Europoort Rotterdam;Kooldioxide (CO2);146651000;kg
2020;19071;Shin-Etsu PVC BV (VCM Botlek);Botlek Rotterdam;Kooldioxide (CO2);102455429;kg
2020;19072;FrieslandCampina Nederland B.V.;Noordwijk;Kooldioxide (CO2);2235868;kg
2020;19073;Westlake Epoxy B.V.;Vondelingenplaat Rotterdam;Kooldioxide (CO2);39320501;kg
2020;21010;Sonneborn Refined Products BV (Amsterdam);Amsterdam;Kooldioxide (CO2);13699300;kg
2020;21101;Ketjen Netherlands BV;Amsterdam;Kooldioxide (CO2);60167987;kg
2020;21102;ICL FERTILIZERS EUROPE C.V.;Amsterdam;Kooldioxide (CO2);13580000;kg
2020;21302;Abbott Healthcare Products BV (Weesp);Weesp;Kooldioxide (CO2);10903623;kg
2020;21304;Givaudan Nederland B.V. (Naarden);Naarden;Kooldioxide (CO2);4907000;kg
2020;21403;Norit Nederland BV (Zaandam);Zaandam;Kooldioxide (CO2);28458179;kg
2020;21528;N.V. Nederlandse Gasunie (Wieringermeer);Middenmeer;Kooldioxide (CO2);21632488;kg
2020;21529;Gasunie Transport Services B.V.;Heemskerk;Kooldioxide (CO2);426609;kg
2020;21530;OQ Chemicals Nederland BV;Amsterdam;Kooldioxide (CO2);1580065;kg
2020;22006;FrieslandCampina Nederland B.V. Lutjewinkel;Lutjewinkel;Kooldioxide (CO2);6970000;kg
2020;22012;CONO Kaasmakers (Middenbeemster);Westbeemster;Kooldioxide (CO2);9892170;kg
2020;22102;Bunge Loders Croklaan Worrmerveer;Wormerveer;Kooldioxide (CO2);18603712;kg
2020;22201;Olam Cocoa BV;Koog aan de Zaan;Kooldioxide (CO2);23315210;kg
2020;22209;Cargill Cocoa Wormer;Wormer;Kooldioxide (CO2);5850000;kg
2020;22602;Tate & Lyle Netherlands BV;Koog aan de Zaan;Kooldioxide (CO2);6236601;kg
2020;22617;Bunge Netherlands BV;Amsterdam;Kooldioxide (CO2);64176638;kg
2020;22626;Cargill BV (Multiseed);Amsterdam;Kooldioxide (CO2);28304296;kg
2020;23301;Tata Steel IJmuiden BV;Velsen-Noord;Kooldioxide (CO2);57861714130757400;kg
2020;24000;Vattenfall Power Generation B.V. (Hemweg);Amsterdam;Kooldioxide (CO2);860703951;kg
2020;24002;Vattenfall Power Generation B.V. (Diemen);Diemen;Kooldioxide (CO2);1320704744276090;kg
2020;24003;Vattenfall Power Generation B.V. (Velsen);Velsen-Noord;Kooldioxide (CO2);3417429623;kg
2020;24302;Crown van Gelder International B.V.;Velsen-Noord;Kooldioxide (CO2);119038342;kg
2020;24605;Forbo Flooring BV;Assendelft;Kooldioxide (CO2);12887577;kg
2020;24606;BN International BV;Huizen;Kooldioxide (CO2);5357341;kg
2020;28072;Quaker Chemical B.V. (A Quaker Houghton Company);Uithoorn;Kooldioxide (CO2);2524753;kg
2020;28085;AEB Amsterdam;Amsterdam;Kooldioxide (CO2);1306397707;kg
2020;28091;HVC N.V.;Alkmaar;Kooldioxide (CO2);980876950;kg
2020;28094;Linde Gas IJmuiden;Velsen-Noord;Kooldioxide (CO2);3529063;kg
2020;28167;ADM WILD Netherlands B.V.;Amsterdam;Kooldioxide (CO2);1098000;kg
2020;28175;Waeles Nederland BV;Nieuw-Vennep;Kooldioxide (CO2);176480;kg
2020;28176;Vattenfall Power Generation B.V. (IJmond 1);Velsen-Noord;Kooldioxide (CO2);1721075117;kg
2020;31311;CARBOGEN AMCIS B.V.;Veenendaal;Kooldioxide (CO2);2180000;kg
2020;33104;Trivium Aluminium Packaging Netherlands B.V.;Veenendaal;Kooldioxide (CO2);4110000;kg
2020;33414;IQatalyst B.V.;De Meern;Kooldioxide (CO2);6471714;kg
2020;34303;Remia CV;Den Dolder;Kooldioxide (CO2);5075501;kg
2020;38002;Stichting AL-terrein;Bilthoven;Kooldioxide (CO2);12281165;kg
2020;39103;Koninklijke ERU Kaasfabriek B.V.;Woerden;Kooldioxide (CO2);551148;kg
2020;39105;Vrumona;Bunnik;Kooldioxide (CO2);5057860;kg
2020;41003;Shell Nederland Chemie BV (Moerdijk);Moerdijk;Kooldioxide (CO2);2494538430;kg
2020;41101;SABIC Innovative Plastics BV;Bergen op Zoom;Kooldioxide (CO2);273382324;kg
2020;41102;Allnex Netherlands B.V.;Bergen op Zoom;Kooldioxide (CO2);9130364;kg
2020;41103;Synthos Breda BV;Breda;Kooldioxide (CO2);6338043;kg
2020;41106;IFF Nederland BV;Tilburg;Kooldioxide (CO2);8349860;kg
2020;41113;BEWI RAW BV;Etten-Leur;Kooldioxide (CO2);7568389;kg
2020;41402;Trobas Gelatine B.V.;Dongen;Kooldioxide (CO2);7628979;kg
2020;41428;Covestro (Netherlands) B.V., vestiging Waalwijk;Waalwijk;Kooldioxide (CO2);3850823;kg
2020;41502;Ravenstein;Ravenstein;Kooldioxide (CO2);1176647;kg
2020;41521;Afvalstoffen Terminal Moerdijk BV (ATM);Moerdijk;Kooldioxide (CO2);173833605;kg
2020;42022;Nutricia Cuijk B.V.;Cuijk;Kooldioxide (CO2);1158060;kg
2020;42034;FrieslandCampina DMV B.V.;Veghel;Kooldioxide (CO2);84990000;kg
2020;42206;Mars Nederland BV;Veghel;Kooldioxide (CO2);11500000;kg
2020;42310;Cosun Beet Company-Dinteloord;Dinteloord;Kooldioxide (CO2);115578013;kg
2020;42408;Swinkels Family Brewers N.V.;Lieshout;Kooldioxide (CO2);40188900;kg
2020;42410;Heineken Netherlands Supply B.V. (Den Bosch);'s-Hertogenbosch;Kooldioxide (CO2);13284889;kg
2020;42411;Coca Cola Europacific Partners BV;Dongen;Kooldioxide (CO2);3712545;kg
2020;42629;Cargill BV;Bergen op Zoom;Kooldioxide (CO2);59460193;kg
2020;42823;Zwanenberg Food Oss b.v.;Oss;Kooldioxide (CO2);11240000;kg
2020;42834;Rendac Son BV;Son en Breugel;Kooldioxide (CO2);78238639;kg
2020;43002;Mannesmann Precision Tubes Netherlands BV;Helmond;Kooldioxide (CO2);1734200;kg
2020;43003;Tata Steel Nederland Tubes BV locatie Oosterhout;Oosterhout;Kooldioxide (CO2);1868300;kg
2020;43013;Nyrstar Budel BV;Budel-Dorplein;Kooldioxide (CO2);25970558;kg
2020;43024;Nedschroef Helmond BV;Helmond;Kooldioxide (CO2);5807292;kg
2020;43139;Ardagh Metal Packaging Netherlands B.V.;Oss;Kooldioxide (CO2);156000;kg
2020;43205;Coatinc West Brabant BV;Oudenbosch;Kooldioxide (CO2);277000;kg
2020;43210;Aalberts Surface Technologies BV;Eindhoven;Kooldioxide (CO2);805216;kg
2020;43216;SPGPrints;Boxmeer;Kooldioxide (CO2);2656559;kg
2020;43400;GTO Plating BV;'s-Hertogenbosch;Kooldioxide (CO2);109824;kg
2020;43403;DAF Trucks N.V.;Eindhoven;Kooldioxide (CO2);25869904;kg
2020;43513;LDM b.v.;Drunen;Kooldioxide (CO2);441227;kg
2020;43856;Hydro Extrusion Drunen;Drunen;Kooldioxide (CO2);10416208;kg
2020;43869;Efté Coating BV;Eindhoven;Kooldioxide (CO2);829208;kg
2020;44004;Amer Centrale;Geertruidenberg;Kooldioxide (CO2);3584757059;kg
2020;44006;RWZI Oijen (Waterschap Aa en Maas);Oijen;Kooldioxide (CO2);5736057;kg
2020;44007;PreZero Energy Roosendaal B.V.;Roosendaal;Kooldioxide (CO2);340437000;kg
2020;44008;Ennatuurlijk BV, WKC Helmond;Helmond;Kooldioxide (CO2);50531290;kg
2020;44009;BV Afvalverbranding Zuid Nederland (AZN);Moerdijk;Kooldioxide (CO2);941605622;kg
2020;44162;Vlisco Netherlands BV;Helmond;Kooldioxide (CO2);14986652;kg
2020;44301;Saica Flex Netherlands B.V.;Etten-Leur;Kooldioxide (CO2);1782214;kg
2020;44709;Steenfabriek Engels Oeffelt BV;Oeffelt;Kooldioxide (CO2);15647801;kg
2020;44772;Ardagh Glass Dongen BV;Dongen;Kooldioxide (CO2);72887741;kg
2020;44773;Saint Gobain Construction Products NL BV;Etten-Leur;Kooldioxide (CO2);43357456;kg
2020;45669;Caligen Europe BV;Breda;Kooldioxide (CO2);300120;kg
2020;47001;Slibverwerking Noord-Brabant NV;Moerdijk;Kooldioxide (CO2);145137000;kg
2020;48002;Unipol Holland BV;Oss;Kooldioxide (CO2);5602045;kg
2020;48018;FUJIFILM Manufacturing Europe B.V.;Tilburg;Kooldioxide (CO2);22455148;kg
2020;48022;Dr. W. Kolb Nederland BV;Klundert;Kooldioxide (CO2);2393048;kg
2020;48023;FrieslandCampina Rijkevoort (Holland Cheese);Rijkevoort;Kooldioxide (CO2);5399807;kg
2020;48024;Essity Operations Cuijk B.V.;Katwijk NB;Kooldioxide (CO2);10997076;kg
2020;48031;FrieslandCampina Butter & Milkpowder - Den Bosch;'s-Hertogenbosch;Kooldioxide (CO2);2786523;kg
2020;48051;KBM Master Alloys BV (Oss);Oss;Kooldioxide (CO2);335834;kg
2020;48054;Van Swaay Duurzaam Hout Schijndel;Schijndel;Kooldioxide (CO2);247000;kg
2020;48061;Verzinkerij Meerveldhoven BV;Veldhoven;Kooldioxide (CO2);1988556;kg
2020;48073;Nedzink BV;Budel-Dorplein;Kooldioxide (CO2);1089925;kg
2020;48084;Ennatuurlijk BV, WKC Eindhoven;Eindhoven;Kooldioxide (CO2);8574170;kg
2020;48113;Keizersberg Diervoeders Elsendorp B.V.;Milheeze;Kooldioxide (CO2);66206;kg
2020;48132;Pali Geldrop BV;Geldrop;Kooldioxide (CO2);1310739;kg
2020;48177;Peka Kroef B.V. Odiliapeel;Odiliapeel;Kooldioxide (CO2);7710000;kg
2020;49006;WKC Moerdijk;Moerdijk;Kooldioxide (CO2);540861116;kg
2020;49010;Basell Benelux B.V.;Moerdijk;Kooldioxide (CO2);7592000;kg
2020;49013;Ardagh Glass Moerdijk BV;Moerdijk;Kooldioxide (CO2);53418319;kg
2020;49016;BECC B.V.;Katwijk NB;Kooldioxide (CO2);224139269;kg
2020;49026;Attero B.V. locatie Tilburg (Spinder);Tilburg;Kooldioxide (CO2);7248354;kg
2020;49033;Agristo Tilburg BV;Tilburg;Kooldioxide (CO2);35270000;kg
2020;51101;Synthomer Middelburg BV;Middelburg;Kooldioxide (CO2);57522000;kg
2020;51102;Rosier Nederland B.V.;Sas Van GEnt;Kooldioxide (CO2);17541074;kg
2020;51104;Dow Benelux BV (Hoek);Hoek;Kooldioxide (CO2);4125283242;kg
2020;51105;YARA Sluiskil BV;Sluiskil;Kooldioxide (CO2);3131267796;kg
2020;51107;ARKEMA B.V. location Vlissingen;Vlissingen;Kooldioxide (CO2);5820859;kg
2020;51404;ICL-IP Terneuzen BV;Terneuzen;Kooldioxide (CO2);14680809;kg
2020;51501;Zeeland Refinery N.V.;Nieuwdorp;Kooldioxide (CO2);1166864415;kg
2020;52612;Cargill Benelux BV;Sas Van GEnt;Kooldioxide (CO2);264518688;kg
2020;52615;Koninklijke Zeelandia;Zierikzee;Kooldioxide (CO2);1484637;kg
2020;53129;Damen Schelde Naval Shipbuilding B.V. en Damen Shiprepair Vlissingen B.V.;Ritthem;Kooldioxide (CO2);938458;kg
2020;53504;Zeeland Aluminium Company (Zalco BV);Vlissingen;Kooldioxide (CO2);14636157;kg
2020;56118;Stepan Nederland BV;Ritthem;Kooldioxide (CO2);3889879;kg
2020;56125;Stortplaats Noord- en Midden-Zeeland BV (OLAZ);Nieuwdorp;Kooldioxide (CO2);7496893;kg
2020;61213;PPG Coatings B.V.;Tiel;Kooldioxide (CO2);1260505;kg
2020;61405;Niacet B.V.;Tiel;Kooldioxide (CO2);20000000;kg
2020;61411;Sonac Vuren BV;Vuren;Kooldioxide (CO2);30751709;kg
2020;61418;SACHEM Europe BV;Zaltbommel;Kooldioxide (CO2);3400000;kg
2020;61424;Veolia Industriediensten BV;Arnhem;Kooldioxide (CO2);44067527;kg
2020;61436;Givaudan Nederland BV (Barneveld);Barneveld;Kooldioxide (CO2);1020000;kg
2020;61517;Gasunie Zweekhorst;Zevenaar;Kooldioxide (CO2);245918;kg
2020;62009;FrieslandCampina Butter&Milkpowder (Lochem);Lochem;Kooldioxide (CO2);32869800;kg
2020;62010;Nestlé Nederland BV (Nunspeet);Nunspeet;Kooldioxide (CO2);16223744;kg
2020;62013;FrieslandCampina Steenderen;Steenderen;Kooldioxide (CO2);4039851;kg
2020;62025;FrieslandCampina (Borculo);Borculo;Kooldioxide (CO2);63958523;kg
2020;62031;Arla Foods BV;Nijkerk;Kooldioxide (CO2);9292090;kg
2020;62108;Polskamp BV;Ermelo;Kooldioxide (CO2);1100900;kg
2020;62406;Riedel BV;Ede;Kooldioxide (CO2);1935000;kg
2020;62509;H.J. Heinz Holding BV;Elst;Kooldioxide (CO2);5888687;kg
2020;62512;Struik Foods Netherlands;Nijkerk;Kooldioxide (CO2);6310000;kg
2020;62802;Ekro BV;Apeldoorn;Kooldioxide (CO2);1653244;kg
2020;62806;VION Apeldoorn b.v.;Apeldoorn;Kooldioxide (CO2);2735787;kg
2020;62812;Compaxo Vlees Zevenaar BV;Zevenaar;Kooldioxide (CO2);3460000;kg
2020;62852;Pluimveeslachterij Van den Bor BV;Nijkerkerveen;Kooldioxide (CO2);1135926;kg
2020;62859;Plukon Wezep BV;Wezep;Kooldioxide (CO2);77200;kg
2020;62925;Aviko BV;Steenderen;Kooldioxide (CO2);59120000;kg
2020;62928;CelaVita Foods b.v.;Wezep;Kooldioxide (CO2);5088820;kg
2020;63012;KME Netherlands B.V.;Zutphen;Kooldioxide (CO2);4086603;kg
2020;63399;Scheepswerf De Hoop BV;Tolkamer;Kooldioxide (CO2);356894;kg
2020;63504;Gieterij Doesburg BV;Doesburg;Kooldioxide (CO2);738818;kg
2020;63505;Vulcanus Castings BV;Doetinchem;Kooldioxide (CO2);3847054;kg
2020;63508;Nijmeegsche IJzergieterij BV;Nijmegen;Kooldioxide (CO2);4028217;kg
2020;63509;LF Casting B.V.;Terborg;Kooldioxide (CO2);955541;kg
2020;63643;Veco B.V.;Eerbeek;Kooldioxide (CO2);904000;kg
2020;63669;Coatinc Anox bv.;Scherpenzeel;Kooldioxide (CO2);126928;kg
2020;64004;AVR Afvalverwerking BV (Duiven);Duiven;Kooldioxide (CO2);529312620;kg
2020;64005;ARN B.V.;Weurt;Kooldioxide (CO2);342474240;kg
2020;64134;Sonac Loenen BV;Loenen;Kooldioxide (CO2);3670000;kg
2020;64304;Papierfabriek Doetinchem bv;Doetinchem;Kooldioxide (CO2);16921138;kg
2020;64328;Koninklijke VIVBuisman B.V.;Zelhem;Kooldioxide (CO2);2351766;kg
2020;64335;DS Smith De Hoop B.V.;Eerbeek;Kooldioxide (CO2);183045549;kg
2020;64345;Folding Boxboard Eerbeek bv;Eerbeek;Kooldioxide (CO2);70821928;kg
2020;64354;VHP Security Paper B.V.;Ugchelen;Kooldioxide (CO2);4216000;kg
2020;64360;Smurfit Westrock Parenco B.V.;Renkum;Kooldioxide (CO2);245345823;kg
2020;64633;Aquinos BV (Kesteren);Kesteren;Kooldioxide (CO2);1865196;kg
2020;64641;Kamp Coating Apeldoorn BV;Apeldoorn;Kooldioxide (CO2);1079513;kg
2020;64701;Steenfabriek De Rijswaard BV;Aalst;Kooldioxide (CO2);32075700;kg
2020;64703;B.V. Steenfabriek Huissenswaard;Angeren;Kooldioxide (CO2);22697000;kg
2020;64713;Wienerberger Steenfabriek Schipperswaard;Echteld;Kooldioxide (CO2);8405568;kg
2020;64715;Wienerberger BV Steenfabriek Erlecom;Erlecom;Kooldioxide (CO2);13216637;kg
2020;64718;Rodruza Steenfabriek de Zandberg;Gendt;Kooldioxide (CO2);14110000;kg
2020;64719;Wienerberger Steenfabriek Haaften;Haaften;Kooldioxide (CO2);16504762;kg
2020;64725;Wienerberger Steenfabriek Heteren;Heteren;Kooldioxide (CO2);8552009;kg
2020;64740;Wienerberger Steenfabriek Wolfswaard;Opheusden;Kooldioxide (CO2);14349124;kg
2020;64741;Wienerberger Steenfabriek Kijfwaard Oost;Pannerden;Kooldioxide (CO2);12775211;kg
2020;64744;Steenfabriek Rossum B.V.;Rossum;Kooldioxide (CO2);17958400;kg
2020;64748;Steenfabriek Spijk BV;Spijk;Kooldioxide (CO2);27032000;kg
2020;64749;Steenfabriek Tolkamer BV;Tolkamer;Kooldioxide (CO2);25644000;kg
2020;64756;Wienerberger Steenfabriek De Vlijt;Winterswijk;Kooldioxide (CO2);6946969;kg
2020;64759;Steenfabriek Zennewijnen;Zennewijnen;Kooldioxide (CO2);15651579;kg
2020;65735;Steenfabriek Vogelensangh B.V.;Deest;Kooldioxide (CO2);3383675;kg
2020;65777;Wienerberger Steenfabriek Kijfwaard West;Pannerden;Kooldioxide (CO2);26514292;kg
2020;66001;Sibelco Winterswijk;Winterswijk;Kooldioxide (CO2);3810346;kg
2020;66201;Coldenhove Paper B.V.;Eerbeek;Kooldioxide (CO2);8235454;kg
2020;66206;TANATEX Chemicals BV;Ede;Kooldioxide (CO2);663987;kg
2020;66209;Van Voorden Gieterijen B.V.;Zaltbommel;Kooldioxide (CO2);460000;kg
2020;66210;Recycling Barneveld BV;Barneveld;Kooldioxide (CO2);236217;kg
2020;66220;Smart Packaging Solutions B.V.;Loenen;Kooldioxide (CO2);13660610;kg
2020;66224;Wienerberger Dakpannenfabriek Narvik Deest;Deest;Kooldioxide (CO2);7299954;kg
2020;66231;Attero B.V. Locatie Wilp (VAR);Wilp;Kooldioxide (CO2);7390957;kg
2020;66239;Mead Johnson B.V.;Nijmegen;Kooldioxide (CO2);10963000;kg
2020;66248;Loparex BV;Apeldoorn;Kooldioxide (CO2);4536093;kg
2020;66253;Stichting Mestverwerking Gelderland SMG (KGBI Stroe);Stroe;Kooldioxide (CO2);3920640;kg
2020;66322;Industriewater Eerbeek;Eerbeek;Kooldioxide (CO2);399844;kg
2020;66323;Stichting Mestverwerking Gelderland SMG (KGBI Ede);Ede;Kooldioxide (CO2);3679160;kg
2020;66325;Stichting Mestverwerking Gelderland SMG (KGBI Elspeet);Elspeet;Kooldioxide (CO2);2937310;kg
2020;66326;Stichting Mestverwerking Gelderland SMG (KGBI Putten);Putten;Kooldioxide (CO2);3733700;kg
2020;69030;Storteboom Fresh BV (Putten);Putten;Kooldioxide (CO2);3576182;kg
2020;69031;Gesloten stortplaats Ullerberg;Ermelo;Kooldioxide (CO2);1190000;kg
2020;69065;Draad Nijmegen BV (onder de naam Smit Draad);Nijmegen;Kooldioxide (CO2);837836;kg
2020;69067;Groot Zevert Vergisting;Beltrum;Kooldioxide (CO2);5321061;kg
2020;71102;KLK Kolb Specialties B.V.;Delden;Kooldioxide (CO2);5116189;kg
2020;71103;Nouryon Functional Chemicals;Deventer;Kooldioxide (CO2);4316359;kg
2020;71105;Nobian Chemicals BV (Hengelo);Hengelo;Kooldioxide (CO2);252731000;kg
2020;71514;Gasunie Vilsteren / Ommen;Vilsteren;Kooldioxide (CO2);4331298;kg
2020;72016;Royal Lactalis Leerdammer BV (Dalfsen);Dalfsen;Kooldioxide (CO2);5490994;kg
2020;72024;Ausnutria Kampen BV;Kampen;Kooldioxide (CO2);16268596;kg
2020;72027;Ausnutria Ommen B.V.;Ommen;Kooldioxide (CO2);3120000;kg
2020;72831;Stegeman C.V.;Wijhe;Kooldioxide (CO2);2020139;kg
2020;72837;Plukon Goor B.V.;Goor;Kooldioxide (CO2);618200;kg
2020;72914;Abbott Laboratories B.V.;Zwolle;Kooldioxide (CO2);16948403;kg
2020;73239;Scania Production Zwolle BV;Zwolle;Kooldioxide (CO2);1640000;kg
2020;74005;Ennatuurlijk BV, WKC Enschede;Enschede;Kooldioxide (CO2);16120;kg
2020;74120;Ten Cate Protect B.V.;Nijverdal;Kooldioxide (CO2);2000000;kg
2020;74154;TenCate Outdoor Fabrics BV;Nijverdal;Kooldioxide (CO2);1253500;kg
2020;74321;SARPI Netherlands B.V.;Almelo;Kooldioxide (CO2);928360;kg
2020;74652;Krehalon B.V.;Deventer;Kooldioxide (CO2);1866319;kg
2020;75305;locatie Boeldershoek;Hengelo;Kooldioxide (CO2);896801674;kg
2020;75315;locatie Elhorst Vloedbelt;Zenderen;Kooldioxide (CO2);1060877;kg
2020;75342;FrieslandCampina Balkbrug;Balkbrug;Kooldioxide (CO2);614025;kg
2020;75349;CZ Rouveen kaasspecialiteiten;Rouveen;Kooldioxide (CO2);3396283;kg
2020;81103;Norit Nederland B.V.;Klazienaveen;Kooldioxide (CO2);65657142;kg
2020;81104;DOC Kaas (Zuivelfabriek);Hoogeveen;Kooldioxide (CO2);7528914;kg
2020;81202;AOC Nederland BV (Schoonebeek);Zandpol;Kooldioxide (CO2);5080208;kg
2020;82002;FrieslandCampina Domo B.V. (Beilen);Beilen;Kooldioxide (CO2);48722603;kg
2020;82603;Avebe u.a. (Gasselternijveen);Gasselternijveen;Kooldioxide (CO2);97286300;kg
2020;83071;Zincoat BV;Veenoord;Kooldioxide (CO2);1050000;kg
2020;83501;2 RG;Klazienaveen;Kooldioxide (CO2);4386538;kg
2020;84808;SOLIDUS SOLUTIONS Board B.V. Coevorden;Coevorden;Kooldioxide (CO2);12812666;kg
2020;84999;FrieslandCampina Kievit (Meppel);Meppel;Kooldioxide (CO2);17510000;kg
2020;85002;Attero BV;Wijster;Kooldioxide (CO2);624658586;kg
2020;85003;Envalior Engineering Materials B.V.;Emmen;Kooldioxide (CO2);5330000;kg
2020;91505;N.V. Nederlandse Gasunie - compressorstation Aldeboarn;Aldeboarn;Kooldioxide (CO2);13429;kg
2020;92001;FrieslandCampina Cheese Gerkesklooster;Gerkesklooster;Kooldioxide (CO2);11289815;kg
2020;92004;Hochwald Foods Nederland BV;Bolsward;Kooldioxide (CO2);9816189;kg
2020;92008;Phoenix BV;Scharsterbrug;Kooldioxide (CO2);20649819;kg
2020;92012;FrieslandCampina (Leeuwarden);Leeuwarden;Kooldioxide (CO2);73080329;kg
2020;92015;FrieslandCampina Dronrijp;Dronryp;Kooldioxide (CO2);0;kg
2020;92030;FrieslandCampina (Workum);Workum;Kooldioxide (CO2);25247172;kg
2020;92615;Sonac Burgum BV;Sumar;Kooldioxide (CO2);44846122;kg
2020;93604;Nederlandse Onttinningsfabriek BV;Leeuwarden;Kooldioxide (CO2);1064170;kg
2020;94003;Centrale Bergum;Burgum;Kooldioxide (CO2);3599297;kg
2020;94301;Huhtamaki Nederland B.V.;Franeker;Kooldioxide (CO2);14329321;kg
2020;94607;Trioworld Harlingen;Harlingen;Kooldioxide (CO2);887000;kg
2020;94706;BASF Nederland B.V.;Heerenveen;Kooldioxide (CO2);2279000;kg
2020;95000;Tyson Foods Oosterwolde BV;Oosterwolde;Kooldioxide (CO2);2216000;kg
2020;95003;Lamb Weston / Meyer VOF (Klooster Lidlum);Klooster Lidlum;Kooldioxide (CO2);12926491;kg
2020;95007;Frisia Zout BV;Harlingen;Kooldioxide (CO2);7485194;kg
2020;99011;Sonac Harlingen BV;Harlingen;Kooldioxide (CO2);1590000;kg
2020;101103;BioMCN B.V.;Farmsum;Kooldioxide (CO2);410037038;kg
2020;101104;Dow Benelux B.V.;Delfzijl;Kooldioxide (CO2);11542654;kg
2020;101105;P.Q. Silicas B.V.;Winschoten;Kooldioxide (CO2);15495507;kg
2020;101108;Qemetica NL Silica bv;Delfzijl;Kooldioxide (CO2);40150000;kg
2020;101404;Delamine B.V.;Farmsum;Kooldioxide (CO2);1673574;kg
2020;101405;Electric Glass Fiber NL, B.V.;Westerbroek;Kooldioxide (CO2);38974579;kg
2020;101407;Zeolyst CV;Farmsum;Kooldioxide (CO2);3697312;kg
2020;101408;Nedmag B.V.;Veendam;Kooldioxide (CO2);57610720;kg
2020;101515;Gasunie Transport Services B.V. - compressorstation Spijk;Eemshaven;Kooldioxide (CO2);1955500;kg
2020;102001;FrieslandCampina Nederland B.V.;Bedum;Kooldioxide (CO2);35092651;kg
2020;102008;Plixxent B.V.;Foxhol;Kooldioxide (CO2);68013;kg
2020;102302;Cosun Beet Company-Vierverlaten;Groningen;Kooldioxide (CO2);129356490;kg
2020;102504;Rixona BV;Warffum;Kooldioxide (CO2);18754109;kg
2020;102620;Coöperatie AVEBE U.A.;Ter Apelkanaal;Kooldioxide (CO2);95787084;kg
2020;103009;KBM Master Alloys B.V.;Delfzijl;Kooldioxide (CO2);4079696;kg
2020;103010;DAMCO Aluminium Delfzijl Coöperatie U.A.;Farmsum;Kooldioxide (CO2);114605468;kg
2020;104001;ENGIE Energie Nederland NV;Eemshaven;Kooldioxide (CO2);1755755053;kg
2020;104003;Delesto B.V.;Farmsum;Kooldioxide (CO2);318623049;kg
2020;104302;Solidus Solutions Board Groningen-Hoogkerk;Groningen;Kooldioxide (CO2);13138000;kg
2020;104304;Eska B.V.;Hoogezand;Kooldioxide (CO2);49859884;kg
2020;104305;Eska B.V.;Sappemeer;Kooldioxide (CO2);29168782;kg
2020;104307;Solidus Board Bad Nieuweschans B.V.;Bad Nieuweschans;Kooldioxide (CO2);35553884;kg
2020;104511;Gasunie mengstation Kootstertille (FR);Kootstertille;Kooldioxide (CO2);15786;kg
2020;104520;Ecopark De Wierde;Heerenveen;Kooldioxide (CO2);2371097;kg
2020;104521;FrieslandCampina Wolvega;Wolvega;Kooldioxide (CO2);438759;kg
2020;104611;Adapa the Netherlands BV;Leek;Kooldioxide (CO2);2938050;kg
2020;104710;ESD-SIC BV;Farmsum;Kooldioxide (CO2);104393169;kg
2020;104756;Steenindustrie Strating BV;Oude Pekela;Kooldioxide (CO2);5436000;kg
2020;105001;ChemCom Industries BV;Farmsum;Kooldioxide (CO2);6021551;kg
2020;105004;Teijin Aramid B.V.;Farmsum;Kooldioxide (CO2);17779000;kg
2020;105007;FrieslandCampina Nederland B.V.;Marum;Kooldioxide (CO2);9170334;kg
2020;105016;Nobian Industrial Chemicals B.V. - SSC (Shared Service Center);Farmsum;Kooldioxide (CO2);2292985;kg
2020;105027;Kisuma Chemicals BV;Veendam;Kooldioxide (CO2);10392800;kg
2020;105029;Storteboom Foodgroup Kornhorn;Kornhorn;Kooldioxide (CO2);2725511;kg
2020;114001;Maxima-centrale;Lelystad;Kooldioxide (CO2);1789174395;kg
2020;114002;Vattenfall Power Generation B.V. (HWC Hogering/WKC Almere);Almere;Kooldioxide (CO2);4460116;kg
2020;114709;McCain Foods Holland BV (Lelystad);Lelystad;Kooldioxide (CO2);24250620;kg
2020;114711;Yakult Nederland BV;Almere;Kooldioxide (CO2);1496600;kg
2020;114720;Sonac Almere BV;Almere;Kooldioxide (CO2);4847691;kg
2020;114721;Alphen;Alphen;Kooldioxide (CO2);46814;kg
2020;114723;RWZI Harderwijk;Harderwijk;Kooldioxide (CO2);14055465;kg
2020;114724;RWZI Apeldoorn;Apeldoorn;Kooldioxide (CO2);17971092;kg
2020;114725;RWZI Ede;Ede;Kooldioxide (CO2);9801673;kg
2020;114726;RWZI Nieuwgraaf (Waterschap Rijn en IJssel);Duiven;Kooldioxide (CO2);8011056;kg
2020;114727;RWZI Nijmegen (Waterschap Rivierenland);Weurt;Kooldioxide (CO2);13371974;kg
2020;114728;RWZI Nieuwveer;Breda;Kooldioxide (CO2);13124469;kg
2020;114729;RWZI Aarle-Rixtel (Waterschap Aa en Maas);Aarle-Rixtel;Kooldioxide (CO2);8343886;kg
2020;114730;RWZI Eindhoven (Waterschap De Dommel);Eindhoven;Kooldioxide (CO2);13309553;kg
2020;114731;RWZI Utrecht (Hoogheemraadschap de Stichtse Rijnlanden);Utrecht;Kooldioxide (CO2);9086710;kg
2020;114732;RWZI Venlo;Venlo;Kooldioxide (CO2);10552337;kg
2020;114733;RWZI Hoensbroek;Hoensbroek;Kooldioxide (CO2);3657869;kg
2020;114734;RWZI Enschede;Enschede;Kooldioxide (CO2);8806560;kg
2020;114735;AWZI De Groote Lucht (Hoogheemraadschap van Delfland);Vlaardingen;Kooldioxide (CO2);4537990;kg
2020;114736;RWZI Dokhaven en Slibverwerkingsinstallatie Sluisjesdijk;Rotterdam;Kooldioxide (CO2);18215994;kg
2020;114737;AWZI Kralingseveer (Hoogheemraadschap van Schieland);Capelle aan den Ijssel;Kooldioxide (CO2);9596292;kg
2020;114740;RWZI Susteren;Susteren;Kooldioxide (CO2);15633976;kg
2020;114741;RWZI Amersfoort;Amersfoort;Kooldioxide (CO2);10102477;kg
2020;114743;RWZI Dinther (Waterschap Aa en Maas);Heeswijk-Dinther;Kooldioxide (CO2);8245948;kg
2020;114747;PeakShaver Maasvlakte;Maasvlakte Rotterdam;Kooldioxide (CO2);545304;kg
2020;114757;Eurogen CV;Botlek Rotterdam;Kooldioxide (CO2);193708089;kg
2020;114758;Farm Dairy BV;Lelystad;Kooldioxide (CO2);1760000;kg
2020;114767;AWZI Houtrust (Hoogheemraadschap van Delfland);'s-Gravenhage;Kooldioxide (CO2);10178159;kg
2020;114772;Fenner Dunlop Conveyor Belting;Drachten;Kooldioxide (CO2);3677000;kg
2020;114785;Smilde Foods BV(Heerenveen);Heerenveen;Kooldioxide (CO2);1552400;kg
2020;114802;Renewi Smink Amersfoort;Hoogland;Kooldioxide (CO2);4193294;kg
2020;114804;Vleeswarenfabriek Persoon BV;Lisse;Kooldioxide (CO2);690052;kg
2020;114814;Recycling Kombinatie REKO B.V.;Vondelingenplaat Rotterdam;Kooldioxide (CO2);19812639;kg
2020;115036;LyondellBasell Covestro Manufacturing Maasvlakte VOF;Maasvlakte Rotterdam;Kooldioxide (CO2);10685962;kg
2020;115037;Teijin Aramid BV (Arnhem);Arnhem;Kooldioxide (CO2);615899;kg
2020;115049;Holonite BV (Tholen);Tholen;Kooldioxide (CO2);106000;kg
2020;115063;Eagle Simrax BV;Kerkrade;Kooldioxide (CO2);183614;kg
2020;115066;Trespa International BV;Weert;Kooldioxide (CO2);22096225;kg
2020;115072;Seasun;Kapelle;Kooldioxide (CO2);34405325;kg
2020;115084;SVP Productie BV - Hulpwarmtecentrale 1;Purmerend;Kooldioxide (CO2);17651000;kg
2020;115085;Enecal Energy VOF;Botlek Rotterdam;Kooldioxide (CO2);202963000;kg
2020;115090;Trioworld Apeldoorn B.V.;Apeldoorn;Kooldioxide (CO2);862000;kg
2020;115143;FrieslandCampina Cheese BV (Leerdam);Leerdam;Kooldioxide (CO2);66800;kg
2020;115176;locatie Nauerna (Zaanstad);Assendelft;Kooldioxide (CO2);6475227;kg
2020;115180;apt Extrusions B.V.;Roermond;Kooldioxide (CO2);4211417;kg
2020;115181;EP NL Rijnmond 1 B.V.;Vondelingenplaat Rotterdam;Kooldioxide (CO2);1094728000;kg
2020;115184;RWZI Land van Cuijk (Waterschap Aa en Maas);Haps;Kooldioxide (CO2);5010193;kg
2020;115185;DOC Kaas (Zuivelpark);Hoogeveen;Kooldioxide (CO2);38728719;kg
2020;115186;Yara Vlaardingen BV;Vlaardingen;Kooldioxide (CO2);490489;kg
2020;200002;A. van de Groep en Zonen BV;Bunschoten-Spakenburg;Kooldioxide (CO2);3782089;kg
2020;200131;Hak BV;Giessen;Kooldioxide (CO2);7004876;kg
2020;200141;BV Steenfabriek Hedikhuizen;Heusden;Kooldioxide (CO2);15829000;kg
2020;200152;J.A. Ter Maten Pluimveebedrijf BV;Bunschoten-Spakenburg;Kooldioxide (CO2);217279;kg
2020;200188;Kriek Poedercoaten B.V.;Alphen aan den Rijn;Kooldioxide (CO2);390050;kg
2020;200228;Gouda Refractories BV;Gouda;Kooldioxide (CO2);11107000;kg
2020;200286;Wienerberger Steenfabriek Azewijn;Azewijn;Kooldioxide (CO2);17573363;kg
2020;200287;Steenfabriek Engels Helden BV;Panningen;Kooldioxide (CO2);20326576;kg
2020;200292;T. Boer & zn.;Nieuwerkerk aan den Ijssel;Kooldioxide (CO2);675000;kg
2020;200308;LOA VT;Almelo;Kooldioxide (CO2);136000;kg
2020;200312;Vloertegelfabriek Koninklijke Mosa BV;Maastricht;Kooldioxide (CO2);11118050;kg
2020;200314;Supply Point Cuijk BV;Katwijk;Kooldioxide (CO2);223340;kg
2020;200333;Wienerberger Steenfabriek Bemmel;Haalderen;Kooldioxide (CO2);5239637;kg
2020;200355;Dakpanfabriek Narvik Tegelen (Wienberger BV);Tegelen;Kooldioxide (CO2);8853912;kg
2020;200376;Wienerberger Dakpanfabriek Janssen-Dings;Tegelen;Kooldioxide (CO2);10739495;kg
2020;200377;Monier BV (Tegelen);Tegelen;Kooldioxide (CO2);11801000;kg
2020;200407;COATEX Netherlands BV;Moerdijk;Kooldioxide (CO2);611000;kg
2020;200420;Roba Metals B.V.;Farmsum;Kooldioxide (CO2);4447123;kg
2020;200436;Afvalberging Derde Merwedehaven;Dordrecht;Kooldioxide (CO2);4609310;kg
2020;200441;Amcor Specialty Cartons Brabant BV;Bergen op Zoom;Kooldioxide (CO2);909842;kg
2020;200450;Avri;Geldermalsen;Kooldioxide (CO2);507974;kg
2020;200451;Main B.V. (Jan van Riebeeckhavenweg);Amsterdam;Kooldioxide (CO2);46344;kg
2020;200480;Bostik Nederland B.V.;Roosendaal;Kooldioxide (CO2);1180000;kg
2020;200482;locatie Braambergen (Almere);Almere;Kooldioxide (CO2);1110188;kg
2020;200490;LOA Deege;Klundert;Kooldioxide (CO2);412983;kg
2020;200493;Attero B.V. locatie Bergen op Zoom (Kragge);Bergen op Zoom;Kooldioxide (CO2);4820691;kg
2020;200508;Uniper HWC Bezuidenhout-West;'s-Gravenhage;Kooldioxide (CO2);16556000;kg
2020;200512;ESA BV;Apeldoorn;Kooldioxide (CO2);672000;kg
2020;200516;Attero B.V.  locatie Montfort;Montfort;Kooldioxide (CO2);1861294;kg
2020;200518;Attero B.V. Locatie Weert;Weert;Kooldioxide (CO2);1043385;kg
2020;200520;Attero B.V. locatie Schinnen;Schinnen;Kooldioxide (CO2);1277139;kg
2020;200526;Exportslachterij Clazing BV;Zevenhuizen;Kooldioxide (CO2);2003000;kg
2020;200537;Cargill Cocao Aurora;Zaandam;Kooldioxide (CO2);14071000;kg
2020;200538;GMB BioEnergie Zutphen BV;Zutphen;Kooldioxide (CO2);32972066;kg
2020;200551;Heiploeg International BV;Zoutkamp;Kooldioxide (CO2);3115830;kg
2020;200557;Holland Malt B.V.;Eemshaven;Kooldioxide (CO2);30890068;kg
2020;200582;Südpack  Grootegast B.V.;Grootegast;Kooldioxide (CO2);3936000;kg
2020;200587;Martens Havenontvangstinstallatie Vlissingen BV;Nieuwdorp;Kooldioxide (CO2);70256;kg
2020;200610;Radboudumc & Radboud Universiteit Nijmegen;Nijmegen;Kooldioxide (CO2);13820100;kg
2020;200618;ROVA Afvalverwerkingslocatie Bovenveld;Rheezerveen;Kooldioxide (CO2);345915;kg
2020;200640;Exportslachterij J. Gosschalk & Zn. BV;Epe;Kooldioxide (CO2);2930000;kg
2020;200653;Saturn Petcare;Hattem;Kooldioxide (CO2);5350801;kg
2020;200664;Handelsonderneming A. Smit & Zoon BV;Amersfoort;Kooldioxide (CO2);1877167;kg
2020;200673;Mineralz Zweekhorst BV;Zevenaar;Kooldioxide (CO2);317148;kg
2020;200683;Theo Pouw Beheer BV;Utrecht;Kooldioxide (CO2);94735;kg
2020;200702;Renewi Nieuwegein;Nieuwegein;Kooldioxide (CO2);174773;kg
2020;200719;Wuppermann Staal Nederland BV;Moerdijk;Kooldioxide (CO2);2079800;kg
2020;200758;Lubrizol Advanced Materials Resins BV;Farmsum;Kooldioxide (CO2);280000;kg
2020;200781;FNsteel BV;Alblasserdam;Kooldioxide (CO2);14697000;kg
2020;201012;Renewi Nederland B.V. - Drachten-De Lier;Drachten;Kooldioxide (CO2);479499;kg
2020;201043;REMONDIS PMR B.V.;Moerdijk;Kooldioxide (CO2);1140000;kg
2020;201045;locatie Zeeasterweg (Lelystad);Lelystad;Kooldioxide (CO2);1480233;kg
2020;201055;Attero B.V. Locatie Haps;Haps;Kooldioxide (CO2);1568394;kg
2020;201151;Enrichment Technology Nederland BV;Almelo;Kooldioxide (CO2);1170000;kg
2020;201172;A. Smit & Zoon BV;Weesp;Kooldioxide (CO2);1263579;kg
2020;201189;Afvalverwerking Stainkoeln B.V.;Groningen;Kooldioxide (CO2);1362780;kg
2020;201203;Sortiva B.V.;Alkmaar;Kooldioxide (CO2);581953;kg
2020;201241;EMMTEC Services BV;Emmen;Kooldioxide (CO2);139082000;kg
2020;201303;locatie Wieringermeer (Middenmeer);Middenmeer;Kooldioxide (CO2);917235;kg
2020;201304;BMC Moerdijk BV;Moerdijk;Kooldioxide (CO2);351266297;kg
2020;201326;Aludyne Netherlands B.V.;Oss;Kooldioxide (CO2);3624550;kg
2020;201386;EP NL Sloe Centrale B.V. (Vlissingen);Ritthem;Kooldioxide (CO2);1798500000;kg
2020;201425;Afvalverwerking Vink B.V.;Barneveld;Kooldioxide (CO2);28020002;kg
2020;201503;Valtris AO Maastricht b.v. / Vynova AO Maastricht b.v.;Maastricht;Kooldioxide (CO2);3323112;kg
2020;201541;Olenex Edible Oils B.V.;Vondelingenplaat Rotterdam;Kooldioxide (CO2);11610000;kg
2020;201571;Vattenfall Warmte N.V. (HWC Duiven Westervoort);Westervoort;Kooldioxide (CO2);435973;kg
2020;201596;M&R Claushuis BV;Zeewolde;Kooldioxide (CO2);60164;kg
2020;201639;Solidus Solutions Board Oude Pekela;Oude Pekela;Kooldioxide (CO2);12489394;kg
2020;201986;Eneco HWC Kanaleneiland;Utrecht;Kooldioxide (CO2);11612;kg
2020;202140;Vitelco BV;'s-Hertogenbosch;Kooldioxide (CO2);1150000;kg
2020;202159;Fokker Aerospace BV;Papendrecht;Kooldioxide (CO2);4000000;kg
2020;202214;Greif Nederland BV;Europoort Rotterdam;Kooldioxide (CO2);3983627;kg
2020;202229;Bunge Loders Croklaan Rotterdam;Maasvlakte Rotterdam;Kooldioxide (CO2);15865000;kg
2020;202257;Accsys Technologies;Arnhem;Kooldioxide (CO2);4153295;kg
2020;202268;Eneco HWC Overvecht;Utrecht;Kooldioxide (CO2);243130;kg
2020;202298;Evonik Peroxide Netherlands B.V.;Farmsum;Kooldioxide (CO2);34219000;kg
2020;202380;Pluimveeverwerkingsbedrijf Jan van Ee BV;Stroe;Kooldioxide (CO2);1147954;kg
2020;202417;Compressorstation Noord Holland;Anna Paulowna;Kooldioxide (CO2);14648;kg
2020;202418;Eneco HWC Nicolaas Beetsstraat;Utrecht;Kooldioxide (CO2);828871;kg
2020;202419;Eneco HWC Nieuwegein;Nieuwegein;Kooldioxide (CO2);1453948;kg
2020;202578;Mars Food Europe CV;Oud-Beijerland;Kooldioxide (CO2);4181888;kg
2020;202597;Coatinc Groningen B.V.;Groningen;Kooldioxide (CO2);995000;kg
2020;202662;Pluimveeslachterij G.P. Remkes B.V.;Epe;Kooldioxide (CO2);789660;kg
2020;202692;adapa The Netherlands Amersfoort BV;Amersfoort;Kooldioxide (CO2);1605969;kg
2020;202746;Argent Energy;Amsterdam;Kooldioxide (CO2);27500000;kg
2020;202803;Avery Dennison Materials Nederland BV;Alphen aan den Rijn;Kooldioxide (CO2);1883000;kg
2020;202824;Eneco Merwedekanaal;Utrecht;Kooldioxide (CO2);200965416;kg
2020;202825;Eneco Lage Weide;Utrecht;Kooldioxide (CO2);582109834;kg
2020;202858;Grolsche Bierbrouwerij Nederland B.V.;Enschede;Kooldioxide (CO2);9354809;kg
2020;202863;Ruijtenberg Shipyard BV;Raamsdonksveer;Kooldioxide (CO2);0;kg
2020;202867;Vrije Universiteit Amsterdam;Amsterdam;Kooldioxide (CO2);29175693;kg
2020;202895;Lingezegen Energy B.V.;Bemmel;Kooldioxide (CO2);27718071;kg
2020;202902;GMB BioEnergie Tiel BV;Tiel;Kooldioxide (CO2);16135905;kg
2020;202926;Ulamo Coating B.V.;Ulft;Kooldioxide (CO2);1782149;kg
2020;202928;C & T Technics;Uden;Kooldioxide (CO2);400730;kg
2020;202935;Alblasserdam Yachtbuilding B.V. (Oceanco);Alblasserdam;Kooldioxide (CO2);742700;kg
2020;202962;IHC Sliedrecht Molendijk;Sliedrecht;Kooldioxide (CO2);380825;kg
2020;202990;Alco Energy Rotterdam;Europoort Rotterdam;Kooldioxide (CO2);328601389;kg
2020;202992;Viterra Botlek BV;Botlek Rotterdam;Kooldioxide (CO2);32744517;kg
2020;202999;Renewi Drachten - Stuurboord;Drachten;Kooldioxide (CO2);2958953;kg
2020;203083;Exploitatiemaatschappij J ter Horst BV;Varsseveld;Kooldioxide (CO2);117901;kg
2020;203086;JAZO Zevenaar BV;Zevenaar;Kooldioxide (CO2);132456;kg
2020;203155;Vattenfall Power Generation B.V. (HWC Almere Stad);Almere;Kooldioxide (CO2);446653;kg
2020;203159;Eco Fuels Netherlands B.V.;Eemshaven;Kooldioxide (CO2);4750000;kg
2020;203186;RWZI West;Amsterdam;Kooldioxide (CO2);13043191;kg
2020;203220;EEW Energy from Waste Delfzijl B.V.;Farmsum;Kooldioxide (CO2);825841974;kg
2020;203228;RWE Eemshaven Magnum B.V.;Eemshaven;Kooldioxide (CO2);2248105968;kg
2020;203273;RWE Eemshaven Holding II B.V.;Eemshaven;Kooldioxide (CO2);3034033729;kg
2020;203284;Steel Protection Oosterhout;Oosterhout;Kooldioxide (CO2);531451;kg
2020;203346;Inter-Che-M BV;Beuningen Gld;Kooldioxide (CO2);256970;kg
2020;203411;Pergen VOF;Pernis Rotterdam;Kooldioxide (CO2);1260578690;kg
2020;203416;IHC Krimpen;Krimpen aan den Ijssel;Kooldioxide (CO2);433889;kg
2020;203417;Van Rooi Meat BV (Helmond);Helmond;Kooldioxide (CO2);4058158;kg
2020;203438;Straalbedrijf A.J. den Breejen & Zonen BV;Dordrecht;Kooldioxide (CO2);49500;kg
2020;203496;Reststoffen Energie Centrale (REC);Harlingen;Kooldioxide (CO2);288840855;kg
2020;203505;EP NL Rijnmond 2 B.V.;Vondelingenplaat Rotterdam;Kooldioxide (CO2);832572000;kg
2020;203530;Teijin Aramid BV;Emmen;Kooldioxide (CO2);3718200;kg
2020;203587;Contitank B.V.;Delfzijl;Kooldioxide (CO2);675000;kg
2020;203589;Cerexagri BV;Vondelingenplaat Rotterdam;Kooldioxide (CO2);3927871;kg
2020;203590;Arkema B.V. location Rotterdam;Vondelingenplaat Rotterdam;Kooldioxide (CO2);4523945;kg
2020;203605;Kok Gorinchem BV;Gorinchem;Kooldioxide (CO2);829000;kg
2020;203651;Dutch Advanced Polyesters Emmen B.V.;Emmen;Kooldioxide (CO2);1270000;kg
2020;203738;Fokker Landing Gear;Helmond;Kooldioxide (CO2);710934;kg
2020;203785;Neste Netherlands B.V.;Maasvlakte Rotterdam;Kooldioxide (CO2);52189847;kg
2020;203825;Linde Gas Dieren;Dieren;Kooldioxide (CO2);543935;kg
2020;203843;Putman Recycling BV (Westervoort);Westervoort;Kooldioxide (CO2);1327069;kg
2020;203868;Cérélia Netherlands B.V.;Sliedrecht;Kooldioxide (CO2);5256274;kg
2020;203887;Noblesse Proteins BV;Wijster;Kooldioxide (CO2);1960668;kg
2020;204038;Keizersberg Diervoeders (Elsendorp);Elsendorp;Kooldioxide (CO2);6852;kg
2020;204042;locatie Brunssum (Brunssum);Brunssum;Kooldioxide (CO2);404190;kg
2020;204062;Intervet international BV;De Bilt;Kooldioxide (CO2);254001;kg
2020;204215;Enerco B.V.;Born;Kooldioxide (CO2);443843;kg
2020;204287;Global Food Group BV;Ospel;Kooldioxide (CO2);735738;kg
2020;204361;EcoFuels;Well L;Kooldioxide (CO2);11373255;kg
2020;204363;Vattenfall Warmte N.V. (HWC Schuytgraaf);Arnhem;Kooldioxide (CO2);341117;kg
2020;204395;Renewi Stadskanaal;Stadskanaal;Kooldioxide (CO2);779158;kg
2020;204488;Cumapol Emmen B.V.;Emmen;Kooldioxide (CO2);665000;kg
2020;204497;Summa petfood B.V.;Putten;Kooldioxide (CO2);304883;kg
2020;204522;Ondergrondse aardgasopslag Zuidwending;Veendam;Kooldioxide (CO2);2761283;kg
2020;204552;Gesloten stortplaats De Langenberg;Zelhem;Kooldioxide (CO2);797000;kg
2020;204556;Waterstromen Lichtenvoorde B.V.;Lichtenvoorde;Kooldioxide (CO2);6825690;kg
2020;204602;RWZI Soest;Soest;Kooldioxide (CO2);2592842;kg
2020;204609;Hoogweg Paprikakwekerijen BV;Luttelgeest;Kooldioxide (CO2);1038949;kg
2020;204617;Power Plant Rotterdam;Maasvlakte Rotterdam;Kooldioxide (CO2);17699701;kg
2020;204650;Ferdinand Zandbergen BV;Woudenberg;Kooldioxide (CO2);105006;kg
2020;204654;ENECOGEN V.O.F.;Europoort Rotterdam;Kooldioxide (CO2);1903267927;kg
2020;204692;Handelsonderneming Technivet Ermelo BV/Gerbuvet BV;Ermelo;Kooldioxide (CO2);1850753;kg
2020;204763;KH Dairy Sourcing BV;Coevorden;Kooldioxide (CO2);1108960;kg
2020;204851;Air Products HyCO 4 (Botlekweg);Botlek Rotterdam;Kooldioxide (CO2);612484429;kg
2020;204944;Eneco Bio Golden Raand C.V.;Farmsum;Kooldioxide (CO2);413256600;kg
2020;204957;WKC Ypenburg;'s-Gravenhage;Kooldioxide (CO2);34970658;kg
2020;205100;AVISTA OIL B.V.;Roosendaal;Kooldioxide (CO2);213911;kg
2020;205183;Van Merksteijn International B.V.;Almelo;Kooldioxide (CO2);8827127;kg
2020;205186;HWC Ypenburg;'s-Gravenhage;Kooldioxide (CO2);9176681;kg
2020;205221;Vendecs B.V.;Enschede;Kooldioxide (CO2);2472082;kg
2020;205256;DCL Corporation (NL) B.V.;Maastricht;Kooldioxide (CO2);3348179;kg
2020;205276;Diffutherm BV;Hapert;Kooldioxide (CO2);706230;kg
2020;205339;Veco Zuivel B.V.;Zeewolde;Kooldioxide (CO2);1070590;kg
2020;205470;BES Exploitatie BV;Sittard;Kooldioxide (CO2);30266000;kg
2020;205493;Euro Support Advanced Materials B.V.;Uden;Kooldioxide (CO2);1563575;kg
2020;205500;Aspen Oss B.V. (locatie Moleneind);Oss;Kooldioxide (CO2);8050000;kg
2020;205501;Aspen Oss B.V. (locatie De Geer);Oss;Kooldioxide (CO2);4725834;kg
2020;205503;MRC Plating Products B.V.;Zeewolde;Kooldioxide (CO2);204700;kg
2020;205568;Asfaltcentrale Gebr. Van der Lee V.O.F.;Lelystad;Kooldioxide (CO2);5012688;kg
2020;205588;Van der Velden Schalkwijk;Schalkwijk;Kooldioxide (CO2);242105;kg
2020;205694;B.V. Esbro;Wehl;Kooldioxide (CO2);1691581;kg
2020;205802;Empyro B.V.;Hengelo;Kooldioxide (CO2);24167920;kg
2020;205844;Green Box Computing B.V.;Eemshaven;Kooldioxide (CO2);177000;kg
2020;205876;Hartog Containers B.V.;Amersfoort;Kooldioxide (CO2);243148;kg
2020;205961;Chamlon B.V.;Ootmarsum;Kooldioxide (CO2);181602;kg
2020;205962;Gesloten stortplaats De Keyenberg;Wageningen;Kooldioxide (CO2);350000;kg
2020;205965;Amsterdam Meat Company Ameco BV;Apeldoorn;Kooldioxide (CO2);687000;kg
2020;205998;Koster Keunen Holland B.V.;Bladel;Kooldioxide (CO2);424900;kg
2020;206010;Reststoffen Bewerkingsinstallatie;Farmsum;Kooldioxide (CO2);104849;kg
2020;206040;Groen Gas Gelderland B.V.;Bemmel;Kooldioxide (CO2);7067000;kg
2020;206149;Stinoil Holding B.V.;Veendam;Kooldioxide (CO2);803000;kg
2020;206160;Greenergy Biofuels Amsterdam B.V.;Amsterdam;Kooldioxide (CO2);5240000;kg
2020;220121;Hoogheemraadschap Hollands Noorderkwartier RWZI Alkmaar;Alkmaar;Kooldioxide (CO2);1427500;kg
2020;220124;AWZI Almere;Almere;Kooldioxide (CO2);6782832;kg
2020;220129;RWZI Amstelveen (HH Amstel, Gooi en Vecht);Amstelveen;Kooldioxide (CO2);3443182;kg
2020;220131;RWZI Westpoort;Amsterdam;Kooldioxide (CO2);17248548;kg
2020;220133;RWZI Arnhem-Zuid;Arnhem;Kooldioxide (CO2);10072573;kg
2020;220136;RWZI Asten (Waterschap Aa en Maas);Heusden;Kooldioxide (CO2);2720807;kg
2020;220138;RWZI Emmen;Nieuw-Amsterdam;Kooldioxide (CO2);6208377;kg
2020;220139;RWZI Bath;Rilland;Kooldioxide (CO2);17158921;kg
2020;220150;Hoogheemraadschap Hollands Noorderkwartier SDI/RWZI Beverwijk;Beverwijk;Kooldioxide (CO2);34929823;kg
2020;220188;Hoogheemraadschap Hollands Noorderkwartier RWZI Den Helder;Den Helder;Kooldioxide (CO2);2646284;kg
2020;220191;RWZI Deventer;Deventer;Kooldioxide (CO2);5481539;kg
2020;220200;RWZI Dongemond;Oosterhout;Kooldioxide (CO2);6167564;kg
2020;220201;RWZI Dordrecht;Dordrecht;Kooldioxide (CO2);4495950;kg
2020;220209;RWZI Echten;Hoogeveen;Kooldioxide (CO2);2884023;kg
2020;220213;RWZI Elburg;Elburg;Kooldioxide (CO2);4955100;kg
2020;220217;RWZI Etten;Terborg;Kooldioxide (CO2);18631196;kg
2020;220223;Hoogheemraadschap Hollands Noorderkwartier RWZI Geestmerambacht;Warmenhuizen;Kooldioxide (CO2);4025108;kg
2020;220236;AWZI Gouda;Gouda;Kooldioxide (CO2);2077683;kg
2020;220243;RWZI Haarlem-Waarderpolder;Haarlem;Kooldioxide (CO2);5728527;kg
2020;220263;RWZI Hellevoetsluis;Hellevoetsluis;Kooldioxide (CO2);1349868;kg
2020;220264;Rioolwaterzuiveringsinstallatie Hengelo;Hengelo;Kooldioxide (CO2);14511519;kg
2020;220276;RWZI Horstermeer (HH Amstel, Gooi en Vechtstreek);Nederhorst den Berg;Kooldioxide (CO2);5525596;kg
2020;220286;AWZI Katwijk;Katwijk;Kooldioxide (CO2);10496569;kg
2020;220297;RWZI Leeuwarden;Leeuwarden;Kooldioxide (CO2);6038629;kg
2020;220298;AWZI Leiden Noord;Leiden;Kooldioxide (CO2);3469484;kg
2020;220299;AWZI Leiden Zuidwest;Leiden;Kooldioxide (CO2);4524676;kg
2020;220301;AWZI Lelystad;Lelystad;Kooldioxide (CO2);2430422;kg
2020;220304;RWZI Maastricht-Limmel;Maastricht;Kooldioxide (CO2);3769720;kg
2020;220326;AWZI Nieuwe Waterweg;Hoek Van Holland;Kooldioxide (CO2);3478045;kg
2020;220328;RWZI Nieuwegein;Nieuwegein;Kooldioxide (CO2);5138181;kg
2020;220333;AWZI Tollebeek;Tollebeek;Kooldioxide (CO2);5574058;kg
2020;220364;RWZI Renkum;Renkum;Kooldioxide (CO2);2994696;kg
2020;220369;RWZI Rijen;Rijen;Kooldioxide (CO2);2049687;kg
2020;220376;Rioolwaterzuiveringsinstallatie (RWZI) Roermond;Roermond;Kooldioxide (CO2);5593678;kg
2020;220382;RWZI Schelluinen;Schelluinen;Kooldioxide (CO2);1747308;kg
2020;220387;RWZI Den Bosch (Waterschap Aa en Maas);'s-Hertogenbosch;Kooldioxide (CO2);12766086;kg
2020;220392;RWZI Sleeuwijk/Zuivering Sleeuwijk;Sleeuwijk;Kooldioxide (CO2);1758097;kg
2020;220410;RWZI Terneuzen;Terneuzen;Kooldioxide (CO2);2421309;kg
2020;220412;RWZI Terwolde;Terwolde;Kooldioxide (CO2);772074;kg
2020;220416;RWZI Tilburg Noord;Tilburg;Kooldioxide (CO2);19906100;kg
2020;220429;RWZI Veenendaal;Overberg;Kooldioxide (CO2);4845004;kg
2020;220432;RWZI Vinkel (Waterschap Aa en Maas);Vinkel;Kooldioxide (CO2);1492368;kg
2020;220443;RWZI Walcheren;Ritthem;Kooldioxide (CO2);5267155;kg
2020;220451;Hoogheemraadschap Hollands Noorderkwartier RWZI Wervershoof;Wervershoof;Kooldioxide (CO2);3790257;kg
2020;220460;RWZI Willem Annapolder;Kapelle;Kooldioxide (CO2);3227448;kg
2020;220469;Hoogheemraadschap Hollands Noorderkwartier RWZI Zaandam-Oost;Zaandam;Kooldioxide (CO2);3135544;kg
2020;220478;RWZI Zutphen;Zutphen;Kooldioxide (CO2);7660673;kg
2020;220481;RWZI Zwijndrecht;Zwijndrecht;Kooldioxide (CO2);4072585;kg
2020;220482;RWZI Zwolle;Zwolle;Kooldioxide (CO2);9000437;kg
2020;220500;RWZI Leidsche Rijn;Utrecht;Kooldioxide (CO2);2754154;kg
2020;220537;RWZI Harnaschpolder (Hoogheemraadschap van Delfland);Den Hoorn;Kooldioxide (CO2);26637072;kg
2021;59;Koninklijke Mosa BV Wandtegelfabriek & Vloertegelfabriek;Maastricht;Kooldioxide (CO2);19996112;kg
2021;60;Sappi Maastricht BV;Maastricht;Kooldioxide (CO2);168684191;kg
2021;62;Chemelot Site Permit BV;Geleen;Kooldioxide (CO2);3960320827;kg
2021;65;PQ Silicas BV;Eijsden;Kooldioxide (CO2);20987691;kg
2021;66;Marsna Paper B.V.;Meerssen;Kooldioxide (CO2);1850002;kg
2021;79;Steenfabriek Linssen BV;Kerkrade;Kooldioxide (CO2);3324900;kg
2021;90;VDL Castings Heerlen BV;Hoensbroek;Kooldioxide (CO2);8390134;kg
2021;94;Steenfabriek Gebroeders Klinkers BV;Maastricht;Kooldioxide (CO2);8926000;kg
2021;95;Vandersanden Beek BV;Beek;Kooldioxide (CO2);8910000;kg
2021;113;VDL Nedcar B.V.;Born;Kooldioxide (CO2);22045044;kg
2021;125;Stichting Parkmanagement Wolfsweg 75;Eygelshoven;Kooldioxide (CO2);727000;kg
2021;151;O-I Netherlands BV (Maastricht);Maastricht;Kooldioxide (CO2);92534152;kg
2021;159;Fenzi AGT Netherlands B.V.;Maastricht;Kooldioxide (CO2);3125831;kg
2021;174;Tata Steel Nederland Tubes BV locatie Maastricht;Maastricht;Kooldioxide (CO2);922500;kg
2021;325;Lawter Maastricht BV;Maastricht;Kooldioxide (CO2);2816000;kg
2021;326;Wienerberger Steenfabriek Poriso;Brunssum;Kooldioxide (CO2);25285307;kg
2021;1104;Solvay Chemie BV;Herten;Kooldioxide (CO2);2653780;kg
2021;1107;Nouryon Functional Chemicals B.V.;Herkenbosch;Kooldioxide (CO2);11220820;kg
2021;3062;Verzinkerij Van Aert BV;Nederweert;Kooldioxide (CO2);1280000;kg
2021;3068;Coatinc Mook B.V.;Mook;Kooldioxide (CO2);1890000;kg
2021;3509;VDL Castings Weert BV;Weert;Kooldioxide (CO2);831184;kg
2021;3513;MGG Netherlands BV;Tegelen;Kooldioxide (CO2);5484487;kg
2021;4001;Clauscentrale;Maasbracht;Kooldioxide (CO2);1660188823;kg
2021;4301;Smurfit Westrock Roermond Paper BV;Roermond;Kooldioxide (CO2);173579901;kg
2021;4709;Kleiwarenfabriek Joosten Kessel BV;Kessel;Kooldioxide (CO2);7593000;kg
2021;4711;Wienerberger Steenfabriek Thorn;Thorn;Kooldioxide (CO2);13515572;kg
2021;4731;Xella Kalkzandsteen De Hazelaar BV;Koningsbosch;Kooldioxide (CO2);8160000;kg
2021;4753;Rockwool B.V.;Roermond;Kooldioxide (CO2);143719000;kg
2021;5726;Wienerberger Steenfabriek Nuance;Afferden L;Kooldioxide (CO2);6044665;kg
2021;5727;EverZinc Nederland B.V.;Eijsden;Kooldioxide (CO2);24808389;kg
2021;5729;Celanese Production Netherlands B.V.;Geleen;Kooldioxide (CO2);1480325;kg
2021;5739;E-MAX BILLETS;Kerkrade;Kooldioxide (CO2);17020854;kg
2021;5740;WEPA Nederland B.V.;Swalmen;Kooldioxide (CO2);7158583;kg
2021;5750;FrieslandCampina Born;Born;Kooldioxide (CO2);6930000;kg
2021;5801;Schiffers Food BV;Hoensbroek;Kooldioxide (CO2);2217000;kg
2021;5804;PQ Nederland BV;Maastricht;Kooldioxide (CO2);12605922;kg
2021;5821;Attero B.V. locatie Landgraaf;Landgraaf;Kooldioxide (CO2);5107922;kg
2021;9003;Everris International BV;Heerlen;Kooldioxide (CO2);9110000;kg
2021;9013;Refresco Benelux BV;Sittard;Kooldioxide (CO2);7811445;kg
2021;10001;Nobian Industrial Chemicals BV (Rotterdam);Botlek Rotterdam;Kooldioxide (CO2);111585212;kg
2021;10002;Nouryon Performance Formulations b.v.;Europoort Rotterdam;Kooldioxide (CO2);29193;kg
2021;10003;Synres B.V.;Hoek Van Holland;Kooldioxide (CO2);6058094;kg
2021;10004;Lyondell Chemical Nederland Ltd.;Botlek Rotterdam;Kooldioxide (CO2);325558824;kg
2021;10006;Shell Nederland Chemie BV (Pernis);Vondelingenplaat Rotterdam;Kooldioxide (CO2);45097184;kg
2021;10016;Climax Molybdenum BV;Botlek Rotterdam;Kooldioxide (CO2);8882572;kg
2021;10048;Compaxo Gouda BV;Gouda;Kooldioxide (CO2);4000000;kg
2021;10057;Shell Nederland Raffinaderij BV;Vondelingenplaat Rotterdam;Kooldioxide (CO2);4392688950;kg
2021;10058;BP Raffinaderij Rotterdam B.V.;Europoort Rotterdam;Kooldioxide (CO2);2117592000;kg
2021;10059;Gunvor Energy Rotterdam B.V. (GPR);Europoort Rotterdam;Kooldioxide (CO2);212532603;kg
2021;10061;Esso Nederland BV (Raffinaderij Rotterdam);Botlek Rotterdam;Kooldioxide (CO2);2380054142;kg
2021;10063;AVR-Afvalverwerking;Botlek Rotterdam;Kooldioxide (CO2);1942397001;kg
2021;10064;Almatis BV;Botlek Rotterdam;Kooldioxide (CO2);17060747;kg
2021;10066;Kemira Rotterdam BV locatie Europoort;Europoort Rotterdam;Kooldioxide (CO2);7340000;kg
2021;10069;Standic BV;Dordrecht;Kooldioxide (CO2);2317268;kg
2021;10073;Tronox Pigments (Holland) BV;Botlek Rotterdam;Kooldioxide (CO2);95189579;kg
2021;10076;HVC AfvalEnergieCentrale Dordrecht;Dordrecht;Kooldioxide (CO2);319100000;kg
2021;10079;Chemours Netherlands B.V.;Dordrecht;Kooldioxide (CO2);45620434;kg
2021;10086;NV Nutricia Zoetermeer;Zoetermeer;Kooldioxide (CO2);10639069;kg
2021;10089;Prysmian Netherlands B.V.;Delft;Kooldioxide (CO2);1782000;kg
2021;10097;SD Guthrie International Zwijndrecht Refinery B.V.;Zwijndrecht;Kooldioxide (CO2);47709054;kg
2021;10100;Bakelite Botlek Rotterdam;Botlek Rotterdam;Kooldioxide (CO2);5349211;kg
2021;10546;Lactalis Leerdammer BV (Schoonrewoerd);Schoonrewoerd;Kooldioxide (CO2);9512115;kg
2021;10590;FrieslandCampina Rotterdam;Rotterdam;Kooldioxide (CO2);2601593;kg
2021;10621;Hunter Douglas Europe BV;Rotterdam;Kooldioxide (CO2);3259730;kg
2021;10687;Biotech Campus Delft;Delft;Kooldioxide (CO2);82871318;kg
2021;10689;Air Products Nederland BV (Botlek);Botlek Rotterdam;Kooldioxide (CO2);107056748;kg
2021;10698;Cargill Bioindustrial BV;Gouda;Kooldioxide (CO2);38078297;kg
2021;10723;O-I Netherlands BV (Leerdam);Leerdam;Kooldioxide (CO2);100592354;kg
2021;10728;Cargill Refined Oils Europe;Botlek Rotterdam;Kooldioxide (CO2);25404519;kg
2021;10733;Upfield Sourcing Nederland BV;Rotterdam;Kooldioxide (CO2);4713587;kg
2021;10789;BMI Productie Nederland BV Woerden;Woerden;Kooldioxide (CO2);14985661;kg
2021;10793;Tata Steel Nederland Tubes BV locatie Zwijndrecht;Zwijndrecht;Kooldioxide (CO2);1691794;kg
2021;10829;Cosun Beet company (Puttershoek);Puttershoek;Kooldioxide (CO2);400996;kg
2021;10921;Damen Shiprepair Rotterdam BV;Schiedam;Kooldioxide (CO2);1615190;kg
2021;10928;Aluminium & Chemie Rotterdam B.V.;Botlek Rotterdam;Kooldioxide (CO2);51822111;kg
2021;10950;N+P Rotterdam MRF B.V.;Rotterdam;Kooldioxide (CO2);31300;kg
2021;10951;Uniper Centrale Leiden;Leiden;Kooldioxide (CO2);134031830;kg
2021;10953;Uniper Centrale Den Haag;'s-Gravenhage;Kooldioxide (CO2);164961775;kg
2021;10982;Galvanisch Bedrijf Chromolux;Rotterdam;Kooldioxide (CO2);288740;kg
2021;10983;IHC Kinderdijk;Nieuw-Lekkerland;Kooldioxide (CO2);1741345;kg
2021;10998;Draka Interfoam;Hillegom;Kooldioxide (CO2);913932;kg
2021;11024;Cabot B.V.;Botlek Rotterdam;Kooldioxide (CO2);236355118;kg
2021;11034;Dossche Mils NV;Rotterdam;Kooldioxide (CO2);3148289;kg
2021;11046;PURAC Biochem B.V.;Gorinchem;Kooldioxide (CO2);25817558;kg
2021;11047;Vecom Metal Treatment BV;Maassluis;Kooldioxide (CO2);193000;kg
2021;11090;Chane Terminal Botlek B.V.;Botlek Rotterdam;Kooldioxide (CO2);35573851;kg
2021;11105;Heineken Netherlands Supply B.V., brouwerij Zoeterwoude;Zoeterwoude;Kooldioxide (CO2);74091099;kg
2021;11111;Ashland Industries Nederland B.V.;Zwijndrecht;Kooldioxide (CO2);18023000;kg
2021;11230;Damen Verolme BV;Botlek Rotterdam;Kooldioxide (CO2);150796;kg
2021;11235;RZB Holding BV;Rotterdam;Kooldioxide (CO2);15631;kg
2021;11366;LANXESS Rotterdam Botlek;Botlek Rotterdam;Kooldioxide (CO2);76553935;kg
2021;11532;Coatinc Alblasserdam BV;Alblasserdam;Kooldioxide (CO2);1741400;kg
2021;11658;Farm Frites BV;Oudenhoorn;Kooldioxide (CO2);36235135;kg
2021;12134;Archer Daniels Midland Europoort BV (ADM);Europoort Rotterdam;Kooldioxide (CO2);147950000;kg
2021;12135;ExxonMobil Chemical Holland BV (ROP van RPI);Europoort Rotterdam;Kooldioxide (CO2);58084680;kg
2021;12149;Uniper Benelux NV (Maasvlakte);Maasvlakte Rotterdam;Kooldioxide (CO2);4936046820;kg
2021;12150;Uniper Centrale RoCa;Rotterdam;Kooldioxide (CO2);219288734;kg
2021;12151;Uniper HWC Blekerstraat;Rotterdam;Kooldioxide (CO2);2506;kg
2021;12152;Uniper HWC Delftsevaart;Rotterdam;Kooldioxide (CO2);2196057;kg
2021;12157;HVC ZVI B.V.;Dordrecht;Kooldioxide (CO2);10406681;kg
2021;12158;HVC Slibverbrandingsinstallatie;Dordrecht;Kooldioxide (CO2);126103000;kg
2021;12162;Evos Rotterdam B.V.;Europoort Rotterdam;Kooldioxide (CO2);13236403;kg
2021;12163;EPS BV;Hendrik-Ido-Ambacht;Kooldioxide (CO2);613744;kg
2021;12166;TU Delft Warmtekrachtcentrale;Delft;Kooldioxide (CO2);15743353;kg
2021;12167;UZIMET BV;Rijswijk;Kooldioxide (CO2);699724;kg
2021;12168;INV NYLON CHEMICALS NETHERLANDS B.V.;Botlek Rotterdam;Kooldioxide (CO2);6203818;kg
2021;12170;FrieslandCampina Maasdam;Maasdam;Kooldioxide (CO2);4584362;kg
2021;12171;Zuivelfabriek De Graafstroom;Bleskensgraaf Ca;Kooldioxide (CO2);4255490;kg
2021;12172;Promelca B.V. (Gorinchem);Gorinchem;Kooldioxide (CO2);53037060;kg
2021;12174;Ducor Petrochemicals B.V.;Botlek Rotterdam;Kooldioxide (CO2);9507000;kg
2021;12175;Air Liquide Industrie BV;Botlek Rotterdam;Kooldioxide (CO2);797734093;kg
2021;12177;VPR Energy B.V.;Europoort Rotterdam;Kooldioxide (CO2);118584348;kg
2021;19004;ExxonMobil Chemical Holland BV (RPP van RPI);Botlek Rotterdam;Kooldioxide (CO2);35847000;kg
2021;19032;Janssen Biologics BV;Leiden;Kooldioxide (CO2);4190000;kg
2021;19048;Refresco Benelux BV;Bodegraven;Kooldioxide (CO2);3822000;kg
2021;19070;Indorama Ventures Europe BV;Europoort Rotterdam;Kooldioxide (CO2);163512381;kg
2021;19071;Shin-Etsu PVC BV (VCM Botlek);Botlek Rotterdam;Kooldioxide (CO2);92860123;kg
2021;19072;FrieslandCampina Nederland B.V.;Noordwijk;Kooldioxide (CO2);2390864;kg
2021;19073;Westlake Epoxy B.V.;Vondelingenplaat Rotterdam;Kooldioxide (CO2);45156996;kg
2021;21010;Sonneborn Refined Products BV (Amsterdam);Amsterdam;Kooldioxide (CO2);14254286;kg
2021;21101;Ketjen Netherlands BV;Amsterdam;Kooldioxide (CO2);59653558;kg
2021;21102;ICL FERTILIZERS EUROPE C.V.;Amsterdam;Kooldioxide (CO2);12310000;kg
2021;21302;Abbott Healthcare Products BV (Weesp);Weesp;Kooldioxide (CO2);11782610;kg
2021;21304;Givaudan Nederland B.V. (Naarden);Naarden;Kooldioxide (CO2);4805000;kg
2021;21403;Norit Nederland BV (Zaandam);Zaandam;Kooldioxide (CO2);33101901;kg
2021;21528;N.V. Nederlandse Gasunie (Wieringermeer);Middenmeer;Kooldioxide (CO2);22641865;kg
2021;21529;Gasunie Transport Services B.V.;Heemskerk;Kooldioxide (CO2);1087997;kg
2021;21530;OQ Chemicals Nederland BV;Amsterdam;Kooldioxide (CO2);1813847;kg
2021;22006;FrieslandCampina Nederland B.V. Lutjewinkel;Lutjewinkel;Kooldioxide (CO2);6940000;kg
2021;22012;CONO Kaasmakers (Middenbeemster);Westbeemster;Kooldioxide (CO2);9342481;kg
2021;22102;Bunge Loders Croklaan Worrmerveer;Wormerveer;Kooldioxide (CO2);18120830;kg
2021;22201;Olam Cocoa BV;Koog aan de Zaan;Kooldioxide (CO2);20619000;kg
2021;22209;Cargill Cocoa Wormer;Wormer;Kooldioxide (CO2);5990000;kg
2021;22602;Tate & Lyle Netherlands BV;Koog aan de Zaan;Kooldioxide (CO2);73830644;kg
2021;22617;Bunge Netherlands BV;Amsterdam;Kooldioxide (CO2);60225436;kg
2021;22626;Cargill BV (Multiseed);Amsterdam;Kooldioxide (CO2);27606257;kg
2021;23301;Tata Steel IJmuiden BV;Velsen-Noord;Kooldioxide (CO2);595731955044554000;kg
2021;24000;Vattenfall Power Generation B.V. (Hemweg);Amsterdam;Kooldioxide (CO2);687094451;kg
2021;24002;Vattenfall Power Generation B.V. (Diemen);Diemen;Kooldioxide (CO2);1265517079;kg
2021;24003;Vattenfall Power Generation B.V. (Velsen);Velsen-Noord;Kooldioxide (CO2);4027363174;kg
2021;24302;Crown van Gelder International B.V.;Velsen-Noord;Kooldioxide (CO2);127707614;kg
2021;24605;Forbo Flooring BV;Assendelft;Kooldioxide (CO2);12840889;kg
2021;24606;BN International BV;Huizen;Kooldioxide (CO2);3452827;kg
2021;28072;Quaker Chemical B.V. (A Quaker Houghton Company);Uithoorn;Kooldioxide (CO2);2349139;kg
2021;28085;AEB Amsterdam;Amsterdam;Kooldioxide (CO2);1251340096;kg
2021;28091;HVC N.V.;Alkmaar;Kooldioxide (CO2);1028500320;kg
2021;28094;Linde Gas IJmuiden;Velsen-Noord;Kooldioxide (CO2);3136080;kg
2021;28167;ADM WILD Netherlands B.V.;Amsterdam;Kooldioxide (CO2);810000;kg
2021;28176;Vattenfall Power Generation B.V. (IJmond 1);Velsen-Noord;Kooldioxide (CO2);1738864303;kg
2021;31311;CARBOGEN AMCIS B.V.;Veenendaal;Kooldioxide (CO2);1960000;kg
2021;33414;IQatalyst B.V.;De Meern;Kooldioxide (CO2);7803882;kg
2021;34303;Remia CV;Den Dolder;Kooldioxide (CO2);5600000;kg
2021;38002;Stichting AL-terrein;Bilthoven;Kooldioxide (CO2);12854783;kg
2021;39103;Koninklijke ERU Kaasfabriek B.V.;Woerden;Kooldioxide (CO2);559892;kg
2021;39105;Vrumona;Bunnik;Kooldioxide (CO2);4941680;kg
2021;41003;Shell Nederland Chemie BV (Moerdijk);Moerdijk;Kooldioxide (CO2);2651660543;kg
2021;41101;SABIC Innovative Plastics BV;Bergen op Zoom;Kooldioxide (CO2);308940405;kg
2021;41102;Allnex Netherlands B.V.;Bergen op Zoom;Kooldioxide (CO2);8895223;kg
2021;41103;Synthos Breda BV;Breda;Kooldioxide (CO2);6842482;kg
2021;41106;IFF Nederland BV;Tilburg;Kooldioxide (CO2);8053449;kg
2021;41113;BEWI RAW BV;Etten-Leur;Kooldioxide (CO2);7987459;kg
2021;41402;Trobas Gelatine B.V.;Dongen;Kooldioxide (CO2);7919120;kg
2021;41428;Covestro (Netherlands) B.V., vestiging Waalwijk;Waalwijk;Kooldioxide (CO2);4083013;kg
2021;41502;Ravenstein;Ravenstein;Kooldioxide (CO2);10809156;kg
2021;41521;Afvalstoffen Terminal Moerdijk BV (ATM);Moerdijk;Kooldioxide (CO2);159643090;kg
2021;42022;Nutricia Cuijk B.V.;Cuijk;Kooldioxide (CO2);1145903;kg
2021;42034;FrieslandCampina DMV B.V.;Veghel;Kooldioxide (CO2);85522000;kg
2021;42206;Mars Nederland BV;Veghel;Kooldioxide (CO2);11813000;kg
2021;42310;Cosun Beet Company-Dinteloord;Dinteloord;Kooldioxide (CO2);129853990;kg
2021;42408;Swinkels Family Brewers N.V.;Lieshout;Kooldioxide (CO2);40082000;kg
2021;42410;Heineken Netherlands Supply B.V. (Den Bosch);'s-Hertogenbosch;Kooldioxide (CO2);12429170;kg
2021;42411;Coca Cola Europacific Partners BV;Dongen;Kooldioxide (CO2);5086000;kg
2021;42629;Cargill BV;Bergen op Zoom;Kooldioxide (CO2);52713972;kg
2021;42823;Zwanenberg Food Oss b.v.;Oss;Kooldioxide (CO2);10800000;kg
2021;42834;Rendac Son BV;Son en Breugel;Kooldioxide (CO2);75417995;kg
2021;43002;Mannesmann Precision Tubes Netherlands BV;Helmond;Kooldioxide (CO2);2088300;kg
2021;43003;Tata Steel Nederland Tubes BV locatie Oosterhout;Oosterhout;Kooldioxide (CO2);2002000;kg
2021;43013;Nyrstar Budel BV;Budel-Dorplein;Kooldioxide (CO2);24445857;kg
2021;43024;Nedschroef Helmond BV;Helmond;Kooldioxide (CO2);6779062;kg
2021;43139;Ardagh Metal Packaging Netherlands B.V.;Oss;Kooldioxide (CO2);157694;kg
2021;43205;Coatinc West Brabant BV;Oudenbosch;Kooldioxide (CO2);295000;kg
2021;43210;Aalberts Surface Technologies BV;Eindhoven;Kooldioxide (CO2);822862;kg
2021;43216;SPGPrints;Boxmeer;Kooldioxide (CO2);3000141;kg
2021;43400;GTO Plating BV;'s-Hertogenbosch;Kooldioxide (CO2);136943;kg
2021;43403;DAF Trucks N.V.;Eindhoven;Kooldioxide (CO2);28092000;kg
2021;43856;Hydro Extrusion Drunen;Drunen;Kooldioxide (CO2);11483306;kg
2021;43869;Efté Coating BV;Eindhoven;Kooldioxide (CO2);945874;kg
2021;44004;Amer Centrale;Geertruidenberg;Kooldioxide (CO2);3483840183;kg
2021;44006;RWZI Oijen (Waterschap Aa en Maas);Oijen;Kooldioxide (CO2);6902327;kg
2021;44007;PreZero Energy Roosendaal B.V.;Roosendaal;Kooldioxide (CO2);343405000;kg
2021;44008;Ennatuurlijk BV, WKC Helmond;Helmond;Kooldioxide (CO2);57313534;kg
2021;44009;BV Afvalverbranding Zuid Nederland (AZN);Moerdijk;Kooldioxide (CO2);945403000;kg
2021;44162;Vlisco Netherlands BV;Helmond;Kooldioxide (CO2);18076877;kg
2021;44301;Saica Flex Netherlands B.V.;Etten-Leur;Kooldioxide (CO2);1934570;kg
2021;44709;Steenfabriek Engels Oeffelt BV;Oeffelt;Kooldioxide (CO2);17218394;kg
2021;44772;Ardagh Glass Dongen BV;Dongen;Kooldioxide (CO2);67384160;kg
2021;44773;Saint Gobain Construction Products NL BV;Etten-Leur;Kooldioxide (CO2);46398235;kg
2021;45669;Caligen Europe BV;Breda;Kooldioxide (CO2);353800;kg
2021;47001;Slibverwerking Noord-Brabant NV;Moerdijk;Kooldioxide (CO2);142013000;kg
2021;48002;Unipol Holland BV;Oss;Kooldioxide (CO2);5459861;kg
2021;48018;FUJIFILM Manufacturing Europe B.V.;Tilburg;Kooldioxide (CO2);23855485;kg
2021;48022;Dr. W. Kolb Nederland BV;Klundert;Kooldioxide (CO2);2563325;kg
2021;48023;FrieslandCampina Rijkevoort (Holland Cheese);Rijkevoort;Kooldioxide (CO2);2291276;kg
2021;48024;Essity Operations Cuijk B.V.;Katwijk NB;Kooldioxide (CO2);11602203;kg
2021;48031;FrieslandCampina Butter & Milkpowder - Den Bosch;'s-Hertogenbosch;Kooldioxide (CO2);2733571;kg
2021;48051;KBM Master Alloys BV (Oss);Oss;Kooldioxide (CO2);287613;kg
2021;48054;Van Swaay Duurzaam Hout Schijndel;Schijndel;Kooldioxide (CO2);237000;kg
2021;48061;Verzinkerij Meerveldhoven BV;Veldhoven;Kooldioxide (CO2);2284775;kg
2021;48073;Nedzink BV;Budel-Dorplein;Kooldioxide (CO2);960933;kg
2021;48082;Ennatuurlijk BV, PS Breda;Breda;Kooldioxide (CO2);0;kg
2021;48084;Ennatuurlijk BV, WKC Eindhoven;Eindhoven;Kooldioxide (CO2);9684372;kg
2021;48113;Keizersberg Diervoeders Elsendorp B.V.;Milheeze;Kooldioxide (CO2);57964;kg
2021;48132;Pali Geldrop BV;Geldrop;Kooldioxide (CO2);1374000;kg
2021;48177;Peka Kroef B.V. Odiliapeel;Odiliapeel;Kooldioxide (CO2);7500000;kg
2021;49006;WKC Moerdijk;Moerdijk;Kooldioxide (CO2);245087090;kg
2021;49010;Basell Benelux B.V.;Moerdijk;Kooldioxide (CO2);11875000;kg
2021;49013;Ardagh Glass Moerdijk BV;Moerdijk;Kooldioxide (CO2);55073617;kg
2021;49016;BECC B.V.;Katwijk NB;Kooldioxide (CO2);216532888;kg
2021;49026;Attero B.V. locatie Tilburg (Spinder);Tilburg;Kooldioxide (CO2);7202235;kg
2021;49033;Agristo Tilburg BV;Tilburg;Kooldioxide (CO2);39590000;kg
2021;51101;Synthomer Middelburg BV;Middelburg;Kooldioxide (CO2);59156000;kg
2021;51102;Rosier Nederland B.V.;Sas Van GEnt;Kooldioxide (CO2);16720184;kg
2021;51104;Dow Benelux BV (Hoek);Hoek;Kooldioxide (CO2);3910629040;kg
2021;51105;YARA Sluiskil BV;Sluiskil;Kooldioxide (CO2);3052397496;kg
2021;51107;ARKEMA B.V. location Vlissingen;Vlissingen;Kooldioxide (CO2);6074182;kg
2021;51404;ICL-IP Terneuzen BV;Terneuzen;Kooldioxide (CO2);9127733;kg
2021;51501;Zeeland Refinery N.V.;Nieuwdorp;Kooldioxide (CO2);1469808474;kg
2021;52612;Cargill Benelux BV;Sas Van GEnt;Kooldioxide (CO2);262222749;kg
2021;52615;Koninklijke Zeelandia;Zierikzee;Kooldioxide (CO2);1635131;kg
2021;53129;Damen Schelde Naval Shipbuilding B.V. en Damen Shiprepair Vlissingen B.V.;Ritthem;Kooldioxide (CO2);1879009;kg
2021;53504;Zeeland Aluminium Company (Zalco BV);Vlissingen;Kooldioxide (CO2);18697131;kg
2021;56102;Lamb Weston Site Kruiningen;Kruiningen;Kooldioxide (CO2);56462260;kg
2021;56118;Stepan Nederland BV;Ritthem;Kooldioxide (CO2);4044094;kg
2021;56125;Stortplaats Noord- en Midden-Zeeland BV (OLAZ);Nieuwdorp;Kooldioxide (CO2);7686502;kg
2021;61213;PPG Coatings B.V.;Tiel;Kooldioxide (CO2);1338154;kg
2021;61405;Niacet B.V.;Tiel;Kooldioxide (CO2);21140000;kg
2021;61411;Sonac Vuren BV;Vuren;Kooldioxide (CO2);33587388;kg
2021;61418;SACHEM Europe BV;Zaltbommel;Kooldioxide (CO2);3547571;kg
2021;61424;Veolia Industriediensten BV;Arnhem;Kooldioxide (CO2);61382855;kg
2021;61436;Givaudan Nederland BV (Barneveld);Barneveld;Kooldioxide (CO2);1200000;kg
2021;61517;Gasunie Zweekhorst;Zevenaar;Kooldioxide (CO2);2548550;kg
2021;62009;FrieslandCampina Butter&Milkpowder (Lochem);Lochem;Kooldioxide (CO2);30836250;kg
2021;62010;Nestlé Nederland BV (Nunspeet);Nunspeet;Kooldioxide (CO2);16629899;kg
2021;62013;FrieslandCampina Steenderen;Steenderen;Kooldioxide (CO2);3990000;kg
2021;62025;FrieslandCampina (Borculo);Borculo;Kooldioxide (CO2);62224000;kg
2021;62031;Arla Foods BV;Nijkerk;Kooldioxide (CO2);9013502;kg
2021;62108;Polskamp BV;Ermelo;Kooldioxide (CO2);833750;kg
2021;62406;Riedel BV;Ede;Kooldioxide (CO2);1976000;kg
2021;62512;Struik Foods Netherlands;Nijkerk;Kooldioxide (CO2);6200000;kg
2021;62802;Ekro BV;Apeldoorn;Kooldioxide (CO2);1695132;kg
2021;62806;VION Apeldoorn b.v.;Apeldoorn;Kooldioxide (CO2);2717533;kg
2021;62812;Compaxo Vlees Zevenaar BV;Zevenaar;Kooldioxide (CO2);3410000;kg
2021;62852;Pluimveeslachterij Van den Bor BV;Nijkerkerveen;Kooldioxide (CO2);1246481;kg
2021;62859;Plukon Wezep BV;Wezep;Kooldioxide (CO2);85300;kg
2021;62925;Aviko BV;Steenderen;Kooldioxide (CO2);63340000;kg
2021;62928;CelaVita Foods b.v.;Wezep;Kooldioxide (CO2);5402176;kg
2021;63012;KME Netherlands B.V.;Zutphen;Kooldioxide (CO2);4294447;kg
2021;63504;Gieterij Doesburg BV;Doesburg;Kooldioxide (CO2);789733;kg
2021;63505;Vulcanus Castings BV;Doetinchem;Kooldioxide (CO2);4954702;kg
2021;63508;Nijmeegsche IJzergieterij BV;Nijmegen;Kooldioxide (CO2);3194431;kg
2021;63509;LF Casting B.V.;Terborg;Kooldioxide (CO2);835341;kg
2021;63643;Veco B.V.;Eerbeek;Kooldioxide (CO2);994000;kg
2021;63669;Coatinc Anox bv.;Scherpenzeel;Kooldioxide (CO2);144871;kg
2021;64004;AVR Afvalverwerking BV (Duiven);Duiven;Kooldioxide (CO2);500300265;kg
2021;64005;ARN B.V.;Weurt;Kooldioxide (CO2);362420679;kg
2021;64134;Sonac Loenen BV;Loenen;Kooldioxide (CO2);3650000;kg
2021;64304;Papierfabriek Doetinchem bv;Doetinchem;Kooldioxide (CO2);19671864;kg
2021;64328;Koninklijke VIVBuisman B.V.;Zelhem;Kooldioxide (CO2);2429086;kg
2021;64335;DS Smith De Hoop B.V.;Eerbeek;Kooldioxide (CO2);182000963;kg
2021;64345;Folding Boxboard Eerbeek bv;Eerbeek;Kooldioxide (CO2);71615864;kg
2021;64354;VHP Security Paper B.V.;Ugchelen;Kooldioxide (CO2);3354000;kg
2021;64360;Smurfit Westrock Parenco B.V.;Renkum;Kooldioxide (CO2);237396619;kg
2021;64633;Aquinos BV (Kesteren);Kesteren;Kooldioxide (CO2);1402188;kg
2021;64641;Kamp Coating Apeldoorn BV;Apeldoorn;Kooldioxide (CO2);1243321;kg
2021;64701;Steenfabriek De Rijswaard BV;Aalst;Kooldioxide (CO2);32981300;kg
2021;64703;B.V. Steenfabriek Huissenswaard;Angeren;Kooldioxide (CO2);25112000;kg
2021;64713;Wienerberger Steenfabriek Schipperswaard;Echteld;Kooldioxide (CO2);10051103;kg
2021;64715;Wienerberger BV Steenfabriek Erlecom;Erlecom;Kooldioxide (CO2);12754248;kg
2021;64718;Rodruza Steenfabriek de Zandberg;Gendt;Kooldioxide (CO2);15260000;kg
2021;64719;Wienerberger Steenfabriek Haaften;Haaften;Kooldioxide (CO2);15024878;kg
2021;64725;Wienerberger Steenfabriek Heteren;Heteren;Kooldioxide (CO2);8730506;kg
2021;64740;Wienerberger Steenfabriek Wolfswaard;Opheusden;Kooldioxide (CO2);12545671;kg
2021;64741;Wienerberger Steenfabriek Kijfwaard Oost;Pannerden;Kooldioxide (CO2);13186474;kg
2021;64744;Steenfabriek Rossum B.V.;Rossum;Kooldioxide (CO2);17718000;kg
2021;64748;Steenfabriek Spijk BV;Spijk;Kooldioxide (CO2);27289000;kg
2021;64749;Steenfabriek Tolkamer BV;Tolkamer;Kooldioxide (CO2);28510000;kg
2021;64756;Wienerberger Steenfabriek De Vlijt;Winterswijk;Kooldioxide (CO2);7456829;kg
2021;64759;Steenfabriek Zennewijnen;Zennewijnen;Kooldioxide (CO2);15475307;kg
2021;65735;Steenfabriek Vogelensangh B.V.;Deest;Kooldioxide (CO2);3089153;kg
2021;65777;Wienerberger Steenfabriek Kijfwaard West;Pannerden;Kooldioxide (CO2);24419982;kg
2021;66001;Sibelco Winterswijk;Winterswijk;Kooldioxide (CO2);4422769;kg
2021;66201;Coldenhove Paper B.V.;Eerbeek;Kooldioxide (CO2);10342997;kg
2021;66206;TANATEX Chemicals BV;Ede;Kooldioxide (CO2);804858;kg
2021;66210;Recycling Barneveld BV;Barneveld;Kooldioxide (CO2);51424;kg
2021;66220;Smart Packaging Solutions B.V.;Loenen;Kooldioxide (CO2);13827328;kg
2021;66224;Wienerberger Dakpannenfabriek Narvik Deest;Deest;Kooldioxide (CO2);9334591;kg
2021;66231;Attero B.V. Locatie Wilp (VAR);Wilp;Kooldioxide (CO2);7531687;kg
2021;66239;Mead Johnson B.V.;Nijmegen;Kooldioxide (CO2);9825000;kg
2021;66248;Loparex BV;Apeldoorn;Kooldioxide (CO2);4946558;kg
2021;66253;Stichting Mestverwerking Gelderland SMG (KGBI Stroe);Stroe;Kooldioxide (CO2);3808610;kg
2021;66322;Industriewater Eerbeek;Eerbeek;Kooldioxide (CO2);340768;kg
2021;66323;Stichting Mestverwerking Gelderland SMG (KGBI Ede);Ede;Kooldioxide (CO2);4106390;kg
2021;66325;Stichting Mestverwerking Gelderland SMG (KGBI Elspeet);Elspeet;Kooldioxide (CO2);3007610;kg
2021;66326;Stichting Mestverwerking Gelderland SMG (KGBI Putten);Putten;Kooldioxide (CO2);3932260;kg
2021;69029;Galvaniseerbedrijf De Vries BV;Vaassen;Kooldioxide (CO2);129415;kg
2021;69031;Gesloten stortplaats Ullerberg;Ermelo;Kooldioxide (CO2);1159000;kg
2021;69065;Draad Nijmegen BV (onder de naam Smit Draad);Nijmegen;Kooldioxide (CO2);780236;kg
2021;69067;Groot Zevert Vergisting;Beltrum;Kooldioxide (CO2);4190000;kg
2021;71102;KLK Kolb Specialties B.V.;Delden;Kooldioxide (CO2);5690846;kg
2021;71103;Nouryon Functional Chemicals;Deventer;Kooldioxide (CO2);4722243;kg
2021;71105;Nobian Chemicals BV (Hengelo);Hengelo;Kooldioxide (CO2);239535000;kg
2021;71514;Gasunie Vilsteren / Ommen;Vilsteren;Kooldioxide (CO2);6719186;kg
2021;72016;Royal Lactalis Leerdammer BV (Dalfsen);Dalfsen;Kooldioxide (CO2);5490550;kg
2021;72024;Ausnutria Kampen BV;Kampen;Kooldioxide (CO2);14800000;kg
2021;72027;Ausnutria Ommen B.V.;Ommen;Kooldioxide (CO2);3668144;kg
2021;72807;Hogeslag-Olst B.V.;Olst;Kooldioxide (CO2);176000;kg
2021;72831;Stegeman C.V.;Wijhe;Kooldioxide (CO2);2816651;kg
2021;72837;Plukon Goor B.V.;Goor;Kooldioxide (CO2);587500;kg
2021;72914;Abbott Laboratories B.V.;Zwolle;Kooldioxide (CO2);18053892;kg
2021;73239;Scania Production Zwolle BV;Zwolle;Kooldioxide (CO2);2153000;kg
2021;74005;Ennatuurlijk BV, WKC Enschede;Enschede;Kooldioxide (CO2);378990;kg
2021;74120;Ten Cate Protect B.V.;Nijverdal;Kooldioxide (CO2);2424354;kg
2021;74154;TenCate Outdoor Fabrics BV;Nijverdal;Kooldioxide (CO2);1446400;kg
2021;74321;SARPI Netherlands B.V.;Almelo;Kooldioxide (CO2);1057848;kg
2021;75305;locatie Boeldershoek;Hengelo;Kooldioxide (CO2);900763430;kg
2021;75315;locatie Elhorst Vloedbelt;Zenderen;Kooldioxide (CO2);984217;kg
2021;75342;FrieslandCampina Balkbrug;Balkbrug;Kooldioxide (CO2);419762;kg
2021;75349;CZ Rouveen kaasspecialiteiten;Rouveen;Kooldioxide (CO2);3210000;kg
2021;81103;Norit Nederland B.V.;Klazienaveen;Kooldioxide (CO2);51938;kg
2021;81104;DOC Kaas (Zuivelfabriek);Hoogeveen;Kooldioxide (CO2);6643991;kg
2021;81202;AOC Nederland BV (Schoonebeek);Zandpol;Kooldioxide (CO2);6140111;kg
2021;82002;FrieslandCampina Domo B.V. (Beilen);Beilen;Kooldioxide (CO2);41541701;kg
2021;82603;Avebe u.a. (Gasselternijveen);Gasselternijveen;Kooldioxide (CO2);99752513;kg
2021;83071;Zincoat BV;Veenoord;Kooldioxide (CO2);975000;kg
2021;83501;2 RG;Klazienaveen;Kooldioxide (CO2);4193287;kg
2021;84808;SOLIDUS SOLUTIONS Board B.V. Coevorden;Coevorden;Kooldioxide (CO2);13546809;kg
2021;84999;FrieslandCampina Kievit (Meppel);Meppel;Kooldioxide (CO2);19400000;kg
2021;85002;Attero BV;Wijster;Kooldioxide (CO2);594956851;kg
2021;85003;Envalior Engineering Materials B.V.;Emmen;Kooldioxide (CO2);5540000;kg
2021;91505;N.V. Nederlandse Gasunie - compressorstation Aldeboarn;Aldeboarn;Kooldioxide (CO2);14956;kg
2021;92001;FrieslandCampina Cheese Gerkesklooster;Gerkesklooster;Kooldioxide (CO2);10291669;kg
2021;92004;Hochwald Foods Nederland BV;Bolsward;Kooldioxide (CO2);10236899;kg
2021;92008;Phoenix BV;Scharsterbrug;Kooldioxide (CO2);22662941;kg
2021;92012;FrieslandCampina (Leeuwarden);Leeuwarden;Kooldioxide (CO2);68167975;kg
2021;92030;FrieslandCampina (Workum);Workum;Kooldioxide (CO2);27284986;kg
2021;92615;Sonac Burgum BV;Sumar;Kooldioxide (CO2);39171167;kg
2021;93604;Nederlandse Onttinningsfabriek BV;Leeuwarden;Kooldioxide (CO2);1066075;kg
2021;94003;Centrale Bergum;Burgum;Kooldioxide (CO2);2169376;kg
2021;94301;Huhtamaki Nederland B.V.;Franeker;Kooldioxide (CO2);14931014;kg
2021;94607;Trioworld Harlingen;Harlingen;Kooldioxide (CO2);862000;kg
2021;94706;BASF Nederland B.V.;Heerenveen;Kooldioxide (CO2);2278762;kg
2021;95000;Tyson Foods Oosterwolde BV;Oosterwolde;Kooldioxide (CO2);2326000;kg
2021;95003;Lamb Weston / Meyer VOF (Klooster Lidlum);Klooster Lidlum;Kooldioxide (CO2);12881000;kg
2021;95007;Frisia Zout BV;Harlingen;Kooldioxide (CO2);8381986;kg
2021;99011;Sonac Harlingen BV;Harlingen;Kooldioxide (CO2);1690000;kg
2021;101103;BioMCN B.V.;Farmsum;Kooldioxide (CO2);233808821;kg
2021;101104;Dow Benelux B.V.;Delfzijl;Kooldioxide (CO2);12071057;kg
2021;101105;P.Q. Silicas B.V.;Winschoten;Kooldioxide (CO2);19627796;kg
2021;101108;Qemetica NL Silica bv;Delfzijl;Kooldioxide (CO2);52870000;kg
2021;101404;Delamine B.V.;Farmsum;Kooldioxide (CO2);1930878;kg
2021;101405;Electric Glass Fiber NL, B.V.;Westerbroek;Kooldioxide (CO2);26261581;kg
2021;101407;Zeolyst CV;Farmsum;Kooldioxide (CO2);5364682;kg
2021;101408;Nedmag B.V.;Veendam;Kooldioxide (CO2);79467007;kg
2021;101515;Gasunie Transport Services B.V. - compressorstation Spijk;Eemshaven;Kooldioxide (CO2);3955192;kg
2021;102001;FrieslandCampina Nederland B.V.;Bedum;Kooldioxide (CO2);29448911;kg
2021;102008;Plixxent B.V.;Foxhol;Kooldioxide (CO2);107608;kg
2021;102302;Cosun Beet Company-Vierverlaten;Groningen;Kooldioxide (CO2);151354410;kg
2021;102504;Rixona BV;Warffum;Kooldioxide (CO2);17863184;kg
2021;102620;Coöperatie AVEBE U.A.;Ter Apelkanaal;Kooldioxide (CO2);97698900;kg
2021;103009;KBM Master Alloys B.V.;Delfzijl;Kooldioxide (CO2);4794353;kg
2021;103010;DAMCO Aluminium Delfzijl Coöperatie U.A.;Farmsum;Kooldioxide (CO2);82279986;kg
2021;104001;ENGIE Energie Nederland NV;Eemshaven;Kooldioxide (CO2);1354285045;kg
2021;104003;Delesto B.V.;Farmsum;Kooldioxide (CO2);419583274;kg
2021;104302;Solidus Solutions Board Groningen-Hoogkerk;Groningen;Kooldioxide (CO2);14396000;kg
2021;104304;Eska B.V.;Hoogezand;Kooldioxide (CO2);52013315;kg
2021;104305;Eska B.V.;Sappemeer;Kooldioxide (CO2);34454908;kg
2021;104307;Solidus Board Bad Nieuweschans B.V.;Bad Nieuweschans;Kooldioxide (CO2);43003545;kg
2021;104511;Gasunie mengstation Kootstertille (FR);Kootstertille;Kooldioxide (CO2);70617;kg
2021;104520;Ecopark De Wierde;Heerenveen;Kooldioxide (CO2);2494398;kg
2021;104611;Adapa the Netherlands BV;Leek;Kooldioxide (CO2);2750396;kg
2021;104710;ESD-SIC BV;Farmsum;Kooldioxide (CO2);106244847;kg
2021;104756;Steenindustrie Strating BV;Oude Pekela;Kooldioxide (CO2);5265000;kg
2021;105001;ChemCom Industries BV;Farmsum;Kooldioxide (CO2);7190320;kg
2021;105004;Teijin Aramid B.V.;Farmsum;Kooldioxide (CO2);13860000;kg
2021;105007;FrieslandCampina Nederland B.V.;Marum;Kooldioxide (CO2);9004535;kg
2021;105016;Nobian Industrial Chemicals B.V. - SSC (Shared Service Center);Farmsum;Kooldioxide (CO2);2110833;kg
2021;105027;Kisuma Chemicals BV;Veendam;Kooldioxide (CO2);14103400;kg
2021;114001;Maxima-centrale;Lelystad;Kooldioxide (CO2);949882378;kg
2021;114002;Vattenfall Power Generation B.V. (HWC Hogering/WKC Almere);Almere;Kooldioxide (CO2);10791000;kg
2021;114709;McCain Foods Holland BV (Lelystad);Lelystad;Kooldioxide (CO2);26734620;kg
2021;114711;Yakult Nederland BV;Almere;Kooldioxide (CO2);1551163;kg
2021;114720;Sonac Almere BV;Almere;Kooldioxide (CO2);5323490;kg
2021;114721;Alphen;Alphen;Kooldioxide (CO2);41500;kg
2021;114723;RWZI Harderwijk;Harderwijk;Kooldioxide (CO2);12562058;kg
2021;114724;RWZI Apeldoorn;Apeldoorn;Kooldioxide (CO2);15942532;kg
2021;114725;RWZI Ede;Ede;Kooldioxide (CO2);7842070;kg
2021;114726;RWZI Nieuwgraaf (Waterschap Rijn en IJssel);Duiven;Kooldioxide (CO2);7294068;kg
2021;114727;RWZI Nijmegen (Waterschap Rivierenland);Weurt;Kooldioxide (CO2);14005003;kg
2021;114728;RWZI Nieuwveer;Breda;Kooldioxide (CO2);13476754;kg
2021;114729;RWZI Aarle-Rixtel (Waterschap Aa en Maas);Aarle-Rixtel;Kooldioxide (CO2);5836422;kg
2021;114730;RWZI Eindhoven (Waterschap De Dommel);Eindhoven;Kooldioxide (CO2);12944264;kg
2021;114731;RWZI Utrecht (Hoogheemraadschap de Stichtse Rijnlanden);Utrecht;Kooldioxide (CO2);10812636;kg
2021;114732;RWZI Venlo;Venlo;Kooldioxide (CO2);12178910;kg
2021;114733;RWZI Hoensbroek;Hoensbroek;Kooldioxide (CO2);1711012;kg
2021;114735;AWZI De Groote Lucht (Hoogheemraadschap van Delfland);Vlaardingen;Kooldioxide (CO2);4614192;kg
2021;114736;RWZI Dokhaven en Slibverwerkingsinstallatie Sluisjesdijk;Rotterdam;Kooldioxide (CO2);17914437;kg
2021;114737;AWZI Kralingseveer (Hoogheemraadschap van Schieland);Capelle aan den Ijssel;Kooldioxide (CO2);9687506;kg
2021;114740;RWZI Susteren;Susteren;Kooldioxide (CO2);16392544;kg
2021;114741;RWZI Amersfoort;Amersfoort;Kooldioxide (CO2);10748840;kg
2021;114743;RWZI Dinther (Waterschap Aa en Maas);Heeswijk-Dinther;Kooldioxide (CO2);7438253;kg
2021;114747;PeakShaver Maasvlakte;Maasvlakte Rotterdam;Kooldioxide (CO2);673394;kg
2021;114757;Eurogen CV;Botlek Rotterdam;Kooldioxide (CO2);175882333;kg
2021;114758;Farm Dairy BV;Lelystad;Kooldioxide (CO2);1760000;kg
2021;114767;AWZI Houtrust (Hoogheemraadschap van Delfland);'s-Gravenhage;Kooldioxide (CO2);6846215;kg
2021;114772;Fenner Dunlop Conveyor Belting;Drachten;Kooldioxide (CO2);3831000;kg
2021;114802;Renewi Smink Amersfoort;Hoogland;Kooldioxide (CO2);4270371;kg
2021;114804;Vleeswarenfabriek Persoon BV;Lisse;Kooldioxide (CO2);748000;kg
2021;114814;Recycling Kombinatie REKO B.V.;Vondelingenplaat Rotterdam;Kooldioxide (CO2);49811628;kg
2021;115036;LyondellBasell Covestro Manufacturing Maasvlakte VOF;Maasvlakte Rotterdam;Kooldioxide (CO2);35604282;kg
2021;115037;Teijin Aramid BV (Arnhem);Arnhem;Kooldioxide (CO2);658000;kg
2021;115049;Holonite BV (Tholen);Tholen;Kooldioxide (CO2);123000;kg
2021;115063;Eagle Simrax BV;Kerkrade;Kooldioxide (CO2);272686;kg
2021;115066;Trespa International BV;Weert;Kooldioxide (CO2);24443577;kg
2021;115072;Seasun;Kapelle;Kooldioxide (CO2);34405325;kg
2021;115084;SVP Productie BV - Hulpwarmtecentrale 1;Purmerend;Kooldioxide (CO2);22750000;kg
2021;115085;Enecal Energy VOF;Botlek Rotterdam;Kooldioxide (CO2);190821722;kg
2021;115090;Trioworld Apeldoorn B.V.;Apeldoorn;Kooldioxide (CO2);1176956;kg
2021;115143;FrieslandCampina Cheese BV (Leerdam);Leerdam;Kooldioxide (CO2);70700;kg
2021;115176;locatie Nauerna (Zaanstad);Assendelft;Kooldioxide (CO2);5531216;kg
2021;115180;apt Extrusions B.V.;Roermond;Kooldioxide (CO2);9920858;kg
2021;115181;EP NL Rijnmond 1 B.V.;Vondelingenplaat Rotterdam;Kooldioxide (CO2);266577000;kg
2021;115184;RWZI Land van Cuijk (Waterschap Aa en Maas);Haps;Kooldioxide (CO2);5636879;kg
2021;115185;DOC Kaas (Zuivelpark);Hoogeveen;Kooldioxide (CO2);44720960;kg
2021;115186;Yara Vlaardingen BV;Vlaardingen;Kooldioxide (CO2);574000;kg
2021;200002;A. van de Groep en Zonen BV;Bunschoten-Spakenburg;Kooldioxide (CO2);3660697;kg
2021;200131;Hak BV;Giessen;Kooldioxide (CO2);7098000;kg
2021;200141;BV Steenfabriek Hedikhuizen;Heusden;Kooldioxide (CO2);16602000;kg
2021;200152;J.A. Ter Maten Pluimveebedrijf BV;Bunschoten-Spakenburg;Kooldioxide (CO2);232000;kg
2021;200188;Kriek Poedercoaten B.V.;Alphen aan den Rijn;Kooldioxide (CO2);386450;kg
2021;200228;Gouda Refractories BV;Gouda;Kooldioxide (CO2);10675000;kg
2021;200286;Wienerberger Steenfabriek Azewijn;Azewijn;Kooldioxide (CO2);17144887;kg
2021;200287;Steenfabriek Engels Helden BV;Panningen;Kooldioxide (CO2);20196847;kg
2021;200292;T. Boer & zn.;Nieuwerkerk aan den Ijssel;Kooldioxide (CO2);722000;kg
2021;200308;LOA VT;Almelo;Kooldioxide (CO2);102000;kg
2021;200312;Vloertegelfabriek Koninklijke Mosa BV;Maastricht;Kooldioxide (CO2);10972300;kg
2021;200314;Supply Point Cuijk BV;Katwijk;Kooldioxide (CO2);235310;kg
2021;200333;Wienerberger Steenfabriek Bemmel;Haalderen;Kooldioxide (CO2);5366912;kg
2021;200355;Dakpanfabriek Narvik Tegelen (Wienberger BV);Tegelen;Kooldioxide (CO2);8548047;kg
2021;200376;Wienerberger Dakpanfabriek Janssen-Dings;Tegelen;Kooldioxide (CO2);11362874;kg
2021;200377;Monier BV (Tegelen);Tegelen;Kooldioxide (CO2);12680000;kg
2021;200407;COATEX Netherlands BV;Moerdijk;Kooldioxide (CO2);620000;kg
2021;200420;Roba Metals B.V.;Farmsum;Kooldioxide (CO2);4722628;kg
2021;200436;Afvalberging Derde Merwedehaven;Dordrecht;Kooldioxide (CO2);2016402;kg
2021;200441;Amcor Specialty Cartons Brabant BV;Bergen op Zoom;Kooldioxide (CO2);770403;kg
2021;200450;Avri;Geldermalsen;Kooldioxide (CO2);443749;kg
2021;200451;Main B.V. (Jan van Riebeeckhavenweg);Amsterdam;Kooldioxide (CO2);85676;kg
2021;200480;Bostik Nederland B.V.;Roosendaal;Kooldioxide (CO2);857446;kg
2021;200482;locatie Braambergen (Almere);Almere;Kooldioxide (CO2);1839553;kg
2021;200490;LOA Deege;Klundert;Kooldioxide (CO2);392744;kg
2021;200493;Attero B.V. locatie Bergen op Zoom (Kragge);Bergen op Zoom;Kooldioxide (CO2);4031043;kg
2021;200508;Uniper HWC Bezuidenhout-West;'s-Gravenhage;Kooldioxide (CO2);12220332;kg
2021;200512;ESA BV;Apeldoorn;Kooldioxide (CO2);715000;kg
2021;200516;Attero B.V.  locatie Montfort;Montfort;Kooldioxide (CO2);1965070;kg
2021;200518;Attero B.V. Locatie Weert;Weert;Kooldioxide (CO2);1098590;kg
2021;200520;Attero B.V. locatie Schinnen;Schinnen;Kooldioxide (CO2);1408386;kg
2021;200522;Ennatuurlijk BV PS Tilburg;Tilburg;Kooldioxide (CO2);0;kg
2021;200526;Exportslachterij Clazing BV;Zevenhuizen;Kooldioxide (CO2);2198000;kg
2021;200537;Cargill Cocao Aurora;Zaandam;Kooldioxide (CO2);15150732;kg
2021;200538;GMB BioEnergie Zutphen BV;Zutphen;Kooldioxide (CO2);30442586;kg
2021;200551;Heiploeg International BV;Zoutkamp;Kooldioxide (CO2);3306480;kg
2021;200554;Hilton Meats Zaandam BV;Zaandam;Kooldioxide (CO2);1135747;kg
2021;200557;Holland Malt B.V.;Eemshaven;Kooldioxide (CO2);31353300;kg
2021;200582;Südpack  Grootegast B.V.;Grootegast;Kooldioxide (CO2);3930000;kg
2021;200587;Martens Havenontvangstinstallatie Vlissingen BV;Nieuwdorp;Kooldioxide (CO2);0;kg
2021;200606;Theo Pouw Secundaire Bouwstoffen B.V.;Eemshaven;Kooldioxide (CO2);20252320;kg
2021;200610;Radboudumc & Radboud Universiteit Nijmegen;Nijmegen;Kooldioxide (CO2);16656000;kg
2021;200618;ROVA Afvalverwerkingslocatie Bovenveld;Rheezerveen;Kooldioxide (CO2);221488;kg
2021;200640;Exportslachterij J. Gosschalk & Zn. BV;Epe;Kooldioxide (CO2);2360000;kg
2021;200653;Saturn Petcare;Hattem;Kooldioxide (CO2);5101078;kg
2021;200664;Handelsonderneming A. Smit & Zoon BV;Amersfoort;Kooldioxide (CO2);2286497;kg
2021;200673;Mineralz Zweekhorst BV;Zevenaar;Kooldioxide (CO2);340600;kg
2021;200683;Theo Pouw Beheer BV;Utrecht;Kooldioxide (CO2);104452;kg
2021;200702;Renewi Nieuwegein;Nieuwegein;Kooldioxide (CO2);288600;kg
2021;200719;Wuppermann Staal Nederland BV;Moerdijk;Kooldioxide (CO2);2391270;kg
2021;200758;Lubrizol Advanced Materials Resins BV;Farmsum;Kooldioxide (CO2);372000;kg
2021;200781;FNsteel BV;Alblasserdam;Kooldioxide (CO2);20326828;kg
2021;200900;Arkema B.V. Location Brummen;Brummen;Kooldioxide (CO2);262000;kg
2021;201012;Renewi Nederland B.V. - Drachten-De Lier;Drachten;Kooldioxide (CO2);371751;kg
2021;201043;REMONDIS PMR B.V.;Moerdijk;Kooldioxide (CO2);1170000;kg
2021;201045;locatie Zeeasterweg (Lelystad);Lelystad;Kooldioxide (CO2);1686249;kg
2021;201055;Attero B.V. Locatie Haps;Haps;Kooldioxide (CO2);1512449;kg
2021;201151;Enrichment Technology Nederland BV;Almelo;Kooldioxide (CO2);1530000;kg
2021;201172;A. Smit & Zoon BV;Weesp;Kooldioxide (CO2);1324838;kg
2021;201189;Afvalverwerking Stainkoeln B.V.;Groningen;Kooldioxide (CO2);1266592;kg
2021;201203;Sortiva B.V.;Alkmaar;Kooldioxide (CO2);543976;kg
2021;201241;EMMTEC Services BV;Emmen;Kooldioxide (CO2);149987600;kg
2021;201303;locatie Wieringermeer (Middenmeer);Middenmeer;Kooldioxide (CO2);831862;kg
2021;201304;BMC Moerdijk BV;Moerdijk;Kooldioxide (CO2);314150129;kg
2021;201326;Aludyne Netherlands B.V.;Oss;Kooldioxide (CO2);3980000;kg
2021;201386;EP NL Sloe Centrale B.V. (Vlissingen);Ritthem;Kooldioxide (CO2);1271417600;kg
2021;201425;Afvalverwerking Vink B.V.;Barneveld;Kooldioxide (CO2);25478510;kg
2021;201503;Valtris AO Maastricht b.v. / Vynova AO Maastricht b.v.;Maastricht;Kooldioxide (CO2);3746256;kg
2021;201541;Olenex Edible Oils B.V.;Vondelingenplaat Rotterdam;Kooldioxide (CO2);11200000;kg
2021;201571;Vattenfall Warmte N.V. (HWC Duiven Westervoort);Westervoort;Kooldioxide (CO2);1412160;kg
2021;201596;M&R Claushuis BV;Zeewolde;Kooldioxide (CO2);96505;kg
2021;201639;Solidus Solutions Board Oude Pekela;Oude Pekela;Kooldioxide (CO2);13071741;kg
2021;201986;Eneco HWC Kanaleneiland;Utrecht;Kooldioxide (CO2);2745;kg
2021;202140;Vitelco BV;'s-Hertogenbosch;Kooldioxide (CO2);1240000;kg
2021;202159;Fokker Aerospace BV;Papendrecht;Kooldioxide (CO2);4080000;kg
2021;202214;Greif Nederland BV;Europoort Rotterdam;Kooldioxide (CO2);3650573;kg
2021;202229;Bunge Loders Croklaan Rotterdam;Maasvlakte Rotterdam;Kooldioxide (CO2);14931000;kg
2021;202257;Accsys Technologies;Arnhem;Kooldioxide (CO2);4098071;kg
2021;202268;Eneco HWC Overvecht;Utrecht;Kooldioxide (CO2);123126;kg
2021;202298;Evonik Peroxide Netherlands B.V.;Farmsum;Kooldioxide (CO2);32795000;kg
2021;202380;Pluimveeverwerkingsbedrijf Jan van Ee BV;Stroe;Kooldioxide (CO2);1181388;kg
2021;202417;Compressorstation Noord Holland;Anna Paulowna;Kooldioxide (CO2);9408;kg
2021;202418;Eneco HWC Nicolaas Beetsstraat;Utrecht;Kooldioxide (CO2);690161;kg
2021;202419;Eneco HWC Nieuwegein;Nieuwegein;Kooldioxide (CO2);1556005;kg
2021;202578;Mars Food Europe CV;Oud-Beijerland;Kooldioxide (CO2);6019000;kg
2021;202597;Coatinc Groningen B.V.;Groningen;Kooldioxide (CO2);992000;kg
2021;202662;Pluimveeslachterij G.P. Remkes B.V.;Epe;Kooldioxide (CO2);863519;kg
2021;202692;adapa The Netherlands Amersfoort BV;Amersfoort;Kooldioxide (CO2);1040360;kg
2021;202746;Argent Energy;Amsterdam;Kooldioxide (CO2);26300000;kg
2021;202803;Avery Dennison Materials Nederland BV;Alphen aan den Rijn;Kooldioxide (CO2);1845300;kg
2021;202824;Eneco Merwedekanaal;Utrecht;Kooldioxide (CO2);176801105;kg
2021;202825;Eneco Lage Weide;Utrecht;Kooldioxide (CO2);542032970;kg
2021;202858;Grolsche Bierbrouwerij Nederland B.V.;Enschede;Kooldioxide (CO2);9083500;kg
2021;202863;Ruijtenberg Shipyard BV;Raamsdonksveer;Kooldioxide (CO2);0;kg
2021;202867;Vrije Universiteit Amsterdam;Amsterdam;Kooldioxide (CO2);22310154;kg
2021;202895;Lingezegen Energy B.V.;Bemmel;Kooldioxide (CO2);19607759;kg
2021;202902;GMB BioEnergie Tiel BV;Tiel;Kooldioxide (CO2);17006086;kg
2021;202926;Ulamo Coating B.V.;Ulft;Kooldioxide (CO2);1925437;kg
2021;202935;Alblasserdam Yachtbuilding B.V. (Oceanco);Alblasserdam;Kooldioxide (CO2);604000;kg
2021;202962;IHC Sliedrecht Molendijk;Sliedrecht;Kooldioxide (CO2);356801;kg
2021;202990;Alco Energy Rotterdam;Europoort Rotterdam;Kooldioxide (CO2);357416224;kg
2021;202992;Viterra Botlek BV;Botlek Rotterdam;Kooldioxide (CO2);33328092;kg
2021;202999;Renewi Drachten - Stuurboord;Drachten;Kooldioxide (CO2);495615;kg
2021;203083;Exploitatiemaatschappij J ter Horst BV;Varsseveld;Kooldioxide (CO2);131387;kg
2021;203086;JAZO Zevenaar BV;Zevenaar;Kooldioxide (CO2);158291;kg
2021;203155;Vattenfall Power Generation B.V. (HWC Almere Stad);Almere;Kooldioxide (CO2);1533279;kg
2021;203159;Eco Fuels Netherlands B.V.;Eemshaven;Kooldioxide (CO2);5510000;kg
2021;203186;RWZI West;Amsterdam;Kooldioxide (CO2);2740830;kg
2021;203220;EEW Energy from Waste Delfzijl B.V.;Farmsum;Kooldioxide (CO2);828791825;kg
2021;203228;RWE Eemshaven Magnum B.V.;Eemshaven;Kooldioxide (CO2);1295110380;kg
2021;203273;RWE Eemshaven Holding II B.V.;Eemshaven;Kooldioxide (CO2);7197545586;kg
2021;203284;Steel Protection Oosterhout;Oosterhout;Kooldioxide (CO2);913461;kg
2021;203346;Inter-Che-M BV;Beuningen Gld;Kooldioxide (CO2);342870;kg
2021;203411;Pergen VOF;Pernis Rotterdam;Kooldioxide (CO2);1209448030;kg
2021;203416;IHC Krimpen;Krimpen aan den Ijssel;Kooldioxide (CO2);295122;kg
2021;203417;Van Rooi Meat BV (Helmond);Helmond;Kooldioxide (CO2);6315667;kg
2021;203496;Reststoffen Energie Centrale (REC);Harlingen;Kooldioxide (CO2);303164315;kg
2021;203505;EP NL Rijnmond 2 B.V.;Vondelingenplaat Rotterdam;Kooldioxide (CO2);571399830;kg
2021;203530;Teijin Aramid BV;Emmen;Kooldioxide (CO2);3760969;kg
2021;203590;Arkema B.V. location Rotterdam;Vondelingenplaat Rotterdam;Kooldioxide (CO2);4636307;kg
2021;203605;Kok Gorinchem BV;Gorinchem;Kooldioxide (CO2);934000;kg
2021;203651;Dutch Advanced Polyesters Emmen B.V.;Emmen;Kooldioxide (CO2);1520000;kg
2021;203738;Fokker Landing Gear;Helmond;Kooldioxide (CO2);744378;kg
2021;203785;Neste Netherlands B.V.;Maasvlakte Rotterdam;Kooldioxide (CO2);62529040;kg
2021;203825;Linde Gas Dieren;Dieren;Kooldioxide (CO2);490702;kg
2021;203843;Putman Recycling BV (Westervoort);Westervoort;Kooldioxide (CO2);1469983;kg
2021;203868;Cérélia Netherlands B.V.;Sliedrecht;Kooldioxide (CO2);6733040;kg
2021;203887;Noblesse Proteins BV;Wijster;Kooldioxide (CO2);3138847;kg
2021;204038;Keizersberg Diervoeders (Elsendorp);Elsendorp;Kooldioxide (CO2);5562;kg
2021;204042;locatie Brunssum (Brunssum);Brunssum;Kooldioxide (CO2);443300;kg
2021;204062;Intervet international BV;De Bilt;Kooldioxide (CO2);257602;kg
2021;204215;Enerco B.V.;Born;Kooldioxide (CO2);658954;kg
2021;204287;Global Food Group BV;Ospel;Kooldioxide (CO2);907310;kg
2021;204361;EcoFuels;Well L;Kooldioxide (CO2);13795393;kg
2021;204363;Vattenfall Warmte N.V. (HWC Schuytgraaf);Arnhem;Kooldioxide (CO2);1515860;kg
2021;204395;Renewi Stadskanaal;Stadskanaal;Kooldioxide (CO2);743158;kg
2021;204488;Cumapol Emmen B.V.;Emmen;Kooldioxide (CO2);818000;kg
2021;204497;Summa petfood B.V.;Putten;Kooldioxide (CO2);127700;kg
2021;204522;Ondergrondse aardgasopslag Zuidwending;Veendam;Kooldioxide (CO2);2690085;kg
2021;204552;Gesloten stortplaats De Langenberg;Zelhem;Kooldioxide (CO2);707000;kg
2021;204556;Waterstromen Lichtenvoorde B.V.;Lichtenvoorde;Kooldioxide (CO2);6613967;kg
2021;204602;RWZI Soest;Soest;Kooldioxide (CO2);2777627;kg
2021;204609;Hoogweg Paprikakwekerijen BV;Luttelgeest;Kooldioxide (CO2);63204998;kg
2021;204617;Power Plant Rotterdam;Maasvlakte Rotterdam;Kooldioxide (CO2);1828512304;kg
2021;204650;Ferdinand Zandbergen BV;Woudenberg;Kooldioxide (CO2);124036;kg
2021;204654;ENECOGEN V.O.F.;Europoort Rotterdam;Kooldioxide (CO2);1429011976;kg
2021;204692;Handelsonderneming Technivet Ermelo BV/Gerbuvet BV;Ermelo;Kooldioxide (CO2);2028960;kg
2021;204763;KH Dairy Sourcing BV;Coevorden;Kooldioxide (CO2);1392178;kg
2021;204851;Air Products HyCO 4 (Botlekweg);Botlek Rotterdam;Kooldioxide (CO2);738388587;kg
2021;204944;Eneco Bio Golden Raand C.V.;Farmsum;Kooldioxide (CO2);417020000;kg
2021;204957;WKC Ypenburg;'s-Gravenhage;Kooldioxide (CO2);38777542;kg
2021;205100;AVISTA OIL B.V.;Roosendaal;Kooldioxide (CO2);225387;kg
2021;205183;Van Merksteijn International B.V.;Almelo;Kooldioxide (CO2);9215681;kg
2021;205186;HWC Ypenburg;'s-Gravenhage;Kooldioxide (CO2);10096306;kg
2021;205221;Vendecs B.V.;Enschede;Kooldioxide (CO2);2384201;kg
2021;205256;DCL Corporation (NL) B.V.;Maastricht;Kooldioxide (CO2);4069143;kg
2021;205276;Diffutherm BV;Hapert;Kooldioxide (CO2);766650;kg
2021;205339;Veco Zuivel B.V.;Zeewolde;Kooldioxide (CO2);1020000;kg
2021;205351;Westfort IJsselstein;Ijsselstein;Kooldioxide (CO2);4878906;kg
2021;205470;BES Exploitatie BV;Sittard;Kooldioxide (CO2);31585025;kg
2021;205493;Euro Support Advanced Materials B.V.;Uden;Kooldioxide (CO2);1671809;kg
2021;205500;Aspen Oss B.V. (locatie Moleneind);Oss;Kooldioxide (CO2);8443100;kg
2021;205501;Aspen Oss B.V. (locatie De Geer);Oss;Kooldioxide (CO2);4800000;kg
2021;205503;MRC Plating Products B.V.;Zeewolde;Kooldioxide (CO2);206351;kg
2021;205570;NorthC Almere;Almere;Kooldioxide (CO2);170000;kg
2021;205588;Van der Velden Schalkwijk;Schalkwijk;Kooldioxide (CO2);503700;kg
2021;205661;Woodvision B.V.;Kampen;Kooldioxide (CO2);66500;kg
2021;205694;B.V. Esbro;Wehl;Kooldioxide (CO2);1314097;kg
2021;205709;IJsselland Bio Fuels B.V.;Kampen;Kooldioxide (CO2);1948478;kg
2021;205802;Empyro B.V.;Hengelo;Kooldioxide (CO2);24639012;kg
2021;205844;Green Box Computing B.V.;Eemshaven;Kooldioxide (CO2);86;kg
2021;205961;Chamlon B.V.;Ootmarsum;Kooldioxide (CO2);181602;kg
2021;205962;Gesloten stortplaats De Keyenberg;Wageningen;Kooldioxide (CO2);440000;kg
2021;205965;Amsterdam Meat Company Ameco BV;Apeldoorn;Kooldioxide (CO2);694670;kg
2021;205998;Koster Keunen Holland B.V.;Bladel;Kooldioxide (CO2);410800;kg
2021;206010;Reststoffen Bewerkingsinstallatie;Farmsum;Kooldioxide (CO2);144103;kg
2021;206040;Groen Gas Gelderland B.V.;Bemmel;Kooldioxide (CO2);7911000;kg
2021;206149;Stinoil Holding B.V.;Veendam;Kooldioxide (CO2);907889;kg
2021;206160;Greenergy Biofuels Amsterdam B.V.;Amsterdam;Kooldioxide (CO2);6430000;kg
2021;206211;ABL-Technic Uden;Uden;Kooldioxide (CO2);988;kg
2021;206213;HWC Amsterdam Driehoek;Amsterdam;Kooldioxide (CO2);3243587;kg
2021;206222;Hoogheemraadschap Hollands Noorderkwartier RWZI Beemster;Zuidoostbeemster;Kooldioxide (CO2);2655664;kg
2021;220121;Hoogheemraadschap Hollands Noorderkwartier RWZI Alkmaar;Alkmaar;Kooldioxide (CO2);2101744;kg
2021;220124;AWZI Almere;Almere;Kooldioxide (CO2);7074475;kg
2021;220129;RWZI Amstelveen (HH Amstel, Gooi en Vecht);Amstelveen;Kooldioxide (CO2);3400196;kg
2021;220131;RWZI Westpoort;Amsterdam;Kooldioxide (CO2);16492427;kg
2021;220133;RWZI Arnhem-Zuid;Arnhem;Kooldioxide (CO2);13057430;kg
2021;220136;RWZI Asten (Waterschap Aa en Maas);Heusden;Kooldioxide (CO2);2278914;kg
2021;220139;RWZI Bath;Rilland;Kooldioxide (CO2);13956051;kg
2021;220150;Hoogheemraadschap Hollands Noorderkwartier SDI/RWZI Beverwijk;Beverwijk;Kooldioxide (CO2);30560890;kg
2021;220188;Hoogheemraadschap Hollands Noorderkwartier RWZI Den Helder;Den Helder;Kooldioxide (CO2);3140706;kg
2021;220191;RWZI Deventer;Deventer;Kooldioxide (CO2);5233632;kg
2021;220200;RWZI Dongemond;Oosterhout;Kooldioxide (CO2);5264135;kg
2021;220201;RWZI Dordrecht;Dordrecht;Kooldioxide (CO2);4398361;kg
2021;220209;RWZI Echten;Hoogeveen;Kooldioxide (CO2);2980928;kg
2021;220213;RWZI Elburg;Elburg;Kooldioxide (CO2);3702967;kg
2021;220217;RWZI Etten;Terborg;Kooldioxide (CO2);8169170;kg
2021;220223;Hoogheemraadschap Hollands Noorderkwartier RWZI Geestmerambacht;Warmenhuizen;Kooldioxide (CO2);2648302;kg
2021;220236;AWZI Gouda;Gouda;Kooldioxide (CO2);2077683;kg
2021;220243;RWZI Haarlem-Waarderpolder;Haarlem;Kooldioxide (CO2);6961598;kg
2021;220263;RWZI Hellevoetsluis;Hellevoetsluis;Kooldioxide (CO2);2631217;kg
2021;220264;Rioolwaterzuiveringsinstallatie Hengelo;Hengelo;Kooldioxide (CO2);16956136;kg
2021;220276;RWZI Horstermeer (HH Amstel, Gooi en Vechtstreek);Nederhorst den Berg;Kooldioxide (CO2);4831532;kg
2021;220286;AWZI Katwijk;Katwijk;Kooldioxide (CO2);4811148;kg
2021;220297;RWZI Leeuwarden;Leeuwarden;Kooldioxide (CO2);6500113;kg
2021;220298;AWZI Leiden Noord;Leiden;Kooldioxide (CO2);1366073;kg
2021;220299;AWZI Leiden Zuidwest;Leiden;Kooldioxide (CO2);5313215;kg
2021;220301;AWZI Lelystad;Lelystad;Kooldioxide (CO2);2344885;kg
2021;220304;RWZI Maastricht-Limmel;Maastricht;Kooldioxide (CO2);4422108;kg
2021;220326;AWZI Nieuwe Waterweg;Hoek Van Holland;Kooldioxide (CO2);3518203;kg
2021;220328;RWZI Nieuwegein;Nieuwegein;Kooldioxide (CO2);5550914;kg
2021;220333;AWZI Tollebeek;Tollebeek;Kooldioxide (CO2);5722547;kg
2021;220364;RWZI Renkum;Renkum;Kooldioxide (CO2);2591065;kg
2021;220369;RWZI Rijen;Rijen;Kooldioxide (CO2);2082419;kg
2021;220376;Rioolwaterzuiveringsinstallatie (RWZI) Roermond;Roermond;Kooldioxide (CO2);4956241;kg
2021;220382;RWZI Schelluinen;Schelluinen;Kooldioxide (CO2);1480878;kg
2021;220387;RWZI Den Bosch (Waterschap Aa en Maas);'s-Hertogenbosch;Kooldioxide (CO2);3952991;kg
2021;220392;RWZI Sleeuwijk/Zuivering Sleeuwijk;Sleeuwijk;Kooldioxide (CO2);3511130;kg
2021;220410;RWZI Terneuzen;Terneuzen;Kooldioxide (CO2);2249386;kg
2021;220412;RWZI Terwolde;Terwolde;Kooldioxide (CO2);964079;kg
2021;220416;RWZI Tilburg Noord;Tilburg;Kooldioxide (CO2);19933078;kg
2021;220429;RWZI Veenendaal;Overberg;Kooldioxide (CO2);4210784;kg
2021;220432;RWZI Vinkel (Waterschap Aa en Maas);Vinkel;Kooldioxide (CO2);1550994;kg
2021;220443;RWZI Walcheren;Ritthem;Kooldioxide (CO2);5794334;kg
2021;220451;Hoogheemraadschap Hollands Noorderkwartier RWZI Wervershoof;Wervershoof;Kooldioxide (CO2);5936719;kg
2021;220460;RWZI Willem Annapolder;Kapelle;Kooldioxide (CO2);3445780;kg
2021;220469;Hoogheemraadschap Hollands Noorderkwartier RWZI Zaandam-Oost;Zaandam;Kooldioxide (CO2);3511909;kg
2021;220478;RWZI Zutphen;Zutphen;Kooldioxide (CO2);14302;kg
2021;220481;RWZI Zwijndrecht;Zwijndrecht;Kooldioxide (CO2);4475353;kg
2021;220482;RWZI Zwolle;Zwolle;Kooldioxide (CO2);8164753;kg
2021;220500;RWZI Leidsche Rijn;Utrecht;Kooldioxide (CO2);4402632;kg
2021;220537;RWZI Harnaschpolder (Hoogheemraadschap van Delfland);Den Hoorn;Kooldioxide (CO2);27980094;kg
2022;59;Koninklijke Mosa BV Wandtegelfabriek & Vloertegelfabriek;Maastricht;Kooldioxide (CO2);20651454;kg
2022;60;Sappi Maastricht BV;Maastricht;Kooldioxide (CO2);150192016;kg
2022;62;Chemelot Site Permit BV;Geleen;Kooldioxide (CO2);3354145252;kg
2022;65;PQ Silicas BV;Eijsden;Kooldioxide (CO2);17342303;kg
2022;79;Steenfabriek Linssen BV;Kerkrade;Kooldioxide (CO2);3195620;kg
2022;90;VDL Castings Heerlen BV;Hoensbroek;Kooldioxide (CO2);7252375;kg
2022;94;Steenfabriek Gebroeders Klinkers BV;Maastricht;Kooldioxide (CO2);11281000;kg
2022;95;Vandersanden Beek BV;Beek;Kooldioxide (CO2);8798000;kg
2022;113;VDL Nedcar B.V.;Born;Kooldioxide (CO2);17741754;kg
2022;125;Stichting Parkmanagement Wolfsweg 75;Eygelshoven;Kooldioxide (CO2);3106000;kg
2022;151;O-I Netherlands BV (Maastricht);Maastricht;Kooldioxide (CO2);93439000;kg
2022;159;Fenzi AGT Netherlands B.V.;Maastricht;Kooldioxide (CO2);3019583;kg
2022;174;Tata Steel Nederland Tubes BV locatie Maastricht;Maastricht;Kooldioxide (CO2);379900;kg
2022;325;Lawter Maastricht BV;Maastricht;Kooldioxide (CO2);2818000;kg
2022;326;Wienerberger Steenfabriek Poriso;Brunssum;Kooldioxide (CO2);27994937;kg
2022;1104;Solvay Chemie BV;Herten;Kooldioxide (CO2);2974212;kg
2022;1107;Nouryon Functional Chemicals B.V.;Herkenbosch;Kooldioxide (CO2);10939835;kg
2022;3062;Verzinkerij Van Aert BV;Nederweert;Kooldioxide (CO2);1176000;kg
2022;3068;Coatinc Mook B.V.;Mook;Kooldioxide (CO2);1607128;kg
2022;3509;VDL Castings Weert BV;Weert;Kooldioxide (CO2);50902;kg
2022;3513;MGG Netherlands BV;Tegelen;Kooldioxide (CO2);4999280;kg
2022;4001;Clauscentrale;Maasbracht;Kooldioxide (CO2);992710359;kg
2022;4301;Smurfit Westrock Roermond Paper BV;Roermond;Kooldioxide (CO2);168519207;kg
2022;4709;Kleiwarenfabriek Joosten Kessel BV;Kessel;Kooldioxide (CO2);9428000;kg
2022;4711;Wienerberger Steenfabriek Thorn;Thorn;Kooldioxide (CO2);14232601;kg
2022;4731;Xella Kalkzandsteen De Hazelaar BV;Koningsbosch;Kooldioxide (CO2);8850000;kg
2022;4753;Rockwool B.V.;Roermond;Kooldioxide (CO2);134271000;kg
2022;5726;Wienerberger Steenfabriek Nuance;Afferden L;Kooldioxide (CO2);5864561;kg
2022;5727;EverZinc Nederland B.V.;Eijsden;Kooldioxide (CO2);22665944;kg
2022;5729;Celanese Production Netherlands B.V.;Geleen;Kooldioxide (CO2);1231725;kg
2022;5739;E-MAX BILLETS;Kerkrade;Kooldioxide (CO2);17341459;kg
2022;5740;WEPA Nederland B.V.;Swalmen;Kooldioxide (CO2);7876400;kg
2022;5750;FrieslandCampina Born;Born;Kooldioxide (CO2);6827977;kg
2022;5801;Schiffers Food BV;Hoensbroek;Kooldioxide (CO2);2451807;kg
2022;5804;PQ Nederland BV;Maastricht;Kooldioxide (CO2);9746838;kg
2022;5821;Attero B.V. locatie Landgraaf;Landgraaf;Kooldioxide (CO2);5282680;kg
2022;9003;Everris International BV;Heerlen;Kooldioxide (CO2);9023000;kg
2022;9013;Refresco Benelux BV;Sittard;Kooldioxide (CO2);9480622;kg
2022;10001;Nobian Industrial Chemicals BV (Rotterdam);Botlek Rotterdam;Kooldioxide (CO2);127887570;kg
2022;10002;Nouryon Performance Formulations b.v.;Europoort Rotterdam;Kooldioxide (CO2);25399;kg
2022;10003;Synres B.V.;Hoek Van Holland;Kooldioxide (CO2);6596679;kg
2022;10004;Lyondell Chemical Nederland Ltd.;Botlek Rotterdam;Kooldioxide (CO2);287033795;kg
2022;10006;Shell Nederland Chemie BV (Pernis);Vondelingenplaat Rotterdam;Kooldioxide (CO2);48699271;kg
2022;10016;Climax Molybdenum BV;Botlek Rotterdam;Kooldioxide (CO2);8446753;kg
2022;10018;Huntsman Holland BV;Botlek Rotterdam;Kooldioxide (CO2);421002;kg
2022;10048;Compaxo Gouda BV;Gouda;Kooldioxide (CO2);3930000;kg
2022;10057;Shell Nederland Raffinaderij BV;Vondelingenplaat Rotterdam;Kooldioxide (CO2);4178613546;kg
2022;10058;BP Raffinaderij Rotterdam B.V.;Europoort Rotterdam;Kooldioxide (CO2);1938767000;kg
2022;10059;Gunvor Energy Rotterdam B.V. (GPR);Europoort Rotterdam;Kooldioxide (CO2);233245981;kg
2022;10061;Esso Nederland BV (Raffinaderij Rotterdam);Botlek Rotterdam;Kooldioxide (CO2);2674280831;kg
2022;10063;AVR-Afvalverwerking;Botlek Rotterdam;Kooldioxide (CO2);1788124999;kg
2022;10064;Almatis BV;Botlek Rotterdam;Kooldioxide (CO2);16730447;kg
2022;10066;Kemira Rotterdam BV locatie Europoort;Europoort Rotterdam;Kooldioxide (CO2);7850000;kg
2022;10069;Standic BV;Dordrecht;Kooldioxide (CO2);2079526;kg
2022;10073;Tronox Pigments (Holland) BV;Botlek Rotterdam;Kooldioxide (CO2);91110862;kg
2022;10076;HVC AfvalEnergieCentrale Dordrecht;Dordrecht;Kooldioxide (CO2);326670000;kg
2022;10079;Chemours Netherlands B.V.;Dordrecht;Kooldioxide (CO2);21057948;kg
2022;10086;NV Nutricia Zoetermeer;Zoetermeer;Kooldioxide (CO2);10391000;kg
2022;10089;Prysmian Netherlands B.V.;Delft;Kooldioxide (CO2);1431872;kg
2022;10097;SD Guthrie International Zwijndrecht Refinery B.V.;Zwijndrecht;Kooldioxide (CO2);49285267;kg
2022;10100;Bakelite Botlek Rotterdam;Botlek Rotterdam;Kooldioxide (CO2);6843132;kg
2022;10546;Lactalis Leerdammer BV (Schoonrewoerd);Schoonrewoerd;Kooldioxide (CO2);9756212;kg
2022;10590;FrieslandCampina Rotterdam;Rotterdam;Kooldioxide (CO2);2320466;kg
2022;10621;Hunter Douglas Europe BV;Rotterdam;Kooldioxide (CO2);1475459;kg
2022;10687;Biotech Campus Delft;Delft;Kooldioxide (CO2);60160844;kg
2022;10689;Air Products Nederland BV (Botlek);Botlek Rotterdam;Kooldioxide (CO2);106932844;kg
2022;10698;Cargill Bioindustrial BV;Gouda;Kooldioxide (CO2);33901845;kg
2022;10723;O-I Netherlands BV (Leerdam);Leerdam;Kooldioxide (CO2);100475526;kg
2022;10728;Cargill Refined Oils Europe;Botlek Rotterdam;Kooldioxide (CO2);23271570;kg
2022;10789;BMI Productie Nederland BV Woerden;Woerden;Kooldioxide (CO2);14565000;kg
2022;10793;Tata Steel Nederland Tubes BV locatie Zwijndrecht;Zwijndrecht;Kooldioxide (CO2);827792;kg
2022;10921;Damen Shiprepair Rotterdam BV;Schiedam;Kooldioxide (CO2);1090549;kg
2022;10928;Aluminium & Chemie Rotterdam B.V.;Botlek Rotterdam;Kooldioxide (CO2);0;kg
2022;10950;N+P Rotterdam MRF B.V.;Rotterdam;Kooldioxide (CO2);35690;kg
2022;10953;Uniper Centrale Den Haag;'s-Gravenhage;Kooldioxide (CO2);133955161;kg
2022;10982;Galvanisch Bedrijf Chromolux;Rotterdam;Kooldioxide (CO2);221916;kg
2022;10983;IHC Kinderdijk;Nieuw-Lekkerland;Kooldioxide (CO2);1466624;kg
2022;10998;Draka Interfoam;Hillegom;Kooldioxide (CO2);738708;kg
2022;11024;Cabot B.V.;Botlek Rotterdam;Kooldioxide (CO2);204170000;kg
2022;11034;Dossche Mils NV;Rotterdam;Kooldioxide (CO2);3144174;kg
2022;11046;PURAC Biochem B.V.;Gorinchem;Kooldioxide (CO2);28379948;kg
2022;11047;Vecom Metal Treatment BV;Maassluis;Kooldioxide (CO2);124000;kg
2022;11090;Chane Terminal Botlek B.V.;Botlek Rotterdam;Kooldioxide (CO2);38431430;kg
2022;11105;Heineken Netherlands Supply B.V., brouwerij Zoeterwoude;Zoeterwoude;Kooldioxide (CO2);72143228;kg
2022;11111;Ashland Industries Nederland B.V.;Zwijndrecht;Kooldioxide (CO2);17173400;kg
2022;11230;Damen Verolme BV;Botlek Rotterdam;Kooldioxide (CO2);639894;kg
2022;11235;RZB Holding BV;Rotterdam;Kooldioxide (CO2);11609;kg
2022;11366;LANXESS Rotterdam Botlek;Botlek Rotterdam;Kooldioxide (CO2);34004032;kg
2022;11658;Farm Frites BV;Oudenhoorn;Kooldioxide (CO2);33443416;kg
2022;12134;Archer Daniels Midland Europoort BV (ADM);Europoort Rotterdam;Kooldioxide (CO2);138530000;kg
2022;12135;ExxonMobil Chemical Holland BV (ROP van RPI);Europoort Rotterdam;Kooldioxide (CO2);49932117;kg
2022;12149;Uniper Benelux NV (Maasvlakte);Maasvlakte Rotterdam;Kooldioxide (CO2);4266796391;kg
2022;12150;Uniper Centrale RoCa;Rotterdam;Kooldioxide (CO2);110988400;kg
2022;12152;Uniper HWC Delftsevaart;Rotterdam;Kooldioxide (CO2);633000;kg
2022;12157;HVC ZVI B.V.;Dordrecht;Kooldioxide (CO2);14068137;kg
2022;12158;HVC Slibverbrandingsinstallatie;Dordrecht;Kooldioxide (CO2);137846000;kg
2022;12162;Evos Rotterdam B.V.;Europoort Rotterdam;Kooldioxide (CO2);11253663;kg
2022;12163;EPS BV;Hendrik-Ido-Ambacht;Kooldioxide (CO2);476098;kg
2022;12166;TU Delft Warmtekrachtcentrale;Delft;Kooldioxide (CO2);9613379;kg
2022;12167;UZIMET BV;Rijswijk;Kooldioxide (CO2);733049;kg
2022;12168;INV NYLON CHEMICALS NETHERLANDS B.V.;Botlek Rotterdam;Kooldioxide (CO2);4681365;kg
2022;12170;FrieslandCampina Maasdam;Maasdam;Kooldioxide (CO2);4435186;kg
2022;12171;Zuivelfabriek De Graafstroom;Bleskensgraaf Ca;Kooldioxide (CO2);4156088;kg
2022;12172;Promelca B.V. (Gorinchem);Gorinchem;Kooldioxide (CO2);54577930;kg
2022;12174;Ducor Petrochemicals B.V.;Botlek Rotterdam;Kooldioxide (CO2);9753400;kg
2022;12175;Air Liquide Industrie BV;Botlek Rotterdam;Kooldioxide (CO2);599586839;kg
2022;12177;VPR Energy B.V.;Europoort Rotterdam;Kooldioxide (CO2);121476349;kg
2022;19004;ExxonMobil Chemical Holland BV (RPP van RPI);Botlek Rotterdam;Kooldioxide (CO2);37165000;kg
2022;19032;Janssen Biologics BV;Leiden;Kooldioxide (CO2);4360000;kg
2022;19048;Refresco Benelux BV;Bodegraven;Kooldioxide (CO2);5183000;kg
2022;19070;Indorama Ventures Europe BV;Europoort Rotterdam;Kooldioxide (CO2);98246306;kg
2022;19071;Shin-Etsu PVC BV (VCM Botlek);Botlek Rotterdam;Kooldioxide (CO2);98050000;kg
2022;19072;FrieslandCampina Nederland B.V.;Noordwijk;Kooldioxide (CO2);2127842;kg
2022;19073;Westlake Epoxy B.V.;Vondelingenplaat Rotterdam;Kooldioxide (CO2);38957530;kg
2022;21010;Sonneborn Refined Products BV (Amsterdam);Amsterdam;Kooldioxide (CO2);11196917;kg
2022;21101;Ketjen Netherlands BV;Amsterdam;Kooldioxide (CO2);55363740;kg
2022;21102;ICL FERTILIZERS EUROPE C.V.;Amsterdam;Kooldioxide (CO2);12200000;kg
2022;21302;Abbott Healthcare Products BV (Weesp);Weesp;Kooldioxide (CO2);10724058;kg
2022;21304;Givaudan Nederland B.V. (Naarden);Naarden;Kooldioxide (CO2);4630000;kg
2022;21403;Norit Nederland BV (Zaandam);Zaandam;Kooldioxide (CO2);35461473;kg
2022;21528;N.V. Nederlandse Gasunie (Wieringermeer);Middenmeer;Kooldioxide (CO2);26281697;kg
2022;21529;Gasunie Transport Services B.V.;Heemskerk;Kooldioxide (CO2);482466;kg
2022;21530;OQ Chemicals Nederland BV;Amsterdam;Kooldioxide (CO2);2377360;kg
2022;22006;FrieslandCampina Nederland B.V. Lutjewinkel;Lutjewinkel;Kooldioxide (CO2);5479250;kg
2022;22012;CONO Kaasmakers (Middenbeemster);Westbeemster;Kooldioxide (CO2);9539185;kg
2022;22102;Bunge Loders Croklaan Worrmerveer;Wormerveer;Kooldioxide (CO2);16413522;kg
2022;22201;Olam Cocoa BV;Koog aan de Zaan;Kooldioxide (CO2);15828424;kg
2022;22209;Cargill Cocoa Wormer;Wormer;Kooldioxide (CO2);6070000;kg
2022;22602;Tate & Lyle Netherlands BV;Koog aan de Zaan;Kooldioxide (CO2);64157386;kg
2022;22617;Bunge Netherlands BV;Amsterdam;Kooldioxide (CO2);58102000;kg
2022;22626;Cargill BV (Multiseed);Amsterdam;Kooldioxide (CO2);25326126;kg
2022;23301;Tata Steel IJmuiden BV;Velsen-Noord;Kooldioxide (CO2);5822618448;kg
2022;24000;Vattenfall Power Generation B.V. (Hemweg);Amsterdam;Kooldioxide (CO2);629077272;kg
2022;24002;Vattenfall Power Generation B.V. (Diemen);Diemen;Kooldioxide (CO2);1054199213;kg
2022;24003;Vattenfall Power Generation B.V. (Velsen);Velsen-Noord;Kooldioxide (CO2);3908048375;kg
2022;24302;Crown van Gelder International B.V.;Velsen-Noord;Kooldioxide (CO2);115753852;kg
2022;24605;Forbo Flooring BV;Assendelft;Kooldioxide (CO2);11287608;kg
2022;24606;BN International BV;Huizen;Kooldioxide (CO2);5267160;kg
2022;28072;Quaker Chemical B.V. (A Quaker Houghton Company);Uithoorn;Kooldioxide (CO2);2079642;kg
2022;28085;AEB Amsterdam;Amsterdam;Kooldioxide (CO2);1240130287;kg
2022;28091;HVC N.V.;Alkmaar;Kooldioxide (CO2);1018213950;kg
2022;28094;Linde Gas IJmuiden;Velsen-Noord;Kooldioxide (CO2);3445761;kg
2022;28167;ADM WILD Netherlands B.V.;Amsterdam;Kooldioxide (CO2);1113000;kg
2022;28176;Vattenfall Power Generation B.V. (IJmond 1);Velsen-Noord;Kooldioxide (CO2);1535189079;kg
2022;31311;CARBOGEN AMCIS B.V.;Veenendaal;Kooldioxide (CO2);2160000;kg
2022;33414;IQatalyst B.V.;De Meern;Kooldioxide (CO2);7138209;kg
2022;34303;Remia CV;Den Dolder;Kooldioxide (CO2);6200000;kg
2022;38002;Stichting AL-terrein;Bilthoven;Kooldioxide (CO2);12515028;kg
2022;39103;Koninklijke ERU Kaasfabriek B.V.;Woerden;Kooldioxide (CO2);592665;kg
2022;39105;Vrumona;Bunnik;Kooldioxide (CO2);4745918;kg
2022;41003;Shell Nederland Chemie BV (Moerdijk);Moerdijk;Kooldioxide (CO2);2369587789;kg
2022;41101;SABIC Innovative Plastics BV;Bergen op Zoom;Kooldioxide (CO2);319283619;kg
2022;41102;Allnex Netherlands B.V.;Bergen op Zoom;Kooldioxide (CO2);8067515;kg
2022;41103;Synthos Breda BV;Breda;Kooldioxide (CO2);6341842;kg
2022;41106;IFF Nederland BV;Tilburg;Kooldioxide (CO2);7409352;kg
2022;41113;BEWI RAW BV;Etten-Leur;Kooldioxide (CO2);7603187;kg
2022;41402;Trobas Gelatine B.V.;Dongen;Kooldioxide (CO2);6247456;kg
2022;41428;Covestro (Netherlands) B.V., vestiging Waalwijk;Waalwijk;Kooldioxide (CO2);3884165;kg
2022;41502;Ravenstein;Ravenstein;Kooldioxide (CO2);2868573;kg
2022;41521;Afvalstoffen Terminal Moerdijk BV (ATM);Moerdijk;Kooldioxide (CO2);144405982;kg
2022;42022;Nutricia Cuijk B.V.;Cuijk;Kooldioxide (CO2);1036454;kg
2022;42034;FrieslandCampina DMV B.V.;Veghel;Kooldioxide (CO2);89173389;kg
2022;42206;Mars Nederland BV;Veghel;Kooldioxide (CO2);11873000;kg
2022;42310;Cosun Beet Company-Dinteloord;Dinteloord;Kooldioxide (CO2);115571397;kg
2022;42408;Swinkels Family Brewers N.V.;Lieshout;Kooldioxide (CO2);38922000;kg
2022;42410;Heineken Netherlands Supply B.V. (Den Bosch);'s-Hertogenbosch;Kooldioxide (CO2);11760000;kg
2022;42411;Coca Cola Europacific Partners BV;Dongen;Kooldioxide (CO2);4313448;kg
2022;42629;Cargill BV;Bergen op Zoom;Kooldioxide (CO2);48347638;kg
2022;42823;Zwanenberg Food Oss b.v.;Oss;Kooldioxide (CO2);10152885;kg
2022;42834;Rendac Son BV;Son en Breugel;Kooldioxide (CO2);77182402;kg
2022;43002;Mannesmann Precision Tubes Netherlands BV;Helmond;Kooldioxide (CO2);2191700;kg
2022;43003;Tata Steel Nederland Tubes BV locatie Oosterhout;Oosterhout;Kooldioxide (CO2);1484400;kg
2022;43013;Nyrstar Budel BV;Budel-Dorplein;Kooldioxide (CO2);17942752;kg
2022;43024;Nedschroef Helmond BV;Helmond;Kooldioxide (CO2);5906197;kg
2022;43139;Ardagh Metal Packaging Netherlands B.V.;Oss;Kooldioxide (CO2);63691;kg
2022;43205;Coatinc West Brabant BV;Oudenbosch;Kooldioxide (CO2);288000;kg
2022;43210;Aalberts Surface Technologies BV;Eindhoven;Kooldioxide (CO2);744622;kg
2022;43216;SPGPrints;Boxmeer;Kooldioxide (CO2);2502388;kg
2022;43400;GTO Plating BV;'s-Hertogenbosch;Kooldioxide (CO2);117197;kg
2022;43403;DAF Trucks N.V.;Eindhoven;Kooldioxide (CO2);25955960;kg
2022;43856;Hydro Extrusion Drunen;Drunen;Kooldioxide (CO2);10844964;kg
2022;43869;Efté Coating BV;Eindhoven;Kooldioxide (CO2);850180;kg
2022;44004;Amer Centrale;Geertruidenberg;Kooldioxide (CO2);3455632300;kg
2022;44006;RWZI Oijen (Waterschap Aa en Maas);Oijen;Kooldioxide (CO2);6467045;kg
2022;44007;PreZero Energy Roosendaal B.V.;Roosendaal;Kooldioxide (CO2);366007000;kg
2022;44008;Ennatuurlijk BV, WKC Helmond;Helmond;Kooldioxide (CO2);38756331;kg
2022;44009;BV Afvalverbranding Zuid Nederland (AZN);Moerdijk;Kooldioxide (CO2);958301022;kg
2022;44162;Vlisco Netherlands BV;Helmond;Kooldioxide (CO2);18185015;kg
2022;44301;Saica Flex Netherlands B.V.;Etten-Leur;Kooldioxide (CO2);2022536;kg
2022;44709;Steenfabriek Engels Oeffelt BV;Oeffelt;Kooldioxide (CO2);18163823;kg
2022;44772;Ardagh Glass Dongen BV;Dongen;Kooldioxide (CO2);69593295;kg
2022;44773;Saint Gobain Construction Products NL BV;Etten-Leur;Kooldioxide (CO2);45036588;kg
2022;45669;Caligen Europe BV;Breda;Kooldioxide (CO2);324520;kg
2022;47001;Slibverwerking Noord-Brabant NV;Moerdijk;Kooldioxide (CO2);145000000;kg
2022;48002;Unipol Holland BV;Oss;Kooldioxide (CO2);4839519;kg
2022;48018;FUJIFILM Manufacturing Europe B.V.;Tilburg;Kooldioxide (CO2);25236885;kg
2022;48022;Dr. W. Kolb Nederland BV;Klundert;Kooldioxide (CO2);2370490;kg
2022;48024;Essity Operations Cuijk B.V.;Katwijk NB;Kooldioxide (CO2);12227463;kg
2022;48031;FrieslandCampina Butter & Milkpowder - Den Bosch;'s-Hertogenbosch;Kooldioxide (CO2);2696693;kg
2022;48051;KBM Master Alloys BV (Oss);Oss;Kooldioxide (CO2);219260;kg
2022;48054;Van Swaay Duurzaam Hout Schijndel;Schijndel;Kooldioxide (CO2);78000;kg
2022;48061;Verzinkerij Meerveldhoven BV;Veldhoven;Kooldioxide (CO2);1858672;kg
2022;48073;Nedzink BV;Budel-Dorplein;Kooldioxide (CO2);669928;kg
2022;48082;Ennatuurlijk BV, PS Breda;Breda;Kooldioxide (CO2);0;kg
2022;48084;Ennatuurlijk BV, WKC Eindhoven;Eindhoven;Kooldioxide (CO2);7151604;kg
2022;48113;Keizersberg Diervoeders Elsendorp B.V.;Milheeze;Kooldioxide (CO2);39573;kg
2022;48132;Pali Geldrop BV;Geldrop;Kooldioxide (CO2);1398698;kg
2022;48177;Peka Kroef B.V. Odiliapeel;Odiliapeel;Kooldioxide (CO2);6620000;kg
2022;49006;WKC Moerdijk;Moerdijk;Kooldioxide (CO2);345786400;kg
2022;49010;Basell Benelux B.V.;Moerdijk;Kooldioxide (CO2);9793000;kg
2022;49013;Ardagh Glass Moerdijk BV;Moerdijk;Kooldioxide (CO2);58645299;kg
2022;49016;BECC B.V.;Katwijk NB;Kooldioxide (CO2);202394584;kg
2022;49026;Attero B.V. locatie Tilburg (Spinder);Tilburg;Kooldioxide (CO2);7679592;kg
2022;49033;Agristo Tilburg BV;Tilburg;Kooldioxide (CO2);43895299;kg
2022;51101;Synthomer Middelburg BV;Middelburg;Kooldioxide (CO2);47949900;kg
2022;51102;Rosier Nederland B.V.;Sas Van GEnt;Kooldioxide (CO2);8249778;kg
2022;51104;Dow Benelux BV (Hoek);Hoek;Kooldioxide (CO2);3488477933;kg
2022;51105;YARA Sluiskil BV;Sluiskil;Kooldioxide (CO2);2031324849;kg
2022;51107;ARKEMA B.V. location Vlissingen;Vlissingen;Kooldioxide (CO2);7073333;kg
2022;51404;ICL-IP Terneuzen BV;Terneuzen;Kooldioxide (CO2);9471477;kg
2022;51501;Zeeland Refinery N.V.;Nieuwdorp;Kooldioxide (CO2);1592626596;kg
2022;52612;Cargill Benelux BV;Sas Van GEnt;Kooldioxide (CO2);222278303;kg
2022;52615;Koninklijke Zeelandia;Zierikzee;Kooldioxide (CO2);1513628;kg
2022;53129;Damen Schelde Naval Shipbuilding B.V. en Damen Shiprepair Vlissingen B.V.;Ritthem;Kooldioxide (CO2);1387993;kg
2022;53504;Zeeland Aluminium Company (Zalco BV);Vlissingen;Kooldioxide (CO2);14979954;kg
2022;56102;Lamb Weston Site Kruiningen;Kruiningen;Kooldioxide (CO2);58430000;kg
2022;56118;Stepan Nederland BV;Ritthem;Kooldioxide (CO2);4052214;kg
2022;56125;Stortplaats Noord- en Midden-Zeeland BV (OLAZ);Nieuwdorp;Kooldioxide (CO2);6648212;kg
2022;61213;PPG Coatings B.V.;Tiel;Kooldioxide (CO2);1133557;kg
2022;61405;Niacet B.V.;Tiel;Kooldioxide (CO2);17953103;kg
2022;61411;Sonac Vuren BV;Vuren;Kooldioxide (CO2);37153584;kg
2022;61418;SACHEM Europe BV;Zaltbommel;Kooldioxide (CO2);3340969;kg
2022;61424;Veolia Industriediensten BV;Arnhem;Kooldioxide (CO2);56202476;kg
2022;61436;Givaudan Nederland BV (Barneveld);Barneveld;Kooldioxide (CO2);1330000;kg
2022;61517;Gasunie Zweekhorst;Zevenaar;Kooldioxide (CO2);409964;kg
2022;62009;FrieslandCampina Butter&Milkpowder (Lochem);Lochem;Kooldioxide (CO2);32621074;kg
2022;62010;Nestlé Nederland BV (Nunspeet);Nunspeet;Kooldioxide (CO2);18049564;kg
2022;62013;FrieslandCampina Steenderen;Steenderen;Kooldioxide (CO2);3706581;kg
2022;62025;FrieslandCampina (Borculo);Borculo;Kooldioxide (CO2);67572000;kg
2022;62031;Arla Foods BV;Nijkerk;Kooldioxide (CO2);8715297;kg
2022;62108;Polskamp BV;Ermelo;Kooldioxide (CO2);893950;kg
2022;62406;Riedel BV;Ede;Kooldioxide (CO2);2101000;kg
2022;62509;H.J. Heinz Holding BV;Elst;Kooldioxide (CO2);5270000;kg
2022;62802;Ekro BV;Apeldoorn;Kooldioxide (CO2);1686191;kg
2022;62806;VION Apeldoorn b.v.;Apeldoorn;Kooldioxide (CO2);2533255;kg
2022;62812;Compaxo Vlees Zevenaar BV;Zevenaar;Kooldioxide (CO2);3900000;kg
2022;62852;Pluimveeslachterij Van den Bor BV;Nijkerkerveen;Kooldioxide (CO2);1162405;kg
2022;62859;Plukon Wezep BV;Wezep;Kooldioxide (CO2);73700;kg
2022;62925;Aviko BV;Steenderen;Kooldioxide (CO2);64212350;kg
2022;62928;CelaVita Foods b.v.;Wezep;Kooldioxide (CO2);5376191;kg
2022;63012;KME Netherlands B.V.;Zutphen;Kooldioxide (CO2);4122015;kg
2022;63504;Gieterij Doesburg BV;Doesburg;Kooldioxide (CO2);518055;kg
2022;63505;Vulcanus Castings BV;Doetinchem;Kooldioxide (CO2);4992820;kg
2022;63508;Nijmeegsche IJzergieterij BV;Nijmegen;Kooldioxide (CO2);3143255;kg
2022;63643;Veco B.V.;Eerbeek;Kooldioxide (CO2);1030000;kg
2022;63669;Coatinc Anox bv.;Scherpenzeel;Kooldioxide (CO2);155815;kg
2022;64004;AVR Afvalverwerking BV (Duiven);Duiven;Kooldioxide (CO2);512274980;kg
2022;64005;ARN B.V.;Weurt;Kooldioxide (CO2);322054807;kg
2022;64134;Sonac Loenen BV;Loenen;Kooldioxide (CO2);3554589;kg
2022;64304;Papierfabriek Doetinchem bv;Doetinchem;Kooldioxide (CO2);20214301;kg
2022;64328;Koninklijke VIVBuisman B.V.;Zelhem;Kooldioxide (CO2);2344091;kg
2022;64335;DS Smith De Hoop B.V.;Eerbeek;Kooldioxide (CO2);161293873;kg
2022;64345;Folding Boxboard Eerbeek bv;Eerbeek;Kooldioxide (CO2);58953696;kg
2022;64354;VHP Security Paper B.V.;Ugchelen;Kooldioxide (CO2);2472000;kg
2022;64360;Smurfit Westrock Parenco B.V.;Renkum;Kooldioxide (CO2);229713309;kg
2022;64633;Aquinos BV (Kesteren);Kesteren;Kooldioxide (CO2);806860;kg
2022;64641;Kamp Coating Apeldoorn BV;Apeldoorn;Kooldioxide (CO2);1389057;kg
2022;64701;Steenfabriek De Rijswaard BV;Aalst;Kooldioxide (CO2);30412200;kg
2022;64703;B.V. Steenfabriek Huissenswaard;Angeren;Kooldioxide (CO2);24866000;kg
2022;64713;Wienerberger Steenfabriek Schipperswaard;Echteld;Kooldioxide (CO2);8734663;kg
2022;64715;Wienerberger BV Steenfabriek Erlecom;Erlecom;Kooldioxide (CO2);13010237;kg
2022;64718;Rodruza Steenfabriek de Zandberg;Gendt;Kooldioxide (CO2);14736000;kg
2022;64719;Wienerberger Steenfabriek Haaften;Haaften;Kooldioxide (CO2);16318023;kg
2022;64725;Wienerberger Steenfabriek Heteren;Heteren;Kooldioxide (CO2);8406662;kg
2022;64740;Wienerberger Steenfabriek Wolfswaard;Opheusden;Kooldioxide (CO2);12018475;kg
2022;64741;Wienerberger Steenfabriek Kijfwaard Oost;Pannerden;Kooldioxide (CO2);12384593;kg
2022;64744;Steenfabriek Rossum B.V.;Rossum;Kooldioxide (CO2);17185400;kg
2022;64748;Steenfabriek Spijk BV;Spijk;Kooldioxide (CO2);27289000;kg
2022;64749;Steenfabriek Tolkamer BV;Tolkamer;Kooldioxide (CO2);25717000;kg
2022;64756;Wienerberger Steenfabriek De Vlijt;Winterswijk;Kooldioxide (CO2);3936820;kg
2022;64759;Steenfabriek Zennewijnen;Zennewijnen;Kooldioxide (CO2);14266582;kg
2022;65735;Steenfabriek Vogelensangh B.V.;Deest;Kooldioxide (CO2);3423219;kg
2022;65777;Wienerberger Steenfabriek Kijfwaard West;Pannerden;Kooldioxide (CO2);24985488;kg
2022;66001;Sibelco Winterswijk;Winterswijk;Kooldioxide (CO2);3260450;kg
2022;66201;Coldenhove Paper B.V.;Eerbeek;Kooldioxide (CO2);8766304;kg
2022;66206;TANATEX Chemicals BV;Ede;Kooldioxide (CO2);832932;kg
2022;66220;Smart Packaging Solutions B.V.;Loenen;Kooldioxide (CO2);15005025;kg
2022;66224;Wienerberger Dakpannenfabriek Narvik Deest;Deest;Kooldioxide (CO2);9564435;kg
2022;66225;Zilverschoon Restauratiesteen Randwijkbv;Heteren;Kooldioxide (CO2);718912;kg
2022;66231;Attero B.V. Locatie Wilp (VAR);Wilp;Kooldioxide (CO2);8310544;kg
2022;66239;Mead Johnson B.V.;Nijmegen;Kooldioxide (CO2);11177816;kg
2022;66248;Loparex BV;Apeldoorn;Kooldioxide (CO2);4449806;kg
2022;66253;Stichting Mestverwerking Gelderland SMG (KGBI Stroe);Stroe;Kooldioxide (CO2);3585270;kg
2022;66322;Industriewater Eerbeek;Eerbeek;Kooldioxide (CO2);4799733;kg
2022;66323;Stichting Mestverwerking Gelderland SMG (KGBI Ede);Ede;Kooldioxide (CO2);4239650;kg
2022;66325;Stichting Mestverwerking Gelderland SMG (KGBI Elspeet);Elspeet;Kooldioxide (CO2);3190992;kg
2022;66326;Stichting Mestverwerking Gelderland SMG (KGBI Putten);Putten;Kooldioxide (CO2);3223830;kg
2022;69029;Galvaniseerbedrijf De Vries BV;Vaassen;Kooldioxide (CO2);111000;kg
2022;69031;Gesloten stortplaats Ullerberg;Ermelo;Kooldioxide (CO2);788700;kg
2022;69065;Draad Nijmegen BV (onder de naam Smit Draad);Nijmegen;Kooldioxide (CO2);634600;kg
2022;69067;Groot Zevert Vergisting;Beltrum;Kooldioxide (CO2);4435450;kg
2022;71102;KLK Kolb Specialties B.V.;Delden;Kooldioxide (CO2);5638549;kg
2022;71103;Nouryon Functional Chemicals;Deventer;Kooldioxide (CO2);4310000;kg
2022;71105;Nobian Chemicals BV (Hengelo);Hengelo;Kooldioxide (CO2);217261000;kg
2022;71514;Gasunie Vilsteren / Ommen;Vilsteren;Kooldioxide (CO2);3441347;kg
2022;72016;Royal Lactalis Leerdammer BV (Dalfsen);Dalfsen;Kooldioxide (CO2);10711567;kg
2022;72024;Ausnutria Kampen BV;Kampen;Kooldioxide (CO2);13800000;kg
2022;72027;Ausnutria Ommen B.V.;Ommen;Kooldioxide (CO2);3490000;kg
2022;72807;Hogeslag-Olst B.V.;Olst;Kooldioxide (CO2);173000;kg
2022;72831;Stegeman C.V.;Wijhe;Kooldioxide (CO2);1603725;kg
2022;72837;Plukon Goor B.V.;Goor;Kooldioxide (CO2);622000;kg
2022;72914;Abbott Laboratories B.V.;Zwolle;Kooldioxide (CO2);16632052;kg
2022;73239;Scania Production Zwolle BV;Zwolle;Kooldioxide (CO2);1368865;kg
2022;74005;Ennatuurlijk BV, WKC Enschede;Enschede;Kooldioxide (CO2);62439;kg
2022;74120;Ten Cate Protect B.V.;Nijverdal;Kooldioxide (CO2);11049936;kg
2022;74154;TenCate Outdoor Fabrics BV;Nijverdal;Kooldioxide (CO2);1575900;kg
2022;74321;SARPI Netherlands B.V.;Almelo;Kooldioxide (CO2);1006969;kg
2022;75305;locatie Boeldershoek;Hengelo;Kooldioxide (CO2);809192125;kg
2022;75315;locatie Elhorst Vloedbelt;Zenderen;Kooldioxide (CO2);4499754;kg
2022;75342;FrieslandCampina Balkbrug;Balkbrug;Kooldioxide (CO2);612934;kg
2022;75349;CZ Rouveen kaasspecialiteiten;Rouveen;Kooldioxide (CO2);2832943;kg
2022;81103;Norit Nederland B.V.;Klazienaveen;Kooldioxide (CO2);56047;kg
2022;81104;DOC Kaas (Zuivelfabriek);Hoogeveen;Kooldioxide (CO2);6193819;kg
2022;81202;AOC Nederland BV (Schoonebeek);Zandpol;Kooldioxide (CO2);5727000;kg
2022;82002;FrieslandCampina Domo B.V. (Beilen);Beilen;Kooldioxide (CO2);37059930;kg
2022;82603;Avebe u.a. (Gasselternijveen);Gasselternijveen;Kooldioxide (CO2);96881710;kg
2022;83071;Zincoat BV;Veenoord;Kooldioxide (CO2);1886000;kg
2022;83501;2 RG;Klazienaveen;Kooldioxide (CO2);4810414;kg
2022;84808;SOLIDUS SOLUTIONS Board B.V. Coevorden;Coevorden;Kooldioxide (CO2);14788500;kg
2022;84999;FrieslandCampina Kievit (Meppel);Meppel;Kooldioxide (CO2);16910000;kg
2022;85002;Attero BV;Wijster;Kooldioxide (CO2);594514930;kg
2022;85003;Envalior Engineering Materials B.V.;Emmen;Kooldioxide (CO2);4670000;kg
2022;92001;FrieslandCampina Cheese Gerkesklooster;Gerkesklooster;Kooldioxide (CO2);10394416;kg
2022;92004;Hochwald Foods Nederland BV;Bolsward;Kooldioxide (CO2);10004168;kg
2022;92008;Phoenix BV;Scharsterbrug;Kooldioxide (CO2);19428791;kg
2022;92012;FrieslandCampina (Leeuwarden);Leeuwarden;Kooldioxide (CO2);58146077;kg
2022;92030;FrieslandCampina (Workum);Workum;Kooldioxide (CO2);26407289;kg
2022;92615;Sonac Burgum BV;Sumar;Kooldioxide (CO2);46439783;kg
2022;93604;Nederlandse Onttinningsfabriek BV;Leeuwarden;Kooldioxide (CO2);1157273;kg
2022;94003;Centrale Bergum;Burgum;Kooldioxide (CO2);4399731;kg
2022;94301;Huhtamaki Nederland B.V.;Franeker;Kooldioxide (CO2);13909815;kg
2022;94706;BASF Nederland B.V.;Heerenveen;Kooldioxide (CO2);4974320;kg
2022;95000;Tyson Foods Oosterwolde BV;Oosterwolde;Kooldioxide (CO2);2763000;kg
2022;95003;Lamb Weston / Meyer VOF (Klooster Lidlum);Klooster Lidlum;Kooldioxide (CO2);13543444;kg
2022;95007;Frisia Zout BV;Harlingen;Kooldioxide (CO2);976427;kg
2022;99011;Sonac Harlingen BV;Harlingen;Kooldioxide (CO2);1460000;kg
2022;101103;BioMCN B.V.;Farmsum;Kooldioxide (CO2);0;kg
2022;101104;Dow Benelux B.V.;Delfzijl;Kooldioxide (CO2);11106742;kg
2022;101105;P.Q. Silicas B.V.;Winschoten;Kooldioxide (CO2);18301711;kg
2022;101108;Qemetica NL Silica bv;Delfzijl;Kooldioxide (CO2);49684000;kg
2022;101404;Delamine B.V.;Farmsum;Kooldioxide (CO2);1604474;kg
2022;101405;Electric Glass Fiber NL, B.V.;Westerbroek;Kooldioxide (CO2);23379399;kg
2022;101407;Zeolyst CV;Farmsum;Kooldioxide (CO2);5128941;kg
2022;101408;Nedmag B.V.;Veendam;Kooldioxide (CO2);73002452;kg
2022;101515;Gasunie Transport Services B.V. - compressorstation Spijk;Eemshaven;Kooldioxide (CO2);905824;kg
2022;102001;FrieslandCampina Nederland B.V.;Bedum;Kooldioxide (CO2);26540443;kg
2022;102008;Plixxent B.V.;Foxhol;Kooldioxide (CO2);113330;kg
2022;102302;Cosun Beet Company-Vierverlaten;Groningen;Kooldioxide (CO2);129327646;kg
2022;102504;Rixona BV;Warffum;Kooldioxide (CO2);17252267;kg
2022;102620;Coöperatie AVEBE U.A.;Ter Apelkanaal;Kooldioxide (CO2);87820000;kg
2022;103009;KBM Master Alloys B.V.;Delfzijl;Kooldioxide (CO2);4207235;kg
2022;103010;DAMCO Aluminium Delfzijl Coöperatie U.A.;Farmsum;Kooldioxide (CO2);15143778;kg
2022;104001;ENGIE Energie Nederland NV;Eemshaven;Kooldioxide (CO2);1224972487;kg
2022;104003;Delesto B.V.;Farmsum;Kooldioxide (CO2);405655593;kg
2022;104302;Solidus Solutions Board Groningen-Hoogkerk;Groningen;Kooldioxide (CO2);12478128;kg
2022;104304;Eska B.V.;Hoogezand;Kooldioxide (CO2);43870245;kg
2022;104305;Eska B.V.;Sappemeer;Kooldioxide (CO2);27487766;kg
2022;104307;Solidus Board Bad Nieuweschans B.V.;Bad Nieuweschans;Kooldioxide (CO2);29875691;kg
2022;104520;Ecopark De Wierde;Heerenveen;Kooldioxide (CO2);2074943;kg
2022;104611;Adapa the Netherlands BV;Leek;Kooldioxide (CO2);2451270;kg
2022;104710;ESD-SIC BV;Farmsum;Kooldioxide (CO2);83412632;kg
2022;104756;Steenindustrie Strating BV;Oude Pekela;Kooldioxide (CO2);5835000;kg
2022;105001;ChemCom Industries BV;Farmsum;Kooldioxide (CO2);5613700;kg
2022;105004;Teijin Aramid B.V.;Farmsum;Kooldioxide (CO2);18798000;kg
2022;105007;FrieslandCampina Nederland B.V.;Marum;Kooldioxide (CO2);8259373;kg
2022;105016;Nobian Industrial Chemicals B.V. - SSC (Shared Service Center);Farmsum;Kooldioxide (CO2);1859773;kg
2022;105027;Kisuma Chemicals BV;Veendam;Kooldioxide (CO2);8540000;kg
2022;105029;Storteboom Foodgroup Kornhorn;Kornhorn;Kooldioxide (CO2);2680000;kg
2022;114001;Maxima-centrale;Lelystad;Kooldioxide (CO2);1221772264;kg
2022;114002;Vattenfall Power Generation B.V. (HWC Hogering/WKC Almere);Almere;Kooldioxide (CO2);7896460;kg
2022;114709;McCain Foods Holland BV (Lelystad);Lelystad;Kooldioxide (CO2);26295658;kg
2022;114720;Sonac Almere BV;Almere;Kooldioxide (CO2);5197273;kg
2022;114721;Alphen;Alphen;Kooldioxide (CO2);21868;kg
2022;114722;Waterschap Noorderzijlvest - RWZI Garmerwolde;Garmerwolde;Kooldioxide (CO2);9754516;kg
2022;114723;RWZI Harderwijk;Harderwijk;Kooldioxide (CO2);7535547;kg
2022;114724;RWZI Apeldoorn;Apeldoorn;Kooldioxide (CO2);21194401;kg
2022;114725;RWZI Ede;Ede;Kooldioxide (CO2);6484455;kg
2022;114726;RWZI Nieuwgraaf (Waterschap Rijn en IJssel);Duiven;Kooldioxide (CO2);12108484;kg
2022;114727;RWZI Nijmegen (Waterschap Rivierenland);Weurt;Kooldioxide (CO2);13592582;kg
2022;114728;RWZI Nieuwveer;Breda;Kooldioxide (CO2);14448343;kg
2022;114729;RWZI Aarle-Rixtel (Waterschap Aa en Maas);Aarle-Rixtel;Kooldioxide (CO2);8470456;kg
2022;114730;RWZI Eindhoven (Waterschap De Dommel);Eindhoven;Kooldioxide (CO2);14407348;kg
2022;114731;RWZI Utrecht (Hoogheemraadschap de Stichtse Rijnlanden);Utrecht;Kooldioxide (CO2);9071921;kg
2022;114732;RWZI Venlo;Venlo;Kooldioxide (CO2);10419689;kg
2022;114733;RWZI Hoensbroek;Hoensbroek;Kooldioxide (CO2);3724053;kg
2022;114735;AWZI De Groote Lucht (Hoogheemraadschap van Delfland);Vlaardingen;Kooldioxide (CO2);6869235;kg
2022;114736;RWZI Dokhaven en Slibverwerkingsinstallatie Sluisjesdijk;Rotterdam;Kooldioxide (CO2);15067558;kg
2022;114737;AWZI Kralingseveer (Hoogheemraadschap van Schieland);Capelle aan den Ijssel;Kooldioxide (CO2);9931730;kg
2022;114740;RWZI Susteren;Susteren;Kooldioxide (CO2);18231230;kg
2022;114741;RWZI Amersfoort;Amersfoort;Kooldioxide (CO2);12336661;kg
2022;114743;RWZI Dinther (Waterschap Aa en Maas);Heeswijk-Dinther;Kooldioxide (CO2);5507799;kg
2022;114747;PeakShaver Maasvlakte;Maasvlakte Rotterdam;Kooldioxide (CO2);709765;kg
2022;114757;Eurogen CV;Botlek Rotterdam;Kooldioxide (CO2);176311258;kg
2022;114758;Farm Dairy BV;Lelystad;Kooldioxide (CO2);1860000;kg
2022;114767;AWZI Houtrust (Hoogheemraadschap van Delfland);'s-Gravenhage;Kooldioxide (CO2);4072775;kg
2022;114772;Fenner Dunlop Conveyor Belting;Drachten;Kooldioxide (CO2);3086000;kg
2022;114785;Smilde Foods BV(Heerenveen);Heerenveen;Kooldioxide (CO2);2022000;kg
2022;114802;Renewi Smink Amersfoort;Hoogland;Kooldioxide (CO2);3686229;kg
2022;114814;Recycling Kombinatie REKO B.V.;Vondelingenplaat Rotterdam;Kooldioxide (CO2);62143230;kg
2022;115036;LyondellBasell Covestro Manufacturing Maasvlakte VOF;Maasvlakte Rotterdam;Kooldioxide (CO2);48368685;kg
2022;115037;Teijin Aramid BV (Arnhem);Arnhem;Kooldioxide (CO2);651000;kg
2022;115049;Holonite BV (Tholen);Tholen;Kooldioxide (CO2);115000;kg
2022;115063;Eagle Simrax BV;Kerkrade;Kooldioxide (CO2);191080;kg
2022;115066;Trespa International BV;Weert;Kooldioxide (CO2);21987074;kg
2022;115072;Seasun;Kapelle;Kooldioxide (CO2);21070700;kg
2022;115084;SVP Productie BV - Hulpwarmtecentrale 1;Purmerend;Kooldioxide (CO2);15708671;kg
2022;115085;Enecal Energy VOF;Botlek Rotterdam;Kooldioxide (CO2);198835583;kg
2022;115090;Trioworld Apeldoorn B.V.;Apeldoorn;Kooldioxide (CO2);382400;kg
2022;115176;locatie Nauerna (Zaanstad);Assendelft;Kooldioxide (CO2);5424332;kg
2022;115181;EP NL Rijnmond 1 B.V.;Vondelingenplaat Rotterdam;Kooldioxide (CO2);375197000;kg
2022;115184;RWZI Land van Cuijk (Waterschap Aa en Maas);Haps;Kooldioxide (CO2);4727473;kg
2022;115185;DOC Kaas (Zuivelpark);Hoogeveen;Kooldioxide (CO2);47325256;kg
2022;115186;Yara Vlaardingen BV;Vlaardingen;Kooldioxide (CO2);465167;kg
2022;200019;Amsterdam UMC, locatie AMC;Amsterdam;Kooldioxide (CO2);36906000;kg
2022;200131;Hak BV;Giessen;Kooldioxide (CO2);5852000;kg
2022;200141;BV Steenfabriek Hedikhuizen;Heusden;Kooldioxide (CO2);14739000;kg
2022;200152;J.A. Ter Maten Pluimveebedrijf BV;Bunschoten-Spakenburg;Kooldioxide (CO2);215000;kg
2022;200188;Kriek Poedercoaten B.V.;Alphen aan den Rijn;Kooldioxide (CO2);357390;kg
2022;200228;Gouda Refractories BV;Gouda;Kooldioxide (CO2);9216000;kg
2022;200286;Wienerberger Steenfabriek Azewijn;Azewijn;Kooldioxide (CO2);12872327;kg
2022;200287;Steenfabriek Engels Helden BV;Panningen;Kooldioxide (CO2);20789165;kg
2022;200292;T. Boer & zn.;Nieuwerkerk aan den Ijssel;Kooldioxide (CO2);749000;kg
2022;200308;LOA VT;Almelo;Kooldioxide (CO2);115000;kg
2022;200312;Vloertegelfabriek Koninklijke Mosa BV;Maastricht;Kooldioxide (CO2);12188860;kg
2022;200314;Supply Point Cuijk BV;Katwijk;Kooldioxide (CO2);236980;kg
2022;200333;Wienerberger Steenfabriek Bemmel;Haalderen;Kooldioxide (CO2);5339563;kg
2022;200355;Dakpanfabriek Narvik Tegelen (Wienberger BV);Tegelen;Kooldioxide (CO2);9133916;kg
2022;200376;Wienerberger Dakpanfabriek Janssen-Dings;Tegelen;Kooldioxide (CO2);11403353;kg
2022;200377;Monier BV (Tegelen);Tegelen;Kooldioxide (CO2);12815000;kg
2022;200407;COATEX Netherlands BV;Moerdijk;Kooldioxide (CO2);583000;kg
2022;200420;Roba Metals B.V.;Farmsum;Kooldioxide (CO2);4882423;kg
2022;200436;Afvalberging Derde Merwedehaven;Dordrecht;Kooldioxide (CO2);4066451;kg
2022;200441;Amcor Specialty Cartons Brabant BV;Bergen op Zoom;Kooldioxide (CO2);911230;kg
2022;200450;Avri;Geldermalsen;Kooldioxide (CO2);439528;kg
2022;200451;Main B.V. (Jan van Riebeeckhavenweg);Amsterdam;Kooldioxide (CO2);74448;kg
2022;200480;Bostik Nederland B.V.;Roosendaal;Kooldioxide (CO2);719000;kg
2022;200482;locatie Braambergen (Almere);Almere;Kooldioxide (CO2);1584087;kg
2022;200490;LOA Deege;Klundert;Kooldioxide (CO2);385958;kg
2022;200493;Attero B.V. locatie Bergen op Zoom (Kragge);Bergen op Zoom;Kooldioxide (CO2);3576285;kg
2022;200508;Uniper HWC Bezuidenhout-West;'s-Gravenhage;Kooldioxide (CO2);8262000;kg
2022;200512;ESA BV;Apeldoorn;Kooldioxide (CO2);715000;kg
2022;200516;Attero B.V.  locatie Montfort;Montfort;Kooldioxide (CO2);2201115;kg
2022;200518;Attero B.V. Locatie Weert;Weert;Kooldioxide (CO2);768848;kg
2022;200520;Attero B.V. locatie Schinnen;Schinnen;Kooldioxide (CO2);1106857;kg
2022;200522;Ennatuurlijk BV PS Tilburg;Tilburg;Kooldioxide (CO2);0;kg
2022;200526;Exportslachterij Clazing BV;Zevenhuizen;Kooldioxide (CO2);1087000;kg
2022;200537;Cargill Cocao Aurora;Zaandam;Kooldioxide (CO2);14070984;kg
2022;200538;GMB BioEnergie Zutphen BV;Zutphen;Kooldioxide (CO2);34463306;kg
2022;200551;Heiploeg International BV;Zoutkamp;Kooldioxide (CO2);3096540;kg
2022;200554;Hilton Meats Zaandam BV;Zaandam;Kooldioxide (CO2);931155;kg
2022;200557;Holland Malt B.V.;Eemshaven;Kooldioxide (CO2);31099700;kg
2022;200582;Südpack  Grootegast B.V.;Grootegast;Kooldioxide (CO2);3812306;kg
2022;200587;Martens Havenontvangstinstallatie Vlissingen BV;Nieuwdorp;Kooldioxide (CO2);54958;kg
2022;200606;Theo Pouw Secundaire Bouwstoffen B.V.;Eemshaven;Kooldioxide (CO2);29918842;kg
2022;200610;Radboudumc & Radboud Universiteit Nijmegen;Nijmegen;Kooldioxide (CO2);11350000;kg
2022;200618;ROVA Afvalverwerkingslocatie Bovenveld;Rheezerveen;Kooldioxide (CO2);264215;kg
2022;200640;Exportslachterij J. Gosschalk & Zn. BV;Epe;Kooldioxide (CO2);1990000;kg
2022;200653;Saturn Petcare;Hattem;Kooldioxide (CO2);5140000;kg
2022;200664;Handelsonderneming A. Smit & Zoon BV;Amersfoort;Kooldioxide (CO2);1685418;kg
2022;200673;Mineralz Zweekhorst BV;Zevenaar;Kooldioxide (CO2);334025;kg
2022;200683;Theo Pouw Beheer BV;Utrecht;Kooldioxide (CO2);82382;kg
2022;200702;Renewi Nieuwegein;Nieuwegein;Kooldioxide (CO2);17908;kg
2022;200719;Wuppermann Staal Nederland BV;Moerdijk;Kooldioxide (CO2);1772040;kg
2022;200758;Lubrizol Advanced Materials Resins BV;Farmsum;Kooldioxide (CO2);382000;kg
2022;200781;FNsteel BV;Alblasserdam;Kooldioxide (CO2);16476668;kg
2022;200900;Arkema B.V. Location Brummen;Brummen;Kooldioxide (CO2);242000;kg
2022;201012;Renewi Nederland B.V. - Drachten-De Lier;Drachten;Kooldioxide (CO2);473403;kg
2022;201043;REMONDIS PMR B.V.;Moerdijk;Kooldioxide (CO2);1350000;kg
2022;201045;locatie Zeeasterweg (Lelystad);Lelystad;Kooldioxide (CO2);3065390;kg
2022;201055;Attero B.V. Locatie Haps;Haps;Kooldioxide (CO2);1411783;kg
2022;201151;Enrichment Technology Nederland BV;Almelo;Kooldioxide (CO2);1280000;kg
2022;201172;A. Smit & Zoon BV;Weesp;Kooldioxide (CO2);1180929;kg
2022;201189;Afvalverwerking Stainkoeln B.V.;Groningen;Kooldioxide (CO2);1230755;kg
2022;201203;Sortiva B.V.;Alkmaar;Kooldioxide (CO2);568766;kg
2022;201241;EMMTEC Services BV;Emmen;Kooldioxide (CO2);147352400;kg
2022;201303;locatie Wieringermeer (Middenmeer);Middenmeer;Kooldioxide (CO2);844185;kg
2022;201304;BMC Moerdijk BV;Moerdijk;Kooldioxide (CO2);325913224;kg
2022;201326;Aludyne Netherlands B.V.;Oss;Kooldioxide (CO2);4064823;kg
2022;201386;EP NL Sloe Centrale B.V. (Vlissingen);Ritthem;Kooldioxide (CO2);1106762000;kg
2022;201425;Afvalverwerking Vink B.V.;Barneveld;Kooldioxide (CO2);11458626;kg
2022;201503;Valtris AO Maastricht b.v. / Vynova AO Maastricht b.v.;Maastricht;Kooldioxide (CO2);3433807;kg
2022;201541;Olenex Edible Oils B.V.;Vondelingenplaat Rotterdam;Kooldioxide (CO2);11910000;kg
2022;201571;Vattenfall Warmte N.V. (HWC Duiven Westervoort);Westervoort;Kooldioxide (CO2);1159747;kg
2022;201596;M&R Claushuis BV;Zeewolde;Kooldioxide (CO2);82480;kg
2022;201639;Solidus Solutions Board Oude Pekela;Oude Pekela;Kooldioxide (CO2);12577882;kg
2022;201986;Eneco HWC Kanaleneiland;Utrecht;Kooldioxide (CO2);94;kg
2022;202140;Vitelco BV;'s-Hertogenbosch;Kooldioxide (CO2);1130773;kg
2022;202159;Fokker Aerospace BV;Papendrecht;Kooldioxide (CO2);4313658;kg
2022;202214;Greif Nederland BV;Europoort Rotterdam;Kooldioxide (CO2);2757340;kg
2022;202229;Bunge Loders Croklaan Rotterdam;Maasvlakte Rotterdam;Kooldioxide (CO2);12051142;kg
2022;202257;Accsys Technologies;Arnhem;Kooldioxide (CO2);4343192;kg
2022;202268;Eneco HWC Overvecht;Utrecht;Kooldioxide (CO2);95219;kg
2022;202298;Evonik Peroxide Netherlands B.V.;Farmsum;Kooldioxide (CO2);25096000;kg
2022;202418;Eneco HWC Nicolaas Beetsstraat;Utrecht;Kooldioxide (CO2);563089;kg
2022;202419;Eneco HWC Nieuwegein;Nieuwegein;Kooldioxide (CO2);210168421;kg
2022;202597;Coatinc Groningen B.V.;Groningen;Kooldioxide (CO2);959000;kg
2022;202634;Pluimveebedrijf W. van Gemert;Ospel;Kooldioxide (CO2);572232;kg
2022;202662;Pluimveeslachterij G.P. Remkes B.V.;Epe;Kooldioxide (CO2);807572;kg
2022;202692;adapa The Netherlands Amersfoort BV;Amersfoort;Kooldioxide (CO2);1174803;kg
2022;202746;Argent Energy;Amsterdam;Kooldioxide (CO2);25200000;kg
2022;202803;Avery Dennison Materials Nederland BV;Alphen aan den Rijn;Kooldioxide (CO2);1831000;kg
2022;202824;Eneco Merwedekanaal;Utrecht;Kooldioxide (CO2);95212694;kg
2022;202825;Eneco Lage Weide;Utrecht;Kooldioxide (CO2);505435522;kg
2022;202858;Grolsche Bierbrouwerij Nederland B.V.;Enschede;Kooldioxide (CO2);8974440;kg
2022;202863;Ruijtenberg Shipyard BV;Raamsdonksveer;Kooldioxide (CO2);0;kg
2022;202867;Vrije Universiteit Amsterdam;Amsterdam;Kooldioxide (CO2);22497306;kg
2022;202895;Lingezegen Energy B.V.;Bemmel;Kooldioxide (CO2);3586025;kg
2022;202902;GMB BioEnergie Tiel BV;Tiel;Kooldioxide (CO2);15278081;kg
2022;202926;Ulamo Coating B.V.;Ulft;Kooldioxide (CO2);1635840;kg
2022;202935;Alblasserdam Yachtbuilding B.V. (Oceanco);Alblasserdam;Kooldioxide (CO2);604000;kg
2022;202962;IHC Sliedrecht Molendijk;Sliedrecht;Kooldioxide (CO2);366774;kg
2022;202990;Alco Energy Rotterdam;Europoort Rotterdam;Kooldioxide (CO2);343725943;kg
2022;202992;Viterra Botlek BV;Botlek Rotterdam;Kooldioxide (CO2);33200936;kg
2022;202999;Renewi Drachten - Stuurboord;Drachten;Kooldioxide (CO2);720796;kg
2022;203083;Exploitatiemaatschappij J ter Horst BV;Varsseveld;Kooldioxide (CO2);147899;kg
2022;203086;JAZO Zevenaar BV;Zevenaar;Kooldioxide (CO2);115000;kg
2022;203155;Vattenfall Power Generation B.V. (HWC Almere Stad);Almere;Kooldioxide (CO2);181834;kg
2022;203159;Eco Fuels Netherlands B.V.;Eemshaven;Kooldioxide (CO2);4270000;kg
2022;203186;RWZI West;Amsterdam;Kooldioxide (CO2);8895913;kg
2022;203220;EEW Energy from Waste Delfzijl B.V.;Farmsum;Kooldioxide (CO2);694211329;kg
2022;203228;RWE Eemshaven Magnum B.V.;Eemshaven;Kooldioxide (CO2);1199442657;kg
2022;203273;RWE Eemshaven Holding II B.V.;Eemshaven;Kooldioxide (CO2);5998185996;kg
2022;203284;Steel Protection Oosterhout;Oosterhout;Kooldioxide (CO2);913461;kg
2022;203346;Inter-Che-M BV;Beuningen Gld;Kooldioxide (CO2);228070;kg
2022;203411;Pergen VOF;Pernis Rotterdam;Kooldioxide (CO2);1154359637;kg
2022;203416;IHC Krimpen;Krimpen aan den Ijssel;Kooldioxide (CO2);229463;kg
2022;203417;Van Rooi Meat BV (Helmond);Helmond;Kooldioxide (CO2);3868254;kg
2022;203496;Reststoffen Energie Centrale (REC);Harlingen;Kooldioxide (CO2);318000000;kg
2022;203505;EP NL Rijnmond 2 B.V.;Vondelingenplaat Rotterdam;Kooldioxide (CO2);426334300;kg
2022;203530;Teijin Aramid BV;Emmen;Kooldioxide (CO2);3905960;kg
2022;203542;Galvano Hengelo BV;Hengelo;Kooldioxide (CO2);151000;kg
2022;203590;Arkema B.V. location Rotterdam;Vondelingenplaat Rotterdam;Kooldioxide (CO2);4263549;kg
2022;203605;Kok Gorinchem BV;Gorinchem;Kooldioxide (CO2);804000;kg
2022;203651;Dutch Advanced Polyesters Emmen B.V.;Emmen;Kooldioxide (CO2);1300000;kg
2022;203738;Fokker Landing Gear;Helmond;Kooldioxide (CO2);541397;kg
2022;203785;Neste Netherlands B.V.;Maasvlakte Rotterdam;Kooldioxide (CO2);69116730;kg
2022;203825;Linde Gas Dieren;Dieren;Kooldioxide (CO2);428394;kg
2022;203843;Putman Recycling BV (Westervoort);Westervoort;Kooldioxide (CO2);1115133;kg
2022;203868;Cérélia Netherlands B.V.;Sliedrecht;Kooldioxide (CO2);6730311;kg
2022;203887;Noblesse Proteins BV;Wijster;Kooldioxide (CO2);3034465;kg
2022;204038;Keizersberg Diervoeders (Elsendorp);Elsendorp;Kooldioxide (CO2);7158;kg
2022;204042;locatie Brunssum (Brunssum);Brunssum;Kooldioxide (CO2);572000;kg
2022;204062;Intervet international BV;De Bilt;Kooldioxide (CO2);254600;kg
2022;204215;Enerco B.V.;Born;Kooldioxide (CO2);610444;kg
2022;204287;Global Food Group BV;Ospel;Kooldioxide (CO2);861582;kg
2022;204361;EcoFuels;Well L;Kooldioxide (CO2);14280069;kg
2022;204363;Vattenfall Warmte N.V. (HWC Schuytgraaf);Arnhem;Kooldioxide (CO2);859335;kg
2022;204395;Renewi Stadskanaal;Stadskanaal;Kooldioxide (CO2);577628;kg
2022;204488;Cumapol Emmen B.V.;Emmen;Kooldioxide (CO2);643000;kg
2022;204497;Summa petfood B.V.;Putten;Kooldioxide (CO2);80500;kg
2022;204522;Ondergrondse aardgasopslag Zuidwending;Veendam;Kooldioxide (CO2);3180151;kg
2022;204552;Gesloten stortplaats De Langenberg;Zelhem;Kooldioxide (CO2);676000;kg
2022;204556;Waterstromen Lichtenvoorde B.V.;Lichtenvoorde;Kooldioxide (CO2);6731586;kg
2022;204602;RWZI Soest;Soest;Kooldioxide (CO2);3014967;kg
2022;204609;Hoogweg Paprikakwekerijen BV;Luttelgeest;Kooldioxide (CO2);79114335;kg
2022;204617;Power Plant Rotterdam;Maasvlakte Rotterdam;Kooldioxide (CO2);2490592240;kg
2022;204650;Ferdinand Zandbergen BV;Woudenberg;Kooldioxide (CO2);91000;kg
2022;204654;ENECOGEN V.O.F.;Europoort Rotterdam;Kooldioxide (CO2);1126574888;kg
2022;204692;Handelsonderneming Technivet Ermelo BV/Gerbuvet BV;Ermelo;Kooldioxide (CO2);2318814;kg
2022;204763;KH Dairy Sourcing BV;Coevorden;Kooldioxide (CO2);1718298;kg
2022;204851;Air Products HyCO 4 (Botlekweg);Botlek Rotterdam;Kooldioxide (CO2);502190345;kg
2022;204944;Eneco Bio Golden Raand C.V.;Farmsum;Kooldioxide (CO2);398244700;kg
2022;204957;WKC Ypenburg;'s-Gravenhage;Kooldioxide (CO2);34325535;kg
2022;205100;AVISTA OIL B.V.;Roosendaal;Kooldioxide (CO2);330400;kg
2022;205183;Van Merksteijn International B.V.;Almelo;Kooldioxide (CO2);8257946;kg
2022;205186;HWC Ypenburg;'s-Gravenhage;Kooldioxide (CO2);7041780;kg
2022;205221;Vendecs B.V.;Enschede;Kooldioxide (CO2);2029250;kg
2022;205256;DCL Corporation (NL) B.V.;Maastricht;Kooldioxide (CO2);3855078;kg
2022;205276;Diffutherm BV;Hapert;Kooldioxide (CO2);702270;kg
2022;205351;Westfort IJsselstein;Ijsselstein;Kooldioxide (CO2);4109747;kg
2022;205493;Euro Support Advanced Materials B.V.;Uden;Kooldioxide (CO2);1737992;kg
2022;205497;N.V. Organon (Moleneind);Oss;Kooldioxide (CO2);4421883;kg
2022;205498;MSD Biotech BV;Oss;Kooldioxide (CO2);115096;kg
2022;205500;Aspen Oss B.V. (locatie Moleneind);Oss;Kooldioxide (CO2);7500000;kg
2022;205501;Aspen Oss B.V. (locatie De Geer);Oss;Kooldioxide (CO2);4633729;kg
2022;205503;MRC Plating Products B.V.;Zeewolde;Kooldioxide (CO2);185400;kg
2022;205570;NorthC Almere;Almere;Kooldioxide (CO2);27200;kg
2022;205588;Van der Velden Schalkwijk;Schalkwijk;Kooldioxide (CO2);397259;kg
2022;205661;Woodvision B.V.;Kampen;Kooldioxide (CO2);30900;kg
2022;205694;B.V. Esbro;Wehl;Kooldioxide (CO2);1216952;kg
2022;205709;IJsselland Bio Fuels B.V.;Kampen;Kooldioxide (CO2);1654517;kg
2022;205802;Empyro B.V.;Hengelo;Kooldioxide (CO2);14800000;kg
2022;205844;Green Box Computing B.V.;Eemshaven;Kooldioxide (CO2);1083783;kg
2022;205876;Hartog Containers B.V.;Amersfoort;Kooldioxide (CO2);201119;kg
2022;205961;Chamlon B.V.;Ootmarsum;Kooldioxide (CO2);191360;kg
2022;205965;Amsterdam Meat Company Ameco BV;Apeldoorn;Kooldioxide (CO2);666000;kg
2022;205998;Koster Keunen Holland B.V.;Bladel;Kooldioxide (CO2);318800;kg
2022;206010;Reststoffen Bewerkingsinstallatie;Farmsum;Kooldioxide (CO2);129134;kg
2022;206040;Groen Gas Gelderland B.V.;Bemmel;Kooldioxide (CO2);7599000;kg
2022;206149;Stinoil Holding B.V.;Veendam;Kooldioxide (CO2);896003;kg
2022;206160;Greenergy Biofuels Amsterdam B.V.;Amsterdam;Kooldioxide (CO2);5331213;kg
2022;206211;ABL-Technic Uden;Uden;Kooldioxide (CO2);1033729;kg
2022;206213;HWC Amsterdam Driehoek;Amsterdam;Kooldioxide (CO2);2067691;kg
2022;206222;Hoogheemraadschap Hollands Noorderkwartier RWZI Beemster;Zuidoostbeemster;Kooldioxide (CO2);3969014;kg
2022;206263;Delrin Netherlands B.V.;Dordrecht;Kooldioxide (CO2);8336624;kg
2022;206266;Hexion VAD B.V.;Vondelingenplaat Rotterdam;Kooldioxide (CO2);4615505;kg
2022;206267;EemsEnergy Terminal B.V.;Eemshaven;Kooldioxide (CO2);16588215;kg
2022;206268;Linde Gas Europoort 2;Europoort Rotterdam;Kooldioxide (CO2);14120000;kg
2022;206270;CAN-PACK Netherlands B.V.;Helmond;Kooldioxide (CO2);10136302;kg
2022;220121;Hoogheemraadschap Hollands Noorderkwartier RWZI Alkmaar;Alkmaar;Kooldioxide (CO2);2132508;kg
2022;220124;AWZI Almere;Almere;Kooldioxide (CO2);5303751;kg
2022;220129;RWZI Amstelveen (HH Amstel, Gooi en Vecht);Amstelveen;Kooldioxide (CO2);3623531;kg
2022;220131;RWZI Westpoort;Amsterdam;Kooldioxide (CO2);16029723;kg
2022;220133;RWZI Arnhem-Zuid;Arnhem;Kooldioxide (CO2);2838841;kg
2022;220136;RWZI Asten (Waterschap Aa en Maas);Heusden;Kooldioxide (CO2);1791685;kg
2022;220138;RWZI Emmen;Nieuw-Amsterdam;Kooldioxide (CO2);4791748;kg
2022;220139;RWZI Bath;Rilland;Kooldioxide (CO2);13330235;kg
2022;220150;Hoogheemraadschap Hollands Noorderkwartier SDI/RWZI Beverwijk;Beverwijk;Kooldioxide (CO2);32387531;kg
2022;220188;Hoogheemraadschap Hollands Noorderkwartier RWZI Den Helder;Den Helder;Kooldioxide (CO2);1625812;kg
2022;220191;RWZI Deventer;Deventer;Kooldioxide (CO2);4606127;kg
2022;220200;RWZI Dongemond;Oosterhout;Kooldioxide (CO2);4532315;kg
2022;220201;RWZI Dordrecht;Dordrecht;Kooldioxide (CO2);6025471;kg
2022;220209;RWZI Echten;Hoogeveen;Kooldioxide (CO2);2613641;kg
2022;220213;RWZI Elburg;Elburg;Kooldioxide (CO2);3981069;kg
2022;220217;RWZI Etten;Terborg;Kooldioxide (CO2);8492340;kg
2022;220223;Hoogheemraadschap Hollands Noorderkwartier RWZI Geestmerambacht;Warmenhuizen;Kooldioxide (CO2);3138550;kg
2022;220236;AWZI Gouda;Gouda;Kooldioxide (CO2);2052892;kg
2022;220243;RWZI Haarlem-Waarderpolder;Haarlem;Kooldioxide (CO2);7774463;kg
2022;220263;RWZI Hellevoetsluis;Hellevoetsluis;Kooldioxide (CO2);2252218;kg
2022;220264;Rioolwaterzuiveringsinstallatie Hengelo;Hengelo;Kooldioxide (CO2);11688806;kg
2022;220276;RWZI Horstermeer (HH Amstel, Gooi en Vechtstreek);Nederhorst den Berg;Kooldioxide (CO2);4305171;kg
2022;220286;AWZI Katwijk;Katwijk;Kooldioxide (CO2);3868492;kg
2022;220297;RWZI Leeuwarden;Leeuwarden;Kooldioxide (CO2);4892185;kg
2022;220298;AWZI Leiden Noord;Leiden;Kooldioxide (CO2);2858384;kg
2022;220299;AWZI Leiden Zuidwest;Leiden;Kooldioxide (CO2);5013031;kg
2022;220301;AWZI Lelystad;Lelystad;Kooldioxide (CO2);2255905;kg
2022;220304;RWZI Maastricht-Limmel;Maastricht;Kooldioxide (CO2);4345324;kg
2022;220326;AWZI Nieuwe Waterweg;Hoek Van Holland;Kooldioxide (CO2);1107518;kg
2022;220328;RWZI Nieuwegein;Nieuwegein;Kooldioxide (CO2);5824813;kg
2022;220333;AWZI Tollebeek;Tollebeek;Kooldioxide (CO2);5327356;kg
2022;220364;RWZI Renkum;Renkum;Kooldioxide (CO2);1344876;kg
2022;220369;RWZI Rijen;Rijen;Kooldioxide (CO2);2026068;kg
2022;220376;Rioolwaterzuiveringsinstallatie (RWZI) Roermond;Roermond;Kooldioxide (CO2);4886082;kg
2022;220382;RWZI Schelluinen;Schelluinen;Kooldioxide (CO2);2390114;kg
2022;220387;RWZI Den Bosch (Waterschap Aa en Maas);'s-Hertogenbosch;Kooldioxide (CO2);2500462;kg
2022;220392;RWZI Sleeuwijk/Zuivering Sleeuwijk;Sleeuwijk;Kooldioxide (CO2);3097284;kg
2022;220410;RWZI Terneuzen;Terneuzen;Kooldioxide (CO2);2017725;kg
2022;220412;RWZI Terwolde;Terwolde;Kooldioxide (CO2);1120187;kg
2022;220415;Rioolwaterzuiveringsinstallatie Tiel;Tiel;Kooldioxide (CO2);4210190;kg
2022;220416;RWZI Tilburg Noord;Tilburg;Kooldioxide (CO2);15867479;kg
2022;220429;RWZI Veenendaal;Overberg;Kooldioxide (CO2);3757777;kg
2022;220432;RWZI Vinkel (Waterschap Aa en Maas);Vinkel;Kooldioxide (CO2);2291123;kg
2022;220443;RWZI Walcheren;Ritthem;Kooldioxide (CO2);6146289;kg
2022;220451;Hoogheemraadschap Hollands Noorderkwartier RWZI Wervershoof;Wervershoof;Kooldioxide (CO2);7117338;kg
2022;220460;RWZI Willem Annapolder;Kapelle;Kooldioxide (CO2);3330461;kg
2022;220469;Hoogheemraadschap Hollands Noorderkwartier RWZI Zaandam-Oost;Zaandam;Kooldioxide (CO2);3096818;kg
2022;220478;RWZI Zutphen;Zutphen;Kooldioxide (CO2);11404008;kg
2022;220481;RWZI Zwijndrecht;Zwijndrecht;Kooldioxide (CO2);4811678;kg
2022;220482;RWZI Zwolle;Zwolle;Kooldioxide (CO2);6769094;kg
2022;220500;RWZI Leidsche Rijn;Utrecht;Kooldioxide (CO2);4796611;kg
2022;220537;RWZI Harnaschpolder (Hoogheemraadschap van Delfland);Den Hoorn;Kooldioxide (CO2);26223903;kg
2023;59;Koninklijke Mosa BV Wandtegelfabriek & Vloertegelfabriek;Maastricht;Kooldioxide (CO2);18242266;kg
2023;60;Sappi Maastricht BV;Maastricht;Kooldioxide (CO2);85077920;kg
2023;62;Chemelot Site Permit BV;Geleen;Kooldioxide (CO2);3163311132;kg
2023;65;PQ Silicas BV;Eijsden;Kooldioxide (CO2);16066783;kg
2023;79;Steenfabriek Linssen BV;Kerkrade;Kooldioxide (CO2);2760100;kg
2023;90;VDL Castings Heerlen BV;Hoensbroek;Kooldioxide (CO2);7348535;kg
2023;94;Steenfabriek Gebroeders Klinkers BV;Maastricht;Kooldioxide (CO2);11159000;kg
2023;95;Vandersanden Beek BV;Beek;Kooldioxide (CO2);7977000;kg
2023;113;VDL Nedcar B.V.;Born;Kooldioxide (CO2);12452697;kg
2023;151;O-I Netherlands BV (Maastricht);Maastricht;Kooldioxide (CO2);80619606;kg
2023;159;Fenzi AGT Netherlands B.V.;Maastricht;Kooldioxide (CO2);2747029;kg
2023;174;Tata Steel Nederland Tubes BV locatie Maastricht;Maastricht;Kooldioxide (CO2);347300;kg
2023;325;Lawter Maastricht BV;Maastricht;Kooldioxide (CO2);2664000;kg
2023;326;Wienerberger Steenfabriek Poriso;Brunssum;Kooldioxide (CO2);9233751;kg
2023;1104;Solvay Chemie BV;Herten;Kooldioxide (CO2);4884500;kg
2023;1107;Nouryon Functional Chemicals B.V.;Herkenbosch;Kooldioxide (CO2);10551800;kg
2023;3062;Verzinkerij Van Aert BV;Nederweert;Kooldioxide (CO2);1018700;kg
2023;3068;Coatinc Mook B.V.;Mook;Kooldioxide (CO2);1590000;kg
2023;3513;MGG Netherlands BV;Tegelen;Kooldioxide (CO2);3903447;kg
2023;4001;Clauscentrale;Maasbracht;Kooldioxide (CO2);618660035;kg
2023;4301;Smurfit Westrock Roermond Paper BV;Roermond;Kooldioxide (CO2);165237534;kg
2023;4709;Kleiwarenfabriek Joosten Kessel BV;Kessel;Kooldioxide (CO2);7017000;kg
2023;4711;Wienerberger Steenfabriek Thorn;Thorn;Kooldioxide (CO2);9495759;kg
2023;4731;Xella Kalkzandsteen De Hazelaar BV;Koningsbosch;Kooldioxide (CO2);7769202;kg
2023;4753;Rockwool B.V.;Roermond;Kooldioxide (CO2);100915060;kg
2023;5726;Wienerberger Steenfabriek Nuance;Afferden L;Kooldioxide (CO2);5024146;kg
2023;5727;EverZinc Nederland B.V.;Eijsden;Kooldioxide (CO2);17526695;kg
2023;5729;Celanese Production Netherlands B.V.;Geleen;Kooldioxide (CO2);6019371;kg
2023;5739;E-MAX BILLETS;Kerkrade;Kooldioxide (CO2);13454176;kg
2023;5740;WEPA Nederland B.V.;Swalmen;Kooldioxide (CO2);7718884;kg
2023;5750;FrieslandCampina Born;Born;Kooldioxide (CO2);6770000;kg
2023;5801;Schiffers Food BV;Hoensbroek;Kooldioxide (CO2);2026440;kg
2023;5804;PQ Nederland BV;Maastricht;Kooldioxide (CO2);6679070;kg
2023;5821;Attero B.V. locatie Landgraaf;Landgraaf;Kooldioxide (CO2);4525150;kg
2023;9003;Everris International BV;Heerlen;Kooldioxide (CO2);6936000;kg
2023;9013;Refresco Benelux BV;Sittard;Kooldioxide (CO2);7682383;kg
2023;10001;Nobian Industrial Chemicals BV (Rotterdam);Botlek Rotterdam;Kooldioxide (CO2);102059769;kg
2023;10002;Nouryon Performance Formulations b.v.;Europoort Rotterdam;Kooldioxide (CO2);21001;kg
2023;10003;Synres B.V.;Hoek Van Holland;Kooldioxide (CO2);5650431;kg
2023;10004;Lyondell Chemical Nederland Ltd.;Botlek Rotterdam;Kooldioxide (CO2);221538654;kg
2023;10006;Shell Nederland Chemie BV (Pernis);Vondelingenplaat Rotterdam;Kooldioxide (CO2);22431530;kg
2023;10016;Climax Molybdenum BV;Botlek Rotterdam;Kooldioxide (CO2);9042489;kg
2023;10018;Huntsman Holland BV;Botlek Rotterdam;Kooldioxide (CO2);77610;kg
2023;10048;Compaxo Gouda BV;Gouda;Kooldioxide (CO2);3820000;kg
2023;10057;Shell Nederland Raffinaderij BV;Vondelingenplaat Rotterdam;Kooldioxide (CO2);4351260773;kg
2023;10058;BP Raffinaderij Rotterdam B.V.;Europoort Rotterdam;Kooldioxide (CO2);2137686000;kg
2023;10059;Gunvor Energy Rotterdam B.V. (GPR);Europoort Rotterdam;Kooldioxide (CO2);231286305;kg
2023;10061;Esso Nederland BV (Raffinaderij Rotterdam);Botlek Rotterdam;Kooldioxide (CO2);2489828589;kg
2023;10063;AVR-Afvalverwerking;Botlek Rotterdam;Kooldioxide (CO2);1213713154;kg
2023;10064;Almatis BV;Botlek Rotterdam;Kooldioxide (CO2);12869563;kg
2023;10066;Kemira Rotterdam BV locatie Europoort;Europoort Rotterdam;Kooldioxide (CO2);7570000;kg
2023;10069;Standic BV;Dordrecht;Kooldioxide (CO2);2285895;kg
2023;10073;Tronox Pigments (Holland) BV;Botlek Rotterdam;Kooldioxide (CO2);85168331;kg
2023;10076;HVC AfvalEnergieCentrale Dordrecht;Dordrecht;Kooldioxide (CO2);283294000;kg
2023;10079;Chemours Netherlands B.V.;Dordrecht;Kooldioxide (CO2);25992666;kg
2023;10086;NV Nutricia Zoetermeer;Zoetermeer;Kooldioxide (CO2);11059000;kg
2023;10089;Prysmian Netherlands B.V.;Delft;Kooldioxide (CO2);1453386;kg
2023;10097;SD Guthrie International Zwijndrecht Refinery B.V.;Zwijndrecht;Kooldioxide (CO2);44434267;kg
2023;10100;Bakelite Botlek Rotterdam;Botlek Rotterdam;Kooldioxide (CO2);4382179;kg
2023;10546;Lactalis Leerdammer BV (Schoonrewoerd);Schoonrewoerd;Kooldioxide (CO2);8495129;kg
2023;10590;FrieslandCampina Rotterdam;Rotterdam;Kooldioxide (CO2);1625802;kg
2023;10621;Hunter Douglas Europe BV;Rotterdam;Kooldioxide (CO2);487372;kg
2023;10687;Biotech Campus Delft;Delft;Kooldioxide (CO2);50707799;kg
2023;10689;Air Products Nederland BV (Botlek);Botlek Rotterdam;Kooldioxide (CO2);82947685;kg
2023;10698;Cargill Bioindustrial BV;Gouda;Kooldioxide (CO2);32281141;kg
2023;10723;O-I Netherlands BV (Leerdam);Leerdam;Kooldioxide (CO2);99185806;kg
2023;10728;Cargill Refined Oils Europe;Botlek Rotterdam;Kooldioxide (CO2);22247160;kg
2023;10789;BMI Productie Nederland BV Woerden;Woerden;Kooldioxide (CO2);9825000;kg
2023;10793;Tata Steel Nederland Tubes BV locatie Zwijndrecht;Zwijndrecht;Kooldioxide (CO2);680883;kg
2023;10921;Damen Shiprepair Rotterdam BV;Schiedam;Kooldioxide (CO2);1060000;kg
2023;10928;Aluminium & Chemie Rotterdam B.V.;Botlek Rotterdam;Kooldioxide (CO2);0;kg
2023;10950;N+P Rotterdam MRF B.V.;Rotterdam;Kooldioxide (CO2);38263;kg
2023;10951;Uniper Centrale Leiden;Leiden;Kooldioxide (CO2);86900000;kg
2023;10953;Uniper Centrale Den Haag;'s-Gravenhage;Kooldioxide (CO2);127567000;kg
2023;10982;Galvanisch Bedrijf Chromolux;Rotterdam;Kooldioxide (CO2);217446;kg
2023;10983;IHC Kinderdijk;Nieuw-Lekkerland;Kooldioxide (CO2);1260557;kg
2023;10998;Draka Interfoam;Hillegom;Kooldioxide (CO2);674635;kg
2023;11024;Cabot B.V.;Botlek Rotterdam;Kooldioxide (CO2);200800000;kg
2023;11034;Dossche Mils NV;Rotterdam;Kooldioxide (CO2);2745837;kg
2023;11046;PURAC Biochem B.V.;Gorinchem;Kooldioxide (CO2);25629085;kg
2023;11090;Chane Terminal Botlek B.V.;Botlek Rotterdam;Kooldioxide (CO2);39978834;kg
2023;11105;Heineken Netherlands Supply B.V., brouwerij Zoeterwoude;Zoeterwoude;Kooldioxide (CO2);63177475;kg
2023;11111;Ashland Industries Nederland B.V.;Zwijndrecht;Kooldioxide (CO2);13363700;kg
2023;11230;Damen Verolme BV;Botlek Rotterdam;Kooldioxide (CO2);666427;kg
2023;11235;RZB Holding BV;Rotterdam;Kooldioxide (CO2);11918;kg
2023;11366;LANXESS Rotterdam Botlek;Botlek Rotterdam;Kooldioxide (CO2);70618200;kg
2023;11532;Coatinc Alblasserdam BV;Alblasserdam;Kooldioxide (CO2);1168723;kg
2023;11658;Farm Frites BV;Oudenhoorn;Kooldioxide (CO2);33097077;kg
2023;12134;Archer Daniels Midland Europoort BV (ADM);Europoort Rotterdam;Kooldioxide (CO2);135090000;kg
2023;12135;ExxonMobil Chemical Holland BV (ROP van RPI);Europoort Rotterdam;Kooldioxide (CO2);46771866;kg
2023;12149;Uniper Benelux NV (Maasvlakte);Maasvlakte Rotterdam;Kooldioxide (CO2);2948622469;kg
2023;12150;Uniper Centrale RoCa;Rotterdam;Kooldioxide (CO2);139402604;kg
2023;12151;Uniper HWC Blekerstraat;Rotterdam;Kooldioxide (CO2);34200;kg
2023;12152;Uniper HWC Delftsevaart;Rotterdam;Kooldioxide (CO2);12491000;kg
2023;12157;HVC ZVI B.V.;Dordrecht;Kooldioxide (CO2);11871316;kg
2023;12158;HVC Slibverbrandingsinstallatie;Dordrecht;Kooldioxide (CO2);139641000;kg
2023;12162;Evos Rotterdam B.V.;Europoort Rotterdam;Kooldioxide (CO2);10478421;kg
2023;12163;EPS BV;Hendrik-Ido-Ambacht;Kooldioxide (CO2);500306;kg
2023;12166;TU Delft Warmtekrachtcentrale;Delft;Kooldioxide (CO2);8153775;kg
2023;12167;UZIMET BV;Rijswijk;Kooldioxide (CO2);653020;kg
2023;12168;INV NYLON CHEMICALS NETHERLANDS B.V.;Botlek Rotterdam;Kooldioxide (CO2);3165;kg
2023;12170;FrieslandCampina Maasdam;Maasdam;Kooldioxide (CO2);5023008;kg
2023;12171;Zuivelfabriek De Graafstroom;Bleskensgraaf Ca;Kooldioxide (CO2);4156088;kg
2023;12172;Promelca B.V. (Gorinchem);Gorinchem;Kooldioxide (CO2);53356000;kg
2023;12174;Ducor Petrochemicals B.V.;Botlek Rotterdam;Kooldioxide (CO2);10063900;kg
2023;12175;Air Liquide Industrie BV;Botlek Rotterdam;Kooldioxide (CO2);599053710;kg
2023;12177;VPR Energy B.V.;Europoort Rotterdam;Kooldioxide (CO2);135796542;kg
2023;19004;ExxonMobil Chemical Holland BV (RPP van RPI);Botlek Rotterdam;Kooldioxide (CO2);27105000;kg
2023;19032;Janssen Biologics BV;Leiden;Kooldioxide (CO2);4270000;kg
2023;19048;Refresco Benelux BV;Bodegraven;Kooldioxide (CO2);4387000;kg
2023;19070;Indorama Ventures Europe BV;Europoort Rotterdam;Kooldioxide (CO2);85266000;kg
2023;19071;Shin-Etsu PVC BV (VCM Botlek);Botlek Rotterdam;Kooldioxide (CO2);88079380;kg
2023;19072;FrieslandCampina Nederland B.V.;Noordwijk;Kooldioxide (CO2);1950573;kg
2023;19073;Westlake Epoxy B.V.;Vondelingenplaat Rotterdam;Kooldioxide (CO2);30358271;kg
2023;21010;Sonneborn Refined Products BV (Amsterdam);Amsterdam;Kooldioxide (CO2);12767460;kg
2023;21101;Ketjen Netherlands BV;Amsterdam;Kooldioxide (CO2);54308792;kg
2023;21102;ICL FERTILIZERS EUROPE C.V.;Amsterdam;Kooldioxide (CO2);12130000;kg
2023;21302;Abbott Healthcare Products BV (Weesp);Weesp;Kooldioxide (CO2);11162488;kg
2023;21304;Givaudan Nederland B.V. (Naarden);Naarden;Kooldioxide (CO2);4582000;kg
2023;21403;Norit Nederland BV (Zaandam);Zaandam;Kooldioxide (CO2);32966961;kg
2023;21528;N.V. Nederlandse Gasunie (Wieringermeer);Middenmeer;Kooldioxide (CO2);6898988;kg
2023;21529;Gasunie Transport Services B.V.;Heemskerk;Kooldioxide (CO2);459125;kg
2023;21530;OQ Chemicals Nederland BV;Amsterdam;Kooldioxide (CO2);1632095;kg
2023;22006;FrieslandCampina Nederland B.V. Lutjewinkel;Lutjewinkel;Kooldioxide (CO2);4559112;kg
2023;22012;CONO Kaasmakers (Middenbeemster);Westbeemster;Kooldioxide (CO2);9611540;kg
2023;22102;Bunge Loders Croklaan Worrmerveer;Wormerveer;Kooldioxide (CO2);14877188;kg
2023;22201;Olam Cocoa BV;Koog aan de Zaan;Kooldioxide (CO2);14078000;kg
2023;22209;Cargill Cocoa Wormer;Wormer;Kooldioxide (CO2);5673984;kg
2023;22602;Tate & Lyle Netherlands BV;Koog aan de Zaan;Kooldioxide (CO2);57927613;kg
2023;22617;Bunge Netherlands BV;Amsterdam;Kooldioxide (CO2);59720193;kg
2023;22626;Cargill BV (Multiseed);Amsterdam;Kooldioxide (CO2);24630151;kg
2023;23301;Tata Steel IJmuiden BV;Velsen-Noord;Kooldioxide (CO2);4549079956;kg
2023;24000;Vattenfall Power Generation B.V. (Hemweg);Amsterdam;Kooldioxide (CO2);637286380;kg
2023;24002;Vattenfall Power Generation B.V. (Diemen);Diemen;Kooldioxide (CO2);1124610801;kg
2023;24003;Vattenfall Power Generation B.V. (Velsen);Velsen-Noord;Kooldioxide (CO2);3650327499;kg
2023;24302;Crown van Gelder International B.V.;Velsen-Noord;Kooldioxide (CO2);41636253;kg
2023;24605;Forbo Flooring BV;Assendelft;Kooldioxide (CO2);10233989;kg
2023;28072;Quaker Chemical B.V. (A Quaker Houghton Company);Uithoorn;Kooldioxide (CO2);1879189;kg
2023;28085;AEB Amsterdam;Amsterdam;Kooldioxide (CO2);1127928046;kg
2023;28091;HVC N.V.;Alkmaar;Kooldioxide (CO2);1016985600;kg
2023;28094;Linde Gas IJmuiden;Velsen-Noord;Kooldioxide (CO2);3205890;kg
2023;28167;ADM WILD Netherlands B.V.;Amsterdam;Kooldioxide (CO2);584764;kg
2023;28176;Vattenfall Power Generation B.V. (IJmond 1);Velsen-Noord;Kooldioxide (CO2);412550917;kg
2023;31311;CARBOGEN AMCIS B.V.;Veenendaal;Kooldioxide (CO2);2150000;kg
2023;33414;IQatalyst B.V.;De Meern;Kooldioxide (CO2);2136219;kg
2023;34303;Remia CV;Den Dolder;Kooldioxide (CO2);6150000;kg
2023;38002;Stichting AL-terrein;Bilthoven;Kooldioxide (CO2);11650220;kg
2023;39103;Koninklijke ERU Kaasfabriek B.V.;Woerden;Kooldioxide (CO2);573743;kg
2023;39105;Vrumona;Bunnik;Kooldioxide (CO2);4195711;kg
2023;41003;Shell Nederland Chemie BV (Moerdijk);Moerdijk;Kooldioxide (CO2);2248288000;kg
2023;41101;SABIC Innovative Plastics BV;Bergen op Zoom;Kooldioxide (CO2);331934581;kg
2023;41102;Allnex Netherlands B.V.;Bergen op Zoom;Kooldioxide (CO2);7151998;kg
2023;41103;Synthos Breda BV;Breda;Kooldioxide (CO2);6045901;kg
2023;41106;IFF Nederland BV;Tilburg;Kooldioxide (CO2);7533662;kg
2023;41113;BEWI RAW BV;Etten-Leur;Kooldioxide (CO2);7129157;kg
2023;41402;Trobas Gelatine B.V.;Dongen;Kooldioxide (CO2);6182991;kg
2023;41428;Covestro (Netherlands) B.V., vestiging Waalwijk;Waalwijk;Kooldioxide (CO2);3710000;kg
2023;41502;Ravenstein;Ravenstein;Kooldioxide (CO2);1379170;kg
2023;41521;Afvalstoffen Terminal Moerdijk BV (ATM);Moerdijk;Kooldioxide (CO2);228196489;kg
2023;42022;Nutricia Cuijk B.V.;Cuijk;Kooldioxide (CO2);119183;kg
2023;42034;FrieslandCampina DMV B.V.;Veghel;Kooldioxide (CO2);89955655;kg
2023;42206;Mars Nederland BV;Veghel;Kooldioxide (CO2);11520000;kg
2023;42310;Cosun Beet Company-Dinteloord;Dinteloord;Kooldioxide (CO2);127805636;kg
2023;42408;Swinkels Family Brewers N.V.;Lieshout;Kooldioxide (CO2);38677974;kg
2023;42410;Heineken Netherlands Supply B.V. (Den Bosch);'s-Hertogenbosch;Kooldioxide (CO2);8606000;kg
2023;42411;Coca Cola Europacific Partners BV;Dongen;Kooldioxide (CO2);4220000;kg
2023;42629;Cargill BV;Bergen op Zoom;Kooldioxide (CO2);28626636;kg
2023;42823;Zwanenberg Food Oss b.v.;Oss;Kooldioxide (CO2);10453302;kg
2023;42834;Rendac Son BV;Son en Breugel;Kooldioxide (CO2);65993195;kg
2023;43002;Mannesmann Precision Tubes Netherlands BV;Helmond;Kooldioxide (CO2);2023531;kg
2023;43003;Tata Steel Nederland Tubes BV locatie Oosterhout;Oosterhout;Kooldioxide (CO2);1060000;kg
2023;43013;Nyrstar Budel BV;Budel-Dorplein;Kooldioxide (CO2);18745512;kg
2023;43139;Ardagh Metal Packaging Netherlands B.V.;Oss;Kooldioxide (CO2);118000;kg
2023;43205;Coatinc West Brabant BV;Oudenbosch;Kooldioxide (CO2);283000;kg
2023;43210;Aalberts Surface Technologies BV;Eindhoven;Kooldioxide (CO2);735075;kg
2023;43216;SPGPrints;Boxmeer;Kooldioxide (CO2);1940000;kg
2023;43400;GTO Plating BV;'s-Hertogenbosch;Kooldioxide (CO2);181992;kg
2023;43403;DAF Trucks N.V.;Eindhoven;Kooldioxide (CO2);25446000;kg
2023;43856;Hydro Extrusion Drunen;Drunen;Kooldioxide (CO2);11567756;kg
2023;44004;Amer Centrale;Geertruidenberg;Kooldioxide (CO2);2483316522;kg
2023;44006;RWZI Oijen (Waterschap Aa en Maas);Oijen;Kooldioxide (CO2);4688375;kg
2023;44007;PreZero Energy Roosendaal B.V.;Roosendaal;Kooldioxide (CO2);345238000;kg
2023;44008;Ennatuurlijk BV, WKC Helmond;Helmond;Kooldioxide (CO2);19544795;kg
2023;44009;BV Afvalverbranding Zuid Nederland (AZN);Moerdijk;Kooldioxide (CO2);1038721000;kg
2023;44162;Vlisco Netherlands BV;Helmond;Kooldioxide (CO2);19373028;kg
2023;44301;Saica Flex Netherlands B.V.;Etten-Leur;Kooldioxide (CO2);2190168;kg
2023;44709;Steenfabriek Engels Oeffelt BV;Oeffelt;Kooldioxide (CO2);15674039;kg
2023;44772;Ardagh Glass Dongen BV;Dongen;Kooldioxide (CO2);80352851;kg
2023;44773;Saint Gobain Construction Products NL BV;Etten-Leur;Kooldioxide (CO2);39832038;kg
2023;45669;Caligen Europe BV;Breda;Kooldioxide (CO2);295240;kg
2023;47001;Slibverwerking Noord-Brabant NV;Moerdijk;Kooldioxide (CO2);148660000;kg
2023;48002;Unipol Holland BV;Oss;Kooldioxide (CO2);4493893;kg
2023;48018;FUJIFILM Manufacturing Europe B.V.;Tilburg;Kooldioxide (CO2);18586618;kg
2023;48022;Dr. W. Kolb Nederland BV;Klundert;Kooldioxide (CO2);2414503;kg
2023;48024;Essity Operations Cuijk B.V.;Katwijk NB;Kooldioxide (CO2);11115832;kg
2023;48031;FrieslandCampina Butter & Milkpowder - Den Bosch;'s-Hertogenbosch;Kooldioxide (CO2);2346152;kg
2023;48051;KBM Master Alloys BV (Oss);Oss;Kooldioxide (CO2);157754;kg
2023;48054;Van Swaay Duurzaam Hout Schijndel;Schijndel;Kooldioxide (CO2);13500;kg
2023;48061;Verzinkerij Meerveldhoven BV;Veldhoven;Kooldioxide (CO2);1444318;kg
2023;48073;Nedzink BV;Budel-Dorplein;Kooldioxide (CO2);270026;kg
2023;48082;Ennatuurlijk BV, PS Breda;Breda;Kooldioxide (CO2);0;kg
2023;48084;Ennatuurlijk BV, WKC Eindhoven;Eindhoven;Kooldioxide (CO2);6704030;kg
2023;48132;Pali Geldrop BV;Geldrop;Kooldioxide (CO2);1370276;kg
2023;48177;Peka Kroef B.V. Odiliapeel;Odiliapeel;Kooldioxide (CO2);7280000;kg
2023;49006;WKC Moerdijk;Moerdijk;Kooldioxide (CO2);250420170;kg
2023;49010;Basell Benelux B.V.;Moerdijk;Kooldioxide (CO2);13608000;kg
2023;49013;Ardagh Glass Moerdijk BV;Moerdijk;Kooldioxide (CO2);62989652;kg
2023;49016;BECC B.V.;Katwijk NB;Kooldioxide (CO2);151988769;kg
2023;49026;Attero B.V. locatie Tilburg (Spinder);Tilburg;Kooldioxide (CO2);7788737;kg
2023;49033;Agristo Tilburg BV;Tilburg;Kooldioxide (CO2);29080239;kg
2023;51101;Synthomer Middelburg BV;Middelburg;Kooldioxide (CO2);50154600;kg
2023;51102;Rosier Nederland B.V.;Sas Van GEnt;Kooldioxide (CO2);8788441;kg
2023;51104;Dow Benelux BV (Hoek);Hoek;Kooldioxide (CO2);3210902569;kg
2023;51105;YARA Sluiskil BV;Sluiskil;Kooldioxide (CO2);1965779763;kg
2023;51107;ARKEMA B.V. location Vlissingen;Vlissingen;Kooldioxide (CO2);3290157;kg
2023;51404;ICL-IP Terneuzen BV;Terneuzen;Kooldioxide (CO2);8472186;kg
2023;51501;Zeeland Refinery N.V.;Nieuwdorp;Kooldioxide (CO2);1464689747;kg
2023;52612;Cargill Benelux BV;Sas Van GEnt;Kooldioxide (CO2);215184047;kg
2023;52615;Koninklijke Zeelandia;Zierikzee;Kooldioxide (CO2);1546557;kg
2023;53129;Damen Schelde Naval Shipbuilding B.V. en Damen Shiprepair Vlissingen B.V.;Ritthem;Kooldioxide (CO2);2189000;kg
2023;53504;Zeeland Aluminium Company (Zalco BV);Vlissingen;Kooldioxide (CO2);15335326;kg
2023;56102;Lamb Weston Site Kruiningen;Kruiningen;Kooldioxide (CO2);48670000;kg
2023;56118;Stepan Nederland BV;Ritthem;Kooldioxide (CO2);3551545;kg
2023;56125;Stortplaats Noord- en Midden-Zeeland BV (OLAZ);Nieuwdorp;Kooldioxide (CO2);6079346;kg
2023;61213;PPG Coatings B.V.;Tiel;Kooldioxide (CO2);1011764;kg
2023;61405;Niacet B.V.;Tiel;Kooldioxide (CO2);13846888;kg
2023;61411;Sonac Vuren BV;Vuren;Kooldioxide (CO2);31287253;kg
2023;61418;SACHEM Europe BV;Zaltbommel;Kooldioxide (CO2);2710000;kg
2023;61424;Veolia Industriediensten BV;Arnhem;Kooldioxide (CO2);57469935;kg
2023;61436;Givaudan Nederland BV (Barneveld);Barneveld;Kooldioxide (CO2);974000;kg
2023;61517;Gasunie Zweekhorst;Zevenaar;Kooldioxide (CO2);315240;kg
2023;62009;FrieslandCampina Butter&Milkpowder (Lochem);Lochem;Kooldioxide (CO2);24199029;kg
2023;62010;Nestlé Nederland BV (Nunspeet);Nunspeet;Kooldioxide (CO2);15637980;kg
2023;62013;FrieslandCampina Steenderen;Steenderen;Kooldioxide (CO2);3892468;kg
2023;62025;FrieslandCampina (Borculo);Borculo;Kooldioxide (CO2);61905000;kg
2023;62031;Arla Foods BV;Nijkerk;Kooldioxide (CO2);8811803;kg
2023;62106;Presswood International B.V.;Ermelo;Kooldioxide (CO2);19010330;kg
2023;62108;Polskamp BV;Ermelo;Kooldioxide (CO2);639500;kg
2023;62406;Riedel BV;Ede;Kooldioxide (CO2);2206000;kg
2023;62509;H.J. Heinz Holding BV;Elst;Kooldioxide (CO2);4870000;kg
2023;62802;Ekro BV;Apeldoorn;Kooldioxide (CO2);1728237;kg
2023;62806;VION Apeldoorn b.v.;Apeldoorn;Kooldioxide (CO2);2686565;kg
2023;62812;Compaxo Vlees Zevenaar BV;Zevenaar;Kooldioxide (CO2);3637100;kg
2023;62852;Pluimveeslachterij Van den Bor BV;Nijkerkerveen;Kooldioxide (CO2);1088960;kg
2023;62925;Aviko BV;Steenderen;Kooldioxide (CO2);64760000;kg
2023;62928;CelaVita Foods b.v.;Wezep;Kooldioxide (CO2);5324730;kg
2023;63012;KME Netherlands B.V.;Zutphen;Kooldioxide (CO2);2804240;kg
2023;63504;Gieterij Doesburg BV;Doesburg;Kooldioxide (CO2);562039;kg
2023;63505;Vulcanus Castings BV;Doetinchem;Kooldioxide (CO2);4786158;kg
2023;63508;Nijmeegsche IJzergieterij BV;Nijmegen;Kooldioxide (CO2);3354015;kg
2023;63643;Veco B.V.;Eerbeek;Kooldioxide (CO2);987116;kg
2023;63669;Coatinc Anox bv.;Scherpenzeel;Kooldioxide (CO2);154000;kg
2023;64004;AVR Afvalverwerking BV (Duiven);Duiven;Kooldioxide (CO2);495310114;kg
2023;64005;ARN B.V.;Weurt;Kooldioxide (CO2);322446302;kg
2023;64134;Sonac Loenen BV;Loenen;Kooldioxide (CO2);3070000;kg
2023;64304;Papierfabriek Doetinchem bv;Doetinchem;Kooldioxide (CO2);19598333;kg
2023;64328;Koninklijke VIVBuisman B.V.;Zelhem;Kooldioxide (CO2);2295071;kg
2023;64335;DS Smith De Hoop B.V.;Eerbeek;Kooldioxide (CO2);95566715;kg
2023;64345;Folding Boxboard Eerbeek bv;Eerbeek;Kooldioxide (CO2);39090178;kg
2023;64354;VHP Security Paper B.V.;Ugchelen;Kooldioxide (CO2);3611000;kg
2023;64360;Smurfit Westrock Parenco B.V.;Renkum;Kooldioxide (CO2);206074225;kg
2023;64701;Steenfabriek De Rijswaard BV;Aalst;Kooldioxide (CO2);25751200;kg
2023;64703;B.V. Steenfabriek Huissenswaard;Angeren;Kooldioxide (CO2);19419393;kg
2023;64713;Wienerberger Steenfabriek Schipperswaard;Echteld;Kooldioxide (CO2);5106629;kg
2023;64715;Wienerberger BV Steenfabriek Erlecom;Erlecom;Kooldioxide (CO2);12435131;kg
2023;64718;Rodruza Steenfabriek de Zandberg;Gendt;Kooldioxide (CO2);10526000;kg
2023;64719;Wienerberger Steenfabriek Haaften;Haaften;Kooldioxide (CO2);13355057;kg
2023;64725;Wienerberger Steenfabriek Heteren;Heteren;Kooldioxide (CO2);7918439;kg
2023;64740;Wienerberger Steenfabriek Wolfswaard;Opheusden;Kooldioxide (CO2);11226280;kg
2023;64741;Wienerberger Steenfabriek Kijfwaard Oost;Pannerden;Kooldioxide (CO2);10759327;kg
2023;64744;Steenfabriek Rossum B.V.;Rossum;Kooldioxide (CO2);12704000;kg
2023;64748;Steenfabriek Spijk BV;Spijk;Kooldioxide (CO2);22132000;kg
2023;64749;Steenfabriek Tolkamer BV;Tolkamer;Kooldioxide (CO2);24243000;kg
2023;64759;Steenfabriek Zennewijnen;Zennewijnen;Kooldioxide (CO2);12442516;kg
2023;65735;Steenfabriek Vogelensangh B.V.;Deest;Kooldioxide (CO2);3324138;kg
2023;65777;Wienerberger Steenfabriek Kijfwaard West;Pannerden;Kooldioxide (CO2);21340836;kg
2023;66001;Sibelco Winterswijk;Winterswijk;Kooldioxide (CO2);1835946;kg
2023;66201;Coldenhove Paper B.V.;Eerbeek;Kooldioxide (CO2);7882919;kg
2023;66206;TANATEX Chemicals BV;Ede;Kooldioxide (CO2);580278;kg
2023;66220;Smart Packaging Solutions B.V.;Loenen;Kooldioxide (CO2);13120938;kg
2023;66224;Wienerberger Dakpannenfabriek Narvik Deest;Deest;Kooldioxide (CO2);9383396;kg
2023;66225;Zilverschoon Restauratiesteen Randwijkbv;Heteren;Kooldioxide (CO2);1000877;kg
2023;66231;Attero B.V. Locatie Wilp (VAR);Wilp;Kooldioxide (CO2);8056868;kg
2023;66239;Mead Johnson B.V.;Nijmegen;Kooldioxide (CO2);8502805;kg
2023;66248;Loparex BV;Apeldoorn;Kooldioxide (CO2);5075656;kg
2023;66253;Stichting Mestverwerking Gelderland SMG (KGBI Stroe);Stroe;Kooldioxide (CO2);3511640;kg
2023;66322;Industriewater Eerbeek;Eerbeek;Kooldioxide (CO2);2408348;kg
2023;66323;Stichting Mestverwerking Gelderland SMG (KGBI Ede);Ede;Kooldioxide (CO2);3729390;kg
2023;66325;Stichting Mestverwerking Gelderland SMG (KGBI Elspeet);Elspeet;Kooldioxide (CO2);2858170;kg
2023;66326;Stichting Mestverwerking Gelderland SMG (KGBI Putten);Putten;Kooldioxide (CO2);3070860;kg
2023;69029;Galvaniseerbedrijf De Vries BV;Vaassen;Kooldioxide (CO2);70000;kg
2023;69031;Gesloten stortplaats Ullerberg;Ermelo;Kooldioxide (CO2);763000;kg
2023;69065;Draad Nijmegen BV (onder de naam Smit Draad);Nijmegen;Kooldioxide (CO2);633621;kg
2023;69067;Groot Zevert Vergisting;Beltrum;Kooldioxide (CO2);2830000;kg
2023;71102;KLK Kolb Specialties B.V.;Delden;Kooldioxide (CO2);4311359;kg
2023;71103;Nouryon Functional Chemicals;Deventer;Kooldioxide (CO2);3065000;kg
2023;71105;Nobian Chemicals BV (Hengelo);Hengelo;Kooldioxide (CO2);214878000;kg
2023;71514;Gasunie Vilsteren / Ommen;Vilsteren;Kooldioxide (CO2);595650;kg
2023;72016;Royal Lactalis Leerdammer BV (Dalfsen);Dalfsen;Kooldioxide (CO2);10085803;kg
2023;72024;Ausnutria Kampen BV;Kampen;Kooldioxide (CO2);13056975;kg
2023;72027;Ausnutria Ommen B.V.;Ommen;Kooldioxide (CO2);2620000;kg
2023;72807;Hogeslag-Olst B.V.;Olst;Kooldioxide (CO2);105000;kg
2023;72831;Stegeman C.V.;Wijhe;Kooldioxide (CO2);3048572;kg
2023;72837;Plukon Goor B.V.;Goor;Kooldioxide (CO2);669986;kg
2023;72914;Abbott Laboratories B.V.;Zwolle;Kooldioxide (CO2);16171172;kg
2023;73627;Jonkman Coating BV locatie Beitelstraat;Hengelo;Kooldioxide (CO2);364599;kg
2023;74005;Ennatuurlijk BV, WKC Enschede;Enschede;Kooldioxide (CO2);26517;kg
2023;74120;Ten Cate Protect B.V.;Nijverdal;Kooldioxide (CO2);10092368;kg
2023;74321;SARPI Netherlands B.V.;Almelo;Kooldioxide (CO2);1006969;kg
2023;75305;locatie Boeldershoek;Hengelo;Kooldioxide (CO2);796826674;kg
2023;75315;locatie Elhorst Vloedbelt;Zenderen;Kooldioxide (CO2);5512766;kg
2023;75342;FrieslandCampina Balkbrug;Balkbrug;Kooldioxide (CO2);543000;kg
2023;75346;LOKO BV;Gramsbergen;Kooldioxide (CO2);193400;kg
2023;75349;CZ Rouveen kaasspecialiteiten;Rouveen;Kooldioxide (CO2);2478616;kg
2023;81103;Norit Nederland B.V.;Klazienaveen;Kooldioxide (CO2);49407000;kg
2023;81104;DOC Kaas (Zuivelfabriek);Hoogeveen;Kooldioxide (CO2);6081536;kg
2023;81202;AOC Nederland BV (Schoonebeek);Zandpol;Kooldioxide (CO2);4958121;kg
2023;82002;FrieslandCampina Domo B.V. (Beilen);Beilen;Kooldioxide (CO2);31782993;kg
2023;82603;Avebe u.a. (Gasselternijveen);Gasselternijveen;Kooldioxide (CO2);84566300;kg
2023;83071;Zincoat BV;Veenoord;Kooldioxide (CO2);725000;kg
2023;83501;2 RG;Klazienaveen;Kooldioxide (CO2);3636086;kg
2023;84808;SOLIDUS SOLUTIONS Board B.V. Coevorden;Coevorden;Kooldioxide (CO2);11608809;kg
2023;84999;FrieslandCampina Kievit (Meppel);Meppel;Kooldioxide (CO2);15962809;kg
2023;85002;Attero BV;Wijster;Kooldioxide (CO2);518829362;kg
2023;85003;Envalior Engineering Materials B.V.;Emmen;Kooldioxide (CO2);3990000;kg
2023;92001;FrieslandCampina Cheese Gerkesklooster;Gerkesklooster;Kooldioxide (CO2);10462828;kg
2023;92004;Hochwald Foods Nederland BV;Bolsward;Kooldioxide (CO2);9798001;kg
2023;92008;Phoenix BV;Scharsterbrug;Kooldioxide (CO2);20704106;kg
2023;92012;FrieslandCampina (Leeuwarden);Leeuwarden;Kooldioxide (CO2);51743758;kg
2023;92030;FrieslandCampina (Workum);Workum;Kooldioxide (CO2);26490163;kg
2023;92615;Sonac Burgum BV;Sumar;Kooldioxide (CO2);33310239;kg
2023;93604;Nederlandse Onttinningsfabriek BV;Leeuwarden;Kooldioxide (CO2);1080000;kg
2023;94003;Centrale Bergum;Burgum;Kooldioxide (CO2);2119945;kg
2023;94301;Huhtamaki Nederland B.V.;Franeker;Kooldioxide (CO2);13764059;kg
2023;94603;Avek International B.V.;Surhuisterveen;Kooldioxide (CO2);298786;kg
2023;94706;BASF Nederland B.V.;Heerenveen;Kooldioxide (CO2);3702456;kg
2023;95000;Tyson Foods Oosterwolde BV;Oosterwolde;Kooldioxide (CO2);2883544;kg
2023;95003;Lamb Weston / Meyer VOF (Klooster Lidlum);Klooster Lidlum;Kooldioxide (CO2);14623514;kg
2023;95007;Frisia Zout BV;Harlingen;Kooldioxide (CO2);10247646;kg
2023;99011;Sonac Harlingen BV;Harlingen;Kooldioxide (CO2);1100000;kg
2023;101103;BioMCN B.V.;Farmsum;Kooldioxide (CO2);0;kg
2023;101104;Dow Benelux B.V.;Delfzijl;Kooldioxide (CO2);11018576;kg
2023;101105;P.Q. Silicas B.V.;Winschoten;Kooldioxide (CO2);14783298;kg
2023;101108;Qemetica NL Silica bv;Delfzijl;Kooldioxide (CO2);43822000;kg
2023;101404;Delamine B.V.;Farmsum;Kooldioxide (CO2);980567;kg
2023;101405;Electric Glass Fiber NL, B.V.;Westerbroek;Kooldioxide (CO2);18745904;kg
2023;101407;Zeolyst CV;Farmsum;Kooldioxide (CO2);3501816;kg
2023;101408;Nedmag B.V.;Veendam;Kooldioxide (CO2);49172653;kg
2023;101515;Gasunie Transport Services B.V. - compressorstation Spijk;Eemshaven;Kooldioxide (CO2);740590;kg
2023;102001;FrieslandCampina Nederland B.V.;Bedum;Kooldioxide (CO2);21790735;kg
2023;102008;Plixxent B.V.;Foxhol;Kooldioxide (CO2);121966;kg
2023;102302;Cosun Beet Company-Vierverlaten;Groningen;Kooldioxide (CO2);136872425;kg
2023;102504;Rixona BV;Warffum;Kooldioxide (CO2);14900000;kg
2023;102620;Coöperatie AVEBE U.A.;Ter Apelkanaal;Kooldioxide (CO2);80554408;kg
2023;103009;KBM Master Alloys B.V.;Delfzijl;Kooldioxide (CO2);3173433;kg
2023;103010;DAMCO Aluminium Delfzijl Coöperatie U.A.;Farmsum;Kooldioxide (CO2);21386;kg
2023;104001;ENGIE Energie Nederland NV;Eemshaven;Kooldioxide (CO2);1195414799;kg
2023;104003;Delesto B.V.;Farmsum;Kooldioxide (CO2);353246968;kg
2023;104302;Solidus Solutions Board Groningen-Hoogkerk;Groningen;Kooldioxide (CO2);7424001;kg
2023;104304;Eska B.V.;Hoogezand;Kooldioxide (CO2);25779934;kg
2023;104305;Eska B.V.;Sappemeer;Kooldioxide (CO2);19410089;kg
2023;104307;Solidus Board Bad Nieuweschans B.V.;Bad Nieuweschans;Kooldioxide (CO2);21404401;kg
2023;104520;Ecopark De Wierde;Heerenveen;Kooldioxide (CO2);1953910;kg
2023;104710;ESD-SIC BV;Farmsum;Kooldioxide (CO2);73886950;kg
2023;104756;Steenindustrie Strating BV;Oude Pekela;Kooldioxide (CO2);5516000;kg
2023;105001;ChemCom Industries BV;Farmsum;Kooldioxide (CO2);4194600;kg
2023;105004;Teijin Aramid B.V.;Farmsum;Kooldioxide (CO2);16693755;kg
2023;105007;FrieslandCampina Nederland B.V.;Marum;Kooldioxide (CO2);9040480;kg
2023;105016;Nobian Industrial Chemicals B.V. - SSC (Shared Service Center);Farmsum;Kooldioxide (CO2);1564000;kg
2023;105027;Kisuma Chemicals BV;Veendam;Kooldioxide (CO2);8863832;kg
2023;105029;Storteboom Foodgroup Kornhorn;Kornhorn;Kooldioxide (CO2);2644000;kg
2023;114001;Maxima-centrale;Lelystad;Kooldioxide (CO2);970214404;kg
2023;114002;Vattenfall Power Generation B.V. (HWC Hogering/WKC Almere);Almere;Kooldioxide (CO2);3242777;kg
2023;114709;McCain Foods Holland BV (Lelystad);Lelystad;Kooldioxide (CO2);26922620;kg
2023;114720;Sonac Almere BV;Almere;Kooldioxide (CO2);5125849;kg
2023;114721;Alphen;Alphen;Kooldioxide (CO2);0;kg
2023;114722;Waterschap Noorderzijlvest - RWZI Garmerwolde;Garmerwolde;Kooldioxide (CO2);9185545;kg
2023;114723;RWZI Harderwijk;Harderwijk;Kooldioxide (CO2);31671820;kg
2023;114724;RWZI Apeldoorn;Apeldoorn;Kooldioxide (CO2);13608510;kg
2023;114725;RWZI Ede;Ede;Kooldioxide (CO2);8305028;kg
2023;114726;RWZI Nieuwgraaf (Waterschap Rijn en IJssel);Duiven;Kooldioxide (CO2);18531612;kg
2023;114727;RWZI Nijmegen (Waterschap Rivierenland);Weurt;Kooldioxide (CO2);13520277;kg
2023;114728;RWZI Nieuwveer;Breda;Kooldioxide (CO2);15133212;kg
2023;114729;RWZI Aarle-Rixtel (Waterschap Aa en Maas);Aarle-Rixtel;Kooldioxide (CO2);7646338;kg
2023;114730;RWZI Eindhoven (Waterschap De Dommel);Eindhoven;Kooldioxide (CO2);14230314;kg
2023;114731;RWZI Utrecht (Hoogheemraadschap de Stichtse Rijnlanden);Utrecht;Kooldioxide (CO2);8071635;kg
2023;114732;RWZI Venlo;Venlo;Kooldioxide (CO2);13201940;kg
2023;114733;RWZI Hoensbroek;Hoensbroek;Kooldioxide (CO2);3151223;kg
2023;114735;AWZI De Groote Lucht (Hoogheemraadschap van Delfland);Vlaardingen;Kooldioxide (CO2);6827733;kg
2023;114736;RWZI Dokhaven en Slibverwerkingsinstallatie Sluisjesdijk;Rotterdam;Kooldioxide (CO2);15779647;kg
2023;114737;AWZI Kralingseveer (Hoogheemraadschap van Schieland);Capelle aan den Ijssel;Kooldioxide (CO2);9870695;kg
2023;114740;RWZI Susteren;Susteren;Kooldioxide (CO2);6621383;kg
2023;114741;RWZI Amersfoort;Amersfoort;Kooldioxide (CO2);11586118;kg
2023;114743;RWZI Dinther (Waterschap Aa en Maas);Heeswijk-Dinther;Kooldioxide (CO2);6593846;kg
2023;114747;PeakShaver Maasvlakte;Maasvlakte Rotterdam;Kooldioxide (CO2);697978;kg
2023;114757;Eurogen CV;Botlek Rotterdam;Kooldioxide (CO2);127775243;kg
2023;114758;Farm Dairy BV;Lelystad;Kooldioxide (CO2);1990000;kg
2023;114767;AWZI Houtrust (Hoogheemraadschap van Delfland);'s-Gravenhage;Kooldioxide (CO2);4897928;kg
2023;114772;Fenner Dunlop Conveyor Belting;Drachten;Kooldioxide (CO2);2837000;kg
2023;114785;Smilde Foods BV(Heerenveen);Heerenveen;Kooldioxide (CO2);1778000;kg
2023;114802;Renewi Smink Amersfoort;Hoogland;Kooldioxide (CO2);3072244;kg
2023;114814;Recycling Kombinatie REKO B.V.;Vondelingenplaat Rotterdam;Kooldioxide (CO2);65808321;kg
2023;115036;LyondellBasell Covestro Manufacturing Maasvlakte VOF;Maasvlakte Rotterdam;Kooldioxide (CO2);80609605;kg
2023;115037;Teijin Aramid BV (Arnhem);Arnhem;Kooldioxide (CO2);550108;kg
2023;115049;Holonite BV (Tholen);Tholen;Kooldioxide (CO2);135000;kg
2023;115063;Eagle Simrax BV;Kerkrade;Kooldioxide (CO2);128867;kg
2023;115066;Trespa International BV;Weert;Kooldioxide (CO2);20486310;kg
2023;115072;Seasun;Kapelle;Kooldioxide (CO2);25181428;kg
2023;115084;SVP Productie BV - Hulpwarmtecentrale 1;Purmerend;Kooldioxide (CO2);30924652;kg
2023;115085;Enecal Energy VOF;Botlek Rotterdam;Kooldioxide (CO2);191318877;kg
2023;115176;locatie Nauerna (Zaanstad);Assendelft;Kooldioxide (CO2);6141028;kg
2023;115180;apt Extrusions B.V.;Roermond;Kooldioxide (CO2);4623000;kg
2023;115181;EP NL Rijnmond 1 B.V.;Vondelingenplaat Rotterdam;Kooldioxide (CO2);512482550;kg
2023;115184;RWZI Land van Cuijk (Waterschap Aa en Maas);Haps;Kooldioxide (CO2);5023905;kg
2023;115185;DOC Kaas (Zuivelpark);Hoogeveen;Kooldioxide (CO2);41107075;kg
2023;115186;Yara Vlaardingen BV;Vlaardingen;Kooldioxide (CO2);438870;kg
2023;200019;Amsterdam UMC, locatie AMC;Amsterdam;Kooldioxide (CO2);35947028;kg
2023;200131;Hak BV;Giessen;Kooldioxide (CO2);3500000;kg
2023;200141;BV Steenfabriek Hedikhuizen;Heusden;Kooldioxide (CO2);11783000;kg
2023;200152;J.A. Ter Maten Pluimveebedrijf BV;Bunschoten-Spakenburg;Kooldioxide (CO2);166000;kg
2023;200188;Kriek Poedercoaten B.V.;Alphen aan den Rijn;Kooldioxide (CO2);354450;kg
2023;200228;Gouda Refractories BV;Gouda;Kooldioxide (CO2);8376000;kg
2023;200286;Wienerberger Steenfabriek Azewijn;Azewijn;Kooldioxide (CO2);3067503;kg
2023;200287;Steenfabriek Engels Helden BV;Panningen;Kooldioxide (CO2);19389684;kg
2023;200292;T. Boer & zn.;Nieuwerkerk aan den Ijssel;Kooldioxide (CO2);762000;kg
2023;200308;LOA VT;Almelo;Kooldioxide (CO2);89100;kg
2023;200312;Vloertegelfabriek Koninklijke Mosa BV;Maastricht;Kooldioxide (CO2);11634063;kg
2023;200314;Supply Point Cuijk BV;Katwijk;Kooldioxide (CO2);178170;kg
2023;200333;Wienerberger Steenfabriek Bemmel;Haalderen;Kooldioxide (CO2);4076724;kg
2023;200355;Dakpanfabriek Narvik Tegelen (Wienberger BV);Tegelen;Kooldioxide (CO2);8516529;kg
2023;200376;Wienerberger Dakpanfabriek Janssen-Dings;Tegelen;Kooldioxide (CO2);11814196;kg
2023;200377;Monier BV (Tegelen);Tegelen;Kooldioxide (CO2);8731000;kg
2023;200407;COATEX Netherlands BV;Moerdijk;Kooldioxide (CO2);484000;kg
2023;200420;Roba Metals B.V.;Farmsum;Kooldioxide (CO2);4513762;kg
2023;200436;Afvalberging Derde Merwedehaven;Dordrecht;Kooldioxide (CO2);4153441;kg
2023;200441;Amcor Specialty Cartons Brabant BV;Bergen op Zoom;Kooldioxide (CO2);786696;kg
2023;200450;Avri;Geldermalsen;Kooldioxide (CO2);493975;kg
2023;200480;Bostik Nederland B.V.;Roosendaal;Kooldioxide (CO2);659697;kg
2023;200482;locatie Braambergen (Almere);Almere;Kooldioxide (CO2);1577859;kg
2023;200490;LOA Deege;Klundert;Kooldioxide (CO2);327460;kg
2023;200493;Attero B.V. locatie Bergen op Zoom (Kragge);Bergen op Zoom;Kooldioxide (CO2);3001750;kg
2023;200508;Uniper HWC Bezuidenhout-West;'s-Gravenhage;Kooldioxide (CO2);6871000;kg
2023;200512;ESA BV;Apeldoorn;Kooldioxide (CO2);461000;kg
2023;200516;Attero B.V.  locatie Montfort;Montfort;Kooldioxide (CO2);2489458;kg
2023;200518;Attero B.V. Locatie Weert;Weert;Kooldioxide (CO2);994899;kg
2023;200520;Attero B.V. locatie Schinnen;Schinnen;Kooldioxide (CO2);986150;kg
2023;200522;Ennatuurlijk BV PS Tilburg;Tilburg;Kooldioxide (CO2);0;kg
2023;200526;Exportslachterij Clazing BV;Zevenhuizen;Kooldioxide (CO2);837700;kg
2023;200537;Cargill Cocao Aurora;Zaandam;Kooldioxide (CO2);12211361;kg
2023;200538;GMB BioEnergie Zutphen BV;Zutphen;Kooldioxide (CO2);36402463;kg
2023;200551;Heiploeg International BV;Zoutkamp;Kooldioxide (CO2);2899410;kg
2023;200557;Holland Malt B.V.;Eemshaven;Kooldioxide (CO2);30899204;kg
2023;200582;Südpack  Grootegast B.V.;Grootegast;Kooldioxide (CO2);3817650;kg
2023;200587;Martens Havenontvangstinstallatie Vlissingen BV;Nieuwdorp;Kooldioxide (CO2);194736;kg
2023;200606;Theo Pouw Secundaire Bouwstoffen B.V.;Eemshaven;Kooldioxide (CO2);31694043;kg
2023;200610;Radboudumc & Radboud Universiteit Nijmegen;Nijmegen;Kooldioxide (CO2);11333200;kg
2023;200618;ROVA Afvalverwerkingslocatie Bovenveld;Rheezerveen;Kooldioxide (CO2);516000;kg
2023;200653;Saturn Petcare;Hattem;Kooldioxide (CO2);5328000;kg
2023;200664;Handelsonderneming A. Smit & Zoon BV;Amersfoort;Kooldioxide (CO2);1660370;kg
2023;200673;Mineralz Zweekhorst BV;Zevenaar;Kooldioxide (CO2);237902;kg
2023;200683;Theo Pouw Beheer BV;Utrecht;Kooldioxide (CO2);56700;kg
2023;200702;Renewi Nieuwegein;Nieuwegein;Kooldioxide (CO2);548835;kg
2023;200719;Wuppermann Staal Nederland BV;Moerdijk;Kooldioxide (CO2);1511710;kg
2023;200758;Lubrizol Advanced Materials Resins BV;Farmsum;Kooldioxide (CO2);377000;kg
2023;200781;FNsteel BV;Alblasserdam;Kooldioxide (CO2);15920203;kg
2023;200900;Arkema B.V. Location Brummen;Brummen;Kooldioxide (CO2);208000;kg
2023;201012;Renewi Nederland B.V. - Drachten-De Lier;Drachten;Kooldioxide (CO2);398397;kg
2023;201043;REMONDIS PMR B.V.;Moerdijk;Kooldioxide (CO2);1260000;kg
2023;201045;locatie Zeeasterweg (Lelystad);Lelystad;Kooldioxide (CO2);4882556;kg
2023;201055;Attero B.V. Locatie Haps;Haps;Kooldioxide (CO2);1391593;kg
2023;201151;Enrichment Technology Nederland BV;Almelo;Kooldioxide (CO2);1040000;kg
2023;201172;A. Smit & Zoon BV;Weesp;Kooldioxide (CO2);1132629;kg
2023;201189;Afvalverwerking Stainkoeln B.V.;Groningen;Kooldioxide (CO2);1106043;kg
2023;201203;Sortiva B.V.;Alkmaar;Kooldioxide (CO2);582841;kg
2023;201241;EMMTEC Services BV;Emmen;Kooldioxide (CO2);142407534;kg
2023;201303;locatie Wieringermeer (Middenmeer);Middenmeer;Kooldioxide (CO2);759042;kg
2023;201304;BMC Moerdijk BV;Moerdijk;Kooldioxide (CO2);332525564;kg
2023;201326;Aludyne Netherlands B.V.;Oss;Kooldioxide (CO2);4370000;kg
2023;201386;EP NL Sloe Centrale B.V. (Vlissingen);Ritthem;Kooldioxide (CO2);1193583105;kg
2023;201425;Afvalverwerking Vink B.V.;Barneveld;Kooldioxide (CO2);12075004;kg
2023;201503;Valtris AO Maastricht b.v. / Vynova AO Maastricht b.v.;Maastricht;Kooldioxide (CO2);2195134;kg
2023;201541;Olenex Edible Oils B.V.;Vondelingenplaat Rotterdam;Kooldioxide (CO2);11106000;kg
2023;201571;Vattenfall Warmte N.V. (HWC Duiven Westervoort);Westervoort;Kooldioxide (CO2);693513;kg
2023;201596;M&R Claushuis BV;Zeewolde;Kooldioxide (CO2);114818;kg
2023;201639;Solidus Solutions Board Oude Pekela;Oude Pekela;Kooldioxide (CO2);10189035;kg
2023;202140;Vitelco BV;'s-Hertogenbosch;Kooldioxide (CO2);1031191;kg
2023;202159;Fokker Aerospace BV;Papendrecht;Kooldioxide (CO2);3532208;kg
2023;202214;Greif Nederland BV;Europoort Rotterdam;Kooldioxide (CO2);2170052;kg
2023;202229;Bunge Loders Croklaan Rotterdam;Maasvlakte Rotterdam;Kooldioxide (CO2);9482888;kg
2023;202257;Accsys Technologies;Arnhem;Kooldioxide (CO2);4713978;kg
2023;202268;Eneco HWC Overvecht;Utrecht;Kooldioxide (CO2);668577;kg
2023;202298;Evonik Peroxide Netherlands B.V.;Farmsum;Kooldioxide (CO2);25415500;kg
2023;202380;Pluimveeverwerkingsbedrijf Jan van Ee BV;Stroe;Kooldioxide (CO2);878579;kg
2023;202418;Eneco HWC Nicolaas Beetsstraat;Utrecht;Kooldioxide (CO2);1822689;kg
2023;202419;Eneco HWC Nieuwegein;Nieuwegein;Kooldioxide (CO2);679615;kg
2023;202597;Coatinc Groningen B.V.;Groningen;Kooldioxide (CO2);916638;kg
2023;202662;Pluimveeslachterij G.P. Remkes B.V.;Epe;Kooldioxide (CO2);870613;kg
2023;202692;adapa The Netherlands Amersfoort BV;Amersfoort;Kooldioxide (CO2);1063652;kg
2023;202746;Argent Energy;Amsterdam;Kooldioxide (CO2);20500000;kg
2023;202803;Avery Dennison Materials Nederland BV;Alphen aan den Rijn;Kooldioxide (CO2);1143000;kg
2023;202824;Eneco Merwedekanaal;Utrecht;Kooldioxide (CO2);77550716;kg
2023;202825;Eneco Lage Weide;Utrecht;Kooldioxide (CO2);454653680;kg
2023;202858;Grolsche Bierbrouwerij Nederland B.V.;Enschede;Kooldioxide (CO2);3135397;kg
2023;202863;Ruijtenberg Shipyard BV;Raamsdonksveer;Kooldioxide (CO2);0;kg
2023;202867;Vrije Universiteit Amsterdam;Amsterdam;Kooldioxide (CO2);22474701;kg
2023;202902;GMB BioEnergie Tiel BV;Tiel;Kooldioxide (CO2);16258948;kg
2023;202926;Ulamo Coating B.V.;Ulft;Kooldioxide (CO2);1385876;kg
2023;202935;Alblasserdam Yachtbuilding B.V. (Oceanco);Alblasserdam;Kooldioxide (CO2);596000;kg
2023;202990;Alco Energy Rotterdam;Europoort Rotterdam;Kooldioxide (CO2);352921056;kg
2023;202992;Viterra Botlek BV;Botlek Rotterdam;Kooldioxide (CO2);27120339;kg
2023;202999;Renewi Drachten - Stuurboord;Drachten;Kooldioxide (CO2);723291;kg
2023;203083;Exploitatiemaatschappij J ter Horst BV;Varsseveld;Kooldioxide (CO2);117679;kg
2023;203086;JAZO Zevenaar BV;Zevenaar;Kooldioxide (CO2);99308;kg
2023;203155;Vattenfall Power Generation B.V. (HWC Almere Stad);Almere;Kooldioxide (CO2);299940;kg
2023;203159;Eco Fuels Netherlands B.V.;Eemshaven;Kooldioxide (CO2);5210000;kg
2023;203186;RWZI West;Amsterdam;Kooldioxide (CO2);3617108;kg
2023;203220;EEW Energy from Waste Delfzijl B.V.;Farmsum;Kooldioxide (CO2);682663459;kg
2023;203228;RWE Eemshaven Magnum B.V.;Eemshaven;Kooldioxide (CO2);1100402828;kg
2023;203273;RWE Eemshaven Holding II B.V.;Eemshaven;Kooldioxide (CO2);3634580284;kg
2023;203284;Steel Protection Oosterhout;Oosterhout;Kooldioxide (CO2);539918;kg
2023;203346;Inter-Che-M BV;Beuningen Gld;Kooldioxide (CO2);213300;kg
2023;203411;Pergen VOF;Pernis Rotterdam;Kooldioxide (CO2);1101627224;kg
2023;203416;IHC Krimpen;Krimpen aan den Ijssel;Kooldioxide (CO2);185036;kg
2023;203417;Van Rooi Meat BV (Helmond);Helmond;Kooldioxide (CO2);3741703;kg
2023;203430;Rotocoat Kampen B.V.;Ijsselmuiden;Kooldioxide (CO2);803000;kg
2023;203496;Reststoffen Energie Centrale (REC);Harlingen;Kooldioxide (CO2);237168000;kg
2023;203505;EP NL Rijnmond 2 B.V.;Vondelingenplaat Rotterdam;Kooldioxide (CO2);486910000;kg
2023;203530;Teijin Aramid BV;Emmen;Kooldioxide (CO2);3073959;kg
2023;203542;Galvano Hengelo BV;Hengelo;Kooldioxide (CO2);119000;kg
2023;203590;Arkema B.V. location Rotterdam;Vondelingenplaat Rotterdam;Kooldioxide (CO2);4510000;kg
2023;203605;Kok Gorinchem BV;Gorinchem;Kooldioxide (CO2);648000;kg
2023;203651;Dutch Advanced Polyesters Emmen B.V.;Emmen;Kooldioxide (CO2);893958;kg
2023;203707;Afvalstoffendienst gemeente 's-Hertogenbosch;'s-Hertogenbosch;Kooldioxide (CO2);2420000;kg
2023;203738;Fokker Landing Gear;Helmond;Kooldioxide (CO2);567309;kg
2023;203785;Neste Netherlands B.V.;Maasvlakte Rotterdam;Kooldioxide (CO2);65599460;kg
2023;203825;Linde Gas Dieren;Dieren;Kooldioxide (CO2);366316;kg
2023;203843;Putman Recycling BV (Westervoort);Westervoort;Kooldioxide (CO2);1108820;kg
2023;203868;Cérélia Netherlands B.V.;Sliedrecht;Kooldioxide (CO2);5469879;kg
2023;203887;Noblesse Proteins BV;Wijster;Kooldioxide (CO2);2830278;kg
2023;204042;locatie Brunssum (Brunssum);Brunssum;Kooldioxide (CO2);466630;kg
2023;204062;Intervet international BV;De Bilt;Kooldioxide (CO2);265200;kg
2023;204215;Enerco B.V.;Born;Kooldioxide (CO2);573995;kg
2023;204287;Global Food Group BV;Ospel;Kooldioxide (CO2);1244000;kg
2023;204361;EcoFuels;Well L;Kooldioxide (CO2);13301871;kg
2023;204363;Vattenfall Warmte N.V. (HWC Schuytgraaf);Arnhem;Kooldioxide (CO2);1292065;kg
2023;204488;Cumapol Emmen B.V.;Emmen;Kooldioxide (CO2);475054;kg
2023;204497;Summa petfood B.V.;Putten;Kooldioxide (CO2);108658;kg
2023;204522;Ondergrondse aardgasopslag Zuidwending;Veendam;Kooldioxide (CO2);2900233;kg
2023;204552;Gesloten stortplaats De Langenberg;Zelhem;Kooldioxide (CO2);755000;kg
2023;204556;Waterstromen Lichtenvoorde B.V.;Lichtenvoorde;Kooldioxide (CO2);7193468;kg
2023;204602;RWZI Soest;Soest;Kooldioxide (CO2);2349111;kg
2023;204609;Hoogweg Paprikakwekerijen BV;Luttelgeest;Kooldioxide (CO2);5060492;kg
2023;204617;Power Plant Rotterdam;Maasvlakte Rotterdam;Kooldioxide (CO2);1248216673;kg
2023;204650;Ferdinand Zandbergen BV;Woudenberg;Kooldioxide (CO2);55737;kg
2023;204654;ENECOGEN V.O.F.;Europoort Rotterdam;Kooldioxide (CO2);1042868832;kg
2023;204692;Handelsonderneming Technivet Ermelo BV/Gerbuvet BV;Ermelo;Kooldioxide (CO2);1884679;kg
2023;204763;KH Dairy Sourcing BV;Coevorden;Kooldioxide (CO2);1943869;kg
2023;204851;Air Products HyCO 4 (Botlekweg);Botlek Rotterdam;Kooldioxide (CO2);627198584;kg
2023;204944;Eneco Bio Golden Raand C.V.;Farmsum;Kooldioxide (CO2);407751300;kg
2023;204957;WKC Ypenburg;'s-Gravenhage;Kooldioxide (CO2);33437086;kg
2023;205100;AVISTA OIL B.V.;Roosendaal;Kooldioxide (CO2);303143;kg
2023;205183;Van Merksteijn International B.V.;Almelo;Kooldioxide (CO2);5291429;kg
2023;205221;Vendecs B.V.;Enschede;Kooldioxide (CO2);558158;kg
2023;205256;DCL Corporation (NL) B.V.;Maastricht;Kooldioxide (CO2);2842731;kg
2023;205276;Diffutherm BV;Hapert;Kooldioxide (CO2);673980;kg
2023;205339;Veco Zuivel B.V.;Zeewolde;Kooldioxide (CO2);1140000;kg
2023;205493;Euro Support Advanced Materials B.V.;Uden;Kooldioxide (CO2);2482516;kg
2023;205497;N.V. Organon (Moleneind);Oss;Kooldioxide (CO2);3811149;kg
2023;205498;MSD Biotech BV;Oss;Kooldioxide (CO2);117100;kg
2023;205500;Aspen Oss B.V. (locatie Moleneind);Oss;Kooldioxide (CO2);7140000;kg
2023;205501;Aspen Oss B.V. (locatie De Geer);Oss;Kooldioxide (CO2);5060000;kg
2023;205503;MRC Plating Products B.V.;Zeewolde;Kooldioxide (CO2);130922;kg
2023;205570;NorthC Almere;Almere;Kooldioxide (CO2);25541;kg
2023;205588;Van der Velden Schalkwijk;Schalkwijk;Kooldioxide (CO2);268710;kg
2023;205661;Woodvision B.V.;Kampen;Kooldioxide (CO2);188100;kg
2023;205709;IJsselland Bio Fuels B.V.;Kampen;Kooldioxide (CO2);1778400;kg
2023;205802;Empyro B.V.;Hengelo;Kooldioxide (CO2);0;kg
2023;205844;Green Box Computing B.V.;Eemshaven;Kooldioxide (CO2);464800;kg
2023;205876;Hartog Containers B.V.;Amersfoort;Kooldioxide (CO2);202781;kg
2023;205961;Chamlon B.V.;Ootmarsum;Kooldioxide (CO2);169813;kg
2023;205962;Gesloten stortplaats De Keyenberg;Wageningen;Kooldioxide (CO2);300000;kg
2023;205965;Amsterdam Meat Company Ameco BV;Apeldoorn;Kooldioxide (CO2);694000;kg
2023;205998;Koster Keunen Holland B.V.;Bladel;Kooldioxide (CO2);311791;kg
2023;206010;Reststoffen Bewerkingsinstallatie;Farmsum;Kooldioxide (CO2);139053;kg
2023;206040;Groen Gas Gelderland B.V.;Bemmel;Kooldioxide (CO2);9985100;kg
2023;206160;Greenergy Biofuels Amsterdam B.V.;Amsterdam;Kooldioxide (CO2);6090809;kg
2023;206181;Jonkman Coating BV Locatie Lemerij;Hengelo;Kooldioxide (CO2);367216;kg
2023;206211;ABL-Technic Uden;Uden;Kooldioxide (CO2);1160570;kg
2023;206213;HWC Amsterdam Driehoek;Amsterdam;Kooldioxide (CO2);439431;kg
2023;206222;Hoogheemraadschap Hollands Noorderkwartier RWZI Beemster;Zuidoostbeemster;Kooldioxide (CO2);2847780;kg
2023;206262;Fresh Trading Manufacturing B.V.;Rotterdam;Kooldioxide (CO2);2563000;kg
2023;206263;Delrin Netherlands B.V.;Dordrecht;Kooldioxide (CO2);5695435;kg
2023;206266;Hexion VAD B.V.;Vondelingenplaat Rotterdam;Kooldioxide (CO2);4355000;kg
2023;206267;EemsEnergy Terminal B.V.;Eemshaven;Kooldioxide (CO2);31576368;kg
2023;206268;Linde Gas Europoort 2;Europoort Rotterdam;Kooldioxide (CO2);8061000;kg
2023;206270;CAN-PACK Netherlands B.V.;Helmond;Kooldioxide (CO2);9587717;kg
2023;206310;Bek & Verburg B.V.;Amsterdam;Kooldioxide (CO2);75000;kg
2023;206325;J.A. ter Maten Pluimveebedrijf B.V.;Bunschoten-Spakenburg;Kooldioxide (CO2);20600;kg
2023;206333;Den Ouden Group B.V.;Alblasserdam;Kooldioxide (CO2);962223;kg
2023;220121;Hoogheemraadschap Hollands Noorderkwartier RWZI Alkmaar;Alkmaar;Kooldioxide (CO2);2182056;kg
2023;220124;AWZI Almere;Almere;Kooldioxide (CO2);5194629;kg
2023;220129;RWZI Amstelveen (HH Amstel, Gooi en Vecht);Amstelveen;Kooldioxide (CO2);3657263;kg
2023;220131;RWZI Westpoort;Amsterdam;Kooldioxide (CO2);16230638;kg
2023;220133;RWZI Arnhem-Zuid;Arnhem;Kooldioxide (CO2);6507729;kg
2023;220136;RWZI Asten (Waterschap Aa en Maas);Heusden;Kooldioxide (CO2);1591982;kg
2023;220138;RWZI Emmen;Nieuw-Amsterdam;Kooldioxide (CO2);5668173;kg
2023;220139;RWZI Bath;Rilland;Kooldioxide (CO2);11906222;kg
2023;220150;Hoogheemraadschap Hollands Noorderkwartier SDI/RWZI Beverwijk;Beverwijk;Kooldioxide (CO2);30525275;kg
2023;220188;Hoogheemraadschap Hollands Noorderkwartier RWZI Den Helder;Den Helder;Kooldioxide (CO2);3914030;kg
2023;220191;RWZI Deventer;Deventer;Kooldioxide (CO2);3966621;kg
2023;220200;RWZI Dongemond;Oosterhout;Kooldioxide (CO2);4777455;kg
2023;220201;RWZI Dordrecht;Dordrecht;Kooldioxide (CO2);4094781;kg
2023;220209;RWZI Echten;Hoogeveen;Kooldioxide (CO2);1256461;kg
2023;220213;RWZI Elburg;Elburg;Kooldioxide (CO2);4629823;kg
2023;220217;RWZI Etten;Terborg;Kooldioxide (CO2);4892171;kg
2023;220223;Hoogheemraadschap Hollands Noorderkwartier RWZI Geestmerambacht;Warmenhuizen;Kooldioxide (CO2);3902544;kg
2023;220236;AWZI Gouda;Gouda;Kooldioxide (CO2);1604740;kg
2023;220243;RWZI Haarlem-Waarderpolder;Haarlem;Kooldioxide (CO2);8505184;kg
2023;220263;RWZI Hellevoetsluis;Hellevoetsluis;Kooldioxide (CO2);2226481;kg
2023;220264;Rioolwaterzuiveringsinstallatie Hengelo;Hengelo;Kooldioxide (CO2);17469225;kg
2023;220276;RWZI Horstermeer (HH Amstel, Gooi en Vechtstreek);Nederhorst den Berg;Kooldioxide (CO2);6363521;kg
2023;220286;AWZI Katwijk;Katwijk;Kooldioxide (CO2);4379520;kg
2023;220297;RWZI Leeuwarden;Leeuwarden;Kooldioxide (CO2);5740214;kg
2023;220298;AWZI Leiden Noord;Leiden;Kooldioxide (CO2);3123574;kg
2023;220299;AWZI Leiden Zuidwest;Leiden;Kooldioxide (CO2);4572200;kg
2023;220301;AWZI Lelystad;Lelystad;Kooldioxide (CO2);2296443;kg
2023;220304;RWZI Maastricht-Limmel;Maastricht;Kooldioxide (CO2);4765246;kg
2023;220326;AWZI Nieuwe Waterweg;Hoek Van Holland;Kooldioxide (CO2);2326858;kg
2023;220328;RWZI Nieuwegein;Nieuwegein;Kooldioxide (CO2);5988730;kg
2023;220333;AWZI Tollebeek;Tollebeek;Kooldioxide (CO2);9140876;kg
2023;220364;RWZI Renkum;Renkum;Kooldioxide (CO2);2997282;kg
2023;220369;RWZI Rijen;Rijen;Kooldioxide (CO2);1935970;kg
2023;220376;Rioolwaterzuiveringsinstallatie (RWZI) Roermond;Roermond;Kooldioxide (CO2);5766177;kg
2023;220382;RWZI Schelluinen;Schelluinen;Kooldioxide (CO2);2697351;kg
2023;220387;RWZI Den Bosch (Waterschap Aa en Maas);'s-Hertogenbosch;Kooldioxide (CO2);3700366;kg
2023;220392;RWZI Sleeuwijk/Zuivering Sleeuwijk;Sleeuwijk;Kooldioxide (CO2);2943881;kg
2023;220410;RWZI Terneuzen;Terneuzen;Kooldioxide (CO2);2180709;kg
2023;220412;RWZI Terwolde;Terwolde;Kooldioxide (CO2);728922;kg
2023;220415;Rioolwaterzuiveringsinstallatie Tiel;Tiel;Kooldioxide (CO2);4275119;kg
2023;220416;RWZI Tilburg Noord;Tilburg;Kooldioxide (CO2);15339480;kg
2023;220429;RWZI Veenendaal;Overberg;Kooldioxide (CO2);3937084;kg
2023;220432;RWZI Vinkel (Waterschap Aa en Maas);Vinkel;Kooldioxide (CO2);1208581;kg
2023;220443;RWZI Walcheren;Ritthem;Kooldioxide (CO2);4183364;kg
2023;220451;Hoogheemraadschap Hollands Noorderkwartier RWZI Wervershoof;Wervershoof;Kooldioxide (CO2);11619786;kg
2023;220460;RWZI Willem Annapolder;Kapelle;Kooldioxide (CO2);2582404;kg
2023;220469;Hoogheemraadschap Hollands Noorderkwartier RWZI Zaandam-Oost;Zaandam;Kooldioxide (CO2);6546315;kg
2023;220478;RWZI Zutphen;Zutphen;Kooldioxide (CO2);12977829;kg
2023;220479;AWZI Zwaanshoek;Zwaanshoek;Kooldioxide (CO2);4926864;kg
2023;220480;AWZI Zwanenburg;Zwanenburg;Kooldioxide (CO2);3371186;kg
2023;220481;RWZI Zwijndrecht;Zwijndrecht;Kooldioxide (CO2);4661515;kg
2023;220482;RWZI Zwolle;Zwolle;Kooldioxide (CO2);8016703;kg
2023;220500;RWZI Leidsche Rijn;Utrecht;Kooldioxide (CO2);3615907;kg
2023;220537;RWZI Harnaschpolder (Hoogheemraadschap van Delfland);Den Hoorn;Kooldioxide (CO2);28023034;kg
