identifiant;nom_etablissement;annee_emission;milieu;polluant;quantite;unite
0005202342;TORAY CARBONS FIBERS EUROPE SA;2013;Air;Acide cyanhydrique (HCN);4930;kg/an
0006400196;SAS ZEPHIRE;2013;Air;Oxydes d'azote (NOx/NO2);210000;kg/an
0006401008;Basell Polyoléfines France SAS;2013;Air;Vanadium et ses composés;990;kg/an
0006501529;HELIO PRINT (ex H2D ex QUEBECOR );2013;Air;Dioxyde de carbone (CO2) d'origine non biomasse;14200000;kg/an
0006700503;BASF;2013;Air;Dioxyde de carbone (CO2) d'origine non biomasse;16000000;kg/an
0007000956;ARCELORMITTAL FRANCE;2013;Air;Cuivre et composés (exprimés en tant que Cu);1570;kg/an
0056900076;AUCHAN HYPERMARCHE;2013;Air;Hydroflurocarbures (HFC);1060;kg/an
;GAEC des Prelions;2013;Air;Ammoniac (NH3);21500;kg/an
;EARL Les Cornalières;2013;Air;Ammoniac (NH3);11500;kg/an
;SAS EGGTEAM AVIPONTE;2013;Air;Ammoniac (NH3);16500;kg/an
;GAEC du Perrat (site volaille);2013;Air;Ammoniac (NH3);15300;kg/an
;SARL de Montburon;2013;Air;Ammoniac (NH3);12600;kg/an
;SARL ELEVAGE DES CHARMES;2013;Air;Ammoniac (NH3);23800;kg/an
;SARL Elevage du Bois Cochon;2013;Air;Ammoniac (NH3);13800;kg/an
;SARL Elevage des Marais;2013;Air;Ammoniac (NH3);17000;kg/an
;PROVENT SDPR - Elevage des 3 Monts;2013;Air;Ammoniac (NH3);33800;kg/an
;SAS AIRPORC / ELEVAGE GREZIAT;2013;Air;Ammoniac (NH3);10200;kg/an
;SCEA SOGIFRA;2013;Air;Ammoniac (NH3);13300;kg/an
;SA Larçon;2013;Air;Ammoniac (NH3);11200;kg/an
;EARL DU CHARPET;2013;Air;Ammoniac (NH3);14500;kg/an
;SCEA Les COUTURES;2013;Air;Ammoniac (NH3);20700;kg/an
;SCEA des 3B;2013;Air;Ammoniac (NH3);12200;kg/an
;GAEC MANSCOURT;2013;Air;Ammoniac (NH3);11800;kg/an
;GAEC des Hayettes - MOREAU;2013;Air;Ammoniac (NH3);15400;kg/an
;EARL DE LA BREZE;2013;Air;Ammoniac (NH3);10000;kg/an
;INTEROVO Avicole France;2013;Air;Ammoniac (NH3);36100;kg/an
;GAEC DE ROOVER;2013;Air;Ammoniac (NH3);24800;kg/an
;CHENE Alain;2013;Air;Ammoniac (NH3);13000;kg/an
;EARL CHENE Alain;2013;Air;Ammoniac (NH3);15600;kg/an
;AUVERGNE POUSSINS;2013;Air;Ammoniac (NH3);15200;kg/an
0005100009;SUEZ RV NORD EST;2013;Air;Méthane (CH4);581000;kg/an
0005100009;SUEZ RV NORD EST;2013;Air;Dioxyde de carbone (CO2) total (d'origine biomasse et non biomasse);12300000;kg/an
0005100009;SUEZ RV NORD EST;2013;Air;Dioxyde de carbone (CO2) d'origine biomasse;12300000;kg/an
0005100058;NLMK COATING S.A.;2013;Air;Dioxyde de carbone (CO2) d'origine non biomasse;11500000;kg/an
0005100058;NLMK COATING S.A.;2013;Air;Dioxyde de carbone (CO2) total (d'origine biomasse et non biomasse);11500000;kg/an
0005100097;NESTLE France SAS;2013;Air;Dioxyde de carbone (CO2) d'origine non biomasse;18800000;kg/an
0005100097;NESTLE France SAS;2013;Air;Dioxyde de carbone (CO2) total (d'origine biomasse et non biomasse);18800000;kg/an
0005100114;TEREOS FRANCE (BUCY);2013;Air;Composés organiques volatils non méthaniques (COVNM);89300;kg/an
0005100114;TEREOS FRANCE (BUCY);2013;Air;Oxydes d'azote (NOx/NO2);138000;kg/an
0005100114;TEREOS FRANCE (BUCY);2013;Air;Dioxyde de carbone (CO2) d'origine non biomasse;112000000;kg/an
0005100114;TEREOS FRANCE (BUCY);2013;Air;Dioxyde de carbone (CO2) total (d'origine biomasse et non biomasse);129000000;kg/an
0005100114;TEREOS FRANCE (BUCY);2013;Air;Dioxyde de carbone (CO2) d'origine biomasse;17300000;kg/an
0005100143;WEPA GREENFIELD SAS;2013;Air;Dioxyde de carbone (CO2) d'origine non biomasse;27300000;kg/an
0005100143;WEPA GREENFIELD SAS;2013;Air;Dioxyde de carbone (CO2) total (d'origine biomasse et non biomasse);27300000;kg/an
0005100143;WEPA GREENFIELD SAS;2013;Eau (direct);Demande chimique en oxygène (DCO);345000;kg/an
0005100143;WEPA GREENFIELD SAS;2013;Sol;Cadmium et composés (exprimés en tant que Cd);8.3;kg/an
0005100143;WEPA GREENFIELD SAS;2013;Sol;Chrome et composés (exprimés en tant que Cr);300;kg/an
0005100143;WEPA GREENFIELD SAS;2013;Sol;Cuivre et composés (exprimés en tant que Cu);1810;kg/an
0005100143;WEPA GREENFIELD SAS;2013;Sol;Mercure et composés (exprimés en tant que Hg);3.33;kg/an
0005100143;WEPA GREENFIELD SAS;2013;Sol;Nickel et composés (exprimés en tant que Ni);129;kg/an
0005100143;WEPA GREENFIELD SAS;2013;Sol;Plomb et composés (exprimés en tant que Pb);333;kg/an
0005100143;WEPA GREENFIELD SAS;2013;Sol;Zinc et composés (exprimés en tant que Zn);8010;kg/an
0005100185;ARKEMA Usine de Chauny;2013;Air;Composés organiques volatils non méthaniques (COVNM);50700;kg/an
0005100185;ARKEMA Usine de Chauny;2013;Air;Monoxyde de carbone (CO);5170000;kg/an
0005100185;ARKEMA Usine de Chauny;2013;Air;Dioxyde de carbone (CO2) d'origine non biomasse;51300000;kg/an
0005100185;ARKEMA Usine de Chauny;2013;Air;Dioxyde de carbone (CO2) total (d'origine biomasse et non biomasse);51300000;kg/an
0005100185;ARKEMA Usine de Chauny;2013;Eau (direct);Arsenic et composés (exprimés en tant que As);22;kg/an
0005100185;ARKEMA Usine de Chauny;2013;Eau (direct);Di(2-éthylhexyle)phtalate (DEHP);133;kg/an
0005100185;ARKEMA Usine de Chauny;2013;Eau (direct);Zinc et composés (exprimés en tant que Zn);138;kg/an
0005100190;DSP France SAS  (ex DOW FRANCE);2013;Air;1,2-dichloroéthane (DCE - chlorure d'éthylène);6350;kg/an
0005100190;DSP France SAS  (ex DOW FRANCE);2013;Air;Composés organiques volatils non méthaniques (COVNM);41500;kg/an
0005100190;DSP France SAS  (ex DOW FRANCE);2013;Air;Dichlorométhane (DCM, chlorure de méthylène);20400;kg/an
0005100190;DSP France SAS  (ex DOW FRANCE);2013;Air;Méthanol (alcool méthylique);22800;kg/an
0005100190;DSP France SAS  (ex DOW FRANCE);2013;Air;Dioxyde de carbone (CO2) d'origine non biomasse;11000000;kg/an
0005100190;DSP France SAS  (ex DOW FRANCE);2013;Air;Dioxyde de carbone (CO2) total (d'origine biomasse et non biomasse);11000000;kg/an
0005100190;DSP France SAS  (ex DOW FRANCE);2013;Eau (direct);1,2-dichloroéthane (DCE - chlorure d'éthylène);11;kg/an
0005100190;DSP France SAS  (ex DOW FRANCE);2013;Eau (direct);Chlorures (en tant que Cl total);3040000;kg/an
0005100190;DSP France SAS  (ex DOW FRANCE);2013;Eau (direct);Composés organohalogénés (exprimés en tant que AOX);6160;kg/an
0005100190;DSP France SAS  (ex DOW FRANCE);2013;Eau (direct);Demande chimique en oxygène (DCO);241000;kg/an
0005100190;DSP France SAS  (ex DOW FRANCE);2013;Eau (direct);Dichlorométhane (DCM, chlorure de méthylène);11;kg/an
0005100190;DSP France SAS  (ex DOW FRANCE);2013;Eau (direct);Sulfates;2770000;kg/an
0005100257;VERALLIA FRANCE (ex St Gobain Emballage);2013;Air;Oxydes d'azote (NOx/NO2);197000;kg/an
0005100257;VERALLIA FRANCE (ex St Gobain Emballage);2013;Air;Dioxyde de carbone (CO2) d'origine non biomasse;59700000;kg/an
0005100257;VERALLIA FRANCE (ex St Gobain Emballage);2013;Air;Dioxyde de carbone (CO2) total (d'origine biomasse et non biomasse);59700000;kg/an
0005100293;EVERBAL PAPETERIE;2013;Air;Dioxyde de carbone (CO2) total (d'origine biomasse et non biomasse);39700000;kg/an
0005100293;EVERBAL PAPETERIE;2013;Air;Dioxyde de carbone (CO2) d'origine biomasse;39700000;kg/an
0005100293;EVERBAL PAPETERIE;2013;Eau (direct);Demande biologique en oxygène (DBO5);43000;kg/an
0005100293;EVERBAL PAPETERIE;2013;Eau (direct);Demande chimique en oxygène (DCO);160000;kg/an
0005100293;EVERBAL PAPETERIE;2013;Sol;Chrome et composés (exprimés en tant que Cr);56.2;kg/an
0005100293;EVERBAL PAPETERIE;2013;Sol;Cuivre et composés (exprimés en tant que Cu);110;kg/an
0005100297;AUCHAN FRANCE;2013;Air;Hydroflurocarbures (HFC);457;kg/an
0005100333;LE CREUSET SAS;2013;Air;Cadmium et composés (exprimés en tant que Cd);16.7;kg/an
0005100333;LE CREUSET SAS;2013;Air;Chrome et composés (exprimés en tant que Cr);116;kg/an
0005100333;LE CREUSET SAS;2013;Air;Manganèse et composés (exprimés en tant que Mn);215;kg/an
0005100333;LE CREUSET SAS;2013;Air;Mercure et composés (exprimés en tant que Hg);32.9;kg/an
0005100333;LE CREUSET SAS;2013;Air;Plomb et composés (exprimés en tant que Pb);271;kg/an
0005100333;LE CREUSET SAS;2013;Air;Zinc et composés (exprimés en tant que Zn);4460;kg/an
0005100333;LE CREUSET SAS;2013;Eau (direct);Cadmium et composés (exprimés en tant que Cd);1.33;kg/an
0005100349;SOPROCOS;2013;Air;Composés organiques volatils non méthaniques (COVNM);63700;kg/an
0005100390;SITA NORD EST;2013;Air;Méthane (CH4);285000;kg/an
0005100397;MONDELEZ FRANCE BISCUITS PRODUCTION SAS;2013;Eau (indirect);Demande biologique en oxygène (DBO5);62700;kg/an
0005100400;CROWN LAON;2013;Air;Composés organiques volatils non méthaniques (COVNM);157000;kg/an
0005100467;GAVEL;2013;Air;Dioxyde de carbone (CO2) d'origine non biomasse;22200000;kg/an
0005100467;GAVEL;2013;Air;Dioxyde de carbone (CO2) total (d'origine biomasse et non biomasse);22200000;kg/an
0005100467;GAVEL;2013;Sol;Cuivre et composés (exprimés en tant que Cu);106;kg/an
0005100467;GAVEL;2013;Sol;Zinc et composés (exprimés en tant que Zn);247;kg/an
0005100494;NOVABION;2013;Air;Dioxyde de carbone (CO2) d'origine non biomasse;13500000;kg/an
0005100494;NOVABION;2013;Air;Dioxyde de carbone (CO2) total (d'origine biomasse et non biomasse);13500000;kg/an
0005100507;ENGIE COFELY;2013;Air;Dioxyde de carbone (CO2) d'origine non biomasse;17000000;kg/an
0005100507;ENGIE COFELY;2013;Air;Dioxyde de carbone (CO2) total (d'origine biomasse et non biomasse);17000000;kg/an
0005100521;TEREOS FRANCE;2013;Air;Composés organiques volatils non méthaniques (COVNM);186000;kg/an
0005100521;TEREOS FRANCE;2013;Air;Oxydes d'azote (NOx/NO2);290000;kg/an
0005100521;TEREOS FRANCE;2013;Air;Protoxyde d'azote (N2O);10200;kg/an
0005100521;TEREOS FRANCE;2013;Air;Dioxyde de carbone (CO2) d'origine non biomasse;234000000;kg/an
0005100521;TEREOS FRANCE;2013;Air;Dioxyde de carbone (CO2) total (d'origine biomasse et non biomasse);451000000;kg/an
0005100521;TEREOS FRANCE;2013;Air;Dioxyde de carbone (CO2) d'origine biomasse;217000000;kg/an
0005100521;TEREOS FRANCE;2013;Eau (direct);Azote total;55000;kg/an
0005100521;TEREOS FRANCE;2013;Eau (direct);Demande chimique en oxygène (DCO);335000;kg/an
0005100562;MBK INDUSTRIE;2013;Air;Composés organiques volatils non méthaniques (COVNM);43700;kg/an
0005100562;MBK INDUSTRIE;2013;Eau (indirect);Chrome hexavalent et composés (exprimés en tant que Cr VI);182;kg/an
0005100562;MBK INDUSTRIE;2013;Eau (indirect);Cuivre et composés (exprimés en tant que Cu);970;kg/an
0005100611;CENTRE HOSPITALIER GENERAL;2013;Eau (indirect);Demande biologique en oxygène (DBO5);45300;kg/an
0005100692;COFELY ex DALKIA;2013;Air;Dioxyde de carbone (CO2) total (d'origine biomasse et non biomasse);12500000;kg/an
0005100692;COFELY ex DALKIA;2013;Air;Dioxyde de carbone (CO2) d'origine biomasse;12500000;kg/an
0005100696;BSL PIPES ET FITTINGS;2013;Eau (indirect);Chrome et composés (exprimés en tant que Cr);193;kg/an
0005100696;BSL PIPES ET FITTINGS;2013;Eau (indirect);Nickel et composés (exprimés en tant que Ni);142;kg/an
0005100756;ATEMAX FRANCE;2013;Air;Dioxyde de carbone (CO2) d'origine non biomasse;15700000;kg/an
0005100756;ATEMAX FRANCE;2013;Air;Dioxyde de carbone (CO2) total (d'origine biomasse et non biomasse);15700000;kg/an
0005100757;SAICA PAPER  FRANCE (ROCHETTE VENIZEL);2013;Air;Dioxyde de carbone (CO2) d'origine non biomasse;66200000;kg/an
0005100757;SAICA PAPER  FRANCE (ROCHETTE VENIZEL);2013;Air;Dioxyde de carbone (CO2) total (d'origine biomasse et non biomasse);66200000;kg/an
0005100757;SAICA PAPER  FRANCE (ROCHETTE VENIZEL);2013;Eau (direct);Demande chimique en oxygène (DCO);228000;kg/an
0005100757;SAICA PAPER  FRANCE (ROCHETTE VENIZEL);2013;Sol;Azote total;115000;kg/an
0005100757;SAICA PAPER  FRANCE (ROCHETTE VENIZEL);2013;Sol;Chrome et composés (exprimés en tant que Cr);165;kg/an
0005100757;SAICA PAPER  FRANCE (ROCHETTE VENIZEL);2013;Sol;Cuivre et composés (exprimés en tant que Cu);1040;kg/an
0005100757;SAICA PAPER  FRANCE (ROCHETTE VENIZEL);2013;Sol;Mercure et composés (exprimés en tant que Hg);2.29;kg/an
0005100757;SAICA PAPER  FRANCE (ROCHETTE VENIZEL);2013;Sol;Nickel et composés (exprimés en tant que Ni);75.3;kg/an
0005100757;SAICA PAPER  FRANCE (ROCHETTE VENIZEL);2013;Sol;Plomb et composés (exprimés en tant que Pb);291;kg/an
0005100757;SAICA PAPER  FRANCE (ROCHETTE VENIZEL);2013;Sol;Zinc et composés (exprimés en tant que Zn);1510;kg/an
0005100850;ETEX France Building Performance;2013;Air;Dioxyde de carbone (CO2) d'origine non biomasse;33300000;kg/an
0005100850;ETEX France Building Performance;2013;Air;Dioxyde de carbone (CO2) total (d'origine biomasse et non biomasse);33300000;kg/an
0005100869;POUDMET;2013;Eau (direct);Cuivre et composés (exprimés en tant que Cu);54.2;kg/an
0005100909;VISKASE;2013;Air;Sulfure de carbone;336000;kg/an
0005100909;VISKASE;2013;Air;Sulfure d'hydrogène (H2S);141000;kg/an
0005100912;AGCO;2013;Air;Composés organiques volatils non méthaniques (COVNM);94100;kg/an
0005100918;SPONTEX;2013;Air;Sulfure de carbone;211000;kg/an
0005100918;SPONTEX;2013;Air;Sulfure d'hydrogène (H2S);70000;kg/an
0005100918;SPONTEX;2013;Air;Dioxyde de carbone (CO2) d'origine non biomasse;33600000;kg/an
0005100918;SPONTEX;2013;Air;Dioxyde de carbone (CO2) total (d'origine biomasse et non biomasse);33600000;kg/an
0005100918;SPONTEX;2013;Eau (direct);Demande biologique en oxygène (DBO5);62100;kg/an
0005100918;SPONTEX;2013;Eau (direct);Demande chimique en oxygène (DCO);190000;kg/an
0005100949;LEBRONZE ALLOYS (ex BRONZE INDUSTRIEL);2013;Air;Zinc et composés (exprimés en tant que Zn);1470;kg/an
0005100978;BASF France (ex Coatings);2013;Air;Composés organiques volatils non méthaniques (COVNM);63100;kg/an
0005100978;BASF France (ex Coatings);2013;Air;Zinc et composés (exprimés en tant que Zn);1010;kg/an
0005100993;Si GROUP;2013;Air;Composés organiques volatils non méthaniques (COVNM);44500;kg/an
0005101027;TEREOS FRANCE (Ex SICA PULPOSEC);2013;Air;Dioxyde de carbone (CO2) d'origine non biomasse;33100000;kg/an
0005101027;TEREOS FRANCE (Ex SICA PULPOSEC);2013;Air;Dioxyde de carbone (CO2) total (d'origine biomasse et non biomasse);33100000;kg/an
0005101029;TEREOS FRANCE;2013;Air;Oxydes de soufre (SOx/SO2);227000;kg/an
0005101029;TEREOS FRANCE;2013;Air;Oxydes d'azote (NOx/NO2);116000;kg/an
0005101029;TEREOS FRANCE;2013;Air;Dioxyde de carbone (CO2) d'origine non biomasse;76000000;kg/an
0005101029;TEREOS FRANCE;2013;Air;Dioxyde de carbone (CO2) total (d'origine biomasse et non biomasse);76000000;kg/an
0005101072;REGEAL;2013;Air;Dioxyde de carbone (CO2) d'origine non biomasse;13700000;kg/an
0005101072;REGEAL;2013;Air;Dioxyde de carbone (CO2) total (d'origine biomasse et non biomasse);13700000;kg/an
0005101075;COFELY;2013;Air;Dioxyde de carbone (CO2) d'origine non biomasse;27700000;kg/an
0005101075;COFELY;2013;Air;Dioxyde de carbone (CO2) total (d'origine biomasse et non biomasse);27700000;kg/an
0005101102;CREIL ENERGIE (ex DALKIA FRANCE);2013;Air;Dioxyde de carbone (CO2) d'origine non biomasse;16800000;kg/an
0005101102;CREIL ENERGIE (ex DALKIA FRANCE);2013;Air;Dioxyde de carbone (CO2) total (d'origine biomasse et non biomasse);28000000;kg/an
0005101102;CREIL ENERGIE (ex DALKIA FRANCE);2013;Air;Dioxyde de carbone (CO2) d'origine biomasse;11200000;kg/an
0005101138;CLARIANT PRODUCTION (France);2013;Eau (indirect);Demande chimique en oxygène (DCO);881000;kg/an
0005101157;Amphastar France Pharmaceuticals;2013;Air;Composés organiques volatils non méthaniques (COVNM);31800;kg/an
0005101176;SAVERGLASS (SAV ...);2013;Air;Mercure et composés (exprimés en tant que Hg);10.6;kg/an
0005101176;SAVERGLASS (SAV ...);2013;Air;Oxydes de soufre (SOx/SO2);172000;kg/an
0005101176;SAVERGLASS (SAV ...);2013;Air;Oxydes d'azote (NOx/NO2);176000;kg/an
0005101176;SAVERGLASS (SAV ...);2013;Air;Vanadium et ses composés;18;kg/an
0005101176;SAVERGLASS (SAV ...);2013;Air;Dioxyde de carbone (CO2) d'origine non biomasse;66100000;kg/an
0005101176;SAVERGLASS (SAV ...);2013;Air;Dioxyde de carbone (CO2) total (d'origine biomasse et non biomasse);66100000;kg/an
0005101211;STORENGY;2013;Air;Méthane (CH4);234000;kg/an
0005101211;STORENGY;2013;Air;Dioxyde de carbone (CO2) d'origine non biomasse;23400000;kg/an
0005101211;STORENGY;2013;Air;Dioxyde de carbone (CO2) total (d'origine biomasse et non biomasse);23400000;kg/an
0005101264;Montupet Laigneville;2013;Air;Composés organiques volatils non méthaniques (COVNM);39300;kg/an
0005101264;Montupet Laigneville;2013;Air;Phénols (en tant que C total);1970;kg/an
0005101321;FAURECIA Intérieur Industrie;2013;Air;Composés organiques volatils non méthaniques (COVNM);61100;kg/an
0005101338;PLACOPLATRE (EX ISOPLAC);2013;Air;Composés organiques volatils non méthaniques (COVNM);244000;kg/an
0005101363;ARCELORMITTAL FRANCE;2013;Air;Composés organiques volatils non méthaniques (COVNM);119000;kg/an
0005101363;ARCELORMITTAL FRANCE;2013;Air;Dioxyde de carbone (CO2) d'origine non biomasse;54900000;kg/an
0005101363;ARCELORMITTAL FRANCE;2013;Air;Dioxyde de carbone (CO2) total (d'origine biomasse et non biomasse);54900000;kg/an
0005101363;ARCELORMITTAL FRANCE;2013;Eau (direct);Zinc et composés (exprimés en tant que Zn);124;kg/an
0005101367;CSDU de MOULIN SOUS TOUVENT;2013;Air;Méthane (CH4);294000;kg/an
0005101410;NSO ENERGIES;2013;Air;Dioxyde de carbone (CO2) d'origine non biomasse;17200000;kg/an
0005101410;NSO ENERGIES;2013;Air;Dioxyde de carbone (CO2) total (d'origine biomasse et non biomasse);17200000;kg/an
0005101439;AUTONEUM France SASU;2013;Air;Aldéhyde formique (formaldéhyde);9150;kg/an
0005101439;AUTONEUM France SASU;2013;Air;Phénols (en tant que C total);1680;kg/an
0005101507;SYNTHOS ( ex INEOS STYRENICS);2013;Air;Composés organiques volatils non méthaniques (COVNM);83600;kg/an
0005101523;BELL usine de Russy-Bémont;2013;Sol;Nickel et composés (exprimés en tant que Ni);21.3;kg/an
0005101523;BELL usine de Russy-Bémont;2013;Sol;Phosphore total;8860;kg/an
0005101523;BELL usine de Russy-Bémont;2013;Sol;Zinc et composés (exprimés en tant que Zn);184;kg/an
0005101524;EJ Picardie;2013;Air;Dioxyde de carbone (CO2) d'origine non biomasse;59100000;kg/an
0005101524;EJ Picardie;2013;Air;Dioxyde de carbone (CO2) total (d'origine biomasse et non biomasse);59100000;kg/an
0005101555;NORCHIM;2013;Air;Dichlorométhane (DCM, chlorure de méthylène);1900;kg/an
0005101565;ISDND SPAT SAINT MAXIMIN;2013;Air;Méthane (CH4);867000;kg/an
0005101565;ISDND SPAT SAINT MAXIMIN;2013;Air;Dioxyde de carbone (CO2) total (d'origine biomasse et non biomasse);10700000;kg/an
0005101565;ISDND SPAT SAINT MAXIMIN;2013;Air;Dioxyde de carbone (CO2) d'origine biomasse;10700000;kg/an
0005101610;SAINT GOBAIN GLASS;2013;Air;Oxydes de soufre (SOx/SO2);213000;kg/an
0005101610;SAINT GOBAIN GLASS;2013;Air;Oxydes d'azote (NOx/NO2);499000;kg/an
0005101610;SAINT GOBAIN GLASS;2013;Air;Dioxyde de carbone (CO2) d'origine non biomasse;86900000;kg/an
0005101610;SAINT GOBAIN GLASS;2013;Air;Dioxyde de carbone (CO2) total (d'origine biomasse et non biomasse);86900000;kg/an
0005101637;OLEON (ex NOVANCE);2013;Air;Composés organiques volatils non méthaniques (COVNM);133000;kg/an
0005101637;OLEON (ex NOVANCE);2013;Air;Dioxyde de carbone (CO2) d'origine non biomasse;25900000;kg/an
0005101637;OLEON (ex NOVANCE);2013;Air;Dioxyde de carbone (CO2) total (d'origine biomasse et non biomasse);25900000;kg/an
0005101668;ARKEMA;2013;Air;Composés organiques volatils non méthaniques (COVNM);48900;kg/an
0005101699;LACTINOV  (ex-SFPL);2013;Eau (indirect);Demande biologique en oxygène (DBO5);197000;kg/an
0005101699;LACTINOV  (ex-SFPL);2013;Eau (indirect);Demande chimique en oxygène (DCO);495000;kg/an
0005101699;LACTINOV  (ex-SFPL);2013;Eau (indirect);Phosphore total;9490;kg/an
0005101758;EUROSERUM;2013;Eau (indirect);Demande biologique en oxygène (DBO5);91200;kg/an
0005101758;EUROSERUM;2013;Eau (indirect);Demande chimique en oxygène (DCO);200000;kg/an
0005101812;ETOUVIE ENERGIES ET ENVIRONNEMENT;2013;Air;Dioxyde de carbone (CO2) d'origine non biomasse;15500000;kg/an
0005101812;ETOUVIE ENERGIES ET ENVIRONNEMENT;2013;Air;Dioxyde de carbone (CO2) total (d'origine biomasse et non biomasse);15500000;kg/an
0005101887;AJINOMOTO ANIMAL NUTRITION EUROPE;2013;Air;Hydroflurocarbures (HFC);256;kg/an
0005101887;AJINOMOTO ANIMAL NUTRITION EUROPE;2013;Air;Dioxyde de carbone (CO2) d'origine non biomasse;31000000;kg/an
0005101887;AJINOMOTO ANIMAL NUTRITION EUROPE;2013;Air;Dioxyde de carbone (CO2) total (d'origine biomasse et non biomasse);31000000;kg/an
0005101887;AJINOMOTO ANIMAL NUTRITION EUROPE;2013;Eau (direct);Demande chimique en oxygène (DCO);272000;kg/an
0005101887;AJINOMOTO ANIMAL NUTRITION EUROPE;2013;Sol;Chrome et composés (exprimés en tant que Cr);96;kg/an
0005101887;AJINOMOTO ANIMAL NUTRITION EUROPE;2013;Sol;Cuivre et composés (exprimés en tant que Cu);195;kg/an
0005101887;AJINOMOTO ANIMAL NUTRITION EUROPE;2013;Sol;Nickel et composés (exprimés en tant que Ni);95;kg/an
0005101887;AJINOMOTO ANIMAL NUTRITION EUROPE;2013;Sol;Zinc et composés (exprimés en tant que Zn);602;kg/an
0005101900;AMIENS ENERGIES;2013;Air;Dioxyde de carbone (CO2) d'origine non biomasse;17800000;kg/an
0005101900;AMIENS ENERGIES;2013;Air;Dioxyde de carbone (CO2) total (d'origine biomasse et non biomasse);17800000;kg/an
0005101904;PROCTER et  GAMBLE AMIENS;2013;Air;Dioxyde de carbone (CO2) d'origine non biomasse;17100000;kg/an
0005101904;PROCTER et  GAMBLE AMIENS;2013;Air;Dioxyde de carbone (CO2) total (d'origine biomasse et non biomasse);17100000;kg/an
0005101927;USINE AMIENS NORD (GOODYEAR);2013;Air;Composés organiques volatils non méthaniques (COVNM);31900;kg/an
0005102027;SECODE;2013;Air;Méthane (CH4);399000;kg/an
0005102065;LUNOR  DISTRIBUTION;2013;Sol;Phosphore total;5760;kg/an
0005102078;DS SMITH PACKAGING EX OTOR PICARDIE;2013;Air;Dioxyde de carbone (CO2) d'origine non biomasse;26100000;kg/an
0005102078;DS SMITH PACKAGING EX OTOR PICARDIE;2013;Air;Dioxyde de carbone (CO2) total (d'origine biomasse et non biomasse);26100000;kg/an
0005102122;SUEZ ENVIRONNEMENT;2013;Air;Méthane (CH4);229000;kg/an
0005102147;SICA PULPE HAUTE PICARDIE;2013;Air;Dioxyde de carbone (CO2) d'origine non biomasse;25200000;kg/an
0005102147;SICA PULPE HAUTE PICARDIE;2013;Air;Dioxyde de carbone (CO2) total (d'origine biomasse et non biomasse);25200000;kg/an
0005102153;SAINT LOUIS SUCRE;2013;Air;Composés organiques volatils non méthaniques (COVNM);56200;kg/an
0005102153;SAINT LOUIS SUCRE;2013;Air;Oxydes de soufre (SOx/SO2);180000;kg/an
0005102153;SAINT LOUIS SUCRE;2013;Air;Oxydes d'azote (NOx/NO2);201000;kg/an
0005102153;SAINT LOUIS SUCRE;2013;Air;Dioxyde de carbone (CO2) d'origine non biomasse;134000000;kg/an
0005102153;SAINT LOUIS SUCRE;2013;Air;Dioxyde de carbone (CO2) total (d'origine biomasse et non biomasse);189000000;kg/an
0005102153;SAINT LOUIS SUCRE;2013;Air;Dioxyde de carbone (CO2) d'origine biomasse;55100000;kg/an
0005102153;SAINT LOUIS SUCRE;2013;Sol;Phosphore total;6540;kg/an
0005102302;SPCH;2013;Air;Mercure et composés (exprimés en tant que Hg);16.8;kg/an
0005102308;SMIRTOM Picardie Ouest - site de Thieulloy l'Abbaye / TRINOVAL;2013;Air;Méthane (CH4);282000;kg/an
0005102355;STELIA AEROSPACE;2013;Air;Composés organiques volatils non méthaniques (COVNM);46700;kg/an
0005102362;AJINOMOTO FOODS EUROPE;2013;Eau (indirect);Azote total;389000;kg/an
0005102362;AJINOMOTO FOODS EUROPE;2013;Eau (indirect);Demande chimique en oxygène (DCO);1950000;kg/an
0005102372;SUEZ ENVIRONNEMENT;2013;Air;Méthane (CH4);517000;kg/an
0005102374;BONDUELLE EUROPE LONG LIFE;2013;Air;Dioxyde de carbone (CO2) d'origine non biomasse;24900000;kg/an
0005102374;BONDUELLE EUROPE LONG LIFE;2013;Air;Dioxyde de carbone (CO2) total (d'origine biomasse et non biomasse);24900000;kg/an
0005102374;BONDUELLE EUROPE LONG LIFE;2013;Eau (direct);Demande biologique en oxygène (DBO5);51600;kg/an
0005102374;BONDUELLE EUROPE LONG LIFE;2013;Eau (direct);Demande chimique en oxygène (DCO);177000;kg/an
0005102374;BONDUELLE EUROPE LONG LIFE;2013;Eau (direct);Phosphore total;5020;kg/an
0005102385;AMCOR FLEXIBLES FOOD FRANCE;2013;Air;Hydrocarbures aromatiques polycycliques (HAP);121;kg/an
0005102391;UGEPA;2013;Air;Composés organiques volatils non méthaniques (COVNM);59300;kg/an
0005102404;TEREOS  STARCH & SWEETENER EUROPE;2013;Air;Oxydes d'azote (NOx/NO2);351000;kg/an
0005102404;TEREOS  STARCH & SWEETENER EUROPE;2013;Air;Protoxyde d'azote (N2O);14600;kg/an
0005102404;TEREOS  STARCH & SWEETENER EUROPE;2013;Air;Dioxyde de carbone (CO2) d'origine non biomasse;332000000;kg/an
0005102404;TEREOS  STARCH & SWEETENER EUROPE;2013;Air;Dioxyde de carbone (CO2) total (d'origine biomasse et non biomasse);332000000;kg/an
0005102404;TEREOS  STARCH & SWEETENER EUROPE;2013;Sol;Chrome et composés (exprimés en tant que Cr);68.5;kg/an
0005102404;TEREOS  STARCH & SWEETENER EUROPE;2013;Sol;Cuivre et composés (exprimés en tant que Cu);56.6;kg/an
0005102404;TEREOS  STARCH & SWEETENER EUROPE;2013;Sol;Zinc et composés (exprimés en tant que Zn);359;kg/an
0005102417;COVED;2013;Air;Méthane (CH4);719000;kg/an
0005102481;VALNOR SA;2013;Air;Méthane (CH4);187000;kg/an
0005102505;ROYE sucrerie et conditionnement;2013;Air;Dioxyde de carbone (CO2) d'origine non biomasse;60900000;kg/an
0005102505;ROYE sucrerie et conditionnement;2013;Air;Dioxyde de carbone (CO2) total (d'origine biomasse et non biomasse);60900000;kg/an
0005102507;DESHYDRATATION DE PULPES SUCRERIE ROYE;2013;Air;Dioxyde de carbone (CO2) d'origine non biomasse;37400000;kg/an
0005102507;DESHYDRATATION DE PULPES SUCRERIE ROYE;2013;Air;Dioxyde de carbone (CO2) total (d'origine biomasse et non biomasse);37400000;kg/an
0005102581;ROQUETTE  FRERES;2013;Air;Dioxyde de carbone (CO2) d'origine non biomasse;40300000;kg/an
0005102581;ROQUETTE  FRERES;2013;Air;Dioxyde de carbone (CO2) total (d'origine biomasse et non biomasse);40300000;kg/an
0005102581;ROQUETTE  FRERES;2013;Sol;Azote total;466000;kg/an
0005102581;ROQUETTE  FRERES;2013;Sol;Nickel et composés (exprimés en tant que Ni);30.1;kg/an
0005102581;ROQUETTE  FRERES;2013;Sol;Nonylphénols et éthoxylates de nonylphénol (NP/NPE);2.6;kg/an
0005102581;ROQUETTE  FRERES;2013;Sol;Phosphore total;113000;kg/an
0005102581;ROQUETTE  FRERES;2013;Sol;Zinc et composés (exprimés en tant que Zn);419;kg/an
0005102587;RKW SFE SAS;2013;Air;Composés organiques volatils non méthaniques (COVNM);115000;kg/an
0005102598;Cristal Union, établissement de Sainte Emilie;2013;Air;Oxydes de soufre (SOx/SO2);396000;kg/an
0005102598;Cristal Union, établissement de Sainte Emilie;2013;Air;Oxydes d'azote (NOx/NO2);143000;kg/an
0005102598;Cristal Union, établissement de Sainte Emilie;2013;Air;Dioxyde de carbone (CO2) d'origine non biomasse;75000000;kg/an
0005102598;Cristal Union, établissement de Sainte Emilie;2013;Air;Dioxyde de carbone (CO2) total (d'origine biomasse et non biomasse);75000000;kg/an
0005103204;EDILIANS tuilerie de St Germer;2013;Air;Chlore et composés inorganiques (en tant que HCl);23500;kg/an
0005103204;EDILIANS tuilerie de St Germer;2013;Air;Fluor et composés inorganiques (en tant que HF);5150;kg/an
0005103204;EDILIANS tuilerie de St Germer;2013;Air;Dioxyde de carbone (CO2) d'origine non biomasse;36400000;kg/an
0005103204;EDILIANS tuilerie de St Germer;2013;Air;Dioxyde de carbone (CO2) total (d'origine biomasse et non biomasse);36400000;kg/an
0005103369;Auchan amiens sud;2013;Air;Hydroflurocarbures (HFC);323;kg/an
0005103657;Flint Groupe France;2013;Air;Composés organiques volatils non méthaniques (COVNM);125000;kg/an
0005103728;SOCOPIC-Sté Cogénér.Picardie (ex.Dalkia);2013;Air;Oxydes d'azote (NOx/NO2);112000;kg/an
0005103728;SOCOPIC-Sté Cogénér.Picardie (ex.Dalkia);2013;Air;Dioxyde de carbone (CO2) d'origine non biomasse;104000000;kg/an
0005103728;SOCOPIC-Sté Cogénér.Picardie (ex.Dalkia);2013;Air;Dioxyde de carbone (CO2) total (d'origine biomasse et non biomasse);104000000;kg/an
0005103811;ESIANE;2013;Air;Oxydes d'azote (NOx/NO2);140000;kg/an
0005103811;ESIANE;2013;Air;Dioxyde de carbone (CO2) d'origine non biomasse;22200000;kg/an
0005103811;ESIANE;2013;Air;Dioxyde de carbone (CO2) total (d'origine biomasse et non biomasse);51700000;kg/an
0005103811;ESIANE;2013;Air;Dioxyde de carbone (CO2) d'origine biomasse;29500000;kg/an
0005103880;EBERSPACHER unités A et B;2013;Air;Chrome et composés (exprimés en tant que Cr);166;kg/an
0005104686;FLEXICO;2013;Air;Composés organiques volatils non méthaniques (COVNM);31200;kg/an
0005105074;GURDEBEKE SA;2013;Air;Méthane (CH4);659000;kg/an
0005105241;COFELY GDF SUEZ;2013;Air;Dioxyde de carbone (CO2) d'origine non biomasse;54200000;kg/an
0005105241;COFELY GDF SUEZ;2013;Air;Dioxyde de carbone (CO2) total (d'origine biomasse et non biomasse);54200000;kg/an
0005105384;ISDND du Bochet;2013;Air;Méthane (CH4);436000;kg/an
0005105384;ISDND du Bochet;2013;Air;Dioxyde de carbone (CO2) total (d'origine biomasse et non biomasse);14000000;kg/an
0005105384;ISDND du Bochet;2013;Air;Dioxyde de carbone (CO2) d'origine biomasse;14000000;kg/an
0005105439;BIC RASOIRS;2013;Air;Trichloréthylène;5960;kg/an
0005105624;SINIAT (EX LAFARGE PLATRES) Rantigny;2013;Air;Composés organiques volatils non méthaniques (COVNM);61400;kg/an
0005105788;WEYLCHEM LAMOTTE (ex CLARIANT SFC);2013;Air;Composés organiques volatils non méthaniques (COVNM);187000;kg/an
0005105788;WEYLCHEM LAMOTTE (ex CLARIANT SFC);2013;Air;Oxydes de soufre (SOx/SO2);382000;kg/an
0005105788;WEYLCHEM LAMOTTE (ex CLARIANT SFC);2013;Air;Protoxyde d'azote (N2O);516000;kg/an
0005105788;WEYLCHEM LAMOTTE (ex CLARIANT SFC);2013;Air;Dioxyde de carbone (CO2) d'origine non biomasse;27100000;kg/an
0005105788;WEYLCHEM LAMOTTE (ex CLARIANT SFC);2013;Air;Dioxyde de carbone (CO2) total (d'origine biomasse et non biomasse);27100000;kg/an
0005105788;WEYLCHEM LAMOTTE (ex CLARIANT SFC);2013;Eau (direct);Arsenic et composés (exprimés en tant que As);19.8;kg/an
0005105788;WEYLCHEM LAMOTTE (ex CLARIANT SFC);2013;Eau (direct);Cadmium et composés (exprimés en tant que Cd);9.89;kg/an
0005105788;WEYLCHEM LAMOTTE (ex CLARIANT SFC);2013;Eau (direct);Chlorures (en tant que Cl total);2660000;kg/an
0005105788;WEYLCHEM LAMOTTE (ex CLARIANT SFC);2013;Eau (direct);Demande chimique en oxygène (DCO);364000;kg/an
0005105788;WEYLCHEM LAMOTTE (ex CLARIANT SFC);2013;Eau (direct);Nickel et composés (exprimés en tant que Ni);132;kg/an
0005105788;WEYLCHEM LAMOTTE (ex CLARIANT SFC);2013;Eau (direct);Phosphore total;8150;kg/an
0005105788;WEYLCHEM LAMOTTE (ex CLARIANT SFC);2013;Eau (direct);Phénols (en tant que C total);26.3;kg/an
0005105788;WEYLCHEM LAMOTTE (ex CLARIANT SFC);2013;Eau (direct);Sulfates;3000000;kg/an
0005105839;SYNTHOMER (ex HEXION MOMENTIVE);2013;Air;Dioxyde de carbone (CO2) d'origine non biomasse;18400000;kg/an
0005105839;SYNTHOMER (ex HEXION MOMENTIVE);2013;Air;Dioxyde de carbone (CO2) total (d'origine biomasse et non biomasse);18400000;kg/an
0005106008;VALOR'AISNE;2013;Air;Méthane (CH4);822000;kg/an
0005106026;SUEZ Eau Industrielle (ex ONDEO IS);2013;Eau (direct);Zinc et composés (exprimés en tant que Zn);254;kg/an
0005106416;SEDE ENVIRONNEMENT;2013;Air;Ammoniac (NH3);12500;kg/an
0005106517;VALNOR;2013;Air;Méthane (CH4);3530000;kg/an
0005106517;VALNOR;2013;Air;Dioxyde de carbone (CO2) total (d'origine biomasse et non biomasse);35600000;kg/an
0005106517;VALNOR;2013;Air;Dioxyde de carbone (CO2) d'origine biomasse;35600000;kg/an
0005106524;SITA OISE;2013;Air;Méthane (CH4);809000;kg/an
0005106534;SUEZ RV Ile-de-France;2013;Air;Méthane (CH4);220000;kg/an
0005106806;SEDE ENVIRONNEMENT;2013;Air;Ammoniac (NH3);11800;kg/an
0005200016;EURENCO (ex-BERGERAC NC);2013;Air;Dioxyde de carbone (CO2) d'origine non biomasse;19100000;kg/an
0005200016;EURENCO (ex-BERGERAC NC);2013;Air;Dioxyde de carbone (CO2) total (d'origine biomasse et non biomasse);19100000;kg/an
0005200016;EURENCO (ex-BERGERAC NC);2013;Eau (direct);Zinc et composés (exprimés en tant que Zn);113;kg/an
0005200028;EURENCO SA;2013;Air;Composés organiques volatils non méthaniques (COVNM);99300;kg/an
0005200081;MUNKSJÖ ROTTERSAC SAS;2013;Eau (direct);Demande biologique en oxygène (DBO5);44300;kg/an
0005200081;MUNKSJÖ ROTTERSAC SAS;2013;Eau (direct);Demande chimique en oxygène (DCO);204000;kg/an
0005200086;CONDAT SAS;2013;Air;Dioxyde de carbone (CO2) d'origine non biomasse;72400000;kg/an
0005200086;CONDAT SAS;2013;Air;Dioxyde de carbone (CO2) total (d'origine biomasse et non biomasse);72400000;kg/an
0005200086;CONDAT SAS;2013;Eau (direct);Aluminium et composés (exprimés en tant que Al);18100;kg/an
0005200086;CONDAT SAS;2013;Eau (direct);Demande chimique en oxygène (DCO);169000;kg/an
0005200086;CONDAT SAS;2013;Sol;Cuivre et composés (exprimés en tant que Cu);59.4;kg/an
0005200086;CONDAT SAS;2013;Sol;Nickel et composés (exprimés en tant que Ni);27;kg/an
0005200086;CONDAT SAS;2013;Sol;Zinc et composés (exprimés en tant que Zn);144;kg/an
0005200096;SITA SUD OUEST;2013;Air;Méthane (CH4);1440000;kg/an
0005200096;SITA SUD OUEST;2013;Air;Dioxyde de carbone (CO2) total (d'origine biomasse et non biomasse);22900000;kg/an
0005200096;SITA SUD OUEST;2013;Air;Dioxyde de carbone (CO2) d'origine biomasse;22900000;kg/an
0005200110;CORENSO France SA;2013;Air;Dioxyde de carbone (CO2) d'origine non biomasse;18500000;kg/an
0005200110;CORENSO France SA;2013;Air;Dioxyde de carbone (CO2) total (d'origine biomasse et non biomasse);18500000;kg/an
0005200118;INTERSPRAY S.A.S;2013;Air;Composés organiques volatils non méthaniques (COVNM);61600;kg/an
0005200156;CHAUX DE ST ASTIER SAS;2013;Air;Dioxyde de carbone (CO2) d'origine non biomasse;38700000;kg/an
0005200156;CHAUX DE ST ASTIER SAS;2013;Air;Dioxyde de carbone (CO2) total (d'origine biomasse et non biomasse);38700000;kg/an
0005200214;LHOIST France Centre et Sud-Ouest SAS;2013;Air;Dioxyde de carbone (CO2) d'origine non biomasse;44800000;kg/an
0005200214;LHOIST France Centre et Sud-Ouest SAS;2013;Air;Dioxyde de carbone (CO2) total (d'origine biomasse et non biomasse);69600000;kg/an
0005200214;LHOIST France Centre et Sud-Ouest SAS;2013;Air;Dioxyde de carbone (CO2) d'origine biomasse;24800000;kg/an
0005200251;SANOFI WINTHROP INDUSTRIE;2013;Air;Composés organiques volatils non méthaniques (COVNM);36700;kg/an
0005200256;EPG;2013;Air;Composés organiques volatils non méthaniques (COVNM);34600;kg/an
0005200259;YARA FRANCE;2013;Air;Ammoniac (NH3);27900;kg/an
0005200259;YARA FRANCE;2013;Air;Oxydes d'azote (NOx/NO2);122000;kg/an
0005200259;YARA FRANCE;2013;Air;Protoxyde d'azote (N2O);234000;kg/an
0005200265;LUCIEN BERNARD SA;2013;Air;Composés organiques volatils non méthaniques (COVNM);280000;kg/an
0005200266;ORION ENGENEERED CARBONS SAS;2013;Air;Oxydes d'azote (NOx/NO2);312000;kg/an
0005200266;ORION ENGENEERED CARBONS SAS;2013;Air;Dioxyde de carbone (CO2) d'origine non biomasse;105000000;kg/an
0005200266;ORION ENGENEERED CARBONS SAS;2013;Air;Dioxyde de carbone (CO2) total (d'origine biomasse et non biomasse);105000000;kg/an
0005200303;mairie d'audenge;2013;Air;Méthane (CH4);148000;kg/an
0005200351;SIMOREP & CIE- CS MICHELIN;2013;Air;Composés organiques volatils non méthaniques (COVNM);595000;kg/an
0005200351;SIMOREP & CIE- CS MICHELIN;2013;Air;Hydroflurocarbures (HFC);285;kg/an
0005200351;SIMOREP & CIE- CS MICHELIN;2013;Air;Oxydes de soufre (SOx/SO2);349000;kg/an
0005200351;SIMOREP & CIE- CS MICHELIN;2013;Air;Oxydes d'azote (NOx/NO2);257000;kg/an
0005200351;SIMOREP & CIE- CS MICHELIN;2013;Air;Dioxyde de carbone (CO2) d'origine non biomasse;159000000;kg/an
0005200351;SIMOREP & CIE- CS MICHELIN;2013;Air;Dioxyde de carbone (CO2) total (d'origine biomasse et non biomasse);159000000;kg/an
0005200351;SIMOREP & CIE- CS MICHELIN;2013;Eau (direct);Cobalt et composés (exprimés en tant que Co);92;kg/an
0005200352;SIAP PROCINER;2013;Air;Dioxyde de carbone (CO2) total (d'origine biomasse et non biomasse);14100000;kg/an
0005200352;SIAP PROCINER;2013;Air;Dioxyde de carbone (CO2) d'origine biomasse;14100000;kg/an
0005200359;SAIPOL SA;2013;Air;Composés organiques volatils non méthaniques (COVNM);490000;kg/an
0005200359;SAIPOL SA;2013;Air;Dioxyde de carbone (CO2) d'origine non biomasse;13900000;kg/an
0005200359;SAIPOL SA;2013;Air;Dioxyde de carbone (CO2) total (d'origine biomasse et non biomasse);13900000;kg/an
0005200361;SIAP-SARP INDUSTRIES AQUITAINE PYRENEES;2013;Eau (direct);Cadmium et composés (exprimés en tant que Cd);1.15;kg/an
0005200378;VALBOM;2013;Air;Oxydes d'azote (NOx/NO2);102000;kg/an
0005200378;VALBOM;2013;Air;Dioxyde de carbone (CO2) d'origine non biomasse;94700000;kg/an
0005200378;VALBOM;2013;Air;Dioxyde de carbone (CO2) total (d'origine biomasse et non biomasse);219000000;kg/an
0005200378;VALBOM;2013;Air;Dioxyde de carbone (CO2) d'origine biomasse;125000000;kg/an
0005200391;PAPETERIES DE BEGLES (SAPB);2013;Air;Dioxyde de carbone (CO2) d'origine non biomasse;31300000;kg/an
0005200391;PAPETERIES DE BEGLES (SAPB);2013;Air;Dioxyde de carbone (CO2) total (d'origine biomasse et non biomasse);31300000;kg/an
0005200391;PAPETERIES DE BEGLES (SAPB);2013;Eau (direct);Demande biologique en oxygène (DBO5);123000;kg/an
0005200391;PAPETERIES DE BEGLES (SAPB);2013;Eau (direct);Demande chimique en oxygène (DCO);474000;kg/an
0005200420;SMURFIT KAPPA CELLULOSE DU PIN;2013;Air;Oxydes d'azote (NOx/NO2);458000;kg/an
0005200420;SMURFIT KAPPA CELLULOSE DU PIN;2013;Air;Dioxyde de carbone (CO2) d'origine non biomasse;29900000;kg/an
0005200420;SMURFIT KAPPA CELLULOSE DU PIN;2013;Air;Dioxyde de carbone (CO2) total (d'origine biomasse et non biomasse);646000000;kg/an
0005200420;SMURFIT KAPPA CELLULOSE DU PIN;2013;Air;Dioxyde de carbone (CO2) d'origine biomasse;616000000;kg/an
0005200420;SMURFIT KAPPA CELLULOSE DU PIN;2013;Eau (direct);Azote total;90500;kg/an
0005200420;SMURFIT KAPPA CELLULOSE DU PIN;2013;Eau (direct);Composés organohalogénés (exprimés en tant que AOX);1520;kg/an
0005200420;SMURFIT KAPPA CELLULOSE DU PIN;2013;Eau (direct);Demande biologique en oxygène (DBO5);1210000;kg/an
0005200420;SMURFIT KAPPA CELLULOSE DU PIN;2013;Eau (direct);Demande chimique en oxygène (DCO);4430000;kg/an
0005200420;SMURFIT KAPPA CELLULOSE DU PIN;2013;Eau (direct);Matières en suspension (MES);656000;kg/an
0005200420;SMURFIT KAPPA CELLULOSE DU PIN;2013;Eau (direct);Phosphore total;17400;kg/an
0005200420;SMURFIT KAPPA CELLULOSE DU PIN;2013;Eau (direct);Phénols (en tant que C total);684;kg/an
0005200420;SMURFIT KAPPA CELLULOSE DU PIN;2013;Eau (direct);Plomb et composés (exprimés en tant que Pb);27.7;kg/an
0005200472;BORDEAUX METROPOLE;2013;Air;Hydroflurocarbures (HFC);472;kg/an
0005200500;AUCHAN - Bordeaux Mériadeck;2013;Air;Hydroflurocarbures (HFC);600;kg/an
0005200579;CHU Hôpitaux de Bordeaux;2013;Air;Dioxyde de carbone (CO2) d'origine non biomasse;15400000;kg/an
0005200579;CHU Hôpitaux de Bordeaux;2013;Air;Dioxyde de carbone (CO2) total (d'origine biomasse et non biomasse);15400000;kg/an
0005200592;SAFT SAS;2013;Air;Hydrochlorofluorocarbures (HCFC);23.9;kg/an
0005200592;SAFT SAS;2013;Eau (direct);Cadmium et composés (exprimés en tant que Cd);2.64;kg/an
0005200678;RIVE DROITE ENVIRONNEMENT SAS;2013;Air;Dioxyde de carbone (CO2) d'origine non biomasse;44100000;kg/an
0005200678;RIVE DROITE ENVIRONNEMENT SAS;2013;Air;Dioxyde de carbone (CO2) total (d'origine biomasse et non biomasse);102000000;kg/an
0005200678;RIVE DROITE ENVIRONNEMENT SAS;2013;Air;Dioxyde de carbone (CO2) d'origine biomasse;58000000;kg/an
0005200682;SEDE Environnement;2013;Air;Ammoniac (NH3);14100;kg/an
0005200721;UCVA;2013;Air;Composés organiques volatils non méthaniques (COVNM);43800;kg/an
0005200721;UCVA;2013;Air;Dioxyde de carbone (CO2) total (d'origine biomasse et non biomasse);15300000;kg/an
0005200721;UCVA;2013;Air;Dioxyde de carbone (CO2) d'origine biomasse;15300000;kg/an
0005200812;ARIANEGROUP;2013;Air;Dioxyde de carbone (CO2) d'origine non biomasse;10300000;kg/an
0005200812;ARIANEGROUP;2013;Air;Dioxyde de carbone (CO2) total (d'origine biomasse et non biomasse);10300000;kg/an
0005200859;SOVAL;2013;Air;Méthane (CH4);2210000;kg/an
0005200859;SOVAL;2013;Air;Oxydes de soufre (SOx/SO2);266000;kg/an
0005200859;SOVAL;2013;Air;Dioxyde de carbone (CO2) total (d'origine biomasse et non biomasse);53200000;kg/an
0005200859;SOVAL;2013;Air;Dioxyde de carbone (CO2) d'origine biomasse;53200000;kg/an
0005200869;L'ELECTROLYSE SAS;2013;Eau (direct);Cadmium et composés (exprimés en tant que Cd);2.11;kg/an
0005200869;L'ELECTROLYSE SAS;2013;Eau (direct);Nickel et composés (exprimés en tant que Ni);41.2;kg/an
0005201010;DASSAULT Aviation SA;2013;Air;Hydrochlorofluorocarbures (HCFC);32;kg/an
0005201056;TEMEX CERAMICS;2013;Air;Hydroflurocarbures (HFC);462;kg/an
0005201222;ETEX FRANCE BUILDING PERFORMANCE;2013;Air;Méthane (CH4);150000;kg/an
0005201222;ETEX FRANCE BUILDING PERFORMANCE;2013;Air;Dioxyde de carbone (CO2) d'origine non biomasse;25700000;kg/an
0005201222;ETEX FRANCE BUILDING PERFORMANCE;2013;Air;Dioxyde de carbone (CO2) total (d'origine biomasse et non biomasse);25700000;kg/an
0005201261;ARIANEGROUP;2013;Air;Chlore et composés inorganiques (en tant que HCl);11600;kg/an
0005201261;ARIANEGROUP;2013;Air;Dioxyde de carbone (CO2) d'origine non biomasse;16000000;kg/an
0005201261;ARIANEGROUP;2013;Air;Dioxyde de carbone (CO2) total (d'origine biomasse et non biomasse);16000000;kg/an
0005201277;AMCOR FLEXIBLES CAPSULES FRANCE;2013;Air;Composés organiques volatils non méthaniques (COVNM);81100;kg/an
0005201375;O-I France SAS;2013;Air;Oxydes d'azote (NOx/NO2);168000;kg/an
0005201375;O-I France SAS;2013;Air;Dioxyde de carbone (CO2) d'origine non biomasse;71900000;kg/an
0005201375;O-I France SAS;2013;Air;Dioxyde de carbone (CO2) total (d'origine biomasse et non biomasse);71900000;kg/an
0005201455;SIETOM DE CHALOSSE;2013;Eau (direct);Cyanures (sous forme de CN total);70.5;kg/an
0005201464;SITCOM côte sud des Landes;2013;Air;Dioxyde de carbone (CO2) d'origine non biomasse;12400000;kg/an
0005201464;SITCOM côte sud des Landes;2013;Air;Dioxyde de carbone (CO2) total (d'origine biomasse et non biomasse);28700000;kg/an
0005201464;SITCOM côte sud des Landes;2013;Air;Dioxyde de carbone (CO2) d'origine biomasse;16300000;kg/an
0005201479;SOLEAL SAS;2013;Sol;Phosphore total;5510;kg/an
0005201479;SOLEAL SAS;2013;Sol;Zinc et composés (exprimés en tant que Zn);139;kg/an
0005201506;Usine DRT Castets;2013;Air;Composés organiques volatils non méthaniques (COVNM);68000;kg/an
0005201506;Usine DRT Castets;2013;Eau (indirect);Demande chimique en oxygène (DCO);1920000;kg/an
0005201541;GASCOGNE FLEXIBLE;2013;Air;Composés organiques volatils non méthaniques (COVNM);264000;kg/an
0005201541;GASCOGNE FLEXIBLE;2013;Air;Hydrochlorofluorocarbures (HCFC);7.82;kg/an
0005201604;SERETRAM;2013;Air;Méthane (CH4);514000;kg/an
0005201604;SERETRAM;2013;Sol;Zinc et composés (exprimés en tant que Zn);231;kg/an
0005201623;NANKAI PLYWOOD ROLPIN (NP ROLPIN);2013;Air;Monoxyde de carbone (CO);1140000;kg/an
0005201635;MLPC InternationalSA;2013;Air;Hydrochlorofluorocarbures (HCFC);633;kg/an
0005201635;MLPC InternationalSA;2013;Eau (direct);Hydrazine;759;kg/an
0005201642;Usine DRT Lesperon;2013;Eau (indirect);Demande chimique en oxygène (DCO);178000;kg/an
0005201648;DARBO SAS;2013;Air;Aldéhyde formique (formaldéhyde);27600;kg/an
0005201648;DARBO SAS;2013;Air;Composés organiques volatils non méthaniques (COVNM);197000;kg/an
0005201648;DARBO SAS;2013;Air;Oxydes d'azote (NOx/NO2);174000;kg/an
0005201648;DARBO SAS;2013;Air;Dioxyde de carbone (CO2) total (d'origine biomasse et non biomasse);102000000;kg/an
0005201648;DARBO SAS;2013;Air;Dioxyde de carbone (CO2) d'origine biomasse;102000000;kg/an
0005201653;LOCATELLI S.A.S;2013;Air;Composés organiques volatils non méthaniques (COVNM);35900;kg/an
0005201689;FP BOIS;2013;Air;Composés organiques volatils non méthaniques (COVNM);47500;kg/an
0005201691;GASCOGNE PAPIER;2013;Air;Monoxyde de carbone (CO);1910000;kg/an
0005201691;GASCOGNE PAPIER;2013;Air;Oxydes d'azote (NOx/NO2);278000;kg/an
0005201691;GASCOGNE PAPIER;2013;Air;Plomb et composés (exprimés en tant que Pb);684;kg/an
0005201691;GASCOGNE PAPIER;2013;Air;Poussières totales;259000;kg/an
0005201691;GASCOGNE PAPIER;2013;Air;Protoxyde d'azote (N2O);10500;kg/an
0005201691;GASCOGNE PAPIER;2013;Air;Dioxyde de carbone (CO2) d'origine non biomasse;60100000;kg/an
0005201691;GASCOGNE PAPIER;2013;Air;Dioxyde de carbone (CO2) total (d'origine biomasse et non biomasse);406000000;kg/an
0005201691;GASCOGNE PAPIER;2013;Air;Dioxyde de carbone (CO2) d'origine biomasse;346000000;kg/an
0005201691;GASCOGNE PAPIER;2013;Eau (direct);Arsenic et composés (exprimés en tant que As);274;kg/an
0005201691;GASCOGNE PAPIER;2013;Eau (direct);Cadmium et composés (exprimés en tant que Cd);44;kg/an
0005201691;GASCOGNE PAPIER;2013;Eau (direct);Chrome et composés (exprimés en tant que Cr);274;kg/an
0005201691;GASCOGNE PAPIER;2013;Eau (direct);Cuivre et composés (exprimés en tant que Cu);274;kg/an
0005201691;GASCOGNE PAPIER;2013;Eau (direct);Demande biologique en oxygène (DBO5);911000;kg/an
0005201691;GASCOGNE PAPIER;2013;Eau (direct);Demande chimique en oxygène (DCO);2990000;kg/an
0005201691;GASCOGNE PAPIER;2013;Eau (direct);Matières en suspension (MES);596000;kg/an
0005201691;GASCOGNE PAPIER;2013;Eau (direct);Mercure et composés (exprimés en tant que Hg);2.7;kg/an
0005201691;GASCOGNE PAPIER;2013;Eau (direct);Nickel et composés (exprimés en tant que Ni);274;kg/an
0005201691;GASCOGNE PAPIER;2013;Eau (direct);Phénols (en tant que C total);11900;kg/an
0005201691;GASCOGNE PAPIER;2013;Eau (direct);Plomb et composés (exprimés en tant que Pb);274;kg/an
0005201691;GASCOGNE PAPIER;2013;Eau (direct);Zinc et composés (exprimés en tant que Zn);594;kg/an
0005201731;SCALANDES;2013;Air;Hydroflurocarbures (HFC);1960;kg/an
0005201748;SÉBASTIEN LABARRIERE;2013;Air;Aldéhyde formique (formaldéhyde);14900;kg/an
0005201748;SÉBASTIEN LABARRIERE;2013;Air;Composés organiques volatils non méthaniques (COVNM);152000;kg/an
0005201748;SÉBASTIEN LABARRIERE;2013;Air;Dioxyde de carbone (CO2) total (d'origine biomasse et non biomasse);28800000;kg/an
0005201748;SÉBASTIEN LABARRIERE;2013;Air;Dioxyde de carbone (CO2) d'origine biomasse;28800000;kg/an
0005201764;CHEMVIRON;2013;Air;Acétaldéhyde (aldéhyde acétique  éthanal);3880;kg/an
0005201764;CHEMVIRON;2013;Air;Aldéhyde formique (formaldéhyde);13900;kg/an
0005201764;CHEMVIRON;2013;Air;Benzène;9250;kg/an
0005201764;CHEMVIRON;2013;Air;Composés organiques volatils non méthaniques (COVNM);303000;kg/an
0005201764;CHEMVIRON;2013;Air;Monoxyde de carbone (CO);2830000;kg/an
0005201764;CHEMVIRON;2013;Air;Méthane (CH4);130000;kg/an
0005201764;CHEMVIRON;2013;Air;Méthanol (alcool méthylique);90800;kg/an
0005201764;CHEMVIRON;2013;Air;Dioxyde de carbone (CO2) d'origine non biomasse;38000000;kg/an
0005201764;CHEMVIRON;2013;Air;Dioxyde de carbone (CO2) total (d'origine biomasse et non biomasse);38000000;kg/an
0005201767;VERMILION REP S.A.S.;2013;Air;Dioxyde de carbone (CO2) d'origine non biomasse;15100000;kg/an
0005201767;VERMILION REP S.A.S.;2013;Air;Dioxyde de carbone (CO2) total (d'origine biomasse et non biomasse);15100000;kg/an
0005201789;SIVOM des cantons du pays de Born;2013;Air;Dioxyde de carbone (CO2) d'origine non biomasse;14700000;kg/an
0005201789;SIVOM des cantons du pays de Born;2013;Air;Dioxyde de carbone (CO2) total (d'origine biomasse et non biomasse);34100000;kg/an
0005201789;SIVOM des cantons du pays de Born;2013;Air;Dioxyde de carbone (CO2) d'origine biomasse;19400000;kg/an
0005201806;MLPC International SA;2013;Air;Composés organiques volatils non méthaniques (COVNM);70200;kg/an
0005201806;MLPC International SA;2013;Air;Hydrochlorofluorocarbures (HCFC);238;kg/an
0005201806;MLPC International SA;2013;Air;Hydroflurocarbures (HFC);398;kg/an
0005201806;MLPC International SA;2013;Eau (direct);Cadmium et composés (exprimés en tant que Cd);1.94;kg/an
0005201806;MLPC International SA;2013;Eau (direct);Phénols (en tant que C total);54;kg/an
0005201807;EGGER Panneaux & Décors;2013;Air;Aldéhyde formique (formaldéhyde);23500;kg/an
0005201807;EGGER Panneaux & Décors;2013;Air;Composés organiques volatils non méthaniques (COVNM);563000;kg/an
0005201807;EGGER Panneaux & Décors;2013;Air;Oxydes d'azote (NOx/NO2);229000;kg/an
0005201807;EGGER Panneaux & Décors;2013;Air;Dioxyde de carbone (CO2) total (d'origine biomasse et non biomasse);103000000;kg/an
0005201807;EGGER Panneaux & Décors;2013;Air;Dioxyde de carbone (CO2) d'origine biomasse;103000000;kg/an
0005201831;EDILIANS;2013;Air;Dioxyde de carbone (CO2) d'origine non biomasse;21500000;kg/an
0005201831;EDILIANS;2013;Air;Dioxyde de carbone (CO2) total (d'origine biomasse et non biomasse);21500000;kg/an
0005201914;SERIPANNEAUX;2013;Air;Aldéhyde formique (formaldéhyde);1520;kg/an
0005201914;SERIPANNEAUX;2013;Air;Composés organiques volatils non méthaniques (COVNM);113000;kg/an
0005201914;SERIPANNEAUX;2013;Air;Dioxyde de carbone (CO2) total (d'origine biomasse et non biomasse);14200000;kg/an
0005201914;SERIPANNEAUX;2013;Air;Dioxyde de carbone (CO2) d'origine biomasse;14200000;kg/an
0005201939;BIOLANDES TECHNOLOGIES SAS;2013;Air;Composés organiques volatils non méthaniques (COVNM);185000;kg/an
0005201998;ALKION TERMINALS [Ex LBC BAYONNE];2013;Air;Composés organiques volatils non méthaniques (COVNM);46000;kg/an
0005202000;RAYONIER A.M. TARTAS;2013;Air;Composés organiques volatils non méthaniques (COVNM);141000;kg/an
0005202000;RAYONIER A.M. TARTAS;2013;Air;Oxydes de soufre (SOx/SO2);334000;kg/an
0005202000;RAYONIER A.M. TARTAS;2013;Air;Oxydes d'azote (NOx/NO2);281000;kg/an
0005202000;RAYONIER A.M. TARTAS;2013;Air;Poussières totales;351000;kg/an
0005202000;RAYONIER A.M. TARTAS;2013;Air;Protoxyde d'azote (N2O);13200;kg/an
0005202000;RAYONIER A.M. TARTAS;2013;Air;Zinc et composés (exprimés en tant que Zn);909;kg/an
0005202000;RAYONIER A.M. TARTAS;2013;Air;Dioxyde de carbone (CO2) d'origine non biomasse;12500000;kg/an
0005202000;RAYONIER A.M. TARTAS;2013;Air;Dioxyde de carbone (CO2) total (d'origine biomasse et non biomasse);456000000;kg/an
0005202000;RAYONIER A.M. TARTAS;2013;Air;Dioxyde de carbone (CO2) d'origine biomasse;444000000;kg/an
0005202000;RAYONIER A.M. TARTAS;2013;Eau (direct);Arsenic et composés (exprimés en tant que As);10.5;kg/an
0005202000;RAYONIER A.M. TARTAS;2013;Eau (direct);Azote total;312000;kg/an
0005202000;RAYONIER A.M. TARTAS;2013;Eau (direct);Cadmium et composés (exprimés en tant que Cd);10.9;kg/an
0005202000;RAYONIER A.M. TARTAS;2013;Eau (direct);Chrome et composés (exprimés en tant que Cr);122;kg/an
0005202000;RAYONIER A.M. TARTAS;2013;Eau (direct);Composés organohalogénés (exprimés en tant que AOX);58100;kg/an
0005202000;RAYONIER A.M. TARTAS;2013;Eau (direct);Cuivre et composés (exprimés en tant que Cu);185;kg/an
0005202000;RAYONIER A.M. TARTAS;2013;Eau (direct);Demande biologique en oxygène (DBO5);489000;kg/an
0005202000;RAYONIER A.M. TARTAS;2013;Eau (direct);Demande chimique en oxygène (DCO);9050000;kg/an
0005202000;RAYONIER A.M. TARTAS;2013;Eau (direct);Matières en suspension (MES);1700000;kg/an
0005202000;RAYONIER A.M. TARTAS;2013;Eau (direct);Mercure et composés (exprimés en tant que Hg);1.86;kg/an
0005202000;RAYONIER A.M. TARTAS;2013;Eau (direct);Nickel et composés (exprimés en tant que Ni);134;kg/an
0005202000;RAYONIER A.M. TARTAS;2013;Eau (direct);Phosphore total;39400;kg/an
0005202000;RAYONIER A.M. TARTAS;2013;Eau (direct);Phénols (en tant que C total);91;kg/an
0005202000;RAYONIER A.M. TARTAS;2013;Eau (direct);Plomb et composés (exprimés en tant que Pb);94;kg/an
0005202000;RAYONIER A.M. TARTAS;2013;Eau (direct);Zinc et composés (exprimés en tant que Zn);961;kg/an
0005202000;RAYONIER A.M. TARTAS;2013;Sol;Cadmium et composés (exprimés en tant que Cd);25;kg/an
0005202000;RAYONIER A.M. TARTAS;2013;Sol;Chrome et composés (exprimés en tant que Cr);307;kg/an
0005202000;RAYONIER A.M. TARTAS;2013;Sol;Cuivre et composés (exprimés en tant que Cu);894;kg/an
0005202000;RAYONIER A.M. TARTAS;2013;Sol;Nickel et composés (exprimés en tant que Ni);211;kg/an
0005202000;RAYONIER A.M. TARTAS;2013;Sol;Plomb et composés (exprimés en tant que Pb);2710;kg/an
0005202000;RAYONIER A.M. TARTAS;2013;Sol;Zinc et composés (exprimés en tant que Zn);4830;kg/an
0005202007;RAMONDIN FRANCE (DUVICQ);2013;Air;Composés organiques volatils non méthaniques (COVNM);62000;kg/an
0005202016;Usine DRT Vielle-Saint-Girons;2013;Air;Composés organiques volatils non méthaniques (COVNM);241000;kg/an
0005202016;Usine DRT Vielle-Saint-Girons;2013;Air;Oxydes de soufre (SOx/SO2);268000;kg/an
0005202016;Usine DRT Vielle-Saint-Girons;2013;Air;Dioxyde de carbone (CO2) d'origine non biomasse;29900000;kg/an
0005202016;Usine DRT Vielle-Saint-Girons;2013;Air;Dioxyde de carbone (CO2) total (d'origine biomasse et non biomasse);71800000;kg/an
0005202016;Usine DRT Vielle-Saint-Girons;2013;Air;Dioxyde de carbone (CO2) d'origine biomasse;41900000;kg/an
0005202016;Usine DRT Vielle-Saint-Girons;2013;Eau (direct);Phénols (en tant que C total);60.5;kg/an
0005202026;ANTARCTIC FOODS AQUITAINE;2013;Sol;Phosphore total;6020;kg/an
0005202084;EUTICALS  SAS;2013;Eau (indirect);Chlorures (en tant que Cl total);2040000;kg/an
0005202084;EUTICALS  SAS;2013;Eau (indirect);Demande biologique en oxygène (DBO5);89700;kg/an
0005202084;EUTICALS  SAS;2013;Eau (indirect);Demande chimique en oxygène (DCO);247000;kg/an
0005202084;EUTICALS  SAS;2013;Eau (indirect);Méthanol (alcool méthylique);7200;kg/an
0005202148;METALTEMPLE AQUITAINE;2013;Air;Dioxines et furanes (PCDD + PCDF) (exprimés en iTeq);0.00019;kg/an
0005202243;SOGAD S.A.;2013;Air;Dioxyde de carbone (CO2) d'origine non biomasse;11000000;kg/an
0005202243;SOGAD S.A.;2013;Air;Dioxyde de carbone (CO2) total (d'origine biomasse et non biomasse);25200000;kg/an
0005202243;SOGAD S.A.;2013;Air;Dioxyde de carbone (CO2) d'origine biomasse;14100000;kg/an
0005202263;SAS SOCIETE BENNES DALBY;2013;Air;Composés organiques volatils non méthaniques (COVNM);45800;kg/an
0005202270;BRUYERES & Fils;2013;Air;Dioxyde de carbone (CO2) d'origine non biomasse;32800000;kg/an
0005202270;BRUYERES & Fils;2013;Air;Dioxyde de carbone (CO2) total (d'origine biomasse et non biomasse);50300000;kg/an
0005202270;BRUYERES & Fils;2013;Air;Dioxyde de carbone (CO2) d'origine biomasse;17500000;kg/an
0005202289;LHOIST FRANCE OUEST;2013;Air;Dioxyde de carbone (CO2) d'origine non biomasse;92300000;kg/an
0005202289;LHOIST FRANCE OUEST;2013;Air;Dioxyde de carbone (CO2) total (d'origine biomasse et non biomasse);117000000;kg/an
0005202289;LHOIST FRANCE OUEST;2013;Air;Dioxyde de carbone (CO2) d'origine biomasse;24400000;kg/an
0005202306;RIGHINI SAS;2013;Air;Composés organiques volatils non méthaniques (COVNM);59800;kg/an
0005202322;ETEX FRANCE BUILDING PERFORMANCE;2013;Air;Composés organiques volatils non méthaniques (COVNM);73200;kg/an
0005202344;TOYAL EUROPE SASU;2013;Air;Composés organiques volatils non méthaniques (COVNM);114000;kg/an
0005202379;Transport et Infrastructures Gaz France;2013;Air;Dioxyde de carbone (CO2) d'origine non biomasse;33500000;kg/an
0005202379;Transport et Infrastructures Gaz France;2013;Air;Dioxyde de carbone (CO2) total (d'origine biomasse et non biomasse);33500000;kg/an
0005202397;RBS France SAS;2013;Air;Composés organiques volatils non méthaniques (COVNM);97100;kg/an
0005202397;RBS France SAS;2013;Air;Hydroflurocarbures (HFC);36600;kg/an
0005202403;VENTANA FOUNDRY ARUDY;2013;Air;Hexafluorure de soufre (SF6);1100;kg/an
0005202503;BONCOLAC;2013;Air;Hydroflurocarbures (HFC);135;kg/an
0005202503;BONCOLAC;2013;Sol;Chrome et composés (exprimés en tant que Cr);135;kg/an
0005202503;BONCOLAC;2013;Sol;Cuivre et composés (exprimés en tant que Cu);120;kg/an
0005202503;BONCOLAC;2013;Sol;Nickel et composés (exprimés en tant que Ni);64.2;kg/an
0005202503;BONCOLAC;2013;Sol;Zinc et composés (exprimés en tant que Zn);510;kg/an
0005202511;CELSA France SAS;2013;Air;Antimoine et composés (exprimés en tant que Sb);14.4;kg/an
0005202511;CELSA France SAS;2013;Air;Arsenic et composés (exprimés en tant que As);23;kg/an
0005202511;CELSA France SAS;2013;Air;Chrome et composés (exprimés en tant que Cr);121;kg/an
0005202511;CELSA France SAS;2013;Air;Cobalt et composés (exprimés en tant que Co);25.5;kg/an
0005202511;CELSA France SAS;2013;Air;Composés organiques volatils non méthaniques (COVNM);39100;kg/an
0005202511;CELSA France SAS;2013;Air;Dioxines et furanes (PCDD + PCDF) (exprimés en iTeq);0.00086;kg/an
0005202511;CELSA France SAS;2013;Air;Mercure et composés (exprimés en tant que Hg);24.3;kg/an
0005202511;CELSA France SAS;2013;Air;Monoxyde de carbone (CO);580000;kg/an
0005202511;CELSA France SAS;2013;Air;Oxydes d'azote (NOx/NO2);214000;kg/an
0005202511;CELSA France SAS;2013;Air;Zinc et composés (exprimés en tant que Zn);1970;kg/an
0005202511;CELSA France SAS;2013;Air;Vanadium et ses composés;14.7;kg/an
0005202511;CELSA France SAS;2013;Air;Thallium et ses composés (exprimés en tant que Tl);15.8;kg/an
0005202511;CELSA France SAS;2013;Air;Dioxyde de carbone (CO2) d'origine non biomasse;19300000;kg/an
0005202511;CELSA France SAS;2013;Air;Dioxyde de carbone (CO2) total (d'origine biomasse et non biomasse);19300000;kg/an
0005202525;VERMILION REP S.A.S.;2013;Air;Oxydes de soufre (SOx/SO2);245000;kg/an
0005202609;TOTAL E&P France;2013;Air;Benzène;4840;kg/an
0005202609;TOTAL E&P France;2013;Air;Composés organiques volatils non méthaniques (COVNM);63300;kg/an
0005202609;TOTAL E&P France;2013;Air;Oxydes de soufre (SOx/SO2);3450000;kg/an
0005202609;TOTAL E&P France;2013;Air;Dioxyde de carbone (CO2) d'origine non biomasse;161000000;kg/an
0005202609;TOTAL E&P France;2013;Air;Dioxyde de carbone (CO2) total (d'origine biomasse et non biomasse);161000000;kg/an
0005202609;TOTAL E&P France;2013;Eau (indirect);Demande chimique en oxygène (DCO);694000;kg/an
0005202609;TOTAL E&P France;2013;Eau (indirect);Matières en suspension (MES);372000;kg/an
0005202615;Pyrenefrom;2013;Air;Hydrochlorofluorocarbures (HCFC);56.1;kg/an
0005202639;BEARN URBASER ENERGIE;2013;Air;Dioxyde de carbone (CO2) d'origine non biomasse;27700000;kg/an
0005202639;BEARN URBASER ENERGIE;2013;Air;Dioxyde de carbone (CO2) total (d'origine biomasse et non biomasse);63500000;kg/an
0005202639;BEARN URBASER ENERGIE;2013;Air;Dioxyde de carbone (CO2) d'origine biomasse;35700000;kg/an
0005202662;SERDEX SAS;2013;Air;Composés organiques volatils non méthaniques (COVNM);59100;kg/an
0005202680;SANOFI Chimie;2013;Eau (indirect);Demande biologique en oxygène (DBO5);59700;kg/an
0005202680;SANOFI Chimie;2013;Eau (indirect);Toluène;1120;kg/an
0005202690;ARKEMA France;2013;Air;Composés organiques volatils non méthaniques (COVNM);399000;kg/an
0005202690;ARKEMA France;2013;Air;Hydrochlorofluorocarbures (HCFC);160;kg/an
0005202690;ARKEMA France;2013;Air;Hydroflurocarbures (HFC);846;kg/an
0005202690;ARKEMA France;2013;Air;Tétrachlorométhane (TCM, tétrachlorure de carbone);15300;kg/an
0005202690;ARKEMA France;2013;Eau (indirect);Chloroforme (trichlorométhane);152;kg/an
0005202690;ARKEMA France;2013;Eau (indirect);Demande chimique en oxygène (DCO);342000;kg/an
0005202690;ARKEMA France;2013;Eau (indirect);Nickel et composés (exprimés en tant que Ni);21.4;kg/an
0005202690;ARKEMA France;2013;Eau (indirect);Phénols (en tant que C total);108;kg/an
0005202690;ARKEMA France;2013;Eau (indirect);Tétrachlorométhane (TCM, tétrachlorure de carbone);178;kg/an
0005202690;ARKEMA France;2013;Eau (indirect);Toluène;886;kg/an
0005202714;SPEICHIM PROCESSING;2013;Eau (indirect);Demande biologique en oxygène (DBO5);54000;kg/an
0005202714;SPEICHIM PROCESSING;2013;Eau (indirect);Toluène;305;kg/an
0005202716;NOVEAL SA;2013;Air;Composés organiques volatils non méthaniques (COVNM);101000;kg/an
0005202716;NOVEAL SA;2013;Eau (indirect);Demande biologique en oxygène (DBO5);196000;kg/an
0005202716;NOVEAL SA;2013;Eau (indirect);Demande chimique en oxygène (DCO);315000;kg/an
0005202718;FINORGA SAS;2013;Air;Composés organiques volatils non méthaniques (COVNM);39000;kg/an
0005202718;FINORGA SAS;2013;Eau (indirect);Demande biologique en oxygène (DBO5);82300;kg/an
0005202729;PCC FRANCE SA;2013;Air;Nickel et composés (exprimés en tant que Ni);79;kg/an
0005202760;YARA France SAS;2013;Air;Oxydes d'azote (NOx/NO2);119000;kg/an
0005202760;YARA France SAS;2013;Air;Protoxyde d'azote (N2O);22300;kg/an
0005202772;AEROPROTEC;2013;Eau (indirect);Cadmium et composés (exprimés en tant que Cd);1.07;kg/an
0005202772;AEROPROTEC;2013;Eau (indirect);Chrome et composés (exprimés en tant que Cr);56.5;kg/an
0005202841;SIGNATURE VERTICAL & MOBILITY SOLUTIONS;2013;Air;Hydrochlorofluorocarbures (HCFC);9.2;kg/an
0005204823;OMYA S.A.S.;2013;Air;Particules (PM10);145000;kg/an
0005204823;OMYA S.A.S.;2013;Air;Poussières totales;296000;kg/an
0005204847;PLACOPLATRE;2013;Air;Composés organiques volatils non méthaniques (COVNM);82100;kg/an
0005204961;ARKEMA - Site de Mourenx;2013;Sol;Chlorures (en tant que Cl total);3170000;kg/an
0005205103;ARKEMA  France SA;2013;Air;Composés organiques volatils non méthaniques (COVNM);71200;kg/an
0005205103;ARKEMA  France SA;2013;Air;Oxyde d'éthylène;2000;kg/an
0005205103;ARKEMA  France SA;2013;Air;Oxydes de soufre (SOx/SO2);1350000;kg/an
0005205103;ARKEMA  France SA;2013;Air;Oxydes d'azote (NOx/NO2);146000;kg/an
0005205103;ARKEMA  France SA;2013;Air;Protoxyde d'azote (N2O);33900;kg/an
0005205103;ARKEMA  France SA;2013;Air;Sulfure d'hydrogène (H2S);3080;kg/an
0005205103;ARKEMA  France SA;2013;Eau (indirect);Demande chimique en oxygène (DCO);381000;kg/an
0005205103;ARKEMA  France SA;2013;Eau (indirect);Oxyde d'éthylène;76000;kg/an
0005205132;SOBEGI - STEB;2013;Eau (direct);Aluminium et composés (exprimés en tant que Al);11500;kg/an
0005205132;SOBEGI - STEB;2013;Eau (direct);Arsenic et composés (exprimés en tant que As);31.1;kg/an
0005205132;SOBEGI - STEB;2013;Eau (direct);Azote total;122000;kg/an
0005205132;SOBEGI - STEB;2013;Eau (direct);Cadmium et composés (exprimés en tant que Cd);6;kg/an
0005205132;SOBEGI - STEB;2013;Eau (direct);Chrome hexavalent et composés (exprimés en tant que Cr VI);31;kg/an
0005205132;SOBEGI - STEB;2013;Eau (direct);Cyanures (sous forme de CN total);62;kg/an
0005205132;SOBEGI - STEB;2013;Eau (direct);Demande biologique en oxygène (DBO5);57200;kg/an
0005205132;SOBEGI - STEB;2013;Eau (direct);Demande chimique en oxygène (DCO);364000;kg/an
0005205132;SOBEGI - STEB;2013;Eau (direct);Fer et composés (exprimés en tant que Fe);22200;kg/an
0005205132;SOBEGI - STEB;2013;Eau (direct);Manganèse et composés (exprimés en tant que Mn);6170;kg/an
0005205132;SOBEGI - STEB;2013;Eau (direct);Nickel et composés (exprimés en tant que Ni);129;kg/an
0005205132;SOBEGI - STEB;2013;Eau (direct);Plomb et composés (exprimés en tant que Pb);35;kg/an
0005205132;SOBEGI - STEB;2013;Eau (direct);Sulfates;5000000;kg/an
0005205132;SOBEGI - STEB;2013;Eau (direct);Zinc et composés (exprimés en tant que Zn);456;kg/an
0005205229;COGESTAR SNC;2013;Air;Dioxyde de carbone (CO2) d'origine non biomasse;43500000;kg/an
0005205229;COGESTAR SNC;2013;Air;Dioxyde de carbone (CO2) total (d'origine biomasse et non biomasse);43500000;kg/an
0005205286;KNAUF INDUSTRIES OUEST;2013;Air;Composés organiques volatils non méthaniques (COVNM);46200;kg/an
0005205294;STRYKER SPINE;2013;Air;Hydrochlorofluorocarbures (HCFC);10.2;kg/an
0005205417;Action Environnenent Services SAS;2013;Air;Ammoniac (NH3);34000;kg/an
0005205487;Usine POLYREY;2013;Air;Dioxyde de carbone (CO2) d'origine non biomasse;17500000;kg/an
0005205487;Usine POLYREY;2013;Air;Dioxyde de carbone (CO2) total (d'origine biomasse et non biomasse);17500000;kg/an
0005205559;STEICO Casteljaloux;2013;Air;Dioxyde de carbone (CO2) total (d'origine biomasse et non biomasse);28900000;kg/an
0005205559;STEICO Casteljaloux;2013;Air;Dioxyde de carbone (CO2) d'origine biomasse;28900000;kg/an
0005205637;SMIVAL47  (VALORIZON);2013;Air;Méthane (CH4);117000;kg/an
0005205695;BERNIER SAS;2013;Air;Composés organiques volatils non méthaniques (COVNM);77700;kg/an
0005205711;FORD AQUITAINE INDUSTRIES;2013;Eau (direct);Chloro-alkanes (C10-C13);13;kg/an
0005205717;PERIGORD ENERGIES;2013;Air;Dioxyde de carbone (CO2) d'origine non biomasse;155000000;kg/an
0005205717;PERIGORD ENERGIES;2013;Air;Dioxyde de carbone (CO2) total (d'origine biomasse et non biomasse);155000000;kg/an
0005205965;Castel Frères;2013;Eau (indirect);Demande biologique en oxygène (DBO5);182000;kg/an
0005205965;Castel Frères;2013;Eau (indirect);Demande chimique en oxygène (DCO);254000;kg/an
0005205987;BIL TA GARBI (Syndicat Mixte);2013;Air;Méthane (CH4);850000;kg/an
0005205987;BIL TA GARBI (Syndicat Mixte);2013;Air;Dioxyde de carbone (CO2) d'origine non biomasse;24200000;kg/an
0005205987;BIL TA GARBI (Syndicat Mixte);2013;Air;Dioxyde de carbone (CO2) total (d'origine biomasse et non biomasse);24200000;kg/an
0005206306;BOUYER LEROUX;2013;Air;Monoxyde de carbone (CO);792000;kg/an
0005206306;BOUYER LEROUX;2013;Air;Dioxyde de carbone (CO2) d'origine non biomasse;16700000;kg/an
0005206306;BOUYER LEROUX;2013;Air;Dioxyde de carbone (CO2) total (d'origine biomasse et non biomasse);45500000;kg/an
0005206306;BOUYER LEROUX;2013;Air;Dioxyde de carbone (CO2) d'origine biomasse;28900000;kg/an
0005206393;AUCHAN - Périgueux-Marsac;2013;Air;Hydroflurocarbures (HFC);177;kg/an
0005206586;CEPB - SITA Sud-Ouest;2013;Air;Méthane (CH4);242000;kg/an
0005206612;AUCHAN Bouliac;2013;Air;Hydroflurocarbures (HFC);397;kg/an
0005206625;CHROMADURLIN;2013;Air;Composés organiques volatils non méthaniques (COVNM);72200;kg/an
0005206758;LDC AQUITAINE (SA);2013;Air;Hydrochlorofluorocarbures (HCFC);50;kg/an
0005207121;SMD3 - St Laurent des Hommes ISDND;2013;Air;Méthane (CH4);166000;kg/an
0005207266;Centre de Stockage de Lussagnet;2013;Air;Méthane (CH4);185000;kg/an
0005207267;MANUCO;2013;Eau (direct);Azote total;107000;kg/an
0005207519;BIOENERGIE DU SUD OUEST;2013;Air;Dioxyde de carbone (CO2) d'origine non biomasse;36700000;kg/an
0005207519;BIOENERGIE DU SUD OUEST;2013;Air;Dioxyde de carbone (CO2) total (d'origine biomasse et non biomasse);36700000;kg/an
0005207519;BIOENERGIE DU SUD OUEST;2013;Eau (indirect);Demande biologique en oxygène (DBO5);68700;kg/an
0005208150;THEBAULT PLY-LAND S.A.S;2013;Air;Composés organiques volatils non méthaniques (COVNM);31800;kg/an
0005208195;AUCHAN FRANCE - Bordeaux Lac;2013;Air;Hydrochlorofluorocarbures (HCFC);381;kg/an
0005208842;SOBEGI Incinérateur;2013;Air;Dioxines et furanes (PCDD + PCDF) (exprimés en iTeq);0.000195;kg/an
0005208848;DALKIA FRANCE;2013;Air;Méthane (CH4);129000;kg/an
0005208848;DALKIA FRANCE;2013;Air;Oxydes d'azote (NOx/NO2);294000;kg/an
0005208848;DALKIA FRANCE;2013;Air;Protoxyde d'azote (N2O);16200;kg/an
0005208848;DALKIA FRANCE;2013;Air;Dioxyde de carbone (CO2) total (d'origine biomasse et non biomasse);371000000;kg/an
0005208848;DALKIA FRANCE;2013;Air;Dioxyde de carbone (CO2) d'origine biomasse;371000000;kg/an
0005209347;SOBEGI SAS;2013;Air;Oxydes de soufre (SOx/SO2);162000;kg/an
0005209347;SOBEGI SAS;2013;Air;Protoxyde d'azote (N2O);12000;kg/an
0005209347;SOBEGI SAS;2013;Air;Zinc et composés (exprimés en tant que Zn);1180;kg/an
0005209347;SOBEGI SAS;2013;Air;Vanadium et ses composés;43.9;kg/an
0005209347;SOBEGI SAS;2013;Air;Dioxyde de carbone (CO2) d'origine non biomasse;273000000;kg/an
0005209347;SOBEGI SAS;2013;Air;Dioxyde de carbone (CO2) total (d'origine biomasse et non biomasse);273000000;kg/an
0005300004;ATEMAX France - Usine de St Langis;2013;Air;Dioxyde de carbone (CO2) d'origine non biomasse;23500000;kg/an
0005300004;ATEMAX France - Usine de St Langis;2013;Air;Dioxyde de carbone (CO2) total (d'origine biomasse et non biomasse);23500000;kg/an
0005300092;RENAULT TRUCKS;2013;Air;Composés organiques volatils non méthaniques (COVNM);55500;kg/an
0005300092;RENAULT TRUCKS;2013;Air;Dioxyde de carbone (CO2) d'origine non biomasse;11900000;kg/an
0005300092;RENAULT TRUCKS;2013;Air;Dioxyde de carbone (CO2) total (d'origine biomasse et non biomasse);11900000;kg/an
0005300092;RENAULT TRUCKS;2013;Eau (direct);Nickel et composés (exprimés en tant que Ni);20.1;kg/an
0005300200;MURATA INTEGRATED PASSIVE SOLUTIONS;2013;Air;Hexafluorure de soufre (SF6);50.2;kg/an
0005300200;MURATA INTEGRATED PASSIVE SOLUTIONS;2013;Air;Perfluorocarbures (PFC);423;kg/an
0005300235;Saint Louis Sucre Site de Cagny;2013;Air;Dioxyde de carbone (CO2) d'origine non biomasse;50500000;kg/an
0005300235;Saint Louis Sucre Site de Cagny;2013;Air;Dioxyde de carbone (CO2) total (d'origine biomasse et non biomasse);50500000;kg/an
0005300235;Saint Louis Sucre Site de Cagny;2013;Sol;Nickel et composés (exprimés en tant que Ni);21.7;kg/an
0005300463;CIMENTS CALCIA;2013;Air;Oxydes de soufre (SOx/SO2);531000;kg/an
0005300463;CIMENTS CALCIA;2013;Air;Oxydes d'azote (NOx/NO2);507000;kg/an
0005300463;CIMENTS CALCIA;2013;Air;Dioxyde de carbone (CO2) d'origine non biomasse;269000000;kg/an
0005300463;CIMENTS CALCIA;2013;Air;Dioxyde de carbone (CO2) total (d'origine biomasse et non biomasse);279000000;kg/an
0005300463;CIMENTS CALCIA;2013;Air;Dioxyde de carbone (CO2) d'origine biomasse;10200000;kg/an
0005300573;MAISON JOHANES BOUBEE BAYEUX;2013;Eau (indirect);Demande biologique en oxygène (DBO5);55000;kg/an
0005300625;SUEZ RV NORMANDIE;2013;Air;Méthane (CH4);564000;kg/an
0005300625;SUEZ RV NORMANDIE;2013;Air;Dioxyde de carbone (CO2) total (d'origine biomasse et non biomasse);14100000;kg/an
0005300625;SUEZ RV NORMANDIE;2013;Air;Dioxyde de carbone (CO2) d'origine biomasse;14100000;kg/an
0005300729;SEA;2013;Air;Méthane (CH4);376000;kg/an
0005300729;SEA;2013;Air;Dioxyde de carbone (CO2) total (d'origine biomasse et non biomasse);12400000;kg/an
0005300729;SEA;2013;Air;Dioxyde de carbone (CO2) d'origine biomasse;12400000;kg/an
0005300961;LISIEUX ENERGIE;2013;Air;Dioxyde de carbone (CO2) total (d'origine biomasse et non biomasse);16200000;kg/an
0005300961;LISIEUX ENERGIE;2013;Air;Dioxyde de carbone (CO2) d'origine biomasse;16200000;kg/an
0005300982;VALNOR;2013;Air;Méthane (CH4);256000;kg/an
0005301060;COOPERATIVE ISIGNY SAINTE MERE;2013;Air;Dioxyde de carbone (CO2) total (d'origine biomasse et non biomasse);36900000;kg/an
0005301060;COOPERATIVE ISIGNY SAINTE MERE;2013;Air;Dioxyde de carbone (CO2) d'origine biomasse;36900000;kg/an
0005301060;COOPERATIVE ISIGNY SAINTE MERE;2013;Sol;Zinc et composés (exprimés en tant que Zn);316;kg/an
0005301162;GALEO;2013;Sol;Zinc et composés (exprimés en tant que Zn);151;kg/an
0005301290;COMPAGNIE DES FROMAGES & RICHESMONTS;2013;Air;Dioxyde de carbone (CO2) d'origine non biomasse;13600000;kg/an
0005301290;COMPAGNIE DES FROMAGES & RICHESMONTS;2013;Air;Dioxyde de carbone (CO2) total (d'origine biomasse et non biomasse);13600000;kg/an
0005301290;COMPAGNIE DES FROMAGES & RICHESMONTS;2013;Eau (direct);Zinc et composés (exprimés en tant que Zn);104;kg/an
0005301290;COMPAGNIE DES FROMAGES & RICHESMONTS;2013;Sol;Zinc et composés (exprimés en tant que Zn);391;kg/an
0005301293;SOGEFI FILTRATION FRANCE;2013;Air;Aldéhyde formique (formaldéhyde);3950;kg/an
0005301293;SOGEFI FILTRATION FRANCE;2013;Air;Hydrochlorofluorocarbures (HCFC);3.95;kg/an
0005301328;France Champignon;2013;Eau (indirect);Demande biologique en oxygène (DBO5);101000;kg/an
0005301347;FLORENTAISE;2013;Eau (direct);Demande chimique en oxygène (DCO);1600000;kg/an
0005301347;FLORENTAISE;2013;Eau (direct);Hydrocarbures;21900;kg/an
0005301497;ELECTROPOLI FRANCE;2013;Eau (direct);Nickel et composés (exprimés en tant que Ni);127;kg/an
0005301510;SOCIETE FROMAGERE DE SAINTE CECILE;2013;Sol;Zinc et composés (exprimés en tant que Zn);554;kg/an
0005301512;ELVIR S.A.S.;2013;Air;Dioxyde de carbone (CO2) d'origine non biomasse;17000000;kg/an
0005301512;ELVIR S.A.S.;2013;Air;Dioxyde de carbone (CO2) total (d'origine biomasse et non biomasse);17000000;kg/an
0005301520;ALLIORA;2013;Air;Composés organiques volatils non méthaniques (COVNM);30300;kg/an
0005301600;MULANN Industries;2013;Air;Composés organiques volatils non méthaniques (COVNM);42900;kg/an
0005301618;SAINT ANDRE PLASTIQUE;2013;Air;Composés organiques volatils non méthaniques (COVNM);74700;kg/an
0005301659;JEAN CHEREAU SAS;2013;Air;Composés organiques volatils non méthaniques (COVNM);255000;kg/an
0005301666;Maîtres Laitiers du Cotentin;2013;Eau (indirect);Demande biologique en oxygène (DBO5);56400;kg/an
0005301789;MAITRES LAITIERS DU COTENTIN;2013;Air;Dioxyde de carbone (CO2) d'origine non biomasse;16900000;kg/an
0005301789;MAITRES LAITIERS DU COTENTIN;2013;Air;Dioxyde de carbone (CO2) total (d'origine biomasse et non biomasse);16900000;kg/an
0005301825;COOPERATIVE  ISIGNY STE MERE;2013;Eau (indirect);Demande biologique en oxygène (DBO5);103000;kg/an
0005301825;COOPERATIVE  ISIGNY STE MERE;2013;Eau (indirect);Demande chimique en oxygène (DCO);171000;kg/an
0005301827;CARGILL FRANCE SAS - site de Baupte;2013;Air;Composés organiques volatils non méthaniques (COVNM);315000;kg/an
0005301827;CARGILL FRANCE SAS - site de Baupte;2013;Air;Dioxyde de carbone (CO2) d'origine non biomasse;32400000;kg/an
0005301827;CARGILL FRANCE SAS - site de Baupte;2013;Air;Dioxyde de carbone (CO2) total (d'origine biomasse et non biomasse);32400000;kg/an
0005301827;CARGILL FRANCE SAS - site de Baupte;2013;Eau (direct);Chlorures (en tant que Cl total);2310000;kg/an
0005301827;CARGILL FRANCE SAS - site de Baupte;2013;Eau (direct);Demande chimique en oxygène (DCO);161000;kg/an
0005301850;LIS France;2013;Air;Dioxyde de carbone (CO2) d'origine non biomasse;15200000;kg/an
0005301850;LIS France;2013;Air;Dioxyde de carbone (CO2) total (d'origine biomasse et non biomasse);15200000;kg/an
0005401220;VERALLIA FRANCE;2013;Air;Oxydes de soufre (SOx/SO2);683000;kg/an
0005301889;COMPAGNIE DES FROMAGES & RICHESMONTS;2013;Eau (indirect);Demande biologique en oxygène (DBO5);76900;kg/an
0005301889;COMPAGNIE DES FROMAGES & RICHESMONTS;2013;Eau (indirect);Phosphore total;5270;kg/an
0005301955;CPC COTENTIN;2013;Air;Composés organiques volatils non méthaniques (COVNM);137000;kg/an
0005302137;HME BRASS FRANCE SAS;2013;Air;Zinc et composés (exprimés en tant que Zn);856;kg/an
0005302137;HME BRASS FRANCE SAS;2013;Eau (direct);Cuivre et composés (exprimés en tant que Cu);135;kg/an
0005302137;HME BRASS FRANCE SAS;2013;Eau (direct);Zinc et composés (exprimés en tant que Zn);649;kg/an
0005302209;Société Fromagère de DOMFRONT;2013;Air;Hydrochlorofluorocarbures (HCFC);40;kg/an
0005302209;Société Fromagère de DOMFRONT;2013;Air;Nickel et composés (exprimés en tant que Ni);108;kg/an
0005302209;Société Fromagère de DOMFRONT;2013;Air;Dioxyde de carbone (CO2) d'origine non biomasse;12200000;kg/an
0005302209;Société Fromagère de DOMFRONT;2013;Air;Dioxyde de carbone (CO2) total (d'origine biomasse et non biomasse);12200000;kg/an
0005302210;SUEZ RV NORMANDIE;2013;Air;Méthane (CH4);287000;kg/an
0005302264;LISI AUTOMOTIVE NOMEL;2013;Air;Zinc et composés (exprimés en tant que Zn);346;kg/an
0005302264;LISI AUTOMOTIVE NOMEL;2013;Eau (direct);Nickel et composés (exprimés en tant que Ni);61.1;kg/an
0005302429;AMCOR FLEXIBLES;2013;Air;Composés organiques volatils non méthaniques (COVNM);39000;kg/an
0005302487;AUGROS COSMETIC PACKAGING;2013;Air;Composés organiques volatils non méthaniques (COVNM);125000;kg/an
0005302582;SOFEDIT SAS;2013;Eau (direct);Nickel et composés (exprimés en tant que Ni);29.5;kg/an
0005302589;ESSITY OPERATIONS LE THEIL;2013;Air;Dioxyde de carbone (CO2) d'origine non biomasse;19000000;kg/an
0005302589;ESSITY OPERATIONS LE THEIL;2013;Air;Dioxyde de carbone (CO2) total (d'origine biomasse et non biomasse);19000000;kg/an
0005302603;PCAS SEQENS;2013;Air;Composés organiques volatils non méthaniques (COVNM);355000;kg/an
0005302603;PCAS SEQENS;2013;Air;Dioxyde de carbone (CO2) d'origine non biomasse;14600000;kg/an
0005302603;PCAS SEQENS;2013;Air;Dioxyde de carbone (CO2) total (d'origine biomasse et non biomasse);14600000;kg/an
0005302603;PCAS SEQENS;2013;Eau (direct);Chloroforme (trichlorométhane);14.4;kg/an
0005302603;PCAS SEQENS;2013;Eau (direct);Dichlorométhane (DCM, chlorure de méthylène);57.7;kg/an
0005302774;BOLAIDOR Sté Laitière du Bocage Ornais;2013;Air;Dioxyde de carbone (CO2) d'origine non biomasse;21700000;kg/an
0005302774;BOLAIDOR Sté Laitière du Bocage Ornais;2013;Air;Dioxyde de carbone (CO2) total (d'origine biomasse et non biomasse);21700000;kg/an
0005302774;BOLAIDOR Sté Laitière du Bocage Ornais;2013;Sol;Zinc et composés (exprimés en tant que Zn);282;kg/an
0005302775;GILLOT SAS;2013;Eau (indirect);Demande chimique en oxygène (DCO);265000;kg/an
0005302798;SOCIETE LAITIERE DU PAYS D'AUGE - SOLAIPA;2013;Air;Dioxyde de carbone (CO2) d'origine non biomasse;19700000;kg/an
0005302798;SOCIETE LAITIERE DU PAYS D'AUGE - SOLAIPA;2013;Air;Dioxyde de carbone (CO2) total (d'origine biomasse et non biomasse);19700000;kg/an
0005302839;VALNOR;2013;Air;Méthane (CH4);492000;kg/an
0005302854;SUEZ RV NORMANDIE;2013;Air;Méthane (CH4);198000;kg/an
0005302859;PROVINCE ENERGIE;2013;Air;Dioxyde de carbone (CO2) total (d'origine biomasse et non biomasse);21100000;kg/an
0005302859;PROVINCE ENERGIE;2013;Air;Dioxyde de carbone (CO2) d'origine biomasse;21100000;kg/an
0005302882;SIRAC;2013;Air;Dioxyde de carbone (CO2) d'origine non biomasse;41900000;kg/an
0005302882;SIRAC;2013;Air;Dioxyde de carbone (CO2) total (d'origine biomasse et non biomasse);95200000;kg/an
0005302882;SIRAC;2013;Air;Dioxyde de carbone (CO2) d'origine biomasse;53300000;kg/an
0005303658;SUEZ RV NORMANDIE;2013;Air;Méthane (CH4);224000;kg/an
0005303674;COMPAGNIE DES FROMAGES & RICHESMONTS;2013;Sol;Phosphore total;17800;kg/an
0005304464;JEAN CHEREAU SAS;2013;Air;Composés organiques volatils non méthaniques (COVNM);55100;kg/an
0005304834;TERREAL;2013;Air;Dioxyde de carbone (CO2) d'origine non biomasse;11100000;kg/an
0005304834;TERREAL;2013;Air;Dioxyde de carbone (CO2) total (d'origine biomasse et non biomasse);11100000;kg/an
0005304936;STS COMPOSITES FRANCE SAS;2013;Air;Composés organiques volatils non méthaniques (COVNM);50700;kg/an
0005305027;FRENEHARD & MICHAUX- Site SSB3;2013;Air;Zinc et composés (exprimés en tant que Zn);703;kg/an
0005305295;FAURECIA SIEGES D'AUTOMOBILE;2013;Air;Hydrochlorofluorocarbures (HCFC);324;kg/an
0005305295;FAURECIA SIEGES D'AUTOMOBILE;2013;Air;Tétrachloroéthylène (PER, tétrachloroéthylène);4860;kg/an
0005305552;CHU de Caen;2013;Air;Dioxyde de carbone (CO2) d'origine non biomasse;11500000;kg/an
0005305552;CHU de Caen;2013;Air;Dioxyde de carbone (CO2) total (d'origine biomasse et non biomasse);11500000;kg/an
0005305747;Etablissement de LA HAGUE;2013;Air;Hydrochlorofluorocarbures (HCFC);118;kg/an
0005305747;Etablissement de LA HAGUE;2013;Air;Hydroflurocarbures (HFC);197;kg/an
0005305747;Etablissement de LA HAGUE;2013;Air;Oxydes de soufre (SOx/SO2);180000;kg/an
0005305747;Etablissement de LA HAGUE;2013;Air;Oxydes d'azote (NOx/NO2);151000;kg/an
0005305747;Etablissement de LA HAGUE;2013;Air;Protoxyde d'azote (N2O);119000;kg/an
0005305747;Etablissement de LA HAGUE;2013;Air;Dioxyde de carbone (CO2) d'origine non biomasse;55700000;kg/an
0005305747;Etablissement de LA HAGUE;2013;Air;Dioxyde de carbone (CO2) total (d'origine biomasse et non biomasse);55700000;kg/an
0005305747;Etablissement de LA HAGUE;2013;Eau (direct);Arsenic et composés (exprimés en tant que As);5.08;kg/an
0005305747;Etablissement de LA HAGUE;2013;Eau (direct);Azote total;514000;kg/an
0005305747;Etablissement de LA HAGUE;2013;Eau (direct);Cadmium et composés (exprimés en tant que Cd);2.03;kg/an
0005305747;Etablissement de LA HAGUE;2013;Eau (direct);Mercure et composés (exprimés en tant que Hg);1.32;kg/an
0005305747;Etablissement de LA HAGUE;2013;Eau (direct);Nickel et composés (exprimés en tant que Ni);20.3;kg/an
0005401044;LAGUILLAUMIE;2013;Eau (indirect);Demande biologique en oxygène (DBO5);239000;kg/an
0005401044;LAGUILLAUMIE;2013;Eau (indirect);Demande chimique en oxygène (DCO);326000;kg/an
0005401050;KRONOSPAN;2013;Air;Composés organiques volatils non méthaniques (COVNM);60300;kg/an
0005401050;KRONOSPAN;2013;Air;Monoxyde de carbone (CO);547000;kg/an
0005401075;KRONOSPAN SAS;2013;Air;Aldéhyde formique (formaldéhyde);5170;kg/an
0005401075;KRONOSPAN SAS;2013;Air;Dioxyde de carbone (CO2) total (d'origine biomasse et non biomasse);24000000;kg/an
0005401075;KRONOSPAN SAS;2013;Air;Dioxyde de carbone (CO2) d'origine biomasse;24000000;kg/an
0005401075;KRONOSPAN SAS;2013;Eau (indirect);Demande biologique en oxygène (DBO5);55700;kg/an
0005401075;KRONOSPAN SAS;2013;Eau (indirect);Demande chimique en oxygène (DCO);176000;kg/an
0005401087;S.P.T.P;2013;Air;Dioxyde de carbone (CO2) total (d'origine biomasse et non biomasse);45700000;kg/an
0005401087;S.P.T.P;2013;Air;Dioxyde de carbone (CO2) d'origine biomasse;45700000;kg/an
0005401100;AMCOR FLEXIBLES PACKAGING France;2013;Air;Composés organiques volatils non méthaniques (COVNM);297000;kg/an
0005401104;EUROSERUM;2013;Air;Dioxyde de carbone (CO2) d'origine non biomasse;22400000;kg/an
0005401104;EUROSERUM;2013;Air;Dioxyde de carbone (CO2) total (d'origine biomasse et non biomasse);22400000;kg/an
0005401108;SIMIRE;2013;Air;Dichlorométhane (DCM, chlorure de méthylène);11200;kg/an
0005401112;SUEZ RR IWS MINERALS FRANCE (ISDND);2013;Air;Méthane (CH4);491000;kg/an
0005401112;SUEZ RR IWS MINERALS FRANCE (ISDND);2013;Air;Dioxyde de carbone (CO2) total (d'origine biomasse et non biomasse);11500000;kg/an
0005401112;SUEZ RR IWS MINERALS FRANCE (ISDND);2013;Air;Dioxyde de carbone (CO2) d'origine biomasse;11500000;kg/an
0005401115;Corden Pharma (ex. SYNKEM);2013;Air;Chloroforme (trichlorométhane);9680;kg/an
0005401115;Corden Pharma (ex. SYNKEM);2013;Air;Composés organiques volatils non méthaniques (COVNM);146000;kg/an
0005401118;SUEZ RV CENTRE EST;2013;Air;Méthane (CH4);998000;kg/an
0005401118;SUEZ RV CENTRE EST;2013;Air;Dioxyde de carbone (CO2) total (d'origine biomasse et non biomasse);14700000;kg/an
0005401118;SUEZ RV CENTRE EST;2013;Air;Dioxyde de carbone (CO2) d'origine biomasse;14700000;kg/an
0005401121;Chaufferie urbaine de Mâcon;2013;Air;Oxydes de soufre (SOx/SO2);164000;kg/an
0005401121;Chaufferie urbaine de Mâcon;2013;Air;Dioxyde de carbone (CO2) d'origine non biomasse;35000000;kg/an
0005401121;Chaufferie urbaine de Mâcon;2013;Air;Dioxyde de carbone (CO2) total (d'origine biomasse et non biomasse);35000000;kg/an
0005401124;ECKES GRANINI FRANCE SNC;2013;Eau (indirect);Demande chimique en oxygène (DCO);218000;kg/an
0005401138;UVE Dijon métropole;2013;Air;Dioxyde de carbone (CO2) d'origine non biomasse;112000000;kg/an
0005401138;UVE Dijon métropole;2013;Air;Dioxyde de carbone (CO2) total (d'origine biomasse et non biomasse);144000000;kg/an
0005401138;UVE Dijon métropole;2013;Air;Dioxyde de carbone (CO2) d'origine biomasse;31700000;kg/an
0005401138;UVE Dijon métropole;2013;Eau (indirect);Mercure et composés (exprimés en tant que Hg);7.03;kg/an
0005401144;APERAM STAINLESS FRANCE;2013;Air;Dioxyde de carbone (CO2) d'origine non biomasse;36700000;kg/an
0005401144;APERAM STAINLESS FRANCE;2013;Air;Dioxyde de carbone (CO2) total (d'origine biomasse et non biomasse);36700000;kg/an
0005401144;APERAM STAINLESS FRANCE;2013;Eau (direct);Fluorures (en tant que F total);5630;kg/an
0005401144;APERAM STAINLESS FRANCE;2013;Eau (direct);Nickel et composés (exprimés en tant que Ni);153;kg/an
0005401151;INDUSTEEL FRANCE site du Creusot (secteur Breuil);2013;Air;Chrome et composés (exprimés en tant que Cr);203;kg/an
0005401151;INDUSTEEL FRANCE site du Creusot (secteur Breuil);2013;Air;Manganèse et composés (exprimés en tant que Mn);467;kg/an
0005401151;INDUSTEEL FRANCE site du Creusot (secteur Breuil);2013;Air;Nickel et composés (exprimés en tant que Ni);81.3;kg/an
0005401151;INDUSTEEL FRANCE site du Creusot (secteur Breuil);2013;Air;Zinc et composés (exprimés en tant que Zn);863;kg/an
0005401151;INDUSTEEL FRANCE site du Creusot (secteur Breuil);2013;Air;Dioxyde de carbone (CO2) d'origine non biomasse;58000000;kg/an
0005401151;INDUSTEEL FRANCE site du Creusot (secteur Breuil);2013;Air;Dioxyde de carbone (CO2) total (d'origine biomasse et non biomasse);58000000;kg/an
0005401151;INDUSTEEL FRANCE site du Creusot (secteur Breuil);2013;Eau (direct);Cuivre et composés (exprimés en tant que Cu);77.9;kg/an
0005401151;INDUSTEEL FRANCE site du Creusot (secteur Breuil);2013;Eau (direct);Manganèse et composés (exprimés en tant que Mn);534;kg/an
0005401151;INDUSTEEL FRANCE site du Creusot (secteur Breuil);2013;Eau (direct);Nickel et composés (exprimés en tant que Ni);28.9;kg/an
0005401153;THERMODYN;2013;Air;Hydroflurocarbures (HFC);1270;kg/an
0005401162;ADHEX TECHNOLOGIES;2013;Air;Composés organiques volatils non méthaniques (COVNM);36300;kg/an
0005401164;CROWN EMBALLAGE FRANCE SAS;2013;Air;Composés organiques volatils non méthaniques (COVNM);102000;kg/an
0005401173;CHALON ENERGIE SA;2013;Air;Dioxyde de carbone (CO2) d'origine non biomasse;15700000;kg/an
0005401173;CHALON ENERGIE SA;2013;Air;Dioxyde de carbone (CO2) total (d'origine biomasse et non biomasse);26700000;kg/an
0005401173;CHALON ENERGIE SA;2013;Air;Dioxyde de carbone (CO2) d'origine biomasse;11000000;kg/an
0005401195;Uniper - Centrale de LUCY;2013;Air;Arsenic et composés (exprimés en tant que As);21.2;kg/an
0005401195;Uniper - Centrale de LUCY;2013;Air;Chlore et composés inorganiques (en tant que HCl);47900;kg/an
0005401195;Uniper - Centrale de LUCY;2013;Air;Fluor et composés inorganiques (en tant que HF);14900;kg/an
0005401195;Uniper - Centrale de LUCY;2013;Air;Naphthalène;239;kg/an
0005401195;Uniper - Centrale de LUCY;2013;Air;Oxydes de soufre (SOx/SO2);1330000;kg/an
0005401195;Uniper - Centrale de LUCY;2013;Air;Oxydes d'azote (NOx/NO2);1080000;kg/an
0005401195;Uniper - Centrale de LUCY;2013;Air;Particules (PM10);185000;kg/an
0005401195;Uniper - Centrale de LUCY;2013;Air;Poussières totales;251000;kg/an
0005401195;Uniper - Centrale de LUCY;2013;Air;Vanadium et ses composés;17.3;kg/an
0005401195;Uniper - Centrale de LUCY;2013;Air;Dioxyde de carbone (CO2) d'origine non biomasse;311000000;kg/an
0005401195;Uniper - Centrale de LUCY;2013;Air;Dioxyde de carbone (CO2) total (d'origine biomasse et non biomasse);311000000;kg/an
0005401208;PRYSMIAN;2013;Air;Hexafluorure de soufre (SF6);1950;kg/an
0005401208;PRYSMIAN;2013;Eau (direct);Cadmium et composés (exprimés en tant que Cd);1.07;kg/an
0005401220;VERALLIA FRANCE;2013;Air;Antimoine et composés (exprimés en tant que Sb);19.2;kg/an
0005401220;VERALLIA FRANCE;2013;Air;Arsenic et composés (exprimés en tant que As);131;kg/an
0005401220;VERALLIA FRANCE;2013;Air;Chlore et composés inorganiques (en tant que HCl);17100;kg/an
0005401220;VERALLIA FRANCE;2013;Air;Hydrocarbures aromatiques polycycliques (HAP);336;kg/an
0005401220;VERALLIA FRANCE;2013;Air;Oxydes d'azote (NOx/NO2);469000;kg/an
0005401220;VERALLIA FRANCE;2013;Air;Plomb et composés (exprimés en tant que Pb);1410;kg/an
0005401220;VERALLIA FRANCE;2013;Air;Vanadium et ses composés;24.3;kg/an
0005401220;VERALLIA FRANCE;2013;Air;Dioxyde de carbone (CO2) d'origine non biomasse;151000000;kg/an
0005401220;VERALLIA FRANCE;2013;Air;Dioxyde de carbone (CO2) total (d'origine biomasse et non biomasse);151000000;kg/an
0005401231;SUEZ RV Centre Est (ex. SITA CENTRE EST);2013;Air;Méthane (CH4);197000;kg/an
0005401240;CONIMAST INTERNATIONAL;2013;Air;Zinc et composés (exprimés en tant que Zn);771;kg/an
0005401244;SOPREMA;2013;Air;Composés organiques volatils non méthaniques (COVNM);71800;kg/an
0005401249;AIR LIQUIDE FRANCE INDUSTRIE;2013;Air;Hexafluorure de soufre (SF6);49;kg/an
0005401249;AIR LIQUIDE FRANCE INDUSTRIE;2013;Air;Perfluorocarbures (PFC);154;kg/an
0005401250;CHALON ENERGIE SA;2013;Air;Dioxyde de carbone (CO2) d'origine non biomasse;27500000;kg/an
0005401250;CHALON ENERGIE SA;2013;Air;Dioxyde de carbone (CO2) total (d'origine biomasse et non biomasse);27500000;kg/an
0005401253;MICHELIN;2013;Air;Composés organiques volatils non méthaniques (COVNM);41700;kg/an
0005401253;MICHELIN;2013;Air;Dioxyde de carbone (CO2) d'origine non biomasse;12700000;kg/an
0005401253;MICHELIN;2013;Air;Dioxyde de carbone (CO2) total (d'origine biomasse et non biomasse);12700000;kg/an
0005401254;APERAM ALLOYS IMPHY;2013;Air;Chrome et composés (exprimés en tant que Cr);181;kg/an
0005401254;APERAM ALLOYS IMPHY;2013;Air;Cobalt et composés (exprimés en tant que Co);13.8;kg/an
0005401254;APERAM ALLOYS IMPHY;2013;Air;Cuivre et composés (exprimés en tant que Cu);137;kg/an
0005401254;APERAM ALLOYS IMPHY;2013;Air;Manganèse et composés (exprimés en tant que Mn);365;kg/an
0005401254;APERAM ALLOYS IMPHY;2013;Air;Nickel et composés (exprimés en tant que Ni);635;kg/an
0005401254;APERAM ALLOYS IMPHY;2013;Air;Zinc et composés (exprimés en tant que Zn);345;kg/an
0005401254;APERAM ALLOYS IMPHY;2013;Air;Dioxyde de carbone (CO2) d'origine non biomasse;22300000;kg/an
0005401254;APERAM ALLOYS IMPHY;2013;Air;Dioxyde de carbone (CO2) total (d'origine biomasse et non biomasse);22300000;kg/an
0005401254;APERAM ALLOYS IMPHY;2013;Eau (direct);Chrome et composés (exprimés en tant que Cr);67;kg/an
0005401254;APERAM ALLOYS IMPHY;2013;Eau (direct);Nickel et composés (exprimés en tant que Ni);632;kg/an
0005401257;SODIEN (ex SOCCRAM);2013;Air;Dioxyde de carbone (CO2) d'origine non biomasse;27600000;kg/an
0005401257;SODIEN (ex SOCCRAM);2013;Air;Dioxyde de carbone (CO2) total (d'origine biomasse et non biomasse);27600000;kg/an
0005401258;CHEZE SAS;2013;Air;Composés organiques volatils non méthaniques (COVNM);39600;kg/an
0005401258;CHEZE SAS;2013;Air;Méthane (CH4);302000;kg/an
0005401262;SECUA SNC (chaufferie d'Autun);2013;Air;Dioxyde de carbone (CO2) total (d'origine biomasse et non biomasse);15200000;kg/an
0005401262;SECUA SNC (chaufferie d'Autun);2013;Air;Dioxyde de carbone (CO2) d'origine biomasse;15200000;kg/an
0005401290;BREGER CENTRE SAS;2013;Air;Composés organiques volatils non méthaniques (COVNM);107000;kg/an
0005401309;SEVERINE JACQUEMINET;2013;Air;Tétrachloroéthylène (PER, tétrachloroéthylène);26000;kg/an
0005401335;SUMIRIKO Rubber Compounding France;2013;Air;Composés organiques volatils non méthaniques (COVNM);37800;kg/an
0005401335;SUMIRIKO Rubber Compounding France;2013;Eau (direct);Nickel et composés (exprimés en tant que Ni);86.7;kg/an
0005401336;CARRIERES ET MATERIAUX SNC;2013;Eau (direct);Arsenic et composés (exprimés en tant que As);128;kg/an
0005401346;NEOTISS France;2013;Eau (indirect);Cadmium et composés (exprimés en tant que Cd);1.88;kg/an
0005401357;VALLOUREC BEARING TUBES;2013;Air;Dioxyde de carbone (CO2) d'origine non biomasse;12400000;kg/an
0005401357;VALLOUREC BEARING TUBES;2013;Air;Dioxyde de carbone (CO2) total (d'origine biomasse et non biomasse);12400000;kg/an
0005401359;Salzgitter Mannessmann Stainless Tubes France;2013;Air;Dioxyde de carbone (CO2) d'origine non biomasse;12600000;kg/an
0005401359;Salzgitter Mannessmann Stainless Tubes France;2013;Air;Dioxyde de carbone (CO2) total (d'origine biomasse et non biomasse);12600000;kg/an
0005401360;VALINOX NUCLEAIRE;2013;Eau (direct);Cadmium et composés (exprimés en tant que Cd);1.67;kg/an
0005401368;PLASTIPACK PACKAGING FRANCE;2013;Air;Acétaldéhyde (aldéhyde acétique  éthanal);731;kg/an
0005401368;PLASTIPACK PACKAGING FRANCE;2013;Eau (indirect);Demande biologique en oxygène (DBO5);79900;kg/an
0005401402;AMORA MAILLE Chevigny;2013;Eau (indirect);Demande biologique en oxygène (DBO5);276000;kg/an
0005401402;AMORA MAILLE Chevigny;2013;Eau (indirect);Demande chimique en oxygène (DCO);458000;kg/an
0005401415;ISOVER ST GOBAIN;2013;Air;Ammoniac (NH3);81100;kg/an
0005401415;ISOVER ST GOBAIN;2013;Air;Phénols (en tant que C total);1030;kg/an
0005401425;MASSILLY PRINTING SOLUTIONS (MPS) exRBSA;2013;Air;Composés organiques volatils non méthaniques (COVNM);40700;kg/an
0005401426;TERREAL SAS;2013;Air;Dioxyde de carbone (CO2) d'origine non biomasse;15300000;kg/an
0005401426;TERREAL SAS;2013;Air;Dioxyde de carbone (CO2) total (d'origine biomasse et non biomasse);15300000;kg/an
0005401465;FRUEHAUF SAS;2013;Air;Composés organiques volatils non méthaniques (COVNM);71600;kg/an
0005401595;CB-CHOCOLATERIE DE BOURGOGNE;2013;Eau (indirect);Demande biologique en oxygène (DBO5);77000;kg/an
0005401631;SPPH;2013;Eau (indirect);Demande biologique en oxygène (DBO5);43000;kg/an
0005401632;DIJON ENERGIES (ex DALKIA);2013;Air;Dioxyde de carbone (CO2) d'origine non biomasse;11900000;kg/an
0005401632;DIJON ENERGIES (ex DALKIA);2013;Air;Dioxyde de carbone (CO2) total (d'origine biomasse et non biomasse);11900000;kg/an
0005401696;PAPREC PLASTIQUES SAS;2013;Eau (indirect);Demande biologique en oxygène (DBO5);368000;kg/an
0005401696;PAPREC PLASTIQUES SAS;2013;Eau (indirect);Demande chimique en oxygène (DCO);886000;kg/an
0005401735;ACTA MOBILIER;2013;Air;Composés organiques volatils non méthaniques (COVNM);57000;kg/an
0005401737;FLERTEX SA;2013;Air;Phénols (en tant que C total);3300;kg/an
0005401765;SONIRVAL - VALEST;2013;Air;Dioxyde de carbone (CO2) d'origine non biomasse;14600000;kg/an
0005401765;SONIRVAL - VALEST;2013;Air;Dioxyde de carbone (CO2) total (d'origine biomasse et non biomasse);33500000;kg/an
0005401765;SONIRVAL - VALEST;2013;Air;Dioxyde de carbone (CO2) d'origine biomasse;18900000;kg/an
0005401849;GRTgaz - Station de Compression de VINDECY;2013;Air;Méthane (CH4);158000;kg/an
0005401880;Chaufferie de la Fontaine d'Ouche;2013;Air;Dioxyde de carbone (CO2) d'origine non biomasse;17700000;kg/an
0005401880;Chaufferie de la Fontaine d'Ouche;2013;Air;Dioxyde de carbone (CO2) total (d'origine biomasse et non biomasse);17700000;kg/an
0005401887;COVED- ISDND de Saint Florentin;2013;Air;Méthane (CH4);259000;kg/an
0005401964;GELF LONGVIC FRANCE Sarl;2013;Air;Hydrochlorofluorocarbures (HCFC);90;kg/an
0005401970;LYONNAISE DES EAUX - FOUR D'INCINÉRATION - STATION D'ÉPURATION DE DIJON;2013;Air;Dioxyde de carbone (CO2) d'origine non biomasse;13100000;kg/an
0005401970;LYONNAISE DES EAUX - FOUR D'INCINÉRATION - STATION D'ÉPURATION DE DIJON;2013;Air;Dioxyde de carbone (CO2) total (d'origine biomasse et non biomasse);13100000;kg/an
0005402057;MOCIA;2013;Air;Dioxyde de carbone (CO2) d'origine non biomasse;27000000;kg/an
0005402057;MOCIA;2013;Air;Dioxyde de carbone (CO2) total (d'origine biomasse et non biomasse);27000000;kg/an
0005402224;COVED (ex. Ecopoles Services);2013;Air;Méthane (CH4);175000;kg/an
0005402664;EDIB;2013;Eau (indirect);Nickel et composés (exprimés en tant que Ni);30.2;kg/an
0005500035;KERMENE;2013;Air;Nickel et composés (exprimés en tant que Ni);117;kg/an
0005500035;KERMENE;2013;Air;Dioxyde de carbone (CO2) d'origine non biomasse;13100000;kg/an
0005500035;KERMENE;2013;Air;Dioxyde de carbone (CO2) total (d'origine biomasse et non biomasse);13100000;kg/an
0005500062;dominique Riou;2013;Eau (indirect);Demande biologique en oxygène (DBO5);212000;kg/an
0005500062;dominique Riou;2013;Eau (indirect);Demande chimique en oxygène (DCO);563000;kg/an
0005500070;ENTREMONT ALLIANCE;2013;Air;Dioxyde de carbone (CO2) d'origine non biomasse;18900000;kg/an
0005500070;ENTREMONT ALLIANCE;2013;Air;Dioxyde de carbone (CO2) total (d'origine biomasse et non biomasse);18900000;kg/an
0005500070;ENTREMONT ALLIANCE;2013;Eau (indirect);Demande biologique en oxygène (DBO5);351000;kg/an
0005500070;ENTREMONT ALLIANCE;2013;Eau (indirect);Demande chimique en oxygène (DCO);706000;kg/an
0005500070;ENTREMONT ALLIANCE;2013;Eau (indirect);Phosphore total;11600;kg/an
0005500088;FERTIVAL SA;2013;Air;Dioxyde de carbone (CO2) total (d'origine biomasse et non biomasse);18100000;kg/an
0005500088;FERTIVAL SA;2013;Air;Dioxyde de carbone (CO2) d'origine biomasse;18100000;kg/an
0005500107;COOPERL ARC ATLANTIQUE;2013;Air;Dioxyde de carbone (CO2) d'origine non biomasse;10500000;kg/an
0005500107;COOPERL ARC ATLANTIQUE;2013;Air;Dioxyde de carbone (CO2) total (d'origine biomasse et non biomasse);10500000;kg/an
0005500107;COOPERL ARC ATLANTIQUE;2013;Eau (indirect);Azote total;84900;kg/an
0005500107;COOPERL ARC ATLANTIQUE;2013;Eau (indirect);Demande biologique en oxygène (DBO5);97200;kg/an
0005500107;COOPERL ARC ATLANTIQUE;2013;Eau (indirect);Demande chimique en oxygène (DCO);293000;kg/an
0005500149;LOUDEAC VIANDES;2013;Eau (indirect);Demande biologique en oxygène (DBO5);325000;kg/an
0005500149;LOUDEAC VIANDES;2013;Eau (indirect);Demande chimique en oxygène (DCO);665000;kg/an
0005500149;LOUDEAC VIANDES;2013;Eau (indirect);Phosphore total;6090;kg/an
0005500166;GELAGRI BRETAGNE;2013;Eau (indirect);Demande biologique en oxygène (DBO5);623000;kg/an
0005500166;GELAGRI BRETAGNE;2013;Eau (indirect);Demande chimique en oxygène (DCO);1120000;kg/an
0005500166;GELAGRI BRETAGNE;2013;Eau (indirect);Phosphore total;6690;kg/an
0005500169;BROCELIANDE ALH;2013;Eau (indirect);Demande biologique en oxygène (DBO5);158000;kg/an
0005500169;BROCELIANDE ALH;2013;Eau (indirect);Demande chimique en oxygène (DCO);328000;kg/an
0005500170;ENTREMONT ALLIANCE;2013;Eau (indirect);Demande biologique en oxygène (DBO5);344000;kg/an
0005500170;ENTREMONT ALLIANCE;2013;Eau (indirect);Demande chimique en oxygène (DCO);682000;kg/an
0005500170;ENTREMONT ALLIANCE;2013;Eau (indirect);Phosphore total;7950;kg/an
0005500224;KERVAL Centre Armor;2013;Air;Dioxyde de carbone (CO2) total (d'origine biomasse et non biomasse);16500000;kg/an
0005500224;KERVAL Centre Armor;2013;Air;Dioxyde de carbone (CO2) d'origine biomasse;16500000;kg/an
0005500334;SECANIM BRETAGNE;2013;Air;Dioxyde de carbone (CO2) total (d'origine biomasse et non biomasse);33800000;kg/an
0005500334;SECANIM BRETAGNE;2013;Air;Dioxyde de carbone (CO2) d'origine biomasse;33800000;kg/an
0005500338;SMITRED OUEST D'ARMOR (UIOM DE PLUZUNET);2013;Air;Dioxyde de carbone (CO2) d'origine non biomasse;11900000;kg/an
0005500338;SMITRED OUEST D'ARMOR (UIOM DE PLUZUNET);2013;Air;Dioxyde de carbone (CO2) total (d'origine biomasse et non biomasse);11900000;kg/an
0005500338;SMITRED OUEST D'ARMOR (UIOM DE PLUZUNET);2013;Air;Dioxyde de carbone (CO2) d'origine biomasse;11900000;kg/an
0005500400;SAINT-BRIEUC FONDERIE (ex MANOIR);2013;Air;Chrome et composés (exprimés en tant que Cr);416;kg/an
0005500400;SAINT-BRIEUC FONDERIE (ex MANOIR);2013;Air;Cuivre et composés (exprimés en tant que Cu);466;kg/an
0005500400;SAINT-BRIEUC FONDERIE (ex MANOIR);2013;Air;Manganèse et composés (exprimés en tant que Mn);312;kg/an
0005500400;SAINT-BRIEUC FONDERIE (ex MANOIR);2013;Air;Mercure et composés (exprimés en tant que Hg);27.7;kg/an
0005500400;SAINT-BRIEUC FONDERIE (ex MANOIR);2013;Air;Zinc et composés (exprimés en tant que Zn);534;kg/an
0005500428;VATELIS SAS;2013;Eau (indirect);Demande biologique en oxygène (DBO5);487000;kg/an
0005500428;VATELIS SAS;2013;Eau (indirect);Demande chimique en oxygène (DCO);223000;kg/an
0005500428;VATELIS SAS;2013;Eau (indirect);Phosphore total;7820;kg/an
0005500440;IDEX ENVIRONNEMENT BRETAGNE( SARL);2013;Air;Dioxyde de carbone (CO2) d'origine non biomasse;30700000;kg/an
0005500440;IDEX ENVIRONNEMENT BRETAGNE( SARL);2013;Air;Dioxyde de carbone (CO2) total (d'origine biomasse et non biomasse);70400000;kg/an
0005500440;IDEX ENVIRONNEMENT BRETAGNE( SARL);2013;Air;Dioxyde de carbone (CO2) d'origine biomasse;39600000;kg/an
0005500440;IDEX ENVIRONNEMENT BRETAGNE( SARL);2013;Eau (indirect);Dioxines et furanes (PCDD + PCDF) (exprimés en iTeq);0.21;kg/an
0005500488;Site d'Yffiniac;2013;Eau (indirect);Demande biologique en oxygène (DBO5);121000;kg/an
0005500488;Site d'Yffiniac;2013;Eau (indirect);Demande chimique en oxygène (DCO);220000;kg/an
0005500491;YFFINIAC INDUSTRIE LAITA;2013;Eau (indirect);Demande biologique en oxygène (DBO5);220000;kg/an
0005500491;YFFINIAC INDUSTRIE LAITA;2013;Eau (indirect);Demande chimique en oxygène (DCO);376000;kg/an
0005500491;YFFINIAC INDUSTRIE LAITA;2013;Eau (indirect);Phosphore total;5470;kg/an
0005500506;Isobox;2013;Air;Composés organiques volatils non méthaniques (COVNM);110000;kg/an
0005500520;LES SALAISONS DE L'ARREE;2013;Air;Hydrochlorofluorocarbures (HCFC);20;kg/an
0005500595;COMPAGNIE DES GAZ DE PETROLE PRIMAGAZ;2013;Air;Composés organiques volatils non méthaniques (COVNM);32500;kg/an
0005500607;SIRCOB;2013;Air;Dioxyde de carbone (CO2) d'origine non biomasse;11200000;kg/an
0005500607;SIRCOB;2013;Air;Dioxyde de carbone (CO2) total (d'origine biomasse et non biomasse);25900000;kg/an
0005500607;SIRCOB;2013;Air;Dioxyde de carbone (CO2) d'origine biomasse;14800000;kg/an
0005500609;BUNGE France;2013;Air;Composés organiques volatils non méthaniques (COVNM);191000;kg/an
0005500609;BUNGE France;2013;Air;Dioxyde de carbone (CO2) d'origine non biomasse;23200000;kg/an
0005500609;BUNGE France;2013;Air;Dioxyde de carbone (CO2) total (d'origine biomasse et non biomasse);23200000;kg/an
0005500609;BUNGE France;2013;Eau (indirect);Demande biologique en oxygène (DBO5);97500;kg/an
0005500609;BUNGE France;2013;Eau (indirect);Demande chimique en oxygène (DCO);196000;kg/an
0005500610;SOTRAVAL-SPL;2013;Air;Protoxyde d'azote (N2O);12100;kg/an
0005500610;SOTRAVAL-SPL;2013;Air;Dioxyde de carbone (CO2) d'origine non biomasse;30600000;kg/an
0005500610;SOTRAVAL-SPL;2013;Air;Dioxyde de carbone (CO2) total (d'origine biomasse et non biomasse);71200000;kg/an
0005500610;SOTRAVAL-SPL;2013;Air;Dioxyde de carbone (CO2) d'origine biomasse;40600000;kg/an
0005500616;SIDEPAQ;2013;Air;Dioxyde de carbone (CO2) d'origine non biomasse;25900000;kg/an
0005500616;SIDEPAQ;2013;Air;Dioxyde de carbone (CO2) total (d'origine biomasse et non biomasse);60300000;kg/an
0005500616;SIDEPAQ;2013;Air;Dioxyde de carbone (CO2) d'origine biomasse;34400000;kg/an
0005500644;ENTREMONT;2013;Air;Dioxyde de carbone (CO2) d'origine non biomasse;14300000;kg/an
0005500644;ENTREMONT;2013;Air;Dioxyde de carbone (CO2) total (d'origine biomasse et non biomasse);14300000;kg/an
0005500644;ENTREMONT;2013;Eau (indirect);Azote total;106000;kg/an
0005500644;ENTREMONT;2013;Eau (indirect);Demande biologique en oxygène (DBO5);553000;kg/an
0005500644;ENTREMONT;2013;Eau (indirect);Demande chimique en oxygène (DCO);1050000;kg/an
0005500644;ENTREMONT;2013;Eau (indirect);Phosphore total;50900;kg/an
0005500657;LE MOULIN DE LA MARCHE;2013;Eau (indirect);Demande biologique en oxygène (DBO5);64200;kg/an
0005500663;SA DOUX ETS CHATEAULIN;2013;Sol;Phosphore total;20800;kg/an
0005500668;SOCOPA VIANDES CHATEAUNEUF;2013;Sol;Cuivre et composés (exprimés en tant que Cu);76;kg/an
0005500668;SOCOPA VIANDES CHATEAUNEUF;2013;Sol;Zinc et composés (exprimés en tant que Zn);645;kg/an
0005500701;CROWN EMBALLAGE FRANCE SAS;2013;Air;Composés organiques volatils non méthaniques (COVNM);32400;kg/an
0005500708;VALCOR VALORISATION CORNOUAILLE;2013;Air;Dioxyde de carbone (CO2) d'origine non biomasse;30500000;kg/an
0005500708;VALCOR VALORISATION CORNOUAILLE;2013;Air;Dioxyde de carbone (CO2) total (d'origine biomasse et non biomasse);30500000;kg/an
0005500708;VALCOR VALORISATION CORNOUAILLE;2013;Air;Dioxyde de carbone (CO2) d'origine biomasse;30500000;kg/an
0005500708;VALCOR VALORISATION CORNOUAILLE;2013;Eau (indirect);Dioxines et furanes (PCDD + PCDF) (exprimés en iTeq);0.000191;kg/an
0005500729;BOLLORE TECHNOLOGIES (Pen Carn);2013;Air;Hexafluorure de soufre (SF6);37.5;kg/an
0005500729;BOLLORE TECHNOLOGIES (Pen Carn);2013;Air;Hydrochlorofluorocarbures (HCFC);37.2;kg/an
0005500732;FRANPAC;2013;Air;Composés organiques volatils non méthaniques (COVNM);30200;kg/an
0005500736;PAULET PAUL;2013;Eau (indirect);Demande biologique en oxygène (DBO5);48400;kg/an
0005500759;TIPIAK PCS Cornouaille;2013;Air;Hydrochlorofluorocarbures (HCFC);1550;kg/an
0005500761;BOLLORE (Odet);2013;Air;Hydrochlorofluorocarbures (HCFC);83.1;kg/an
0005500769;JRS  MARINE PRODUCTS LANDERNEAU;2013;Eau (direct);Arsenic et composés (exprimés en tant que As);34;kg/an
0005500798;TILLY-SABCO BRETAGNE;2013;Sol;Zinc et composés (exprimés en tant que Zn);146;kg/an
0005500850;Lampaulaise de salaisons;2013;Eau (indirect);Demande biologique en oxygène (DBO5);198000;kg/an
0005500850;Lampaulaise de salaisons;2013;Eau (indirect);Demande chimique en oxygène (DCO);363000;kg/an
0005500850;Lampaulaise de salaisons;2013;Eau (indirect);Phosphore total;6480;kg/an
0005500851;Gad SAS Site de Lampaul-Guimiliau;2013;Sol;Cuivre et composés (exprimés en tant que Cu);65;kg/an
0005500851;Gad SAS Site de Lampaul-Guimiliau;2013;Sol;Phosphore total;15800;kg/an
0005500851;Gad SAS Site de Lampaul-Guimiliau;2013;Sol;Zinc et composés (exprimés en tant que Zn);366;kg/an
0005500920;ALGAIA;2013;Eau (direct);Arsenic et composés (exprimés en tant que As);88;kg/an
0005500920;ALGAIA;2013;Sol;Arsenic et composés (exprimés en tant que As);335;kg/an
0005500920;ALGAIA;2013;Sol;Nickel et composés (exprimés en tant que Ni);37;kg/an
0005500920;ALGAIA;2013;Sol;Zinc et composés (exprimés en tant que Zn);239;kg/an
0005500956;TRIVIUM;2013;Air;Composés organiques volatils non méthaniques (COVNM);57100;kg/an
0005500976;UCLAB INDUSTRIE;2013;Air;Dioxyde de carbone (CO2) d'origine non biomasse;18600000;kg/an
0005500976;UCLAB INDUSTRIE;2013;Air;Dioxyde de carbone (CO2) total (d'origine biomasse et non biomasse);18600000;kg/an
0005501026;Fromagerie de l'Iroise;2013;Eau (indirect);Demande biologique en oxygène (DBO5);111000;kg/an
0005501026;Fromagerie de l'Iroise;2013;Eau (indirect);Demande chimique en oxygène (DCO);186000;kg/an
0005501031;CARRIERES LAGADEC;2013;Eau (direct);Manganèse et composés (exprimés en tant que Mn);509;kg/an
0005501107;CAPITAINE COOK;2013;Eau (indirect);Demande biologique en oxygène (DBO5);80500;kg/an
0005501107;CAPITAINE COOK;2013;Eau (indirect);Demande chimique en oxygène (DCO);169000;kg/an
0005501172;MERALLIANCE ARMORIC;2013;Air;Hydrochlorofluorocarbures (HCFC);48;kg/an
0005501172;MERALLIANCE ARMORIC;2013;Eau (indirect);Demande biologique en oxygène (DBO5);43400;kg/an
0005501188;CANDIA usine de QUIMPER;2013;Eau (indirect);Demande chimique en oxygène (DCO);549000;kg/an
0005501191;SAUPIQUET;2013;Air;Hydrochlorofluorocarbures (HCFC);6.7;kg/an
0005501191;SAUPIQUET;2013;Air;Hydroflurocarbures (HFC);160;kg/an
0005501191;SAUPIQUET;2013;Eau (indirect);Demande biologique en oxygène (DBO5);90100;kg/an
0005501191;SAUPIQUET;2013;Eau (indirect);Demande chimique en oxygène (DCO);175000;kg/an
0005501193;ENTREMONT ALLIANCE Quimper;2013;Air;Hydrochlorofluorocarbures (HCFC);90;kg/an
0005501193;ENTREMONT ALLIANCE Quimper;2013;Air;Dioxyde de carbone (CO2) d'origine non biomasse;21800000;kg/an
0005501193;ENTREMONT ALLIANCE Quimper;2013;Air;Dioxyde de carbone (CO2) total (d'origine biomasse et non biomasse);21800000;kg/an
0005501193;ENTREMONT ALLIANCE Quimper;2013;Eau (indirect);Demande biologique en oxygène (DBO5);995000;kg/an
0005501193;ENTREMONT ALLIANCE Quimper;2013;Eau (indirect);Demande chimique en oxygène (DCO);1800000;kg/an
0005501193;ENTREMONT ALLIANCE Quimper;2013;Eau (indirect);Phosphore total;16500;kg/an
0005501214;BIGARD Site de Quimperlé;2013;Sol;Cuivre et composés (exprimés en tant que Cu);89.9;kg/an
0005501214;BIGARD Site de Quimperlé;2013;Sol;Zinc et composés (exprimés en tant que Zn);1030;kg/an
0005501218;PDM INDUSTRIES;2013;Eau (direct);Composés organohalogénés (exprimés en tant que AOX);2540;kg/an
0005501218;PDM INDUSTRIES;2013;Eau (direct);Demande chimique en oxygène (DCO);260000;kg/an
0005501236;BONDUELLE TRAITEUR (Saladerie);2013;Eau (indirect);Demande biologique en oxygène (DBO5);108000;kg/an
0005501236;BONDUELLE TRAITEUR (Saladerie);2013;Eau (indirect);Demande chimique en oxygène (DCO);276000;kg/an
0005501265;SCO;2013;Eau (indirect);Demande biologique en oxygène (DBO5);142000;kg/an
0005501265;SCO;2013;Eau (indirect);Demande chimique en oxygène (DCO);271000;kg/an
0005501318;CGPA PENY;2013;Sol;Phosphore total;5240;kg/an
0005501351;NOBELSPORT;2013;Air;Composés organiques volatils non méthaniques (COVNM);216000;kg/an
0005501365;Brocéliande;2013;Air;Hydrochlorofluorocarbures (HCFC);30;kg/an
0005501387;PSA Automobile SA;2013;Air;Composés organiques volatils non méthaniques (COVNM);349000;kg/an
0005501387;PSA Automobile SA;2013;Air;Hydroflurocarbures (HFC);448;kg/an
0005501387;PSA Automobile SA;2013;Air;Dioxyde de carbone (CO2) d'origine non biomasse;24700000;kg/an
0005501387;PSA Automobile SA;2013;Air;Dioxyde de carbone (CO2) total (d'origine biomasse et non biomasse);24700000;kg/an
0005501399;SOCIETE DESHYOUEST;2013;Air;Dioxyde de carbone (CO2) d'origine non biomasse;12100000;kg/an
0005501399;SOCIETE DESHYOUEST;2013;Air;Dioxyde de carbone (CO2) total (d'origine biomasse et non biomasse);23300000;kg/an
0005501399;SOCIETE DESHYOUEST;2013;Air;Dioxyde de carbone (CO2) d'origine biomasse;11200000;kg/an
0005501423;GATINE VIANDES;2013;Eau (indirect);Azote total;52700;kg/an
0005501423;GATINE VIANDES;2013;Eau (indirect);Demande biologique en oxygène (DBO5);262000;kg/an
0005501423;GATINE VIANDES;2013;Eau (indirect);Demande chimique en oxygène (DCO);408000;kg/an
0005501424;PLASTIC OMNIUM AUTO EXTERIEUR;2013;Air;Composés organiques volatils non méthaniques (COVNM);30900;kg/an
0005501438;SOLEVAL Javené;2013;Air;Dioxyde de carbone (CO2) d'origine non biomasse;17600000;kg/an
0005501438;SOLEVAL Javené;2013;Air;Dioxyde de carbone (CO2) total (d'origine biomasse et non biomasse);17600000;kg/an
0005501443;SALAISONS CLERMONT;2013;Air;Perfluorocarbures (PFC);190;kg/an
0005501461;ENTREMONT;2013;Air;Dioxyde de carbone (CO2) d'origine non biomasse;11200000;kg/an
0005501461;ENTREMONT;2013;Air;Dioxyde de carbone (CO2) total (d'origine biomasse et non biomasse);11200000;kg/an
0005501466;COOPERL ARC ATLANTIQUE;2013;Air;Hydrochlorofluorocarbures (HCFC);2.5;kg/an
0005501466;COOPERL ARC ATLANTIQUE;2013;Sol;Zinc et composés (exprimés en tant que Zn);179;kg/an
0005501473;Triballat Noyal;2013;Eau (indirect);Demande biologique en oxygène (DBO5);485000;kg/an
0005501473;Triballat Noyal;2013;Eau (indirect);Demande chimique en oxygène (DCO);715000;kg/an
0005501473;Triballat Noyal;2013;Eau (indirect);Phosphore total;6530;kg/an
0005501485;AFC;2013;Air;Composés organiques volatils non méthaniques (COVNM);83100;kg/an
0005501486;CARGILL;2013;Air;Composés organiques volatils non méthaniques (COVNM);425000;kg/an
0005501486;CARGILL;2013;Air;Dioxyde de carbone (CO2) d'origine non biomasse;15900000;kg/an
0005501486;CARGILL;2013;Air;Dioxyde de carbone (CO2) total (d'origine biomasse et non biomasse);15900000;kg/an
0005501488;SOCIETE LAITIERE DE RETIERS;2013;Air;Oxydes de soufre (SOx/SO2);373000;kg/an
0005501488;SOCIETE LAITIERE DE RETIERS;2013;Air;Oxydes d'azote (NOx/NO2);118000;kg/an
0005501488;SOCIETE LAITIERE DE RETIERS;2013;Air;Dioxyde de carbone (CO2) d'origine non biomasse;53500000;kg/an
0005501488;SOCIETE LAITIERE DE RETIERS;2013;Air;Dioxyde de carbone (CO2) total (d'origine biomasse et non biomasse);53500000;kg/an
0005501489;Chatal;2013;Air;Tétrachloroéthylène (PER, tétrachloroéthylène);5630;kg/an
0005501498;UNIVERSITE DE RENNES 1;2013;Air;Dioxyde de carbone (CO2) d'origine non biomasse;11400000;kg/an
0005501498;UNIVERSITE DE RENNES 1;2013;Air;Dioxyde de carbone (CO2) total (d'origine biomasse et non biomasse);11400000;kg/an
0005501502;CONTITECH AVS FRANCE;2013;Air;Composés organiques volatils non méthaniques (COVNM);30100;kg/an
0005501502;CONTITECH AVS FRANCE;2013;Air;Dichlorométhane (DCM, chlorure de méthylène);2500;kg/an
0005501504;VALOREIZH;2013;Air;Dioxyde de carbone (CO2) d'origine non biomasse;118000000;kg/an
0005501504;VALOREIZH;2013;Air;Dioxyde de carbone (CO2) total (d'origine biomasse et non biomasse);118000000;kg/an
0005501505;ENERSUD - SOC RENNAISE DISTRI CHALEUR;2013;Air;Dioxyde de carbone (CO2) d'origine non biomasse;42300000;kg/an
0005501505;ENERSUD - SOC RENNAISE DISTRI CHALEUR;2013;Air;Dioxyde de carbone (CO2) total (d'origine biomasse et non biomasse);42300000;kg/an
0005501525;EVTV;2013;Eau (indirect);Toluène;562;kg/an
0005501531;HYPRED (groupe Kersia);2013;Eau (indirect);Phosphore total;6830;kg/an
0005501539;SALAISONS CELTIQUES;2013;Eau (indirect);Demande biologique en oxygène (DBO5);45900;kg/an
0005501557;KNAUF INDUSTRIES OUEST;2013;Air;Composés organiques volatils non méthaniques (COVNM);66600;kg/an
0005501573;SMICTOM Sud Est 35;2013;Air;Dioxyde de carbone (CO2) total (d'origine biomasse et non biomasse);11500000;kg/an
0005501573;SMICTOM Sud Est 35;2013;Air;Dioxyde de carbone (CO2) d'origine biomasse;11500000;kg/an
0005501608;RONSARD SAS;2013;Eau (indirect);Demande biologique en oxygène (DBO5);175000;kg/an
0005501608;RONSARD SAS;2013;Eau (indirect);Demande chimique en oxygène (DCO);316000;kg/an
0005501608;RONSARD SAS;2013;Eau (indirect);Phosphore total;7140;kg/an
0005501667;ROHAN VIANDES ELABORATION;2013;Air;Hydrochlorofluorocarbures (HCFC);50;kg/an
0005501679;SAS CENTRE D'ABATTAGE DE DINDES DU FAOUET;2013;Eau (indirect);Demande biologique en oxygène (DBO5);78500;kg/an
0005501679;SAS CENTRE D'ABATTAGE DE DINDES DU FAOUET;2013;Sol;Fer et composés (exprimés en tant que Fe);10100;kg/an
0005501679;SAS CENTRE D'ABATTAGE DE DINDES DU FAOUET;2013;Sol;Phosphore total;8500;kg/an
0005501679;SAS CENTRE D'ABATTAGE DE DINDES DU FAOUET;2013;Sol;Zinc et composés (exprimés en tant que Zn);184;kg/an
0005501679;SAS CENTRE D'ABATTAGE DE DINDES DU FAOUET;2013;Sol;Biphényles polychlorés (PCB);0.2;kg/an
0005501682;GROUPE ROCHER OPERATIONS;2013;Eau (indirect);Demande biologique en oxygène (DBO5);52500;kg/an
0005501682;GROUPE ROCHER OPERATIONS;2013;Eau (indirect);Demande chimique en oxygène (DCO);162000;kg/an
0005501752;Josselin Porc Abattage;2013;Eau (direct);Zinc et composés (exprimés en tant que Zn);114;kg/an
0005501776;GUERBET;2013;Air;Composés organiques volatils non méthaniques (COVNM);142000;kg/an
0005501776;GUERBET;2013;Air;Dioxyde de carbone (CO2) d'origine non biomasse;18900000;kg/an
0005501776;GUERBET;2013;Air;Dioxyde de carbone (CO2) total (d'origine biomasse et non biomasse);18900000;kg/an
0005501783;Galliance Languidic;2013;Eau (indirect);Demande biologique en oxygène (DBO5);606000;kg/an
0005501783;Galliance Languidic;2013;Eau (indirect);Demande chimique en oxygène (DCO);912000;kg/an
0005501783;Galliance Languidic;2013;Eau (indirect);Matières en suspension (MES);324000;kg/an
0005501783;Galliance Languidic;2013;Eau (indirect);Phosphore total;6830;kg/an
0005501786;CONSERVERIE MORBIHANNAISE Lanvenegen;2013;Air;Dioxyde de carbone (CO2) d'origine non biomasse;10300000;kg/an
0005501786;CONSERVERIE MORBIHANNAISE Lanvenegen;2013;Air;Dioxyde de carbone (CO2) total (d'origine biomasse et non biomasse);10300000;kg/an
0005501786;CONSERVERIE MORBIHANNAISE Lanvenegen;2013;Sol;Phosphore total;8170;kg/an
0005501788;PROCANAR;2013;Sol;Phosphore total;6600;kg/an
0005501863;SAS ENTREMONT;2013;Air;Nickel et composés (exprimés en tant que Ni);55;kg/an
0005501863;SAS ENTREMONT;2013;Air;Dioxyde de carbone (CO2) d'origine non biomasse;17900000;kg/an
0005501863;SAS ENTREMONT;2013;Air;Dioxyde de carbone (CO2) total (d'origine biomasse et non biomasse);17900000;kg/an
0005501863;SAS ENTREMONT;2013;Eau (indirect);Demande biologique en oxygène (DBO5);714000;kg/an
0005501863;SAS ENTREMONT;2013;Eau (indirect);Demande chimique en oxygène (DCO);1340000;kg/an
0005501863;SAS ENTREMONT;2013;Eau (indirect);Phosphore total;22200;kg/an
0005501866;GREENYARD FROZEN FRANCE (ex CGS);2013;Sol;Phosphore total;7120;kg/an
0005501872;BERNARD SAS (abattoir);2013;Eau (indirect);Demande biologique en oxygène (DBO5);190000;kg/an
0005501872;BERNARD SAS (abattoir);2013;Eau (indirect);Demande chimique en oxygène (DCO);319000;kg/an
0005501888;LES ATELIERS DU GOUT;2013;Air;Hydrochlorofluorocarbures (HCFC);774;kg/an
0005501888;LES ATELIERS DU GOUT;2013;Air;Hydroflurocarbures (HFC);256;kg/an
0005501901;BRETAGNE CHIMIE FINE;2013;Eau (indirect);Azote total;71500;kg/an
0005501901;BRETAGNE CHIMIE FINE;2013;Eau (indirect);Demande biologique en oxygène (DBO5);389000;kg/an
0005501901;BRETAGNE CHIMIE FINE;2013;Eau (indirect);Demande chimique en oxygène (DCO);621000;kg/an
0005501941;Com Com Auray Quiberon Terre Atlantique;2013;Air;Dioxyde de carbone (CO2) d'origine non biomasse;10700000;kg/an
0005501941;Com Com Auray Quiberon Terre Atlantique;2013;Air;Dioxyde de carbone (CO2) total (d'origine biomasse et non biomasse);24800000;kg/an
0005501941;Com Com Auray Quiberon Terre Atlantique;2013;Air;Dioxyde de carbone (CO2) d'origine biomasse;14000000;kg/an
0005501947;Société des Volailles de Plouray;2013;Sol;Phosphore total;6100;kg/an
0005501948;SAS STANVEN;2013;Eau (indirect);Demande biologique en oxygène (DBO5);408000;kg/an
0005501948;SAS STANVEN;2013;Eau (indirect);Demande chimique en oxygène (DCO);872000;kg/an
0005501981;SITTOM-MI;2013;Air;Dioxyde de carbone (CO2) d'origine non biomasse;10400000;kg/an
0005501981;SITTOM-MI;2013;Air;Dioxyde de carbone (CO2) total (d'origine biomasse et non biomasse);24200000;kg/an
0005501981;SITTOM-MI;2013;Air;Dioxyde de carbone (CO2) d'origine biomasse;13800000;kg/an
0005502077;CELVIA SERENT;2013;Eau (indirect);Demande biologique en oxygène (DBO5);93700;kg/an
0005502077;CELVIA SERENT;2013;Eau (indirect);Demande chimique en oxygène (DCO);172000;kg/an
0005502079;SOLEVAL France;2013;Eau (indirect);Demande biologique en oxygène (DBO5);80600;kg/an
0005502142;MICHELIN  Vannes;2013;Eau (direct);Zinc et composés (exprimés en tant que Zn);109;kg/an
0005502171;IMERYS REFACTORY MINERALS;2013;Eau (direct);Cobalt et composés (exprimés en tant que Co);130;kg/an
0005502171;IMERYS REFACTORY MINERALS;2013;Eau (direct);Manganèse et composés (exprimés en tant que Mn);12000;kg/an
0005502171;IMERYS REFACTORY MINERALS;2013;Eau (direct);Nickel et composés (exprimés en tant que Ni);281;kg/an
0005502171;IMERYS REFACTORY MINERALS;2013;Eau (direct);Sulfates;2340000;kg/an
0005503317;OVOTEAM DU GRAND PLESSIS;2013;Eau (indirect);Demande chimique en oxygène (DCO);202000;kg/an
0005503320;COOPERL ARC ATLANTIQUE;2013;Eau (indirect);Demande biologique en oxygène (DBO5);67600;kg/an
0005503331;FARMOR;2013;Eau (indirect);Demande biologique en oxygène (DBO5);70000;kg/an
0005503334;FIDELE SAS;2013;Eau (indirect);Demande biologique en oxygène (DBO5);45300;kg/an
0005503335;KERVALIS ARMOR;2013;Air;Dioxyde de carbone (CO2) total (d'origine biomasse et non biomasse);11700000;kg/an
0005503335;KERVALIS ARMOR;2013;Air;Dioxyde de carbone (CO2) d'origine biomasse;11700000;kg/an
0005503335;KERVALIS ARMOR;2013;Eau (indirect);Azote total;56400;kg/an
0005503335;KERVALIS ARMOR;2013;Eau (indirect);Demande biologique en oxygène (DBO5);95000;kg/an
0005503363;Marine Harvest Kritsen;2013;Air;Hydrochlorofluorocarbures (HCFC);528;kg/an
0005503363;Marine Harvest Kritsen;2013;Air;Hydroflurocarbures (HFC);410;kg/an
0005503370;Sté Fromagère de Retiers;2013;Eau (indirect);Demande chimique en oxygène (DCO);314000;kg/an
0005503371;Sté Beurrière de Retiers;2013;Eau (indirect);Demande chimique en oxygène (DCO);487000;kg/an
0005503421;HIRSCH FRANCE;2013;Air;Composés organiques volatils non méthaniques (COVNM);110000;kg/an
0005503427;Cité Marine;2013;Eau (indirect);Demande biologique en oxygène (DBO5);78700;kg/an
0005503427;Cité Marine;2013;Eau (indirect);Demande chimique en oxygène (DCO);203000;kg/an
0005503446;I .P B S;2013;Air;Composés organiques volatils non méthaniques (COVNM);47400;kg/an
0005503548;PEP;2013;Eau (indirect);Demande biologique en oxygène (DBO5);48800;kg/an
0005503655;STATION D'EPURATION DE CALOUËT;2013;Sol;Azote total;51500;kg/an
0005503655;STATION D'EPURATION DE CALOUËT;2013;Sol;Phosphore total;62200;kg/an
0005503680;SAVE;2013;Air;Dioxyde de carbone (CO2) total (d'origine biomasse et non biomasse);28000000;kg/an
0005503680;SAVE;2013;Air;Dioxyde de carbone (CO2) d'origine biomasse;28000000;kg/an
0005503729;SUEZ RV Ouest;2013;Air;Méthane (CH4);500000;kg/an
0005503774;KNAUF INDUSTRIES OUEST;2013;Air;Composés organiques volatils non méthaniques (COVNM);68600;kg/an
0005503896;SOCIETE LAITIERE DES VOLCANS D'AUVERGNE, toury;2013;Eau (indirect);Demande biologique en oxygène (DBO5);57900;kg/an
0005503903;DELICES DU VAL PLESSIS;2013;Eau (indirect);Demande biologique en oxygène (DBO5);272000;kg/an
0005503903;DELICES DU VAL PLESSIS;2013;Eau (indirect);Demande chimique en oxygène (DCO);445000;kg/an
0005503907;PEP CASSERIE;2013;Eau (indirect);Demande biologique en oxygène (DBO5);143000;kg/an
0005503907;PEP CASSERIE;2013;Eau (indirect);Demande chimique en oxygène (DCO);174000;kg/an
0005503910;GALLIANCE Elaboré;2013;Eau (indirect);Demande biologique en oxygène (DBO5);189000;kg/an
0005503910;GALLIANCE Elaboré;2013;Eau (indirect);Demande chimique en oxygène (DCO);284000;kg/an
0005504149;Mc BRIDE;2013;Air;Composés organiques volatils non méthaniques (COVNM);82700;kg/an
0005504337;SECHE ECO INDUSTRIES;2013;Air;Méthane (CH4);243000;kg/an
0005504391;Sanofi Chimie;2013;Eau (indirect);Demande biologique en oxygène (DBO5);67400;kg/an
0005504391;Sanofi Chimie;2013;Sol;Azote total;59000;kg/an
0005504408;CELTYS;2013;Sol;Phosphore total;12900;kg/an
0005504457;COMPAGNIE DES PECHES PRODUCTION;2013;Air;Hydrochlorofluorocarbures (HCFC);302;kg/an
0005508870;CELVIA;2013;Eau (indirect);Demande biologique en oxygène (DBO5);207000;kg/an
0005508870;CELVIA;2013;Eau (indirect);Demande chimique en oxygène (DCO);415000;kg/an
0005508872;BERNARD SAS (salaisons);2013;Eau (indirect);Demande biologique en oxygène (DBO5);63500;kg/an
0005512690;LE GUELLEC;2013;Air;Tétrachloroéthylène (PER, tétrachloroéthylène);3680;kg/an
0005512795;Installation de stockage de déchets non dangereux;2013;Air;Méthane (CH4);270000;kg/an
0005514051;COGESTAR 3;2013;Air;Dioxyde de carbone (CO2) d'origine non biomasse;35600000;kg/an
0005514051;COGESTAR 3;2013;Air;Dioxyde de carbone (CO2) total (d'origine biomasse et non biomasse);35600000;kg/an
0005514693;AviCompost;2013;Air;Ammoniac (NH3);28300;kg/an
0005515356;KERMENE;2013;Eau (indirect);Demande biologique en oxygène (DBO5);53100;kg/an
0005515506;RENNES METROPOLE;2013;Air;Méthane (CH4);187000;kg/an
0005515787;KNAUF ILE DE FRANCE / OUEST - Cournon;2013;Air;Composés organiques volatils non méthaniques (COVNM);179000;kg/an
0005516990;SOFRAPEL;2013;Air;Composés organiques volatils non méthaniques (COVNM);31000;kg/an
0005517386;DALKIA BIOMASSE RENNES;2013;Air;Dioxyde de carbone (CO2) total (d'origine biomasse et non biomasse);37500000;kg/an
0005517386;DALKIA BIOMASSE RENNES;2013;Air;Dioxyde de carbone (CO2) d'origine biomasse;37500000;kg/an
0005517417;Plateforme de Tohannic;2013;Eau (direct);Arsenic et composés (exprimés en tant que As);9;kg/an
0005600007;MANITOWOC CRANE GROUP FRANCE;2013;Air;Composés organiques volatils non méthaniques (COVNM);35800;kg/an
0005600010;LUCANE;2013;Air;Dioxyde de carbone (CO2) d'origine non biomasse;20600000;kg/an
0005600010;LUCANE;2013;Air;Dioxyde de carbone (CO2) total (d'origine biomasse et non biomasse);46800000;kg/an
0005600010;LUCANE;2013;Air;Dioxyde de carbone (CO2) d'origine biomasse;26300000;kg/an
0005600022;ADISSEO FRANCE S.A.S;2013;Air;Composés organiques volatils non méthaniques (COVNM);317000;kg/an
0005600022;ADISSEO FRANCE S.A.S;2013;Air;Hydroflurocarbures (HFC);632;kg/an
0005600022;ADISSEO FRANCE S.A.S;2013;Air;Oxydes d'azote (NOx/NO2);122000;kg/an
0005600022;ADISSEO FRANCE S.A.S;2013;Air;Dioxyde de carbone (CO2) d'origine non biomasse;80700000;kg/an
0005600022;ADISSEO FRANCE S.A.S;2013;Air;Dioxyde de carbone (CO2) total (d'origine biomasse et non biomasse);80700000;kg/an
0005600022;ADISSEO FRANCE S.A.S;2013;Eau (direct);Arsenic et composés (exprimés en tant que As);17.2;kg/an
0005600022;ADISSEO FRANCE S.A.S;2013;Eau (direct);Cadmium et composés (exprimés en tant que Cd);3.45;kg/an
0005600022;ADISSEO FRANCE S.A.S;2013;Eau (direct);Composés organohalogénés (exprimés en tant que AOX);2000;kg/an
0005600022;ADISSEO FRANCE S.A.S;2013;Eau (direct);Cyanures (sous forme de CN total);51.7;kg/an
0005600022;ADISSEO FRANCE S.A.S;2013;Eau (direct);Demande biologique en oxygène (DBO5);51400;kg/an
0005600022;ADISSEO FRANCE S.A.S;2013;Eau (direct);Demande chimique en oxygène (DCO);300000;kg/an
0005600022;ADISSEO FRANCE S.A.S;2013;Eau (direct);Dichlorométhane (DCM, chlorure de méthylène);20;kg/an
0005600022;ADISSEO FRANCE S.A.S;2013;Eau (direct);Nickel et composés (exprimés en tant que Ni);38.8;kg/an
0005600022;ADISSEO FRANCE S.A.S;2013;Eau (direct);Phénols (en tant que C total);28;kg/an
0005600022;ADISSEO FRANCE S.A.S;2013;Eau (direct);Sulfates;2550000;kg/an
0005600022;ADISSEO FRANCE S.A.S;2013;Sol;Nickel et composés (exprimés en tant que Ni);49.8;kg/an
0005600022;ADISSEO FRANCE S.A.S;2013;Sol;Plomb et composés (exprimés en tant que Pb);21.1;kg/an
0005600022;ADISSEO FRANCE S.A.S;2013;Sol;Zinc et composés (exprimés en tant que Zn);569;kg/an
0005600022;ADISSEO FRANCE S.A.S;2013;Sol;Biphényles polychlorés (PCB);0.13;kg/an
0005600023;ERASTEEL SAS;2013;Air;Manganèse et composés (exprimés en tant que Mn);273;kg/an
0005600024;VICAT SA;2013;Air;Acide cyanhydrique (HCN);359;kg/an
0005600024;VICAT SA;2013;Air;Ammoniac (NH3);18800;kg/an
0005600024;VICAT SA;2013;Air;Oxydes d'azote (NOx/NO2);486000;kg/an
0005600024;VICAT SA;2013;Air;Dioxyde de carbone (CO2) d'origine non biomasse;193000000;kg/an
0005600024;VICAT SA;2013;Air;Dioxyde de carbone (CO2) total (d'origine biomasse et non biomasse);233000000;kg/an
0005600024;VICAT SA;2013;Air;Dioxyde de carbone (CO2) d'origine biomasse;39200000;kg/an
0005600024;VICAT SA;2013;Eau (direct);Cadmium et composés (exprimés en tant que Cd);2;kg/an
0005600027;COSMETIQUE ACTIVE PRODUCTION;2013;Eau (indirect);Demande biologique en oxygène (DBO5);144000;kg/an
0005600027;COSMETIQUE ACTIVE PRODUCTION;2013;Eau (indirect);Demande chimique en oxygène (DCO);429000;kg/an
0005600040;SAGEM DEFENSE SECURITE SA;2013;Eau (direct);Nickel et composés (exprimés en tant que Ni);24.6;kg/an
0005600041;PEUGEOT CITROEN AUTOMOBILES S.A.;2013;Air;Composés organiques volatils non méthaniques (COVNM);116000;kg/an
0005600041;PEUGEOT CITROEN AUTOMOBILES S.A.;2013;Air;Dioxyde de carbone (CO2) d'origine non biomasse;41300000;kg/an
0005600041;PEUGEOT CITROEN AUTOMOBILES S.A.;2013;Air;Dioxyde de carbone (CO2) total (d'origine biomasse et non biomasse);41300000;kg/an
0005600068;ALL CHEM;2013;Air;Composés organiques volatils non méthaniques (COVNM);93500;kg/an
0005600068;ALL CHEM;2013;Eau (indirect);Demande biologique en oxygène (DBO5);50000;kg/an
0005600069;AMIS SAS;2013;Air;Zinc et composés (exprimés en tant que Zn);366;kg/an
0005600075;SADILLEK SA;2013;Air;Zinc et composés (exprimés en tant que Zn);1450;kg/an
0005600136;QUALIPAC AURILLAC;2013;Eau (direct);Chrome et composés (exprimés en tant que Cr);89.9;kg/an
0005600136;QUALIPAC AURILLAC;2013;Eau (direct);Nickel et composés (exprimés en tant que Ni);36.2;kg/an
0005600155;CHEMVIRON FRANCE;2013;Air;Dioxyde de carbone (CO2) total (d'origine biomasse et non biomasse);15600000;kg/an
0005600155;CHEMVIRON FRANCE;2013;Air;Dioxyde de carbone (CO2) d'origine biomasse;15600000;kg/an
0005600174;MFP MICHELIN;2013;Air;Hydrochlorofluorocarbures (HCFC);4.33;kg/an
0005600197;TANNERIES DU PUY SAS;2013;Air;Composés organiques volatils non méthaniques (COVNM);35700;kg/an
0005600197;TANNERIES DU PUY SAS;2013;Eau (indirect);Chrome et composés (exprimés en tant que Cr);133;kg/an
0005600197;TANNERIES DU PUY SAS;2013;Eau (indirect);Demande biologique en oxygène (DBO5);101000;kg/an
0005600197;TANNERIES DU PUY SAS;2013;Eau (indirect);Demande chimique en oxygène (DCO);191000;kg/an
0005600197;TANNERIES DU PUY SAS;2013;Eau (indirect);Fer et composés (exprimés en tant que Fe);3900;kg/an
0005600203;Céramiques de Haute-Loire;2013;Air;Dioxyde de carbone (CO2) d'origine non biomasse;13700000;kg/an
0005600203;Céramiques de Haute-Loire;2013;Air;Dioxyde de carbone (CO2) total (d'origine biomasse et non biomasse);13700000;kg/an
0005600212;PAPETERIES D'ESPALY S.A.;2013;Air;Naphthalène;3950;kg/an
0005600220;BARBIER CHAVANON;2013;Air;Composés organiques volatils non méthaniques (COVNM);49700;kg/an
0005600262;STTP - EMBALLAGE;2013;Air;Composés organiques volatils non méthaniques (COVNM);225000;kg/an
0005600264;GUERIN PLASTIQUES SA;2013;Air;Composés organiques volatils non méthaniques (COVNM);47900;kg/an
0005600266;BARBIER LA GUIDE;2013;Air;Composés organiques volatils non méthaniques (COVNM);77400;kg/an
0005600267;PEM;2013;Eau (direct);Chloroforme (trichlorométhane);10.5;kg/an
0005600267;PEM;2013;Eau (direct);Nickel et composés (exprimés en tant que Ni);25.3;kg/an
0005600289;AUBERT & DUVAL ALLIAGES;2013;Air;Chrome et composés (exprimés en tant que Cr);426;kg/an
0005600289;AUBERT & DUVAL ALLIAGES;2013;Air;Cobalt et composés (exprimés en tant que Co);13.5;kg/an
0005600289;AUBERT & DUVAL ALLIAGES;2013;Air;Manganèse et composés (exprimés en tant que Mn);418;kg/an
0005600289;AUBERT & DUVAL ALLIAGES;2013;Air;Nickel et composés (exprimés en tant que Ni);145;kg/an
0005600289;AUBERT & DUVAL ALLIAGES;2013;Air;Dioxyde de carbone (CO2) d'origine non biomasse;37400000;kg/an
0005600289;AUBERT & DUVAL ALLIAGES;2013;Air;Dioxyde de carbone (CO2) total (d'origine biomasse et non biomasse);37400000;kg/an
0005600289;AUBERT & DUVAL ALLIAGES;2013;Eau (direct);Cadmium et composés (exprimés en tant que Cd);1.16;kg/an
0005600289;AUBERT & DUVAL ALLIAGES;2013;Eau (direct);Nickel et composés (exprimés en tant que Ni);27.1;kg/an
0005600305;BANQUE DE FRANCE;2013;Air;Hydrochlorofluorocarbures (HCFC);22;kg/an
0005600326;TRELLEBORG INDUSTRIE;2013;Air;Composés organiques volatils non méthaniques (COVNM);59300;kg/an
0005600328;MFP MICHELIN - Site de Cataroux;2013;Air;Composés organiques volatils non méthaniques (COVNM);42700;kg/an
0005600328;MFP MICHELIN - Site de Cataroux;2013;Air;Dioxyde de carbone (CO2) d'origine non biomasse;25600000;kg/an
0005600328;MFP MICHELIN - Site de Cataroux;2013;Air;Dioxyde de carbone (CO2) total (d'origine biomasse et non biomasse);25600000;kg/an
0005600333;MANUF FRANC PNEUMATIQ MICHELIN;2013;Air;Dioxyde de carbone (CO2) d'origine non biomasse;10900000;kg/an
0005600333;MANUF FRANC PNEUMATIQ MICHELIN;2013;Air;Dioxyde de carbone (CO2) total (d'origine biomasse et non biomasse);10900000;kg/an
0005600334;CRISTAL UNION;2013;Air;Dioxyde de carbone (CO2) d'origine non biomasse;20600000;kg/an
0005600334;CRISTAL UNION;2013;Air;Dioxyde de carbone (CO2) total (d'origine biomasse et non biomasse);20600000;kg/an
0005600335;MANUF FRANC PNEUMATIQ MICHELIN;2013;Air;Hydroflurocarbures (HFC);288;kg/an
0005600370;INTERFORGE SAS;2013;Air;Dioxyde de carbone (CO2) d'origine non biomasse;14300000;kg/an
0005600370;INTERFORGE SAS;2013;Air;Dioxyde de carbone (CO2) total (d'origine biomasse et non biomasse);14300000;kg/an
0005600372;CONSTELLIUM ISSOIRE;2013;Air;Dioxines et furanes (PCDD + PCDF) (exprimés en iTeq);0.000195;kg/an
0005600372;CONSTELLIUM ISSOIRE;2013;Air;Dioxyde de carbone (CO2) d'origine non biomasse;54300000;kg/an
0005600372;CONSTELLIUM ISSOIRE;2013;Air;Dioxyde de carbone (CO2) total (d'origine biomasse et non biomasse);54300000;kg/an
0005600372;CONSTELLIUM ISSOIRE;2013;Eau (indirect);Cadmium et composés (exprimés en tant que Cd);3.5;kg/an
0005600372;CONSTELLIUM ISSOIRE;2013;Eau (direct);Chrome et composés (exprimés en tant que Cr);82;kg/an
0005600372;CONSTELLIUM ISSOIRE;2013;Eau (direct);Chrome hexavalent et composés (exprimés en tant que Cr VI);31;kg/an
0005600372;CONSTELLIUM ISSOIRE;2013;Eau (direct);Cuivre et composés (exprimés en tant que Cu);266;kg/an
0005600372;CONSTELLIUM ISSOIRE;2013;Eau (direct);Etain et composés (exprimés en tant que Sn);219;kg/an
0005600372;CONSTELLIUM ISSOIRE;2013;Eau (direct);Nickel et composés (exprimés en tant que Ni);266;kg/an
0005600372;CONSTELLIUM ISSOIRE;2013;Eau (direct);Phénols (en tant que C total);397;kg/an
0005600372;CONSTELLIUM ISSOIRE;2013;Eau (direct);Zinc et composés (exprimés en tant que Zn);1510;kg/an
;NOGUES Jacqueline;2013;Air;Ammoniac (NH3);10200;kg/an
0005600377;SAIPOL;2013;Air;Composés organiques volatils non méthaniques (COVNM);122000;kg/an
0005600377;SAIPOL;2013;Air;Dioxyde de carbone (CO2) total (d'origine biomasse et non biomasse);12000000;kg/an
0005600377;SAIPOL;2013;Air;Dioxyde de carbone (CO2) d'origine biomasse;12000000;kg/an
0005600390;PAPETERIES DE GIROUX  SA;2013;Eau (direct);Demande biologique en oxygène (DBO5);117000;kg/an
0005600390;PAPETERIES DE GIROUX  SA;2013;Eau (direct);Demande chimique en oxygène (DCO);253000;kg/an
0005600392;ADIAMAS;2013;Air;Tétrachloroéthylène (PER, tétrachloroéthylène);5920;kg/an
0005600410;LABORATOIRES MSD-CHIBRET SNC;2013;Air;Hydroflurocarbures (HFC);161;kg/an
0005600419;ROCKWOOL FRANCE SAS;2013;Air;Aldéhyde formique (formaldéhyde);6810;kg/an
0006803147;CONSTELLATION UTILITES SERVICES;2013;Air;Dioxyde de carbone (CO2) d'origine non biomasse;8830000100;kg/an
0005600419;ROCKWOOL FRANCE SAS;2013;Air;Ammoniac (NH3);220000;kg/an
0006803147;CONSTELLATION UTILITES SERVICES;2013;Air;Dioxyde de carbone (CO2) total (d'origine biomasse et non biomasse);8830000100;kg/an
0005600419;ROCKWOOL FRANCE SAS;2013;Air;Oxydes de soufre (SOx/SO2);565000;kg/an
0005600419;ROCKWOOL FRANCE SAS;2013;Air;Oxydes d'azote (NOx/NO2);183000;kg/an
0005600419;ROCKWOOL FRANCE SAS;2013;Air;Phénols (en tant que C total);7240;kg/an
0005600419;ROCKWOOL FRANCE SAS;2013;Air;Poussières totales;204000;kg/an
0005600419;ROCKWOOL FRANCE SAS;2013;Air;Dioxyde de carbone (CO2) d'origine non biomasse;104000000;kg/an
0005304223;ZINC ELEC SAS;2013;Air;Ammoniac (NH3);7210000;kg/an
0005600419;ROCKWOOL FRANCE SAS;2013;Air;Dioxyde de carbone (CO2) total (d'origine biomasse et non biomasse);104000000;kg/an
0005304223;ZINC ELEC SAS;2013;Air;Fluor et composés inorganiques (en tant que HF);4050000;kg/an
0005600458;SAPEC 2;2013;Eau (direct);Nickel et composés (exprimés en tant que Ni);36;kg/an
0005304223;ZINC ELEC SAS;2013;Air;Oxydes de soufre (SOx/SO2);17800000;kg/an
0005600463;SANOFI CHIMIE;2013;Air;Composés organiques volatils non méthaniques (COVNM);485000;kg/an
0005304223;ZINC ELEC SAS;2013;Air;Oxydes d'azote (NOx/NO2);33200000;kg/an
0005600463;SANOFI CHIMIE;2013;Air;Dioxyde de carbone (CO2) d'origine non biomasse;21100000;kg/an
0005600463;SANOFI CHIMIE;2013;Air;Dioxyde de carbone (CO2) total (d'origine biomasse et non biomasse);21100000;kg/an
0005600463;SANOFI CHIMIE;2013;Eau (direct);Arsenic et composés (exprimés en tant que As);14.6;kg/an
0005600463;SANOFI CHIMIE;2013;Eau (direct);Cadmium et composés (exprimés en tant que Cd);7.9;kg/an
0005701114;BEROUDIAUX FONDERIE;2013;Air;Antimoine et composés (exprimés en tant que Sb);13.9;kg/an
0005600463;SANOFI CHIMIE;2013;Eau (direct);Dichlorométhane (DCM, chlorure de méthylène);31.1;kg/an
0005701114;BEROUDIAUX FONDERIE;2013;Air;Hydrocarbures aromatiques polycycliques (HAP);2930;kg/an
0005600463;SANOFI CHIMIE;2013;Eau (direct);Fluorures (en tant que F total);6470;kg/an
0005600463;SANOFI CHIMIE;2013;Eau (direct);Phénols (en tant que C total);28.9;kg/an
0005600463;SANOFI CHIMIE;2013;Eau (direct);Plomb et composés (exprimés en tant que Pb);22.4;kg/an
0005600465;EUROPAFI;2013;Air;Hydrochlorofluorocarbures (HCFC);8;kg/an
0007200719;ROY sa;2013;Air;Poussières totales;140000;kg/an
0005600467;Société des Eaux de VOLVIC;2013;Eau (indirect);Demande biologique en oxygène (DBO5);60500;kg/an
0005600467;Société des Eaux de VOLVIC;2013;Eau (indirect);Demande chimique en oxygène (DCO);257000;kg/an
0005601327;SICTOM Entre Monts et Vallées;2013;Air;Méthane (CH4);173000;kg/an
0005601349;CANDIA Gerzat;2013;Eau (indirect);Demande biologique en oxygène (DBO5);166000;kg/an
0005601349;CANDIA Gerzat;2013;Eau (indirect);Demande chimique en oxygène (DCO);302000;kg/an
0007200962;IRIBARREN CARRIERES SA;2013;Air;Poussières totales;129000;kg/an
0005601360;Société Laitière des Volcans d'Auvergne;2013;Eau (indirect);Demande biologique en oxygène (DBO5);127000;kg/an
0005601360;Société Laitière des Volcans d'Auvergne;2013;Eau (indirect);Demande chimique en oxygène (DCO);311000;kg/an
0005601360;Société Laitière des Volcans d'Auvergne;2013;Eau (indirect);Phosphore total;5520;kg/an
0007201401;carrière de MAZIERES;2013;Air;Poussières totales;120000;kg/an
0005601391;SDC MOULINS;2013;Air;Dioxyde de carbone (CO2) total (d'origine biomasse et non biomasse);20800000;kg/an
0005601391;SDC MOULINS;2013;Air;Dioxyde de carbone (CO2) d'origine biomasse;20800000;kg/an
0005601405;BONILAIT PROTEINES SA;2013;Air;Dioxyde de carbone (CO2) total (d'origine biomasse et non biomasse);13700000;kg/an
0005601405;BONILAIT PROTEINES SA;2013;Air;Dioxyde de carbone (CO2) d'origine biomasse;13700000;kg/an
0005601436;PUIGRENIER ABATTOIR BOVIN;2013;Eau (indirect);Demande biologique en oxygène (DBO5);69500;kg/an
;GAEC DE TRECOEUR;2013;Air;Ammoniac (NH3);11000;kg/an
0005601436;PUIGRENIER ABATTOIR BOVIN;2013;Eau (indirect);Demande chimique en oxygène (DCO);174000;kg/an
0005601460;ONYX Auvergne Rhône Alpes;2013;Air;Ammoniac (NH3);13300;kg/an
0005601473;COVIAL SA;2013;Eau (indirect);Demande biologique en oxygène (DBO5);61700;kg/an
0005601498;GEFA;2013;Air;Hydrochlorofluorocarbures (HCFC);26;kg/an
0005601498;GEFA;2013;Air;Hydroflurocarbures (HFC);487;kg/an
0005601634;VALTOM;2013;Air;Méthane (CH4);111000;kg/an
0005601635;VALTOM;2013;Air;Méthane (CH4);715000;kg/an
0005601635;VALTOM;2013;Air;Dioxyde de carbone (CO2) total (d'origine biomasse et non biomasse);11400000;kg/an
0005601635;VALTOM;2013;Air;Dioxyde de carbone (CO2) d'origine biomasse;11400000;kg/an
0005601635;VALTOM;2013;Eau (indirect);Arsenic et composés (exprimés en tant que As);12.1;kg/an
0005601686;SASU VERNEA;2013;Air;Dioxyde de carbone (CO2) total (d'origine biomasse et non biomasse);38300000;kg/an
0005601636;VALTOM;2013;Air;Méthane (CH4);213000;kg/an
0005601686;SASU VERNEA;2013;Air;Dioxyde de carbone (CO2) d'origine biomasse;21700000;kg/an
0005601637;SICTOM DES COMBRAILLES;2013;Air;Méthane (CH4);370000;kg/an
0005601647;VALTOM;2013;Air;Méthane (CH4);153000;kg/an
0005601647;VALTOM;2013;Eau (direct);Mercure et composés (exprimés en tant que Hg);1.22;kg/an
0005601696;CGP FLEXIBLE INNOVATION;2013;Air;Composés organiques volatils non méthaniques (COVNM);134000;kg/an
0005601686;SASU VERNEA;2013;Air;Dioxyde de carbone (CO2) d'origine non biomasse;16600000;kg/an
0005701515;TEREOS  FRANCE;2013;Sol;Fer et composés (exprimés en tant que Fe);57800;kg/an
0005701515;TEREOS  FRANCE;2013;Sol;Manganèse et composés (exprimés en tant que Mn);1070;kg/an
0005701515;TEREOS  FRANCE;2013;Sol;Nickel et composés (exprimés en tant que Ni);455;kg/an
0005601749;TOTAL DIRECT ENERGIE CENTRALE ELECTRIQUE BAYET;2013;Air;Dioxyde de carbone (CO2) d'origine non biomasse;61000000;kg/an
0005601749;TOTAL DIRECT ENERGIE CENTRALE ELECTRIQUE BAYET;2013;Air;Dioxyde de carbone (CO2) total (d'origine biomasse et non biomasse);61000000;kg/an
0005701515;TEREOS  FRANCE;2013;Sol;Plomb et composés (exprimés en tant que Pb);240;kg/an
0005701515;TEREOS  FRANCE;2013;Sol;Zinc et composés (exprimés en tant que Zn);2140;kg/an
0005701531;TEREOS STARCH & SWEETENERS EUROPE;2013;Eau (direct);Arsenic et composés (exprimés en tant que As);15.4;kg/an
0005701531;TEREOS STARCH & SWEETENERS EUROPE;2013;Eau (direct);Cadmium et composés (exprimés en tant que Cd);5.42;kg/an
0005701531;TEREOS STARCH & SWEETENERS EUROPE;2013;Eau (direct);Chrome et composés (exprimés en tant que Cr);80;kg/an
0005601778;COVED SA;2013;Air;Méthane (CH4);455000;kg/an
0005701531;TEREOS STARCH & SWEETENERS EUROPE;2013;Eau (direct);Cuivre et composés (exprimés en tant que Cu);143;kg/an
0005701531;TEREOS STARCH & SWEETENERS EUROPE;2013;Eau (direct);Nickel et composés (exprimés en tant que Ni);56.4;kg/an
0005701531;TEREOS STARCH & SWEETENERS EUROPE;2013;Eau (direct);Plomb et composés (exprimés en tant que Pb);68;kg/an
0005701531;TEREOS STARCH & SWEETENERS EUROPE;2013;Eau (direct);Zinc et composés (exprimés en tant que Zn);709;kg/an
0005602301;G'IMPRIM SAS;2013;Air;Composés organiques volatils non méthaniques (COVNM);144000;kg/an
0005701539;TEREOS NUTRITION ANIMALE;2013;Air;Acétaldéhyde (aldéhyde acétique  éthanal);1400;kg/an
0005701539;TEREOS NUTRITION ANIMALE;2013;Air;Composés organiques volatils non méthaniques (COVNM);58200;kg/an
0005701539;TEREOS NUTRITION ANIMALE;2013;Air;Dioxyde de carbone (CO2) d'origine non biomasse;31600000;kg/an
0005701539;TEREOS NUTRITION ANIMALE;2013;Air;Dioxyde de carbone (CO2) total (d'origine biomasse et non biomasse);31600000;kg/an
0005602391;CLERVIA S.A.S;2013;Air;Dioxyde de carbone (CO2) total (d'origine biomasse et non biomasse);10700000;kg/an
0005602391;CLERVIA S.A.S;2013;Air;Dioxyde de carbone (CO2) d'origine biomasse;10700000;kg/an
0005701543;VERALLIA-FRANCE;2013;Air;Arsenic et composés (exprimés en tant que As);53;kg/an
0005602647;SIGOPLAST SN;2013;Air;Composés organiques volatils non méthaniques (COVNM);34600;kg/an
0005701543;VERALLIA-FRANCE;2013;Air;Oxydes d'azote (NOx/NO2);141000;kg/an
0005701543;VERALLIA-FRANCE;2013;Air;Dioxyde de carbone (CO2) d'origine non biomasse;43100000;kg/an
0005602724;Entreprise Lauvergne Collinet;2013;Sol;Amiante;207000;kg/an
0005701543;VERALLIA-FRANCE;2013;Air;Dioxyde de carbone (CO2) total (d'origine biomasse et non biomasse);43100000;kg/an
0005701544;TEREOS NUTRITION ANIMALE;2013;Air;Acétaldéhyde (aldéhyde acétique  éthanal);1220;kg/an
0005701544;TEREOS NUTRITION ANIMALE;2013;Air;Composés organiques volatils non méthaniques (COVNM);50600;kg/an
0005701544;TEREOS NUTRITION ANIMALE;2013;Air;Dioxyde de carbone (CO2) d'origine non biomasse;24200000;kg/an
0005701544;TEREOS NUTRITION ANIMALE;2013;Air;Dioxyde de carbone (CO2) total (d'origine biomasse et non biomasse);24200000;kg/an
0005701552;ADM Bazancourt SASU;2013;Air;Dioxyde de carbone (CO2) d'origine non biomasse;56600000;kg/an
0005700724;MAC CAIN ALIMENTAIRE SAS;2013;Air;Dioxyde de carbone (CO2) d'origine non biomasse;24200000;kg/an
0005700724;MAC CAIN ALIMENTAIRE SAS;2013;Air;Dioxyde de carbone (CO2) total (d'origine biomasse et non biomasse);24200000;kg/an
0005700724;MAC CAIN ALIMENTAIRE SAS;2013;Eau (direct);Arsenic et composés (exprimés en tant que As);9.84;kg/an
0005701552;ADM Bazancourt SASU;2013;Air;Dioxyde de carbone (CO2) total (d'origine biomasse et non biomasse);56600000;kg/an
0005700724;MAC CAIN ALIMENTAIRE SAS;2013;Eau (direct);Cadmium et composés (exprimés en tant que Cd);4.92;kg/an
0005700724;MAC CAIN ALIMENTAIRE SAS;2013;Sol;Chrome et composés (exprimés en tant que Cr);110;kg/an
0005701563;SUEZ RV NORD EST  - Dormans;2013;Air;Méthane (CH4);213000;kg/an
0005700724;MAC CAIN ALIMENTAIRE SAS;2013;Sol;Cuivre et composés (exprimés en tant que Cu);118;kg/an
0005700724;MAC CAIN ALIMENTAIRE SAS;2013;Sol;Nickel et composés (exprimés en tant que Ni);65.6;kg/an
0005701574;NASA;2013;Air;Composés organiques volatils non méthaniques (COVNM);35000;kg/an
0005700724;MAC CAIN ALIMENTAIRE SAS;2013;Sol;Plomb et composés (exprimés en tant que Pb);45.2;kg/an
0005700724;MAC CAIN ALIMENTAIRE SAS;2013;Sol;Zinc et composés (exprimés en tant que Zn);511;kg/an
0005701609;SAS GIVAUDAN France;2013;Air;Composés organiques volatils non méthaniques (COVNM);93700;kg/an
0005700795;EDILIANS;2013;Air;Dioxyde de carbone (CO2) d'origine non biomasse;18400000;kg/an
0005700795;EDILIANS;2013;Air;Dioxyde de carbone (CO2) total (d'origine biomasse et non biomasse);18400000;kg/an
0005701609;SAS GIVAUDAN France;2013;Eau (indirect);Demande chimique en oxygène (DCO);687000;kg/an
0005701671;TEREOS NUTRITION ANIMALE;2013;Air;Acétaldéhyde (aldéhyde acétique  éthanal);1810;kg/an
0005701671;TEREOS NUTRITION ANIMALE;2013;Air;Cobalt et composés (exprimés en tant que Co);5.1;kg/an
0005701671;TEREOS NUTRITION ANIMALE;2013;Air;Composés organiques volatils non méthaniques (COVNM);75400;kg/an
0005701671;TEREOS NUTRITION ANIMALE;2013;Air;Dioxyde de carbone (CO2) d'origine non biomasse;36100000;kg/an
0005701054;MAGOTTEAUX S.A.;2013;Air;Phénols (en tant que C total);3920;kg/an
0005701671;TEREOS NUTRITION ANIMALE;2013;Air;Dioxyde de carbone (CO2) total (d'origine biomasse et non biomasse);36100000;kg/an
0005701684;ECOLAB PRODUCTION FRANCE;2013;Eau (indirect);Demande biologique en oxygène (DBO5);191000;kg/an
0005701080;ARCAVI SAEM;2013;Air;Méthane (CH4);253000;kg/an
0005701684;ECOLAB PRODUCTION FRANCE;2013;Eau (indirect);Demande chimique en oxygène (DCO);480000;kg/an
0005701684;ECOLAB PRODUCTION FRANCE;2013;Eau (indirect);Phosphore total;10900;kg/an
0005701082;TREFIMETAUX SAS;2013;Eau (direct);Cuivre et composés (exprimés en tant que Cu);121;kg/an
0005701701;CIMENTS CALCIA;2013;Air;Chrome et composés (exprimés en tant que Cr);123;kg/an
0005701701;CIMENTS CALCIA;2013;Air;Cobalt et composés (exprimés en tant que Co);36.4;kg/an
0005701121;FONDERIE LA PERSEVERANCE;2013;Air;Composés organiques volatils non méthaniques (COVNM);374000;kg/an
0005701701;CIMENTS CALCIA;2013;Air;Composés organiques volatils non méthaniques (COVNM);38000;kg/an
0005701122;CANELIA;2013;Air;Dioxyde de carbone (CO2) d'origine non biomasse;13200000;kg/an
0005701122;CANELIA;2013;Air;Dioxyde de carbone (CO2) total (d'origine biomasse et non biomasse);13200000;kg/an
0005701701;CIMENTS CALCIA;2013;Air;Cuivre et composés (exprimés en tant que Cu);149;kg/an
0005701701;CIMENTS CALCIA;2013;Air;Manganèse et composés (exprimés en tant que Mn);231;kg/an
0005701701;CIMENTS CALCIA;2013;Air;Mercure et composés (exprimés en tant que Hg);21.9;kg/an
0005701128;PEUGEOT CITROEN MECANIQUE DE L'EST SNC;2013;Air;Cobalt et composés (exprimés en tant que Co);22.1;kg/an
0005701128;PEUGEOT CITROEN MECANIQUE DE L'EST SNC;2013;Air;Composés organiques volatils non méthaniques (COVNM);230000;kg/an
0005701701;CIMENTS CALCIA;2013;Air;Naphthalène;368;kg/an
0005701128;PEUGEOT CITROEN MECANIQUE DE L'EST SNC;2013;Air;Cuivre et composés (exprimés en tant que Cu);127;kg/an
0005701128;PEUGEOT CITROEN MECANIQUE DE L'EST SNC;2013;Air;Dioxines et furanes (PCDD + PCDF) (exprimés en iTeq);0.000364;kg/an
0005701701;CIMENTS CALCIA;2013;Air;Oxydes d'azote (NOx/NO2);1130000;kg/an
0005701128;PEUGEOT CITROEN MECANIQUE DE L'EST SNC;2013;Air;Hydrochlorofluorocarbures (HCFC);50.5;kg/an
0005701128;PEUGEOT CITROEN MECANIQUE DE L'EST SNC;2013;Air;Méthane (CH4);205000;kg/an
0005701701;CIMENTS CALCIA;2013;Air;Plomb et composés (exprimés en tant que Pb);966;kg/an
0005701128;PEUGEOT CITROEN MECANIQUE DE L'EST SNC;2013;Air;Zinc et composés (exprimés en tant que Zn);3300;kg/an
0005701701;CIMENTS CALCIA;2013;Air;Vanadium et ses composés;11;kg/an
0005701701;CIMENTS CALCIA;2013;Air;Dioxyde de carbone (CO2) d'origine non biomasse;832000000;kg/an
0005701131;INVICTA GROUP;2013;Air;Composés organiques volatils non méthaniques (COVNM);50400;kg/an
0005701701;CIMENTS CALCIA;2013;Air;Dioxyde de carbone (CO2) total (d'origine biomasse et non biomasse);847000000;kg/an
0005701701;CIMENTS CALCIA;2013;Air;Dioxyde de carbone (CO2) d'origine biomasse;15600000;kg/an
0005701706;SUN DESHY;2013;Air;Acétaldéhyde (aldéhyde acétique  éthanal);2860;kg/an
0005701132;FONTE ARDENNAISE FA5;2013;Air;Composés organiques volatils non méthaniques (COVNM);43400;kg/an
0005701706;SUN DESHY;2013;Air;Cobalt et composés (exprimés en tant que Co);9.54;kg/an
0005701706;SUN DESHY;2013;Air;Composés organiques volatils non méthaniques (COVNM);119000;kg/an
0005701133;FONTE ARDENNAISE FA1;2013;Air;Composés organiques volatils non méthaniques (COVNM);143000;kg/an
0005701149;TARKETT France;2013;Air;Composés organiques volatils non méthaniques (COVNM);30300;kg/an
0005701706;SUN DESHY;2013;Air;Monoxyde de carbone (CO);582000;kg/an
0005701149;TARKETT France;2013;Air;Dichlorométhane (DCM, chlorure de méthylène);8840;kg/an
0005701706;SUN DESHY;2013;Air;Oxydes de soufre (SOx/SO2);151000;kg/an
0005701706;SUN DESHY;2013;Air;Zinc et composés (exprimés en tant que Zn);301;kg/an
0005701165;NESTLE FRANCE SAS;2013;Air;Dioxyde de carbone (CO2) total (d'origine biomasse et non biomasse);12500000;kg/an
0005701706;SUN DESHY;2013;Air;Dioxyde de carbone (CO2) d'origine non biomasse;50100000;kg/an
0005701165;NESTLE FRANCE SAS;2013;Air;Dioxyde de carbone (CO2) d'origine biomasse;12500000;kg/an
0005701706;SUN DESHY;2013;Air;Dioxyde de carbone (CO2) total (d'origine biomasse et non biomasse);50100000;kg/an
0005701719;TEREOS FRANCE;2013;Air;Dioxyde de carbone (CO2) total (d'origine biomasse et non biomasse);45100000;kg/an
0005701177;LUZEAL;2013;Air;Acétaldéhyde (aldéhyde acétique  éthanal);2720;kg/an
0005701177;LUZEAL;2013;Air;Chrome et composés (exprimés en tant que Cr);105;kg/an
0005701177;LUZEAL;2013;Air;Cobalt et composés (exprimés en tant que Co);9.24;kg/an
0005701177;LUZEAL;2013;Air;Composés organiques volatils non méthaniques (COVNM);113000;kg/an
0005701719;TEREOS FRANCE;2013;Air;Dioxyde de carbone (CO2) d'origine biomasse;45100000;kg/an
0005701177;LUZEAL;2013;Air;Oxydes de soufre (SOx/SO2);160000;kg/an
0005701177;LUZEAL;2013;Air;Zinc et composés (exprimés en tant que Zn);239;kg/an
0005701177;LUZEAL;2013;Air;Dioxyde de carbone (CO2) d'origine non biomasse;48400000;kg/an
0005701721;SUN DESHY;2013;Air;Acétaldéhyde (aldéhyde acétique  éthanal);819;kg/an
0005701177;LUZEAL;2013;Air;Dioxyde de carbone (CO2) total (d'origine biomasse et non biomasse);48400000;kg/an
0005701177;LUZEAL;2013;Sol;Azote total;50600;kg/an
0005701721;SUN DESHY;2013;Air;Composés organiques volatils non méthaniques (COVNM);34100;kg/an
0005701178;SMURFIT KAPPA PAPIER RECYCLE FRANCE;2013;Air;Dioxyde de carbone (CO2) d'origine non biomasse;16300000;kg/an
0005701721;SUN DESHY;2013;Air;Dioxyde de carbone (CO2) d'origine non biomasse;13300000;kg/an
0005701178;SMURFIT KAPPA PAPIER RECYCLE FRANCE;2013;Air;Dioxyde de carbone (CO2) total (d'origine biomasse et non biomasse);16300000;kg/an
0005701180;ISDND SOMMAUTHE;2013;Air;Méthane (CH4);268000;kg/an
0005701721;SUN DESHY;2013;Air;Dioxyde de carbone (CO2) total (d'origine biomasse et non biomasse);13300000;kg/an
0005701723;OMYA Usine;2013;Air;Dioxyde de carbone (CO2) d'origine non biomasse;19900000;kg/an
0005701186;FAURECIA AUTOMOTIVE INDUSTRIE;2013;Air;Composés organiques volatils non méthaniques (COVNM);155000;kg/an
0005701723;OMYA Usine;2013;Air;Dioxyde de carbone (CO2) total (d'origine biomasse et non biomasse);19900000;kg/an
0005701735;LUZEAL;2013;Air;Acétaldéhyde (aldéhyde acétique  éthanal);2020;kg/an
0005701247;CLAS GALVAPLAST;2013;Eau (direct);Nickel et composés (exprimés en tant que Ni);45.3;kg/an
0005701735;LUZEAL;2013;Air;Cobalt et composés (exprimés en tant que Co);6.31;kg/an
0005701735;LUZEAL;2013;Air;Composés organiques volatils non méthaniques (COVNM);84300;kg/an
0005701253;SAINT-GOBAIN PAM;2013;Air;Composés organiques volatils non méthaniques (COVNM);63500;kg/an
0005701253;SAINT-GOBAIN PAM;2013;Air;Dioxyde de carbone (CO2) total (d'origine biomasse et non biomasse);27100000;kg/an
0005701735;LUZEAL;2013;Air;Dioxyde de carbone (CO2) d'origine non biomasse;45400000;kg/an
0005701253;SAINT-GOBAIN PAM;2013;Air;Dioxyde de carbone (CO2) d'origine biomasse;27100000;kg/an
0005701735;LUZEAL;2013;Air;Dioxyde de carbone (CO2) total (d'origine biomasse et non biomasse);45400000;kg/an
0005701271;ENGIE COFELY (chaufferie du Vert Bois);2013;Air;Dioxyde de carbone (CO2) d'origine non biomasse;19400000;kg/an
0005701751;LUZEAL;2013;Air;Acétaldéhyde (aldéhyde acétique  éthanal);1070;kg/an
0005701271;ENGIE COFELY (chaufferie du Vert Bois);2013;Air;Dioxyde de carbone (CO2) total (d'origine biomasse et non biomasse);19400000;kg/an
0005701751;LUZEAL;2013;Air;Composés organiques volatils non méthaniques (COVNM);44700;kg/an
0005701751;LUZEAL;2013;Air;Dioxyde de carbone (CO2) d'origine non biomasse;21800000;kg/an
0005701751;LUZEAL;2013;Air;Dioxyde de carbone (CO2) total (d'origine biomasse et non biomasse);21800000;kg/an
0005701277;FERRO FRANCE;2013;Air;Zinc et composés (exprimés en tant que Zn);326;kg/an
0005701760;SUN DESHY;2013;Air;Acétaldéhyde (aldéhyde acétique  éthanal);1070;kg/an
0005701760;SUN DESHY;2013;Air;Composés organiques volatils non méthaniques (COVNM);44600;kg/an
0005701278;Aciéries HACHETTE et DRIOUT;2013;Air;Nickel et composés (exprimés en tant que Ni);90.3;kg/an
0005701760;SUN DESHY;2013;Air;Dioxyde de carbone (CO2) d'origine non biomasse;19400000;kg/an
0005701760;SUN DESHY;2013;Air;Dioxyde de carbone (CO2) total (d'origine biomasse et non biomasse);19400000;kg/an
0005701290;FERRY CAPITAIN;2013;Air;Antimoine et composés (exprimés en tant que Sb);260;kg/an
0005701765;PRODEVA;2013;Air;Dioxyde de carbone (CO2) d'origine non biomasse;22300000;kg/an
0005701290;FERRY CAPITAIN;2013;Air;Méthanol (alcool méthylique);28700;kg/an
0005701765;PRODEVA;2013;Air;Dioxyde de carbone (CO2) total (d'origine biomasse et non biomasse);22300000;kg/an
0005701291;CONSTANTIA JEANNE D'ARC SAS;2013;Air;Composés organiques volatils non méthaniques (COVNM);96300;kg/an
0005701783;MALTEUROP FRANCE;2013;Air;Dioxyde de carbone (CO2) d'origine non biomasse;11900000;kg/an
0005701783;MALTEUROP FRANCE;2013;Air;Dioxyde de carbone (CO2) total (d'origine biomasse et non biomasse);33000000;kg/an
0005701783;MALTEUROP FRANCE;2013;Air;Dioxyde de carbone (CO2) d'origine biomasse;21100000;kg/an
0005701887;Mannesmann Précision Tubes France;2013;Air;Dioxyde de carbone (CO2) d'origine non biomasse;11500000;kg/an
0005701330;3P - Produits Plastiques Performants;2013;Air;Composés organiques volatils non méthaniques (COVNM);36200;kg/an
0005701887;Mannesmann Précision Tubes France;2013;Air;Dioxyde de carbone (CO2) total (d'origine biomasse et non biomasse);11500000;kg/an
0005701344;ENTREMONT SODIAAL;2013;Air;Hydrochlorofluorocarbures (HCFC);90;kg/an
0005701344;ENTREMONT SODIAAL;2013;Eau (indirect);Demande biologique en oxygène (DBO5);305000;kg/an
0005701906;BRODART;2013;Air;Composés organiques volatils non méthaniques (COVNM);96400;kg/an
0005701344;ENTREMONT SODIAAL;2013;Eau (indirect);Demande chimique en oxygène (DCO);588000;kg/an
0005701344;ENTREMONT SODIAAL;2013;Eau (indirect);Phosphore total;10800;kg/an
0005701908;CAPDEA -  Assencières;2013;Air;Acétaldéhyde (aldéhyde acétique  éthanal);1070;kg/an
0005701908;CAPDEA -  Assencières;2013;Air;Composés organiques volatils non méthaniques (COVNM);44600;kg/an
0005701360;GRTgaz - Station de Voisines;2013;Air;Méthane (CH4);110000;kg/an
0005701908;CAPDEA -  Assencières;2013;Air;Dioxyde de carbone (CO2) d'origine non biomasse;20000000;kg/an
0005701908;CAPDEA -  Assencières;2013;Air;Dioxyde de carbone (CO2) total (d'origine biomasse et non biomasse);20000000;kg/an
0005701360;GRTgaz - Station de Voisines;2013;Air;Dioxyde de carbone (CO2) d'origine non biomasse;51600000;kg/an
0005701360;GRTgaz - Station de Voisines;2013;Air;Dioxyde de carbone (CO2) total (d'origine biomasse et non biomasse);51600000;kg/an
0005701910;CAPDEA - Aulnay;2013;Air;Acétaldéhyde (aldéhyde acétique  éthanal);818;kg/an
0005701910;CAPDEA - Aulnay;2013;Air;Composés organiques volatils non méthaniques (COVNM);34100;kg/an
0005701398;IPC Petroleum France;2013;Air;Composés organiques volatils non méthaniques (COVNM);85000;kg/an
0005701910;CAPDEA - Aulnay;2013;Air;Dioxyde de carbone (CO2) d'origine non biomasse;23400000;kg/an
0005701910;CAPDEA - Aulnay;2013;Air;Dioxyde de carbone (CO2) total (d'origine biomasse et non biomasse);23400000;kg/an
0005701400;IPC Petroleum France;2013;Air;Composés organiques volatils non méthaniques (COVNM);189000;kg/an
0005701946;DISLAUB;2013;Air;Composés organiques volatils non méthaniques (COVNM);49600;kg/an
0005701946;DISLAUB;2013;Eau (direct);Cuivre et composés (exprimés en tant que Cu);52.2;kg/an
0005701401;IPC Petroleum France;2013;Air;Composés organiques volatils non méthaniques (COVNM);39300;kg/an
0005701961;Michelin MFPM;2013;Air;Composés organiques volatils non méthaniques (COVNM);133000;kg/an
0005701421;CRISTAL UNION;2013;Air;Acétaldéhyde (aldéhyde acétique  éthanal);2670;kg/an
0005701961;Michelin MFPM;2013;Air;Dioxyde de carbone (CO2) d'origine non biomasse;24900000;kg/an
0005701421;CRISTAL UNION;2013;Air;Cobalt et composés (exprimés en tant que Co);9.22;kg/an
0005701421;CRISTAL UNION;2013;Air;Composés organiques volatils non méthaniques (COVNM);133000;kg/an
0005701961;Michelin MFPM;2013;Air;Dioxyde de carbone (CO2) total (d'origine biomasse et non biomasse);24900000;kg/an
0005701421;CRISTAL UNION;2013;Air;Monoxyde de carbone (CO);517000;kg/an
0005701963;SINIAT;2013;Air;Composés organiques volatils non méthaniques (COVNM);157000;kg/an
0005701421;CRISTAL UNION;2013;Air;Oxydes de soufre (SOx/SO2);255000;kg/an
0005701421;CRISTAL UNION;2013;Air;Oxydes d'azote (NOx/NO2);128000;kg/an
0005701421;CRISTAL UNION;2013;Air;Zinc et composés (exprimés en tant que Zn);392;kg/an
0005701421;CRISTAL UNION;2013;Air;Dioxyde de carbone (CO2) d'origine non biomasse;213000000;kg/an
0005701965;ACCURIDE;2013;Air;Composés organiques volatils non méthaniques (COVNM);33800;kg/an
0005701421;CRISTAL UNION;2013;Air;Dioxyde de carbone (CO2) total (d'origine biomasse et non biomasse);213000000;kg/an
0005701974;ICOA - Crancey;2013;Air;Dichlorométhane (DCM, chlorure de méthylène);15300;kg/an
0005701422;ONYX EST;2013;Air;Méthane (CH4);166000;kg/an
0005702038;MALTERIES SOUFFLET et AGRICULTURE;2013;Air;Dioxyde de carbone (CO2) d'origine non biomasse;12600000;kg/an
0005701448;SITA DECTRA - decharge Pargny;2013;Air;Méthane (CH4);414000;kg/an
0005701448;SITA DECTRA - decharge Pargny;2013;Air;Dioxyde de carbone (CO2) total (d'origine biomasse et non biomasse);11500000;kg/an
0005702038;MALTERIES SOUFFLET et AGRICULTURE;2013;Air;Dioxyde de carbone (CO2) total (d'origine biomasse et non biomasse);12600000;kg/an
0005701448;SITA DECTRA - decharge Pargny;2013;Air;Dioxyde de carbone (CO2) d'origine biomasse;11500000;kg/an
0005702106;FRANCE TEINTURE (ex. T.D.C.);2013;Eau (indirect);Chrome hexavalent et composés (exprimés en tant que Cr VI);67.2;kg/an
0005702106;FRANCE TEINTURE (ex. T.D.C.);2013;Eau (indirect);Zinc et composés (exprimés en tant que Zn);168;kg/an
0005701451;LUZEAL;2013;Air;Acétaldéhyde (aldéhyde acétique  éthanal);1600;kg/an
0005702108;LACOSTE OPERATIONS;2013;Eau (indirect);Demande biologique en oxygène (DBO5);50400;kg/an
0005701451;LUZEAL;2013;Air;Cobalt et composés (exprimés en tant que Co);5.42;kg/an
0005701451;LUZEAL;2013;Air;Composés organiques volatils non méthaniques (COVNM);66500;kg/an
0005702108;LACOSTE OPERATIONS;2013;Eau (indirect);Demande chimique en oxygène (DCO);231000;kg/an
0005701451;LUZEAL;2013;Air;Dioxyde de carbone (CO2) d'origine non biomasse;32900000;kg/an
0005701451;LUZEAL;2013;Air;Dioxyde de carbone (CO2) total (d'origine biomasse et non biomasse);32900000;kg/an
0005702129;CRISTAL UNION;2013;Air;Acétaldéhyde (aldéhyde acétique  éthanal);1040;kg/an
0005701453;SCA DE DESHYDRATATION;2013;Air;Dioxyde de carbone (CO2) d'origine non biomasse;14300000;kg/an
0005701453;SCA DE DESHYDRATATION;2013;Air;Dioxyde de carbone (CO2) total (d'origine biomasse et non biomasse);14300000;kg/an
0005702129;CRISTAL UNION;2013;Air;Dioxyde de carbone (CO2) d'origine non biomasse;109000000;kg/an
0005701463;REMIVAL;2013;Air;Mercure et composés (exprimés en tant que Hg);11.6;kg/an
0005701463;REMIVAL;2013;Air;Dioxyde de carbone (CO2) d'origine non biomasse;23200000;kg/an
0005702129;CRISTAL UNION;2013;Air;Dioxyde de carbone (CO2) total (d'origine biomasse et non biomasse);222000000;kg/an
0005701463;REMIVAL;2013;Air;Dioxyde de carbone (CO2) total (d'origine biomasse et non biomasse);53800000;kg/an
0005701463;REMIVAL;2013;Air;Dioxyde de carbone (CO2) d'origine biomasse;30600000;kg/an
0005702129;CRISTAL UNION;2013;Air;Dioxyde de carbone (CO2) d'origine biomasse;114000000;kg/an
0005701475;OI Manufacturing france;2013;Air;Oxydes d'azote (NOx/NO2);343000;kg/an
0005701475;OI Manufacturing france;2013;Air;Dioxyde de carbone (CO2) d'origine non biomasse;73200000;kg/an
0005702196;AT FRANCE;2013;Eau (indirect);Carbone organique total (en tant que C total ou DCO/3);111000;kg/an
0005701475;OI Manufacturing france;2013;Air;Dioxyde de carbone (CO2) total (d'origine biomasse et non biomasse);73200000;kg/an
0005702196;AT FRANCE;2013;Eau (indirect);Demande biologique en oxygène (DBO5);88600;kg/an
0005702196;AT FRANCE;2013;Eau (indirect);Demande chimique en oxygène (DCO);165000;kg/an
0005701477;SOCCRAM - ENGIE  RESEAUX;2013;Air;Dioxyde de carbone (CO2) d'origine non biomasse;28900000;kg/an
0005702199;SHMVD;2013;Air;Dioxyde de carbone (CO2) d'origine non biomasse;25700000;kg/an
0005701477;SOCCRAM - ENGIE  RESEAUX;2013;Air;Dioxyde de carbone (CO2) total (d'origine biomasse et non biomasse);45100000;kg/an
0005701477;SOCCRAM - ENGIE  RESEAUX;2013;Air;Dioxyde de carbone (CO2) d'origine biomasse;16100000;kg/an
0005702199;SHMVD;2013;Air;Dioxyde de carbone (CO2) total (d'origine biomasse et non biomasse);59600000;kg/an
0005702199;SHMVD;2013;Air;Dioxyde de carbone (CO2) d'origine biomasse;33900000;kg/an
0005701486;Centre Hospitalier Universitaire de Reims;2013;Air;Hydroflurocarbures (HFC);482;kg/an
0005702209;SEDAN ÉNERGIE (ex-PERIN FRERES et COG);2013;Air;Dioxyde de carbone (CO2) d'origine non biomasse;11200000;kg/an
0005701486;Centre Hospitalier Universitaire de Reims;2013;Air;Oxydes de soufre (SOx/SO2);465000;kg/an
0005701486;Centre Hospitalier Universitaire de Reims;2013;Air;Oxydes d'azote (NOx/NO2);465000;kg/an
0005702209;SEDAN ÉNERGIE (ex-PERIN FRERES et COG);2013;Air;Dioxyde de carbone (CO2) total (d'origine biomasse et non biomasse);29500000;kg/an
0005701497;LUZEAL;2013;Air;Acétaldéhyde (aldéhyde acétique  éthanal);378;kg/an
0005701498;CRISTAL UNION;2013;Air;Dioxyde de carbone (CO2) d'origine non biomasse;69200000;kg/an
0005702209;SEDAN ÉNERGIE (ex-PERIN FRERES et COG);2013;Air;Dioxyde de carbone (CO2) d'origine biomasse;18300000;kg/an
0005701498;CRISTAL UNION;2013;Air;Dioxyde de carbone (CO2) total (d'origine biomasse et non biomasse);69200000;kg/an
0005702271;WEPA France;2013;Air;Dioxyde de carbone (CO2) d'origine non biomasse;13800000;kg/an
0005701501;GALVANOPLAST Reims;2013;Eau (direct);Nickel et composés (exprimés en tant que Ni);24.1;kg/an
0005701507;TEREOS NUTRITION ANIMALE;2013;Air;Acétaldéhyde (aldéhyde acétique  éthanal);1460;kg/an
0005702271;WEPA France;2013;Air;Dioxyde de carbone (CO2) total (d'origine biomasse et non biomasse);13800000;kg/an
0005701507;TEREOS NUTRITION ANIMALE;2013;Air;Composés organiques volatils non méthaniques (COVNM);60900;kg/an
0005701507;TEREOS NUTRITION ANIMALE;2013;Air;Dioxyde de carbone (CO2) d'origine non biomasse;28700000;kg/an
0005702355;UNILIN SAS;2013;Air;Aldéhyde formique (formaldéhyde);69100;kg/an
0005701507;TEREOS NUTRITION ANIMALE;2013;Air;Dioxyde de carbone (CO2) total (d'origine biomasse et non biomasse);28700000;kg/an
0005702355;UNILIN SAS;2013;Air;Composés organiques volatils non méthaniques (COVNM);437000;kg/an
0005701515;TEREOS  FRANCE;2013;Air;Nickel et composés (exprimés en tant que Ni);380;kg/an
0005702355;UNILIN SAS;2013;Air;Oxydes d'azote (NOx/NO2);280000;kg/an
0005701515;TEREOS  FRANCE;2013;Air;Oxydes de soufre (SOx/SO2);517000;kg/an
0005701515;TEREOS  FRANCE;2013;Air;Oxydes d'azote (NOx/NO2);175000;kg/an
0005701515;TEREOS  FRANCE;2013;Air;Dioxyde de carbone (CO2) d'origine non biomasse;131000000;kg/an
0005701515;TEREOS  FRANCE;2013;Air;Dioxyde de carbone (CO2) total (d'origine biomasse et non biomasse);131000000;kg/an
0005702394;PLASTIC OMNIUM Auto Exterieur;2013;Air;Composés organiques volatils non méthaniques (COVNM);30600;kg/an
0005701515;TEREOS  FRANCE;2013;Sol;Arsenic et composés (exprimés en tant que As);71.6;kg/an
0005701515;TEREOS  FRANCE;2013;Sol;Cadmium et composés (exprimés en tant que Cd);28.5;kg/an
0005702421;CHALONS ENERGIE;2013;Air;Dioxyde de carbone (CO2) d'origine non biomasse;21100000;kg/an
0005701515;TEREOS  FRANCE;2013;Sol;Chrome et composés (exprimés en tant que Cr);622;kg/an
0005701515;TEREOS  FRANCE;2013;Sol;Cuivre et composés (exprimés en tant que Cu);526;kg/an
0005702421;CHALONS ENERGIE;2013;Air;Dioxyde de carbone (CO2) total (d'origine biomasse et non biomasse);21100000;kg/an
0005702454;FOCAST;2013;Air;Composés organiques volatils non méthaniques (COVNM);83400;kg/an
0005702463;VEOLIA-VALEST _ CSD2;2013;Air;Méthane (CH4);668000;kg/an
0005800349;ESSO RAFFINAGE;2013;Air;Composés organiques volatils non méthaniques (COVNM);2160000;kg/an
0005800349;ESSO RAFFINAGE;2013;Air;Cuivre et composés (exprimés en tant que Cu);184;kg/an
0005702463;VEOLIA-VALEST _ CSD2;2013;Air;Dioxyde de carbone (CO2) total (d'origine biomasse et non biomasse);16900000;kg/an
0005800349;ESSO RAFFINAGE;2013;Air;Hydrochlorofluorocarbures (HCFC);75.2;kg/an
0005800349;ESSO RAFFINAGE;2013;Air;Manganèse et composés (exprimés en tant que Mn);338;kg/an
0005702463;VEOLIA-VALEST _ CSD2;2013;Air;Dioxyde de carbone (CO2) d'origine biomasse;16900000;kg/an
0005800349;ESSO RAFFINAGE;2013;Air;Monoxyde de carbone (CO);520000;kg/an
0005800349;ESSO RAFFINAGE;2013;Air;Nickel et composés (exprimés en tant que Ni);1600;kg/an
0005702478;SUEZ RV NORD EST - SAINT-AUBIN;2013;Air;Méthane (CH4);353000;kg/an
0005800349;ESSO RAFFINAGE;2013;Air;Oxydes de soufre (SOx/SO2);7450000;kg/an
0005702543;CAPDEA - Marigny le Chatel;2013;Air;Acétaldéhyde (aldéhyde acétique  éthanal);1820;kg/an
0005800349;ESSO RAFFINAGE;2013;Air;Oxydes d'azote (NOx/NO2);2170000;kg/an
0005800349;ESSO RAFFINAGE;2013;Air;Poussières totales;158000;kg/an
0005800349;ESSO RAFFINAGE;2013;Air;Protoxyde d'azote (N2O);68000;kg/an
0005702543;CAPDEA - Marigny le Chatel;2013;Air;Cobalt et composés (exprimés en tant que Co);6.28;kg/an
0005800349;ESSO RAFFINAGE;2013;Air;Zinc et composés (exprimés en tant que Zn);777;kg/an
0005800349;ESSO RAFFINAGE;2013;Air;Vanadium et ses composés;793;kg/an
0005702543;CAPDEA - Marigny le Chatel;2013;Air;Composés organiques volatils non méthaniques (COVNM);76000;kg/an
0005800349;ESSO RAFFINAGE;2013;Air;Dioxyde de carbone (CO2) d'origine non biomasse;1990000000;kg/an
0005800349;ESSO RAFFINAGE;2013;Air;Dioxyde de carbone (CO2) total (d'origine biomasse et non biomasse);1990000000;kg/an
0005702543;CAPDEA - Marigny le Chatel;2013;Air;Oxydes de soufre (SOx/SO2);176000;kg/an
0005800349;ESSO RAFFINAGE;2013;Eau (direct);Arsenic et composés (exprimés en tant que As);344;kg/an
0005800349;ESSO RAFFINAGE;2013;Eau (direct);Azote total;116000;kg/an
0005702543;CAPDEA - Marigny le Chatel;2013;Air;Zinc et composés (exprimés en tant que Zn);248;kg/an
0005800349;ESSO RAFFINAGE;2013;Eau (direct);Cadmium et composés (exprimés en tant que Cd);3;kg/an
0005800349;ESSO RAFFINAGE;2013;Eau (direct);Chrome et composés (exprimés en tant que Cr);1450;kg/an
0005702543;CAPDEA - Marigny le Chatel;2013;Air;Dioxyde de carbone (CO2) d'origine non biomasse;45500000;kg/an
0005800349;ESSO RAFFINAGE;2013;Eau (direct);Cobalt et composés (exprimés en tant que Co);167;kg/an
0005800349;ESSO RAFFINAGE;2013;Eau (direct);Composés organohalogénés (exprimés en tant que AOX);2580;kg/an
0005702543;CAPDEA - Marigny le Chatel;2013;Air;Dioxyde de carbone (CO2) total (d'origine biomasse et non biomasse);45500000;kg/an
0005800349;ESSO RAFFINAGE;2013;Eau (direct);Cuivre et composés (exprimés en tant que Cu);74;kg/an
0005800349;ESSO RAFFINAGE;2013;Eau (direct);Demande biologique en oxygène (DBO5);64200;kg/an
0005702678;CARBONEX;2013;Air;Dioxyde de carbone (CO2) total (d'origine biomasse et non biomasse);36800000;kg/an
0005800349;ESSO RAFFINAGE;2013;Eau (direct);Demande chimique en oxygène (DCO);542000;kg/an
0005800349;ESSO RAFFINAGE;2013;Eau (direct);Fluorures (en tant que F total);40100;kg/an
0005702678;CARBONEX;2013;Air;Dioxyde de carbone (CO2) d'origine biomasse;36800000;kg/an
0005800349;ESSO RAFFINAGE;2013;Eau (direct);Nickel et composés (exprimés en tant que Ni);692;kg/an
0005800349;ESSO RAFFINAGE;2013;Eau (direct);Phosphore total;5400;kg/an
0005702721;SAICA PAPER EL;2013;Air;Dioxyde de carbone (CO2) d'origine non biomasse;57000000;kg/an
0005800349;ESSO RAFFINAGE;2013;Eau (direct);Phénols (en tant que C total);733;kg/an
0005800349;ESSO RAFFINAGE;2013;Eau (direct);Plomb et composés (exprimés en tant que Pb);130;kg/an
0005800349;ESSO RAFFINAGE;2013;Eau (direct);Zinc et composés (exprimés en tant que Zn);219;kg/an
0005702721;SAICA PAPER EL;2013;Air;Dioxyde de carbone (CO2) total (d'origine biomasse et non biomasse);57000000;kg/an
0005702721;SAICA PAPER EL;2013;Eau (direct);Carbone organique total (en tant que C total ou DCO/3);77600;kg/an
0005800350;ERAMET;2013;Air;Nickel et composés (exprimés en tant que Ni);691;kg/an
0005702721;SAICA PAPER EL;2013;Eau (direct);Demande chimique en oxygène (DCO);268000;kg/an
0005800350;ERAMET;2013;Eau (direct);Chlorures (en tant que Cl total);5410000;kg/an
0005702761;AUREADE;2013;Air;Protoxyde d'azote (N2O);88300;kg/an
0005800350;ERAMET;2013;Eau (direct);Nickel et composés (exprimés en tant que Ni);63.7;kg/an
0005702761;AUREADE;2013;Air;Dioxyde de carbone (CO2) d'origine non biomasse;32700000;kg/an
0005702761;AUREADE;2013;Air;Dioxyde de carbone (CO2) total (d'origine biomasse et non biomasse);75600000;kg/an
0005800351;REGIE PUBLIQUE DE L' ENERGIE CALORIFIQUE;2013;Air;Dioxyde de carbone (CO2) d'origine non biomasse;14500000;kg/an
0005702761;AUREADE;2013;Air;Dioxyde de carbone (CO2) d'origine biomasse;42900000;kg/an
0005800351;REGIE PUBLIQUE DE L' ENERGIE CALORIFIQUE;2013;Air;Dioxyde de carbone (CO2) total (d'origine biomasse et non biomasse);14500000;kg/an
0005702843;SUEZ RV Nord Est (ex SITA NORD EST);2013;Air;Méthane (CH4);526000;kg/an
0005702849;BIOBAR-VOLTALIA;2013;Air;Dioxyde de carbone (CO2) d'origine non biomasse;18200000;kg/an
0005800355;ARKEMA;2013;Air;Dioxyde de carbone (CO2) d'origine non biomasse;16000000;kg/an
0005800355;ARKEMA;2013;Air;Dioxyde de carbone (CO2) total (d'origine biomasse et non biomasse);16000000;kg/an
0005702849;BIOBAR-VOLTALIA;2013;Air;Dioxyde de carbone (CO2) total (d'origine biomasse et non biomasse);18200000;kg/an
0005800355;ARKEMA;2013;Eau (direct);Cadmium et composés (exprimés en tant que Cd);2.7;kg/an
0005702854;SPARFLEX;2013;Air;Composés organiques volatils non méthaniques (COVNM);34400;kg/an
0005800357;TOTAL RAFFINAGE FRANCE;2013;Air;1,3-butadiène;15700;kg/an
0005702992;CRISTANOL;2013;Air;Acétaldéhyde (aldéhyde acétique  éthanal);327;kg/an
0005800357;TOTAL RAFFINAGE FRANCE;2013;Air;Benzène;19900;kg/an
0005800357;TOTAL RAFFINAGE FRANCE;2013;Air;Composés organiques volatils non méthaniques (COVNM);1050000;kg/an
0005702992;CRISTANOL;2013;Air;Dioxyde de carbone (CO2) total (d'origine biomasse et non biomasse);263000000;kg/an
0005800357;TOTAL RAFFINAGE FRANCE;2013;Air;Méthane (CH4);158000;kg/an
0005800357;TOTAL RAFFINAGE FRANCE;2013;Air;Oxydes de soufre (SOx/SO2);665000;kg/an
0005702992;CRISTANOL;2013;Air;Dioxyde de carbone (CO2) d'origine biomasse;263000000;kg/an
0005800357;TOTAL RAFFINAGE FRANCE;2013;Air;Oxydes d'azote (NOx/NO2);1030000;kg/an
0005800357;TOTAL RAFFINAGE FRANCE;2013;Air;Protoxyde d'azote (N2O);55300;kg/an
0005702992;CRISTANOL;2013;Sol;Phosphore total;16500;kg/an
0005800357;TOTAL RAFFINAGE FRANCE;2013;Air;Zinc et composés (exprimés en tant que Zn);1020;kg/an
0005800357;TOTAL RAFFINAGE FRANCE;2013;Air;Dioxyde de carbone (CO2) d'origine non biomasse;1180000000;kg/an
0005702999;SAIPOL;2013;Air;Composés organiques volatils non méthaniques (COVNM);394000;kg/an
0005800357;TOTAL RAFFINAGE FRANCE;2013;Air;Dioxyde de carbone (CO2) total (d'origine biomasse et non biomasse);1180000000;kg/an
0005800357;TOTAL RAFFINAGE FRANCE;2013;Eau (direct);Carbone organique total (en tant que C total ou DCO/3);101000;kg/an
0005702999;SAIPOL;2013;Air;Dioxyde de carbone (CO2) d'origine non biomasse;33300000;kg/an
0005800357;TOTAL RAFFINAGE FRANCE;2013;Eau (direct);Phénols (en tant que C total);195;kg/an
0005800357;TOTAL RAFFINAGE FRANCE;2013;Eau (direct);Zinc et composés (exprimés en tant que Zn);555;kg/an
0005702999;SAIPOL;2013;Air;Dioxyde de carbone (CO2) total (d'origine biomasse et non biomasse);33300000;kg/an
0005703072;SNDPL;2013;Air;Dichlorométhane (DCM, chlorure de méthylène);1080;kg/an
0005800363;SEREP;2013;Eau (indirect);Phénols (en tant que C total);37.3;kg/an
0005703186;MONIER SA;2013;Air;Dioxyde de carbone (CO2) d'origine non biomasse;10200000;kg/an
0005800375;ASHLAND SPECIALTIES France;2013;Air;Composés organiques volatils non méthaniques (COVNM);261000;kg/an
0005800375;ASHLAND SPECIALTIES France;2013;Air;Oxydes d'azote (NOx/NO2);310000;kg/an
0005703186;MONIER SA;2013;Air;Dioxyde de carbone (CO2) total (d'origine biomasse et non biomasse);10200000;kg/an
0005800375;ASHLAND SPECIALTIES France;2013;Air;Dioxyde de carbone (CO2) d'origine non biomasse;23300000;kg/an
0005800375;ASHLAND SPECIALTIES France;2013;Air;Dioxyde de carbone (CO2) total (d'origine biomasse et non biomasse);23300000;kg/an
0005703284;SELYA Cogénération;2013;Air;Dioxyde de carbone (CO2) d'origine non biomasse;14100000;kg/an
0005703284;SELYA Cogénération;2013;Air;Dioxyde de carbone (CO2) total (d'origine biomasse et non biomasse);14100000;kg/an
0005703519;AIR LIQUIDE CO2 EUROPE;2013;Air;Dioxyde de carbone (CO2) d'origine non biomasse;11600000;kg/an
0005800378;SEDIBEX;2013;Air;Mercure et composés (exprimés en tant que Hg);70.2;kg/an
0005800378;SEDIBEX;2013;Air;Dioxyde de carbone (CO2) d'origine non biomasse;172000000;kg/an
0005703519;AIR LIQUIDE CO2 EUROPE;2013;Air;Dioxyde de carbone (CO2) total (d'origine biomasse et non biomasse);11600000;kg/an
0005800378;SEDIBEX;2013;Air;Dioxyde de carbone (CO2) total (d'origine biomasse et non biomasse);172000000;kg/an
0005703519;AIR LIQUIDE CO2 EUROPE;2013;Eau (direct);Nickel et composés (exprimés en tant que Ni);22;kg/an
0005800378;SEDIBEX;2013;Eau (direct);Arsenic et composés (exprimés en tant que As);18.2;kg/an
0005800378;SEDIBEX;2013;Eau (direct);Cadmium et composés (exprimés en tant que Cd);2.02;kg/an
0005800378;SEDIBEX;2013;Eau (direct);Fluorures (en tant que F total);2270;kg/an
0005800289;VALDEPHARM;2013;Air;Hydrochlorofluorocarbures (HCFC);14;kg/an
0005800289;VALDEPHARM;2013;Air;Hydroflurocarbures (HFC);286;kg/an
0005800379;Résocéane;2013;Air;Dioxyde de carbone (CO2) d'origine non biomasse;29000000;kg/an
0005800290;CABOT CARBONE SAS;2013;Air;Chrome et composés (exprimés en tant que Cr);200;kg/an
0005800379;Résocéane;2013;Air;Dioxyde de carbone (CO2) total (d'origine biomasse et non biomasse);29000000;kg/an
0005800290;CABOT CARBONE SAS;2013;Air;Nickel et composés (exprimés en tant que Ni);183;kg/an
0005800290;CABOT CARBONE SAS;2013;Air;Oxydes de soufre (SOx/SO2);729000;kg/an
0005800382;SCHNEIDER ELECTRIC  FRANCE;2013;Air;Tétrachloroéthylène (PER, tétrachloroéthylène);4330;kg/an
0005800290;CABOT CARBONE SAS;2013;Air;Oxydes d'azote (NOx/NO2);238000;kg/an
0005800290;CABOT CARBONE SAS;2013;Air;Dioxyde de carbone (CO2) d'origine non biomasse;150000000;kg/an
0005800290;CABOT CARBONE SAS;2013;Air;Dioxyde de carbone (CO2) total (d'origine biomasse et non biomasse);150000000;kg/an
0005800386;SAIPOL;2013;Air;Composés organiques volatils non méthaniques (COVNM);258000;kg/an
0005800291;UCDV;2013;Air;Acétaldéhyde (aldéhyde acétique  éthanal);1880;kg/an
0005800386;SAIPOL;2013;Air;Dioxyde de carbone (CO2) d'origine non biomasse;29300000;kg/an
0005800386;SAIPOL;2013;Air;Dioxyde de carbone (CO2) total (d'origine biomasse et non biomasse);29300000;kg/an
0005800291;UCDV;2013;Air;Cobalt et composés (exprimés en tant que Co);6.4;kg/an
0005800386;SAIPOL;2013;Eau (direct);Zinc et composés (exprimés en tant que Zn);303;kg/an
0005800386;SAIPOL;2013;Sol;Nickel et composés (exprimés en tant que Ni);21.9;kg/an
0005800291;UCDV;2013;Air;Composés organiques volatils non méthaniques (COVNM);78500;kg/an
0005800386;SAIPOL;2013;Sol;Zinc et composés (exprimés en tant que Zn);192;kg/an
0005800291;UCDV;2013;Air;Particules (PM10);61100;kg/an
0005800291;UCDV;2013;Air;Dioxyde de carbone (CO2) d'origine non biomasse;49400000;kg/an
0005800291;UCDV;2013;Air;Dioxyde de carbone (CO2) total (d'origine biomasse et non biomasse);49400000;kg/an
0005800297;TOTAL RAFFINAGE FRANCE;2013;Air;Benzène;12900;kg/an
0005800388;DRESSER RAND SAS;2013;Air;Hydroflurocarbures (HFC);103;kg/an
0005800297;TOTAL RAFFINAGE FRANCE;2013;Air;Cobalt et composés (exprimés en tant que Co);24.6;kg/an
0005800297;TOTAL RAFFINAGE FRANCE;2013;Air;Composés organiques volatils non méthaniques (COVNM);1340000;kg/an
0005800297;TOTAL RAFFINAGE FRANCE;2013;Air;Monoxyde de carbone (CO);757000;kg/an
0005800392;DANONE;2013;Sol;Phosphore total;35300;kg/an
0005800297;TOTAL RAFFINAGE FRANCE;2013;Air;Naphthalène;101;kg/an
0005800297;TOTAL RAFFINAGE FRANCE;2013;Air;Nickel et composés (exprimés en tant que Ni);1030;kg/an
0005800398;CRISTAL UNION;2013;Air;Dioxyde de carbone (CO2) d'origine non biomasse;38700000;kg/an
0005800297;TOTAL RAFFINAGE FRANCE;2013;Air;Oxydes de soufre (SOx/SO2);8060000;kg/an
0005800398;CRISTAL UNION;2013;Air;Dioxyde de carbone (CO2) total (d'origine biomasse et non biomasse);38700000;kg/an
0005800297;TOTAL RAFFINAGE FRANCE;2013;Air;Oxydes d'azote (NOx/NO2);2140000;kg/an
0005800297;TOTAL RAFFINAGE FRANCE;2013;Air;Poussières totales;205000;kg/an
0005800297;TOTAL RAFFINAGE FRANCE;2013;Air;Protoxyde d'azote (N2O);48000;kg/an
0005800404;SAIPOL;2013;Air;Composés organiques volatils non méthaniques (COVNM);97900;kg/an
0005800297;TOTAL RAFFINAGE FRANCE;2013;Air;Vanadium et ses composés;2370;kg/an
0005800297;TOTAL RAFFINAGE FRANCE;2013;Air;Thallium et ses composés (exprimés en tant que Tl);25.1;kg/an
0005800409;RENAULT S.N.C.;2013;Air;Composés organiques volatils non méthaniques (COVNM);114000;kg/an
0005800409;RENAULT S.N.C.;2013;Air;Hydroflurocarbures (HFC);143;kg/an
0005800297;TOTAL RAFFINAGE FRANCE;2013;Air;Dioxyde de carbone (CO2) d'origine non biomasse;2850000000;kg/an
0005800409;RENAULT S.N.C.;2013;Air;Dioxyde de carbone (CO2) d'origine non biomasse;17400000;kg/an
0005800297;TOTAL RAFFINAGE FRANCE;2013;Air;Dioxyde de carbone (CO2) total (d'origine biomasse et non biomasse);2850000000;kg/an
0005800409;RENAULT S.N.C.;2013;Air;Dioxyde de carbone (CO2) total (d'origine biomasse et non biomasse);17400000;kg/an
0005800410;RENAULT S.N.C.;2013;Air;Dioxyde de carbone (CO2) d'origine non biomasse;16600000;kg/an
0005800297;TOTAL RAFFINAGE FRANCE;2013;Eau (direct);1,2-dichloroéthane (DCE - chlorure d'éthylène);10.5;kg/an
0005800410;RENAULT S.N.C.;2013;Air;Dioxyde de carbone (CO2) total (d'origine biomasse et non biomasse);16600000;kg/an
0005800410;RENAULT S.N.C.;2013;Eau (indirect);Demande biologique en oxygène (DBO5);61500;kg/an
0005800297;TOTAL RAFFINAGE FRANCE;2013;Eau (direct);Arsenic et composés (exprimés en tant que As);16.9;kg/an
0005800410;RENAULT S.N.C.;2013;Eau (indirect);Demande chimique en oxygène (DCO);163000;kg/an
0005800297;TOTAL RAFFINAGE FRANCE;2013;Eau (direct);Azote total;75300;kg/an
0005800297;TOTAL RAFFINAGE FRANCE;2013;Eau (direct);Cadmium et composés (exprimés en tant que Cd);4.22;kg/an
0005800412;SANOFI CHIMIE SA;2013;Air;Dioxyde de carbone (CO2) d'origine non biomasse;26900000;kg/an
0005800297;TOTAL RAFFINAGE FRANCE;2013;Eau (direct);Chloro-alkanes (C10-C13);21.1;kg/an
0005800412;SANOFI CHIMIE SA;2013;Air;Dioxyde de carbone (CO2) total (d'origine biomasse et non biomasse);37000000;kg/an
0005800297;TOTAL RAFFINAGE FRANCE;2013;Eau (direct);Composés organohalogénés (exprimés en tant que AOX);2130;kg/an
0005800412;SANOFI CHIMIE SA;2013;Air;Dioxyde de carbone (CO2) d'origine biomasse;10100000;kg/an
0005800412;SANOFI CHIMIE SA;2013;Eau (indirect);Azote total;490000;kg/an
0005800297;TOTAL RAFFINAGE FRANCE;2013;Eau (direct);Demande chimique en oxygène (DCO);581000;kg/an
0005800412;SANOFI CHIMIE SA;2013;Eau (indirect);Cyanures (sous forme de CN total);5700;kg/an
0005800412;SANOFI CHIMIE SA;2013;Eau (direct);Cyanures (sous forme de CN total);94;kg/an
0005800412;SANOFI CHIMIE SA;2013;Eau (indirect);Demande biologique en oxygène (DBO5);2820000;kg/an
0005800412;SANOFI CHIMIE SA;2013;Eau (indirect);Demande chimique en oxygène (DCO);5230000;kg/an
0005800297;TOTAL RAFFINAGE FRANCE;2013;Eau (direct);Di(2-éthylhexyle)phtalate (DEHP);4.22;kg/an
0005800412;SANOFI CHIMIE SA;2013;Eau (indirect);Matières en suspension (MES);625000;kg/an
0005800412;SANOFI CHIMIE SA;2013;Eau (indirect);Phosphore total;16300;kg/an
0005800297;TOTAL RAFFINAGE FRANCE;2013;Eau (direct);Dichlorométhane (DCM, chlorure de méthylène);21.1;kg/an
0005800412;SANOFI CHIMIE SA;2013;Eau (indirect);Sulfates;1880000;kg/an
0005800412;SANOFI CHIMIE SA;2013;Eau (indirect);Zinc et composés (exprimés en tant que Zn);10400;kg/an
0005800297;TOTAL RAFFINAGE FRANCE;2013;Eau (direct);Nickel et composés (exprimés en tant que Ni);128;kg/an
0005800412;SANOFI CHIMIE SA;2013;Sol;Azote total;93100;kg/an
0005800297;TOTAL RAFFINAGE FRANCE;2013;Eau (direct);Nonylphénols et éthoxylates de nonylphénol (NP/NPE);15.3;kg/an
0005800412;SANOFI CHIMIE SA;2013;Sol;Phosphore total;11500;kg/an
0005800297;TOTAL RAFFINAGE FRANCE;2013;Eau (direct);Phénols (en tant que C total);138;kg/an
0005800297;TOTAL RAFFINAGE FRANCE;2013;Eau (direct);Plomb et composés (exprimés en tant que Pb);84;kg/an
0005800297;TOTAL RAFFINAGE FRANCE;2013;Eau (direct);Zinc et composés (exprimés en tant que Zn);443;kg/an
0005800413;REVIMA;2013;Air;Cadmium et composés (exprimés en tant que Cd);18;kg/an
0005800413;REVIMA;2013;Air;Dichlorométhane (DCM, chlorure de méthylène);2030;kg/an
0005800299;TOTAL FLUIDES;2013;Air;Composés organiques volatils non méthaniques (COVNM);121000;kg/an
0005800413;REVIMA;2013;Air;Tétrachloroéthylène (PER, tétrachloroéthylène);40800;kg/an
0005800416;POCHET DU COURVAL;2013;Air;Oxydes d'azote (NOx/NO2);169000;kg/an
0005800299;TOTAL FLUIDES;2013;Air;Dioxyde de carbone (CO2) d'origine non biomasse;37400000;kg/an
0005800416;POCHET DU COURVAL;2013;Air;Dioxyde de carbone (CO2) d'origine non biomasse;57700000;kg/an
0005800299;TOTAL FLUIDES;2013;Air;Dioxyde de carbone (CO2) total (d'origine biomasse et non biomasse);37400000;kg/an
0005800416;POCHET DU COURVAL;2013;Air;Dioxyde de carbone (CO2) total (d'origine biomasse et non biomasse);57700000;kg/an
0005800305;TOURRES ET CIE;2013;Air;Oxydes de soufre (SOx/SO2);262000;kg/an
0005800305;TOURRES ET CIE;2013;Air;Oxydes d'azote (NOx/NO2);146000;kg/an
0005800429;AHLSTROM-MUNKSJO SPECIALTIES;2013;Air;Dioxyde de carbone (CO2) d'origine non biomasse;12800000;kg/an
0005800429;AHLSTROM-MUNKSJO SPECIALTIES;2013;Air;Dioxyde de carbone (CO2) total (d'origine biomasse et non biomasse);12800000;kg/an
0005800305;TOURRES ET CIE;2013;Air;Dioxyde de carbone (CO2) d'origine non biomasse;61100000;kg/an
0005800305;TOURRES ET CIE;2013;Air;Dioxyde de carbone (CO2) total (d'origine biomasse et non biomasse);61100000;kg/an
0005800317;ALKION TERMINAL LE HAVRE;2013;Air;Benzène;1820;kg/an
0005800431;NEXIRA;2013;Air;Dioxyde de carbone (CO2) d'origine non biomasse;12200000;kg/an
0005800317;ALKION TERMINAL LE HAVRE;2013;Air;Composés organiques volatils non méthaniques (COVNM);93700;kg/an
0005800431;NEXIRA;2013;Air;Dioxyde de carbone (CO2) total (d'origine biomasse et non biomasse);12200000;kg/an
0005800330;AEROCHIM;2013;Air;Composés organiques volatils non méthaniques (COVNM);31700;kg/an
0005800433;LAFARGEHOLCIM CIMENTS;2013;Air;Acide cyanhydrique (HCN);1200;kg/an
0005800433;LAFARGEHOLCIM CIMENTS;2013;Air;Oxydes d'azote (NOx/NO2);1290000;kg/an
0005800331;YARA France;2013;Air;Ammoniac (NH3);345000;kg/an
0005800433;LAFARGEHOLCIM CIMENTS;2013;Air;Protoxyde d'azote (N2O);10300;kg/an
0005800433;LAFARGEHOLCIM CIMENTS;2013;Air;Dioxyde de carbone (CO2) d'origine non biomasse;571000000;kg/an
0005800331;YARA France;2013;Air;Oxydes d'azote (NOx/NO2);280000;kg/an
0005800433;LAFARGEHOLCIM CIMENTS;2013;Air;Dioxyde de carbone (CO2) total (d'origine biomasse et non biomasse);589000000;kg/an
0005800433;LAFARGEHOLCIM CIMENTS;2013;Air;Dioxyde de carbone (CO2) d'origine biomasse;17200000;kg/an
0005800331;YARA France;2013;Air;Protoxyde d'azote (N2O);15400;kg/an
0005800331;YARA France;2013;Air;Dioxyde de carbone (CO2) d'origine non biomasse;767000000;kg/an
0005800435;COMPAGNIE INDUSTRIELLE MARITIME;2013;Air;Composés organiques volatils non méthaniques (COVNM);84800;kg/an
0005800331;YARA France;2013;Air;Dioxyde de carbone (CO2) total (d'origine biomasse et non biomasse);767000000;kg/an
0005800331;YARA France;2013;Eau (direct);Arsenic et composés (exprimés en tant que As);40;kg/an
0005800331;YARA France;2013;Eau (direct);Azote total;218000;kg/an
0005800439;CHEVRON ORONITE SAS;2013;Air;Composés organiques volatils non méthaniques (COVNM);106000;kg/an
0005800331;YARA France;2013;Eau (direct);Cadmium et composés (exprimés en tant que Cd);1.44;kg/an
0005800331;YARA France;2013;Eau (direct);Fer et composés (exprimés en tant que Fe);5950;kg/an
0005800441;Chapelle Darblay;2013;Air;Dioxyde de carbone (CO2) d'origine non biomasse;32800000;kg/an
0005800441;Chapelle Darblay;2013;Air;Dioxyde de carbone (CO2) total (d'origine biomasse et non biomasse);365000000;kg/an
0005800331;YARA France;2013;Eau (direct);Matières en suspension (MES);475000;kg/an
0005800441;Chapelle Darblay;2013;Air;Dioxyde de carbone (CO2) d'origine biomasse;332000000;kg/an
0005800441;Chapelle Darblay;2013;Eau (direct);Demande biologique en oxygène (DBO5);113000;kg/an
0005800348;ExxonMobil Chemical France;2013;Air;1,3-butadiène;16800;kg/an
0005800441;Chapelle Darblay;2013;Eau (direct);Demande chimique en oxygène (DCO);1520000;kg/an
0005800441;Chapelle Darblay;2013;Sol;Cadmium et composés (exprimés en tant que Cd);67;kg/an
0005800348;ExxonMobil Chemical France;2013;Air;Benzène;14800;kg/an
0005800441;Chapelle Darblay;2013;Sol;Chrome et composés (exprimés en tant que Cr);1880;kg/an
0005800441;Chapelle Darblay;2013;Sol;Cuivre et composés (exprimés en tant que Cu);11400;kg/an
0005800348;ExxonMobil Chemical France;2013;Air;Chlore et composés inorganiques (en tant que HCl);65400;kg/an
0005800441;Chapelle Darblay;2013;Sol;Mercure et composés (exprimés en tant que Hg);9.09;kg/an
0005800441;Chapelle Darblay;2013;Sol;Nickel et composés (exprimés en tant que Ni);1030;kg/an
0005800348;ExxonMobil Chemical France;2013;Air;Chlorométhane (chlorure de méthyle);159000;kg/an
0005800348;ExxonMobil Chemical France;2013;Air;Composés organiques volatils non méthaniques (COVNM);1840000;kg/an
0005800348;ExxonMobil Chemical France;2013;Air;Fluor et composés inorganiques (en tant que HF);78000;kg/an
0005800348;ExxonMobil Chemical France;2013;Air;Hydrochlorofluorocarbures (HCFC);775;kg/an
0005800441;Chapelle Darblay;2013;Sol;Plomb et composés (exprimés en tant que Pb);14000;kg/an
0005800348;ExxonMobil Chemical France;2013;Air;Hydroflurocarbures (HFC);169000;kg/an
0005800441;Chapelle Darblay;2013;Sol;Zinc et composés (exprimés en tant que Zn);36700;kg/an
0005800441;Chapelle Darblay;2013;Sol;Biphényles polychlorés (PCB);5.11;kg/an
0005800348;ExxonMobil Chemical France;2013;Air;Oxydes de soufre (SOx/SO2);855000;kg/an
0005800444;THERMEVRA;2013;Air;Dioxyde de carbone (CO2) total (d'origine biomasse et non biomasse);10300000;kg/an
0005800348;ExxonMobil Chemical France;2013;Air;Oxydes d'azote (NOx/NO2);1070000;kg/an
0005800444;THERMEVRA;2013;Air;Dioxyde de carbone (CO2) d'origine biomasse;10300000;kg/an
0005800348;ExxonMobil Chemical France;2013;Air;Protoxyde d'azote (N2O);45700;kg/an
0005800348;ExxonMobil Chemical France;2013;Air;Vanadium et ses composés;11;kg/an
0005800348;ExxonMobil Chemical France;2013;Air;Dioxyde de carbone (CO2) d'origine non biomasse;1220000000;kg/an
0005800445;CURB - Société VALMY DEFENSE 82 (SVD 82);2013;Air;Dioxyde de carbone (CO2) d'origine non biomasse;40700000;kg/an
0005800445;CURB - Société VALMY DEFENSE 82 (SVD 82);2013;Air;Dioxyde de carbone (CO2) total (d'origine biomasse et non biomasse);40700000;kg/an
0005800348;ExxonMobil Chemical France;2013;Air;Dioxyde de carbone (CO2) total (d'origine biomasse et non biomasse);1220000000;kg/an
0005800446;DALKIA CANTELEU;2013;Air;Dioxyde de carbone (CO2) d'origine non biomasse;12600000;kg/an
0005800446;DALKIA CANTELEU;2013;Air;Dioxyde de carbone (CO2) total (d'origine biomasse et non biomasse);12600000;kg/an
0005800349;ESSO RAFFINAGE;2013;Air;Antimoine et composés (exprimés en tant que Sb);10.9;kg/an
0005800349;ESSO RAFFINAGE;2013;Air;Arsenic et composés (exprimés en tant que As);66.5;kg/an
0005800456;Huber Packaging France;2013;Air;Composés organiques volatils non méthaniques (COVNM);53000;kg/an
0005800349;ESSO RAFFINAGE;2013;Air;Benzène;26500;kg/an
0005800459;BUTAGAZ - Site de Petit-Couronne;2013;Air;Composés organiques volatils non méthaniques (COVNM);96400;kg/an
0005800483;EUROFOIL FRANCE;2013;Air;Composés organiques volatils non méthaniques (COVNM);137000;kg/an
0005800349;ESSO RAFFINAGE;2013;Air;Chrome et composés (exprimés en tant que Cr);380;kg/an
0005800483;EUROFOIL FRANCE;2013;Air;Dioxyde de carbone (CO2) d'origine non biomasse;11200000;kg/an
0005800483;EUROFOIL FRANCE;2013;Air;Dioxyde de carbone (CO2) total (d'origine biomasse et non biomasse);11200000;kg/an
0005800349;ESSO RAFFINAGE;2013;Air;Cobalt et composés (exprimés en tant que Co);77.4;kg/an
0005801350;MAJ (ELIS NORMANDIE);2013;Eau (indirect);Demande biologique en oxygène (DBO5);69700;kg/an
0005800489;METROPOLE ROUEN NORMANDIE;2013;Air;Dioxyde de carbone (CO2) total (d'origine biomasse et non biomasse);10800000;kg/an
0005800489;METROPOLE ROUEN NORMANDIE;2013;Air;Dioxyde de carbone (CO2) d'origine biomasse;10800000;kg/an
0005801350;MAJ (ELIS NORMANDIE);2013;Eau (indirect);Demande chimique en oxygène (DCO);165000;kg/an
0005800495;Unité de Valorisation Energétique VESTA;2013;Air;Ammoniac (NH3);12800;kg/an
0005801362;TARANIS DU ROUVRAY;2013;Air;Oxydes de soufre (SOx/SO2);519000;kg/an
0005800495;Unité de Valorisation Energétique VESTA;2013;Air;Mercure et composés (exprimés en tant que Hg);12.1;kg/an
0005800495;Unité de Valorisation Energétique VESTA;2013;Air;Dioxyde de carbone (CO2) d'origine non biomasse;128000000;kg/an
0005801362;TARANIS DU ROUVRAY;2013;Air;Oxydes d'azote (NOx/NO2);199000;kg/an
0005800495;Unité de Valorisation Energétique VESTA;2013;Air;Dioxyde de carbone (CO2) total (d'origine biomasse et non biomasse);297000000;kg/an
0005800495;Unité de Valorisation Energétique VESTA;2013;Air;Dioxyde de carbone (CO2) d'origine biomasse;168000000;kg/an
0005801362;TARANIS DU ROUVRAY;2013;Air;Dioxyde de carbone (CO2) d'origine non biomasse;156000000;kg/an
0005800496;EXXONMOBIL CHEMICAL FRANCE;2013;Air;Composés organiques volatils non méthaniques (COVNM);65200;kg/an
0005801362;TARANIS DU ROUVRAY;2013;Air;Dioxyde de carbone (CO2) total (d'origine biomasse et non biomasse);156000000;kg/an
0005800496;EXXONMOBIL CHEMICAL FRANCE;2013;Air;Hydrochlorofluorocarbures (HCFC);33.3;kg/an
0005800496;EXXONMOBIL CHEMICAL FRANCE;2013;Air;Dioxyde de carbone (CO2) d'origine non biomasse;24700000;kg/an
0005801373;KNAUF PACK NORD;2013;Air;Composés organiques volatils non méthaniques (COVNM);55300;kg/an
0005800496;EXXONMOBIL CHEMICAL FRANCE;2013;Air;Dioxyde de carbone (CO2) total (d'origine biomasse et non biomasse);24700000;kg/an
0005800507;RUBIS TERMINAL Centrale;2013;Air;Composés organiques volatils non méthaniques (COVNM);74500;kg/an
0005801422;CERDATO;2013;Air;Hydrochlorofluorocarbures (HCFC);5.3;kg/an
0005801443;SANOFI WINTHROP INDUSTRIE;2013;Air;Hydroflurocarbures (HFC);344;kg/an
0005800509;ORIL INDUSTRIE;2013;Air;1,4-dioxane;5610;kg/an
0005800509;ORIL INDUSTRIE;2013;Air;Composés organiques volatils non méthaniques (COVNM);306000;kg/an
0005801468;PPG COATINGS SA;2013;Air;Composés organiques volatils non méthaniques (COVNM);199000;kg/an
0005800509;ORIL INDUSTRIE;2013;Air;Dichlorométhane (DCM, chlorure de méthylène);10600;kg/an
0005800509;ORIL INDUSTRIE;2013;Air;Méthanol (alcool méthylique);36100;kg/an
0005801521;ONDULINE FRANCE SAS;2013;Air;Aldéhyde formique (formaldéhyde);2250;kg/an
0005801573;MALTERIES SOUFFLET;2013;Air;Hydrochlorofluorocarbures (HCFC);10;kg/an
0005800520;NOVACEL;2013;Air;Composés organiques volatils non méthaniques (COVNM);651000;kg/an
0005800523;NESTLE France;2013;Air;Oxydes de soufre (SOx/SO2);369000;kg/an
0005801573;MALTERIES SOUFFLET;2013;Air;Hydroflurocarbures (HFC);2810;kg/an
0005800523;NESTLE France;2013;Air;Oxydes d'azote (NOx/NO2);111000;kg/an
0005800523;NESTLE France;2013;Air;Dioxyde de carbone (CO2) d'origine non biomasse;48300000;kg/an
0005801573;MALTERIES SOUFFLET;2013;Eau (indirect);Demande biologique en oxygène (DBO5);256000;kg/an
0005800523;NESTLE France;2013;Air;Dioxyde de carbone (CO2) total (d'origine biomasse et non biomasse);84800000;kg/an
0005800523;NESTLE France;2013;Air;Dioxyde de carbone (CO2) d'origine biomasse;36500000;kg/an
0005801573;MALTERIES SOUFFLET;2013;Eau (indirect);Demande chimique en oxygène (DCO);535000;kg/an
0005801573;MALTERIES SOUFFLET;2013;Eau (indirect);Phosphore total;5900;kg/an
0005800540;DA ALIZAY;2013;Air;Dioxines et furanes (PCDD + PCDF) (exprimés en iTeq);0.0002;kg/an
0005800540;DA ALIZAY;2013;Air;Oxydes d'azote (NOx/NO2);141000;kg/an
0005800540;DA ALIZAY;2013;Air;Dioxyde de carbone (CO2) total (d'origine biomasse et non biomasse);89600000;kg/an
0005801578;NIPRO PHARMAPACKAGING FRANCE;2013;Air;Dioxyde de carbone (CO2) d'origine non biomasse;10400000;kg/an
0005800540;DA ALIZAY;2013;Air;Dioxyde de carbone (CO2) d'origine biomasse;89600000;kg/an
0005800540;DA ALIZAY;2013;Sol;Cadmium et composés (exprimés en tant que Cd);26;kg/an
0005801578;NIPRO PHARMAPACKAGING FRANCE;2013;Air;Dioxyde de carbone (CO2) total (d'origine biomasse et non biomasse);10400000;kg/an
0005800540;DA ALIZAY;2013;Sol;Chrome et composés (exprimés en tant que Cr);223;kg/an
0005800540;DA ALIZAY;2013;Sol;Cuivre et composés (exprimés en tant que Cu);540;kg/an
0005801681;VERESCENCE;2013;Air;Oxydes d'azote (NOx/NO2);110000;kg/an
0005800540;DA ALIZAY;2013;Sol;Nickel et composés (exprimés en tant que Ni);105;kg/an
0005800540;DA ALIZAY;2013;Sol;Phosphore total;42100;kg/an
0005801681;VERESCENCE;2013;Air;Dioxyde de carbone (CO2) d'origine non biomasse;82800000;kg/an
0005800540;DA ALIZAY;2013;Sol;Plomb et composés (exprimés en tant que Pb);1540;kg/an
0005800540;DA ALIZAY;2013;Sol;Zinc et composés (exprimés en tant que Zn);5010;kg/an
0005801681;VERESCENCE;2013;Air;Dioxyde de carbone (CO2) total (d'origine biomasse et non biomasse);82800000;kg/an
0005801756;PAULSTRA;2013;Air;Tétrachloroéthylène (PER, tétrachloroéthylène);3790;kg/an
0005800545;MANOIR INDUSTRIES;2013;Air;Dioxyde de carbone (CO2) d'origine non biomasse;10000000;kg/an
0005801765;FROMAGERIE BOURSIN;2013;Air;Hydrochlorofluorocarbures (HCFC);900;kg/an
0005800545;MANOIR INDUSTRIES;2013;Air;Dioxyde de carbone (CO2) total (d'origine biomasse et non biomasse);10000000;kg/an
0005801770;SETOM;2013;Air;Dioxyde de carbone (CO2) d'origine non biomasse;34800000;kg/an
0005801770;SETOM;2013;Air;Dioxyde de carbone (CO2) total (d'origine biomasse et non biomasse);80900000;kg/an
0005800552;GLAXOSMITHKLINE;2013;Air;Hydroflurocarbures (HFC);75700;kg/an
0005801770;SETOM;2013;Air;Dioxyde de carbone (CO2) d'origine biomasse;46100000;kg/an
0005801788;FICOBEL;2013;Air;Dioxyde de carbone (CO2) d'origine non biomasse;22100000;kg/an
0005800571;VALLOUREC TUBES FRANCE;2013;Air;Dioxyde de carbone (CO2) d'origine non biomasse;41100000;kg/an
0005801788;FICOBEL;2013;Air;Dioxyde de carbone (CO2) total (d'origine biomasse et non biomasse);22100000;kg/an
0005800571;VALLOUREC TUBES FRANCE;2013;Air;Dioxyde de carbone (CO2) total (d'origine biomasse et non biomasse);41100000;kg/an
0005800575;LUBRIZOL France;2013;Air;Hydroflurocarbures (HFC);543;kg/an
0005800575;LUBRIZOL France;2013;Air;Dioxyde de carbone (CO2) d'origine non biomasse;34500000;kg/an
0005801842;ETARES;2013;Air;Méthane (CH4);3130000;kg/an
0005800575;LUBRIZOL France;2013;Air;Dioxyde de carbone (CO2) total (d'origine biomasse et non biomasse);34500000;kg/an
0005801842;ETARES;2013;Air;Dioxyde de carbone (CO2) d'origine non biomasse;15000000;kg/an
0005800585;KIMBERLY CLARK SNC;2013;Air;Dioxyde de carbone (CO2) d'origine non biomasse;12500000;kg/an
0005801842;ETARES;2013;Air;Dioxyde de carbone (CO2) total (d'origine biomasse et non biomasse);15000000;kg/an
0005800585;KIMBERLY CLARK SNC;2013;Air;Dioxyde de carbone (CO2) total (d'origine biomasse et non biomasse);12500000;kg/an
0005800587;ESSITY OPERATIONS FRANCE;2013;Air;Dioxyde de carbone (CO2) d'origine non biomasse;45100000;kg/an
0005801843;SDCMG COFELY ex ELYO CENTRE OUEST;2013;Air;Dioxyde de carbone (CO2) d'origine non biomasse;20600000;kg/an
0005800587;ESSITY OPERATIONS FRANCE;2013;Air;Dioxyde de carbone (CO2) total (d'origine biomasse et non biomasse);45100000;kg/an
0005800587;ESSITY OPERATIONS FRANCE;2013;Eau (direct);Demande chimique en oxygène (DCO);224000;kg/an
0005801843;SDCMG COFELY ex ELYO CENTRE OUEST;2013;Air;Dioxyde de carbone (CO2) total (d'origine biomasse et non biomasse);20600000;kg/an
0005800587;ESSITY OPERATIONS FRANCE;2013;Sol;Aluminium et composés (exprimés en tant que Al);9220;kg/an
0005800587;ESSITY OPERATIONS FRANCE;2013;Sol;Chrome et composés (exprimés en tant que Cr);322;kg/an
0005802016;CONDIVEX;2013;Air;Hydroflurocarbures (HFC);4860;kg/an
0005800587;ESSITY OPERATIONS FRANCE;2013;Sol;Cuivre et composés (exprimés en tant que Cu);3160;kg/an
0005800587;ESSITY OPERATIONS FRANCE;2013;Sol;Mercure et composés (exprimés en tant que Hg);2.22;kg/an
0005800587;ESSITY OPERATIONS FRANCE;2013;Sol;Nickel et composés (exprimés en tant que Ni);112;kg/an
0005802051;CENTRE HOSPITALIER UNIVERSITAIRE;2013;Air;Dioxyde de carbone (CO2) d'origine non biomasse;19000000;kg/an
0005800587;ESSITY OPERATIONS FRANCE;2013;Sol;Plomb et composés (exprimés en tant que Pb);681;kg/an
0005800587;ESSITY OPERATIONS FRANCE;2013;Sol;Zinc et composés (exprimés en tant que Zn);1820;kg/an
0005802051;CENTRE HOSPITALIER UNIVERSITAIRE;2013;Air;Dioxyde de carbone (CO2) total (d'origine biomasse et non biomasse);19000000;kg/an
0005800587;ESSITY OPERATIONS FRANCE;2013;Sol;Biphényles polychlorés (PCB);3.48;kg/an
0005800595;HOLOPHANE SAS;2013;Air;Dioxyde de carbone (CO2) d'origine non biomasse;24500000;kg/an
0005802143;EDF;2013;Air;Antimoine et composés (exprimés en tant que Sb);20.6;kg/an
0005800595;HOLOPHANE SAS;2013;Air;Dioxyde de carbone (CO2) total (d'origine biomasse et non biomasse);24500000;kg/an
0005800598;COMPTOIR NOUVEAU DE LA PARFUMERIE;2013;Air;Dioxyde de carbone (CO2) d'origine non biomasse;15700000;kg/an
0005802143;EDF;2013;Air;Arsenic et composés (exprimés en tant que As);104;kg/an
0005800598;COMPTOIR NOUVEAU DE LA PARFUMERIE;2013;Air;Dioxyde de carbone (CO2) total (d'origine biomasse et non biomasse);15700000;kg/an
0005802143;EDF;2013;Air;Chlore et composés inorganiques (en tant que HCl);327000;kg/an
0005802143;EDF;2013;Air;Cobalt et composés (exprimés en tant que Co);21.3;kg/an
0005800607;BOREALIS CHIMIE;2013;Air;Ammoniac (NH3);295000;kg/an
0005800607;BOREALIS CHIMIE;2013;Air;Oxydes d'azote (NOx/NO2);1630000;kg/an
0005802143;EDF;2013;Air;Cuivre et composés (exprimés en tant que Cu);104;kg/an
0005800607;BOREALIS CHIMIE;2013;Air;Protoxyde d'azote (N2O);223000;kg/an
0005800607;BOREALIS CHIMIE;2013;Air;Dioxyde de carbone (CO2) d'origine non biomasse;415000000;kg/an
0005802143;EDF;2013;Air;Fluor et composés inorganiques (en tant que HF);35700;kg/an
0005800607;BOREALIS CHIMIE;2013;Air;Dioxyde de carbone (CO2) total (d'origine biomasse et non biomasse);415000000;kg/an
0005800607;BOREALIS CHIMIE;2013;Eau (direct);Arsenic et composés (exprimés en tant que As);13;kg/an
0005802143;EDF;2013;Air;Hexafluorure de soufre (SF6);174;kg/an
0005800607;BOREALIS CHIMIE;2013;Eau (direct);Azote total;178000;kg/an
0005800607;BOREALIS CHIMIE;2013;Eau (direct);Cadmium et composés (exprimés en tant que Cd);12.6;kg/an
0005802143;EDF;2013;Air;Mercure et composés (exprimés en tant que Hg);22.9;kg/an
0005800610;SAINT LOUIS SUCRE;2013;Air;Oxydes de soufre (SOx/SO2);697000;kg/an
0005802143;EDF;2013;Air;Nickel et composés (exprimés en tant que Ni);135;kg/an
0005800610;SAINT LOUIS SUCRE;2013;Air;Oxydes d'azote (NOx/NO2);234000;kg/an
0005800610;SAINT LOUIS SUCRE;2013;Air;Dioxyde de carbone (CO2) d'origine non biomasse;106000000;kg/an
0005802143;EDF;2013;Air;Oxydes de soufre (SOx/SO2);5370000;kg/an
0005800610;SAINT LOUIS SUCRE;2013;Air;Dioxyde de carbone (CO2) total (d'origine biomasse et non biomasse);106000000;kg/an
0005802143;EDF;2013;Air;Oxydes d'azote (NOx/NO2);3340000;kg/an
0005802143;EDF;2013;Air;Particules (PM10);263000;kg/an
0005800611;NOVANDIE;2013;Eau (indirect);Demande biologique en oxygène (DBO5);252000;kg/an
0005800611;NOVANDIE;2013;Eau (indirect);Demande chimique en oxygène (DCO);565000;kg/an
0005802143;EDF;2013;Air;Poussières totales;324000;kg/an
0005800617;SOCIETE DES AUTOMOBILES ALPINE;2013;Air;Composés organiques volatils non méthaniques (COVNM);36300;kg/an
0005802143;EDF;2013;Air;Protoxyde d'azote (N2O);40800;kg/an
0005800617;SOCIETE DES AUTOMOBILES ALPINE;2013;Air;Hydroflurocarbures (HFC);120;kg/an
0005800619;SYSTEMAIR AC;2013;Air;Hydroflurocarbures (HFC);531;kg/an
0005802143;EDF;2013;Air;Zinc et composés (exprimés en tant que Zn);288;kg/an
0005800619;SYSTEMAIR AC;2013;Air;Méthane (CH4);728000;kg/an
0005802143;EDF;2013;Air;Vanadium et ses composés;307;kg/an
0005802143;EDF;2013;Air;Thallium et ses composés (exprimés en tant que Tl);54.1;kg/an
0005800620;SAFRAN AEROSYSTEMS;2013;Air;Composés organiques volatils non méthaniques (COVNM);50700;kg/an
0005802143;EDF;2013;Air;Dioxyde de carbone (CO2) d'origine non biomasse;2710000000;kg/an
0005800635;ARLANXEO ELASTOMERES FRANCE SAS;2013;Air;Composés organiques volatils non méthaniques (COVNM);167000;kg/an
0005800635;ARLANXEO ELASTOMERES FRANCE SAS;2013;Air;Dioxyde de carbone (CO2) d'origine non biomasse;52000000;kg/an
0005802143;EDF;2013;Air;Dioxyde de carbone (CO2) total (d'origine biomasse et non biomasse);2710000000;kg/an
0005800635;ARLANXEO ELASTOMERES FRANCE SAS;2013;Air;Dioxyde de carbone (CO2) total (d'origine biomasse et non biomasse);52000000;kg/an
0005800635;ARLANXEO ELASTOMERES FRANCE SAS;2013;Eau (direct);Nonylphénols et éthoxylates de nonylphénol (NP/NPE);27.8;kg/an
0005802143;EDF;2013;Eau (direct);Arsenic et composés (exprimés en tant que As);9.84;kg/an
0005802143;EDF;2013;Eau (direct);Zinc et composés (exprimés en tant que Zn);2300;kg/an
0005800666;SANOFI  PASTEUR SA;2013;Air;Dioxyde de carbone (CO2) d'origine non biomasse;11000000;kg/an
0005800666;SANOFI  PASTEUR SA;2013;Air;Dioxyde de carbone (CO2) total (d'origine biomasse et non biomasse);11000000;kg/an
0005802301;AIR LIQUIDE HYDROGENE;2013;Air;Protoxyde d'azote (N2O);12000;kg/an
0005800763;BARRY CALLEBAUT FRANCE;2013;Air;Acétaldéhyde (aldéhyde acétique  éthanal);8770;kg/an
0005802301;AIR LIQUIDE HYDROGENE;2013;Air;Dioxyde de carbone (CO2) d'origine non biomasse;273000000;kg/an
0005800763;BARRY CALLEBAUT FRANCE;2013;Air;Composés organiques volatils non méthaniques (COVNM);61100;kg/an
0005800763;BARRY CALLEBAUT FRANCE;2013;Air;Dioxyde de carbone (CO2) d'origine non biomasse;11200000;kg/an
0005800763;BARRY CALLEBAUT FRANCE;2013;Air;Dioxyde de carbone (CO2) total (d'origine biomasse et non biomasse);11200000;kg/an
0005802301;AIR LIQUIDE HYDROGENE;2013;Air;Dioxyde de carbone (CO2) total (d'origine biomasse et non biomasse);273000000;kg/an
0005800814;CEISA PACKAGING SAS;2013;Air;Composés organiques volatils non méthaniques (COVNM);275000;kg/an
0005802360;TRIADIS SERVICES;2013;Air;Dioxyde de carbone (CO2) d'origine non biomasse;32400000;kg/an
0005800821;STEINER;2013;Air;Composés organiques volatils non méthaniques (COVNM);38800;kg/an
0005802360;TRIADIS SERVICES;2013;Air;Dioxyde de carbone (CO2) total (d'origine biomasse et non biomasse);32400000;kg/an
0005800821;STEINER;2013;Eau (direct);Phénols (en tant que C total);74.4;kg/an
0005802394;NORMANDY COATING;2013;Air;Composés organiques volatils non méthaniques (COVNM);216000;kg/an
0005802398;T.S.N. 2;2013;Eau (indirect);Phénols (en tant que C total);23.1;kg/an
0005800846;Imprimeries IPS;2013;Air;Composés organiques volatils non méthaniques (COVNM);40200;kg/an
0005802648;BASF Agri-Production SAS;2013;Air;Composés organiques volatils non méthaniques (COVNM);50700;kg/an
0005801000;JANSSEN CILAG;2013;Air;Dichlorométhane (DCM, chlorure de méthylène);4050;kg/an
0005802648;BASF Agri-Production SAS;2013;Eau (direct);Composés organohalogénés (exprimés en tant que AOX);4090;kg/an
0005801044;DS SMITH;2013;Eau (direct);Azote total;54200;kg/an
0005801044;DS SMITH;2013;Eau (direct);Demande biologique en oxygène (DBO5);669000;kg/an
0005801044;DS SMITH;2013;Eau (direct);Demande chimique en oxygène (DCO);1980000;kg/an
0005802648;BASF Agri-Production SAS;2013;Eau (direct);Demande chimique en oxygène (DCO);201000;kg/an
0005801044;DS SMITH;2013;Eau (direct);Phosphore total;5880;kg/an
0005802751;VALOR'CAUX;2013;Air;Méthane (CH4);154000;kg/an
0005801049;VERRERIES BROSSE SAS;2013;Air;Dioxyde de carbone (CO2) d'origine non biomasse;17500000;kg/an
0005801049;VERRERIES BROSSE SAS;2013;Air;Dioxyde de carbone (CO2) total (d'origine biomasse et non biomasse);17500000;kg/an
0005802753;VALOR'CAUX;2013;Air;Méthane (CH4);213000;kg/an
0005802925;REVIMA APU;2013;Air;Hydroflurocarbures (HFC);1280;kg/an
0005803187;TEREOS STARCH & SWEETENERS LBN;2013;Air;Composés organiques volatils non méthaniques (COVNM);82700;kg/an
0005801173;OMNOVA Solutions;2013;Air;Composés organiques volatils non méthaniques (COVNM);30800;kg/an
0005803187;TEREOS STARCH & SWEETENERS LBN;2013;Air;Oxydes d'azote (NOx/NO2);158000;kg/an
0005801215;MILLENNIUM CHEMICALS SAS;2013;Eau (direct);Aluminium et composés (exprimés en tant que Al);111000;kg/an
0005801230;BOBET;2013;Air;Composés organiques volatils non méthaniques (COVNM);46300;kg/an
0005803187;TEREOS STARCH & SWEETENERS LBN;2013;Air;Dioxyde de carbone (CO2) d'origine non biomasse;147000000;kg/an
0005801240;LINEX PANNEAUX S.A.S;2013;Air;Aldéhyde formique (formaldéhyde);7090;kg/an
0005801240;LINEX PANNEAUX S.A.S;2013;Air;Composés organiques volatils non méthaniques (COVNM);292000;kg/an
0005803187;TEREOS STARCH & SWEETENERS LBN;2013;Air;Dioxyde de carbone (CO2) total (d'origine biomasse et non biomasse);304000000;kg/an
0005801240;LINEX PANNEAUX S.A.S;2013;Air;Oxydes d'azote (NOx/NO2);345000;kg/an
0005801240;LINEX PANNEAUX S.A.S;2013;Air;Dioxyde de carbone (CO2) d'origine non biomasse;11500000;kg/an
0005801240;LINEX PANNEAUX S.A.S;2013;Air;Dioxyde de carbone (CO2) total (d'origine biomasse et non biomasse);11500000;kg/an
0005803187;TEREOS STARCH & SWEETENERS LBN;2013;Air;Dioxyde de carbone (CO2) d'origine biomasse;157000000;kg/an
0005801277;Chaufferie de Mont-Saint-Aignan;2013;Air;Dioxyde de carbone (CO2) d'origine non biomasse;25800000;kg/an
0005801277;Chaufferie de Mont-Saint-Aignan;2013;Air;Dioxyde de carbone (CO2) total (d'origine biomasse et non biomasse);25800000;kg/an
0005803533;ATHALYS;2013;Eau (indirect);Nickel et composés (exprimés en tant que Ni);22.8;kg/an
0005801304;WILD France;2013;Eau (indirect);Demande biologique en oxygène (DBO5);124000;kg/an
0005803829;GRANDE PAROISSE SA;2013;Eau (direct);Arsenic et composés (exprimés en tant que As);6.5;kg/an
0005801304;WILD France;2013;Eau (indirect);Demande chimique en oxygène (DCO);329000;kg/an
0005801305;FERRERO FRANCE;2013;Air;Hydroflurocarbures (HFC);399;kg/an
0005803829;GRANDE PAROISSE SA;2013;Eau (direct);Cadmium et composés (exprimés en tant que Cd);3;kg/an
0005801325;BISCHOF + KLEIN FRANCE SAS;2013;Air;Composés organiques volatils non méthaniques (COVNM);76800;kg/an
0005803829;GRANDE PAROISSE SA;2013;Eau (direct);Fluorures (en tant que F total);7150;kg/an
0005801350;MAJ (ELIS NORMANDIE);2013;Eau (indirect);Carbone organique total (en tant que C total ou DCO/3);53700;kg/an
0005804078;CIM Le Havre;2013;Air;Composés organiques volatils non méthaniques (COVNM);74400;kg/an
0005804127;BIO COGELYO NORMANDIE;2013;Air;Hydrocarbures aromatiques polycycliques (HAP);142;kg/an
0005804127;BIO COGELYO NORMANDIE;2013;Air;Oxydes d'azote (NOx/NO2);124000;kg/an
0005900978;EQIOM (Cimenterie);2013;Air;Oxydes de soufre (SOx/SO2);191000;kg/an
0005900978;EQIOM (Cimenterie);2013;Air;Oxydes d'azote (NOx/NO2);211000;kg/an
0005804127;BIO COGELYO NORMANDIE;2013;Air;Dioxyde de carbone (CO2) total (d'origine biomasse et non biomasse);137000000;kg/an
0005900978;EQIOM (Cimenterie);2013;Air;Dioxyde de carbone (CO2) d'origine non biomasse;293000000;kg/an
0005900978;EQIOM (Cimenterie);2013;Air;Dioxyde de carbone (CO2) total (d'origine biomasse et non biomasse);308000000;kg/an
0005804127;BIO COGELYO NORMANDIE;2013;Air;Dioxyde de carbone (CO2) d'origine biomasse;137000000;kg/an
0005900978;EQIOM (Cimenterie);2013;Air;Dioxyde de carbone (CO2) d'origine biomasse;15300000;kg/an
0005900018;ALLRIM;2013;Air;Dichlorométhane (DCM, chlorure de méthylène);2420;kg/an
0005900985;PROVALT JURA Unité 1 / PRODIA Unité 2;2013;Air;Dioxyde de carbone (CO2) d'origine non biomasse;35900000;kg/an
0005900018;ALLRIM;2013;Air;Hydroflurocarbures (HFC);126;kg/an
0005900985;PROVALT JURA Unité 1 / PRODIA Unité 2;2013;Air;Dioxyde de carbone (CO2) total (d'origine biomasse et non biomasse);35900000;kg/an
0005900119;VILLE DE BESANCON (CELSIUS);2013;Air;Chlore et composés inorganiques (en tant que HCl);12100;kg/an
0005900119;VILLE DE BESANCON (CELSIUS);2013;Air;Oxydes de soufre (SOx/SO2);166000;kg/an
0005901015;BOURBON AUTOMOTIVE PLASTICS;2013;Air;Composés organiques volatils non méthaniques (COVNM);53300;kg/an
0005901039;SOCIETE NOUVELLE REVETIS;2013;Eau (direct);Nickel et composés (exprimés en tant que Ni);25;kg/an
0005900119;VILLE DE BESANCON (CELSIUS);2013;Air;Dioxyde de carbone (CO2) d'origine non biomasse;32700000;kg/an
0005900119;VILLE DE BESANCON (CELSIUS);2013;Air;Dioxyde de carbone (CO2) total (d'origine biomasse et non biomasse);44600000;kg/an
0005901072;GALVANOPLAST;2013;Eau (direct);Nickel et composés (exprimés en tant que Ni);32.6;kg/an
0005900119;VILLE DE BESANCON (CELSIUS);2013;Air;Dioxyde de carbone (CO2) d'origine biomasse;11900000;kg/an
0005900162;PAPETERIE ZUBER RIEDER;2013;Eau (direct);Demande biologique en oxygène (DBO5);48000;kg/an
0005901100;FIDAY GESTION;2013;Air;Composés organiques volatils non méthaniques (COVNM);42000;kg/an
0005901113;CONFLANDEY INDUSTRIES SAS;2013;Eau (direct);Cuivre et composés (exprimés en tant que Cu);92;kg/an
0005900201;NICOLLIN (Corcelles-Ferrières);2013;Air;Méthane (CH4);2040000;kg/an
0005900367;WIENERBERGER (EX KORAMIC);2013;Air;Dioxyde de carbone (CO2) d'origine non biomasse;27500000;kg/an
0005901115;COMPAGNIE FRANCAISE DU PANNEAU;2013;Air;Aldéhyde formique (formaldéhyde);22800;kg/an
0005901115;COMPAGNIE FRANCAISE DU PANNEAU;2013;Air;Composés organiques volatils non méthaniques (COVNM);93500;kg/an
0005900367;WIENERBERGER (EX KORAMIC);2013;Air;Dioxyde de carbone (CO2) total (d'origine biomasse et non biomasse);27500000;kg/an
0005901115;COMPAGNIE FRANCAISE DU PANNEAU;2013;Air;Monoxyde de carbone (CO);627000;kg/an
0005901115;COMPAGNIE FRANCAISE DU PANNEAU;2013;Air;Oxydes d'azote (NOx/NO2);216000;kg/an
0005901115;COMPAGNIE FRANCAISE DU PANNEAU;2013;Air;Poussières totales;348000;kg/an
0005901115;COMPAGNIE FRANCAISE DU PANNEAU;2013;Air;Dioxyde de carbone (CO2) total (d'origine biomasse et non biomasse);120000000;kg/an
0005900458;VALINEA;2013;Air;Dioxyde de carbone (CO2) d'origine non biomasse;18400000;kg/an
0005901115;COMPAGNIE FRANCAISE DU PANNEAU;2013;Air;Dioxyde de carbone (CO2) d'origine biomasse;120000000;kg/an
0005900458;VALINEA;2013;Air;Dioxyde de carbone (CO2) total (d'origine biomasse et non biomasse);42500000;kg/an
0005901127;WALTEFAUGLE;2013;Air;Composés organiques volatils non méthaniques (COVNM);31100;kg/an
0005900458;VALINEA;2013;Air;Dioxyde de carbone (CO2) d'origine biomasse;24200000;kg/an
0005900530;PREVAL HD UIOM;2013;Air;Dioxyde de carbone (CO2) d'origine non biomasse;12400000;kg/an
0005901149;FUJI SEAL FRANCE SAS;2013;Air;Composés organiques volatils non méthaniques (COVNM);51500;kg/an
0005900530;PREVAL HD UIOM;2013;Air;Dioxyde de carbone (CO2) total (d'origine biomasse et non biomasse);28900000;kg/an
0005901183;OGF;2013;Air;Composés organiques volatils non méthaniques (COVNM);36000;kg/an
0005900530;PREVAL HD UIOM;2013;Air;Dioxyde de carbone (CO2) d'origine biomasse;16400000;kg/an
0005901195;CF2P SAS (ex IKEA INDUSTRY FRANCE);2013;Air;Acétaldéhyde (aldéhyde acétique  éthanal);644;kg/an
0005901195;CF2P SAS (ex IKEA INDUSTRY FRANCE);2013;Air;Aldéhyde formique (formaldéhyde);2560;kg/an
0005900536;ARMSTRONG BUILDING PRODUCTS S.A.;2013;Air;Oxydes de soufre (SOx/SO2);175000;kg/an
0005901195;CF2P SAS (ex IKEA INDUSTRY FRANCE);2013;Air;Composés organiques volatils non méthaniques (COVNM);53500;kg/an
0005901195;CF2P SAS (ex IKEA INDUSTRY FRANCE);2013;Air;Oxydes d'azote (NOx/NO2);188000;kg/an
0005901195;CF2P SAS (ex IKEA INDUSTRY FRANCE);2013;Air;Plomb et composés (exprimés en tant que Pb);278;kg/an
0005900536;ARMSTRONG BUILDING PRODUCTS S.A.;2013;Air;Dioxyde de carbone (CO2) d'origine non biomasse;33300000;kg/an
0005901195;CF2P SAS (ex IKEA INDUSTRY FRANCE);2013;Air;Vanadium et ses composés;36.4;kg/an
0005900536;ARMSTRONG BUILDING PRODUCTS S.A.;2013;Air;Dioxyde de carbone (CO2) total (d'origine biomasse et non biomasse);33300000;kg/an
0005901214;FAURECIA;2013;Air;Composés organiques volatils non méthaniques (COVNM);69200;kg/an
0005900608;PEUGEOT CITROEN SOCHAUX SNC;2013;Air;Composés organiques volatils non méthaniques (COVNM);875000;kg/an
0005900608;PEUGEOT CITROEN SOCHAUX SNC;2013;Air;Hydrochlorofluorocarbures (HCFC);157;kg/an
0005901243;EUROSERUM;2013;Air;Dioxyde de carbone (CO2) d'origine non biomasse;19800000;kg/an
0005900608;PEUGEOT CITROEN SOCHAUX SNC;2013;Air;Hydroflurocarbures (HFC);797;kg/an
0005901243;EUROSERUM;2013;Air;Dioxyde de carbone (CO2) total (d'origine biomasse et non biomasse);19800000;kg/an
0005901370;AUCHAN BELFORT NORD;2013;Air;Hydrochlorofluorocarbures (HCFC);31;kg/an
0005900608;PEUGEOT CITROEN SOCHAUX SNC;2013;Air;Dioxyde de carbone (CO2) d'origine non biomasse;36500000;kg/an
0005900608;PEUGEOT CITROEN SOCHAUX SNC;2013;Air;Dioxyde de carbone (CO2) total (d'origine biomasse et non biomasse);36500000;kg/an
0005900608;PEUGEOT CITROEN SOCHAUX SNC;2013;Eau (direct);Cadmium et composés (exprimés en tant que Cd);3;kg/an
0005900608;PEUGEOT CITROEN SOCHAUX SNC;2013;Eau (direct);Fluorures (en tant que F total);3270;kg/an
0005901374;GE ENERGY PRODUCTS FRANCE SNC;2013;Air;Cobalt et composés (exprimés en tant que Co);63.6;kg/an
0005900608;PEUGEOT CITROEN SOCHAUX SNC;2013;Eau (direct);Nickel et composés (exprimés en tant que Ni);48;kg/an
0005901374;GE ENERGY PRODUCTS FRANCE SNC;2013;Air;Nickel et composés (exprimés en tant que Ni);83.6;kg/an
0005901400;VON ROLL ISOLA FRANCE;2013;Air;Composés organiques volatils non méthaniques (COVNM);35100;kg/an
0005900608;PEUGEOT CITROEN SOCHAUX SNC;2013;Eau (direct);Nonylphénols et éthoxylates de nonylphénol (NP/NPE);1.5;kg/an
0005901990;SERTRID;2013;Air;Protoxyde d'azote (N2O);13700;kg/an
0005901990;SERTRID;2013;Air;Zinc et composés (exprimés en tant que Zn);202;kg/an
0005900641;PEUGEOT CITROEN  AUTOMOBILES SA;2013;Air;Hydrochlorofluorocarbures (HCFC);1290;kg/an
0005901990;SERTRID;2013;Air;Dioxyde de carbone (CO2) d'origine non biomasse;28800000;kg/an
0005901990;SERTRID;2013;Air;Dioxyde de carbone (CO2) total (d'origine biomasse et non biomasse);66900000;kg/an
0005901990;SERTRID;2013;Air;Dioxyde de carbone (CO2) d'origine biomasse;38100000;kg/an
0005900641;PEUGEOT CITROEN  AUTOMOBILES SA;2013;Air;Hydroflurocarbures (HFC);1360;kg/an
0005900792;SYDOM;2013;Air;Oxydes de soufre (SOx/SO2);179000;kg/an
0005900821;FROMAGERIES BEL PRODUCTION FRANCE (FBPF);2013;Eau (indirect);Demande biologique en oxygène (DBO5);90800;kg/an
0005902116;Franche comte energies;2013;Air;Dioxyde de carbone (CO2) d'origine non biomasse;52200000;kg/an
0005902116;Franche comte energies;2013;Air;Dioxyde de carbone (CO2) total (d'origine biomasse et non biomasse);52200000;kg/an
0005900821;FROMAGERIES BEL PRODUCTION FRANCE (FBPF);2013;Eau (indirect);Demande chimique en oxygène (DCO);171000;kg/an
0005902155;VON ROLL FRANCE;2013;Air;Composés organiques volatils non méthaniques (COVNM);31400;kg/an
0005900825;SOCCRAM;2013;Air;Dioxyde de carbone (CO2) d'origine non biomasse;13900000;kg/an
0005902583;FACEL;2013;Air;Sulfure de carbone;158000;kg/an
0005900825;SOCCRAM;2013;Air;Dioxyde de carbone (CO2) total (d'origine biomasse et non biomasse);25600000;kg/an
0005902597;SYBERT UIOM;2013;Air;Dioxyde de carbone (CO2) d'origine non biomasse;45400000;kg/an
0005900825;SOCCRAM;2013;Air;Dioxyde de carbone (CO2) d'origine biomasse;11700000;kg/an
0005902597;SYBERT UIOM;2013;Air;Dioxyde de carbone (CO2) total (d'origine biomasse et non biomasse);45400000;kg/an
0005902679;FLEX-N-GATE (AEE - FAURECIA);2013;Air;Composés organiques volatils non méthaniques (COVNM);50200;kg/an
0005900878;FLEXICO Etablissement de Lons;2013;Air;Composés organiques volatils non méthaniques (COVNM);112000;kg/an
0005902685;INOVYN France;2013;Air;1,2-dichloroéthane (DCE - chlorure d'éthylène);9540;kg/an
0005902685;INOVYN France;2013;Air;Ammoniac (NH3);50100;kg/an
0005900881;SYDOM du Jura;2013;Air;Dioxyde de carbone (CO2) d'origine non biomasse;13700000;kg/an
0005902685;INOVYN France;2013;Air;Chlore et composés inorganiques (en tant que HCl);16200;kg/an
0005902685;INOVYN France;2013;Air;Chloroforme (trichlorométhane);2900;kg/an
0005900881;SYDOM du Jura;2013;Air;Dioxyde de carbone (CO2) total (d'origine biomasse et non biomasse);31800000;kg/an
0005902685;INOVYN France;2013;Air;Chlorure de vinyle (chloroéthène);37500;kg/an
0005902685;INOVYN France;2013;Air;Chrome et composés (exprimés en tant que Cr);113;kg/an
0005900881;SYDOM du Jura;2013;Air;Dioxyde de carbone (CO2) d'origine biomasse;18100000;kg/an
0005902685;INOVYN France;2013;Air;Composés organiques volatils non méthaniques (COVNM);117000;kg/an
0005902685;INOVYN France;2013;Air;Dichlorométhane (DCM, chlorure de méthylène);6060;kg/an
0005900888;FROMAGERIES BEL PRODUCTION FRANCE;2013;Air;Hydroflurocarbures (HFC);222;kg/an
0005902685;INOVYN France;2013;Air;Epichlorhydrine (1-chloro-2,3-époxypropane);113;kg/an
0005902685;INOVYN France;2013;Air;Hydrochlorofluorocarbures (HCFC);1570;kg/an
0005902685;INOVYN France;2013;Air;Hydroflurocarbures (HFC);1220;kg/an
0006000348;PANNEAUX DE CORREZE;2013;Air;Aldéhyde formique (formaldéhyde);4880;kg/an
0005902685;INOVYN France;2013;Air;Mercure et composés (exprimés en tant que Hg);161;kg/an
0005902685;INOVYN France;2013;Air;Nickel et composés (exprimés en tant que Ni);77;kg/an
0005902685;INOVYN France;2013;Air;Oxydes de soufre (SOx/SO2);1530000;kg/an
0005902685;INOVYN France;2013;Air;Oxydes d'azote (NOx/NO2);777000;kg/an
0005902685;INOVYN France;2013;Air;Protoxyde d'azote (N2O);22000;kg/an
0006000348;PANNEAUX DE CORREZE;2013;Air;Composés organiques volatils non méthaniques (COVNM);110000;kg/an
0005902685;INOVYN France;2013;Air;Tétrachloroéthylène (PER, tétrachloroéthylène);2470;kg/an
0005902685;INOVYN France;2013;Air;Tétrachlorométhane (TCM, tétrachlorure de carbone);3030;kg/an
0005902685;INOVYN France;2013;Air;Zinc et composés (exprimés en tant que Zn);366;kg/an
0005902685;INOVYN France;2013;Air;Vanadium et ses composés;16.6;kg/an
0006000348;PANNEAUX DE CORREZE;2013;Air;Méthane (CH4);124000;kg/an
0005902685;INOVYN France;2013;Air;Dioxyde de carbone (CO2) d'origine non biomasse;545000000;kg/an
0006000348;PANNEAUX DE CORREZE;2013;Air;Dioxyde de carbone (CO2) d'origine non biomasse;10700000;kg/an
0005902685;INOVYN France;2013;Air;Dioxyde de carbone (CO2) total (d'origine biomasse et non biomasse);545000000;kg/an
0005902685;INOVYN France;2013;Eau (direct);1,2-dichloroéthane (DCE - chlorure d'éthylène);82;kg/an
0006000348;PANNEAUX DE CORREZE;2013;Air;Dioxyde de carbone (CO2) total (d'origine biomasse et non biomasse);54800000;kg/an
0005902685;INOVYN France;2013;Eau (direct);Aluminium et composés (exprimés en tant que Al);4180;kg/an
0005902685;INOVYN France;2013;Eau (direct);Arsenic et composés (exprimés en tant que As);281;kg/an
0006000348;PANNEAUX DE CORREZE;2013;Air;Dioxyde de carbone (CO2) d'origine biomasse;44100000;kg/an
0005902685;INOVYN France;2013;Eau (direct);Azote total;93000;kg/an
0005902685;INOVYN France;2013;Eau (direct);Carbone organique total (en tant que C total ou DCO/3);414000;kg/an
0006000357;EUROCOUSTIC SA;2013;Air;Oxydes de soufre (SOx/SO2);220000;kg/an
0005902685;INOVYN France;2013;Eau (direct);Chloroforme (trichlorométhane);168;kg/an
0005902685;INOVYN France;2013;Eau (direct);Chlorure de vinyle (chloroéthène);57;kg/an
0006000357;EUROCOUSTIC SA;2013;Air;Dioxyde de carbone (CO2) d'origine non biomasse;48600000;kg/an
0005902685;INOVYN France;2013;Eau (direct);Chlorures (en tant que Cl total);178000000;kg/an
0005902685;INOVYN France;2013;Eau (direct);Composés organohalogénés (exprimés en tant que AOX);36200;kg/an
0006000357;EUROCOUSTIC SA;2013;Air;Dioxyde de carbone (CO2) total (d'origine biomasse et non biomasse);48600000;kg/an
0005902685;INOVYN France;2013;Eau (direct);Demande biologique en oxygène (DBO5);264000;kg/an
0005902685;INOVYN France;2013;Eau (direct);Demande chimique en oxygène (DCO);693000;kg/an
0005902685;INOVYN France;2013;Eau (direct);Dichlorométhane (DCM, chlorure de méthylène);661;kg/an
0006000361;Société BLEDINA;2013;Eau (indirect);Demande biologique en oxygène (DBO5);368000;kg/an
0005902685;INOVYN France;2013;Eau (direct);Fer et composés (exprimés en tant que Fe);11500;kg/an
0005902685;INOVYN France;2013;Eau (direct);Fluorures (en tant que F total);34000;kg/an
0006000361;Société BLEDINA;2013;Eau (indirect);Demande chimique en oxygène (DCO);446000;kg/an
0005902685;INOVYN France;2013;Eau (direct);Hexachlorobenzène (HCB);5.1;kg/an
0005902685;INOVYN France;2013;Eau (direct);Hexachlorobutadiène (HCBD);127;kg/an
0006000366;VALADE;2013;Eau (indirect);Demande biologique en oxygène (DBO5);103000;kg/an
0005902685;INOVYN France;2013;Eau (direct);1,2,3,4,5,6-hexachlorocyclohexane (HCH);19;kg/an
0005902685;INOVYN France;2013;Eau (direct);Manganèse et composés (exprimés en tant que Mn);3650;kg/an
0005902685;INOVYN France;2013;Eau (direct);Matières en suspension (MES);723000;kg/an
0006000374;LIMOVIN SAS;2013;Air;Hydroflurocarbures (HFC);340;kg/an
0005902685;INOVYN France;2013;Eau (direct);Mercure et composés (exprimés en tant que Hg);5.6;kg/an
0005902685;INOVYN France;2013;Eau (direct);Pentachlorobenzène;42;kg/an
0006000382;JELD WEN;2013;Air;Antimoine et composés (exprimés en tant que Sb);59.5;kg/an
0005902685;INOVYN France;2013;Eau (direct);Plomb et composés (exprimés en tant que Pb);413;kg/an
0005902685;INOVYN France;2013;Eau (direct);Sulfates;8820000;kg/an
0005902685;INOVYN France;2013;Eau (direct);Trichloréthylène;147;kg/an
0006000385;INTERNATIONAL PAPER;2013;Air;Oxydes d'azote (NOx/NO2);773000;kg/an
0005902685;INOVYN France;2013;Eau (direct);Tétrachloroéthylène (PER, tétrachloroéthylène);529;kg/an
0005902685;INOVYN France;2013;Eau (direct);Tétrachlorométhane (TCM, tétrachlorure de carbone);159;kg/an
0006000385;INTERNATIONAL PAPER;2013;Air;Protoxyde d'azote (N2O);26000;kg/an
0005902685;INOVYN France;2013;Eau (direct);Gamma isomère Lindane;1.2;kg/an
0005902685;INOVYN France;2013;Eau (direct);Hydroxyde d'ammonium (NH4+);67000;kg/an
0006000385;INTERNATIONAL PAPER;2013;Air;Sulfure d'hydrogène (H2S);3200;kg/an
0006000385;INTERNATIONAL PAPER;2013;Air;Dioxyde de carbone (CO2) d'origine non biomasse;62500000;kg/an
0006000385;INTERNATIONAL PAPER;2013;Air;Dioxyde de carbone (CO2) total (d'origine biomasse et non biomasse);937000000;kg/an
0006000385;INTERNATIONAL PAPER;2013;Air;Dioxyde de carbone (CO2) d'origine biomasse;875000000;kg/an
0006000385;INTERNATIONAL PAPER;2013;Eau (direct);Aluminium et composés (exprimés en tant que Al);23700;kg/an
0005902924;SUEZ RV CENTRE EST (ex SITA CENTRE EST);2013;Air;Méthane (CH4);114000;kg/an
0006000385;INTERNATIONAL PAPER;2013;Eau (direct);Azote total;161000;kg/an
0006000385;INTERNATIONAL PAPER;2013;Eau (direct);Chrome et composés (exprimés en tant que Cr);128;kg/an
0005903713;JURA TERROIR SAS;2013;Eau (indirect);Demande biologique en oxygène (DBO5);58400;kg/an
0006000385;INTERNATIONAL PAPER;2013;Eau (direct);Composés organohalogénés (exprimés en tant que AOX);61800;kg/an
0006000385;INTERNATIONAL PAPER;2013;Eau (direct);Cuivre et composés (exprimés en tant que Cu);85;kg/an
0006000274;VALEO Usine;2013;Air;Aldéhyde formique (formaldéhyde);2940;kg/an
0006000274;VALEO Usine;2013;Air;Dioxyde de carbone (CO2) d'origine non biomasse;13200000;kg/an
0006000385;INTERNATIONAL PAPER;2013;Eau (direct);Demande biologique en oxygène (DBO5);441000;kg/an
0006000274;VALEO Usine;2013;Air;Dioxyde de carbone (CO2) total (d'origine biomasse et non biomasse);13200000;kg/an
0006000385;INTERNATIONAL PAPER;2013;Eau (direct);Demande chimique en oxygène (DCO);7820000;kg/an
0006000385;INTERNATIONAL PAPER;2013;Eau (direct);Fer et composés (exprimés en tant que Fe);8990;kg/an
0006000275;CENTRALE ENERGIE DECHETS LIMOGES (CEDLM);2013;Air;Zinc et composés (exprimés en tant que Zn);1050;kg/an
0006000385;INTERNATIONAL PAPER;2013;Eau (direct);Manganèse et composés (exprimés en tant que Mn);18100;kg/an
0006000275;CENTRALE ENERGIE DECHETS LIMOGES (CEDLM);2013;Air;Dioxyde de carbone (CO2) d'origine non biomasse;34200000;kg/an
0006000275;CENTRALE ENERGIE DECHETS LIMOGES (CEDLM);2013;Air;Dioxyde de carbone (CO2) total (d'origine biomasse et non biomasse);79600000;kg/an
0006000385;INTERNATIONAL PAPER;2013;Eau (direct);Matières en suspension (MES);530000;kg/an
0006000275;CENTRALE ENERGIE DECHETS LIMOGES (CEDLM);2013;Air;Dioxyde de carbone (CO2) d'origine biomasse;45400000;kg/an
0006000385;INTERNATIONAL PAPER;2013;Eau (direct);Nickel et composés (exprimés en tant que Ni);85;kg/an
0006000385;INTERNATIONAL PAPER;2013;Eau (direct);Phosphore total;21300;kg/an
0006000385;INTERNATIONAL PAPER;2013;Eau (direct);Phénols (en tant que C total);406;kg/an
0006000283;DELVERT;2013;Eau (indirect);Demande biologique en oxygène (DBO5);46500;kg/an
0006000385;INTERNATIONAL PAPER;2013;Eau (direct);Zinc et composés (exprimés en tant que Zn);577;kg/an
0006000314;SMURFIT KAPPA Papier Recyclé France;2013;Air;Dioxyde de carbone (CO2) d'origine non biomasse;51100000;kg/an
0006000314;SMURFIT KAPPA Papier Recyclé France;2013;Air;Dioxyde de carbone (CO2) total (d'origine biomasse et non biomasse);51100000;kg/an
0006000385;INTERNATIONAL PAPER;2013;Sol;Aluminium et composés (exprimés en tant que Al);230000;kg/an
0006000314;SMURFIT KAPPA Papier Recyclé France;2013;Eau (direct);Arsenic et composés (exprimés en tant que As);40.2;kg/an
0006000314;SMURFIT KAPPA Papier Recyclé France;2013;Eau (direct);Azote total;94600;kg/an
0006000314;SMURFIT KAPPA Papier Recyclé France;2013;Eau (direct);Cadmium et composés (exprimés en tant que Cd);40.2;kg/an
0006000314;SMURFIT KAPPA Papier Recyclé France;2013;Eau (direct);Cuivre et composés (exprimés en tant que Cu);56.6;kg/an
0006000385;INTERNATIONAL PAPER;2013;Sol;Arsenic et composés (exprimés en tant que As);176;kg/an
0006000314;SMURFIT KAPPA Papier Recyclé France;2013;Eau (direct);Demande biologique en oxygène (DBO5);181000;kg/an
0006000314;SMURFIT KAPPA Papier Recyclé France;2013;Eau (direct);Demande chimique en oxygène (DCO);782000;kg/an
0006000385;INTERNATIONAL PAPER;2013;Sol;Cadmium et composés (exprimés en tant que Cd);23;kg/an
0006000314;SMURFIT KAPPA Papier Recyclé France;2013;Eau (direct);Matières en suspension (MES);402000;kg/an
0006000314;SMURFIT KAPPA Papier Recyclé France;2013;Eau (direct);Nickel et composés (exprimés en tant que Ni);40.2;kg/an
0006000385;INTERNATIONAL PAPER;2013;Sol;Chrome et composés (exprimés en tant que Cr);221;kg/an
0006000314;SMURFIT KAPPA Papier Recyclé France;2013;Eau (direct);Phosphore total;12200;kg/an
0006000314;SMURFIT KAPPA Papier Recyclé France;2013;Eau (direct);Plomb et composés (exprimés en tant que Pb);40.2;kg/an
0006000385;INTERNATIONAL PAPER;2013;Sol;Cuivre et composés (exprimés en tant que Cu);343;kg/an
0006000385;INTERNATIONAL PAPER;2013;Sol;Fer et composés (exprimés en tant que Fe);121000;kg/an
0006000385;INTERNATIONAL PAPER;2013;Sol;Manganèse et composés (exprimés en tant que Mn);40400;kg/an
0006000385;INTERNATIONAL PAPER;2013;Sol;Nickel et composés (exprimés en tant que Ni);189;kg/an
0006000339;COMPAGNIE MADRANGE - FEYTIAT;2013;Air;Hydrochlorofluorocarbures (HCFC);180;kg/an
0006000339;COMPAGNIE MADRANGE - FEYTIAT;2013;Eau (indirect);Demande biologique en oxygène (DBO5);130000;kg/an
0006000385;INTERNATIONAL PAPER;2013;Sol;Plomb et composés (exprimés en tant que Pb);241;kg/an
0006000339;COMPAGNIE MADRANGE - FEYTIAT;2013;Eau (indirect);Demande chimique en oxygène (DCO);245000;kg/an
0006000346;Papeteries et cartonneries Lacaux Frères;2013;Air;Dioxyde de carbone (CO2) d'origine non biomasse;12100000;kg/an
0006000385;INTERNATIONAL PAPER;2013;Sol;Titane et composés (exprimés en tant que Ti);9700;kg/an
0006000346;Papeteries et cartonneries Lacaux Frères;2013;Air;Dioxyde de carbone (CO2) total (d'origine biomasse et non biomasse);12100000;kg/an
0006000385;INTERNATIONAL PAPER;2013;Sol;Zinc et composés (exprimés en tant que Zn);3360;kg/an
0006000401;S.A.S ANDRIEUX;2013;Air;Hydrochlorofluorocarbures (HCFC);82;kg/an
0006000416;PAPREC CRV Brive;2013;Air;Méthane (CH4);206000;kg/an
0006000427;SYTTOM-UIOM BRIVE;2013;Air;Dioxyde de carbone (CO2) d'origine non biomasse;20600000;kg/an
0006000427;SYTTOM-UIOM BRIVE;2013;Air;Dioxyde de carbone (CO2) total (d'origine biomasse et non biomasse);43800000;kg/an
0006102272;Trédi Saint Vulbas;2013;Air;Dioxyde de carbone (CO2) total (d'origine biomasse et non biomasse);39900000;kg/an
0006000427;SYTTOM-UIOM BRIVE;2013;Air;Dioxyde de carbone (CO2) d'origine biomasse;23200000;kg/an
0006102272;Trédi Saint Vulbas;2013;Eau (direct);Arsenic et composés (exprimés en tant que As);17.6;kg/an
0006102272;Trédi Saint Vulbas;2013;Eau (direct);Cadmium et composés (exprimés en tant que Cd);15.1;kg/an
0006000454;SETHELEC;2013;Air;Dioxyde de carbone (CO2) d'origine non biomasse;29600000;kg/an
0006102272;Trédi Saint Vulbas;2013;Eau (direct);Chlorures (en tant que Cl total);2400000;kg/an
0006102272;Trédi Saint Vulbas;2013;Eau (direct);Fluorures (en tant que F total);6240;kg/an
0006000454;SETHELEC;2013;Air;Dioxyde de carbone (CO2) total (d'origine biomasse et non biomasse);29600000;kg/an
0006102272;Trédi Saint Vulbas;2013;Eau (direct);Zinc et composés (exprimés en tant que Zn);234;kg/an
0006000457;VALDI;2013;Air;Cobalt et composés (exprimés en tant que Co);12.8;kg/an
0006000521;SUEZ RV Sud-Ouest;2013;Eau (direct);Arsenic et composés (exprimés en tant que As);18;kg/an
0006102302;PANELCO;2013;Air;Hydroflurocarbures (HFC);9570;kg/an
0006102304;PLASTIC OMNIUM COMPOSITES;2013;Air;Composés organiques volatils non méthaniques (COVNM);197000;kg/an
0006000521;SUEZ RV Sud-Ouest;2013;Eau (direct);Fer et composés (exprimés en tant que Fe);9160;kg/an
0006000521;SUEZ RV Sud-Ouest;2013;Eau (direct);Manganèse et composés (exprimés en tant que Mn);1150;kg/an
0006102314;TANNERIE D'ANNONAY S.A.;2013;Eau (indirect);Demande biologique en oxygène (DBO5);87900;kg/an
0006102314;TANNERIE D'ANNONAY S.A.;2013;Eau (indirect);Demande chimique en oxygène (DCO);206000;kg/an
0006000521;SUEZ RV Sud-Ouest;2013;Eau (direct);Nickel et composés (exprimés en tant que Ni);49.1;kg/an
0006000527;SUEZ RV SO (ex-SITA SO);2013;Air;Méthane (CH4);110000;kg/an
0006102315;IVECO BUS;2013;Air;Composés organiques volatils non méthaniques (COVNM);41700;kg/an
0006001935;GERSON PIERROT GOURMAND;2013;Eau (indirect);Demande chimique en oxygène (DCO);520000;kg/an
0006102348;CALCIA  SA;2013;Air;Ammoniac (NH3);107000;kg/an
0006102348;CALCIA  SA;2013;Air;Oxydes d'azote (NOx/NO2);314000;kg/an
0006002045;PONTHIER  S.A.;2013;Air;Hydroflurocarbures (HFC);316;kg/an
0006102348;CALCIA  SA;2013;Air;Dioxyde de carbone (CO2) d'origine non biomasse;133000000;kg/an
0006102348;CALCIA  SA;2013;Air;Dioxyde de carbone (CO2) total (d'origine biomasse et non biomasse);133000000;kg/an
0006002150;ORANO Mining;2013;Eau (direct);Manganèse et composés (exprimés en tant que Mn);2230;kg/an
0006002154;ORANO Mining;2013;Eau (direct);Fluorures (en tant que F total);3170;kg/an
0006102350;LAFARGE CIMENTS;2013;Air;Dioxyde de carbone (CO2) d'origine non biomasse;42700000;kg/an
0006102350;LAFARGE CIMENTS;2013;Air;Dioxyde de carbone (CO2) total (d'origine biomasse et non biomasse);42700000;kg/an
0006002154;ORANO Mining;2013;Eau (direct);Manganèse et composés (exprimés en tant que Mn);550;kg/an
0006002178;Orano Mining;2013;Eau (direct);Arsenic et composés (exprimés en tant que As);54.1;kg/an
0006102359;SICTOBA (Grospierre);2013;Air;Méthane (CH4);191000;kg/an
0006002672;CORREZE ENERGIES;2013;Air;Dioxyde de carbone (CO2) d'origine non biomasse;14400000;kg/an
0006002672;CORREZE ENERGIES;2013;Air;Dioxyde de carbone (CO2) total (d'origine biomasse et non biomasse);33400000;kg/an
0006002672;CORREZE ENERGIES;2013;Air;Dioxyde de carbone (CO2) d'origine biomasse;18900000;kg/an
0006102364;OI FRANCE SAS;2013;Air;Oxydes d'azote (NOx/NO2);124000;kg/an
0006102364;OI FRANCE SAS;2013;Air;Dioxyde de carbone (CO2) d'origine non biomasse;39100000;kg/an
0006003024;EVERGREEN;2013;Air;Dioxyde de carbone (CO2) d'origine non biomasse;11900000;kg/an
0006102364;OI FRANCE SAS;2013;Air;Dioxyde de carbone (CO2) total (d'origine biomasse et non biomasse);39100000;kg/an
0006003024;EVERGREEN;2013;Air;Dioxyde de carbone (CO2) total (d'origine biomasse et non biomasse);11900000;kg/an
0006003128;ISDND de Rochechouart;2013;Air;Méthane (CH4);168000;kg/an
0006102409;CHEMVIRON FRANCE SAS;2013;Air;Oxydes de soufre (SOx/SO2);771000;kg/an
0006102409;CHEMVIRON FRANCE SAS;2013;Air;Dioxyde de carbone (CO2) total (d'origine biomasse et non biomasse);15400000;kg/an
0006102409;CHEMVIRON FRANCE SAS;2013;Air;Dioxyde de carbone (CO2) d'origine biomasse;15400000;kg/an
0006003128;ISDND de Rochechouart;2013;Eau (indirect);Composés organohalogénés (exprimés en tant que AOX);2190;kg/an
0006102416;PMG Ardèche;2013;Air;Composés organiques volatils non méthaniques (COVNM);48500;kg/an
0006003128;ISDND de Rochechouart;2013;Eau (indirect);Mercure et composés (exprimés en tant que Hg);5.21;kg/an
0006102435;LAFARGE CIMENTS;2013;Air;Acide cyanhydrique (HCN);2290;kg/an
0006003649;SDCL/DALKIA FRANCE;2013;Air;Oxydes d'azote (NOx/NO2);177000;kg/an
0006102435;LAFARGE CIMENTS;2013;Air;Mercure et composés (exprimés en tant que Hg);11;kg/an
0006102435;LAFARGE CIMENTS;2013;Air;Naphthalène;190;kg/an
0006102435;LAFARGE CIMENTS;2013;Air;Oxydes d'azote (NOx/NO2);1240000;kg/an
0006102435;LAFARGE CIMENTS;2013;Air;Dioxyde de carbone (CO2) d'origine non biomasse;473000000;kg/an
0006102435;LAFARGE CIMENTS;2013;Air;Dioxyde de carbone (CO2) total (d'origine biomasse et non biomasse);492000000;kg/an
0006102435;LAFARGE CIMENTS;2013;Air;Dioxyde de carbone (CO2) d'origine biomasse;19100000;kg/an
0006003649;SDCL/DALKIA FRANCE;2013;Air;Dioxyde de carbone (CO2) total (d'origine biomasse et non biomasse);81200000;kg/an
0006003649;SDCL/DALKIA FRANCE;2013;Air;Dioxyde de carbone (CO2) d'origine biomasse;81200000;kg/an
0006102443;FABRICATION CHIMIQUE ARDECHOISE;2013;Air;Composés organiques volatils non méthaniques (COVNM);69900;kg/an
0006101980;FERROPEM;2013;Air;Oxydes de soufre (SOx/SO2);257000;kg/an
0006102443;FABRICATION CHIMIQUE ARDECHOISE;2013;Air;Hydroflurocarbures (HFC);2240;kg/an
0006101980;FERROPEM;2013;Air;Oxydes d'azote (NOx/NO2);270000;kg/an
0006102447;UNION DES DISTILLERIE DE LA MEDITERRANEE;2013;Air;Dioxyde de carbone (CO2) total (d'origine biomasse et non biomasse);17200000;kg/an
0006102447;UNION DES DISTILLERIE DE LA MEDITERRANEE;2013;Air;Dioxyde de carbone (CO2) d'origine biomasse;17200000;kg/an
0006101980;FERROPEM;2013;Air;Dioxyde de carbone (CO2) d'origine non biomasse;152000000;kg/an
0006101980;FERROPEM;2013;Air;Dioxyde de carbone (CO2) total (d'origine biomasse et non biomasse);224000000;kg/an
0006101980;FERROPEM;2013;Air;Dioxyde de carbone (CO2) d'origine biomasse;71700000;kg/an
0006101989;KEM ONE BALAN;2013;Air;Chlorure de vinyle (chloroéthène);8690;kg/an
0006102463;JINWANG EUROPE;2013;Eau (direct);Cobalt et composés (exprimés en tant que Co);120;kg/an
0006102463;JINWANG EUROPE;2013;Eau (direct);Nickel et composés (exprimés en tant que Ni);405;kg/an
0006101989;KEM ONE BALAN;2013;Air;Dioxyde de carbone (CO2) d'origine non biomasse;35000000;kg/an
0006102463;JINWANG EUROPE;2013;Eau (direct);Zinc et composés (exprimés en tant que Zn);225;kg/an
0006101989;KEM ONE BALAN;2013;Air;Dioxyde de carbone (CO2) total (d'origine biomasse et non biomasse);35000000;kg/an
0006102464;EURECAT FRANCE;2013;Air;Cobalt et composés (exprimés en tant que Co);17.3;kg/an
0006101989;KEM ONE BALAN;2013;Eau (direct);Chlorure de vinyle (chloroéthène);53.8;kg/an
0006102464;EURECAT FRANCE;2013;Air;Nickel et composés (exprimés en tant que Ni);54;kg/an
0006102002;SIDEFAGE;2013;Air;Dioxyde de carbone (CO2) d'origine non biomasse;46700000;kg/an
0006102464;EURECAT FRANCE;2013;Eau (direct);Nickel et composés (exprimés en tant que Ni);26.2;kg/an
0006102002;SIDEFAGE;2013;Air;Dioxyde de carbone (CO2) total (d'origine biomasse et non biomasse);107000000;kg/an
0006102492;thierry gensel;2013;Eau (indirect);Chrome et composés (exprimés en tant que Cr);50;kg/an
0006102002;SIDEFAGE;2013;Air;Dioxyde de carbone (CO2) d'origine biomasse;60800000;kg/an
0006102495;GRTGAZ La Bégude;2013;Air;Méthane (CH4);112000;kg/an
0006102026;Chaufferie de La Reyssouze;2013;Air;Dioxyde de carbone (CO2) d'origine non biomasse;10600000;kg/an
0006102026;Chaufferie de La Reyssouze;2013;Air;Dioxyde de carbone (CO2) total (d'origine biomasse et non biomasse);10600000;kg/an
0006102027;Abattoirs des Crêts;2013;Air;Hydroflurocarbures (HFC);262;kg/an
0006102509;MARKEM-IMAJE INDUSTRIES;2013;Air;Composés organiques volatils non méthaniques (COVNM);36200;kg/an
0006102027;Abattoirs des Crêts;2013;Eau (indirect);Demande biologique en oxygène (DBO5);122000;kg/an
0006102027;Abattoirs des Crêts;2013;Eau (indirect);Demande chimique en oxygène (DCO);239000;kg/an
0006102564;BOIRON FAUGIER G.I.E;2013;Eau (indirect);Demande biologique en oxygène (DBO5);50700;kg/an
0006102031;ARCELOR MITTAL WIRE FRANCE;2013;Air;Chlore et composés inorganiques (en tant que HCl);30500;kg/an
0006102031;ARCELOR MITTAL WIRE FRANCE;2013;Air;Plomb et composés (exprimés en tant que Pb);525;kg/an
0006102031;ARCELOR MITTAL WIRE FRANCE;2013;Air;Zinc et composés (exprimés en tant que Zn);213;kg/an
0006102585;SAICA PAPER EL (EX EMIN LEYDIER );2013;Air;Oxydes d'azote (NOx/NO2);121000;kg/an
0006102031;ARCELOR MITTAL WIRE FRANCE;2013;Eau (direct);Plomb et composés (exprimés en tant que Pb);99;kg/an
0006102585;SAICA PAPER EL (EX EMIN LEYDIER );2013;Air;Dioxyde de carbone (CO2) d'origine non biomasse;115000000;kg/an
0006102585;SAICA PAPER EL (EX EMIN LEYDIER );2013;Air;Dioxyde de carbone (CO2) total (d'origine biomasse et non biomasse);115000000;kg/an
0006102031;ARCELOR MITTAL WIRE FRANCE;2013;Eau (direct);Zinc et composés (exprimés en tant que Zn);278;kg/an
0006102585;SAICA PAPER EL (EX EMIN LEYDIER );2013;Eau (direct);Demande chimique en oxygène (DCO);380000;kg/an
0006102585;SAICA PAPER EL (EX EMIN LEYDIER );2013;Eau (direct);Phénols (en tant que C total);29.6;kg/an
0006102064;BALL AEROSOL PACKAGING;2013;Air;Composés organiques volatils non méthaniques (COVNM);44300;kg/an
0006102595;ETEX FRANCE BUILDING PERFORMANCE;2013;Air;Composés organiques volatils non méthaniques (COVNM);161000;kg/an
0006102650;COMURHEX PIERRELATTE;2013;Air;Hydrochlorofluorocarbures (HCFC);461;kg/an
0006102079;CHIMICOLOR;2013;Air;Tétrachloroéthylène (PER, tétrachloroéthylène);3110;kg/an
0006102080;CHARDON ET COUCHOUD;2013;Eau (direct);Nickel et composés (exprimés en tant que Ni);27.8;kg/an
0006102651;Orano Cycle Etablissement Ticastin - INB 155;2013;Air;Hydrochlorofluorocarbures (HCFC);2.2;kg/an
0006102081;HEXCEL COMPOSITES SA;2013;Air;Composés organiques volatils non méthaniques (COVNM);193000;kg/an
0006102081;HEXCEL COMPOSITES SA;2013;Air;Dichlorométhane (DCM, chlorure de méthylène);96700;kg/an
0006102695;TANNERIES ROUX;2013;Eau (indirect);Chrome et composés (exprimés en tant que Cr);103;kg/an
0006102089;STORENGY;2013;Air;Composés organiques volatils non méthaniques (COVNM);42300;kg/an
0006102695;TANNERIES ROUX;2013;Eau (indirect);Demande biologique en oxygène (DBO5);117000;kg/an
0006102695;TANNERIES ROUX;2013;Eau (indirect);Demande chimique en oxygène (DCO);287000;kg/an
0006102089;STORENGY;2013;Air;Méthane (CH4);307000;kg/an
0006102720;ABRISO FRANCE;2013;Air;Composés organiques volatils non méthaniques (COVNM);168000;kg/an
0006102089;STORENGY;2013;Air;Oxydes d'azote (NOx/NO2);102000;kg/an
0006102089;STORENGY;2013;Air;Dioxyde de carbone (CO2) d'origine non biomasse;34200000;kg/an
0006102753;STORENGY;2013;Air;Méthane (CH4);192000;kg/an
0006102089;STORENGY;2013;Air;Dioxyde de carbone (CO2) total (d'origine biomasse et non biomasse);34200000;kg/an
0006102124;VERALLIA Lagnieu;2013;Air;Oxydes de soufre (SOx/SO2);539000;kg/an
0006102760;AGRANA FRUIT FRANCE;2013;Eau (indirect);Demande biologique en oxygène (DBO5);153000;kg/an
0006102760;AGRANA FRUIT FRANCE;2013;Eau (indirect);Demande chimique en oxygène (DCO);318000;kg/an
0006102124;VERALLIA Lagnieu;2013;Air;Oxydes d'azote (NOx/NO2);365000;kg/an
0006102124;VERALLIA Lagnieu;2013;Air;Vanadium et ses composés;11.6;kg/an
0006102767;POLYTECHNYL (ex RHODIA);2013;Air;Dioxyde de carbone (CO2) d'origine non biomasse;11900000;kg/an
0006102124;VERALLIA Lagnieu;2013;Air;Dioxyde de carbone (CO2) d'origine non biomasse;119000000;kg/an
0006102767;POLYTECHNYL (ex RHODIA);2013;Air;Dioxyde de carbone (CO2) total (d'origine biomasse et non biomasse);11900000;kg/an
0006102124;VERALLIA Lagnieu;2013;Air;Dioxyde de carbone (CO2) total (d'origine biomasse et non biomasse);119000000;kg/an
0006102767;POLYTECHNYL (ex RHODIA);2013;Eau (indirect);Demande biologique en oxygène (DBO5);144000;kg/an
0006102767;POLYTECHNYL (ex RHODIA);2013;Eau (indirect);Demande chimique en oxygène (DCO);390000;kg/an
0006102152;CARRIER SCS;2013;Air;Hydroflurocarbures (HFC);1750;kg/an
0006102778;Groupe Scapa France;2013;Air;Composés organiques volatils non méthaniques (COVNM);43300;kg/an
0006102179;VERNICOLOR;2013;Air;Composés organiques volatils non méthaniques (COVNM);37900;kg/an
0006102785;Chaufferie Dreyfus;2013;Air;Dioxyde de carbone (CO2) d'origine non biomasse;27300000;kg/an
0006102785;Chaufferie Dreyfus;2013;Air;Dioxyde de carbone (CO2) total (d'origine biomasse et non biomasse);27300000;kg/an
0006102201;WIENERBERGER SAS;2013;Air;Dioxyde de carbone (CO2) d'origine non biomasse;17700000;kg/an
0006102201;WIENERBERGER SAS;2013;Air;Dioxyde de carbone (CO2) total (d'origine biomasse et non biomasse);17700000;kg/an
0006102786;EUROPAGRO;2013;Air;Hydrochlorofluorocarbures (HCFC);210;kg/an
0006102218;LAMBERET;2013;Air;Composés organiques volatils non méthaniques (COVNM);117000;kg/an
0006102786;EUROPAGRO;2013;Eau (indirect);Demande biologique en oxygène (DBO5);55900;kg/an
0006102813;TRIVIUM ALUMINIUM PACKAGING France;2013;Air;Composés organiques volatils non méthaniques (COVNM);191000;kg/an
0006102245;TORAY FILMS EUROPE SAS;2013;Air;Dioxyde de carbone (CO2) d'origine non biomasse;28600000;kg/an
0006102819;G.T.A.;2013;Eau (indirect);Demande biologique en oxygène (DBO5);137000;kg/an
0006102819;G.T.A.;2013;Eau (indirect);Demande chimique en oxygène (DCO);318000;kg/an
0006102245;TORAY FILMS EUROPE SAS;2013;Air;Dioxyde de carbone (CO2) total (d'origine biomasse et non biomasse);28600000;kg/an
0006102822;PCAS - SEQENS;2013;Air;Composés organiques volatils non méthaniques (COVNM);145000;kg/an
0006102822;PCAS - SEQENS;2013;Eau (indirect);Demande biologique en oxygène (DBO5);101000;kg/an
0006102245;TORAY FILMS EUROPE SAS;2013;Eau (direct);Zinc et composés (exprimés en tant que Zn);116;kg/an
0006102822;PCAS - SEQENS;2013;Eau (indirect);Demande chimique en oxygène (DCO);168000;kg/an
0006102822;PCAS - SEQENS;2013;Eau (indirect);Toluène;846;kg/an
0006102261;XPO Supply chain France;2013;Air;Hydroflurocarbures (HFC);196;kg/an
0006102267;SIEGFRIED St Vulbas SAS;2013;Air;Composés organiques volatils non méthaniques (COVNM);57600;kg/an
0006102267;SIEGFRIED St Vulbas SAS;2013;Air;Dioxines et furanes (PCDD + PCDF) (exprimés en iTeq);0.00015;kg/an
0006102824;VICAT;2013;Air;Acide cyanhydrique (HCN);1770;kg/an
0006102824;VICAT;2013;Air;Ammoniac (NH3);24400;kg/an
0006102269;SPEICHIM PROCESSING S.A.;2013;Eau (indirect);Mercure et composés (exprimés en tant que Hg);1.48;kg/an
0006102824;VICAT;2013;Air;Benzène;11600;kg/an
0006102824;VICAT;2013;Air;Composés organiques volatils non méthaniques (COVNM);87300;kg/an
0006102272;Trédi Saint Vulbas;2013;Air;Tétrachloroéthylène (PER, tétrachloroéthylène);3100;kg/an
0006102824;VICAT;2013;Air;Monoxyde de carbone (CO);5140000;kg/an
0006102824;VICAT;2013;Air;Naphthalène;298;kg/an
0006102824;VICAT;2013;Air;Oxydes de soufre (SOx/SO2);920000;kg/an
0006102272;Trédi Saint Vulbas;2013;Air;Dioxyde de carbone (CO2) d'origine non biomasse;39900000;kg/an
0006102824;VICAT;2013;Air;Oxydes d'azote (NOx/NO2);1340000;kg/an
0006102824;VICAT;2013;Air;Dioxyde de carbone (CO2) d'origine non biomasse;811000000;kg/an
0006102957;COMPAGNIE DE CHAUFFAGE CCIAG;2013;Air;Chlore et composés inorganiques (en tant que HCl);18700;kg/an
0006102824;VICAT;2013;Air;Dioxyde de carbone (CO2) total (d'origine biomasse et non biomasse);879000000;kg/an
0006102824;VICAT;2013;Air;Dioxyde de carbone (CO2) d'origine biomasse;67300000;kg/an
0006102824;VICAT;2013;Eau (direct);Cadmium et composés (exprimés en tant que Cd);1.8;kg/an
0006102832;Carrières et Chaux Balthazar et Cotte La Buisse;2013;Air;Dioxyde de carbone (CO2) d'origine non biomasse;83100000;kg/an
0006102832;Carrières et Chaux Balthazar et Cotte La Buisse;2013;Air;Dioxyde de carbone (CO2) total (d'origine biomasse et non biomasse);83100000;kg/an
0006102957;COMPAGNIE DE CHAUFFAGE CCIAG;2013;Air;Protoxyde d'azote (N2O);14100;kg/an
0006102835;ONYX AUVERGNE RHONE ALPES;2013;Air;Méthane (CH4);289000;kg/an
0006102957;COMPAGNIE DE CHAUFFAGE CCIAG;2013;Air;Dioxyde de carbone (CO2) d'origine non biomasse;73600000;kg/an
0006102957;COMPAGNIE DE CHAUFFAGE CCIAG;2013;Air;Dioxyde de carbone (CO2) total (d'origine biomasse et non biomasse);114000000;kg/an
0006102843;AVERY DENNISON MATERIALS France;2013;Air;Composés organiques volatils non méthaniques (COVNM);41300;kg/an
0006102957;COMPAGNIE DE CHAUFFAGE CCIAG;2013;Air;Dioxyde de carbone (CO2) d'origine biomasse;40100000;kg/an
0006102962;UMICORE SPECIALTY POWDERS FRANCE;2013;Air;Cobalt et composés (exprimés en tant que Co);6.3;kg/an
0006102962;UMICORE SPECIALTY POWDERS FRANCE;2013;Eau (indirect);Cobalt et composés (exprimés en tant que Co);345;kg/an
0006102850;FREGATA HYGIENE;2013;Air;Dioxyde de carbone (CO2) d'origine non biomasse;10300000;kg/an
0006102850;FREGATA HYGIENE;2013;Air;Dioxyde de carbone (CO2) total (d'origine biomasse et non biomasse);10300000;kg/an
0006102962;UMICORE SPECIALTY POWDERS FRANCE;2013;Eau (indirect);Cuivre et composés (exprimés en tant que Cu);138;kg/an
0006102857;FINORGA-NOVASEP;2013;Air;Composés organiques volatils non méthaniques (COVNM);72400;kg/an
0006102965;CEA GRENOBLE;2013;Air;Hexafluorure de soufre (SF6);36;kg/an
0006102857;FINORGA-NOVASEP;2013;Air;Dichlorométhane (DCM, chlorure de méthylène);12000;kg/an
0006102859;SIRA;2013;Eau (direct);Cadmium et composés (exprimés en tant que Cd);1.74;kg/an
0006102859;SIRA;2013;Eau (direct);Nickel et composés (exprimés en tant que Ni);134;kg/an
0006102965;CEA GRENOBLE;2013;Air;Hydrochlorofluorocarbures (HCFC);229;kg/an
0006102859;SIRA;2013;Eau (direct);Zinc et composés (exprimés en tant que Zn);245;kg/an
0006102965;CEA GRENOBLE;2013;Air;Hydroflurocarbures (HFC);662;kg/an
0006102965;CEA GRENOBLE;2013;Air;Perfluorocarbures (PFC);331;kg/an
0006102870;WINOA;2013;Air;Hydrocarbures aromatiques polycycliques (HAP);78.9;kg/an
0006102982;SOCIETE J. CARREL SA;2013;Air;Hydrochlorofluorocarbures (HCFC);80;kg/an
0006102870;WINOA;2013;Air;Zinc et composés (exprimés en tant que Zn);378;kg/an
0006102870;WINOA;2013;Air;Dioxyde de carbone (CO2) d'origine non biomasse;19000000;kg/an
0006102870;WINOA;2013;Air;Dioxyde de carbone (CO2) total (d'origine biomasse et non biomasse);19000000;kg/an
0006102982;SOCIETE J. CARREL SA;2013;Air;Hydroflurocarbures (HFC);562;kg/an
0006102870;WINOA;2013;Eau (direct);Plomb et composés (exprimés en tant que Pb);25.1;kg/an
0006102870;WINOA;2013;Eau (direct);Zinc et composés (exprimés en tant que Zn);101;kg/an
0006102993;ARKEMA;2013;Air;Composés organiques volatils non méthaniques (COVNM);59900;kg/an
0006102993;ARKEMA;2013;Air;Hydrochlorofluorocarbures (HCFC);35;kg/an
0006102993;ARKEMA;2013;Air;Hydroflurocarbures (HFC);208;kg/an
0006102885;ST MICROELECTRONICS;2013;Air;Composés organiques volatils non méthaniques (COVNM);103000;kg/an
0006102885;ST MICROELECTRONICS;2013;Air;Hexafluorure de soufre (SF6);42;kg/an
0006102993;ARKEMA;2013;Air;Mercure et composés (exprimés en tant que Hg);48.6;kg/an
0006102885;ST MICROELECTRONICS;2013;Air;Hydroflurocarbures (HFC);181;kg/an
0006102993;ARKEMA;2013;Air;Dioxyde de carbone (CO2) d'origine non biomasse;51000000;kg/an
0006102885;ST MICROELECTRONICS;2013;Air;Perfluorocarbures (PFC);2090;kg/an
0006102885;ST MICROELECTRONICS;2013;Air;Sulfonate de perfluorooctane (SPFO);0.03;kg/an
0006102993;ARKEMA;2013;Air;Dioxyde de carbone (CO2) total (d'origine biomasse et non biomasse);51000000;kg/an
0006102885;ST MICROELECTRONICS;2013;Eau (direct);Cuivre et composés (exprimés en tant que Cu);113;kg/an
0006102885;ST MICROELECTRONICS;2013;Eau (direct);Fluorures (en tant que F total);14400;kg/an
0006102993;ARKEMA;2013;Eau (direct);1,2-dichloroéthane (DCE - chlorure d'éthylène);136;kg/an
0006102887;USINE DE CROLLES;2013;Eau (indirect);Demande biologique en oxygène (DBO5);183000;kg/an
0006102887;USINE DE CROLLES;2013;Eau (indirect);Demande chimique en oxygène (DCO);417000;kg/an
0006102923;COMPAGNIE DE CHAUFFAGE CCIAG;2013;Air;Oxydes de soufre (SOx/SO2);227000;kg/an
0006102993;ARKEMA;2013;Eau (direct);Azote total;71700;kg/an
0006102923;COMPAGNIE DE CHAUFFAGE CCIAG;2013;Air;Oxydes d'azote (NOx/NO2);123000;kg/an
0006102923;COMPAGNIE DE CHAUFFAGE CCIAG;2013;Air;Dioxyde de carbone (CO2) d'origine non biomasse;47700000;kg/an
0006102923;COMPAGNIE DE CHAUFFAGE CCIAG;2013;Air;Dioxyde de carbone (CO2) total (d'origine biomasse et non biomasse);96100000;kg/an
0006102993;ARKEMA;2013;Eau (direct);Carbone organique total (en tant que C total ou DCO/3);67100;kg/an
0006102923;COMPAGNIE DE CHAUFFAGE CCIAG;2013;Air;Dioxyde de carbone (CO2) d'origine biomasse;48400000;kg/an
0006102993;ARKEMA;2013;Eau (direct);Chloroforme (trichlorométhane);34;kg/an
0006102993;ARKEMA;2013;Eau (direct);Chlorures (en tant que Cl total);9870000;kg/an
0006102925;Gilibert Industries;2013;Sol;Biphényles polychlorés (PCB);1;kg/an
0006102993;ARKEMA;2013;Eau (direct);Composés organohalogénés (exprimés en tant que AOX);2860;kg/an
0006102939;AMCOR FLEXIBLES PACKAGING FRANCE;2013;Air;Composés organiques volatils non méthaniques (COVNM);446000;kg/an
0006102993;ARKEMA;2013;Eau (direct);Demande chimique en oxygène (DCO);315000;kg/an
0006102945;SIEMENS SAS Grenoble;2013;Air;Hexafluorure de soufre (SF6);328;kg/an
0006102993;ARKEMA;2013;Eau (direct);Fer et composés (exprimés en tant que Fe);3110;kg/an
0006102993;ARKEMA;2013;Eau (direct);Manganèse et composés (exprimés en tant que Mn);3380;kg/an
0006102993;ARKEMA;2013;Eau (direct);Mercure et composés (exprimés en tant que Hg);25.4;kg/an
0006102993;ARKEMA;2013;Eau (direct);Trichlorobenzènes (TCB) (tous les isomères);18;kg/an
0006102993;ARKEMA;2013;Eau (direct);Tétrachloroéthylène (PER, tétrachloroéthylène);18;kg/an
0006102993;ARKEMA;2013;Eau (direct);Tétrachlorométhane (TCM, tétrachlorure de carbone);20;kg/an
0006102993;ARKEMA;2013;Eau (direct);Zinc et composés (exprimés en tant que Zn);1110;kg/an
0006103523;OI FRANCE SAS;2013;Air;Vanadium et ses composés;18.5;kg/an
0006102995;Framatome Jarrie;2013;Eau (direct);Nickel et composés (exprimés en tant que Ni);22;kg/an
0006103523;OI FRANCE SAS;2013;Air;Dioxyde de carbone (CO2) d'origine non biomasse;72800000;kg/an
0006103523;OI FRANCE SAS;2013;Air;Dioxyde de carbone (CO2) total (d'origine biomasse et non biomasse);72800000;kg/an
0006102997;FERROPEM;2013;Air;Oxydes de soufre (SOx/SO2);497000;kg/an
0006103556;AVERY-DENISSON MATERIALS FRANCE;2013;Air;Composés organiques volatils non méthaniques (COVNM);67500;kg/an
0006103570;Bron - ELM OPERATIONS;2013;Air;Dioxyde de carbone (CO2) d'origine non biomasse;14100000;kg/an
0006103570;Bron - ELM OPERATIONS;2013;Air;Dioxyde de carbone (CO2) total (d'origine biomasse et non biomasse);14100000;kg/an
0006102997;FERROPEM;2013;Air;Dioxyde de carbone (CO2) d'origine non biomasse;153000000;kg/an
0006102997;FERROPEM;2013;Air;Dioxyde de carbone (CO2) total (d'origine biomasse et non biomasse);233000000;kg/an
0006102997;FERROPEM;2013;Air;Dioxyde de carbone (CO2) d'origine biomasse;80300000;kg/an
0006103586;LAFARGE CIMENTS;2013;Air;Benzène;1090;kg/an
0006103013;BATH Toilettes et accessoires ALLIBERT TS;2013;Air;Composés organiques volatils non méthaniques (COVNM);53400;kg/an
0006103586;LAFARGE CIMENTS;2013;Air;Oxydes d'azote (NOx/NO2);604000;kg/an
0006103586;LAFARGE CIMENTS;2013;Air;Dioxyde de carbone (CO2) d'origine non biomasse;249000000;kg/an
0006103586;LAFARGE CIMENTS;2013;Air;Dioxyde de carbone (CO2) total (d'origine biomasse et non biomasse);266000000;kg/an
0006103032;REXOR;2013;Air;Composés organiques volatils non méthaniques (COVNM);99900;kg/an
0006103586;LAFARGE CIMENTS;2013;Air;Dioxyde de carbone (CO2) d'origine biomasse;17500000;kg/an
0006103048;RHODIA OPERATIONS;2013;Air;Oxydes d'azote (NOx/NO2);288000;kg/an
0006103048;RHODIA OPERATIONS;2013;Air;Protoxyde d'azote (N2O);13000;kg/an
0006103596;RHODIA OPERATIONS;2013;Air;Oxydes d'azote (NOx/NO2);128000;kg/an
0006103048;RHODIA OPERATIONS;2013;Air;Dioxyde de carbone (CO2) d'origine non biomasse;277000000;kg/an
0006103596;RHODIA OPERATIONS;2013;Air;Dioxyde de carbone (CO2) d'origine non biomasse;111000000;kg/an
0006103596;RHODIA OPERATIONS;2013;Air;Dioxyde de carbone (CO2) total (d'origine biomasse et non biomasse);111000000;kg/an
0006103048;RHODIA OPERATIONS;2013;Air;Dioxyde de carbone (CO2) total (d'origine biomasse et non biomasse);277000000;kg/an
0006103596;RHODIA OPERATIONS;2013;Eau (direct);Sulfates;53800000;kg/an
0006103643;BioMerieux SA;2013;Air;Hydrochlorofluorocarbures (HCFC);26;kg/an
0006103062;AHLSTROM  MUNKSJO LA GERE;2013;Air;Dioxyde de carbone (CO2) d'origine non biomasse;41600000;kg/an
0006103643;BioMerieux SA;2013;Air;Hydroflurocarbures (HFC);160;kg/an
0006103062;AHLSTROM  MUNKSJO LA GERE;2013;Air;Dioxyde de carbone (CO2) total (d'origine biomasse et non biomasse);41600000;kg/an
0006103644;SANOFI PASTEUR MARCY;2013;Air;Hydrochlorofluorocarbures (HCFC);40;kg/an
0006103644;SANOFI PASTEUR MARCY;2013;Air;Hydroflurocarbures (HFC);1130;kg/an
0006103087;KNAUF CENTRE EST - St André le Gaz;2013;Air;Composés organiques volatils non méthaniques (COVNM);139000;kg/an
0006103644;SANOFI PASTEUR MARCY;2013;Air;Dioxyde de carbone (CO2) d'origine non biomasse;27500000;kg/an
0006103644;SANOFI PASTEUR MARCY;2013;Air;Dioxyde de carbone (CO2) total (d'origine biomasse et non biomasse);27500000;kg/an
0006103108;VICAT;2013;Air;Oxydes d'azote (NOx/NO2);318000;kg/an
0006103108;VICAT;2013;Air;Dioxyde de carbone (CO2) d'origine non biomasse;182000000;kg/an
0006103657;SNCF - TECHNICENTRE INDUSTRIEL D'OULLINS;2013;Eau (indirect);Cuivre et composés (exprimés en tant que Cu);83.2;kg/an
0006103108;VICAT;2013;Air;Dioxyde de carbone (CO2) total (d'origine biomasse et non biomasse);193000000;kg/an
0006103663;SANOFI PASTEUR NVL;2013;Air;Composés organiques volatils non méthaniques (COVNM);353000;kg/an
0006103663;SANOFI PASTEUR NVL;2013;Air;Dioxyde de carbone (CO2) d'origine non biomasse;14300000;kg/an
0006103108;VICAT;2013;Air;Dioxyde de carbone (CO2) d'origine biomasse;11000000;kg/an
0006103663;SANOFI PASTEUR NVL;2013;Air;Dioxyde de carbone (CO2) total (d'origine biomasse et non biomasse);14300000;kg/an
0006103663;SANOFI PASTEUR NVL;2013;Eau (direct);1,2-dichloroéthane (DCE - chlorure d'éthylène);14.6;kg/an
0006103134;VICAT SA;2013;Air;Dioxyde de carbone (CO2) d'origine non biomasse;27400000;kg/an
0006103663;SANOFI PASTEUR NVL;2013;Eau (direct);Arsenic et composés (exprimés en tant que As);45.5;kg/an
0006103663;SANOFI PASTEUR NVL;2013;Eau (direct);Cadmium et composés (exprimés en tant que Cd);1.31;kg/an
0006103134;VICAT SA;2013;Air;Dioxyde de carbone (CO2) total (d'origine biomasse et non biomasse);27400000;kg/an
0006103663;SANOFI PASTEUR NVL;2013;Eau (direct);Chloroforme (trichlorométhane);61.3;kg/an
0006103663;SANOFI PASTEUR NVL;2013;Eau (direct);Composés organohalogénés (exprimés en tant que AOX);1000;kg/an
0006103136;Bourbon Automotive Plastics - Site de Saint Marcellin;2013;Air;Composés organiques volatils non méthaniques (COVNM);68100;kg/an
0006103663;SANOFI PASTEUR NVL;2013;Eau (direct);Dichlorométhane (DCM, chlorure de méthylène);93;kg/an
0006103663;SANOFI PASTEUR NVL;2013;Eau (direct);Manganèse et composés (exprimés en tant que Mn);513;kg/an
0006103663;SANOFI PASTEUR NVL;2013;Eau (direct);Phénols (en tant que C total);539;kg/an
0006103165;SNAM (Société Nouvelle d'Affinage Métaux;2013;Air;Dioxines et furanes (PCDD + PCDF) (exprimés en iTeq);0.000247;kg/an
0006103685;ARKEMA FRANCE;2013;Air;1,1,1-trichloroéthane (TCE);4410;kg/an
0006103167;Lely Environnement;2013;Eau (indirect);Arsenic et composés (exprimés en tant que As);5.81;kg/an
0006103685;ARKEMA FRANCE;2013;Air;Chlorofluorocarbures (CFC);117;kg/an
0006103685;ARKEMA FRANCE;2013;Air;Composés organiques volatils non méthaniques (COVNM);87400;kg/an
0006103685;ARKEMA FRANCE;2013;Air;Hydrochlorofluorocarbures (HCFC);45400;kg/an
0006103685;ARKEMA FRANCE;2013;Air;Hydroflurocarbures (HFC);16700;kg/an
0006103189;EUROFLOAT;2013;Air;Cobalt et composés (exprimés en tant que Co);7.02;kg/an
0006103685;ARKEMA FRANCE;2013;Air;Halons;2200;kg/an
0006103685;ARKEMA FRANCE;2013;Air;Dioxyde de carbone (CO2) d'origine non biomasse;45100000;kg/an
0006103189;EUROFLOAT;2013;Air;Manganèse et composés (exprimés en tant que Mn);285;kg/an
0006103685;ARKEMA FRANCE;2013;Air;Dioxyde de carbone (CO2) total (d'origine biomasse et non biomasse);45100000;kg/an
0006103685;ARKEMA FRANCE;2013;Eau (direct);Aluminium et composés (exprimés en tant que Al);25800;kg/an
0006103189;EUROFLOAT;2013;Air;Oxydes de soufre (SOx/SO2);270000;kg/an
0006103685;ARKEMA FRANCE;2013;Eau (direct);Arsenic et composés (exprimés en tant que As);57.5;kg/an
0006103685;ARKEMA FRANCE;2013;Eau (direct);Chloroforme (trichlorométhane);23.1;kg/an
0006103189;EUROFLOAT;2013;Air;Oxydes d'azote (NOx/NO2);453000;kg/an
0006103685;ARKEMA FRANCE;2013;Eau (direct);Chlorures (en tant que Cl total);15000000;kg/an
0006103685;ARKEMA FRANCE;2013;Eau (direct);Chrome et composés (exprimés en tant que Cr);249;kg/an
0006103189;EUROFLOAT;2013;Air;Dioxyde de carbone (CO2) d'origine non biomasse;107000000;kg/an
0006103685;ARKEMA FRANCE;2013;Eau (direct);Cuivre et composés (exprimés en tant que Cu);220;kg/an
0006103685;ARKEMA FRANCE;2013;Eau (direct);Dichlorométhane (DCM, chlorure de méthylène);16.9;kg/an
0006103189;EUROFLOAT;2013;Air;Dioxyde de carbone (CO2) total (d'origine biomasse et non biomasse);107000000;kg/an
0006103685;ARKEMA FRANCE;2013;Eau (direct);Fer et composés (exprimés en tant que Fe);47000;kg/an
0006103685;ARKEMA FRANCE;2013;Eau (direct);Fluorures (en tant que F total);24800;kg/an
0006103685;ARKEMA FRANCE;2013;Eau (direct);Manganèse et composés (exprimés en tant que Mn);2530;kg/an
0006103190;TREDI;2013;Air;Antimoine et composés (exprimés en tant que Sb);10.7;kg/an
0006103685;ARKEMA FRANCE;2013;Eau (direct);Matières en suspension (MES);2410000;kg/an
0006103685;ARKEMA FRANCE;2013;Eau (direct);Nickel et composés (exprimés en tant que Ni);55.6;kg/an
0006103190;TREDI;2013;Air;Mercure et composés (exprimés en tant que Hg);34.7;kg/an
0006103685;ARKEMA FRANCE;2013;Eau (direct);Plomb et composés (exprimés en tant que Pb);26.2;kg/an
0006103685;ARKEMA FRANCE;2013;Eau (direct);Zinc et composés (exprimés en tant que Zn);1890;kg/an
0006103190;TREDI;2013;Air;Oxydes d'azote (NOx/NO2);198000;kg/an
0006103699;EDILIANS ex IMERYS TC;2013;Air;Dioxyde de carbone (CO2) d'origine non biomasse;15800000;kg/an
0006103699;EDILIANS ex IMERYS TC;2013;Air;Dioxyde de carbone (CO2) total (d'origine biomasse et non biomasse);15800000;kg/an
0006103190;TREDI;2013;Air;Dioxyde de carbone (CO2) d'origine non biomasse;207000000;kg/an
0006103190;TREDI;2013;Air;Dioxyde de carbone (CO2) total (d'origine biomasse et non biomasse);238000000;kg/an
0006103714;Air Liquide France Industrie;2013;Air;Dioxyde de carbone (CO2) d'origine non biomasse;185000000;kg/an
0006103714;Air Liquide France Industrie;2013;Air;Dioxyde de carbone (CO2) total (d'origine biomasse et non biomasse);185000000;kg/an
0006103190;TREDI;2013;Air;Dioxyde de carbone (CO2) d'origine biomasse;30700000;kg/an
0006103718;STEP St-Fons Grand Lyon;2013;Air;Protoxyde d'azote (N2O);11300;kg/an
0006103190;TREDI;2013;Eau (direct);Arsenic et composés (exprimés en tant que As);41.9;kg/an
0006103721;Polytechnyl;2013;Eau (direct);Demande biologique en oxygène (DBO5);142000;kg/an
0006103721;Polytechnyl;2013;Eau (direct);Demande chimique en oxygène (DCO);258000;kg/an
0006103190;TREDI;2013;Eau (direct);Cadmium et composés (exprimés en tant que Cd);7.47;kg/an
0006103190;TREDI;2013;Eau (direct);Chlorures (en tant que Cl total);4920000;kg/an
0006103723;GEPEIF STATION EPUR. DES INDUS;2013;Eau (direct);Carbone organique total (en tant que C total ou DCO/3);77200;kg/an
0006103190;TREDI;2013;Eau (direct);Fluorures (en tant que F total);12500;kg/an
0006103723;GEPEIF STATION EPUR. DES INDUS;2013;Eau (direct);Chlorures (en tant que Cl total);3240000;kg/an
0006103723;GEPEIF STATION EPUR. DES INDUS;2013;Eau (direct);Cobalt et composés (exprimés en tant que Co);282;kg/an
0006103190;TREDI;2013;Eau (direct);Mercure et composés (exprimés en tant que Hg);41.5;kg/an
0006103723;GEPEIF STATION EPUR. DES INDUS;2013;Eau (direct);Demande chimique en oxygène (DCO);347000;kg/an
0006103723;GEPEIF STATION EPUR. DES INDUS;2013;Eau (direct);Phosphore total;17300;kg/an
0006103190;TREDI;2013;Eau (direct);Nickel et composés (exprimés en tant que Ni);22.3;kg/an
0006103723;GEPEIF STATION EPUR. DES INDUS;2013;Eau (direct);Sulfates;8220000;kg/an
0006103190;TREDI;2013;Eau (direct);Plomb et composés (exprimés en tant que Pb);20.2;kg/an
0006103196;SUEZ RV CENTRE EST;2013;Air;Méthane (CH4);760000;kg/an
0006103724;KEM ONE ETABLISSEMENT DE SAINT FONS;2013;Air;Chlorure de vinyle (chloroéthène);12000;kg/an
0006103724;KEM ONE ETABLISSEMENT DE SAINT FONS;2013;Air;Hydroflurocarbures (HFC);229;kg/an
0006103196;SUEZ RV CENTRE EST;2013;Air;Dioxyde de carbone (CO2) total (d'origine biomasse et non biomasse);27400000;kg/an
0006103724;KEM ONE ETABLISSEMENT DE SAINT FONS;2013;Eau (direct);Chlorure de vinyle (chloroéthène);420;kg/an
0006103196;SUEZ RV CENTRE EST;2013;Air;Dioxyde de carbone (CO2) d'origine biomasse;27400000;kg/an
0006103725;POLYTECHNYL PI Belle-Etoile;2013;Air;Nickel et composés (exprimés en tant que Ni);206;kg/an
0006103198;CLEAN 69;2013;Eau (indirect);Di(2-éthylhexyle)phtalate (DEHP);3.95;kg/an
0006103213;SERGE FERRARI SAS;2013;Air;Composés organiques volatils non méthaniques (COVNM);60200;kg/an
0006103727;ELKEM SILICONES FRANCE SAS;2013;Air;Hydrochlorofluorocarbures (HCFC);22.1;kg/an
0006103727;ELKEM SILICONES FRANCE SAS;2013;Eau (direct);Cadmium et composés (exprimés en tant que Cd);8.53;kg/an
0006103219;ECL;2013;Air;Dioxyde de carbone (CO2) d'origine non biomasse;60700000;kg/an
0006103727;ELKEM SILICONES FRANCE SAS;2013;Eau (direct);Carbone organique total (en tant que C total ou DCO/3);64600;kg/an
0006103727;ELKEM SILICONES FRANCE SAS;2013;Eau (direct);Chlorures (en tant que Cl total);3210000;kg/an
0006103219;ECL;2013;Air;Dioxyde de carbone (CO2) total (d'origine biomasse et non biomasse);60700000;kg/an
0006103727;ELKEM SILICONES FRANCE SAS;2013;Eau (direct);Demande chimique en oxygène (DCO);282000;kg/an
0006103727;ELKEM SILICONES FRANCE SAS;2013;Eau (direct);Di(2-éthylhexyle)phtalate (DEHP);1.4;kg/an
0006103223;GRENOBLE-ALPES METROPOLE;2013;Air;Ammoniac (NH3);13200;kg/an
0006103727;ELKEM SILICONES FRANCE SAS;2013;Eau (direct);Fer et composés (exprimés en tant que Fe);4190;kg/an
0006103223;GRENOBLE-ALPES METROPOLE;2013;Air;Cobalt et composés (exprimés en tant que Co);15.5;kg/an
0006103731;RHODIA OPERATIONS;2013;Air;Composés organiques volatils non méthaniques (COVNM);178000;kg/an
0006103731;RHODIA OPERATIONS;2013;Air;Oxydes d'azote (NOx/NO2);141000;kg/an
0006103223;GRENOBLE-ALPES METROPOLE;2013;Air;Dioxyde de carbone (CO2) d'origine non biomasse;69200000;kg/an
0006103731;RHODIA OPERATIONS;2013;Air;Phénols (en tant que C total);1170;kg/an
0006103731;RHODIA OPERATIONS;2013;Air;Dioxyde de carbone (CO2) d'origine non biomasse;97600000;kg/an
0006103223;GRENOBLE-ALPES METROPOLE;2013;Air;Dioxyde de carbone (CO2) total (d'origine biomasse et non biomasse);159000000;kg/an
0006103731;RHODIA OPERATIONS;2013;Air;Dioxyde de carbone (CO2) total (d'origine biomasse et non biomasse);97600000;kg/an
0006103731;RHODIA OPERATIONS;2013;Eau (direct);Arsenic et composés (exprimés en tant que As);47.2;kg/an
0006103731;RHODIA OPERATIONS;2013;Eau (indirect);Carbone organique total (en tant que C total ou DCO/3);1130000;kg/an
0006103731;RHODIA OPERATIONS;2013;Eau (indirect);Demande chimique en oxygène (DCO);3300000;kg/an
0006103223;GRENOBLE-ALPES METROPOLE;2013;Air;Dioxyde de carbone (CO2) d'origine biomasse;90200000;kg/an
0006103731;RHODIA OPERATIONS;2013;Eau (direct);Manganèse et composés (exprimés en tant que Mn);1760;kg/an
0006103223;GRENOBLE-ALPES METROPOLE;2013;Eau (indirect);Arsenic et composés (exprimés en tant que As);5.22;kg/an
0006103731;RHODIA OPERATIONS;2013;Eau (indirect);Phénols (en tant que C total);70100;kg/an
0006103731;RHODIA OPERATIONS;2013;Eau (direct);Phénols (en tant que C total);350;kg/an
0006103244;CANDIA;2013;Sol;Phosphore total;9400;kg/an
0006103265;VICAT - PAPETERIES DE VIZILLE;2013;Eau (direct);Demande biologique en oxygène (DBO5);91700;kg/an
0006103735;EDILIANS;2013;Air;Dioxyde de carbone (CO2) d'origine non biomasse;32000000;kg/an
0006103265;VICAT - PAPETERIES DE VIZILLE;2013;Eau (direct);Demande chimique en oxygène (DCO);183000;kg/an
0006103735;EDILIANS;2013;Air;Dioxyde de carbone (CO2) total (d'origine biomasse et non biomasse);32000000;kg/an
0006103291;SNF SA ANDREZIEUX;2013;Air;Composés organiques volatils non méthaniques (COVNM);232000;kg/an
0006103291;SNF SA ANDREZIEUX;2013;Air;Hydroflurocarbures (HFC);1770;kg/an
0006103754;ADG;2013;Air;Composés organiques volatils non méthaniques (COVNM);175000;kg/an
0006103778;Incinérateur sur Station d'épuration de la ville de TARARE;2013;Eau (direct);Zinc et composés (exprimés en tant que Zn);105;kg/an
0006103291;SNF SA ANDREZIEUX;2013;Air;Dioxyde de carbone (CO2) d'origine non biomasse;43100000;kg/an
0006103291;SNF SA ANDREZIEUX;2013;Air;Dioxyde de carbone (CO2) total (d'origine biomasse et non biomasse);43100000;kg/an
0006103782;TEINTURERIES DE TARARE;2013;Eau (indirect);Demande biologique en oxygène (DBO5);67100;kg/an
0006103294;TECHNIQUES SURFACES ANDREZIEUX;2013;Eau (direct);Nickel et composés (exprimés en tant que Ni);22.9;kg/an
0006103782;TEINTURERIES DE TARARE;2013;Eau (indirect);Demande chimique en oxygène (DCO);170000;kg/an
0006103344;SDCF;2013;Air;Dioxyde de carbone (CO2) d'origine non biomasse;23600000;kg/an
0006103344;SDCF;2013;Air;Dioxyde de carbone (CO2) total (d'origine biomasse et non biomasse);23600000;kg/an
0006103810;Vaulx en Velin Villeurbanne Energies;2013;Air;Dioxyde de carbone (CO2) d'origine non biomasse;31400000;kg/an
0006103810;Vaulx en Velin Villeurbanne Energies;2013;Air;Dioxyde de carbone (CO2) total (d'origine biomasse et non biomasse);31400000;kg/an
0006103346;COVERIS FLEXIBLE FRANCE  (EX.BRITTON);2013;Air;Composés organiques volatils non méthaniques (COVNM);136000;kg/an
0006103348;AUBERT ET DUVAL;2013;Air;Dioxyde de carbone (CO2) d'origine non biomasse;16700000;kg/an
0006103839;SAVOIE REFRACTAIRES;2013;Eau (indirect);Mercure et composés (exprimés en tant que Hg);2.51;kg/an
0006103348;AUBERT ET DUVAL;2013;Air;Dioxyde de carbone (CO2) total (d'origine biomasse et non biomasse);16700000;kg/an
0006103381;INDUSTEEL FRANCE;2013;Air;Zinc et composés (exprimés en tant que Zn);263;kg/an
0006103843;VENISSIEUX ENERGIES;2013;Air;Dioxyde de carbone (CO2) d'origine non biomasse;31800000;kg/an
0006103843;VENISSIEUX ENERGIES;2013;Air;Dioxyde de carbone (CO2) total (d'origine biomasse et non biomasse);58700000;kg/an
0006103381;INDUSTEEL FRANCE;2013;Air;Dioxyde de carbone (CO2) d'origine non biomasse;38600000;kg/an
0006103843;VENISSIEUX ENERGIES;2013;Air;Dioxyde de carbone (CO2) d'origine biomasse;26900000;kg/an
0006103381;INDUSTEEL FRANCE;2013;Air;Dioxyde de carbone (CO2) total (d'origine biomasse et non biomasse);38600000;kg/an
0006103394;SOFIDEL FRANCE;2013;Air;Dioxyde de carbone (CO2) d'origine non biomasse;12100000;kg/an
0006103844;RENAULT TRUCKS SAS;2013;Air;Hydrochlorofluorocarbures (HCFC);87.3;kg/an
0006103844;RENAULT TRUCKS SAS;2013;Air;Dioxyde de carbone (CO2) d'origine non biomasse;22700000;kg/an
0006103394;SOFIDEL FRANCE;2013;Air;Dioxyde de carbone (CO2) total (d'origine biomasse et non biomasse);12100000;kg/an
0006103844;RENAULT TRUCKS SAS;2013;Air;Dioxyde de carbone (CO2) total (d'origine biomasse et non biomasse);22700000;kg/an
0006103396;M.F.DES PNEUMATIQUES MICHELIN;2013;Air;Composés organiques volatils non méthaniques (COVNM);112000;kg/an
0006103851;TOKAI CARBON SAVOIE;2013;Air;Composés organiques volatils non méthaniques (COVNM);37200;kg/an
0006103851;TOKAI CARBON SAVOIE;2013;Air;Hydrocarbures aromatiques polycycliques (HAP);1280;kg/an
0006103851;TOKAI CARBON SAVOIE;2013;Air;Dioxyde de carbone (CO2) d'origine non biomasse;18000000;kg/an
0006103396;M.F.DES PNEUMATIQUES MICHELIN;2013;Air;Dioxyde de carbone (CO2) d'origine non biomasse;10900000;kg/an
0006103851;TOKAI CARBON SAVOIE;2013;Air;Dioxyde de carbone (CO2) total (d'origine biomasse et non biomasse);18000000;kg/an
0006103856;IFP ENERGIES NOUVELLES ETS DE LYON;2013;Air;Hydroflurocarbures (HFC);121;kg/an
0006103396;M.F.DES PNEUMATIQUES MICHELIN;2013;Air;Dioxyde de carbone (CO2) total (d'origine biomasse et non biomasse);10900000;kg/an
0006103406;Les Eaux Minérales de Saint Alban;2013;Eau (indirect);Demande biologique en oxygène (DBO5);260000;kg/an
0006103875;TEINTURES ET IMPRESSIONS DE LYON;2013;Eau (indirect);Azote total;67700;kg/an
0006103406;Les Eaux Minérales de Saint Alban;2013;Eau (indirect);Demande chimique en oxygène (DCO);510000;kg/an
0006103875;TEINTURES ET IMPRESSIONS DE LYON;2013;Eau (indirect);Demande biologique en oxygène (DBO5);51500;kg/an
0006103875;TEINTURES ET IMPRESSIONS DE LYON;2013;Eau (indirect);Demande chimique en oxygène (DCO);218000;kg/an
0006103488;CHU HOPITAL NORD;2013;Air;Dioxyde de carbone (CO2) d'origine non biomasse;10200000;kg/an
0006103875;TEINTURES ET IMPRESSIONS DE LYON;2013;Eau (indirect);Nonylphénols et éthoxylates de nonylphénol (NP/NPE);2.19;kg/an
0006103879;SYTRAIVAL;2013;Air;Dioxyde de carbone (CO2) d'origine non biomasse;30100000;kg/an
0006103879;SYTRAIVAL;2013;Air;Dioxyde de carbone (CO2) total (d'origine biomasse et non biomasse);69900000;kg/an
0006103488;CHU HOPITAL NORD;2013;Air;Dioxyde de carbone (CO2) total (d'origine biomasse et non biomasse);10200000;kg/an
0006103879;SYTRAIVAL;2013;Air;Dioxyde de carbone (CO2) d'origine biomasse;39800000;kg/an
0006103908;GRID SOLUTIONS SAS;2013;Air;Hexafluorure de soufre (SF6);1120;kg/an
0006103493;VERALLIA FRANCE (ST GOBAIN EMBALLAGE);2013;Air;Arsenic et composés (exprimés en tant que As);20.7;kg/an
0006103493;VERALLIA FRANCE (ST GOBAIN EMBALLAGE);2013;Air;Chlore et composés inorganiques (en tant que HCl);11500;kg/an
0006103493;VERALLIA FRANCE (ST GOBAIN EMBALLAGE);2013;Air;Oxydes de soufre (SOx/SO2);194000;kg/an
0006103933;HIT TS;2013;Eau (indirect);Nickel et composés (exprimés en tant que Ni);21.8;kg/an
0006103493;VERALLIA FRANCE (ST GOBAIN EMBALLAGE);2013;Air;Oxydes d'azote (NOx/NO2);161000;kg/an
0006103493;VERALLIA FRANCE (ST GOBAIN EMBALLAGE);2013;Air;Dioxyde de carbone (CO2) d'origine non biomasse;64500000;kg/an
0006103970;GIFRER BARBEZAT;2013;Eau (indirect);Demande biologique en oxygène (DBO5);131000;kg/an
0006103493;VERALLIA FRANCE (ST GOBAIN EMBALLAGE);2013;Air;Dioxyde de carbone (CO2) total (d'origine biomasse et non biomasse);64500000;kg/an
0006103970;GIFRER BARBEZAT;2013;Eau (indirect);Demande chimique en oxygène (DCO);206000;kg/an
0006103499;BECKER INDUSTRIE;2013;Air;Composés organiques volatils non méthaniques (COVNM);146000;kg/an
0006103973;TOTAL RAFFINAGE France;2013;Air;Benzène;12700;kg/an
0006103973;TOTAL RAFFINAGE France;2013;Air;Composés organiques volatils non méthaniques (COVNM);862000;kg/an
0006103518;BODYCOTE (HIT);2013;Air;Tétrachloroéthylène (PER, tétrachloroéthylène);2930;kg/an
0006103973;TOTAL RAFFINAGE France;2013;Air;Hydrochlorofluorocarbures (HCFC);221;kg/an
0006103523;OI FRANCE SAS;2013;Air;Arsenic et composés (exprimés en tant que As);46.6;kg/an
0006103523;OI FRANCE SAS;2013;Air;Chlore et composés inorganiques (en tant que HCl);11600;kg/an
0006103973;TOTAL RAFFINAGE France;2013;Air;Hydroflurocarbures (HFC);578;kg/an
0006103973;TOTAL RAFFINAGE France;2013;Air;Monoxyde de carbone (CO);588000;kg/an
0006103523;OI FRANCE SAS;2013;Air;Oxydes de soufre (SOx/SO2);230000;kg/an
0006103973;TOTAL RAFFINAGE France;2013;Air;Oxydes de soufre (SOx/SO2);2030000;kg/an
0006103973;TOTAL RAFFINAGE France;2013;Air;Oxydes d'azote (NOx/NO2);942000;kg/an
0006103523;OI FRANCE SAS;2013;Air;Oxydes d'azote (NOx/NO2);270000;kg/an
0006103973;TOTAL RAFFINAGE France;2013;Air;Protoxyde d'azote (N2O);33500;kg/an
0006103973;TOTAL RAFFINAGE France;2013;Air;Dioxyde de carbone (CO2) d'origine non biomasse;1060000000;kg/an
0006104559;PERROTTON;2013;Air;Trichloréthylène;10400;kg/an
0006103973;TOTAL RAFFINAGE France;2013;Air;Dioxyde de carbone (CO2) total (d'origine biomasse et non biomasse);1060000000;kg/an
0006103973;TOTAL RAFFINAGE France;2013;Eau (direct);Aluminium et composés (exprimés en tant que Al);3730;kg/an
0006103973;TOTAL RAFFINAGE France;2013;Eau (direct);Arsenic et composés (exprimés en tant que As);23.4;kg/an
0006103973;TOTAL RAFFINAGE France;2013;Eau (direct);Benzène;295;kg/an
0006103973;TOTAL RAFFINAGE France;2013;Eau (direct);Cuivre et composés (exprimés en tant que Cu);499;kg/an
0006103973;TOTAL RAFFINAGE France;2013;Eau (direct);Demande chimique en oxygène (DCO);154000;kg/an
0006104565;SYND MIXTE DU LAC D ANNECY;2013;Air;Dioxyde de carbone (CO2) d'origine non biomasse;45100000;kg/an
0006103973;TOTAL RAFFINAGE France;2013;Eau (direct);Nickel et composés (exprimés en tant que Ni);33.5;kg/an
0006103973;TOTAL RAFFINAGE France;2013;Eau (direct);Phénols (en tant que C total);203;kg/an
0006103973;TOTAL RAFFINAGE France;2013;Eau (direct);Xylènes (somme ortho-xylène, méta-xylène, para-xylène);315;kg/an
0006104565;SYND MIXTE DU LAC D ANNECY;2013;Air;Dioxyde de carbone (CO2) total (d'origine biomasse et non biomasse);101000000;kg/an
0006104565;SYND MIXTE DU LAC D ANNECY;2013;Air;Dioxyde de carbone (CO2) d'origine biomasse;55600000;kg/an
0006104565;SYND MIXTE DU LAC D ANNECY;2013;Eau (indirect);Mercure et composés (exprimés en tant que Hg);1.95;kg/an
0006103974;RHONE GAZ;2013;Air;Composés organiques volatils non méthaniques (COVNM);61300;kg/an
0006104570;HACER TRAITEMENTS THERMIQUES;2013;Air;Tétrachloroéthylène (PER, tétrachloroéthylène);2970;kg/an
0006104577;HACER TRAITEMENTS DE SURFACE;2013;Air;Tétrachloroéthylène (PER, tétrachloroéthylène);3590;kg/an
0006103986;Emmanuel LASSEUR;2013;Air;Composés organiques volatils non méthaniques (COVNM);167000;kg/an
0006104577;HACER TRAITEMENTS DE SURFACE;2013;Eau (direct);Cuivre et composés (exprimés en tant que Cu);133;kg/an
0006104577;HACER TRAITEMENTS DE SURFACE;2013;Eau (direct);Nickel et composés (exprimés en tant que Ni);303;kg/an
0006103999;COATEX (USINE 1 LUMIERE);2013;Air;Acétaldéhyde (aldéhyde acétique  éthanal);1500;kg/an
0006104577;HACER TRAITEMENTS DE SURFACE;2013;Eau (direct);Zinc et composés (exprimés en tant que Zn);210;kg/an
0006103999;COATEX (USINE 1 LUMIERE);2013;Air;Hydrochlorofluorocarbures (HCFC);5;kg/an
0006104583;ALPINE ALUMINIUM;2013;Air;Composés organiques volatils non méthaniques (COVNM);69900;kg/an
0006104017;GAMBRO INDUSTRIE;2013;Eau (indirect);Demande biologique en oxygène (DBO5);49800;kg/an
0006104612;DELPHARM EX BAYER SANTE FAMILIALE S.A.S.;2013;Air;Hydroflurocarbures (HFC);194;kg/an
0006104025;MERCK SANTE;2013;Air;Composés organiques volatils non méthaniques (COVNM);38400;kg/an
0006104624;SIVOM DE LA REGION DE CLUSES;2013;Air;Dioxyde de carbone (CO2) d'origine non biomasse;15300000;kg/an
0006104026;L'Européenne d'Embouteillage;2013;Eau (indirect);Demande biologique en oxygène (DBO5);64100;kg/an
0006104624;SIVOM DE LA REGION DE CLUSES;2013;Air;Dioxyde de carbone (CO2) total (d'origine biomasse et non biomasse);35600000;kg/an
0006104624;SIVOM DE LA REGION DE CLUSES;2013;Air;Dioxyde de carbone (CO2) d'origine biomasse;20300000;kg/an
0006104046;Chaufferie des Semailles à Rillieux-la-Pape;2013;Air;Dioxyde de carbone (CO2) d'origine non biomasse;10100000;kg/an
0006104046;Chaufferie des Semailles à Rillieux-la-Pape;2013;Air;Dioxyde de carbone (CO2) total (d'origine biomasse et non biomasse);10100000;kg/an
0006104624;SIVOM DE LA REGION DE CLUSES;2013;Eau (indirect);Cuivre et composés (exprimés en tant que Cu);153;kg/an
0006104050;NEOVALY;2013;Air;Chrome et composés (exprimés en tant que Cr);106;kg/an
0006104050;NEOVALY;2013;Air;Dioxyde de carbone (CO2) d'origine non biomasse;56000000;kg/an
0006104645;THERMOCOMPACT S.A.;2013;Eau (direct);Nickel et composés (exprimés en tant que Ni);24.9;kg/an
0006104050;NEOVALY;2013;Air;Dioxyde de carbone (CO2) total (d'origine biomasse et non biomasse);115000000;kg/an
0006104050;NEOVALY;2013;Air;Dioxyde de carbone (CO2) d'origine biomasse;58900000;kg/an
0006104648;NTN SNR Meythet;2013;Air;Hydrochlorofluorocarbures (HCFC);22;kg/an
0006104103;CREALIS;2013;Air;Hexafluorure de soufre (SF6);570;kg/an
0006104103;CREALIS;2013;Air;Hydrochlorofluorocarbures (HCFC);154;kg/an
0006104103;CREALIS;2013;Air;Hydroflurocarbures (HFC);5860;kg/an
0006104655;SET MONT BLANC - SUEZ;2013;Air;Dioxyde de carbone (CO2) d'origine non biomasse;18200000;kg/an
0006104103;CREALIS;2013;Air;Halons;450;kg/an
0006104655;SET MONT BLANC - SUEZ;2013;Air;Dioxyde de carbone (CO2) total (d'origine biomasse et non biomasse);42400000;kg/an
0006104655;SET MONT BLANC - SUEZ;2013;Air;Dioxyde de carbone (CO2) d'origine biomasse;24200000;kg/an
0006104157;HCL HOPITAL EDOUARD HERRIOT;2013;Air;Hydrochlorofluorocarbures (HCFC);46.5;kg/an
0006104660;BAIKOWSKI;2013;Air;Dioxyde de carbone (CO2) d'origine non biomasse;26600000;kg/an
0006104158;HCL - GROUPEMENT HOSPITALIER EST;2013;Air;Hydroflurocarbures (HFC);139;kg/an
0006104159;LAFAYETTE - ELM Opérations;2013;Air;Dioxyde de carbone (CO2) d'origine non biomasse;25600000;kg/an
0006104660;BAIKOWSKI;2013;Air;Dioxyde de carbone (CO2) total (d'origine biomasse et non biomasse);26600000;kg/an
0006104159;LAFAYETTE - ELM Opérations;2013;Air;Dioxyde de carbone (CO2) total (d'origine biomasse et non biomasse);25600000;kg/an
0006104169;HCL HOPITAL DE LA CROIX ROUSSE;2013;Air;Hydrochlorofluorocarbures (HCFC);12.3;kg/an
0006104663;SAEME DANONE EAUX FRANCE;2013;Air;Hydrochlorofluorocarbures (HCFC);36;kg/an
0006104169;HCL HOPITAL DE LA CROIX ROUSSE;2013;Air;Hydroflurocarbures (HFC);334;kg/an
0006104223;METROPOLE DE LYON - Unité de Traitement de de Valorisation Energétique des déchets urbains de Lyon Sud;2013;Air;Antimoine et composés (exprimés en tant que Sb);18;kg/an
0006104664;PAPETERIES DU LEMAN S.A.;2013;Eau (direct);Chloroforme (trichlorométhane);54.3;kg/an
0006104223;METROPOLE DE LYON - Unité de Traitement de de Valorisation Energétique des déchets urbains de Lyon Sud;2013;Air;Cadmium et composés (exprimés en tant que Cd);17.6;kg/an
0006104223;METROPOLE DE LYON - Unité de Traitement de de Valorisation Energétique des déchets urbains de Lyon Sud;2013;Air;Dioxyde de carbone (CO2) d'origine non biomasse;91600000;kg/an
0006104223;METROPOLE DE LYON - Unité de Traitement de de Valorisation Energétique des déchets urbains de Lyon Sud;2013;Air;Dioxyde de carbone (CO2) total (d'origine biomasse et non biomasse);208000000;kg/an
0006104664;PAPETERIES DU LEMAN S.A.;2013;Eau (direct);Composés organohalogénés (exprimés en tant que AOX);1760;kg/an
0006104223;METROPOLE DE LYON - Unité de Traitement de de Valorisation Energétique des déchets urbains de Lyon Sud;2013;Air;Dioxyde de carbone (CO2) d'origine biomasse;117000000;kg/an
0006104223;METROPOLE DE LYON - Unité de Traitement de de Valorisation Energétique des déchets urbains de Lyon Sud;2013;Eau (indirect);Cadmium et composés (exprimés en tant que Cd);4.05;kg/an
0006104664;PAPETERIES DU LEMAN S.A.;2013;Eau (direct);Phénols (en tant que C total);150;kg/an
0006104225;STEF Logistique Rhône Alpes Site de Lyon Gerland;2013;Air;Hydrochlorofluorocarbures (HCFC);569;kg/an
0006104679;TEFAL SA;2013;Air;Composés organiques volatils non méthaniques (COVNM);138000;kg/an
0006104225;STEF Logistique Rhône Alpes Site de Lyon Gerland;2013;Air;Hydroflurocarbures (HFC);1120;kg/an
0006104238;NEXANS France établissement de Lyon;2013;Eau (indirect);Arsenic et composés (exprimés en tant que As);8.09;kg/an
0006104679;TEFAL SA;2013;Air;Dioxyde de carbone (CO2) d'origine non biomasse;19000000;kg/an
0006104238;NEXANS France établissement de Lyon;2013;Eau (indirect);Cadmium et composés (exprimés en tant que Cd);1.29;kg/an
0006104679;TEFAL SA;2013;Air;Dioxyde de carbone (CO2) total (d'origine biomasse et non biomasse);19000000;kg/an
0006104679;TEFAL SA;2013;Eau (direct);Octylphénols et éthoxylates d'octylphénol;63.4;kg/an
0006104682;CEREAL PARTNERS FRANCE;2013;Eau (indirect);Demande biologique en oxygène (DBO5);79000;kg/an
0006104259;Givaudan Lavirotte (Groupe ISALTIS);2013;Air;Composés organiques volatils non méthaniques (COVNM);151000;kg/an
0006104259;Givaudan Lavirotte (Groupe ISALTIS);2013;Eau (indirect);Demande biologique en oxygène (DBO5);87600;kg/an
0006104682;CEREAL PARTNERS FRANCE;2013;Eau (indirect);Demande chimique en oxygène (DCO);226000;kg/an
0006104259;Givaudan Lavirotte (Groupe ISALTIS);2013;Eau (indirect);Demande chimique en oxygène (DCO);184000;kg/an
0006104259;Givaudan Lavirotte (Groupe ISALTIS);2013;Eau (indirect);Phosphore total;10100;kg/an
0006104708;POPPE + POTTHOFF SCIONZIER S.A.S.;2013;Air;Tétrachloroéthylène (PER, tétrachloroéthylène);2730;kg/an
0006104720;NTN SNR Seynod;2013;Air;Composés organiques volatils non méthaniques (COVNM);87100;kg/an
0006104270;SNCF – TECHNICENTRE RHONE ALPES;2013;Air;Hydrocarbures aromatiques polycycliques (HAP);624;kg/an
0006104280;ELYDE;2013;Air;Dioxyde de carbone (CO2) total (d'origine biomasse et non biomasse);19800000;kg/an
0006104739;FOURNIER;2013;Air;Composés organiques volatils non méthaniques (COVNM);32900;kg/an
0006104280;ELYDE;2013;Air;Dioxyde de carbone (CO2) d'origine biomasse;19800000;kg/an
0006104748;THALES AVS FRANCE SAS;2013;Air;Hexafluorure de soufre (SF6);294;kg/an
0006104306;GRID Solutions;2013;Air;Hexafluorure de soufre (SF6);1520;kg/an
0006104358;SAVOIE DECHETS;2013;Air;Protoxyde d'azote (N2O);10300;kg/an
0006104749;IDEX Environnement;2013;Air;Dioxyde de carbone (CO2) d'origine non biomasse;14100000;kg/an
0006104358;SAVOIE DECHETS;2013;Air;Dioxyde de carbone (CO2) d'origine non biomasse;48200000;kg/an
0006104358;SAVOIE DECHETS;2013;Air;Dioxyde de carbone (CO2) total (d'origine biomasse et non biomasse);112000000;kg/an
0006104749;IDEX Environnement;2013;Air;Dioxyde de carbone (CO2) total (d'origine biomasse et non biomasse);32900000;kg/an
0006104358;SAVOIE DECHETS;2013;Air;Dioxyde de carbone (CO2) d'origine biomasse;63900000;kg/an
0006104367;PLACOPLATRE;2013;Air;Dioxyde de carbone (CO2) d'origine non biomasse;40100000;kg/an
0006104749;IDEX Environnement;2013;Air;Dioxyde de carbone (CO2) d'origine biomasse;18800000;kg/an
0006104367;PLACOPLATRE;2013;Air;Dioxyde de carbone (CO2) total (d'origine biomasse et non biomasse);40100000;kg/an
0006104753;SIEGWERK FRANCE SA;2013;Air;Composés organiques volatils non méthaniques (COVNM);85200;kg/an
0006104769;SGL CARBON  SA;2013;Air;Dioxyde de carbone (CO2) d'origine non biomasse;12600000;kg/an
0006104373;SCDC (CENTRALE DE BISSY);2013;Air;Dioxyde de carbone (CO2) d'origine non biomasse;46000000;kg/an
0006104373;SCDC (CENTRALE DE BISSY);2013;Air;Dioxyde de carbone (CO2) total (d'origine biomasse et non biomasse);46000000;kg/an
0006104769;SGL CARBON  SA;2013;Air;Dioxyde de carbone (CO2) total (d'origine biomasse et non biomasse);12600000;kg/an
0006104769;SGL CARBON  SA;2013;Eau (direct);Fluoranthène;1.18;kg/an
0006104785;BECTON DICKINSON;2013;Air;Hydrochlorofluorocarbures (HCFC);42;kg/an
0006104980;BOUYER LEROUX;2013;Air;Dioxyde de carbone (CO2) d'origine non biomasse;12800000;kg/an
0006104374;MITHIEUX ET FILS;2013;Eau (indirect);Nickel et composés (exprimés en tant que Ni);64;kg/an
0006104980;BOUYER LEROUX;2013;Air;Dioxyde de carbone (CO2) total (d'origine biomasse et non biomasse);12800000;kg/an
0006105220;ISOCHEM SAS;2013;Air;Dichlorométhane (DCM, chlorure de méthylène);3850;kg/an
0006104379;ARKEMA USINE DE LA CHAMBRE;2013;Air;Ammoniac (NH3);38500;kg/an
0006105220;ISOCHEM SAS;2013;Air;Hydroflurocarbures (HFC);563;kg/an
0006104379;ARKEMA USINE DE LA CHAMBRE;2013;Air;Composés organiques volatils non méthaniques (COVNM);138000;kg/an
0006104379;ARKEMA USINE DE LA CHAMBRE;2013;Air;Dioxyde de carbone (CO2) d'origine non biomasse;56500000;kg/an
0006105221;OSIRIS GIE;2013;Air;Oxydes de soufre (SOx/SO2);1710000;kg/an
0006104379;ARKEMA USINE DE LA CHAMBRE;2013;Air;Dioxyde de carbone (CO2) total (d'origine biomasse et non biomasse);56500000;kg/an
0006104379;ARKEMA USINE DE LA CHAMBRE;2013;Eau (direct);Chloroforme (trichlorométhane);16;kg/an
0006104379;ARKEMA USINE DE LA CHAMBRE;2013;Eau (direct);Demande biologique en oxygène (DBO5);50500;kg/an
0006105221;OSIRIS GIE;2013;Air;Oxydes d'azote (NOx/NO2);707000;kg/an
0006104379;ARKEMA USINE DE LA CHAMBRE;2013;Eau (direct);Dichlorométhane (DCM, chlorure de méthylène);25;kg/an
0006104379;ARKEMA USINE DE LA CHAMBRE;2013;Eau (direct);Nickel et composés (exprimés en tant que Ni);50;kg/an
0006105221;OSIRIS GIE;2013;Air;Protoxyde d'azote (N2O);10400;kg/an
0006105221;OSIRIS GIE;2013;Air;Dioxyde de carbone (CO2) d'origine non biomasse;328000000;kg/an
0006105221;OSIRIS GIE;2013;Air;Dioxyde de carbone (CO2) total (d'origine biomasse et non biomasse);328000000;kg/an
0006104426;FERROPEM GROUPE FERROATLANTICA;2013;Air;Oxydes d'azote (NOx/NO2);104000;kg/an
0006104426;FERROPEM GROUPE FERROATLANTICA;2013;Air;Dioxyde de carbone (CO2) d'origine non biomasse;117000000;kg/an
0006105221;OSIRIS GIE;2013;Eau (direct);Aluminium et composés (exprimés en tant que Al);15800;kg/an
0006104426;FERROPEM GROUPE FERROATLANTICA;2013;Air;Dioxyde de carbone (CO2) total (d'origine biomasse et non biomasse);182000000;kg/an
0006104426;FERROPEM GROUPE FERROATLANTICA;2013;Air;Dioxyde de carbone (CO2) d'origine biomasse;65100000;kg/an
0006105221;OSIRIS GIE;2013;Eau (direct);Azote total;301000;kg/an
0006104426;FERROPEM GROUPE FERROATLANTICA;2013;Eau (direct);Zinc et composés (exprimés en tant que Zn);256;kg/an
0006105221;OSIRIS GIE;2013;Eau (direct);Carbone organique total (en tant que C total ou DCO/3);214000;kg/an
0006104438;FERROPEM;2013;Air;Composés organiques volatils non méthaniques (COVNM);33000;kg/an
0006104438;FERROPEM;2013;Air;Oxydes de soufre (SOx/SO2);548000;kg/an
0006105221;OSIRIS GIE;2013;Eau (direct);Chlorures (en tant que Cl total);22100000;kg/an
0006104438;FERROPEM;2013;Air;Oxydes d'azote (NOx/NO2);381000;kg/an
0006104438;FERROPEM;2013;Air;Dioxyde de carbone (CO2) d'origine non biomasse;170000000;kg/an
0006105221;OSIRIS GIE;2013;Eau (direct);Chrome et composés (exprimés en tant que Cr);528;kg/an
0006104438;FERROPEM;2013;Air;Dioxyde de carbone (CO2) total (d'origine biomasse et non biomasse);218000000;kg/an
0006104438;FERROPEM;2013;Air;Dioxyde de carbone (CO2) d'origine biomasse;47900000;kg/an
0006105221;OSIRIS GIE;2013;Eau (direct);Composés organohalogénés (exprimés en tant que AOX);9170;kg/an
0006104438;FERROPEM;2013;Eau (direct);Plomb et composés (exprimés en tant que Pb);21;kg/an
0006104447;RDM LA ROCHETTE  SAS;2013;Air;Oxydes d'azote (NOx/NO2);237000;kg/an
0006104447;RDM LA ROCHETTE  SAS;2013;Air;Dioxyde de carbone (CO2) total (d'origine biomasse et non biomasse);137000000;kg/an
0006105221;OSIRIS GIE;2013;Eau (direct);Cuivre et composés (exprimés en tant que Cu);1530;kg/an
0006104447;RDM LA ROCHETTE  SAS;2013;Air;Dioxyde de carbone (CO2) d'origine biomasse;137000000;kg/an
0006104447;RDM LA ROCHETTE  SAS;2013;Eau (direct);Cadmium et composés (exprimés en tant que Cd);2.25;kg/an
0006105221;OSIRIS GIE;2013;Eau (direct);Cyanures (sous forme de CN total);51;kg/an
0006104447;RDM LA ROCHETTE  SAS;2013;Eau (direct);Demande biologique en oxygène (DBO5);512000;kg/an
0006104447;RDM LA ROCHETTE  SAS;2013;Eau (direct);Demande chimique en oxygène (DCO);1290000;kg/an
0006105221;OSIRIS GIE;2013;Eau (direct);Demande biologique en oxygène (DBO5);225000;kg/an
0006104447;RDM LA ROCHETTE  SAS;2013;Eau (direct);Zinc et composés (exprimés en tant que Zn);466;kg/an
0006104466;TRIMET;2013;Air;Fluor et composés inorganiques (en tant que HF);44500;kg/an
0006105221;OSIRIS GIE;2013;Eau (direct);Demande chimique en oxygène (DCO);1080000;kg/an
0006104466;TRIMET;2013;Air;Oxydes de soufre (SOx/SO2);994000;kg/an
0006104466;TRIMET;2013;Air;Perfluorocarbures (PFC);2290;kg/an
0006105221;OSIRIS GIE;2013;Eau (direct);Dichlorométhane (DCM, chlorure de méthylène);1580;kg/an
0006104466;TRIMET;2013;Air;Dioxyde de carbone (CO2) d'origine non biomasse;168000000;kg/an
0006104466;TRIMET;2013;Air;Dioxyde de carbone (CO2) total (d'origine biomasse et non biomasse);168000000;kg/an
0006105221;OSIRIS GIE;2013;Eau (direct);Etain et composés (exprimés en tant que Sn);1350;kg/an
0006104466;TRIMET;2013;Eau (direct);Fluorures (en tant que F total);3420;kg/an
0006104473;MSSA S.A.S.;2013;Air;Chlore et composés inorganiques (en tant que HCl);42700;kg/an
0006105221;OSIRIS GIE;2013;Eau (direct);Fer et composés (exprimés en tant que Fe);5530;kg/an
0006104473;MSSA S.A.S.;2013;Air;Hydroflurocarbures (HFC);160;kg/an
0006104473;MSSA S.A.S.;2013;Air;Vanadium et ses composés;62;kg/an
0006105221;OSIRIS GIE;2013;Eau (direct);Fluorures (en tant que F total);18200;kg/an
0006104473;MSSA S.A.S.;2013;Eau (direct);Nickel et composés (exprimés en tant que Ni);30.6;kg/an
0006105221;OSIRIS GIE;2013;Eau (direct);Manganèse et composés (exprimés en tant que Mn);753;kg/an
0006105221;OSIRIS GIE;2013;Eau (direct);Nickel et composés (exprimés en tant que Ni);1100;kg/an
0006104478;MT Technology;2013;Air;Composés organiques volatils non méthaniques (COVNM);34100;kg/an
0006104504;Framatome;2013;Air;Chrome et composés (exprimés en tant que Cr);819;kg/an
0006105221;OSIRIS GIE;2013;Eau (direct);Phosphore total;24400;kg/an
0006104504;Framatome;2013;Air;Vanadium et ses composés;70.5;kg/an
0006105221;OSIRIS GIE;2013;Eau (direct);Phénols (en tant que C total);3860;kg/an
0006104505;UGITECH;2013;Air;Chrome et composés (exprimés en tant que Cr);370;kg/an
0006105221;OSIRIS GIE;2013;Eau (direct);Sulfates;23500000;kg/an
0006104505;UGITECH;2013;Air;Manganèse et composés (exprimés en tant que Mn);851;kg/an
0006105221;OSIRIS GIE;2013;Eau (direct);Zinc et composés (exprimés en tant que Zn);2870;kg/an
0006104505;UGITECH;2013;Air;Mercure et composés (exprimés en tant que Hg);46.8;kg/an
0006104505;UGITECH;2013;Air;Nickel et composés (exprimés en tant que Ni);209;kg/an
0006105222;ELKEM SILICONES FRANCE;2013;Air;Cuivre et composés (exprimés en tant que Cu);181;kg/an
0006104505;UGITECH;2013;Air;Plomb et composés (exprimés en tant que Pb);1210;kg/an
0006104505;UGITECH;2013;Air;Zinc et composés (exprimés en tant que Zn);1330;kg/an
0006104505;UGITECH;2013;Air;Dioxyde de carbone (CO2) d'origine non biomasse;68300000;kg/an
0006105222;ELKEM SILICONES FRANCE;2013;Air;Hydrochlorofluorocarbures (HCFC);1200;kg/an
0006104505;UGITECH;2013;Air;Dioxyde de carbone (CO2) total (d'origine biomasse et non biomasse);68300000;kg/an
0006104505;UGITECH;2013;Eau (direct);Aluminium et composés (exprimés en tant que Al);2330;kg/an
0006105222;ELKEM SILICONES FRANCE;2013;Air;Hydroflurocarbures (HFC);1210;kg/an
0006104505;UGITECH;2013;Eau (direct);Azote total;323000;kg/an
0006104505;UGITECH;2013;Eau (direct);Chrome et composés (exprimés en tant que Cr);122;kg/an
0006105222;ELKEM SILICONES FRANCE;2013;Air;Dioxyde de carbone (CO2) d'origine non biomasse;10200000;kg/an
0006104505;UGITECH;2013;Eau (direct);Chrome hexavalent et composés (exprimés en tant que Cr VI);67.8;kg/an
0006104505;UGITECH;2013;Eau (direct);Cuivre et composés (exprimés en tant que Cu);50.8;kg/an
0006105222;ELKEM SILICONES FRANCE;2013;Air;Dioxyde de carbone (CO2) total (d'origine biomasse et non biomasse);10200000;kg/an
0006104505;UGITECH;2013;Eau (direct);Fer et composés (exprimés en tant que Fe);4180;kg/an
0006104505;UGITECH;2013;Eau (direct);Fluorures (en tant que F total);11500;kg/an
0006105222;ELKEM SILICONES FRANCE;2013;Eau (direct);Aluminium et composés (exprimés en tant que Al);2980;kg/an
0006104505;UGITECH;2013;Eau (direct);Nickel et composés (exprimés en tant que Ni);306;kg/an
0006105222;ELKEM SILICONES FRANCE;2013;Eau (direct);Chlorures (en tant que Cl total);19100000;kg/an
0006105222;ELKEM SILICONES FRANCE;2013;Eau (direct);Cuivre et composés (exprimés en tant que Cu);359;kg/an
0006105222;ELKEM SILICONES FRANCE;2013;Eau (direct);Zinc et composés (exprimés en tant que Zn);141;kg/an
0006105223;ADISSEO FRANCE SAS;2013;Air;Oxydes d'azote (NOx/NO2);142000;kg/an
0006104524;SAS AIRPORC / ELEVAGE TECHE;2013;Air;Ammoniac (NH3);25800;kg/an
0006105223;ADISSEO FRANCE SAS;2013;Air;Dioxyde de carbone (CO2) d'origine non biomasse;23600000;kg/an
0006105223;ADISSEO FRANCE SAS;2013;Air;Dioxyde de carbone (CO2) total (d'origine biomasse et non biomasse);23600000;kg/an
0006104532;NTN-SNR Annecy;2013;Air;Hydrochlorofluorocarbures (HCFC);10.2;kg/an
0006105223;ADISSEO FRANCE SAS;2013;Eau (direct);Di(2-éthylhexyle)phtalate (DEHP);3.2;kg/an
0006105223;ADISSEO FRANCE SAS;2013;Eau (direct);Sulfates;2580000;kg/an
0006104534;GRAPHOCOLOR;2013;Eau (direct);Nickel et composés (exprimés en tant que Ni);125;kg/an
0006105224;PRAYON;2013;Eau (direct);Phosphore total;52300;kg/an
0006104559;PERROTTON;2013;Air;Dichlorométhane (DCM, chlorure de méthylène);1040;kg/an
0006105225;ADISSEO FRANCE SAS;2013;Air;Oxydes de soufre (SOx/SO2);280000;kg/an
0006105225;ADISSEO FRANCE SAS;2013;Air;Dioxyde de carbone (CO2) d'origine non biomasse;119000000;kg/an
0006105225;ADISSEO FRANCE SAS;2013;Air;Dioxyde de carbone (CO2) total (d'origine biomasse et non biomasse);119000000;kg/an
0006105225;ADISSEO FRANCE SAS;2013;Eau (direct);Chrome et composés (exprimés en tant que Cr);110;kg/an
0006105225;ADISSEO FRANCE SAS;2013;Eau (direct);Di(2-éthylhexyle)phtalate (DEHP);2.6;kg/an
0006107420;ORGANOM;2013;Eau (indirect);Azote total;66400;kg/an
0006107516;VALRHONA;2013;Air;Hydrochlorofluorocarbures (HCFC);216;kg/an
0006105225;ADISSEO FRANCE SAS;2013;Eau (direct);Fer et composés (exprimés en tant que Fe);3440;kg/an
0006105225;ADISSEO FRANCE SAS;2013;Eau (direct);Nickel et composés (exprimés en tant que Ni);99;kg/an
0006105225;ADISSEO FRANCE SAS;2013;Eau (direct);Sulfates;4480000;kg/an
0006106306;LNUF Marques - Usine d'Andrézieux;2013;Sol;Zinc et composés (exprimés en tant que Zn);112;kg/an
0006107527;VENCOREX FRANCE;2013;Air;Composés organiques volatils non méthaniques (COVNM);94100;kg/an
0006107527;VENCOREX FRANCE;2013;Air;Hydrochlorofluorocarbures (HCFC);1660;kg/an
0006107527;VENCOREX FRANCE;2013;Air;Hydroflurocarbures (HFC);2480;kg/an
0006106371;Société Forézienne d'Abattage;2013;Eau (indirect);Demande biologique en oxygène (DBO5);45800;kg/an
0006107527;VENCOREX FRANCE;2013;Air;Monoxyde de carbone (CO);1310000;kg/an
0006107527;VENCOREX FRANCE;2013;Air;Tétrachlorométhane (TCM, tétrachlorure de carbone);206;kg/an
0006107527;VENCOREX FRANCE;2013;Eau (direct);Aluminium et composés (exprimés en tant que Al);12400;kg/an
0006107527;VENCOREX FRANCE;2013;Eau (direct);Azote total;71800;kg/an
0006107527;VENCOREX FRANCE;2013;Eau (direct);Carbone organique total (en tant que C total ou DCO/3);109000;kg/an
0006106518;SICAREV;2013;Air;Hydrochlorofluorocarbures (HCFC);119;kg/an
0006107527;VENCOREX FRANCE;2013;Eau (direct);Chloroforme (trichlorométhane);151;kg/an
0006107527;VENCOREX FRANCE;2013;Eau (direct);Chlorures (en tant que Cl total);35100000;kg/an
0006107527;VENCOREX FRANCE;2013;Eau (direct);Chrome et composés (exprimés en tant que Cr);222;kg/an
0006107527;VENCOREX FRANCE;2013;Eau (direct);Composés organohalogénés (exprimés en tant que AOX);3880;kg/an
0006106518;SICAREV;2013;Air;Hydroflurocarbures (HFC);133;kg/an
0006107527;VENCOREX FRANCE;2013;Eau (direct);Cuivre et composés (exprimés en tant que Cu);123;kg/an
0006107527;VENCOREX FRANCE;2013;Eau (direct);Demande biologique en oxygène (DBO5);122000;kg/an
0006106518;SICAREV;2013;Eau (indirect);Demande biologique en oxygène (DBO5);258000;kg/an
0006107527;VENCOREX FRANCE;2013;Eau (direct);Dichlorométhane (DCM, chlorure de méthylène);191;kg/an
0006107527;VENCOREX FRANCE;2013;Eau (direct);Fer et composés (exprimés en tant que Fe);14900;kg/an
0006106518;SICAREV;2013;Eau (indirect);Demande chimique en oxygène (DCO);617000;kg/an
0006107527;VENCOREX FRANCE;2013;Eau (direct);Fluorures (en tant que F total);15800;kg/an
0006107527;VENCOREX FRANCE;2013;Eau (direct);1,2,3,4,5,6-hexachlorocyclohexane (HCH);31.5;kg/an
0006106518;SICAREV;2013;Eau (indirect);Phosphore total;6730;kg/an
0006107527;VENCOREX FRANCE;2013;Eau (direct);Manganèse et composés (exprimés en tant que Mn);561;kg/an
0006107527;VENCOREX FRANCE;2013;Eau (direct);Matières en suspension (MES);343000;kg/an
0006106678;CANDIA;2013;Eau (indirect);Demande biologique en oxygène (DBO5);181000;kg/an
0006107527;VENCOREX FRANCE;2013;Eau (direct);Nickel et composés (exprimés en tant que Ni);551;kg/an
0006107527;VENCOREX FRANCE;2013;Eau (direct);Phénols (en tant que C total);2010;kg/an
0006107527;VENCOREX FRANCE;2013;Eau (direct);Plomb et composés (exprimés en tant que Pb);43.6;kg/an
0006106678;CANDIA;2013;Eau (indirect);Demande chimique en oxygène (DCO);442000;kg/an
0006107527;VENCOREX FRANCE;2013;Eau (direct);Sulfates;5440000;kg/an
0006107527;VENCOREX FRANCE;2013;Eau (direct);Trichlorobenzènes (TCB) (tous les isomères);238;kg/an
0006106947;SUEZ RR IWS CHEMICALS FRANCE;2013;Air;Oxydes d'azote (NOx/NO2);104000;kg/an
0006107527;VENCOREX FRANCE;2013;Eau (direct);Trichloréthylène;88.9;kg/an
0006107527;VENCOREX FRANCE;2013;Eau (direct);Tétrachloroéthylène (PER, tétrachloroéthylène);93.1;kg/an
0006107527;VENCOREX FRANCE;2013;Eau (direct);Tétrachlorométhane (TCM, tétrachlorure de carbone);15;kg/an
0006106947;SUEZ RR IWS CHEMICALS FRANCE;2013;Air;Dioxyde de carbone (CO2) d'origine non biomasse;52800000;kg/an
0006107527;VENCOREX FRANCE;2013;Eau (direct);Zinc et composés (exprimés en tant que Zn);638;kg/an
0006107527;VENCOREX FRANCE;2013;Eau (direct);Toluène;3780;kg/an
0006106947;SUEZ RR IWS CHEMICALS FRANCE;2013;Air;Dioxyde de carbone (CO2) total (d'origine biomasse et non biomasse);52800000;kg/an
0006107527;VENCOREX FRANCE;2013;Eau (direct);Hydroxyde d'ammonium (NH4+);80300;kg/an
0006106947;SUEZ RR IWS CHEMICALS FRANCE;2013;Eau (direct);Cadmium et composés (exprimés en tant que Cd);1.82;kg/an
0006106990;ONYX AUVERGNE RHONE ALPES;2013;Air;Méthane (CH4);1440000;kg/an
0006107561;TERECOVAL;2013;Air;Chlorofluorocarbures (CFC);4510;kg/an
0006107561;TERECOVAL;2013;Air;Hydroflurocarbures (HFC);136;kg/an
0006106990;ONYX AUVERGNE RHONE ALPES;2013;Air;Dioxyde de carbone (CO2) total (d'origine biomasse et non biomasse);26400000;kg/an
0006106990;ONYX AUVERGNE RHONE ALPES;2013;Air;Dioxyde de carbone (CO2) d'origine biomasse;26400000;kg/an
0006107771;SFS;2013;Eau (indirect);Zinc et composés (exprimés en tant que Zn);173;kg/an
0006107044;SUEZ RV CENTRE EST DONZERE;2013;Air;Méthane (CH4);785000;kg/an
0006107044;SUEZ RV CENTRE EST DONZERE;2013;Air;Dioxyde de carbone (CO2) total (d'origine biomasse et non biomasse);17800000;kg/an
0006107973;CCM;2013;Air;Composés organiques volatils non méthaniques (COVNM);37200;kg/an
0006107044;SUEZ RV CENTRE EST DONZERE;2013;Air;Dioxyde de carbone (CO2) d'origine biomasse;17800000;kg/an
0006107061;GIRAUDET SAS;2013;Eau (indirect);Chloroforme (trichlorométhane);10.7;kg/an
0006108230;GAILLARD SAS;2013;Air;Tétrachloroéthylène (PER, tétrachloroéthylène);3530;kg/an
0006107131;NICOLLIN SAS;2013;Air;Méthane (CH4);4130000;kg/an
0006108357;Schneider- electric;2013;Air;Hydrochlorofluorocarbures (HCFC);71.7;kg/an
0006107131;NICOLLIN SAS;2013;Eau (indirect);Arsenic et composés (exprimés en tant que As);16.6;kg/an
0006107177;COMPAGNIE d'ABATTAGE de BOURG;2013;Eau (indirect);Demande biologique en oxygène (DBO5);68800;kg/an
0006107177;COMPAGNIE d'ABATTAGE de BOURG;2013;Eau (indirect);Demande chimique en oxygène (DCO);217000;kg/an
0006108628;BOIRON FRERES;2013;Eau (indirect);Demande biologique en oxygène (DBO5);49000;kg/an
0006107420;ORGANOM;2013;Air;Méthane (CH4);637000;kg/an
0006107420;ORGANOM;2013;Air;Dioxyde de carbone (CO2) total (d'origine biomasse et non biomasse);17900000;kg/an
0006108774;CERDIA FRANCE SAS;2013;Air;Dichlorométhane (DCM, chlorure de méthylène);46200;kg/an
0006107420;ORGANOM;2013;Air;Dioxyde de carbone (CO2) d'origine biomasse;17900000;kg/an
0006108774;CERDIA FRANCE SAS;2013;Air;Protoxyde d'azote (N2O);204000;kg/an
0006108774;CERDIA FRANCE SAS;2013;Air;Dioxyde de carbone (CO2) d'origine non biomasse;79700000;kg/an
0006200104;Brasserie Champigneulles;2013;Eau (indirect);Arsenic et composés (exprimés en tant que As);6.3;kg/an
0006108774;CERDIA FRANCE SAS;2013;Air;Dioxyde de carbone (CO2) total (d'origine biomasse et non biomasse);79700000;kg/an
0006108774;CERDIA FRANCE SAS;2013;Eau (direct);Aluminium et composés (exprimés en tant que Al);12700;kg/an
0006108774;CERDIA FRANCE SAS;2013;Eau (indirect);Azote total;153000;kg/an
0006108774;CERDIA FRANCE SAS;2013;Eau (direct);Azote total;77100;kg/an
0006108774;CERDIA FRANCE SAS;2013;Eau (indirect);Composés organohalogénés (exprimés en tant que AOX);1090;kg/an
0006200104;Brasserie Champigneulles;2013;Eau (indirect);Azote total;51100;kg/an
0006108774;CERDIA FRANCE SAS;2013;Eau (direct);Composés organohalogénés (exprimés en tant que AOX);6910;kg/an
0006108774;CERDIA FRANCE SAS;2013;Eau (indirect);Cuivre et composés (exprimés en tant que Cu);85;kg/an
0006200104;Brasserie Champigneulles;2013;Eau (indirect);Demande biologique en oxygène (DBO5);1370000;kg/an
0006108774;CERDIA FRANCE SAS;2013;Eau (direct);Cuivre et composés (exprimés en tant que Cu);177;kg/an
0006108774;CERDIA FRANCE SAS;2013;Eau (direct);Demande biologique en oxygène (DBO5);81700;kg/an
0006200104;Brasserie Champigneulles;2013;Eau (indirect);Demande chimique en oxygène (DCO);2700000;kg/an
0006108774;CERDIA FRANCE SAS;2013;Eau (indirect);Demande biologique en oxygène (DBO5);369000;kg/an
0006108774;CERDIA FRANCE SAS;2013;Eau (indirect);Demande chimique en oxygène (DCO);859000;kg/an
0006200104;Brasserie Champigneulles;2013;Eau (indirect);Matières en suspension (MES);742000;kg/an
0006108774;CERDIA FRANCE SAS;2013;Eau (direct);Demande chimique en oxygène (DCO);203000;kg/an
0006108774;CERDIA FRANCE SAS;2013;Eau (indirect);Dichlorométhane (DCM, chlorure de méthylène);5180;kg/an
0006200104;Brasserie Champigneulles;2013;Eau (indirect);Nonylphénols et éthoxylates de nonylphénol (NP/NPE);1.69;kg/an
0006108774;CERDIA FRANCE SAS;2013;Eau (direct);Dichlorométhane (DCM, chlorure de méthylène);1550;kg/an
0006108774;CERDIA FRANCE SAS;2013;Eau (direct);Etain et composés (exprimés en tant que Sn);3300;kg/an
0006108774;CERDIA FRANCE SAS;2013;Eau (direct);Nickel et composés (exprimés en tant que Ni);101;kg/an
0006108774;CERDIA FRANCE SAS;2013;Eau (indirect);Phosphore total;21300;kg/an
0006200104;Brasserie Champigneulles;2013;Eau (indirect);Phosphore total;16000;kg/an
0006108774;CERDIA FRANCE SAS;2013;Eau (indirect);Phénols (en tant que C total);195;kg/an
0006108774;CERDIA FRANCE SAS;2013;Eau (direct);Phénols (en tant que C total);1510;kg/an
0006200104;Brasserie Champigneulles;2013;Eau (indirect);Zinc et composés (exprimés en tant que Zn);408;kg/an
0006109146;OCV CHAMBERY FRANCE;2013;Air;Composés organiques volatils non méthaniques (COVNM);84800;kg/an
0006109146;OCV CHAMBERY FRANCE;2013;Air;Oxydes de soufre (SOx/SO2);181000;kg/an
0006200119;BARISIEN;2013;Air;Méthane (CH4);598000;kg/an
0006109146;OCV CHAMBERY FRANCE;2013;Air;Dioxyde de carbone (CO2) d'origine non biomasse;41000000;kg/an
0006109146;OCV CHAMBERY FRANCE;2013;Air;Dioxyde de carbone (CO2) total (d'origine biomasse et non biomasse);41000000;kg/an
0006200119;BARISIEN;2013;Air;Dioxyde de carbone (CO2) total (d'origine biomasse et non biomasse);14100000;kg/an
0006109146;OCV CHAMBERY FRANCE;2013;Eau (indirect);Demande chimique en oxygène (DCO);247000;kg/an
0006109146;OCV CHAMBERY FRANCE;2013;Eau (indirect);Phénols (en tant que C total);20.1;kg/an
0006200119;BARISIEN;2013;Air;Dioxyde de carbone (CO2) d'origine biomasse;14100000;kg/an
0006200139;CROWN BEVCAN;2013;Air;Composés organiques volatils non méthaniques (COVNM);435000;kg/an
0006200158;SOLVAY OPERATIONS FRANCE;2013;Air;Ammoniac (NH3);571000;kg/an
0006110901;DROME ENERGIE SERVICES;2013;Air;Dioxyde de carbone (CO2) d'origine non biomasse;12200000;kg/an
0006110901;DROME ENERGIE SERVICES;2013;Air;Dioxyde de carbone (CO2) total (d'origine biomasse et non biomasse);12200000;kg/an
0006200158;SOLVAY OPERATIONS FRANCE;2013;Air;Chlore et composés inorganiques (en tant que HCl);17000;kg/an
0006200158;SOLVAY OPERATIONS FRANCE;2013;Air;Monoxyde de carbone (CO);17200000;kg/an
0006112084;NOVACYL - Etablissement de ROUSSILLON;2013;Eau (indirect);Carbone organique total (en tant que C total ou DCO/3);134000;kg/an
0006200158;SOLVAY OPERATIONS FRANCE;2013;Air;Oxydes de soufre (SOx/SO2);1690000;kg/an
0006112084;NOVACYL - Etablissement de ROUSSILLON;2013;Eau (indirect);Phénols (en tant que C total);15900;kg/an
0006200158;SOLVAY OPERATIONS FRANCE;2013;Air;Oxydes d'azote (NOx/NO2);735000;kg/an
0006112084;NOVACYL - Etablissement de ROUSSILLON;2013;Eau (direct);Phénols (en tant que C total);191;kg/an
0006112084;NOVACYL - Etablissement de ROUSSILLON;2013;Eau (direct);Sulfates;7580000;kg/an
0006200158;SOLVAY OPERATIONS FRANCE;2013;Air;Particules (PM10);67600;kg/an
0006200158;SOLVAY OPERATIONS FRANCE;2013;Air;Dioxyde de carbone (CO2) d'origine non biomasse;590000000;kg/an
0006112329;SK Functional Polymer Balan;2013;Air;Composés organiques volatils non méthaniques (COVNM);198000;kg/an
0006200158;SOLVAY OPERATIONS FRANCE;2013;Air;Dioxyde de carbone (CO2) total (d'origine biomasse et non biomasse);590000000;kg/an
0006112348;NOVACYL - Etablissement de Saint-Fons;2013;Eau (direct);Carbone organique total (en tant que C total ou DCO/3);55800;kg/an
0006200158;SOLVAY OPERATIONS FRANCE;2013;Eau (direct);Cadmium et composés (exprimés en tant que Cd);54;kg/an
0006112348;NOVACYL - Etablissement de Saint-Fons;2013;Eau (indirect);Demande chimique en oxygène (DCO);352000;kg/an
0006200158;SOLVAY OPERATIONS FRANCE;2013;Eau (direct);Chlorures (en tant que Cl total);476000000;kg/an
0006200031;MANUFACTURE DE BACCARAT;2013;Air;Dioxyde de carbone (CO2) d'origine non biomasse;13100000;kg/an
0006200158;SOLVAY OPERATIONS FRANCE;2013;Eau (direct);Plomb et composés (exprimés en tant que Pb);194;kg/an
0006200031;MANUFACTURE DE BACCARAT;2013;Air;Dioxyde de carbone (CO2) total (d'origine biomasse et non biomasse);13100000;kg/an
0006200031;MANUFACTURE DE BACCARAT;2013;Eau (direct);Plomb et composés (exprimés en tant que Pb);337;kg/an
0006200158;SOLVAY OPERATIONS FRANCE;2013;Eau (direct);Sulfates;2480000;kg/an
0006200158;SOLVAY OPERATIONS FRANCE;2013;Eau (direct);Hydroxyde d'ammonium (NH4+);44000;kg/an
0006200199;SAINT GOBAIN PAM (Usine Foug);2013;Air;Composés organiques volatils non méthaniques (COVNM);157000;kg/an
0006200037;SOVAB;2013;Air;Composés organiques volatils non méthaniques (COVNM);738000;kg/an
0006200037;SOVAB;2013;Air;Hydrochlorofluorocarbures (HCFC);3.44;kg/an
0006200199;SAINT GOBAIN PAM (Usine Foug);2013;Air;Dioxyde de carbone (CO2) d'origine non biomasse;50100000;kg/an
0006200037;SOVAB;2013;Air;Dioxyde de carbone (CO2) d'origine non biomasse;33500000;kg/an
0006200037;SOVAB;2013;Air;Dioxyde de carbone (CO2) total (d'origine biomasse et non biomasse);33500000;kg/an
0006200199;SAINT GOBAIN PAM (Usine Foug);2013;Air;Dioxyde de carbone (CO2) total (d'origine biomasse et non biomasse);50100000;kg/an
0006200037;SOVAB;2013;Eau (direct);Nickel et composés (exprimés en tant que Ni);31;kg/an
0006200203;SOFIDEL FRANCE;2013;Air;Dioxyde de carbone (CO2) d'origine non biomasse;44700000;kg/an
0006200045;USINE DE PONT.A.MOUSSON SERVICE AGGLOMERATION;2013;Air;Benzène;2770;kg/an
0006200203;SOFIDEL FRANCE;2013;Air;Dioxyde de carbone (CO2) total (d'origine biomasse et non biomasse);44700000;kg/an
0006200045;USINE DE PONT.A.MOUSSON SERVICE AGGLOMERATION;2013;Air;Composés organiques volatils non méthaniques (COVNM);81500;kg/an
0006200045;USINE DE PONT.A.MOUSSON SERVICE AGGLOMERATION;2013;Air;Cuivre et composés (exprimés en tant que Cu);303;kg/an
0006200307;NOVACARB;2013;Air;Ammoniac (NH3);991000;kg/an
0006200045;USINE DE PONT.A.MOUSSON SERVICE AGGLOMERATION;2013;Air;Dioxines et furanes (PCDD + PCDF) (exprimés en iTeq);0.00176;kg/an
0006200045;USINE DE PONT.A.MOUSSON SERVICE AGGLOMERATION;2013;Air;Hydrocarbures aromatiques polycycliques (HAP);54;kg/an
0006200307;NOVACARB;2013;Air;Chlore et composés inorganiques (en tant que HCl);14900;kg/an
0006200045;USINE DE PONT.A.MOUSSON SERVICE AGGLOMERATION;2013;Air;Monoxyde de carbone (CO);8190000;kg/an
0006200045;USINE DE PONT.A.MOUSSON SERVICE AGGLOMERATION;2013;Air;Oxydes de soufre (SOx/SO2);641000;kg/an
0006200307;NOVACARB;2013;Air;Oxydes de soufre (SOx/SO2);1760000;kg/an
0006200045;USINE DE PONT.A.MOUSSON SERVICE AGGLOMERATION;2013;Air;Oxydes d'azote (NOx/NO2);438000;kg/an
0006200045;USINE DE PONT.A.MOUSSON SERVICE AGGLOMERATION;2013;Air;Phénols (en tant que C total);1730;kg/an
0006200307;NOVACARB;2013;Air;Oxydes d'azote (NOx/NO2);522000;kg/an
0006200045;USINE DE PONT.A.MOUSSON SERVICE AGGLOMERATION;2013;Air;Plomb et composés (exprimés en tant que Pb);332;kg/an
0006200045;USINE DE PONT.A.MOUSSON SERVICE AGGLOMERATION;2013;Air;Zinc et composés (exprimés en tant que Zn);257;kg/an
0006200307;NOVACARB;2013;Air;Dioxyde de carbone (CO2) d'origine non biomasse;577000000;kg/an
0006200307;NOVACARB;2013;Air;Dioxyde de carbone (CO2) total (d'origine biomasse et non biomasse);577000000;kg/an
0006200067;EDF - CCG Blénod;2013;Air;Antimoine et composés (exprimés en tant que Sb);59;kg/an
0006200307;NOVACARB;2013;Eau (direct);Azote total;62700;kg/an
0006200067;EDF - CCG Blénod;2013;Air;Arsenic et composés (exprimés en tant que As);241;kg/an
0006200067;EDF - CCG Blénod;2013;Air;Cadmium et composés (exprimés en tant que Cd);25;kg/an
0006200307;NOVACARB;2013;Eau (direct);Chlorures (en tant que Cl total);392000000;kg/an
0006200067;EDF - CCG Blénod;2013;Air;Chlore et composés inorganiques (en tant que HCl);698000;kg/an
0006200067;EDF - CCG Blénod;2013;Air;Chrome et composés (exprimés en tant que Cr);262;kg/an
0006200307;NOVACARB;2013;Eau (direct);Zinc et composés (exprimés en tant que Zn);209;kg/an
0006200067;EDF - CCG Blénod;2013;Air;Cobalt et composés (exprimés en tant que Co);53;kg/an
0006200067;EDF - CCG Blénod;2013;Air;Cuivre et composés (exprimés en tant que Cu);252;kg/an
0006200067;EDF - CCG Blénod;2013;Air;Fluor et composés inorganiques (en tant que HF);59400;kg/an
0006200067;EDF - CCG Blénod;2013;Air;Manganèse et composés (exprimés en tant que Mn);699;kg/an
0006200339;GLANZSTOFF LONGLAVILLE;2013;Air;Acétaldéhyde (aldéhyde acétique  éthanal);14900;kg/an
0006200067;EDF - CCG Blénod;2013;Air;Mercure et composés (exprimés en tant que Hg);37;kg/an
0006200067;EDF - CCG Blénod;2013;Air;Nickel et composés (exprimés en tant que Ni);478;kg/an
0006200339;GLANZSTOFF LONGLAVILLE;2013;Air;Composés organiques volatils non méthaniques (COVNM);42700;kg/an
0006200067;EDF - CCG Blénod;2013;Air;Oxydes de soufre (SOx/SO2);11900000;kg/an
0006200067;EDF - CCG Blénod;2013;Air;Oxydes d'azote (NOx/NO2);6180000;kg/an
0006200339;GLANZSTOFF LONGLAVILLE;2013;Air;Dioxyde de carbone (CO2) d'origine non biomasse;15700000;kg/an
0006200067;EDF - CCG Blénod;2013;Air;Particules (PM10);775000;kg/an
0006200067;EDF - CCG Blénod;2013;Air;Plomb et composés (exprimés en tant que Pb);264;kg/an
0006200339;GLANZSTOFF LONGLAVILLE;2013;Air;Dioxyde de carbone (CO2) total (d'origine biomasse et non biomasse);15700000;kg/an
0006200067;EDF - CCG Blénod;2013;Air;Poussières totales;969000;kg/an
0006200067;EDF - CCG Blénod;2013;Air;Protoxyde d'azote (N2O);37000;kg/an
0006200373;VAL'ERGIE (ex.NANCY ENERGIE) à  Ludres;2013;Air;Dioxyde de carbone (CO2) d'origine non biomasse;42200000;kg/an
0006200067;EDF - CCG Blénod;2013;Air;Zinc et composés (exprimés en tant que Zn);809;kg/an
0006200373;VAL'ERGIE (ex.NANCY ENERGIE) à  Ludres;2013;Air;Dioxyde de carbone (CO2) total (d'origine biomasse et non biomasse);97700000;kg/an
0006200067;EDF - CCG Blénod;2013;Air;Vanadium et ses composés;731;kg/an
0006200067;EDF - CCG Blénod;2013;Air;Thallium et ses composés (exprimés en tant que Tl);210;kg/an
0006200373;VAL'ERGIE (ex.NANCY ENERGIE) à  Ludres;2013;Air;Dioxyde de carbone (CO2) d'origine biomasse;55500000;kg/an
0006200067;EDF - CCG Blénod;2013;Air;Dioxyde de carbone (CO2) d'origine non biomasse;2390000000;kg/an
0006200067;EDF - CCG Blénod;2013;Air;Dioxyde de carbone (CO2) total (d'origine biomasse et non biomasse);2390000000;kg/an
0006200381;ARDAGH METAL PACKAGING France SAS;2013;Air;Composés organiques volatils non méthaniques (COVNM);142000;kg/an
0006200067;EDF - CCG Blénod;2013;Eau (direct);Cuivre et composés (exprimés en tant que Cu);1000;kg/an
0006200067;EDF - CCG Blénod;2013;Eau (direct);Zinc et composés (exprimés en tant que Zn);413;kg/an
0006200472;ESTIA;2013;Air;Dioxyde de carbone (CO2) d'origine non biomasse;16200000;kg/an
0006200472;ESTIA;2013;Air;Dioxyde de carbone (CO2) total (d'origine biomasse et non biomasse);16200000;kg/an
0006200092;STORENGY;2013;Air;Méthane (CH4);133000;kg/an
0006200499;SAM RIVA;2013;Air;Benzène;1080;kg/an
0006200104;Brasserie Champigneulles;2013;Air;Dioxyde de carbone (CO2) d'origine non biomasse;15200000;kg/an
0006200499;SAM RIVA;2013;Air;Cadmium et composés (exprimés en tant que Cd);99.9;kg/an
0006200104;Brasserie Champigneulles;2013;Air;Dioxyde de carbone (CO2) total (d'origine biomasse et non biomasse);15200000;kg/an
0006200499;SAM RIVA;2013;Air;Chlore et composés inorganiques (en tant que HCl);20800;kg/an
0006200499;SAM RIVA;2013;Air;Cobalt et composés (exprimés en tant que Co);8.27;kg/an
0006200499;SAM RIVA;2013;Air;Cuivre et composés (exprimés en tant que Cu);137;kg/an
0006200952;CET d'ABONCOURT;2013;Air;Méthane (CH4);1420000;kg/an
0006200499;SAM RIVA;2013;Air;Manganèse et composés (exprimés en tant que Mn);749;kg/an
0006200952;CET d'ABONCOURT;2013;Air;Dioxyde de carbone (CO2) total (d'origine biomasse et non biomasse);10200000;kg/an
0006200952;CET d'ABONCOURT;2013;Air;Dioxyde de carbone (CO2) d'origine biomasse;10200000;kg/an
0006200499;SAM RIVA;2013;Air;Mercure et composés (exprimés en tant que Hg);59.2;kg/an
0006200499;SAM RIVA;2013;Air;Monoxyde de carbone (CO);553000;kg/an
0006200980;LES BRONZES D'INDUSTRIE;2013;Air;Zinc et composés (exprimés en tant que Zn);322;kg/an
0006200499;SAM RIVA;2013;Air;Plomb et composés (exprimés en tant que Pb);589;kg/an
0006201020;EUROSERUM;2013;Eau (indirect);Demande biologique en oxygène (DBO5);216000;kg/an
0006201020;EUROSERUM;2013;Eau (indirect);Demande chimique en oxygène (DCO);412000;kg/an
0006200499;SAM RIVA;2013;Air;Zinc et composés (exprimés en tant que Zn);7250;kg/an
0006201020;EUROSERUM;2013;Eau (indirect);Phosphore total;5350;kg/an
0006200499;SAM RIVA;2013;Air;Vanadium et ses composés;11.4;kg/an
0006200499;SAM RIVA;2013;Air;Dioxyde de carbone (CO2) d'origine non biomasse;100000000;kg/an
0006201117;Continental France SNC;2013;Air;Composés organiques volatils non méthaniques (COVNM);49200;kg/an
0006201149;CIMULEC;2013;Eau (direct);Octylphénols et éthoxylates d'octylphénol;1.8;kg/an
0006200499;SAM RIVA;2013;Air;Dioxyde de carbone (CO2) total (d'origine biomasse et non biomasse);100000000;kg/an
0006200499;SAM RIVA;2013;Eau (direct);Arsenic et composés (exprimés en tant que As);5.19;kg/an
0006201196;SUEZ RV Nord Est;2013;Air;Méthane (CH4);759000;kg/an
0006201196;SUEZ RV Nord Est;2013;Air;Dioxyde de carbone (CO2) total (d'origine biomasse et non biomasse);11900000;kg/an
0006201196;SUEZ RV Nord Est;2013;Air;Dioxyde de carbone (CO2) d'origine biomasse;11900000;kg/an
0006200499;SAM RIVA;2013;Eau (direct);Plomb et composés (exprimés en tant que Pb);24.7;kg/an
0006201203;SOVITEC FRANCE SAS;2013;Air;Dioxyde de carbone (CO2) d'origine non biomasse;15700000;kg/an
0006200499;SAM RIVA;2013;Eau (direct);Zinc et composés (exprimés en tant que Zn);1170;kg/an
0006201203;SOVITEC FRANCE SAS;2013;Air;Dioxyde de carbone (CO2) total (d'origine biomasse et non biomasse);15700000;kg/an
0006201213;ARCELORMITTAL FRANCE;2013;Air;Hydrochlorofluorocarbures (HCFC);9.86;kg/an
0006200529;SUEZ RV NORD EST;2013;Air;Méthane (CH4);679000;kg/an
0006201213;ARCELORMITTAL FRANCE;2013;Air;Monoxyde de carbone (CO);714000;kg/an
0006201213;ARCELORMITTAL FRANCE;2013;Air;Oxydes d'azote (NOx/NO2);116000;kg/an
0006200529;SUEZ RV NORD EST;2013;Air;Dioxyde de carbone (CO2) total (d'origine biomasse et non biomasse);14100000;kg/an
0006200529;SUEZ RV NORD EST;2013;Air;Dioxyde de carbone (CO2) d'origine biomasse;14100000;kg/an
0006201286;ArcelorMittal Gandrange;2013;Air;Dioxyde de carbone (CO2) d'origine non biomasse;20400000;kg/an
0006201286;ArcelorMittal Gandrange;2013;Air;Dioxyde de carbone (CO2) total (d'origine biomasse et non biomasse);20400000;kg/an
0006200539;SAINT GOBAIN PAM;2013;Air;Cobalt et composés (exprimés en tant que Co);5.28;kg/an
0006201286;ArcelorMittal Gandrange;2013;Eau (direct);Plomb et composés (exprimés en tant que Pb);68;kg/an
0006200539;SAINT GOBAIN PAM;2013;Air;Composés organiques volatils non méthaniques (COVNM);559000;kg/an
0006201313;ASCOMETAL HAGONDANGE SAS;2013;Air;Chrome et composés (exprimés en tant que Cr);297;kg/an
0006201313;ASCOMETAL HAGONDANGE SAS;2013;Air;Manganèse et composés (exprimés en tant que Mn);965;kg/an
0006200539;SAINT GOBAIN PAM;2013;Air;Cuivre et composés (exprimés en tant que Cu);345;kg/an
0006201313;ASCOMETAL HAGONDANGE SAS;2013;Air;Mercure et composés (exprimés en tant que Hg);17.1;kg/an
0006201313;ASCOMETAL HAGONDANGE SAS;2013;Air;Plomb et composés (exprimés en tant que Pb);336;kg/an
0006200539;SAINT GOBAIN PAM;2013;Air;Manganèse et composés (exprimés en tant que Mn);336;kg/an
0006201313;ASCOMETAL HAGONDANGE SAS;2013;Air;Zinc et composés (exprimés en tant que Zn);9700;kg/an
0006201313;ASCOMETAL HAGONDANGE SAS;2013;Air;Dioxyde de carbone (CO2) d'origine non biomasse;64500000;kg/an
0006200539;SAINT GOBAIN PAM;2013;Air;Mercure et composés (exprimés en tant que Hg);25.7;kg/an
0006201313;ASCOMETAL HAGONDANGE SAS;2013;Air;Dioxyde de carbone (CO2) total (d'origine biomasse et non biomasse);64500000;kg/an
0006201313;ASCOMETAL HAGONDANGE SAS;2013;Eau (direct);Cadmium et composés (exprimés en tant que Cd);4.27;kg/an
0006201313;ASCOMETAL HAGONDANGE SAS;2013;Eau (direct);Nickel et composés (exprimés en tant que Ni);59.3;kg/an
0006200539;SAINT GOBAIN PAM;2013;Air;Monoxyde de carbone (CO);1200000;kg/an
0006201313;ASCOMETAL HAGONDANGE SAS;2013;Eau (direct);Plomb et composés (exprimés en tant que Pb);45.6;kg/an
0006201313;ASCOMETAL HAGONDANGE SAS;2013;Eau (direct);Zinc et composés (exprimés en tant que Zn);327;kg/an
0006200539;SAINT GOBAIN PAM;2013;Air;Nickel et composés (exprimés en tant que Ni);154;kg/an
0006201330;SMART FRANCE SAS;2013;Air;Composés organiques volatils non méthaniques (COVNM);97700;kg/an
0006201330;SMART FRANCE SAS;2013;Air;Dioxyde de carbone (CO2) d'origine non biomasse;16400000;kg/an
0006200539;SAINT GOBAIN PAM;2013;Air;Oxydes d'azote (NOx/NO2);107000;kg/an
0006201330;SMART FRANCE SAS;2013;Air;Dioxyde de carbone (CO2) total (d'origine biomasse et non biomasse);16400000;kg/an
0006201358;LIBERTY RAIL Hayange;2013;Air;Dioxyde de carbone (CO2) d'origine non biomasse;33700000;kg/an
0006200539;SAINT GOBAIN PAM;2013;Air;Poussières totales;246000;kg/an
0006201358;LIBERTY RAIL Hayange;2013;Air;Dioxyde de carbone (CO2) total (d'origine biomasse et non biomasse);33700000;kg/an
0006200539;SAINT GOBAIN PAM;2013;Air;Zinc et composés (exprimés en tant que Zn);3860;kg/an
0006200539;SAINT GOBAIN PAM;2013;Air;Vanadium et ses composés;10;kg/an
0006201364;ARCELORMITTAL ATLANTIQUE ET LORRAINE;2013;Air;Dioxyde de carbone (CO2) d'origine non biomasse;531000000;kg/an
0006200539;SAINT GOBAIN PAM;2013;Air;Dioxyde de carbone (CO2) d'origine non biomasse;585000000;kg/an
0006201364;ARCELORMITTAL ATLANTIQUE ET LORRAINE;2013;Air;Dioxyde de carbone (CO2) total (d'origine biomasse et non biomasse);531000000;kg/an
0006200539;SAINT GOBAIN PAM;2013;Air;Dioxyde de carbone (CO2) total (d'origine biomasse et non biomasse);585000000;kg/an
0006200539;SAINT GOBAIN PAM;2013;Eau (direct);Cadmium et composés (exprimés en tant que Cd);80.3;kg/an
0006200539;SAINT GOBAIN PAM;2013;Eau (direct);Cuivre et composés (exprimés en tant que Cu);168;kg/an
0006201370;EQIOM;2013;Air;Oxydes d'azote (NOx/NO2);956000;kg/an
0006201370;EQIOM;2013;Air;Zinc et composés (exprimés en tant que Zn);386;kg/an
0006200539;SAINT GOBAIN PAM;2013;Eau (direct);Demande chimique en oxygène (DCO);164000;kg/an
0006201370;EQIOM;2013;Air;Vanadium et ses composés;19.2;kg/an
0006201370;EQIOM;2013;Air;Dioxyde de carbone (CO2) d'origine non biomasse;479000000;kg/an
0006200539;SAINT GOBAIN PAM;2013;Eau (direct);Plomb et composés (exprimés en tant que Pb);1200;kg/an
0006201370;EQIOM;2013;Air;Dioxyde de carbone (CO2) total (d'origine biomasse et non biomasse);479000000;kg/an
0006201370;EQIOM;2013;Eau (direct);Cadmium et composés (exprimés en tant que Cd);1.7;kg/an
0006200539;SAINT GOBAIN PAM;2013;Eau (direct);Zinc et composés (exprimés en tant que Zn);2160;kg/an
0006201370;EQIOM;2013;Eau (direct);Mercure et composés (exprimés en tant que Hg);3.3;kg/an
0006201477;CEDILOR;2013;Eau (direct);Nickel et composés (exprimés en tant que Ni);64.3;kg/an
0006200720;KIMBERLY CLARK SAS;2013;Air;Méthane (CH4);155000;kg/an
0006200720;KIMBERLY CLARK SAS;2013;Air;Dioxyde de carbone (CO2) d'origine non biomasse;41900000;kg/an
0006201529;CHARAL METZ;2013;Eau (indirect);Demande biologique en oxygène (DBO5);139000;kg/an
0006201529;CHARAL METZ;2013;Eau (indirect);Demande chimique en oxygène (DCO);273000;kg/an
0006200720;KIMBERLY CLARK SAS;2013;Air;Dioxyde de carbone (CO2) total (d'origine biomasse et non biomasse);41900000;kg/an
0006200725;VICAT (usine de Xeuilley);2013;Air;Ammoniac (NH3);61600;kg/an
0006201555;MALTEUROP FRANCE;2013;Eau (indirect);Demande biologique en oxygène (DBO5);278000;kg/an
0006200725;VICAT (usine de Xeuilley);2013;Air;Benzène;1830;kg/an
0006201555;MALTEUROP FRANCE;2013;Eau (indirect);Demande chimique en oxygène (DCO);602000;kg/an
0006200725;VICAT (usine de Xeuilley);2013;Air;Monoxyde de carbone (CO);668000;kg/an
0006201561;UEM;2013;Air;Oxydes de soufre (SOx/SO2);354000;kg/an
0006201561;UEM;2013;Air;Oxydes d'azote (NOx/NO2);166000;kg/an
0006200725;VICAT (usine de Xeuilley);2013;Air;Oxydes de soufre (SOx/SO2);441000;kg/an
0006201561;UEM;2013;Air;Protoxyde d'azote (N2O);23100;kg/an
0006201561;UEM;2013;Air;Dioxyde de carbone (CO2) d'origine non biomasse;65500000;kg/an
0006200725;VICAT (usine de Xeuilley);2013;Air;Oxydes d'azote (NOx/NO2);382000;kg/an
0006201561;UEM;2013;Air;Dioxyde de carbone (CO2) total (d'origine biomasse et non biomasse);65500000;kg/an
0006200725;VICAT (usine de Xeuilley);2013;Air;Phénols (en tant que C total);1140;kg/an
0006201610;SFTR;2013;Air;Méthane (CH4);197000;kg/an
0006200725;VICAT (usine de Xeuilley);2013;Air;Protoxyde d'azote (N2O);12400;kg/an
0006201615;FRANCE GALVA LORRAINE;2013;Air;Zinc et composés (exprimés en tant que Zn);259;kg/an
0006200725;VICAT (usine de Xeuilley);2013;Air;Dioxyde de carbone (CO2) d'origine non biomasse;353000000;kg/an
0006200725;VICAT (usine de Xeuilley);2013;Air;Dioxyde de carbone (CO2) total (d'origine biomasse et non biomasse);380000000;kg/an
0006200725;VICAT (usine de Xeuilley);2013;Air;Dioxyde de carbone (CO2) d'origine biomasse;27700000;kg/an
0006201682;DEPALOR S.A.S;2013;Air;Oxydes d'azote (NOx/NO2);112000;kg/an
0006201682;DEPALOR S.A.S;2013;Air;Dioxyde de carbone (CO2) total (d'origine biomasse et non biomasse);27200000;kg/an
0006200776;ARCELORMITTAL CF;2013;Air;Dioxyde de carbone (CO2) d'origine non biomasse;19200000;kg/an
0006201682;DEPALOR S.A.S;2013;Air;Dioxyde de carbone (CO2) d'origine biomasse;27200000;kg/an
0006201748;URSA FRANCE;2013;Air;Ammoniac (NH3);81300;kg/an
0006200776;ARCELORMITTAL CF;2013;Air;Dioxyde de carbone (CO2) total (d'origine biomasse et non biomasse);19200000;kg/an
0006201748;URSA FRANCE;2013;Air;Composés organiques volatils non méthaniques (COVNM);228000;kg/an
0006201748;URSA FRANCE;2013;Air;Manganèse et composés (exprimés en tant que Mn);553;kg/an
0006200817;INNOSPEC PERFORMANCE CHEMICALS;2013;Eau (direct);Arsenic et composés (exprimés en tant que As);8.8;kg/an
0006201748;URSA FRANCE;2013;Air;Mercure et composés (exprimés en tant que Hg);32.7;kg/an
0006201748;URSA FRANCE;2013;Air;Phénols (en tant que C total);2420;kg/an
0006200817;INNOSPEC PERFORMANCE CHEMICALS;2013;Eau (direct);Cadmium et composés (exprimés en tant que Cd);1.6;kg/an
0006200900;CARRIERES ET FOURS A CHAUX DE DUGNY;2013;Air;Hydrocarbures aromatiques polycycliques (HAP);54.1;kg/an
0006201749;TOTAL PETROCHEMICALS France;2013;Eau (indirect);Fluorures (en tant que F total);4320;kg/an
0006200900;CARRIERES ET FOURS A CHAUX DE DUGNY;2013;Air;Oxydes d'azote (NOx/NO2);107000;kg/an
0006200900;CARRIERES ET FOURS A CHAUX DE DUGNY;2013;Air;Dioxyde de carbone (CO2) d'origine non biomasse;318000000;kg/an
0006201759;ARKEMA;2013;Air;Composés organiques volatils non méthaniques (COVNM);276000;kg/an
0006200900;CARRIERES ET FOURS A CHAUX DE DUGNY;2013;Air;Dioxyde de carbone (CO2) total (d'origine biomasse et non biomasse);318000000;kg/an
0006201759;ARKEMA;2013;Air;Dioxyde de carbone (CO2) d'origine non biomasse;148000000;kg/an
0006201759;ARKEMA;2013;Air;Dioxyde de carbone (CO2) total (d'origine biomasse et non biomasse);148000000;kg/an
0006200909;AHLSTROM-MUNKSJÖ STENAY SAS;2013;Air;Oxydes de soufre (SOx/SO2);410000;kg/an
0006201759;ARKEMA;2013;Eau (direct);Cadmium et composés (exprimés en tant que Cd);2.1;kg/an
0006201759;ARKEMA;2013;Eau (direct);Chloroforme (trichlorométhane);12.2;kg/an
0006201759;ARKEMA;2013;Eau (direct);Cuivre et composés (exprimés en tant que Cu);51;kg/an
0006201759;ARKEMA;2013;Eau (direct);Fer et composés (exprimés en tant que Fe);5880;kg/an
0006201759;ARKEMA;2013;Eau (direct);Manganèse et composés (exprimés en tant que Mn);1120;kg/an
0006200909;AHLSTROM-MUNKSJÖ STENAY SAS;2013;Air;Oxydes d'azote (NOx/NO2);180000;kg/an
0006201759;ARKEMA;2013;Eau (direct);Mercure et composés (exprimés en tant que Hg);1.1;kg/an
0006201759;ARKEMA;2013;Eau (direct);Nickel et composés (exprimés en tant que Ni);66;kg/an
0006200909;AHLSTROM-MUNKSJÖ STENAY SAS;2013;Air;Dioxyde de carbone (CO2) d'origine non biomasse;81400000;kg/an
0006201759;ARKEMA;2013;Eau (direct);Zinc et composés (exprimés en tant que Zn);880;kg/an
0006201795;ALTUGLAS INTERNATIONAL;2013;Air;Hydroflurocarbures (HFC);699;kg/an
0006200909;AHLSTROM-MUNKSJÖ STENAY SAS;2013;Air;Dioxyde de carbone (CO2) total (d'origine biomasse et non biomasse);81400000;kg/an
0006201804;CRISTALLERIES DE SAINT-LOUIS;2013;Eau (direct);Plomb et composés (exprimés en tant que Pb);200;kg/an
0006200909;AHLSTROM-MUNKSJÖ STENAY SAS;2013;Eau (direct);Composés organohalogénés (exprimés en tant que AOX);2840;kg/an
0006201829;AMCOR FLEXIBLES SARREBOURG SAS;2013;Air;Composés organiques volatils non méthaniques (COVNM);641000;kg/an
0006200909;AHLSTROM-MUNKSJÖ STENAY SAS;2013;Eau (direct);Demande chimique en oxygène (DCO);150000;kg/an
0006201829;AMCOR FLEXIBLES SARREBOURG SAS;2013;Air;Dioxyde de carbone (CO2) d'origine non biomasse;30400000;kg/an
0006201829;AMCOR FLEXIBLES SARREBOURG SAS;2013;Air;Dioxyde de carbone (CO2) total (d'origine biomasse et non biomasse);30400000;kg/an
0006200921;RHOVYL;2013;Air;Composés organiques volatils non méthaniques (COVNM);100000;kg/an
0006201887;ARCELORMITTAL FRANCE;2013;Air;Hydroflurocarbures (HFC);111;kg/an
0006201887;ARCELORMITTAL FRANCE;2013;Air;Oxydes d'azote (NOx/NO2);221000;kg/an
0006201887;ARCELORMITTAL FRANCE;2013;Eau (direct);Fer et composés (exprimés en tant que Fe);3790;kg/an
0006200922;SODETAL AWT;2013;Eau (direct);Cuivre et composés (exprimés en tant que Cu);54.1;kg/an
0006201892;ARCELORMITTAL FRANCE;2013;Air;Hydrochlorofluorocarbures (HCFC);3;kg/an
0006200938;VALTRIS ENTERPRISES FRANCE SAS;2013;Air;Composés organiques volatils non méthaniques (COVNM);212000;kg/an
0006200938;VALTRIS ENTERPRISES FRANCE SAS;2013;Air;Méthanol (alcool méthylique);22800;kg/an
0006201894;ARCELORMITTAL FRANCE;2013;Air;Benzène;48900;kg/an
0006200938;VALTRIS ENTERPRISES FRANCE SAS;2013;Air;Dioxyde de carbone (CO2) d'origine non biomasse;29900000;kg/an
0006201894;ARCELORMITTAL FRANCE;2013;Air;Oxydes de soufre (SOx/SO2);252000;kg/an
0006201894;ARCELORMITTAL FRANCE;2013;Air;Oxydes d'azote (NOx/NO2);243000;kg/an
0006200938;VALTRIS ENTERPRISES FRANCE SAS;2013;Air;Dioxyde de carbone (CO2) total (d'origine biomasse et non biomasse);29900000;kg/an
0006201894;ARCELORMITTAL FRANCE;2013;Eau (direct);Phénols (en tant que C total);29;kg/an
0006201922;SUEZ RV NORD EST;2013;Air;Méthane (CH4);563000;kg/an
0006200939;LACTO SERUM FRANCE;2013;Air;Poussières totales;262000;kg/an
0006201922;SUEZ RV NORD EST;2013;Eau (indirect);Hydrocarbures aromatiques polycycliques (HAP);25;kg/an
0006200939;LACTO SERUM FRANCE;2013;Air;Dioxyde de carbone (CO2) d'origine non biomasse;36300000;kg/an
0006200939;LACTO SERUM FRANCE;2013;Air;Dioxyde de carbone (CO2) total (d'origine biomasse et non biomasse);36300000;kg/an
0006200939;LACTO SERUM FRANCE;2013;Sol;Zinc et composés (exprimés en tant que Zn);126;kg/an
0006200942;CFR Compagnie des Fromages & Richemonts;2013;Sol;Fer et composés (exprimés en tant que Fe);26900;kg/an
0006201943;SOCIETE MECANIQUE AUTOMOBILE DE L'EST (SMAE);2013;Air;Hydrochlorofluorocarbures (HCFC);5.4;kg/an
0006201943;SOCIETE MECANIQUE AUTOMOBILE DE L'EST (SMAE);2013;Air;Hydroflurocarbures (HFC);669;kg/an
0006200942;CFR Compagnie des Fromages & Richemonts;2013;Sol;Phosphore total;31800;kg/an
0006201943;SOCIETE MECANIQUE AUTOMOBILE DE L'EST (SMAE);2013;Air;Dioxyde de carbone (CO2) d'origine non biomasse;14700000;kg/an
0006201943;SOCIETE MECANIQUE AUTOMOBILE DE L'EST (SMAE);2013;Air;Dioxyde de carbone (CO2) total (d'origine biomasse et non biomasse);14700000;kg/an
0006202307;LUCART SAS;2013;Eau (direct);Demande chimique en oxygène (DCO);249000;kg/an
0006201963;AKERS France usine de Thionville;2013;Air;Dioxyde de carbone (CO2) d'origine non biomasse;26600000;kg/an
0006201963;AKERS France usine de Thionville;2013;Air;Dioxyde de carbone (CO2) total (d'origine biomasse et non biomasse);26600000;kg/an
0006202054;ARCELORMITTAL FRANCE;2013;Eau (direct);Chrome et composés (exprimés en tant que Cr);52.1;kg/an
0006202068;AHLSTROM-MUNKSJÖ ARCHES;2013;Air;Dioxyde de carbone (CO2) d'origine non biomasse;23600000;kg/an
0006202307;LUCART SAS;2013;Sol;Cuivre et composés (exprimés en tant que Cu);214;kg/an
0006202068;AHLSTROM-MUNKSJÖ ARCHES;2013;Air;Dioxyde de carbone (CO2) total (d'origine biomasse et non biomasse);23600000;kg/an
0006202114;UNION LAITIERE VITTELOISE;2013;Sol;Phosphore total;58000;kg/an
0006202307;LUCART SAS;2013;Sol;Nickel et composés (exprimés en tant que Ni);28;kg/an
0006202118;TOILTECH (ex.Yeramex);2013;Air;Composés organiques volatils non méthaniques (COVNM);69500;kg/an
0006202307;LUCART SAS;2013;Sol;Plomb et composés (exprimés en tant que Pb);31;kg/an
0006202183;ETABLISSEMENT PAPETERIES DE DOCELLES;2013;Air;Dioxyde de carbone (CO2) d'origine non biomasse;25100000;kg/an
0006202307;LUCART SAS;2013;Sol;Zinc et composés (exprimés en tant que Zn);1050;kg/an
0006202183;ETABLISSEMENT PAPETERIES DE DOCELLES;2013;Air;Dioxyde de carbone (CO2) total (d'origine biomasse et non biomasse);25100000;kg/an
0006202183;ETABLISSEMENT PAPETERIES DE DOCELLES;2013;Sol;Zinc et composés (exprimés en tant que Zn);768;kg/an
0006202326;SUEZ RV NORD EST;2013;Air;Méthane (CH4);547000;kg/an
0006202229;PAPETERIES DE CLAIREFONTAINE;2013;Air;Dioxyde de carbone (CO2) d'origine non biomasse;75400000;kg/an
0006202229;PAPETERIES DE CLAIREFONTAINE;2013;Air;Dioxyde de carbone (CO2) total (d'origine biomasse et non biomasse);75400000;kg/an
0006202326;SUEZ RV NORD EST;2013;Air;Dioxyde de carbone (CO2) total (d'origine biomasse et non biomasse);11100000;kg/an
0006202229;PAPETERIES DE CLAIREFONTAINE;2013;Eau (direct);Demande biologique en oxygène (DBO5);122000;kg/an
0006202229;PAPETERIES DE CLAIREFONTAINE;2013;Eau (direct);Demande chimique en oxygène (DCO);211000;kg/an
0006202326;SUEZ RV NORD EST;2013;Air;Dioxyde de carbone (CO2) d'origine biomasse;11100000;kg/an
0006202256;OI Manufacturing France;2013;Air;Oxydes d'azote (NOx/NO2);199000;kg/an
0006202256;OI Manufacturing France;2013;Air;Dioxyde de carbone (CO2) d'origine non biomasse;60100000;kg/an
0006202396;EGGER PANNEAUX ET DECORS;2013;Air;Composés organiques volatils non méthaniques (COVNM);147000;kg/an
0006202256;OI Manufacturing France;2013;Air;Dioxyde de carbone (CO2) total (d'origine biomasse et non biomasse);60100000;kg/an
0006202269;TRANE Golbey;2013;Air;Hydroflurocarbures (HFC);914;kg/an
0006202396;EGGER PANNEAUX ET DECORS;2013;Air;Oxydes d'azote (NOx/NO2);115000;kg/an
0006202274;NORSKE SKOG;2013;Air;Oxydes d'azote (NOx/NO2);290000;kg/an
0006202274;NORSKE SKOG;2013;Air;Dioxyde de carbone (CO2) d'origine non biomasse;31400000;kg/an
0006202396;EGGER PANNEAUX ET DECORS;2013;Air;Dioxyde de carbone (CO2) total (d'origine biomasse et non biomasse);102000000;kg/an
0006202274;NORSKE SKOG;2013;Air;Dioxyde de carbone (CO2) total (d'origine biomasse et non biomasse);31400000;kg/an
0006202274;NORSKE SKOG;2013;Eau (direct);Arsenic et composés (exprimés en tant que As);21;kg/an
0006202396;EGGER PANNEAUX ET DECORS;2013;Air;Dioxyde de carbone (CO2) d'origine biomasse;102000000;kg/an
0006202274;NORSKE SKOG;2013;Eau (direct);Cyanures (sous forme de CN total);1250;kg/an
0006202417;PAPETERIE RAON;2013;Air;Dioxyde de carbone (CO2) d'origine non biomasse;15500000;kg/an
0006202274;NORSKE SKOG;2013;Eau (direct);Demande chimique en oxygène (DCO);1060000;kg/an
0006202274;NORSKE SKOG;2013;Eau (direct);Manganèse et composés (exprimés en tant que Mn);832;kg/an
0006202274;NORSKE SKOG;2013;Eau (direct);Phosphore total;8690;kg/an
0006202274;NORSKE SKOG;2013;Eau (direct);Zinc et composés (exprimés en tant que Zn);101;kg/an
0006202417;PAPETERIE RAON;2013;Air;Dioxyde de carbone (CO2) total (d'origine biomasse et non biomasse);15500000;kg/an
0006202417;PAPETERIE RAON;2013;Eau (direct);Demande chimique en oxygène (DCO);184000;kg/an
0006202417;PAPETERIE RAON;2013;Sol;Cuivre et composés (exprimés en tant que Cu);121;kg/an
0006202307;LUCART SAS;2013;Air;Dioxyde de carbone (CO2) d'origine non biomasse;21900000;kg/an
0006202477;SIBELCO GREEN SOLUTION;2013;Air;Composés organiques volatils non méthaniques (COVNM);33800;kg/an
0006202307;LUCART SAS;2013;Air;Dioxyde de carbone (CO2) total (d'origine biomasse et non biomasse);21900000;kg/an
0006202480;PLACOPLATRE;2013;Air;Composés organiques volatils non méthaniques (COVNM);75700;kg/an
0006202541;VISKASE S.A.S.;2013;Air;Sulfure de carbone;530000;kg/an
0006202541;VISKASE S.A.S.;2013;Eau (direct);Sulfates;3190000;kg/an
0006202575;REBORN VOSGES;2013;Air;Composés organiques volatils non méthaniques (COVNM);45500;kg/an
0006207572;INEOS Polymers SARRALBE SAS;2013;Air;Oxydes d'azote (NOx/NO2);282000;kg/an
0006207572;INEOS Polymers SARRALBE SAS;2013;Air;Dioxyde de carbone (CO2) d'origine non biomasse;127000000;kg/an
0006202608;ENGIE COFELY (Ex ELYO);2013;Air;Dioxyde de carbone (CO2) d'origine non biomasse;15500000;kg/an
0006207572;INEOS Polymers SARRALBE SAS;2013;Air;Dioxyde de carbone (CO2) total (d'origine biomasse et non biomasse);127000000;kg/an
0006207572;INEOS Polymers SARRALBE SAS;2013;Eau (direct);Aluminium et composés (exprimés en tant que Al);3280;kg/an
0006202608;ENGIE COFELY (Ex ELYO);2013;Air;Dioxyde de carbone (CO2) total (d'origine biomasse et non biomasse);29900000;kg/an
0006207572;INEOS Polymers SARRALBE SAS;2013;Eau (direct);Titane et composés (exprimés en tant que Ti);1010;kg/an
0006202608;ENGIE COFELY (Ex ELYO);2013;Air;Dioxyde de carbone (CO2) d'origine biomasse;14400000;kg/an
0006207853;GAZEL ENERGIE GENERATION;2013;Air;Antimoine et composés (exprimés en tant que Sb);33.6;kg/an
0006204536;GRTgaz - Station de Morelmaison;2013;Air;Dioxyde de carbone (CO2) d'origine non biomasse;30700000;kg/an
0006207853;GAZEL ENERGIE GENERATION;2013;Air;Cadmium et composés (exprimés en tant que Cd);13.5;kg/an
0006207853;GAZEL ENERGIE GENERATION;2013;Air;Chlore et composés inorganiques (en tant que HCl);192000;kg/an
0006204536;GRTgaz - Station de Morelmaison;2013;Air;Dioxyde de carbone (CO2) total (d'origine biomasse et non biomasse);30700000;kg/an
0006207853;GAZEL ENERGIE GENERATION;2013;Air;Chrome et composés (exprimés en tant que Cr);201;kg/an
0006207853;GAZEL ENERGIE GENERATION;2013;Air;Cobalt et composés (exprimés en tant que Co);10.3;kg/an
0006204549;GIE DU COSTET BEILLARD;2013;Sol;Cuivre et composés (exprimés en tant que Cu);131;kg/an
0006207853;GAZEL ENERGIE GENERATION;2013;Air;Cuivre et composés (exprimés en tant que Cu);144;kg/an
0006207853;GAZEL ENERGIE GENERATION;2013;Air;Fluor et composés inorganiques (en tant que HF);12900;kg/an
0006207853;GAZEL ENERGIE GENERATION;2013;Air;Mercure et composés (exprimés en tant que Hg);26.9;kg/an
0006204578;SAS SABEST;2013;Eau (indirect);Demande biologique en oxygène (DBO5);73600;kg/an
0006207853;GAZEL ENERGIE GENERATION;2013;Air;Monoxyde de carbone (CO);889000;kg/an
0006207853;GAZEL ENERGIE GENERATION;2013;Air;Nickel et composés (exprimés en tant que Ni);160;kg/an
0006204578;SAS SABEST;2013;Eau (indirect);Demande chimique en oxygène (DCO);173000;kg/an
0006207853;GAZEL ENERGIE GENERATION;2013;Air;Oxydes de soufre (SOx/SO2);4660000;kg/an
0006207853;GAZEL ENERGIE GENERATION;2013;Air;Oxydes d'azote (NOx/NO2);5030000;kg/an
0006204579;SOLEVAL FRANCE;2013;Air;Dioxyde de carbone (CO2) d'origine non biomasse;14200000;kg/an
0006207853;GAZEL ENERGIE GENERATION;2013;Air;Particules (PM10);155000;kg/an
0006207853;GAZEL ENERGIE GENERATION;2013;Air;Plomb et composés (exprimés en tant que Pb);252;kg/an
0006207853;GAZEL ENERGIE GENERATION;2013;Air;Poussières totales;161000;kg/an
0006204579;SOLEVAL FRANCE;2013;Air;Dioxyde de carbone (CO2) total (d'origine biomasse et non biomasse);14200000;kg/an
0006207853;GAZEL ENERGIE GENERATION;2013;Air;Protoxyde d'azote (N2O);109000;kg/an
0006207853;GAZEL ENERGIE GENERATION;2013;Air;Zinc et composés (exprimés en tant que Zn);2530;kg/an
0006204691;COGESTAR (Papeterie Arjo Wiggins);2013;Air;Dioxyde de carbone (CO2) d'origine non biomasse;18000000;kg/an
0006207853;GAZEL ENERGIE GENERATION;2013;Air;Vanadium et ses composés;36.5;kg/an
0006207853;GAZEL ENERGIE GENERATION;2013;Air;Dioxyde de carbone (CO2) d'origine non biomasse;3680000000;kg/an
0006207853;GAZEL ENERGIE GENERATION;2013;Air;Dioxyde de carbone (CO2) total (d'origine biomasse et non biomasse);3680000000;kg/an
0006204691;COGESTAR (Papeterie Arjo Wiggins);2013;Air;Dioxyde de carbone (CO2) total (d'origine biomasse et non biomasse);18000000;kg/an
0006207853;GAZEL ENERGIE GENERATION;2013;Eau (direct);Arsenic et composés (exprimés en tant que As);86;kg/an
0006207853;GAZEL ENERGIE GENERATION;2013;Eau (direct);Cadmium et composés (exprimés en tant que Cd);9.53;kg/an
0006204816;CCV;2013;Air;Dioxyde de carbone (CO2) d'origine non biomasse;11700000;kg/an
0006207853;GAZEL ENERGIE GENERATION;2013;Eau (direct);Chrome hexavalent et composés (exprimés en tant que Cr VI);39;kg/an
0006207853;GAZEL ENERGIE GENERATION;2013;Eau (direct);Manganèse et composés (exprimés en tant que Mn);1020;kg/an
0006204816;CCV;2013;Air;Dioxyde de carbone (CO2) total (d'origine biomasse et non biomasse);11700000;kg/an
0006207853;GAZEL ENERGIE GENERATION;2013;Eau (direct);Mercure et composés (exprimés en tant que Hg);1.16;kg/an
0006207853;GAZEL ENERGIE GENERATION;2013;Eau (direct);Nickel et composés (exprimés en tant que Ni);200;kg/an
0006204851;INTERPANE GLASS France;2013;Air;Oxydes d'azote (NOx/NO2);369000;kg/an
0006207853;GAZEL ENERGIE GENERATION;2013;Eau (direct);Plomb et composés (exprimés en tant que Pb);86;kg/an
0006207853;GAZEL ENERGIE GENERATION;2013;Eau (direct);Sulfates;1630000;kg/an
0006204851;INTERPANE GLASS France;2013;Air;Dioxyde de carbone (CO2) d'origine non biomasse;124000000;kg/an
0006207853;GAZEL ENERGIE GENERATION;2013;Eau (direct);Zinc et composés (exprimés en tant que Zn);590;kg/an
0006204851;INTERPANE GLASS France;2013;Air;Dioxyde de carbone (CO2) total (d'origine biomasse et non biomasse);124000000;kg/an
0006204953;ELIS LORRAINE/PIERRETTE TBA;2013;Eau (indirect);Demande biologique en oxygène (DBO5);49200;kg/an
0006208086;Seev;2013;Air;Dioxyde de carbone (CO2) total (d'origine biomasse et non biomasse);12000000;kg/an
0006208086;Seev;2013;Air;Dioxyde de carbone (CO2) d'origine biomasse;12000000;kg/an
0006204993;HAGANIS;2013;Air;Dioxyde de carbone (CO2) d'origine non biomasse;35100000;kg/an
0006204993;HAGANIS;2013;Air;Dioxyde de carbone (CO2) total (d'origine biomasse et non biomasse);81500000;kg/an
0006208313;Total direct Energie centrale électrique Toul;2013;Air;Dioxyde de carbone (CO2) d'origine non biomasse;248000000;kg/an
0006204993;HAGANIS;2013;Air;Dioxyde de carbone (CO2) d'origine biomasse;46400000;kg/an
0006208313;Total direct Energie centrale électrique Toul;2013;Air;Dioxyde de carbone (CO2) total (d'origine biomasse et non biomasse);248000000;kg/an
0006205027;GLACES THIRIET SAS;2013;Air;Hydroflurocarbures (HFC);229;kg/an
0006205051;WELLMAN NEUFCHATEAU RECYCLAGE;2013;Eau (indirect);Demande biologique en oxygène (DBO5);50300;kg/an
0006208533;SUEZ RV NORD EST;2013;Air;Méthane (CH4);1100000;kg/an
0006205178;INITIAL;2013;Air;Tétrachloroéthylène (PER, tétrachloroéthylène);27500;kg/an
0006300757;SEDEP SAS;2013;Eau (direct);Manganèse et composés (exprimés en tant que Mn);852;kg/an
0006205245;ARCELORMITTAL FRANCE;2013;Air;Hydrochlorofluorocarbures (HCFC);12.7;kg/an
0006205449;SOCIETE DES FOURS A CHAUX DE SORCY;2013;Air;Oxydes d'azote (NOx/NO2);212000;kg/an
0006300877;MICHELIN;2013;Air;Composés organiques volatils non méthaniques (COVNM);139000;kg/an
0006300877;MICHELIN;2013;Air;Dioxyde de carbone (CO2) d'origine non biomasse;25300000;kg/an
0006205449;SOCIETE DES FOURS A CHAUX DE SORCY;2013;Air;Dioxyde de carbone (CO2) d'origine non biomasse;268000000;kg/an
0006300877;MICHELIN;2013;Air;Dioxyde de carbone (CO2) total (d'origine biomasse et non biomasse);36800000;kg/an
0006300877;MICHELIN;2013;Air;Dioxyde de carbone (CO2) d'origine biomasse;11500000;kg/an
0006205449;SOCIETE DES FOURS A CHAUX DE SORCY;2013;Air;Dioxyde de carbone (CO2) total (d'origine biomasse et non biomasse);268000000;kg/an
0006300878;MICHELIN;2013;Air;Composés organiques volatils non méthaniques (COVNM);90500;kg/an
0006205585;SODEVAR (Puits Vouters);2013;Air;Dioxyde de carbone (CO2) d'origine non biomasse;11400000;kg/an
0006300878;MICHELIN;2013;Air;Dioxyde de carbone (CO2) d'origine non biomasse;10200000;kg/an
0006300878;MICHELIN;2013;Air;Dioxyde de carbone (CO2) total (d'origine biomasse et non biomasse);10200000;kg/an
0006205585;SODEVAR (Puits Vouters);2013;Air;Dioxyde de carbone (CO2) total (d'origine biomasse et non biomasse);11400000;kg/an
0006205633;EDF Direction Production Ingénierie;2013;Air;Antimoine et composés (exprimés en tant que Sb);28.4;kg/an
0006300886;MANITOU BF;2013;Air;Composés organiques volatils non méthaniques (COVNM);45700;kg/an
0006205633;EDF Direction Production Ingénierie;2013;Air;Arsenic et composés (exprimés en tant que As);100;kg/an
0006300890;LTR INDUSTRIES;2013;Air;Dioxyde de carbone (CO2) d'origine non biomasse;25700000;kg/an
0006300890;LTR INDUSTRIES;2013;Air;Dioxyde de carbone (CO2) total (d'origine biomasse et non biomasse);25700000;kg/an
0006205633;EDF Direction Production Ingénierie;2013;Air;Cadmium et composés (exprimés en tant que Cd);11.6;kg/an
0006300890;LTR INDUSTRIES;2013;Eau (direct);Demande chimique en oxygène (DCO);631000;kg/an
0006205633;EDF Direction Production Ingénierie;2013;Air;Chlore et composés inorganiques (en tant que HCl);558000;kg/an
0006300890;LTR INDUSTRIES;2013;Eau (direct);Nickel et composés (exprimés en tant que Ni);27;kg/an
0006205633;EDF Direction Production Ingénierie;2013;Air;Cobalt et composés (exprimés en tant que Co);23.1;kg/an
0006300902;SECHE Eco-Industries - site : Mézerolles;2013;Air;Méthane (CH4);278000;kg/an
0006205633;EDF Direction Production Ingénierie;2013;Air;Fluor et composés inorganiques (en tant que HF);40800;kg/an
0006205633;EDF Direction Production Ingénierie;2013;Air;Manganèse et composés (exprimés en tant que Mn);307;kg/an
0006300905;SABOURIN SAS;2013;Air;Dioxyde de carbone (CO2) d'origine non biomasse;13500000;kg/an
0006205633;EDF Direction Production Ingénierie;2013;Air;Mercure et composés (exprimés en tant que Hg);29.6;kg/an
0006300905;SABOURIN SAS;2013;Air;Dioxyde de carbone (CO2) total (d'origine biomasse et non biomasse);13500000;kg/an
0006300905;SABOURIN SAS;2013;Sol;Nonylphénols et éthoxylates de nonylphénol (NP/NPE);1.5;kg/an
0006205633;EDF Direction Production Ingénierie;2013;Air;Nickel et composés (exprimés en tant que Ni);204;kg/an
0006300906;LAITERIE DU VAL D'ANCENIS;2013;Air;Dioxyde de carbone (CO2) d'origine non biomasse;29400000;kg/an
0006300906;LAITERIE DU VAL D'ANCENIS;2013;Air;Dioxyde de carbone (CO2) total (d'origine biomasse et non biomasse);29400000;kg/an
0006205633;EDF Direction Production Ingénierie;2013;Air;Oxydes de soufre (SOx/SO2);8200000;kg/an
0006300906;LAITERIE DU VAL D'ANCENIS;2013;Eau (indirect);Azote total;130000;kg/an
0006300906;LAITERIE DU VAL D'ANCENIS;2013;Eau (indirect);Demande biologique en oxygène (DBO5);1210000;kg/an
0006205633;EDF Direction Production Ingénierie;2013;Air;Oxydes d'azote (NOx/NO2);4500000;kg/an
0006300906;LAITERIE DU VAL D'ANCENIS;2013;Eau (indirect);Demande chimique en oxygène (DCO);2080000;kg/an
0006300906;LAITERIE DU VAL D'ANCENIS;2013;Eau (indirect);Matières en suspension (MES);477000;kg/an
0006205633;EDF Direction Production Ingénierie;2013;Air;Particules (PM10);292000;kg/an
0006300906;LAITERIE DU VAL D'ANCENIS;2013;Eau (indirect);Phosphore total;33600;kg/an
0006205633;EDF Direction Production Ingénierie;2013;Air;Poussières totales;365000;kg/an
0006300907;LAITERIE SAINT PERE;2013;Eau (direct);Phosphore total;6620;kg/an
0006205633;EDF Direction Production Ingénierie;2013;Air;Protoxyde d'azote (N2O);21700;kg/an
0006205633;EDF Direction Production Ingénierie;2013;Air;Zinc et composés (exprimés en tant que Zn);330;kg/an
0006300908;LAFARGEHOLCIM CIMENTS (usine cimenterie);2013;Air;Chlore et composés inorganiques (en tant que HCl);15500;kg/an
0006300908;LAFARGEHOLCIM CIMENTS (usine cimenterie);2013;Air;Mercure et composés (exprimés en tant que Hg);45.2;kg/an
0006205633;EDF Direction Production Ingénierie;2013;Air;Vanadium et ses composés;287;kg/an
0006300908;LAFARGEHOLCIM CIMENTS (usine cimenterie);2013;Air;Oxydes d'azote (NOx/NO2);1450000;kg/an
0006300908;LAFARGEHOLCIM CIMENTS (usine cimenterie);2013;Air;Protoxyde d'azote (N2O);17700;kg/an
0006205633;EDF Direction Production Ingénierie;2013;Air;Thallium et ses composés (exprimés en tant que Tl);97.2;kg/an
0006300908;LAFARGEHOLCIM CIMENTS (usine cimenterie);2013;Air;Dioxyde de carbone (CO2) d'origine non biomasse;886000000;kg/an
0006300908;LAFARGEHOLCIM CIMENTS (usine cimenterie);2013;Air;Dioxyde de carbone (CO2) total (d'origine biomasse et non biomasse);971000000;kg/an
0006205633;EDF Direction Production Ingénierie;2013;Air;Dioxyde de carbone (CO2) d'origine non biomasse;1450000000;kg/an
0006300908;LAFARGEHOLCIM CIMENTS (usine cimenterie);2013;Air;Dioxyde de carbone (CO2) d'origine biomasse;85400000;kg/an
0006205633;EDF Direction Production Ingénierie;2013;Air;Dioxyde de carbone (CO2) total (d'origine biomasse et non biomasse);1450000000;kg/an
0006205633;EDF Direction Production Ingénierie;2013;Eau (direct);Cuivre et composés (exprimés en tant que Cu);796;kg/an
0006300909;LNUF Lactalis Nestlé Ultra-Frais Laval;2013;Air;Hydrochlorofluorocarbures (HCFC);198;kg/an
0006300911;HUHTAMAKI LA ROCHELLE - HLR;2013;Air;Dioxyde de carbone (CO2) d'origine non biomasse;13300000;kg/an
0006205633;EDF Direction Production Ingénierie;2013;Eau (direct);Zinc et composés (exprimés en tant que Zn);346;kg/an
0006300911;HUHTAMAKI LA ROCHELLE - HLR;2013;Air;Dioxyde de carbone (CO2) total (d'origine biomasse et non biomasse);13300000;kg/an
0006205653;AUCHAN Mont St Martin;2013;Air;Hydroflurocarbures (HFC);611;kg/an
0006300914;SPBI JEANNEAU;2013;Air;Composés organiques volatils non méthaniques (COVNM);163000;kg/an
0006205682;ARCELORMITTAL FRANCE;2013;Air;Hydroflurocarbures (HFC);116;kg/an
0006300918;YARA FRANCE;2013;Air;Ammoniac (NH3);39500;kg/an
0006205682;ARCELORMITTAL FRANCE;2013;Eau (direct);Sulfates;2230000;kg/an
0006300918;YARA FRANCE;2013;Air;Poussières totales;201000;kg/an
0006300918;YARA FRANCE;2013;Air;Protoxyde d'azote (N2O);25200;kg/an
0006206235;PAPETERIES DES VOSGES;2013;Air;Dioxyde de carbone (CO2) d'origine non biomasse;17100000;kg/an
0006300918;YARA FRANCE;2013;Eau (direct);Azote total;86000;kg/an
0006206235;PAPETERIES DES VOSGES;2013;Air;Dioxyde de carbone (CO2) total (d'origine biomasse et non biomasse);17100000;kg/an
0006300930;CROWN EMBALLAGE FRANCE SAS;2013;Air;Composés organiques volatils non méthaniques (COVNM);121000;kg/an
0006206235;PAPETERIES DES VOSGES;2013;Eau (indirect);Demande biologique en oxygène (DBO5);130000;kg/an
0006206235;PAPETERIES DES VOSGES;2013;Eau (indirect);Demande chimique en oxygène (DCO);253000;kg/an
0006300931;CARGILL FRANCE SAS;2013;Air;Composés organiques volatils non méthaniques (COVNM);238000;kg/an
0006300931;CARGILL FRANCE SAS;2013;Air;Dioxyde de carbone (CO2) d'origine non biomasse;26900000;kg/an
0006206235;PAPETERIES DES VOSGES;2013;Eau (indirect);Mercure et composés (exprimés en tant que Hg);8.61;kg/an
0006300931;CARGILL FRANCE SAS;2013;Air;Dioxyde de carbone (CO2) total (d'origine biomasse et non biomasse);26900000;kg/an
0006300949;AIRBUS OPERATIONS SAS;2013;Air;Composés organiques volatils non méthaniques (COVNM);127000;kg/an
0006206433;AUCHAN SEMECOURT;2013;Air;Hydrochlorofluorocarbures (HCFC);615;kg/an
0006300949;AIRBUS OPERATIONS SAS;2013;Air;Dioxyde de carbone (CO2) d'origine non biomasse;12600000;kg/an
0006300949;AIRBUS OPERATIONS SAS;2013;Air;Dioxyde de carbone (CO2) total (d'origine biomasse et non biomasse);12600000;kg/an
0006206477;SITA NORD EST;2013;Air;Méthane (CH4);203000;kg/an
0006300950;STELIA AEROSPACE;2013;Air;Composés organiques volatils non méthaniques (COVNM);66500;kg/an
0006300950;STELIA AEROSPACE;2013;Air;Hydroflurocarbures (HFC);152;kg/an
0006300970;VIOL S.A.;2013;Eau (indirect);Demande biologique en oxygène (DBO5);465000;kg/an
0006206498;GRTgaz - Station de Laneuvelotte;2013;Air;Composés organiques volatils non méthaniques (COVNM);52400;kg/an
0006300970;VIOL S.A.;2013;Eau (indirect);Demande chimique en oxygène (DCO);472000;kg/an
0006206498;GRTgaz - Station de Laneuvelotte;2013;Air;Méthane (CH4);358000;kg/an
0006206515;COGESTAR 2;2013;Air;Dioxyde de carbone (CO2) d'origine non biomasse;29100000;kg/an
0006300974;Terminal Méthanier;2013;Air;Méthane (CH4);691000;kg/an
0006300974;Terminal Méthanier;2013;Air;Dioxyde de carbone (CO2) d'origine non biomasse;29200000;kg/an
0006206515;COGESTAR 2;2013;Air;Dioxyde de carbone (CO2) total (d'origine biomasse et non biomasse);29100000;kg/an
0006300974;Terminal Méthanier;2013;Air;Dioxyde de carbone (CO2) total (d'origine biomasse et non biomasse);29200000;kg/an
0006206553;DALKIA EBANGE;2013;Air;Dioxyde de carbone (CO2) d'origine non biomasse;64300000;kg/an
0006300980;SNV Laval;2013;Eau (indirect);Demande biologique en oxygène (DBO5);221000;kg/an
0006206553;DALKIA EBANGE;2013;Air;Dioxyde de carbone (CO2) total (d'origine biomasse et non biomasse);64300000;kg/an
0006300980;SNV Laval;2013;Eau (indirect);Demande chimique en oxygène (DCO);298000;kg/an
0006206616;ELIVIA ETABLISSEMENT MIRECOURT;2013;Eau (indirect);Demande chimique en oxygène (DCO);316000;kg/an
0006207102;TPF;2013;Air;Benzène;20700;kg/an
0006300981;Fromageries Bel Production France;2013;Air;Dioxyde de carbone (CO2) d'origine non biomasse;11400000;kg/an
0006207102;TPF;2013;Air;Composés organiques volatils non méthaniques (COVNM);633000;kg/an
0006300981;Fromageries Bel Production France;2013;Air;Dioxyde de carbone (CO2) total (d'origine biomasse et non biomasse);11400000;kg/an
0006207102;TPF;2013;Air;Hydrochlorofluorocarbures (HCFC);300;kg/an
0006300984;SARVAL - USINE D'ISSE;2013;Air;Dioxyde de carbone (CO2) d'origine non biomasse;12800000;kg/an
0006300984;SARVAL - USINE D'ISSE;2013;Air;Dioxyde de carbone (CO2) total (d'origine biomasse et non biomasse);12800000;kg/an
0006207102;TPF;2013;Air;Hydroflurocarbures (HFC);2410;kg/an
0006207102;TPF;2013;Air;Monoxyde de carbone (CO);504000;kg/an
0006207102;TPF;2013;Air;Méthane (CH4);116000;kg/an
0006300987;FMGC;2013;Air;Composés organiques volatils non méthaniques (COVNM);147000;kg/an
0006207102;TPF;2013;Air;Nickel et composés (exprimés en tant que Ni);80.2;kg/an
0006300987;FMGC;2013;Air;Dioxyde de carbone (CO2) d'origine non biomasse;51100000;kg/an
0006300987;FMGC;2013;Air;Dioxyde de carbone (CO2) total (d'origine biomasse et non biomasse);51100000;kg/an
0006207102;TPF;2013;Air;Oxydes d'azote (NOx/NO2);392000;kg/an
0006207102;TPF;2013;Air;Protoxyde d'azote (N2O);22300;kg/an
0006300988;FLEURY MICHON LS;2013;Eau (indirect);Demande biologique en oxygène (DBO5);151000;kg/an
0006207102;TPF;2013;Air;Vanadium et ses composés;100;kg/an
0006300988;FLEURY MICHON LS;2013;Eau (indirect);Demande chimique en oxygène (DCO);285000;kg/an
0006300988;FLEURY MICHON LS;2013;Eau (indirect);Phosphore total;7440;kg/an
0006207102;TPF;2013;Air;Dioxyde de carbone (CO2) d'origine non biomasse;516000000;kg/an
0006300989;FLEURY MICHON LS;2013;Eau (indirect);Demande biologique en oxygène (DBO5);76200;kg/an
0006207102;TPF;2013;Air;Dioxyde de carbone (CO2) total (d'origine biomasse et non biomasse);516000000;kg/an
0006300989;FLEURY MICHON LS;2013;Eau (indirect);Demande chimique en oxygène (DCO);152000;kg/an
0006300990;FLEURY MICHON LS;2013;Eau (indirect);Demande biologique en oxygène (DBO5);86100;kg/an
0006207102;TPF;2013;Eau (indirect);Arsenic et composés (exprimés en tant que As);21;kg/an
0006300990;FLEURY MICHON LS;2013;Eau (indirect);Demande chimique en oxygène (DCO);154000;kg/an
0006300991;BOUYER LEROUX SA;2013;Air;Méthane (CH4);413000;kg/an
0006207102;TPF;2013;Eau (indirect);Benzène;6290;kg/an
0006207102;TPF;2013;Eau (indirect);Cadmium et composés (exprimés en tant que Cd);2;kg/an
0006300995;FONDERIE GM BOUHYER;2013;Air;Composés organiques volatils non méthaniques (COVNM);148000;kg/an
0006207102;TPF;2013;Eau (indirect);Composés organohalogénés (exprimés en tant que AOX);1270;kg/an
0006300995;FONDERIE GM BOUHYER;2013;Air;Dioxyde de carbone (CO2) d'origine non biomasse;15500000;kg/an
0006207102;TPF;2013;Eau (indirect);Cuivre et composés (exprimés en tant que Cu);156;kg/an
0006300995;FONDERIE GM BOUHYER;2013;Air;Dioxyde de carbone (CO2) total (d'origine biomasse et non biomasse);15500000;kg/an
0006207102;TPF;2013;Eau (indirect);Demande biologique en oxygène (DBO5);96400;kg/an
0006301007;HERBIGNAC CHEESE INGREDIENTS;2013;Air;Particules (PM10);63800;kg/an
0006301007;HERBIGNAC CHEESE INGREDIENTS;2013;Air;Dioxyde de carbone (CO2) d'origine non biomasse;11100000;kg/an
0006207102;TPF;2013;Eau (indirect);Demande chimique en oxygène (DCO);377000;kg/an
0006301007;HERBIGNAC CHEESE INGREDIENTS;2013;Air;Dioxyde de carbone (CO2) total (d'origine biomasse et non biomasse);11100000;kg/an
0006301010;SOCIETE LAITIERE DE MAYENNE;2013;Air;Hydrochlorofluorocarbures (HCFC);132;kg/an
0006207102;TPF;2013;Eau (indirect);Fer et composés (exprimés en tant que Fe);11600;kg/an
0006301010;SOCIETE LAITIERE DE MAYENNE;2013;Air;Dioxyde de carbone (CO2) d'origine non biomasse;31700000;kg/an
0006301010;SOCIETE LAITIERE DE MAYENNE;2013;Air;Dioxyde de carbone (CO2) total (d'origine biomasse et non biomasse);31700000;kg/an
0006207102;TPF;2013;Eau (indirect);Fluorures (en tant que F total);3380;kg/an
0006207102;TPF;2013;Eau (indirect);Manganèse et composés (exprimés en tant que Mn);1280;kg/an
0006301011;FROMAGERE DE BOUVRON (société);2013;Air;Nickel et composés (exprimés en tant que Ni);111;kg/an
0006207102;TPF;2013;Eau (indirect);Nickel et composés (exprimés en tant que Ni);82;kg/an
0006301011;FROMAGERE DE BOUVRON (société);2013;Air;Dioxyde de carbone (CO2) d'origine non biomasse;12600000;kg/an
0006301011;FROMAGERE DE BOUVRON (société);2013;Air;Dioxyde de carbone (CO2) total (d'origine biomasse et non biomasse);12600000;kg/an
0006207102;TPF;2013;Eau (indirect);Phénols (en tant que C total);6780;kg/an
0006301011;FROMAGERE DE BOUVRON (société);2013;Sol;Zinc et composés (exprimés en tant que Zn);334;kg/an
0006207102;TPF;2013;Eau (indirect);Plomb et composés (exprimés en tant que Pb);32;kg/an
0006301012;SOCIETE FROMAGERE DE CHARCHIGNE;2013;Air;Nickel et composés (exprimés en tant que Ni);85;kg/an
0006207102;TPF;2013;Eau (indirect);Zinc et composés (exprimés en tant que Zn);1280;kg/an
0006207102;TPF;2013;Eau (indirect);Toluène;1470;kg/an
0006207160;SFTR;2013;Air;Méthane (CH4);872000;kg/an
0006301017;SPBI;2013;Air;Composés organiques volatils non méthaniques (COVNM);72500;kg/an
0006301021;Fromageries BEL Production France;2013;Sol;Phosphore total;14200;kg/an
0006301022;TEREOS Etablissement de Nantes;2013;Eau (indirect);Demande biologique en oxygène (DBO5);115000;kg/an
0006207526;FROMAGERIE HENRI HUTIN;2013;Air;Dioxyde de carbone (CO2) d'origine non biomasse;18500000;kg/an
0006301022;TEREOS Etablissement de Nantes;2013;Eau (indirect);Demande chimique en oxygène (DCO);257000;kg/an
0006207526;FROMAGERIE HENRI HUTIN;2013;Air;Dioxyde de carbone (CO2) total (d'origine biomasse et non biomasse);18500000;kg/an
0006207528;SCHREIBER FRANCE;2013;Eau (direct);Demande chimique en oxygène (DCO);1080000;kg/an
0006301048;ARJO WIGGINS Papiers Couchés S.A.S.;2013;Air;Oxydes d'azote (NOx/NO2);101000;kg/an
0006301048;ARJO WIGGINS Papiers Couchés S.A.S.;2013;Air;Dioxyde de carbone (CO2) d'origine non biomasse;97300000;kg/an
0006301048;ARJO WIGGINS Papiers Couchés S.A.S.;2013;Air;Dioxyde de carbone (CO2) total (d'origine biomasse et non biomasse);97300000;kg/an
0006207572;INEOS Polymers SARRALBE SAS;2013;Air;Composés organiques volatils non méthaniques (COVNM);1150000;kg/an
0006301048;ARJO WIGGINS Papiers Couchés S.A.S.;2013;Eau (direct);Demande chimique en oxygène (DCO);247000;kg/an
0006207572;INEOS Polymers SARRALBE SAS;2013;Air;Hydrochlorofluorocarbures (HCFC);17;kg/an
0006207572;INEOS Polymers SARRALBE SAS;2013;Air;Oxydes de soufre (SOx/SO2);402000;kg/an
0006301049;Arc en Ciel 2034;2013;Air;Dioxyde de carbone (CO2) d'origine non biomasse;41300000;kg/an
0006301049;Arc en Ciel 2034;2013;Air;Dioxyde de carbone (CO2) total (d'origine biomasse et non biomasse);91800000;kg/an
0006301360;CELIA - LAITERIE DE CRAON;2013;Air;Dioxyde de carbone (CO2) total (d'origine biomasse et non biomasse);31200000;kg/an
0006301049;Arc en Ciel 2034;2013;Air;Dioxyde de carbone (CO2) d'origine biomasse;50500000;kg/an
0006301360;CELIA - LAITERIE DE CRAON;2013;Sol;Zinc et composés (exprimés en tant que Zn);194;kg/an
0006301085;EURIAL;2013;Eau (indirect);Demande biologique en oxygène (DBO5);426000;kg/an
0006301085;EURIAL;2013;Eau (indirect);Demande chimique en oxygène (DCO);825000;kg/an
0006301362;ALLTUB FRANCE SAS;2013;Air;Composés organiques volatils non méthaniques (COVNM);113000;kg/an
0006301096;TDV INDUSTRIES;2013;Eau (indirect);Demande biologique en oxygène (DBO5);90000;kg/an
0006301404;ARMOR;2013;Air;Composés organiques volatils non méthaniques (COVNM);169000;kg/an
0006301096;TDV INDUSTRIES;2013;Eau (indirect);Demande chimique en oxygène (DCO);387000;kg/an
0006301099;CET;2013;Eau (indirect);Azote total;126000;kg/an
0006301411;CARGILL France;2013;Air;Composés organiques volatils non méthaniques (COVNM);117000;kg/an
0006301099;CET;2013;Eau (indirect);Chrome et composés (exprimés en tant que Cr);13800;kg/an
0006301099;CET;2013;Eau (indirect);Demande biologique en oxygène (DBO5);723000;kg/an
0006301411;CARGILL France;2013;Air;Hydrochlorofluorocarbures (HCFC);574;kg/an
0006301099;CET;2013;Eau (indirect);Demande chimique en oxygène (DCO);1960000;kg/an
0006301099;CET;2013;Eau (indirect);Matières en suspension (MES);746000;kg/an
0006301411;CARGILL France;2013;Air;Dioxyde de carbone (CO2) d'origine non biomasse;23500000;kg/an
0006301109;SOTREMO;2013;Eau (indirect);Phénols (en tant que C total);20.1;kg/an
0006301411;CARGILL France;2013;Air;Dioxyde de carbone (CO2) total (d'origine biomasse et non biomasse);23500000;kg/an
0006301114;SECANIM CENTRE;2013;Air;Dioxyde de carbone (CO2) d'origine non biomasse;20800000;kg/an
0006301114;SECANIM CENTRE;2013;Air;Dioxyde de carbone (CO2) total (d'origine biomasse et non biomasse);20800000;kg/an
0006301413;GALLIANCE ANCENIS;2013;Eau (indirect);Demande chimique en oxygène (DCO);262000;kg/an
0006301117;ArcelorMittal Atlantique et Lorraine;2013;Air;Dioxyde de carbone (CO2) d'origine non biomasse;20100000;kg/an
0006301117;ArcelorMittal Atlantique et Lorraine;2013;Air;Dioxyde de carbone (CO2) total (d'origine biomasse et non biomasse);20100000;kg/an
0006301415;MONDELEZ International;2013;Air;Ammoniac (NH3);59900;kg/an
0006301117;ArcelorMittal Atlantique et Lorraine;2013;Eau (direct);Chrome et composés (exprimés en tant que Cr);69.1;kg/an
0006301416;CANDIA;2013;Eau (indirect);Demande biologique en oxygène (DBO5);259000;kg/an
0006301125;SOFIVO SAS;2013;Air;Nickel et composés (exprimés en tant que Ni);115;kg/an
0006301125;SOFIVO SAS;2013;Air;Dioxyde de carbone (CO2) d'origine non biomasse;10500000;kg/an
0006301416;CANDIA;2013;Eau (indirect);Demande chimique en oxygène (DCO);369000;kg/an
0006301125;SOFIVO SAS;2013;Air;Dioxyde de carbone (CO2) total (d'origine biomasse et non biomasse);10500000;kg/an
0006301125;SOFIVO SAS;2013;Sol;Phosphore total;59800;kg/an
0006301416;CANDIA;2013;Eau (indirect);Phosphore total;6780;kg/an
0006301453;ALCEA;2013;Air;Mercure et composés (exprimés en tant que Hg);12;kg/an
0006301129;SOCOPA Viandes;2013;Eau (indirect);Demande biologique en oxygène (DBO5);106000;kg/an
0006301453;ALCEA;2013;Air;Dioxyde de carbone (CO2) d'origine non biomasse;27600000;kg/an
0006301129;SOCOPA Viandes;2013;Eau (indirect);Demande chimique en oxygène (DCO);290000;kg/an
0006301453;ALCEA;2013;Air;Dioxyde de carbone (CO2) total (d'origine biomasse et non biomasse);64100000;kg/an
0006301133;SYNER'GIE;2013;Air;Dioxyde de carbone (CO2) d'origine non biomasse;29800000;kg/an
0006301133;SYNER'GIE;2013;Air;Dioxyde de carbone (CO2) total (d'origine biomasse et non biomasse);29800000;kg/an
0006301453;ALCEA;2013;Air;Dioxyde de carbone (CO2) d'origine biomasse;36500000;kg/an
0006301139;BSN medical SAS;2013;Air;Composés organiques volatils non méthaniques (COVNM);62700;kg/an
0006301139;BSN medical SAS;2013;Air;Dichlorométhane (DCM, chlorure de méthylène);20700;kg/an
0006301454;KUHN - HUARD n°1;2013;Air;Composés organiques volatils non méthaniques (COVNM);45700;kg/an
0006301487;VALEO;2013;Air;Composés organiques volatils non méthaniques (COVNM);103000;kg/an
0006301144;ZaCh System SA;2013;Air;Composés organiques volatils non méthaniques (COVNM);77700;kg/an
0006301144;ZaCh System SA;2013;Air;Dichlorométhane (DCM, chlorure de méthylène);1630;kg/an
0006301568;ARRIVE S A S -ST FULGENT;2013;Air;Protoxyde d'azote (N2O);30300;kg/an
0006301144;ZaCh System SA;2013;Air;Hydrochlorofluorocarbures (HCFC);3;kg/an
0006301144;ZaCh System SA;2013;Eau (indirect);Nickel et composés (exprimés en tant que Ni);21.2;kg/an
0006301622;Cromology Research & Industry Ouest;2013;Air;Composés organiques volatils non méthaniques (COVNM);44300;kg/an
0006301144;ZaCh System SA;2013;Eau (indirect);Tributylétain et composés;3.45;kg/an
0006301639;SunChemical;2013;Air;Composés organiques volatils non méthaniques (COVNM);77000;kg/an
0006301151;SOCOPA VIANDES Site d'EVRON;2013;Sol;Cuivre et composés (exprimés en tant que Cu);108;kg/an
0006301654;APLIX;2013;Air;Composés organiques volatils non méthaniques (COVNM);50000;kg/an
0006301151;SOCOPA VIANDES Site d'EVRON;2013;Sol;Zinc et composés (exprimés en tant que Zn);705;kg/an
0006301158;SERAP Industries;2013;Air;Hydrochlorofluorocarbures (HCFC);2.25;kg/an
0006301158;SERAP Industries;2013;Air;Hydroflurocarbures (HFC);103;kg/an
0006301709;STOROPACk France SAS site de saint sébastien sur loire;2013;Air;Composés organiques volatils non méthaniques (COVNM);56600;kg/an
0006301167;VIF ARGENT;2013;Eau (indirect);Demande biologique en oxygène (DBO5);85100;kg/an
0006301167;VIF ARGENT;2013;Eau (indirect);Demande chimique en oxygène (DCO);167000;kg/an
0006301730;YOPLAIT PRODUCTION FRANCE;2013;Eau (indirect);Azote total;63900;kg/an
0006301730;YOPLAIT PRODUCTION FRANCE;2013;Eau (indirect);Demande biologique en oxygène (DBO5);335000;kg/an
0006301171;SARREL;2013;Eau (direct);Chloroforme (trichlorométhane);25.1;kg/an
0006301730;YOPLAIT PRODUCTION FRANCE;2013;Eau (indirect);Demande chimique en oxygène (DCO);1210000;kg/an
0006301172;SAS SARA;2013;Eau (indirect);Demande biologique en oxygène (DBO5);55300;kg/an
0006301730;YOPLAIT PRODUCTION FRANCE;2013;Eau (indirect);Matières en suspension (MES);652000;kg/an
0006301179;HOLVIA PORC;2013;Eau (indirect);Demande biologique en oxygène (DBO5);154000;kg/an
0006301179;HOLVIA PORC;2013;Eau (indirect);Demande chimique en oxygène (DCO);378000;kg/an
0006301730;YOPLAIT PRODUCTION FRANCE;2013;Eau (indirect);Phosphore total;10600;kg/an
0006301179;HOLVIA PORC;2013;Eau (indirect);Phosphore total;5570;kg/an
0006301731;NOVANDIE;2013;Sol;Zinc et composés (exprimés en tant que Zn);165;kg/an
0006301184;ACI Usine du Mans;2013;Air;Composés organiques volatils non méthaniques (COVNM);44900;kg/an
0006301184;ACI Usine du Mans;2013;Air;Dioxyde de carbone (CO2) d'origine non biomasse;16500000;kg/an
0006301184;ACI Usine du Mans;2013;Air;Dioxyde de carbone (CO2) total (d'origine biomasse et non biomasse);16500000;kg/an
0006301733;Fromagerie BEL Production France;2013;Air;Dioxyde de carbone (CO2) d'origine non biomasse;19400000;kg/an
0006301184;ACI Usine du Mans;2013;Eau (direct);Nickel et composés (exprimés en tant que Ni);20.4;kg/an
0006301733;Fromagerie BEL Production France;2013;Air;Dioxyde de carbone (CO2) total (d'origine biomasse et non biomasse);19400000;kg/an
0006301185;SAITEC;2013;Air;Hydroflurocarbures (HFC);130;kg/an
0006301770;Chantiers de l'Atlantique;2013;Air;Composés organiques volatils non méthaniques (COVNM);44200;kg/an
0006301207;TOTAL Raffinage France;2013;Air;Benzène;9570;kg/an
0006301775;COMPA;2013;Air;Méthane (CH4);113000;kg/an
0006301207;TOTAL Raffinage France;2013;Air;Cadmium et composés (exprimés en tant que Cd);30;kg/an
0006301207;TOTAL Raffinage France;2013;Air;Composés organiques volatils non méthaniques (COVNM);1510000;kg/an
0006301207;TOTAL Raffinage France;2013;Air;Mercure et composés (exprimés en tant que Hg);30;kg/an
0006301804;DECOTEC;2013;Air;Composés organiques volatils non méthaniques (COVNM);41400;kg/an
0006301207;TOTAL Raffinage France;2013;Air;Nickel et composés (exprimés en tant que Ni);1040;kg/an
0006301207;TOTAL Raffinage France;2013;Air;Oxydes de soufre (SOx/SO2);2730000;kg/an
0006301894;M LEGO;2013;Air;Zinc et composés (exprimés en tant que Zn);245;kg/an
0006301207;TOTAL Raffinage France;2013;Air;Oxydes d'azote (NOx/NO2);1750000;kg/an
0006301207;TOTAL Raffinage France;2013;Air;Protoxyde d'azote (N2O);31100;kg/an
0006301913;NTN Transmissions Europe;2013;Air;Hydroflurocarbures (HFC);113;kg/an
0006301207;TOTAL Raffinage France;2013;Air;Vanadium et ses composés;754;kg/an
0006301207;TOTAL Raffinage France;2013;Air;Dioxyde de carbone (CO2) d'origine non biomasse;1030000000;kg/an
0006301945;MARIE SURGELES USINE;2013;Eau (indirect);Demande biologique en oxygène (DBO5);77200;kg/an
0006301207;TOTAL Raffinage France;2013;Air;Dioxyde de carbone (CO2) total (d'origine biomasse et non biomasse);1030000000;kg/an
0006301207;TOTAL Raffinage France;2013;Eau (direct);Fluorures (en tant que F total);5460;kg/an
0006301207;TOTAL Raffinage France;2013;Eau (direct);Phénols (en tant que C total);157;kg/an
0006302096;VAL NANTAIS TERRENA;2013;Air;Hydrochlorofluorocarbures (HCFC);265;kg/an
0006301213;MAN Diesel & Turbo France SAS;2013;Air;Oxydes d'azote (NOx/NO2);110000;kg/an
0006302121;AMCOR FLEXIBLES MONTREUIL BELLAY SAS;2013;Air;Composés organiques volatils non méthaniques (COVNM);156000;kg/an
0006302141;SUEZ RV Normandie - ISDND DE SAINT FRAIMBAULT;2013;Air;Méthane (CH4);391000;kg/an
0006301217;EDF SA;2013;Air;Antimoine et composés (exprimés en tant que Sb);12.1;kg/an
0006301217;EDF SA;2013;Air;Benzène;1220;kg/an
0006302146;SAICA PACK FRANCE;2013;Eau (indirect);Cuivre et composés (exprimés en tant que Cu);67;kg/an
0006301217;EDF SA;2013;Air;Chlore et composés inorganiques (en tant que HCl);125000;kg/an
0006301217;EDF SA;2013;Air;Cobalt et composés (exprimés en tant que Co);52.3;kg/an
0006301217;EDF SA;2013;Air;Fluor et composés inorganiques (en tant que HF);40200;kg/an
0006302155;CONSEIL DEPART CENTRE VALOR  ENERG;2013;Air;Manganèse et composés (exprimés en tant que Mn);251;kg/an
0006301217;EDF SA;2013;Air;Mercure et composés (exprimés en tant que Hg);20.5;kg/an
0006301217;EDF SA;2013;Air;Nickel et composés (exprimés en tant que Ni);351;kg/an
0006302155;CONSEIL DEPART CENTRE VALOR  ENERG;2013;Air;Dioxyde de carbone (CO2) d'origine non biomasse;22200000;kg/an
0006301217;EDF SA;2013;Air;Oxydes de soufre (SOx/SO2);3430000;kg/an
0006301217;EDF SA;2013;Air;Oxydes d'azote (NOx/NO2);4270000;kg/an
0006302155;CONSEIL DEPART CENTRE VALOR  ENERG;2013;Air;Dioxyde de carbone (CO2) total (d'origine biomasse et non biomasse);51600000;kg/an
0006301217;EDF SA;2013;Air;Protoxyde d'azote (N2O);68700;kg/an
0006301217;EDF SA;2013;Air;Vanadium et ses composés;182;kg/an
0006302155;CONSEIL DEPART CENTRE VALOR  ENERG;2013;Air;Dioxyde de carbone (CO2) d'origine biomasse;29400000;kg/an
0006301217;EDF SA;2013;Air;Dioxyde de carbone (CO2) d'origine non biomasse;4640000000;kg/an
0006301217;EDF SA;2013;Air;Dioxyde de carbone (CO2) total (d'origine biomasse et non biomasse);4640000000;kg/an
0006302158;PRODUITS CHIMIQUES DE LUCETTE;2013;Air;Antimoine et composés (exprimés en tant que Sb);85;kg/an
0006301217;EDF SA;2013;Eau (direct);Fer et composés (exprimés en tant que Fe);12700;kg/an
0006301221;DOUX SA;2013;Sol;Phosphore total;10200;kg/an
0006302161;BDR THERMEA France SAS  (ex RADIATEURS I;2013;Air;Trichloréthylène;12000;kg/an
0006301239;KNAUF ILE DE FRANCE / OUEST - St Philbert du Peuple;2013;Air;Composés organiques volatils non méthaniques (COVNM);49800;kg/an
0006302263;Reitzel Briand;2013;Eau (indirect);Demande chimique en oxygène (DCO);161000;kg/an
0006302331;EMSUR SPO SPOEX;2013;Air;Composés organiques volatils non méthaniques (COVNM);156000;kg/an
0006301273;EURALIS GASTRONOMIE - Les Herbiers;2013;Air;Hydrochlorofluorocarbures (HCFC);790;kg/an
0006301273;EURALIS GASTRONOMIE - Les Herbiers;2013;Eau (indirect);Demande biologique en oxygène (DBO5);116000;kg/an
0006301273;EURALIS GASTRONOMIE - Les Herbiers;2013;Eau (indirect);Demande chimique en oxygène (DCO);299000;kg/an
0006302343;Angers espace Anjou;2013;Air;Hydrochlorofluorocarbures (HCFC);38;kg/an
0006301274;FOCAST CHATEAUBRIANT;2013;Air;Composés organiques volatils non méthaniques (COVNM);72400;kg/an
0006302382;BOUYER LEROUX SA;2013;Air;Chlore et composés inorganiques (en tant que HCl);11300;kg/an
0006302382;BOUYER LEROUX SA;2013;Air;Dioxyde de carbone (CO2) d'origine non biomasse;24300000;kg/an
0006301292;SPPP;2013;Air;Composés organiques volatils non méthaniques (COVNM);97400;kg/an
0006302382;BOUYER LEROUX SA;2013;Air;Dioxyde de carbone (CO2) total (d'origine biomasse et non biomasse);52300000;kg/an
0006302382;BOUYER LEROUX SA;2013;Air;Dioxyde de carbone (CO2) d'origine biomasse;27900000;kg/an
0006301293;Ardagh MP West France SA;2013;Air;Composés organiques volatils non méthaniques (COVNM);94000;kg/an
0006302427;FRANCE TANNERIES;2013;Eau (indirect);Chrome et composés (exprimés en tant que Cr);1110;kg/an
0006302457;FARMEA;2013;Air;Hydrochlorofluorocarbures (HCFC);19;kg/an
0006301297;PAULSTRA SNC;2013;Air;Tétrachloroéthylène (PER, tétrachloroéthylène);4000;kg/an
0006302514;SMICTOM VALLEE DE L'AUTHION;2013;Air;Méthane (CH4);106000;kg/an
0006301299;NORPAPER;2013;Air;Dioxyde de carbone (CO2) d'origine non biomasse;14400000;kg/an
0006302518;SYCTOM LOIRE BECONNAIS et ses environs;2013;Air;Méthane (CH4);164000;kg/an
0006301299;NORPAPER;2013;Air;Dioxyde de carbone (CO2) total (d'origine biomasse et non biomasse);14400000;kg/an
0006301299;NORPAPER;2013;Eau (indirect);Demande biologique en oxygène (DBO5);553000;kg/an
0006301299;NORPAPER;2013;Eau (indirect);Demande chimique en oxygène (DCO);969000;kg/an
0006301300;Papeterie le Bourray;2013;Air;Dioxyde de carbone (CO2) d'origine non biomasse;15600000;kg/an
0006302520;ISDND TIERCE;2013;Air;Méthane (CH4);227000;kg/an
0006301300;Papeterie le Bourray;2013;Air;Dioxyde de carbone (CO2) total (d'origine biomasse et non biomasse);15600000;kg/an
0006301300;Papeterie le Bourray;2013;Eau (direct);Demande chimique en oxygène (DCO);195000;kg/an
0006301300;Papeterie le Bourray;2013;Eau (direct);Phénols (en tant que C total);98;kg/an
0006302581;SAVED;2013;Air;Dioxyde de carbone (CO2) d'origine non biomasse;50400000;kg/an
0006301300;Papeterie le Bourray;2013;Sol;Chrome et composés (exprimés en tant que Cr);56.4;kg/an
0006301300;Papeterie le Bourray;2013;Sol;Cuivre et composés (exprimés en tant que Cu);910;kg/an
0006302581;SAVED;2013;Air;Dioxyde de carbone (CO2) total (d'origine biomasse et non biomasse);91700000;kg/an
0006301300;Papeterie le Bourray;2013;Sol;Fer et composés (exprimés en tant que Fe);12700;kg/an
0006301300;Papeterie le Bourray;2013;Sol;Manganèse et composés (exprimés en tant que Mn);571;kg/an
0006302581;SAVED;2013;Air;Dioxyde de carbone (CO2) d'origine biomasse;41300000;kg/an
0006301300;Papeterie le Bourray;2013;Sol;Nickel et composés (exprimés en tant que Ni);21;kg/an
0006301300;Papeterie le Bourray;2013;Sol;Plomb et composés (exprimés en tant que Pb);47.6;kg/an
0006302818;DALKIA - CHU Angers;2013;Air;Dioxyde de carbone (CO2) d'origine non biomasse;13400000;kg/an
0006301300;Papeterie le Bourray;2013;Sol;Zinc et composés (exprimés en tant que Zn);262;kg/an
0006301310;BRANGEON Services;2013;Air;Méthane (CH4);398000;kg/an
0006302818;DALKIA - CHU Angers;2013;Air;Dioxyde de carbone (CO2) total (d'origine biomasse et non biomasse);13400000;kg/an
0006301343;LHOIST FRANCE OUEST;2013;Air;Oxydes d'azote (NOx/NO2);169000;kg/an
0006301343;LHOIST FRANCE OUEST;2013;Air;Vanadium et ses composés;15.5;kg/an
0006302833;SPBI;2013;Air;Composés organiques volatils non méthaniques (COVNM);34200;kg/an
0006301343;LHOIST FRANCE OUEST;2013;Air;Dioxyde de carbone (CO2) d'origine non biomasse;298000000;kg/an
0006301343;LHOIST FRANCE OUEST;2013;Air;Dioxyde de carbone (CO2) total (d'origine biomasse et non biomasse);298000000;kg/an
0006302838;SPBI;2013;Air;Composés organiques volatils non méthaniques (COVNM);51600;kg/an
0006301344;Syner'Val;2013;Air;Dioxyde de carbone (CO2) d'origine non biomasse;99900000;kg/an
0006301344;Syner'Val;2013;Air;Dioxyde de carbone (CO2) total (d'origine biomasse et non biomasse);125000000;kg/an
0006302840;SCHUR FLEXIBLE UNI FLEXO (ex SAC EMBAL);2013;Air;Composés organiques volatils non méthaniques (COVNM);148000;kg/an
0006301344;Syner'Val;2013;Air;Dioxyde de carbone (CO2) d'origine biomasse;25000000;kg/an
0006302853;RPC BEAUTE MAROLLES;2013;Eau (direct);Chloroforme (trichlorométhane);11.9;kg/an
0006302858;KERVALIS LES ESSARTS;2013;Air;Dioxyde de carbone (CO2) d'origine non biomasse;13400000;kg/an
0006301355;GRANULATS EXPANSES DE LA MAYENNE;2013;Air;Oxydes d'azote (NOx/NO2);115000;kg/an
0006302858;KERVALIS LES ESSARTS;2013;Air;Dioxyde de carbone (CO2) total (d'origine biomasse et non biomasse);13400000;kg/an
0006301355;GRANULATS EXPANSES DE LA MAYENNE;2013;Air;Dioxyde de carbone (CO2) d'origine non biomasse;10600000;kg/an
0006301355;GRANULATS EXPANSES DE LA MAYENNE;2013;Air;Dioxyde de carbone (CO2) total (d'origine biomasse et non biomasse);10600000;kg/an
0006302917;MEUBLES GIRARDEAU;2013;Air;Composés organiques volatils non méthaniques (COVNM);53700;kg/an
0006301359;SISF (Sté Industrielle de St-Florent);2013;Air;Nickel et composés (exprimés en tant que Ni);151;kg/an
0006301359;SISF (Sté Industrielle de St-Florent);2013;Air;Dioxyde de carbone (CO2) d'origine non biomasse;17700000;kg/an
0006301359;SISF (Sté Industrielle de St-Florent);2013;Air;Dioxyde de carbone (CO2) total (d'origine biomasse et non biomasse);17700000;kg/an
0006303063;BIGNON SA;2013;Air;Hydrochlorofluorocarbures (HCFC);19;kg/an
0006301360;CELIA - LAITERIE DE CRAON;2013;Air;Dioxyde de carbone (CO2) d'origine non biomasse;31200000;kg/an
0006303238;CULTURES FRANCE CHAMPIGNON;2013;Air;Hydrochlorofluorocarbures (HCFC);125;kg/an
0006303238;CULTURES FRANCE CHAMPIGNON;2013;Air;Hydroflurocarbures (HFC);308;kg/an
0006303457;IMAYE GRAPHIC;2013;Air;Composés organiques volatils non méthaniques (COVNM);54700;kg/an
0006303594;SINIAT;2013;Air;Composés organiques volatils non méthaniques (COVNM);99800;kg/an
0006303646;BOUYER LEROUX SA;2013;Air;Dioxyde de carbone (CO2) d'origine non biomasse;22200000;kg/an
0006400001;ALTEO GARDANNE;2013;Air;Oxydes d'azote (NOx/NO2);1200000;kg/an
0006400001;ALTEO GARDANNE;2013;Air;Dioxyde de carbone (CO2) d'origine non biomasse;230000000;kg/an
0006303646;BOUYER LEROUX SA;2013;Air;Dioxyde de carbone (CO2) total (d'origine biomasse et non biomasse);50800000;kg/an
0006400001;ALTEO GARDANNE;2013;Air;Dioxyde de carbone (CO2) total (d'origine biomasse et non biomasse);230000000;kg/an
0006303646;BOUYER LEROUX SA;2013;Air;Dioxyde de carbone (CO2) d'origine biomasse;28600000;kg/an
0006400001;ALTEO GARDANNE;2013;Eau (direct);Aluminium et composés (exprimés en tant que Al);12600000;kg/an
0006400001;ALTEO GARDANNE;2013;Eau (direct);Arsenic et composés (exprimés en tant que As);335;kg/an
0006303647;SLTS SA;2013;Air;Dioxyde de carbone (CO2) d'origine non biomasse;98000000;kg/an
0006400001;ALTEO GARDANNE;2013;Eau (direct);Chrome et composés (exprimés en tant que Cr);321000;kg/an
0006400001;ALTEO GARDANNE;2013;Eau (direct);Cuivre et composés (exprimés en tant que Cu);6980;kg/an
0006400001;ALTEO GARDANNE;2013;Eau (direct);Fer et composés (exprimés en tant que Fe);48800000;kg/an
0006400001;ALTEO GARDANNE;2013;Eau (direct);Manganèse et composés (exprimés en tant que Mn);74100;kg/an
0006303647;SLTS SA;2013;Air;Dioxyde de carbone (CO2) total (d'origine biomasse et non biomasse);98000000;kg/an
0006400001;ALTEO GARDANNE;2013;Eau (direct);Matières en suspension (MES);179000000;kg/an
0006400001;ALTEO GARDANNE;2013;Eau (direct);Plomb et composés (exprimés en tant que Pb);13100;kg/an
0006303739;COGENERATION DU BOURRAY sté;2013;Air;Dioxyde de carbone (CO2) d'origine non biomasse;32200000;kg/an
0006400001;ALTEO GARDANNE;2013;Eau (direct);Zinc et composés (exprimés en tant que Zn);14900;kg/an
0006303739;COGENERATION DU BOURRAY sté;2013;Air;Dioxyde de carbone (CO2) total (d'origine biomasse et non biomasse);32200000;kg/an
0006303809;SECHE ECO INDUSTRIES site : la Cousinière;2013;Air;Méthane (CH4);780000;kg/an
0006400004;CEA CADARACHE;2013;Air;Hydrochlorofluorocarbures (HCFC);18;kg/an
0006400004;CEA CADARACHE;2013;Air;Dioxyde de carbone (CO2) d'origine non biomasse;12500000;kg/an
0006303809;SECHE ECO INDUSTRIES site : la Cousinière;2013;Air;Dioxyde de carbone (CO2) total (d'origine biomasse et non biomasse);29700000;kg/an
0006400004;CEA CADARACHE;2013;Air;Dioxyde de carbone (CO2) total (d'origine biomasse et non biomasse);12500000;kg/an
0006400023;gazel energie;2013;Air;Chrome et composés (exprimés en tant que Cr);256;kg/an
0006303809;SECHE ECO INDUSTRIES site : la Cousinière;2013;Air;Dioxyde de carbone (CO2) d'origine biomasse;29700000;kg/an
0006400023;gazel energie;2013;Air;Cobalt et composés (exprimés en tant que Co);8.45;kg/an
0006400023;gazel energie;2013;Air;Mercure et composés (exprimés en tant que Hg);17.9;kg/an
0006303818;SOTIRA SA;2013;Air;Composés organiques volatils non méthaniques (COVNM);67300;kg/an
0006400023;gazel energie;2013;Air;Nickel et composés (exprimés en tant que Ni);147;kg/an
0006400023;gazel energie;2013;Air;Oxydes de soufre (SOx/SO2);2170000;kg/an
0006303878;GEVAL - La Vergne;2013;Air;Méthane (CH4);193000;kg/an
0006400023;gazel energie;2013;Air;Oxydes d'azote (NOx/NO2);2830000;kg/an
0006400023;gazel energie;2013;Air;Particules (PM10);70700;kg/an
0006400023;gazel energie;2013;Air;Protoxyde d'azote (N2O);53900;kg/an
0006400023;gazel energie;2013;Air;Vanadium et ses composés;99.2;kg/an
0006303911;PALAMY;2013;Air;Composés organiques volatils non méthaniques (COVNM);53800;kg/an
0006400023;gazel energie;2013;Air;Dioxyde de carbone (CO2) d'origine non biomasse;2090000000;kg/an
0006400023;gazel energie;2013;Air;Dioxyde de carbone (CO2) total (d'origine biomasse et non biomasse);2090000000;kg/an
0006303969;HUTCHINSON JEHIER;2013;Air;Composés organiques volatils non méthaniques (COVNM);76700;kg/an
0006400023;gazel energie;2013;Eau (direct);Cuivre et composés (exprimés en tant que Cu);111;kg/an
0006400023;gazel energie;2013;Eau (direct);Zinc et composés (exprimés en tant que Zn);111;kg/an
0006303984;PIGEON CHAUX SAS;2013;Air;Composés organiques volatils non méthaniques (COVNM);46500;kg/an
0006303984;PIGEON CHAUX SAS;2013;Air;Méthane (CH4);221000;kg/an
0006400061;PASCALE;2013;Eau (direct);Fluorures (en tant que F total);2270;kg/an
0006400069;STMICROELECTRONICS SAS;2013;Eau (indirect);Azote total;66800;kg/an
0006303984;PIGEON CHAUX SAS;2013;Air;Dioxyde de carbone (CO2) d'origine non biomasse;41500000;kg/an
0006400069;STMICROELECTRONICS SAS;2013;Eau (indirect);Demande chimique en oxygène (DCO);177000;kg/an
0006400069;STMICROELECTRONICS SAS;2013;Eau (indirect);Fluorures (en tant que F total);96700;kg/an
0006303984;PIGEON CHAUX SAS;2013;Air;Dioxyde de carbone (CO2) total (d'origine biomasse et non biomasse);41500000;kg/an
0006400069;STMICROELECTRONICS SAS;2013;Eau (indirect);Phosphore total;11700;kg/an
0006304065;CAREA Façade SA;2013;Air;Composés organiques volatils non méthaniques (COVNM);124000;kg/an
0006400155;GRAP'SUD La Crau;2013;Eau (indirect);Demande biologique en oxygène (DBO5);109000;kg/an
0006400155;GRAP'SUD La Crau;2013;Eau (indirect);Demande chimique en oxygène (DCO);186000;kg/an
0006304150;COM COM VALLEES HAUT ANJOU;2013;Eau (direct);Chrome et composés (exprimés en tant que Cr);227;kg/an
0006400196;SAS ZEPHIRE;2013;Air;Dioxyde de carbone (CO2) d'origine non biomasse;91800000;kg/an
0006304244;COGESTAR 3;2013;Air;Dioxyde de carbone (CO2) d'origine non biomasse;48700000;kg/an
0006400196;SAS ZEPHIRE;2013;Air;Dioxyde de carbone (CO2) total (d'origine biomasse et non biomasse);211000000;kg/an
0006400196;SAS ZEPHIRE;2013;Air;Dioxyde de carbone (CO2) d'origine biomasse;119000000;kg/an
0006400239;FIRMENICH TOURRETTES;2013;Air;Composés organiques volatils non méthaniques (COVNM);36600;kg/an
0006304244;COGESTAR 3;2013;Air;Dioxyde de carbone (CO2) total (d'origine biomasse et non biomasse);48700000;kg/an
0006400243;SAPA PROFILES PUGET SA;2013;Air;Dioxines et furanes (PCDD + PCDF) (exprimés en iTeq);0.0007;kg/an
0006304262;SEDA;2013;Air;Méthane (CH4);710000;kg/an
0006304262;SEDA;2013;Air;Dioxyde de carbone (CO2) total (d'origine biomasse et non biomasse);11100000;kg/an
0006400259;LAFARGEHOLCIM CIMENTS;2013;Air;Acide cyanhydrique (HCN);1040;kg/an
0006400259;LAFARGEHOLCIM CIMENTS;2013;Air;Oxydes d'azote (NOx/NO2);399000;kg/an
0006304262;SEDA;2013;Air;Dioxyde de carbone (CO2) d'origine biomasse;11100000;kg/an
0006400259;LAFARGEHOLCIM CIMENTS;2013;Air;Vanadium et ses composés;17.5;kg/an
0006304568;STOROPACK France SAS anetz;2013;Air;Composés organiques volatils non méthaniques (COVNM);87100;kg/an
0006400259;LAFARGEHOLCIM CIMENTS;2013;Air;Dioxyde de carbone (CO2) d'origine non biomasse;166000000;kg/an
0006400259;LAFARGEHOLCIM CIMENTS;2013;Air;Dioxyde de carbone (CO2) total (d'origine biomasse et non biomasse);166000000;kg/an
0006400277;SONITHERM;2013;Air;Mercure et composés (exprimés en tant que Hg);22.2;kg/an
0006304890;TRIADE ELECTRONIQUE;2013;Air;Chlorofluorocarbures (CFC);17;kg/an
0006400277;SONITHERM;2013;Air;Protoxyde d'azote (N2O);10100;kg/an
0006400277;SONITHERM;2013;Air;Dioxyde de carbone (CO2) d'origine non biomasse;118000000;kg/an
0006400277;SONITHERM;2013;Air;Dioxyde de carbone (CO2) total (d'origine biomasse et non biomasse);274000000;kg/an
0006304981;WIENERBERGER SAS;2013;Air;Dioxyde de carbone (CO2) d'origine non biomasse;15900000;kg/an
0006400277;SONITHERM;2013;Air;Dioxyde de carbone (CO2) d'origine biomasse;156000000;kg/an
0006400277;SONITHERM;2013;Eau (indirect);Cadmium et composés (exprimés en tant que Cd);2;kg/an
0006304981;WIENERBERGER SAS;2013;Air;Dioxyde de carbone (CO2) total (d'origine biomasse et non biomasse);15900000;kg/an
0006305026;SPEM - ETF;2013;Air;Protoxyde d'azote (N2O);11800;kg/an
0006305026;SPEM - ETF;2013;Air;Dioxyde de carbone (CO2) d'origine non biomasse;264000000;kg/an
0006400280;VICAT SA;2013;Air;Benzène;1110;kg/an
0006400280;VICAT SA;2013;Air;Oxydes d'azote (NOx/NO2);705000;kg/an
0006305026;SPEM - ETF;2013;Air;Dioxyde de carbone (CO2) total (d'origine biomasse et non biomasse);264000000;kg/an
0006400280;VICAT SA;2013;Air;Dioxyde de carbone (CO2) d'origine non biomasse;388000000;kg/an
0006305027;GRT GAZ Station de Nozay;2013;Air;Méthane (CH4);110000;kg/an
0006400280;VICAT SA;2013;Air;Dioxyde de carbone (CO2) total (d'origine biomasse et non biomasse);388000000;kg/an
0006400297;VALOMED- UIOM ANTIBES;2013;Air;Dioxyde de carbone (CO2) d'origine non biomasse;54100000;kg/an
0006305094;SAINT GOBAIN ISOVER;2013;Air;Ammoniac (NH3);88100;kg/an
0006400297;VALOMED- UIOM ANTIBES;2013;Air;Dioxyde de carbone (CO2) total (d'origine biomasse et non biomasse);126000000;kg/an
0006400297;VALOMED- UIOM ANTIBES;2013;Air;Dioxyde de carbone (CO2) d'origine biomasse;71700000;kg/an
0006305094;SAINT GOBAIN ISOVER;2013;Air;Composés organiques volatils non méthaniques (COVNM);41500;kg/an
0006400318;MANE ET FILS NOTRE-DAME;2013;Air;Composés organiques volatils non méthaniques (COVNM);264000;kg/an
0006400318;MANE ET FILS NOTRE-DAME;2013;Air;Hydroflurocarbures (HFC);110;kg/an
0006305094;SAINT GOBAIN ISOVER;2013;Air;Phénols (en tant que C total);5210;kg/an
0006305094;SAINT GOBAIN ISOVER;2013;Air;Dioxyde de carbone (CO2) d'origine non biomasse;19000000;kg/an
0006400319;MANE ET FILS LA SARREE;2013;Air;Composés organiques volatils non méthaniques (COVNM);33800;kg/an
0006305094;SAINT GOBAIN ISOVER;2013;Air;Dioxyde de carbone (CO2) total (d'origine biomasse et non biomasse);19000000;kg/an
0006400319;MANE ET FILS LA SARREE;2013;Air;Hydrochlorofluorocarbures (HCFC);3;kg/an
0006400319;MANE ET FILS LA SARREE;2013;Air;Hydroflurocarbures (HFC);110;kg/an
0006305096;TRIVALIS;2013;Air;Méthane (CH4);115000;kg/an
0006400327;CENTIPHARM;2013;Air;Composés organiques volatils non méthaniques (COVNM);79100;kg/an
0006400328;FIRMENICH GRASSE S.A.;2013;Air;Composés organiques volatils non méthaniques (COVNM);32300;kg/an
0006305121;AIRBUS MONTOIR-DE-BRETAGNE;2013;Air;Composés organiques volatils non méthaniques (COVNM);144000;kg/an
0006400332;ROBERTET PLAN DE GRASSE;2013;Air;Composés organiques volatils non méthaniques (COVNM);114000;kg/an
0006305148;TRIVALIS;2013;Air;Méthane (CH4);182000;kg/an
0006400333;ROBERTET SA;2013;Air;Composés organiques volatils non méthaniques (COVNM);189000;kg/an
0006305566;SPBI;2013;Air;Composés organiques volatils non méthaniques (COVNM);66300;kg/an
0006306193;DALKIA BIOMASSE ANGERS;2013;Air;Oxydes d'azote (NOx/NO2);142000;kg/an
0006400337;KERRY FLAVOURS FRANCE SAS;2013;Air;Composés organiques volatils non méthaniques (COVNM);78500;kg/an
0006400337;KERRY FLAVOURS FRANCE SAS;2013;Eau (indirect);Dichlorométhane (DCM, chlorure de méthylène);79;kg/an
0006306193;DALKIA BIOMASSE ANGERS;2013;Air;Particules (PM10);63800;kg/an
0006306193;DALKIA BIOMASSE ANGERS;2013;Air;Dioxyde de carbone (CO2) total (d'origine biomasse et non biomasse);63800000;kg/an
0006400353;LA MESTA SAS;2013;Air;Composés organiques volatils non méthaniques (COVNM);44600;kg/an
0006400365;ISDND LA GLACIERE;2013;Air;Méthane (CH4);768000;kg/an
0006306193;DALKIA BIOMASSE ANGERS;2013;Air;Dioxyde de carbone (CO2) d'origine biomasse;63800000;kg/an
0006400365;ISDND LA GLACIERE;2013;Air;Dioxyde de carbone (CO2) total (d'origine biomasse et non biomasse);38400000;kg/an
0006400365;ISDND LA GLACIERE;2013;Air;Dioxyde de carbone (CO2) d'origine biomasse;38400000;kg/an
0006306369;PAPREC (ex NCI ENVIRONNEMENT);2013;Air;Méthane (CH4);225000;kg/an
0006306373;Usine de Traitement des Ordures Ménagères du Ganotin à Ecorpain;2013;Air;Méthane (CH4);138000;kg/an
0006400379;BUTAGAZ;2013;Air;Composés organiques volatils non méthaniques (COVNM);42100;kg/an
0006306374;MAINE COLLECTE VALORISATION Nuillé;2013;Air;Méthane (CH4);101000;kg/an
0006400398;DELTA DECHETS - ISDND du Coudoulet;2013;Air;Méthane (CH4);514000;kg/an
0006400651;ARKEMA FRANCE SA;2013;Air;Composés organiques volatils non méthaniques (COVNM);209000;kg/an
0006400402;SAINT-GOBAIN ISOVER;2013;Air;Aldéhyde formique (formaldéhyde);3160;kg/an
0006400402;SAINT-GOBAIN ISOVER;2013;Air;Ammoniac (NH3);113000;kg/an
0006400402;SAINT-GOBAIN ISOVER;2013;Air;Composés organiques volatils non méthaniques (COVNM);79000;kg/an
0006400402;SAINT-GOBAIN ISOVER;2013;Air;Phénols (en tant que C total);27000;kg/an
0006400651;ARKEMA FRANCE SA;2013;Air;Oxydes d'azote (NOx/NO2);114000;kg/an
0006400402;SAINT-GOBAIN ISOVER;2013;Air;Dioxyde de carbone (CO2) d'origine non biomasse;41700000;kg/an
0006400402;SAINT-GOBAIN ISOVER;2013;Air;Dioxyde de carbone (CO2) total (d'origine biomasse et non biomasse);41700000;kg/an
0006400651;ARKEMA FRANCE SA;2013;Air;Dioxyde de carbone (CO2) d'origine non biomasse;90500000;kg/an
0006400411;RAYNAL et ROQUELAURE Provence;2013;Air;Hydrochlorofluorocarbures (HCFC);17.9;kg/an
0006400651;ARKEMA FRANCE SA;2013;Air;Dioxyde de carbone (CO2) total (d'origine biomasse et non biomasse);106000000;kg/an
0006400414;SUEZ RV ENERGIE;2013;Air;Oxydes d'azote (NOx/NO2);167000;kg/an
0006400651;ARKEMA FRANCE SA;2013;Air;Dioxyde de carbone (CO2) d'origine biomasse;15900000;kg/an
0006400414;SUEZ RV ENERGIE;2013;Air;Dioxyde de carbone (CO2) d'origine non biomasse;72000000;kg/an
0006400414;SUEZ RV ENERGIE;2013;Air;Dioxyde de carbone (CO2) total (d'origine biomasse et non biomasse);170000000;kg/an
0006400651;ARKEMA FRANCE SA;2013;Eau (indirect);Arsenic et composés (exprimés en tant que As);9.4;kg/an
0006400414;SUEZ RV ENERGIE;2013;Air;Dioxyde de carbone (CO2) d'origine biomasse;98200000;kg/an
0006400651;ARKEMA FRANCE SA;2013;Eau (indirect);Azote total;64000;kg/an
0006400651;ARKEMA FRANCE SA;2013;Eau (indirect);Chlorures (en tant que Cl total);4470000;kg/an
0006400419;SILVATRIM;2013;Air;Composés organiques volatils non méthaniques (COVNM);35100;kg/an
0006400651;ARKEMA FRANCE SA;2013;Eau (indirect);Demande chimique en oxygène (DCO);182000;kg/an
0006400419;SILVATRIM;2013;Air;Oxydes d'azote (NOx/NO2);8990000;kg/an
0006400723;AP-HM (Hôpital La Timone);2013;Air;Dioxyde de carbone (CO2) d'origine non biomasse;11000000;kg/an
0006400723;AP-HM (Hôpital La Timone);2013;Air;Dioxyde de carbone (CO2) total (d'origine biomasse et non biomasse);11000000;kg/an
0006400445;SMURFIT KAPPA PAPETERIE ALFA D'AVIGNON;2013;Air;Dioxyde de carbone (CO2) d'origine non biomasse;20800000;kg/an
0006400776;PROTEC METAUX ARENC;2013;Air;Composés organiques volatils non méthaniques (COVNM);37200;kg/an
0006400445;SMURFIT KAPPA PAPETERIE ALFA D'AVIGNON;2013;Air;Dioxyde de carbone (CO2) total (d'origine biomasse et non biomasse);20800000;kg/an
0006400825;ARKEMA france;2013;Air;1,1,1-trichloroéthane (TCE);26100;kg/an
0006400463;AZUR DISTILLATION;2013;Air;Dioxyde de carbone (CO2) total (d'origine biomasse et non biomasse);14700000;kg/an
0006400825;ARKEMA france;2013;Air;Composés organiques volatils non méthaniques (COVNM);57700;kg/an
0006400463;AZUR DISTILLATION;2013;Air;Dioxyde de carbone (CO2) d'origine biomasse;14700000;kg/an
0006400499;SEPR;2013;Air;Oxydes d'azote (NOx/NO2);133000;kg/an
0006400825;ARKEMA france;2013;Air;Hydroflurocarbures (HFC);2960;kg/an
0006400503;ROUSSELOT Isle sur Sorgue SAS;2013;Air;Dioxyde de carbone (CO2) d'origine non biomasse;21100000;kg/an
0006400503;ROUSSELOT Isle sur Sorgue SAS;2013;Air;Dioxyde de carbone (CO2) total (d'origine biomasse et non biomasse);21100000;kg/an
0006400825;ARKEMA france;2013;Air;1,1,2,2-tetrachloroéthane;200;kg/an
0006400503;ROUSSELOT Isle sur Sorgue SAS;2013;Eau (indirect);Azote total;423000;kg/an
0006400825;ARKEMA france;2013;Air;Dioxyde de carbone (CO2) d'origine non biomasse;35400000;kg/an
0006400503;ROUSSELOT Isle sur Sorgue SAS;2013;Eau (indirect);Chlorures (en tant que Cl total);15800000;kg/an
0006400503;ROUSSELOT Isle sur Sorgue SAS;2013;Eau (indirect);Demande chimique en oxygène (DCO);312000;kg/an
0006400825;ARKEMA france;2013;Air;Dioxyde de carbone (CO2) total (d'origine biomasse et non biomasse);35400000;kg/an
0006400503;ROUSSELOT Isle sur Sorgue SAS;2013;Sol;Fer et composés (exprimés en tant que Fe);77500;kg/an
0006400503;ROUSSELOT Isle sur Sorgue SAS;2013;Sol;Zinc et composés (exprimés en tant que Zn);684;kg/an
0006400825;ARKEMA france;2013;Eau (direct);1,2-dichloroéthane (DCE - chlorure d'éthylène);158;kg/an
0006400825;ARKEMA france;2013;Eau (direct);Cadmium et composés (exprimés en tant que Cd);59.8;kg/an
0006400525;Mc CORMICK France;2013;Eau (indirect);Azote total;251000;kg/an
0006400525;Mc CORMICK France;2013;Eau (indirect);Demande biologique en oxygène (DBO5);3810000;kg/an
0006400825;ARKEMA france;2013;Eau (direct);Chloroforme (trichlorométhane);13.1;kg/an
0006400525;Mc CORMICK France;2013;Eau (indirect);Demande chimique en oxygène (DCO);8220000;kg/an
0006400525;Mc CORMICK France;2013;Eau (indirect);Matières en suspension (MES);1930000;kg/an
0006400825;ARKEMA france;2013;Eau (direct);Chlorure de vinyle (chloroéthène);39.8;kg/an
0006400825;ARKEMA france;2013;Eau (direct);Chlorures (en tant que Cl total);5010000;kg/an
0006400533;ETEX France (ex SINIAT) Carpentras;2013;Air;Dioxyde de carbone (CO2) d'origine non biomasse;33500000;kg/an
0006400533;ETEX France (ex SINIAT) Carpentras;2013;Air;Dioxyde de carbone (CO2) total (d'origine biomasse et non biomasse);33500000;kg/an
0006400825;ARKEMA france;2013;Eau (direct);Chrome et composés (exprimés en tant que Cr);59.8;kg/an
0006400568;VALSUD;2013;Air;Méthane (CH4);1480000;kg/an
0006400825;ARKEMA france;2013;Eau (direct);Composés organohalogénés (exprimés en tant que AOX);6750;kg/an
0006400568;VALSUD;2013;Air;Dioxyde de carbone (CO2) total (d'origine biomasse et non biomasse);20600000;kg/an
0006400568;VALSUD;2013;Air;Dioxyde de carbone (CO2) d'origine biomasse;20600000;kg/an
0006400825;ARKEMA france;2013;Eau (direct);Hexachlorobutadiène (HCBD);3.31;kg/an
0006400825;ARKEMA france;2013;Eau (direct);1,2,3,4,5,6-hexachlorocyclohexane (HCH);5.12;kg/an
0006400571;SARL CHARROT DANIEL;2013;Eau (indirect);Toluène;2000;kg/an
0006400825;ARKEMA france;2013;Eau (direct);Phénols (en tant que C total);1460;kg/an
0006400825;ARKEMA france;2013;Eau (direct);Trichlorobenzènes (TCB) (tous les isomères);2.4;kg/an
0006400578;SUEZ RV MEDITERRANEE JDR (ex. SITA SUD);2013;Air;Méthane (CH4);2220000;kg/an
0006400825;ARKEMA france;2013;Eau (direct);Trichloréthylène;56.2;kg/an
0006400578;SUEZ RV MEDITERRANEE JDR (ex. SITA SUD);2013;Air;Dioxyde de carbone (CO2) total (d'origine biomasse et non biomasse);25100000;kg/an
0006400578;SUEZ RV MEDITERRANEE JDR (ex. SITA SUD);2013;Air;Dioxyde de carbone (CO2) d'origine biomasse;25100000;kg/an
0006400825;ARKEMA france;2013;Eau (direct);Tétrachloroéthylène (PER, tétrachloroéthylène);24.2;kg/an
0006400589;AIRBUS HELICOPTERS;2013;Air;Cadmium et composés (exprimés en tant que Cd);23.6;kg/an
0006400589;AIRBUS HELICOPTERS;2013;Air;Chrome et composés (exprimés en tant que Cr);433;kg/an
0006400589;AIRBUS HELICOPTERS;2013;Air;Composés organiques volatils non méthaniques (COVNM);125000;kg/an
0006400589;AIRBUS HELICOPTERS;2013;Air;Nickel et composés (exprimés en tant que Ni);236;kg/an
0006400825;ARKEMA france;2013;Eau (direct);Tétrachlorométhane (TCM, tétrachlorure de carbone);12;kg/an
0006400589;AIRBUS HELICOPTERS;2013;Air;Dioxyde de carbone (CO2) total (d'origine biomasse et non biomasse);25100000;kg/an
0006400589;AIRBUS HELICOPTERS;2013;Air;Dioxyde de carbone (CO2) d'origine biomasse;25100000;kg/an
0006400825;ARKEMA france;2013;Eau (direct);Zinc et composés (exprimés en tant que Zn);128;kg/an
0006400825;ARKEMA france;2013;Eau (direct);Biphényles polychlorés (PCB);0.161;kg/an
0006400619;Saint Louis Sucre (Etablissement de Marseille);2013;Air;Dioxyde de carbone (CO2) d'origine non biomasse;24500000;kg/an
0006400839;SANOFI CHIMIE;2013;Air;Composés organiques volatils non méthaniques (COVNM);150000;kg/an
0006400619;Saint Louis Sucre (Etablissement de Marseille);2013;Air;Dioxyde de carbone (CO2) total (d'origine biomasse et non biomasse);24500000;kg/an
0006400627;STOGAZ Marignane;2013;Air;Composés organiques volatils non méthaniques (COVNM);38200;kg/an
0006400839;SANOFI CHIMIE;2013;Air;Dichlorométhane (DCM, chlorure de méthylène);12500;kg/an
0006400651;ARKEMA FRANCE SA;2013;Air;Ammoniac (NH3);58200;kg/an
0006400839;SANOFI CHIMIE;2013;Air;Hydroflurocarbures (HFC);591;kg/an
0006400651;ARKEMA FRANCE SA;2013;Air;Benzène;29200;kg/an
0006400874;Fibre- Excellence;2013;Air;Mercure et composés (exprimés en tant que Hg);34.1;kg/an
0006400874;Fibre- Excellence;2013;Air;Oxydes d'azote (NOx/NO2);399000;kg/an
0006400874;Fibre- Excellence;2013;Air;Particules (PM10);59100;kg/an
0006400874;Fibre- Excellence;2013;Air;Poussières totales;222000;kg/an
0006400990;KEM ONE France;2013;Eau (direct);Nickel et composés (exprimés en tant que Ni);35.2;kg/an
0006400997;LYONDELL CHIMIE France SAS;2013;Air;Composés organiques volatils non méthaniques (COVNM);69100;kg/an
0006400874;Fibre- Excellence;2013;Air;Protoxyde d'azote (N2O);20000;kg/an
0006400997;LYONDELL CHIMIE France SAS;2013;Air;Hydroflurocarbures (HFC);161;kg/an
0006400997;LYONDELL CHIMIE France SAS;2013;Air;Oxyde de propylène (1,2-époxypropane);3740;kg/an
0006400874;Fibre- Excellence;2013;Air;Dioxyde de carbone (CO2) d'origine non biomasse;56000000;kg/an
0006400997;LYONDELL CHIMIE France SAS;2013;Air;Oxydes d'azote (NOx/NO2);120000;kg/an
0006400997;LYONDELL CHIMIE France SAS;2013;Air;Dioxyde de carbone (CO2) d'origine non biomasse;220000000;kg/an
0006400874;Fibre- Excellence;2013;Air;Dioxyde de carbone (CO2) total (d'origine biomasse et non biomasse);789000000;kg/an
0006400997;LYONDELL CHIMIE France SAS;2013;Air;Dioxyde de carbone (CO2) total (d'origine biomasse et non biomasse);220000000;kg/an
0006400874;Fibre- Excellence;2013;Air;Dioxyde de carbone (CO2) d'origine biomasse;733000000;kg/an
0006400874;Fibre- Excellence;2013;Eau (direct);Composés organohalogénés (exprimés en tant que AOX);81200;kg/an
0006401001;FLUXEL;2013;Air;Composés organiques volatils non méthaniques (COVNM);136000;kg/an
0006400874;Fibre- Excellence;2013;Eau (direct);Cuivre et composés (exprimés en tant que Cu);143;kg/an
0006401001;FLUXEL;2013;Eau (direct);Hydrocarbures aromatiques polycycliques (HAP);6.73;kg/an
0006400874;Fibre- Excellence;2013;Eau (direct);Demande biologique en oxygène (DBO5);622000;kg/an
0006401007;COMPAGNIE PETROCHIMIQUE DE BERRE SAS;2013;Air;Chlorure de vinyle (chloroéthène);1400;kg/an
0006400874;Fibre- Excellence;2013;Eau (direct);Demande chimique en oxygène (DCO);11000000;kg/an
0006401007;COMPAGNIE PETROCHIMIQUE DE BERRE SAS;2013;Air;Composés organiques volatils non méthaniques (COVNM);313000;kg/an
0006401007;COMPAGNIE PETROCHIMIQUE DE BERRE SAS;2013;Air;Hydrochlorofluorocarbures (HCFC);56.3;kg/an
0006400874;Fibre- Excellence;2013;Eau (direct);Matières en suspension (MES);3060000;kg/an
0006401007;COMPAGNIE PETROCHIMIQUE DE BERRE SAS;2013;Air;Hydroflurocarbures (HFC);2580;kg/an
0006401007;COMPAGNIE PETROCHIMIQUE DE BERRE SAS;2013;Air;Méthanol (alcool méthylique);68000;kg/an
0006400874;Fibre- Excellence;2013;Eau (direct);Zinc et composés (exprimés en tant que Zn);1840;kg/an
0006401007;COMPAGNIE PETROCHIMIQUE DE BERRE SAS;2013;Air;Nickel et composés (exprimés en tant que Ni);639;kg/an
0006400879;Rizerie SOUFFLET ALIMENTAIRE CAMARGUE;2013;Air;Dioxyde de carbone (CO2) total (d'origine biomasse et non biomasse);15800000;kg/an
0006401007;COMPAGNIE PETROCHIMIQUE DE BERRE SAS;2013;Air;Oxydes de soufre (SOx/SO2);327000;kg/an
0006401007;COMPAGNIE PETROCHIMIQUE DE BERRE SAS;2013;Air;Oxydes d'azote (NOx/NO2);309000;kg/an
0006400879;Rizerie SOUFFLET ALIMENTAIRE CAMARGUE;2013;Air;Dioxyde de carbone (CO2) d'origine biomasse;15800000;kg/an
0006401007;COMPAGNIE PETROCHIMIQUE DE BERRE SAS;2013;Air;Protoxyde d'azote (N2O);14400;kg/an
0006401007;COMPAGNIE PETROCHIMIQUE DE BERRE SAS;2013;Air;Vanadium et ses composés;394;kg/an
0006400879;Rizerie SOUFFLET ALIMENTAIRE CAMARGUE;2013;Sol;Phosphore total;5840;kg/an
0006401007;COMPAGNIE PETROCHIMIQUE DE BERRE SAS;2013;Air;Dioxyde de carbone (CO2) d'origine non biomasse;254000000;kg/an
0006401007;COMPAGNIE PETROCHIMIQUE DE BERRE SAS;2013;Air;Dioxyde de carbone (CO2) total (d'origine biomasse et non biomasse);254000000;kg/an
0006400881;GRT GAZ SMC;2013;Air;Dioxyde de carbone (CO2) d'origine non biomasse;12300000;kg/an
0006401007;COMPAGNIE PETROCHIMIQUE DE BERRE SAS;2013;Eau (direct);Demande biologique en oxygène (DBO5);46600;kg/an
0006401007;COMPAGNIE PETROCHIMIQUE DE BERRE SAS;2013;Eau (direct);Demande chimique en oxygène (DCO);269000;kg/an
0006401007;COMPAGNIE PETROCHIMIQUE DE BERRE SAS;2013;Eau (direct);Nickel et composés (exprimés en tant que Ni);195;kg/an
0006400881;GRT GAZ SMC;2013;Air;Dioxyde de carbone (CO2) total (d'origine biomasse et non biomasse);12300000;kg/an
0006401007;COMPAGNIE PETROCHIMIQUE DE BERRE SAS;2013;Eau (direct);Zinc et composés (exprimés en tant que Zn);159;kg/an
0006400904;CHAUX DE PROVENCE SACAM;2013;Air;Dioxyde de carbone (CO2) d'origine non biomasse;161000000;kg/an
0006401008;Basell Polyoléfines France SAS;2013;Air;Benzène;6900;kg/an
0006401008;Basell Polyoléfines France SAS;2013;Air;Composés organiques volatils non méthaniques (COVNM);503000;kg/an
0006401008;Basell Polyoléfines France SAS;2013;Air;Hydrochlorofluorocarbures (HCFC);71.8;kg/an
0006400904;CHAUX DE PROVENCE SACAM;2013;Air;Dioxyde de carbone (CO2) total (d'origine biomasse et non biomasse);161000000;kg/an
0006401008;Basell Polyoléfines France SAS;2013;Air;Nickel et composés (exprimés en tant que Ni);1490;kg/an
0006401008;Basell Polyoléfines France SAS;2013;Air;Oxydes de soufre (SOx/SO2);1140000;kg/an
0006400908;SIRAP GEMA (NOVES);2013;Air;Composés organiques volatils non méthaniques (COVNM);136000;kg/an
0006401008;Basell Polyoléfines France SAS;2013;Air;Oxydes d'azote (NOx/NO2);978000;kg/an
0006401008;Basell Polyoléfines France SAS;2013;Air;Protoxyde d'azote (N2O);11800;kg/an
0006400942;Kem One Lavera;2013;Air;1,2-dichloroéthane (DCE - chlorure d'éthylène);113000;kg/an
0006401008;Basell Polyoléfines France SAS;2013;Air;Dioxyde de carbone (CO2) d'origine non biomasse;980000000;kg/an
0006401008;Basell Polyoléfines France SAS;2013;Air;Dioxyde de carbone (CO2) total (d'origine biomasse et non biomasse);980000000;kg/an
0006400942;Kem One Lavera;2013;Air;Chloroforme (trichlorométhane);46300;kg/an
0006401008;Basell Polyoléfines France SAS;2013;Eau (direct);Zinc et composés (exprimés en tant que Zn);465;kg/an
0006400942;Kem One Lavera;2013;Air;Chlorure de vinyle (chloroéthène);98600;kg/an
0006400942;Kem One Lavera;2013;Air;Composés organiques volatils non méthaniques (COVNM);357000;kg/an
0006401009;FIGENAL;2013;Air;Dioxyde de carbone (CO2) d'origine non biomasse;75300000;kg/an
0006401009;FIGENAL;2013;Air;Dioxyde de carbone (CO2) total (d'origine biomasse et non biomasse);75300000;kg/an
0006400942;Kem One Lavera;2013;Air;Dichlorométhane (DCM, chlorure de méthylène);36600;kg/an
0006401012;COMPAGNIE PETROCHIMIQUE DE BERRE SAS;2013;Air;Composés organiques volatils non méthaniques (COVNM);59000;kg/an
0006400942;Kem One Lavera;2013;Air;Hydrochlorofluorocarbures (HCFC);2660;kg/an
0006401012;COMPAGNIE PETROCHIMIQUE DE BERRE SAS;2013;Air;Hydrochlorofluorocarbures (HCFC);62.8;kg/an
0006400942;Kem One Lavera;2013;Air;Hydroflurocarbures (HFC);1900;kg/an
0006400942;Kem One Lavera;2013;Air;Mercure et composés (exprimés en tant que Hg);84.2;kg/an
0006401019;ASCOMETAL Fos-sur-Mer;2013;Air;Cobalt et composés (exprimés en tant que Co);8.1;kg/an
0006401019;ASCOMETAL Fos-sur-Mer;2013;Air;Plomb et composés (exprimés en tant que Pb);213;kg/an
0006400942;Kem One Lavera;2013;Air;Tétrachlorométhane (TCM, tétrachlorure de carbone);11300;kg/an
0006401019;ASCOMETAL Fos-sur-Mer;2013;Air;Zinc et composés (exprimés en tant que Zn);737;kg/an
0006401019;ASCOMETAL Fos-sur-Mer;2013;Air;Dioxyde de carbone (CO2) d'origine non biomasse;51900000;kg/an
0006400942;Kem One Lavera;2013;Air;Dioxyde de carbone (CO2) d'origine non biomasse;54400000;kg/an
0006401019;ASCOMETAL Fos-sur-Mer;2013;Air;Dioxyde de carbone (CO2) total (d'origine biomasse et non biomasse);51900000;kg/an
0006401019;ASCOMETAL Fos-sur-Mer;2013;Eau (direct);Nickel et composés (exprimés en tant que Ni);23.3;kg/an
0006400942;Kem One Lavera;2013;Air;Dioxyde de carbone (CO2) total (d'origine biomasse et non biomasse);54400000;kg/an
0006401019;ASCOMETAL Fos-sur-Mer;2013;Eau (direct);Zinc et composés (exprimés en tant que Zn);342;kg/an
0006400942;Kem One Lavera;2013;Eau (indirect);1,2-dichloroéthane (DCE - chlorure d'éthylène);159;kg/an
0006400942;Kem One Lavera;2013;Eau (indirect);Carbone organique total (en tant que C total ou DCO/3);167000;kg/an
0006401022;CIFC;2013;Air;Monoxyde de carbone (CO);1090000;kg/an
0006400942;Kem One Lavera;2013;Eau (indirect);Chloroforme (trichlorométhane);470;kg/an
0006401022;CIFC;2013;Air;Dioxyde de carbone (CO2) d'origine non biomasse;207000000;kg/an
0006401022;CIFC;2013;Air;Dioxyde de carbone (CO2) total (d'origine biomasse et non biomasse);207000000;kg/an
0006400942;Kem One Lavera;2013;Eau (direct);Chlorures (en tant que Cl total);53200000;kg/an
0006400942;Kem One Lavera;2013;Eau (indirect);Chlorures (en tant que Cl total);7040000;kg/an
0006400942;Kem One Lavera;2013;Eau (indirect);Cuivre et composés (exprimés en tant que Cu);56.7;kg/an
0006401027;DEPOT PETROLIER DE FOS;2013;Air;Composés organiques volatils non méthaniques (COVNM);71800;kg/an
0006400942;Kem One Lavera;2013;Eau (direct);Cuivre et composés (exprimés en tant que Cu);62.6;kg/an
0006400942;Kem One Lavera;2013;Eau (indirect);Dioxines et furanes (PCDD + PCDF) (exprimés en iTeq);0.000102;kg/an
0006400942;Kem One Lavera;2013;Eau (direct);Mercure et composés (exprimés en tant que Hg);15.1;kg/an
0006401029;ESSO Raffinage SAS;2013;Air;Benzène;6080;kg/an
0006401029;ESSO Raffinage SAS;2013;Air;Chrome et composés (exprimés en tant que Cr);119;kg/an
0006400942;Kem One Lavera;2013;Eau (indirect);Méthanol (alcool méthylique);17700;kg/an
0006401029;ESSO Raffinage SAS;2013;Air;Composés organiques volatils non méthaniques (COVNM);549000;kg/an
0006401029;ESSO Raffinage SAS;2013;Air;Nickel et composés (exprimés en tant que Ni);56.3;kg/an
0006400942;Kem One Lavera;2013;Eau (indirect);Tétrachlorométhane (TCM, tétrachlorure de carbone);1.96;kg/an
0006401029;ESSO Raffinage SAS;2013;Air;Oxydes de soufre (SOx/SO2);2040000;kg/an
0006401029;ESSO Raffinage SAS;2013;Air;Oxydes d'azote (NOx/NO2);722000;kg/an
0006400955;NAPHTACHIMIE;2013;Air;Antimoine et composés (exprimés en tant que Sb);51;kg/an
0006401029;ESSO Raffinage SAS;2013;Air;Protoxyde d'azote (N2O);13500;kg/an
0006401029;ESSO Raffinage SAS;2013;Air;Vanadium et ses composés;41.4;kg/an
0006400955;NAPHTACHIMIE;2013;Air;Benzène;4140;kg/an
0006401029;ESSO Raffinage SAS;2013;Air;Dioxyde de carbone (CO2) d'origine non biomasse;750000000;kg/an
0006401029;ESSO Raffinage SAS;2013;Air;Dioxyde de carbone (CO2) total (d'origine biomasse et non biomasse);750000000;kg/an
0006400955;NAPHTACHIMIE;2013;Air;Chrome et composés (exprimés en tant que Cr);331;kg/an
0006401029;ESSO Raffinage SAS;2013;Eau (direct);Arsenic et composés (exprimés en tant que As);15;kg/an
0006401029;ESSO Raffinage SAS;2013;Eau (direct);Phénols (en tant que C total);72;kg/an
0006400955;NAPHTACHIMIE;2013;Air;Cobalt et composés (exprimés en tant que Co);67;kg/an
0006401029;ESSO Raffinage SAS;2013;Eau (direct);Zinc et composés (exprimés en tant que Zn);515;kg/an
0006401040;IMERYS Aluminates SA;2013;Air;Oxydes de soufre (SOx/SO2);410000;kg/an
0006400955;NAPHTACHIMIE;2013;Air;Composés organiques volatils non méthaniques (COVNM);387000;kg/an
0006401040;IMERYS Aluminates SA;2013;Air;Oxydes d'azote (NOx/NO2);370000;kg/an
0006401040;IMERYS Aluminates SA;2013;Air;Dioxyde de carbone (CO2) d'origine non biomasse;143000000;kg/an
0006400955;NAPHTACHIMIE;2013;Air;Hydroflurocarbures (HFC);109;kg/an
0006401040;IMERYS Aluminates SA;2013;Air;Dioxyde de carbone (CO2) total (d'origine biomasse et non biomasse);143000000;kg/an
0006400955;NAPHTACHIMIE;2013;Air;Méthane (CH4);107000;kg/an
0006400955;NAPHTACHIMIE;2013;Air;Nickel et composés (exprimés en tant que Ni);1640;kg/an
0006400955;NAPHTACHIMIE;2013;Air;Oxydes de soufre (SOx/SO2);2110000;kg/an
0006401052;ARCELORMITTAL Méditerranée;2013;Air;Anthracène;142;kg/an
0006401052;ARCELORMITTAL Méditerranée;2013;Air;Antimoine et composés (exprimés en tant que Sb);35.2;kg/an
0006400955;NAPHTACHIMIE;2013;Air;Oxydes d'azote (NOx/NO2);1070000;kg/an
0006401052;ARCELORMITTAL Méditerranée;2013;Air;Arsenic et composés (exprimés en tant que As);36.6;kg/an
0006401052;ARCELORMITTAL Méditerranée;2013;Air;Benzène;35400;kg/an
0006400955;NAPHTACHIMIE;2013;Air;Phénols (en tant que C total);1770;kg/an
0006401052;ARCELORMITTAL Méditerranée;2013;Air;Cadmium et composés (exprimés en tant que Cd);180;kg/an
0006401052;ARCELORMITTAL Méditerranée;2013;Air;Chrome et composés (exprimés en tant que Cr);264;kg/an
0006400955;NAPHTACHIMIE;2013;Air;Protoxyde d'azote (N2O);47500;kg/an
0006401052;ARCELORMITTAL Méditerranée;2013;Air;Cobalt et composés (exprimés en tant que Co);21;kg/an
0006401052;ARCELORMITTAL Méditerranée;2013;Air;Composés organiques volatils non méthaniques (COVNM);576000;kg/an
0006400955;NAPHTACHIMIE;2013;Air;Zinc et composés (exprimés en tant que Zn);595;kg/an
0006401052;ARCELORMITTAL Méditerranée;2013;Air;Cuivre et composés (exprimés en tant que Cu);4240;kg/an
0006401052;ARCELORMITTAL Méditerranée;2013;Air;Dioxines et furanes (PCDD + PCDF) (exprimés en iTeq);0.00392;kg/an
0006400955;NAPHTACHIMIE;2013;Air;Vanadium et ses composés;1600;kg/an
0006401052;ARCELORMITTAL Méditerranée;2013;Air;Fluor et composés inorganiques (en tant que HF);22200;kg/an
0006401052;ARCELORMITTAL Méditerranée;2013;Air;Hydrocarbures aromatiques polycycliques (HAP);630;kg/an
0006400955;NAPHTACHIMIE;2013;Air;Dioxyde de carbone (CO2) d'origine non biomasse;1280000000;kg/an
0006401052;ARCELORMITTAL Méditerranée;2013;Air;Hydrochlorofluorocarbures (HCFC);24;kg/an
0006401052;ARCELORMITTAL Méditerranée;2013;Air;Hydroflurocarbures (HFC);545;kg/an
0006400955;NAPHTACHIMIE;2013;Air;Dioxyde de carbone (CO2) total (d'origine biomasse et non biomasse);1280000000;kg/an
0006401052;ARCELORMITTAL Méditerranée;2013;Air;Manganèse et composés (exprimés en tant que Mn);4870;kg/an
0006401052;ARCELORMITTAL Méditerranée;2013;Air;Mercure et composés (exprimés en tant que Hg);116;kg/an
0006401052;ARCELORMITTAL Méditerranée;2013;Air;Monoxyde de carbone (CO);95100000;kg/an
0006401052;ARCELORMITTAL Méditerranée;2013;Air;Méthane (CH4);934000;kg/an
0006400955;NAPHTACHIMIE;2013;Eau (direct);Cadmium et composés (exprimés en tant que Cd);6.84;kg/an
0006401052;ARCELORMITTAL Méditerranée;2013;Air;Naphthalène;3250;kg/an
0006401052;ARCELORMITTAL Méditerranée;2013;Air;Nickel et composés (exprimés en tant que Ni);987;kg/an
0006400955;NAPHTACHIMIE;2013;Eau (direct);Cyanures (sous forme de CN total);58.6;kg/an
0006401052;ARCELORMITTAL Méditerranée;2013;Air;Oxydes de soufre (SOx/SO2);6230000;kg/an
0006401052;ARCELORMITTAL Méditerranée;2013;Air;Oxydes d'azote (NOx/NO2);7610000;kg/an
0006400955;NAPHTACHIMIE;2013;Eau (direct);Demande chimique en oxygène (DCO);234000;kg/an
0006401052;ARCELORMITTAL Méditerranée;2013;Air;Particules (PM10);1260000;kg/an
0006401052;ARCELORMITTAL Méditerranée;2013;Air;Plomb et composés (exprimés en tant que Pb);6510;kg/an
0006400955;NAPHTACHIMIE;2013;Eau (direct);Mercure et composés (exprimés en tant que Hg);1.89;kg/an
0006401052;ARCELORMITTAL Méditerranée;2013;Air;Poussières totales;1360000;kg/an
0006401052;ARCELORMITTAL Méditerranée;2013;Air;Protoxyde d'azote (N2O);131000;kg/an
0006400955;NAPHTACHIMIE;2013;Eau (direct);Nickel et composés (exprimés en tant que Ni);78.4;kg/an
0006401052;ARCELORMITTAL Méditerranée;2013;Air;Zinc et composés (exprimés en tant que Zn);9060;kg/an
0006401052;ARCELORMITTAL Méditerranée;2013;Air;Vanadium et ses composés;38.6;kg/an
0006400955;NAPHTACHIMIE;2013;Eau (direct);Phénols (en tant que C total);23.4;kg/an
0006401052;ARCELORMITTAL Méditerranée;2013;Air;Thallium et ses composés (exprimés en tant que Tl);124;kg/an
0006401052;ARCELORMITTAL Méditerranée;2013;Air;Dioxyde de carbone (CO2) d'origine non biomasse;7990000000;kg/an
0006400955;NAPHTACHIMIE;2013;Eau (direct);Zinc et composés (exprimés en tant que Zn);204;kg/an
0006401052;ARCELORMITTAL Méditerranée;2013;Air;Dioxyde de carbone (CO2) total (d'origine biomasse et non biomasse);7990000000;kg/an
0006401052;ARCELORMITTAL Méditerranée;2013;Eau (direct);Azote total;209000;kg/an
0006400956;OXOCHIMIE;2013;Air;Dioxyde de carbone (CO2) d'origine non biomasse;21200000;kg/an
0006401052;ARCELORMITTAL Méditerranée;2013;Eau (direct);Cadmium et composés (exprimés en tant que Cd);3.59;kg/an
0006401052;ARCELORMITTAL Méditerranée;2013;Eau (direct);Cyanures (sous forme de CN total);164;kg/an
0006400956;OXOCHIMIE;2013;Air;Dioxyde de carbone (CO2) total (d'origine biomasse et non biomasse);21200000;kg/an
0006401052;ARCELORMITTAL Méditerranée;2013;Eau (direct);Demande chimique en oxygène (DCO);325000;kg/an
0006401052;ARCELORMITTAL Méditerranée;2013;Eau (direct);Fer et composés (exprimés en tant que Fe);7220;kg/an
0006400978;BUTAGAZ - Site de Rognac;2013;Air;Composés organiques volatils non méthaniques (COVNM);96300;kg/an
0006401052;ARCELORMITTAL Méditerranée;2013;Eau (direct);Manganèse et composés (exprimés en tant que Mn);730;kg/an
0006401052;ARCELORMITTAL Méditerranée;2013;Eau (direct);Phénols (en tant que C total);1000;kg/an
0006401052;ARCELORMITTAL Méditerranée;2013;Eau (direct);Plomb et composés (exprimés en tant que Pb);158;kg/an
0006400982;KEM ONE FOS (Ex VINYLFOS);2013;Air;1,2-dichloroéthane (DCE - chlorure d'éthylène);102000;kg/an
0006401052;ARCELORMITTAL Méditerranée;2013;Eau (direct);Zinc et composés (exprimés en tant que Zn);1960;kg/an
0006400982;KEM ONE FOS (Ex VINYLFOS);2013;Air;Chlorure de vinyle (chloroéthène);8420;kg/an
0006401055;GIE Terminal de la CRAU;2013;Air;Composés organiques volatils non méthaniques (COVNM);42200;kg/an
0006400982;KEM ONE FOS (Ex VINYLFOS);2013;Air;Composés organiques volatils non méthaniques (COVNM);154000;kg/an
0006401056;TOTAL RAFFINAGE FRANCE;2013;Air;Benzène;6920;kg/an
0006400982;KEM ONE FOS (Ex VINYLFOS);2013;Air;Hydrochlorofluorocarbures (HCFC);316;kg/an
0006401056;TOTAL RAFFINAGE FRANCE;2013;Air;Chrome et composés (exprimés en tant que Cr);102;kg/an
0006401056;TOTAL RAFFINAGE FRANCE;2013;Air;Composés organiques volatils non méthaniques (COVNM);528000;kg/an
0006400982;KEM ONE FOS (Ex VINYLFOS);2013;Air;Dioxyde de carbone (CO2) d'origine non biomasse;100000000;kg/an
0006401056;TOTAL RAFFINAGE FRANCE;2013;Air;Manganèse et composés (exprimés en tant que Mn);534;kg/an
0006401056;TOTAL RAFFINAGE FRANCE;2013;Air;Nickel et composés (exprimés en tant que Ni);1240;kg/an
0006400982;KEM ONE FOS (Ex VINYLFOS);2013;Air;Dioxyde de carbone (CO2) total (d'origine biomasse et non biomasse);100000000;kg/an
0006401056;TOTAL RAFFINAGE FRANCE;2013;Air;Oxydes de soufre (SOx/SO2);5120000;kg/an
0006401056;TOTAL RAFFINAGE FRANCE;2013;Air;Oxydes d'azote (NOx/NO2);1330000;kg/an
0006400982;KEM ONE FOS (Ex VINYLFOS);2013;Eau (direct);1,2-dichloroéthane (DCE - chlorure d'éthylène);80.9;kg/an
0006401056;TOTAL RAFFINAGE FRANCE;2013;Air;Particules (PM10);151000;kg/an
0006401056;TOTAL RAFFINAGE FRANCE;2013;Air;Poussières totales;341000;kg/an
0006400982;KEM ONE FOS (Ex VINYLFOS);2013;Eau (direct);Chlorure de vinyle (chloroéthène);22.2;kg/an
0006401056;TOTAL RAFFINAGE FRANCE;2013;Air;Protoxyde d'azote (N2O);37300;kg/an
0006401056;TOTAL RAFFINAGE FRANCE;2013;Air;Zinc et composés (exprimés en tant que Zn);288;kg/an
0006400982;KEM ONE FOS (Ex VINYLFOS);2013;Eau (direct);Chlorures (en tant que Cl total);6610000;kg/an
0006401056;TOTAL RAFFINAGE FRANCE;2013;Air;Vanadium et ses composés;1480;kg/an
0006401056;TOTAL RAFFINAGE FRANCE;2013;Air;Dioxyde de carbone (CO2) d'origine non biomasse;1200000000;kg/an
0006400982;KEM ONE FOS (Ex VINYLFOS);2013;Eau (direct);Composés organohalogénés (exprimés en tant que AOX);2470;kg/an
0006401056;TOTAL RAFFINAGE FRANCE;2013;Air;Dioxyde de carbone (CO2) total (d'origine biomasse et non biomasse);1200000000;kg/an
0006401056;TOTAL RAFFINAGE FRANCE;2013;Eau (direct);Arsenic et composés (exprimés en tant que As);20;kg/an
0006400982;KEM ONE FOS (Ex VINYLFOS);2013;Eau (direct);Mercure et composés (exprimés en tant que Hg);1.32;kg/an
0006401056;TOTAL RAFFINAGE FRANCE;2013;Eau (direct);Cadmium et composés (exprimés en tant que Cd);6.53;kg/an
0006401056;TOTAL RAFFINAGE FRANCE;2013;Eau (direct);Demande chimique en oxygène (DCO);179000;kg/an
0006400988;Lyondell Basell Services France SAS;2013;Air;Benzène;1800;kg/an
0006401056;TOTAL RAFFINAGE FRANCE;2013;Eau (direct);Mercure et composés (exprimés en tant que Hg);6.53;kg/an
0006400990;KEM ONE France;2013;Air;Hydroflurocarbures (HFC);738;kg/an
0006400990;KEM ONE France;2013;Air;Dioxyde de carbone (CO2) d'origine non biomasse;63700000;kg/an
0006401056;TOTAL RAFFINAGE FRANCE;2013;Eau (direct);Phosphore total;12000;kg/an
0006400990;KEM ONE France;2013;Air;Dioxyde de carbone (CO2) total (d'origine biomasse et non biomasse);63700000;kg/an
0006400990;KEM ONE France;2013;Eau (direct);Chlorures (en tant que Cl total);141000000;kg/an
0006401061;EDF CCG de Martigues;2013;Air;Oxydes d'azote (NOx/NO2);130000;kg/an
0006400990;KEM ONE France;2013;Eau (direct);Composés organohalogénés (exprimés en tant que AOX);17000;kg/an
0006401061;EDF CCG de Martigues;2013;Air;Dioxyde de carbone (CO2) d'origine non biomasse;208000000;kg/an
0006401061;EDF CCG de Martigues;2013;Air;Dioxyde de carbone (CO2) total (d'origine biomasse et non biomasse);208000000;kg/an
0006501121;REP;2013;Air;Oxydes de soufre (SOx/SO2);219000;kg/an
0006401061;EDF CCG de Martigues;2013;Eau (direct);Cuivre et composés (exprimés en tant que Cu);265;kg/an
0006401061;EDF CCG de Martigues;2013;Eau (direct);Zinc et composés (exprimés en tant que Zn);101;kg/an
0006401066;Alkion Terminal Marseille;2013;Air;1,2-dichloroéthane (DCE - chlorure d'éthylène);10900;kg/an
0006401066;Alkion Terminal Marseille;2013;Air;Chloroforme (trichlorométhane);2200;kg/an
0006401066;Alkion Terminal Marseille;2013;Air;Dichlorométhane (DCM, chlorure de méthylène);7000;kg/an
0006401066;Alkion Terminal Marseille;2013;Air;Trichloréthylène;2100;kg/an
0006401066;Alkion Terminal Marseille;2013;Air;Tétrachlorométhane (TCM, tétrachlorure de carbone);2600;kg/an
0006401078;CORIANCE pour STSP;2013;Air;Dioxyde de carbone (CO2) d'origine non biomasse;12500000;kg/an
0006501121;REP;2013;Air;Dioxyde de carbone (CO2) total (d'origine biomasse et non biomasse);189000000;kg/an
0006401078;CORIANCE pour STSP;2013;Air;Dioxyde de carbone (CO2) total (d'origine biomasse et non biomasse);12500000;kg/an
0006401079;ELENGY (TONKIN);2013;Air;Méthane (CH4);491000;kg/an
0006501121;REP;2013;Air;Dioxyde de carbone (CO2) d'origine biomasse;189000000;kg/an
0006501132;Storengy;2013;Air;Composés organiques volatils non méthaniques (COVNM);30700;kg/an
0006401115;SCAV DES COTEAUX DE GRAMBOIS;2013;Eau (direct);Demande biologique en oxygène (DBO5);54000;kg/an
0006401122;METROPOLE AMP  ISDND ARBOIS;2013;Air;Méthane (CH4);1040000;kg/an
0006501132;Storengy;2013;Air;Méthane (CH4);210000;kg/an
0006401122;METROPOLE AMP  ISDND ARBOIS;2013;Air;Dioxyde de carbone (CO2) total (d'origine biomasse et non biomasse);19600000;kg/an
0006401122;METROPOLE AMP  ISDND ARBOIS;2013;Air;Dioxyde de carbone (CO2) d'origine biomasse;19600000;kg/an
0006501167;Borealis Grandpuits;2013;Air;Ammoniac (NH3);194000;kg/an
0006501167;Borealis Grandpuits;2013;Air;Oxydes d'azote (NOx/NO2);495000;kg/an
0006401124;SEMAG;2013;Air;Méthane (CH4);524000;kg/an
0006501167;Borealis Grandpuits;2013;Air;Poussières totales;188000;kg/an
0006501167;Borealis Grandpuits;2013;Air;Protoxyde d'azote (N2O);280000;kg/an
0006501167;Borealis Grandpuits;2013;Air;Dioxyde de carbone (CO2) d'origine non biomasse;695000000;kg/an
0006401333;LHG l'Estaque;2013;Air;Poussières totales;176000;kg/an
0006501167;Borealis Grandpuits;2013;Air;Dioxyde de carbone (CO2) total (d'origine biomasse et non biomasse);695000000;kg/an
0006501167;Borealis Grandpuits;2013;Eau (direct);Azote total;266000;kg/an
0006501169;TOTAL Raffinage France;2013;Air;Benzène;5400;kg/an
0006401421;SUEZ RV MEDITERRANEE;2013;Air;Méthane (CH4);657000;kg/an
0006501169;TOTAL Raffinage France;2013;Air;Cobalt et composés (exprimés en tant que Co);11;kg/an
0006401421;SUEZ RV MEDITERRANEE;2013;Air;Dioxyde de carbone (CO2) total (d'origine biomasse et non biomasse);11500000;kg/an
0006401421;SUEZ RV MEDITERRANEE;2013;Air;Dioxyde de carbone (CO2) d'origine biomasse;11500000;kg/an
0006501169;TOTAL Raffinage France;2013;Air;Composés organiques volatils non méthaniques (COVNM);540000;kg/an
0006501169;TOTAL Raffinage France;2013;Air;Oxydes de soufre (SOx/SO2);1860000;kg/an
0006401519;LAVERA ENERGIES;2013;Air;Dioxyde de carbone (CO2) d'origine non biomasse;322000000;kg/an
0006501169;TOTAL Raffinage France;2013;Air;Oxydes d'azote (NOx/NO2);676000;kg/an
0006401519;LAVERA ENERGIES;2013;Air;Dioxyde de carbone (CO2) total (d'origine biomasse et non biomasse);322000000;kg/an
0006401567;LAFARGEHOLCIM CIMENTS;2013;Air;Acide cyanhydrique (HCN);285;kg/an
0006501169;TOTAL Raffinage France;2013;Air;Poussières totales;152000;kg/an
0006401567;LAFARGEHOLCIM CIMENTS;2013;Air;Ammoniac (NH3);97100;kg/an
0006401567;LAFARGEHOLCIM CIMENTS;2013;Air;Benzène;2720;kg/an
0006501169;TOTAL Raffinage France;2013;Air;Protoxyde d'azote (N2O);22900;kg/an
0006401567;LAFARGEHOLCIM CIMENTS;2013;Air;Monoxyde de carbone (CO);728000;kg/an
0006401567;LAFARGEHOLCIM CIMENTS;2013;Air;Naphthalène;250;kg/an
0006501169;TOTAL Raffinage France;2013;Air;Dioxyde de carbone (CO2) d'origine non biomasse;789000000;kg/an
0006401567;LAFARGEHOLCIM CIMENTS;2013;Air;Oxydes de soufre (SOx/SO2);434000;kg/an
0006401567;LAFARGEHOLCIM CIMENTS;2013;Air;Oxydes d'azote (NOx/NO2);397000;kg/an
0006501169;TOTAL Raffinage France;2013;Air;Dioxyde de carbone (CO2) total (d'origine biomasse et non biomasse);789000000;kg/an
0006401567;LAFARGEHOLCIM CIMENTS;2013;Air;Dioxyde de carbone (CO2) d'origine non biomasse;288000000;kg/an
0006401567;LAFARGEHOLCIM CIMENTS;2013;Air;Dioxyde de carbone (CO2) total (d'origine biomasse et non biomasse);288000000;kg/an
0006501169;TOTAL Raffinage France;2013;Eau (direct);Arsenic et composés (exprimés en tant que As);38.9;kg/an
0006501169;TOTAL Raffinage France;2013;Eau (direct);Cadmium et composés (exprimés en tant que Cd);1.4;kg/an
0006501169;TOTAL Raffinage France;2013;Eau (direct);Chrome hexavalent et composés (exprimés en tant que Cr VI);33.9;kg/an
0006401622;CHAUX DE LA TOUR;2013;Air;Dioxyde de carbone (CO2) d'origine non biomasse;127000000;kg/an
0006501169;TOTAL Raffinage France;2013;Eau (direct);Fluorures (en tant que F total);3210;kg/an
0006401622;CHAUX DE LA TOUR;2013;Air;Dioxyde de carbone (CO2) total (d'origine biomasse et non biomasse);127000000;kg/an
0006501367;EXXELIA TECHNOLOGIES;2013;Air;Dichlorométhane (DCM, chlorure de méthylène);1330;kg/an
0006501430;ROTOFRANCE IMPRESSION;2013;Air;Composés organiques volatils non méthaniques (COVNM);32300;kg/an
0006401643;ETEX France  (ex SINIAT) Per;2013;Air;Hydroflurocarbures (HFC);3030;kg/an
0006401697;J. GAZIGNAIRE;2013;Air;Composés organiques volatils non méthaniques (COVNM);41500;kg/an
0006501518;KNAUF ILE DE FRANCE/OUEST;2013;Air;Composés organiques volatils non méthaniques (COVNM);236000;kg/an
0006501529;HELIO PRINT (ex H2D ex QUEBECOR );2013;Air;Composés organiques volatils non méthaniques (COVNM);463000;kg/an
0006401732;ECO RECYCLING SYSTEMS;2013;Eau (indirect);Phénols (en tant que C total);71.9;kg/an
0006501529;HELIO PRINT (ex H2D ex QUEBECOR );2013;Air;Protoxyde d'azote (N2O);12300;kg/an
0006401906;Usine du Gargalon;2013;Eau (direct);Aluminium et composés (exprimés en tant que Al);2500;kg/an
0006501529;HELIO PRINT (ex H2D ex QUEBECOR );2013;Air;Dioxyde de carbone (CO2) total (d'origine biomasse et non biomasse);14200000;kg/an
0006402078;KNAUF SUD - Rousset;2013;Air;Composés organiques volatils non méthaniques (COVNM);180000;kg/an
0006402197;BLANCHISSERIE SANTALYS;2013;Eau (indirect);Diphényléthers bromés (PBDE);2.6;kg/an
0006501584;THIMEAU MAGIC RAMBO-ELIS;2013;Eau (indirect);Demande biologique en oxygène (DBO5);48300;kg/an
0006501602;BASF Health and Care Product France;2013;Air;Naphthalène;133;kg/an
0006402211;Petroineos Manufacturing France SAS;2013;Air;Benzène;7630;kg/an
0006402211;Petroineos Manufacturing France SAS;2013;Air;Cobalt et composés (exprimés en tant que Co);142;kg/an
0006501663;CGCU Cie GEOTHERMIQUE CHAUFFAGE URBAIN;2013;Air;Dioxyde de carbone (CO2) d'origine non biomasse;13100000;kg/an
0006402211;Petroineos Manufacturing France SAS;2013;Air;Composés organiques volatils non méthaniques (COVNM);560000;kg/an
0006402211;Petroineos Manufacturing France SAS;2013;Air;Nickel et composés (exprimés en tant que Ni);3890;kg/an
0006402211;Petroineos Manufacturing France SAS;2013;Air;Oxydes de soufre (SOx/SO2);4170000;kg/an
0006501663;CGCU Cie GEOTHERMIQUE CHAUFFAGE URBAIN;2013;Air;Dioxyde de carbone (CO2) total (d'origine biomasse et non biomasse);13100000;kg/an
0006402211;Petroineos Manufacturing France SAS;2013;Air;Oxydes d'azote (NOx/NO2);1790000;kg/an
0006402211;Petroineos Manufacturing France SAS;2013;Air;Protoxyde d'azote (N2O);33900;kg/an
0006501812;AGRANA FRUITS FRANCE (ex ATYS);2013;Eau (indirect);Demande biologique en oxygène (DBO5);119000;kg/an
0006402211;Petroineos Manufacturing France SAS;2013;Air;Vanadium et ses composés;6560;kg/an
0006402211;Petroineos Manufacturing France SAS;2013;Air;Dioxyde de carbone (CO2) d'origine non biomasse;1250000000;kg/an
0006402211;Petroineos Manufacturing France SAS;2013;Air;Dioxyde de carbone (CO2) total (d'origine biomasse et non biomasse);1250000000;kg/an
0006402211;Petroineos Manufacturing France SAS;2013;Eau (direct);Arsenic et composés (exprimés en tant que As);17.5;kg/an
0006501812;AGRANA FRUITS FRANCE (ex ATYS);2013;Eau (indirect);Demande chimique en oxygène (DCO);240000;kg/an
0006402211;Petroineos Manufacturing France SAS;2013;Eau (direct);Demande biologique en oxygène (DBO5);96700;kg/an
0006402211;Petroineos Manufacturing France SAS;2013;Eau (direct);Demande chimique en oxygène (DCO);237000;kg/an
0006501831;BASF Polyuréthanes;2013;Air;Hydroflurocarbures (HFC);11300;kg/an
0006402211;Petroineos Manufacturing France SAS;2013;Eau (direct);Phénols (en tant que C total);1200;kg/an
0006402211;Petroineos Manufacturing France SAS;2013;Eau (direct);Zinc et composés (exprimés en tant que Zn);108;kg/an
0006501864;Air Liquide France Industrie (ALFI);2013;Air;Hydrochlorofluorocarbures (HCFC);434;kg/an
0006402259;SERAMM Usine des boues;2013;Air;Dioxyde de carbone (CO2) d'origine non biomasse;54300000;kg/an
0006501864;Air Liquide France Industrie (ALFI);2013;Air;Hydroflurocarbures (HFC);581;kg/an
0006402259;SERAMM Usine des boues;2013;Air;Dioxyde de carbone (CO2) total (d'origine biomasse et non biomasse);54300000;kg/an
0006501916;VILLARD SARL;2013;Eau (indirect);Zinc et composés (exprimés en tant que Zn);537;kg/an
0006501923;BUTAGAZ SAS;2013;Air;Composés organiques volatils non méthaniques (COVNM);47500;kg/an
0006402472;CREALIS;2013;Air;Halons;50;kg/an
0006402706;EURENCO Sorgues;2013;Air;Hydrochlorofluorocarbures (HCFC);165;kg/an
0006402706;EURENCO Sorgues;2013;Air;Hydroflurocarbures (HFC);732;kg/an
0006501929;SILEC CABLE;2013;Air;Hexafluorure de soufre (SF6);1000;kg/an
0006402706;EURENCO Sorgues;2013;Eau (direct);Arsenic et composés (exprimés en tant que As);9.77;kg/an
0006402706;EURENCO Sorgues;2013;Eau (direct);Azote total;135000;kg/an
0006402706;EURENCO Sorgues;2013;Eau (direct);Composés organohalogénés (exprimés en tant que AOX);1360;kg/an
0006501929;SILEC CABLE;2013;Air;Oxydes d'azote (NOx/NO2);107000;kg/an
0006402706;EURENCO Sorgues;2013;Eau (direct);Dichlorométhane (DCM, chlorure de méthylène);30.1;kg/an
0006402706;EURENCO Sorgues;2013;Eau (direct);Manganèse et composés (exprimés en tant que Mn);1250;kg/an
0006501929;SILEC CABLE;2013;Air;Dioxyde de carbone (CO2) d'origine non biomasse;10300000;kg/an
0006402706;EURENCO Sorgues;2013;Eau (direct);Nickel et composés (exprimés en tant que Ni);45.8;kg/an
0006402706;EURENCO Sorgues;2013;Eau (direct);Zinc et composés (exprimés en tant que Zn);137;kg/an
0006501929;SILEC CABLE;2013;Air;Dioxyde de carbone (CO2) total (d'origine biomasse et non biomasse);10300000;kg/an
0006402767;GEANT CASINO;2013;Air;Hydrochlorofluorocarbures (HCFC);53;kg/an
0006402767;GEANT CASINO;2013;Air;Hydroflurocarbures (HFC);240;kg/an
0006501929;SILEC CABLE;2013;Eau (direct);Cadmium et composés (exprimés en tant que Cd);2.9;kg/an
0006403649;BMI MONIER;2013;Air;Dioxyde de carbone (CO2) d'origine non biomasse;15300000;kg/an
0006403649;BMI MONIER;2013;Air;Dioxyde de carbone (CO2) total (d'origine biomasse et non biomasse);15300000;kg/an
0006501936;SAM MONTEREAU;2013;Air;Antimoine et composés (exprimés en tant que Sb);16;kg/an
0006404031;DISTRIBUTION CASINO FRANCE - Hypermarché Géant Casino La Valentine;2013;Air;Hydroflurocarbures (HFC);441;kg/an
0006501936;SAM MONTEREAU;2013;Air;Cadmium et composés (exprimés en tant que Cd);49;kg/an
0006501936;SAM MONTEREAU;2013;Air;Cobalt et composés (exprimés en tant que Co);15;kg/an
0006404370;AUCHAN GRASSE;2013;Air;Hydroflurocarbures (HFC);163;kg/an
0006501936;SAM MONTEREAU;2013;Air;Dioxines et furanes (PCDD + PCDF) (exprimés en iTeq);0.000171;kg/an
0006404835;AIR LIQUIDE FRANCE INDUSTRIE (ALFI);2013;Air;Dioxyde de carbone (CO2) d'origine non biomasse;197000000;kg/an
0006501936;SAM MONTEREAU;2013;Air;Manganèse et composés (exprimés en tant que Mn);473;kg/an
0006404835;AIR LIQUIDE FRANCE INDUSTRIE (ALFI);2013;Air;Dioxyde de carbone (CO2) total (d'origine biomasse et non biomasse);197000000;kg/an
0006404837;EveRé SAS;2013;Air;Protoxyde d'azote (N2O);18900;kg/an
0006501936;SAM MONTEREAU;2013;Air;Mercure et composés (exprimés en tant que Hg);35;kg/an
0006404837;EveRé SAS;2013;Air;Zinc et composés (exprimés en tant que Zn);232;kg/an
0006404837;EveRé SAS;2013;Air;Dioxyde de carbone (CO2) d'origine non biomasse;140000000;kg/an
0006501936;SAM MONTEREAU;2013;Air;Monoxyde de carbone (CO);2030000;kg/an
0006404837;EveRé SAS;2013;Air;Dioxyde de carbone (CO2) total (d'origine biomasse et non biomasse);336000000;kg/an
0006501936;SAM MONTEREAU;2013;Air;Zinc et composés (exprimés en tant que Zn);1970;kg/an
0006404837;EveRé SAS;2013;Air;Dioxyde de carbone (CO2) d'origine biomasse;195000000;kg/an
0006405412;GDF SUEZ THERMIQUE FRANCE;2013;Air;Dioxyde de carbone (CO2) d'origine non biomasse;85600000;kg/an
0006501936;SAM MONTEREAU;2013;Air;Dioxyde de carbone (CO2) d'origine non biomasse;92400000;kg/an
0006405412;GDF SUEZ THERMIQUE FRANCE;2013;Air;Dioxyde de carbone (CO2) total (d'origine biomasse et non biomasse);85600000;kg/an
0006501936;SAM MONTEREAU;2013;Air;Dioxyde de carbone (CO2) total (d'origine biomasse et non biomasse);92400000;kg/an
0006405521;SAS VALTEO;2013;Air;Méthane (CH4);3460000;kg/an
0006405521;SAS VALTEO;2013;Air;Dioxyde de carbone (CO2) total (d'origine biomasse et non biomasse);23700000;kg/an
0006501936;SAM MONTEREAU;2013;Eau (direct);Arsenic et composés (exprimés en tant que As);11;kg/an
0006405521;SAS VALTEO;2013;Air;Dioxyde de carbone (CO2) d'origine biomasse;23700000;kg/an
0006501936;SAM MONTEREAU;2013;Eau (direct);Cadmium et composés (exprimés en tant que Cd);2.3;kg/an
0006405522;SMIDDEV;2013;Air;Méthane (CH4);537000;kg/an
0006501936;SAM MONTEREAU;2013;Eau (direct);Cuivre et composés (exprimés en tant que Cu);152;kg/an
0006501936;SAM MONTEREAU;2013;Eau (direct);Nickel et composés (exprimés en tant que Ni);30;kg/an
0006405523;ISDND Roumagayrol - AZUR Valorisation;2013;Air;Méthane (CH4);3820000;kg/an
0006501956;SAFRAN AIRCRAFT ENGINES;2013;Air;Oxydes d'azote (NOx/NO2);185000;kg/an
0006406383;IPSEN PHARMA BIOTECH;2013;Air;Dichlorométhane (DCM, chlorure de méthylène);3170;kg/an
0006406623;ALPES ASSAINISSEMENT VEOLIA;2013;Air;Méthane (CH4);373000;kg/an
0006501956;SAFRAN AIRCRAFT ENGINES;2013;Air;Dioxyde de carbone (CO2) d'origine non biomasse;33000000;kg/an
0006407117;ENGIE  Thermique France;2013;Air;Dioxyde de carbone (CO2) d'origine non biomasse;141000000;kg/an
0006407117;ENGIE  Thermique France;2013;Air;Dioxyde de carbone (CO2) total (d'origine biomasse et non biomasse);141000000;kg/an
0006501956;SAFRAN AIRCRAFT ENGINES;2013;Air;Dioxyde de carbone (CO2) total (d'origine biomasse et non biomasse);33000000;kg/an
0006501966;SOMOVAL (UTOM de Monthyon) (SMITOM);2013;Air;Oxydes d'azote (NOx/NO2);103000;kg/an
0006501966;SOMOVAL (UTOM de Monthyon) (SMITOM);2013;Air;Dioxyde de carbone (CO2) d'origine non biomasse;44200000;kg/an
0006407785;LABORATOIRES M&L - Manosque;2013;Eau (indirect);Demande biologique en oxygène (DBO5);71900;kg/an
0006407785;LABORATOIRES M&L - Manosque;2013;Eau (indirect);Demande chimique en oxygène (DCO);150000;kg/an
0006501966;SOMOVAL (UTOM de Monthyon) (SMITOM);2013;Air;Dioxyde de carbone (CO2) total (d'origine biomasse et non biomasse);102000000;kg/an
0006409429;FRULACT FRANCE;2013;Eau (indirect);Demande biologique en oxygène (DBO5);57900;kg/an
0006501966;SOMOVAL (UTOM de Monthyon) (SMITOM);2013;Air;Dioxyde de carbone (CO2) d'origine biomasse;57600000;kg/an
0006501973;REP (Décharge de Monthyon);2013;Air;Méthane (CH4);225000;kg/an
0006502055;LESAFFRE Sucrerie;2013;Air;Dioxyde de carbone (CO2) d'origine non biomasse;29400000;kg/an
0006502055;LESAFFRE Sucrerie;2013;Air;Dioxyde de carbone (CO2) total (d'origine biomasse et non biomasse);29400000;kg/an
0006410379;INEOS DERIVATIVES LAVERA;2013;Air;Composés organiques volatils non méthaniques (COVNM);349000;kg/an
0006410379;INEOS DERIVATIVES LAVERA;2013;Air;Oxyde d'éthylène;8700;kg/an
0006502229;FRANCE BUILDING PERFORMANCE SA;2013;Air;Dioxyde de carbone (CO2) d'origine non biomasse;16700000;kg/an
0006410379;INEOS DERIVATIVES LAVERA;2013;Air;Dioxyde de carbone (CO2) d'origine non biomasse;51700000;kg/an
0006410379;INEOS DERIVATIVES LAVERA;2013;Air;Dioxyde de carbone (CO2) total (d'origine biomasse et non biomasse);51700000;kg/an
0006502229;FRANCE BUILDING PERFORMANCE SA;2013;Air;Dioxyde de carbone (CO2) total (d'origine biomasse et non biomasse);16700000;kg/an
0006410873;KEM ONE;2013;Air;Chlorure de vinyle (chloroéthène);62000;kg/an
0006410873;KEM ONE;2013;Air;Hydrochlorofluorocarbures (HCFC);115;kg/an
0006502387;SAVOY TECHNOLOGY;2013;Air;Dichlorométhane (DCM, chlorure de méthylène);3760;kg/an
0006410873;KEM ONE;2013;Air;Dioxyde de carbone (CO2) d'origine non biomasse;12500000;kg/an
0006410873;KEM ONE;2013;Air;Dioxyde de carbone (CO2) total (d'origine biomasse et non biomasse);12500000;kg/an
0006502387;SAVOY TECHNOLOGY;2013;Eau (indirect);Cuivre et composés (exprimés en tant que Cu);285;kg/an
0006410873;KEM ONE;2013;Eau (indirect);Chlorure de vinyle (chloroéthène);148;kg/an
0006502387;SAVOY TECHNOLOGY;2013;Eau (indirect);Etain et composés (exprimés en tant que Sn);430;kg/an
0006500049;KERAGLASS;2013;Air;Arsenic et composés (exprimés en tant que As);107;kg/an
0006502387;SAVOY TECHNOLOGY;2013;Eau (indirect);Nickel et composés (exprimés en tant que Ni);234;kg/an
0006500049;KERAGLASS;2013;Air;Dioxyde de carbone (CO2) d'origine non biomasse;19700000;kg/an
0006500049;KERAGLASS;2013;Air;Dioxyde de carbone (CO2) total (d'origine biomasse et non biomasse);19700000;kg/an
0006502387;SAVOY TECHNOLOGY;2013;Eau (indirect);Zinc et composés (exprimés en tant que Zn);279;kg/an
0006502601;MAGIC RAMBO (ou SNC THIMEAU) (ELIS);2013;Air;Composés organiques volatils non méthaniques (COVNM);49100;kg/an
0006500055;Corning SAS;2013;Air;Oxydes d'azote (NOx/NO2);138000;kg/an
0006500230;SURYS (ex HOLOGRAM INDUSTRIES);2013;Air;Composés organiques volatils non méthaniques (COVNM);39600;kg/an
0006502601;MAGIC RAMBO (ou SNC THIMEAU) (ELIS);2013;Air;Tétrachloroéthylène (PER, tétrachloroéthylène);49100;kg/an
0006502609;WILLIAM SAURIN;2013;Air;Hydrochlorofluorocarbures (HCFC);778;kg/an
0006500510;EURO DISNEY ASSOCIES SAS;2013;Air;Dioxyde de carbone (CO2) d'origine non biomasse;22400000;kg/an
0006502609;WILLIAM SAURIN;2013;Eau (indirect);Demande biologique en oxygène (DBO5);319000;kg/an
0006500510;EURO DISNEY ASSOCIES SAS;2013;Air;Dioxyde de carbone (CO2) total (d'origine biomasse et non biomasse);22400000;kg/an
0006502609;WILLIAM SAURIN;2013;Eau (indirect);Demande chimique en oxygène (DCO);509000;kg/an
0006500510;EURO DISNEY ASSOCIES SAS;2013;Eau (indirect);Azote total;87500;kg/an
0006500510;EURO DISNEY ASSOCIES SAS;2013;Eau (indirect);Demande biologique en oxygène (DBO5);293000;kg/an
0006500510;EURO DISNEY ASSOCIES SAS;2013;Eau (indirect);Demande chimique en oxygène (DCO);922000;kg/an
0006502612;SIETREM (exploitation Novergie IdF);2013;Air;Oxydes d'azote (NOx/NO2);134000;kg/an
0006500510;EURO DISNEY ASSOCIES SAS;2013;Eau (indirect);Matières en suspension (MES);341000;kg/an
0006500510;EURO DISNEY ASSOCIES SAS;2013;Eau (indirect);Phosphore total;15000;kg/an
0006500641;GEREP;2013;Air;Dioxyde de carbone (CO2) d'origine non biomasse;19300000;kg/an
0006500641;GEREP;2013;Air;Dioxyde de carbone (CO2) total (d'origine biomasse et non biomasse);19300000;kg/an
0006500690;AMCOR FLEXIBLES SPS;2013;Air;Composés organiques volatils non méthaniques (COVNM);117000;kg/an
0006502739;OUVRE FILS Sucrerie et Distillerie;2013;Air;Dioxyde de carbone (CO2) d'origine non biomasse;22700000;kg/an
0006502739;OUVRE FILS Sucrerie et Distillerie;2013;Air;Dioxyde de carbone (CO2) total (d'origine biomasse et non biomasse);22700000;kg/an
0006501028;V & B Fliesen GmbH;2013;Air;Dioxyde de carbone (CO2) d'origine non biomasse;15900000;kg/an
0006501028;V & B Fliesen GmbH;2013;Air;Dioxyde de carbone (CO2) total (d'origine biomasse et non biomasse);15900000;kg/an
0006502739;OUVRE FILS Sucrerie et Distillerie;2013;Eau (direct);Carbone organique total (en tant que C total ou DCO/3);55000;kg/an
0006501113;REP (Décharge de Fouju-Moisenay);2013;Air;Méthane (CH4);594000;kg/an
0006501113;REP (Décharge de Fouju-Moisenay);2013;Air;Dioxyde de carbone (CO2) total (d'origine biomasse et non biomasse);12000000;kg/an
0006502739;OUVRE FILS Sucrerie et Distillerie;2013;Eau (direct);Demande biologique en oxygène (DBO5);59400;kg/an
0006501113;REP (Décharge de Fouju-Moisenay);2013;Air;Dioxyde de carbone (CO2) d'origine biomasse;12000000;kg/an
0006502739;OUVRE FILS Sucrerie et Distillerie;2013;Eau (direct);Demande chimique en oxygène (DCO);165000;kg/an
0006502830;CFGV Cie Française des Grands Vins;2013;Eau (indirect);Demande biologique en oxygène (DBO5);78300;kg/an
0006501121;REP;2013;Air;Méthane (CH4);4500000;kg/an
0006502851;RECTICEL- PROSEAT;2013;Air;Composés organiques volatils non méthaniques (COVNM);37900;kg/an
0006502851;RECTICEL- PROSEAT;2013;Air;Hydroflurocarbures (HFC);23900;kg/an
0006502906;VERMILION REP;2013;Air;Composés organiques volatils non méthaniques (COVNM);44600;kg/an
0006503289;CALCIA gargenville (cimenterie);2013;Air;Dioxyde de carbone (CO2) total (d'origine biomasse et non biomasse);347000000;kg/an
0006503289;CALCIA gargenville (cimenterie);2013;Air;Dioxyde de carbone (CO2) d'origine biomasse;11900000;kg/an
0006502951;GENERIS;2013;Air;Dioxyde de carbone (CO2) d'origine non biomasse;45100000;kg/an
0006503296;EMTA Guitrancourt;2013;Air;Méthane (CH4);548000;kg/an
0006502951;GENERIS;2013;Air;Dioxyde de carbone (CO2) total (d'origine biomasse et non biomasse);104000000;kg/an
0006502951;GENERIS;2013;Air;Dioxyde de carbone (CO2) d'origine biomasse;59300000;kg/an
0006503322;SARP Industries;2013;Air;Dioxyde de carbone (CO2) d'origine non biomasse;109000000;kg/an
0006503322;SARP Industries;2013;Air;Dioxyde de carbone (CO2) total (d'origine biomasse et non biomasse);109000000;kg/an
0006503095;SUEZ RV IDF;2013;Air;Méthane (CH4);255000;kg/an
0006503325;SEQENS (ex PCAS );2013;Air;Composés organiques volatils non méthaniques (COVNM);76600;kg/an
0006503325;SEQENS (ex PCAS );2013;Air;Dichlorométhane (DCM, chlorure de méthylène);3480;kg/an
0006503162;STORENGY SA site de Beynes;2013;Air;Méthane (CH4);228000;kg/an
0006503325;SEQENS (ex PCAS );2013;Air;Hydrochlorofluorocarbures (HCFC);22.5;kg/an
0006503162;STORENGY SA site de Beynes;2013;Air;Dioxyde de carbone (CO2) d'origine non biomasse;23900000;kg/an
0006503162;STORENGY SA site de Beynes;2013;Air;Dioxyde de carbone (CO2) total (d'origine biomasse et non biomasse);23900000;kg/an
0006503329;Isobox;2013;Air;Composés organiques volatils non méthaniques (COVNM);70500;kg/an
0006503167;ARCYCOM SAS (ex ARCYDIS);2013;Air;Hydroflurocarbures (HFC);617;kg/an
0006503345;LINXENS FRANCE;2013;Air;Dichlorométhane (DCM, chlorure de méthylène);2870;kg/an
0006503349;SOMEC;2013;Air;Dioxyde de carbone (CO2) d'origine non biomasse;36300000;kg/an
0006503170;ITON SEINE;2013;Air;Mercure et composés (exprimés en tant que Hg);15;kg/an
0006503349;SOMEC;2013;Air;Dioxyde de carbone (CO2) total (d'origine biomasse et non biomasse);36300000;kg/an
0006503411;AIRBUS SAFRAN LAUNCHERS (DEFENCE&SPACE);2013;Air;Hydroflurocarbures (HFC);181;kg/an
0006503170;ITON SEINE;2013;Air;Zinc et composés (exprimés en tant que Zn);628;kg/an
0006503170;ITON SEINE;2013;Air;Dioxyde de carbone (CO2) d'origine non biomasse;39900000;kg/an
0006503170;ITON SEINE;2013;Air;Dioxyde de carbone (CO2) total (d'origine biomasse et non biomasse);39900000;kg/an
0006503175;SITA Ile-de-France;2013;Air;Méthane (CH4);919000;kg/an
0006503431;AUCHAN SAMADOC;2013;Air;Hydroflurocarbures (HFC);834;kg/an
0006503449;PEUGEOT CITROEN POISSY SNC;2013;Air;Composés organiques volatils non méthaniques (COVNM);470000;kg/an
0006503449;PEUGEOT CITROEN POISSY SNC;2013;Air;Hydrochlorofluorocarbures (HCFC);34.9;kg/an
0006503183;HELYSEO;2013;Air;Dioxyde de carbone (CO2) d'origine non biomasse;51800000;kg/an
0006503449;PEUGEOT CITROEN POISSY SNC;2013;Air;Hydroflurocarbures (HFC);1810;kg/an
0006503449;PEUGEOT CITROEN POISSY SNC;2013;Air;Dioxyde de carbone (CO2) d'origine non biomasse;45100000;kg/an
0006503183;HELYSEO;2013;Air;Dioxyde de carbone (CO2) total (d'origine biomasse et non biomasse);110000000;kg/an
0006503449;PEUGEOT CITROEN POISSY SNC;2013;Air;Dioxyde de carbone (CO2) total (d'origine biomasse et non biomasse);45100000;kg/an
0006503449;PEUGEOT CITROEN POISSY SNC;2013;Eau (direct);Di(2-éthylhexyle)phtalate (DEHP);1.18;kg/an
0006503183;HELYSEO;2013;Air;Dioxyde de carbone (CO2) d'origine biomasse;58400000;kg/an
0006503449;PEUGEOT CITROEN POISSY SNC;2013;Eau (direct);Nickel et composés (exprimés en tant que Ni);32.4;kg/an
0006503464;EDF CPE PORCHEVILLE;2013;Air;Antimoine et composés (exprimés en tant que Sb);10.7;kg/an
0006503218;COFELY;2013;Air;Dioxyde de carbone (CO2) d'origine non biomasse;33500000;kg/an
0006503464;EDF CPE PORCHEVILLE;2013;Air;Cobalt et composés (exprimés en tant que Co);53.6;kg/an
0006503464;EDF CPE PORCHEVILLE;2013;Air;Nickel et composés (exprimés en tant que Ni);357;kg/an
0006503464;EDF CPE PORCHEVILLE;2013;Air;Oxydes de soufre (SOx/SO2);371000;kg/an
0006503218;COFELY;2013;Air;Dioxyde de carbone (CO2) total (d'origine biomasse et non biomasse);33500000;kg/an
0006503464;EDF CPE PORCHEVILLE;2013;Air;Oxydes d'azote (NOx/NO2);197000;kg/an
0006503464;EDF CPE PORCHEVILLE;2013;Air;Vanadium et ses composés;175;kg/an
0006503227;TECHNOCENTRE RENAULT;2013;Air;Dioxyde de carbone (CO2) d'origine non biomasse;14800000;kg/an
0006503464;EDF CPE PORCHEVILLE;2013;Air;Dioxyde de carbone (CO2) d'origine non biomasse;142000000;kg/an
0006503464;EDF CPE PORCHEVILLE;2013;Air;Dioxyde de carbone (CO2) total (d'origine biomasse et non biomasse);142000000;kg/an
0006503227;TECHNOCENTRE RENAULT;2013;Air;Dioxyde de carbone (CO2) total (d'origine biomasse et non biomasse);14800000;kg/an
0006503464;EDF CPE PORCHEVILLE;2013;Eau (direct);Cuivre et composés (exprimés en tant que Cu);166;kg/an
0006503268;RENAULT FLINS;2013;Air;Composés organiques volatils non méthaniques (COVNM);423000;kg/an
0006503465;ALPA ACIERIES LAMINOIRS PARIS;2013;Air;Mercure et composés (exprimés en tant que Hg);16.6;kg/an
0006503268;RENAULT FLINS;2013;Air;Hydrochlorofluorocarbures (HCFC);12.9;kg/an
0006503465;ALPA ACIERIES LAMINOIRS PARIS;2013;Air;Monoxyde de carbone (CO);882000;kg/an
0006503465;ALPA ACIERIES LAMINOIRS PARIS;2013;Air;Zinc et composés (exprimés en tant que Zn);1420;kg/an
0006503268;RENAULT FLINS;2013;Air;Hydroflurocarbures (HFC);135;kg/an
0006503465;ALPA ACIERIES LAMINOIRS PARIS;2013;Air;Dioxyde de carbone (CO2) d'origine non biomasse;55700000;kg/an
0006503465;ALPA ACIERIES LAMINOIRS PARIS;2013;Air;Dioxyde de carbone (CO2) total (d'origine biomasse et non biomasse);55700000;kg/an
0006503268;RENAULT FLINS;2013;Air;Dioxyde de carbone (CO2) d'origine non biomasse;39100000;kg/an
0006503268;RENAULT FLINS;2013;Air;Dioxyde de carbone (CO2) total (d'origine biomasse et non biomasse);39100000;kg/an
0006503481;GPSO - VEOLIA EAU - Cie Générale des Eau;2013;Eau (direct);Demande chimique en oxygène (DCO);384000;kg/an
0006503481;GPSO - VEOLIA EAU - Cie Générale des Eau;2013;Eau (direct);Phosphore total;5180;kg/an
0006503268;RENAULT FLINS;2013;Eau (direct);Nickel et composés (exprimés en tant que Ni);52.4;kg/an
0006503493;ENERLAY;2013;Air;Dioxyde de carbone (CO2) d'origine non biomasse;11500000;kg/an
0006503273;VALENE;2013;Air;Dioxyde de carbone (CO2) d'origine non biomasse;21700000;kg/an
0006503493;ENERLAY;2013;Air;Dioxyde de carbone (CO2) total (d'origine biomasse et non biomasse);11500000;kg/an
0006503523;CNIM THIVERVAL GRIGNON;2013;Air;Oxydes d'azote (NOx/NO2);142000;kg/an
0006503273;VALENE;2013;Air;Dioxyde de carbone (CO2) total (d'origine biomasse et non biomasse);50400000;kg/an
0006503523;CNIM THIVERVAL GRIGNON;2013;Air;Dioxyde de carbone (CO2) d'origine non biomasse;63500000;kg/an
0006503523;CNIM THIVERVAL GRIGNON;2013;Air;Dioxyde de carbone (CO2) total (d'origine biomasse et non biomasse);148000000;kg/an
0006503273;VALENE;2013;Air;Dioxyde de carbone (CO2) d'origine biomasse;28700000;kg/an
0006503523;CNIM THIVERVAL GRIGNON;2013;Air;Dioxyde de carbone (CO2) d'origine biomasse;84100000;kg/an
0006503288;TOTAL RAFFINAGE FRANCE;2013;Air;Composés organiques volatils non méthaniques (COVNM);47400;kg/an
0006503289;CALCIA gargenville (cimenterie);2013;Air;Ammoniac (NH3);15300;kg/an
0006503565;THALES AVS FRANCE;2013;Air;Hexafluorure de soufre (SF6);32;kg/an
0006503289;CALCIA gargenville (cimenterie);2013;Air;Oxydes d'azote (NOx/NO2);525000;kg/an
0006503565;THALES AVS FRANCE;2013;Air;Hydrochlorofluorocarbures (HCFC);4;kg/an
0006503565;THALES AVS FRANCE;2013;Air;Hydroflurocarbures (HFC);1150;kg/an
0006503289;CALCIA gargenville (cimenterie);2013;Air;Dioxyde de carbone (CO2) d'origine non biomasse;335000000;kg/an
0006503571;VELIDIS ex ELYO (Chaufferie VELIZY 3);2013;Air;Dioxyde de carbone (CO2) d'origine non biomasse;45700000;kg/an
0006506146;SAREN (SIGIDURS);2013;Air;Dioxyde de carbone (CO2) total (d'origine biomasse et non biomasse);118000000;kg/an
0006503571;VELIDIS ex ELYO (Chaufferie VELIZY 3);2013;Air;Dioxyde de carbone (CO2) total (d'origine biomasse et non biomasse);45700000;kg/an
0006503580;VERSEO;2013;Air;Dioxyde de carbone (CO2) d'origine non biomasse;38900000;kg/an
0006503580;VERSEO;2013;Air;Dioxyde de carbone (CO2) total (d'origine biomasse et non biomasse);38900000;kg/an
0006506146;SAREN (SIGIDURS);2013;Air;Dioxyde de carbone (CO2) d'origine biomasse;67300000;kg/an
0006506146;SAREN (SIGIDURS);2013;Eau (indirect);Chrome et composés (exprimés en tant que Cr);76.8;kg/an
0006503583;RENAULT (ex IDVU) (ex CREOS);2013;Air;Hydrochlorofluorocarbures (HCFC);1.08;kg/an
0006506166;SEGO;2013;Air;Composés organiques volatils non méthaniques (COVNM);126000;kg/an
0006506233;CPCU - CENTRALE DE BERCY;2013;Air;Oxydes de soufre (SOx/SO2);186000;kg/an
0006503762;ALLTUB France Cosmétique;2013;Air;Composés organiques volatils non méthaniques (COVNM);172000;kg/an
0006506233;CPCU - CENTRALE DE BERCY;2013;Air;Oxydes d'azote (NOx/NO2);126000;kg/an
0006506233;CPCU - CENTRALE DE BERCY;2013;Air;Dioxyde de carbone (CO2) d'origine non biomasse;64600000;kg/an
0006506233;CPCU - CENTRALE DE BERCY;2013;Air;Dioxyde de carbone (CO2) total (d'origine biomasse et non biomasse);64600000;kg/an
0006503800;MAJ;2013;Eau (indirect);Carbone organique total (en tant que C total ou DCO/3);74100;kg/an
0006503800;MAJ;2013;Eau (indirect);Demande biologique en oxygène (DBO5);85300;kg/an
0006506236;Chaufferie de VAUGIRARD;2013;Air;Oxydes de soufre (SOx/SO2);342000;kg/an
0006503800;MAJ;2013;Eau (indirect);Demande chimique en oxygène (DCO);223000;kg/an
0006503970;HELIO CORBEIL;2013;Air;Composés organiques volatils non méthaniques (COVNM);493000;kg/an
0006506236;Chaufferie de VAUGIRARD;2013;Air;Oxydes d'azote (NOx/NO2);200000;kg/an
0006503972;X FAB FRANCE (ex ALTIS SEMICONDUCTOR);2013;Air;Hexafluorure de soufre (SF6);674;kg/an
0006503972;X FAB FRANCE (ex ALTIS SEMICONDUCTOR);2013;Air;Hydroflurocarbures (HFC);639;kg/an
0006506236;Chaufferie de VAUGIRARD;2013;Air;Dioxyde de carbone (CO2) d'origine non biomasse;98200000;kg/an
0006503972;X FAB FRANCE (ex ALTIS SEMICONDUCTOR);2013;Air;Perfluorocarbures (PFC);11300;kg/an
0006503972;X FAB FRANCE (ex ALTIS SEMICONDUCTOR);2013;Air;Protoxyde d'azote (N2O);20200;kg/an
0006503972;X FAB FRANCE (ex ALTIS SEMICONDUCTOR);2013;Air;Dioxyde de carbone (CO2) d'origine non biomasse;11800000;kg/an
0006503972;X FAB FRANCE (ex ALTIS SEMICONDUCTOR);2013;Air;Dioxyde de carbone (CO2) total (d'origine biomasse et non biomasse);11800000;kg/an
0006506236;Chaufferie de VAUGIRARD;2013;Air;Dioxyde de carbone (CO2) total (d'origine biomasse et non biomasse);98200000;kg/an
0006503972;X FAB FRANCE (ex ALTIS SEMICONDUCTOR);2013;Eau (direct);Fluorures (en tant que F total);3510;kg/an
0006504202;SAFRAN AIRCRAFT ENGINES ( ex SNECMA);2013;Air;Dioxyde de carbone (CO2) total (d'origine biomasse et non biomasse);13400000;kg/an
0006506240;Chaufferie de GRENELLE;2013;Air;Dioxyde de carbone (CO2) d'origine non biomasse;70200000;kg/an
0006504202;SAFRAN AIRCRAFT ENGINES ( ex SNECMA);2013;Air;Dioxyde de carbone (CO2) d'origine biomasse;13400000;kg/an
0006504212;DALKIA Grand Paris Sud Energie Positive;2013;Air;Dioxyde de carbone (CO2) d'origine non biomasse;60300000;kg/an
0006506240;Chaufferie de GRENELLE;2013;Air;Dioxyde de carbone (CO2) total (d'origine biomasse et non biomasse);70200000;kg/an
0006504212;DALKIA Grand Paris Sud Energie Positive;2013;Air;Dioxyde de carbone (CO2) total (d'origine biomasse et non biomasse);60300000;kg/an
0006506266;CEVE (Ex SDCC);2013;Air;Dioxyde de carbone (CO2) d'origine non biomasse;15600000;kg/an
0006506266;CEVE (Ex SDCC);2013;Air;Dioxyde de carbone (CO2) total (d'origine biomasse et non biomasse);15600000;kg/an
0006504288;SIPENR SEER Grigny-Viry;2013;Air;Dioxyde de carbone (CO2) d'origine non biomasse;14700000;kg/an
0006504288;SIPENR SEER Grigny-Viry;2013;Air;Dioxyde de carbone (CO2) total (d'origine biomasse et non biomasse);14700000;kg/an
0006506270;ENERTHERM;2013;Air;Dioxyde de carbone (CO2) d'origine non biomasse;32900000;kg/an
0006506270;ENERTHERM;2013;Air;Dioxyde de carbone (CO2) total (d'origine biomasse et non biomasse);32900000;kg/an
0006504556;ENORIS;2013;Air;Oxydes de soufre (SOx/SO2);248000;kg/an
0006504556;ENORIS;2013;Air;Dioxyde de carbone (CO2) d'origine non biomasse;111000000;kg/an
0006506271;SEINERGIE;2013;Air;Dioxyde de carbone (CO2) d'origine non biomasse;22500000;kg/an
0006504556;ENORIS;2013;Air;Dioxyde de carbone (CO2) total (d'origine biomasse et non biomasse);155000000;kg/an
0006504556;ENORIS;2013;Air;Dioxyde de carbone (CO2) d'origine biomasse;43600000;kg/an
0006506271;SEINERGIE;2013;Air;Dioxyde de carbone (CO2) total (d'origine biomasse et non biomasse);22500000;kg/an
0006506277;SAFRAN AIRCRAFT ENGINES;2013;Air;Dioxyde de carbone (CO2) d'origine non biomasse;11800000;kg/an
0006504644;SLEEVER INTERNATIONAL;2013;Air;Composés organiques volatils non méthaniques (COVNM);123000;kg/an
0006506277;SAFRAN AIRCRAFT ENGINES;2013;Air;Dioxyde de carbone (CO2) total (d'origine biomasse et non biomasse);11800000;kg/an
0006504715;Eau du Sud Parisien ESP;2013;Eau (direct);Aluminium et composés (exprimés en tant que Al);16000;kg/an
0006506282;EDF TAC GENNEVILLIERS;2013;Air;Dioxyde de carbone (CO2) d'origine non biomasse;21000000;kg/an
0006506282;EDF TAC GENNEVILLIERS;2013;Air;Dioxyde de carbone (CO2) total (d'origine biomasse et non biomasse);21000000;kg/an
0006504815;AEROPORTS DE PARIS;2013;Air;Dioxyde de carbone (CO2) d'origine non biomasse;10600000;kg/an
0006506294;PMC ISOCHEM;2013;Air;Chloroforme (trichlorométhane);1990;kg/an
0006504815;AEROPORTS DE PARIS;2013;Air;Dioxyde de carbone (CO2) total (d'origine biomasse et non biomasse);10600000;kg/an
0006506294;PMC ISOCHEM;2013;Air;Dichlorométhane (DCM, chlorure de méthylène);2740;kg/an
0006506295;GENNEVILLIERS ENERGIE;2013;Air;Dioxyde de carbone (CO2) d'origine non biomasse;26000000;kg/an
0006504996;ENGIE COFELY;2013;Air;Dioxyde de carbone (CO2) d'origine non biomasse;20400000;kg/an
0006506295;GENNEVILLIERS ENERGIE;2013;Air;Dioxyde de carbone (CO2) total (d'origine biomasse et non biomasse);26000000;kg/an
0006504996;ENGIE COFELY;2013;Air;Dioxyde de carbone (CO2) total (d'origine biomasse et non biomasse);20400000;kg/an
0006506303;KALITA;2013;Air;Dioxyde de carbone (CO2) d'origine non biomasse;13700000;kg/an
0006506303;KALITA;2013;Air;Dioxyde de carbone (CO2) total (d'origine biomasse et non biomasse);13700000;kg/an
0006505082;SERIVEL;2013;Air;Oxydes d'azote (NOx/NO2);172000;kg/an
0006505082;SERIVEL;2013;Air;Dioxyde de carbone (CO2) d'origine non biomasse;90000000;kg/an
0006506320;CICEO;2013;Air;Dioxyde de carbone (CO2) d'origine non biomasse;11800000;kg/an
0006505082;SERIVEL;2013;Air;Dioxyde de carbone (CO2) total (d'origine biomasse et non biomasse);90000000;kg/an
0006505082;SERIVEL;2013;Air;Dioxyde de carbone (CO2) d'origine biomasse;90000000;kg/an
0006506320;CICEO;2013;Air;Dioxyde de carbone (CO2) total (d'origine biomasse et non biomasse);11800000;kg/an
0006506325;SOCLIS;2013;Air;Dioxyde de carbone (CO2) d'origine non biomasse;22400000;kg/an
0006506325;SOCLIS;2013;Air;Dioxyde de carbone (CO2) total (d'origine biomasse et non biomasse);22400000;kg/an
0006505094;PMC ISOCHEM;2013;Air;Chloroforme (trichlorométhane);1460;kg/an
0006506327;VLG CHEM;2013;Eau (indirect);Dichlorométhane (DCM, chlorure de méthylène);20.9;kg/an
0006505094;PMC ISOCHEM;2013;Air;Composés organiques volatils non méthaniques (COVNM);52200;kg/an
0006505094;PMC ISOCHEM;2013;Air;Dichlorométhane (DCM, chlorure de méthylène);2650;kg/an
0006506328;GALVANOPLAST / SOCORFI;2013;Eau (indirect);Nickel et composés (exprimés en tant que Ni);65;kg/an
0006505130;CONCORDIA ENERGIE;2013;Air;Dioxyde de carbone (CO2) d'origine non biomasse;14500000;kg/an
0006505130;CONCORDIA ENERGIE;2013;Air;Dioxyde de carbone (CO2) total (d'origine biomasse et non biomasse);14500000;kg/an
0006506332;Rubis Terminal Villeneuve la Garenne;2013;Air;Composés organiques volatils non méthaniques (COVNM);34000;kg/an
0006505185;SIOM;2013;Air;Dioxyde de carbone (CO2) d'origine non biomasse;70600000;kg/an
0006505185;SIOM;2013;Air;Dioxyde de carbone (CO2) total (d'origine biomasse et non biomasse);70600000;kg/an
0006506333;ENGIE RESEAUX;2013;Air;Dioxyde de carbone (CO2) d'origine non biomasse;30100000;kg/an
0006505237;SOCCRAM Chaufferie de la Grande Borne;2013;Air;Dioxyde de carbone (CO2) d'origine non biomasse;10300000;kg/an
0006505237;SOCCRAM Chaufferie de la Grande Borne;2013;Air;Dioxyde de carbone (CO2) total (d'origine biomasse et non biomasse);10300000;kg/an
0006506333;ENGIE RESEAUX;2013;Air;Dioxyde de carbone (CO2) total (d'origine biomasse et non biomasse);30100000;kg/an
0006506347;SOPROREAL;2013;Eau (indirect);Demande biologique en oxygène (DBO5);145000;kg/an
0006505306;LFB Biomédicaments;2013;Air;Composés organiques volatils non méthaniques (COVNM);345000;kg/an
0006505307;ENERLIS;2013;Air;Dioxyde de carbone (CO2) d'origine non biomasse;62200000;kg/an
0006506348;Dalkia;2013;Air;Dioxyde de carbone (CO2) d'origine non biomasse;22500000;kg/an
0006505307;ENERLIS;2013;Air;Dioxyde de carbone (CO2) total (d'origine biomasse et non biomasse);62200000;kg/an
0006505334;Société JR;2013;Eau (indirect);Nickel et composés (exprimés en tant que Ni);58;kg/an
0006506348;Dalkia;2013;Air;Dioxyde de carbone (CO2) total (d'origine biomasse et non biomasse);22500000;kg/an
0006506349;Peugeot Citroën Automobiles S.A. Aulnay;2013;Air;Composés organiques volatils non méthaniques (COVNM);35900;kg/an
0006505345;NOVERGIE Ile-de-France CVE d'argenteuil;2013;Air;Protoxyde d'azote (N2O);16500;kg/an
0006506349;Peugeot Citroën Automobiles S.A. Aulnay;2013;Air;Dioxyde de carbone (CO2) d'origine non biomasse;15500000;kg/an
0006505345;NOVERGIE Ile-de-France CVE d'argenteuil;2013;Air;Dioxyde de carbone (CO2) d'origine non biomasse;62300000;kg/an
0006506349;Peugeot Citroën Automobiles S.A. Aulnay;2013;Air;Dioxyde de carbone (CO2) total (d'origine biomasse et non biomasse);15500000;kg/an
0006505345;NOVERGIE Ile-de-France CVE d'argenteuil;2013;Air;Dioxyde de carbone (CO2) total (d'origine biomasse et non biomasse);145000000;kg/an
0006505345;NOVERGIE Ile-de-France CVE d'argenteuil;2013;Air;Dioxyde de carbone (CO2) d'origine biomasse;82600000;kg/an
0006505451;3M France;2013;Air;Aldéhyde formique (formaldéhyde);1620;kg/an
0006506349;Peugeot Citroën Automobiles S.A. Aulnay;2013;Eau (indirect);Nickel et composés (exprimés en tant que Ni);38.6;kg/an
0006505451;3M France;2013;Air;Composés organiques volatils non méthaniques (COVNM);171000;kg/an
0006506356;SDCB SAS;2013;Air;Oxydes de soufre (SOx/SO2);259000;kg/an
0006505507;JOINT FRANCAIS (Le);2013;Eau (direct);Cadmium et composés (exprimés en tant que Cd);1.98;kg/an
0006506356;SDCB SAS;2013;Air;Dioxyde de carbone (CO2) d'origine non biomasse;49300000;kg/an
0006505519;PROTEC INDUSTRIE;2013;Air;Nickel et composés (exprimés en tant que Ni);85;kg/an
0006506356;SDCB SAS;2013;Air;Dioxyde de carbone (CO2) total (d'origine biomasse et non biomasse);49300000;kg/an
0006505584;PLACOPLATRE;2013;Air;Dioxyde de carbone (CO2) d'origine non biomasse;23700000;kg/an
0006505584;PLACOPLATRE;2013;Air;Dioxyde de carbone (CO2) total (d'origine biomasse et non biomasse);23700000;kg/an
0006506365;IDEX ENERGIES (SEMECO);2013;Air;Dioxyde de carbone (CO2) d'origine non biomasse;30100000;kg/an
0006506365;IDEX ENERGIES (SEMECO);2013;Air;Dioxyde de carbone (CO2) total (d'origine biomasse et non biomasse);30100000;kg/an
0006505696;Chaufferie VAN GOGH;2013;Air;Dioxyde de carbone (CO2) d'origine non biomasse;11100000;kg/an
0006505696;Chaufferie VAN GOGH;2013;Air;Dioxyde de carbone (CO2) total (d'origine biomasse et non biomasse);11100000;kg/an
0006506379;ORANGINA SUNTORY FRANCE;2013;Eau (indirect);Demande biologique en oxygène (DBO5);223000;kg/an
0006506379;ORANGINA SUNTORY FRANCE;2013;Eau (indirect);Demande chimique en oxygène (DCO);354000;kg/an
0006505836;FLEX N GATE;2013;Air;Composés organiques volatils non méthaniques (COVNM);230000;kg/an
0006506395;GEOPICTA;2013;Air;Dioxyde de carbone (CO2) d'origine non biomasse;16600000;kg/an
0006505910;GRIFFINE ENDUCTION;2013;Air;Composés organiques volatils non méthaniques (COVNM);82500;kg/an
0006505963;BOUQUEVAL ENERGIE;2013;Air;Dioxyde de carbone (CO2) total (d'origine biomasse et non biomasse);119000000;kg/an
0006506395;GEOPICTA;2013;Air;Dioxyde de carbone (CO2) total (d'origine biomasse et non biomasse);16600000;kg/an
0006505963;BOUQUEVAL ENERGIE;2013;Air;Dioxyde de carbone (CO2) d'origine biomasse;119000000;kg/an
0006505997;AEROPORTS DE PARIS - CTFE;2013;Air;Oxydes d'azote (NOx/NO2);197000;kg/an
0006506415;CHAUFFERIE S.G.R.M.;2013;Air;Dioxyde de carbone (CO2) d'origine non biomasse;14200000;kg/an
0006505997;AEROPORTS DE PARIS - CTFE;2013;Air;Dioxyde de carbone (CO2) d'origine non biomasse;68400000;kg/an
0006505997;AEROPORTS DE PARIS - CTFE;2013;Air;Dioxyde de carbone (CO2) total (d'origine biomasse et non biomasse);110000000;kg/an
0006506415;CHAUFFERIE S.G.R.M.;2013;Air;Dioxyde de carbone (CO2) total (d'origine biomasse et non biomasse);14200000;kg/an
0006505997;AEROPORTS DE PARIS - CTFE;2013;Air;Dioxyde de carbone (CO2) d'origine biomasse;41500000;kg/an
0006506442;Plaine Commune Energie (site FABIEN);2013;Air;Dioxyde de carbone (CO2) d'origine non biomasse;12500000;kg/an
0006506043;CGECP;2013;Air;Mercure et composés (exprimés en tant que Hg);29.6;kg/an
0006506442;Plaine Commune Energie (site FABIEN);2013;Air;Dioxyde de carbone (CO2) total (d'origine biomasse et non biomasse);12500000;kg/an
0006506043;CGECP;2013;Air;Dioxyde de carbone (CO2) d'origine non biomasse;60700000;kg/an
0006506043;CGECP;2013;Air;Dioxyde de carbone (CO2) total (d'origine biomasse et non biomasse);141000000;kg/an
0006506444;SNCF TECHNICENTRE LE LANDY;2013;Eau (indirect);Composés organohalogénés (exprimés en tant que AOX);5100;kg/an
0006506043;CGECP;2013;Air;Dioxyde de carbone (CO2) d'origine biomasse;79900000;kg/an
0006506112;Chaufferie urbaine Bellevue;2013;Air;Oxydes de soufre (SOx/SO2);341000;kg/an
0006506112;Chaufferie urbaine Bellevue;2013;Air;Oxydes d'azote (NOx/NO2);192000;kg/an
0006506444;SNCF TECHNICENTRE LE LANDY;2013;Eau (indirect);Cuivre et composés (exprimés en tant que Cu);120;kg/an
0006506112;Chaufferie urbaine Bellevue;2013;Air;Dioxyde de carbone (CO2) d'origine non biomasse;49200000;kg/an
0006506112;Chaufferie urbaine Bellevue;2013;Air;Dioxyde de carbone (CO2) total (d'origine biomasse et non biomasse);68900000;kg/an
0006506446;Plaine Commune Energie;2013;Air;Dioxyde de carbone (CO2) d'origine non biomasse;72100000;kg/an
0006506112;Chaufferie urbaine Bellevue;2013;Air;Dioxyde de carbone (CO2) d'origine biomasse;19700000;kg/an
0006506446;Plaine Commune Energie;2013;Air;Dioxyde de carbone (CO2) total (d'origine biomasse et non biomasse);72100000;kg/an
0006506138;Chaufferie de Sarcelles;2013;Air;Dioxyde de carbone (CO2) d'origine non biomasse;12600000;kg/an
0006506138;Chaufferie de Sarcelles;2013;Air;Dioxyde de carbone (CO2) total (d'origine biomasse et non biomasse);12600000;kg/an
0006506453;Dalkia Wastenergy;2013;Air;Mercure et composés (exprimés en tant que Hg);14;kg/an
0006506453;Dalkia Wastenergy;2013;Air;Oxydes d'azote (NOx/NO2);138000;kg/an
0006506146;SAREN (SIGIDURS);2013;Air;Dioxyde de carbone (CO2) d'origine non biomasse;50800000;kg/an
0006506453;Dalkia Wastenergy;2013;Air;Protoxyde d'azote (N2O);16800;kg/an
0006506453;Dalkia Wastenergy;2013;Air;Zinc et composés (exprimés en tant que Zn);244;kg/an
0006506453;Dalkia Wastenergy;2013;Air;Dioxyde de carbone (CO2) d'origine non biomasse;206000000;kg/an
0006506453;Dalkia Wastenergy;2013;Air;Dioxyde de carbone (CO2) total (d'origine biomasse et non biomasse);464000000;kg/an
0006506453;Dalkia Wastenergy;2013;Air;Dioxyde de carbone (CO2) d'origine biomasse;258000000;kg/an
0006506453;Dalkia Wastenergy;2013;Eau (indirect);Mercure et composés (exprimés en tant que Hg);1.08;kg/an
0006506454;CPCU ST OUEN I & II;2013;Air;Chlore et composés inorganiques (en tant que HCl);56500;kg/an
0006506552;Centre de Production de Vitry-sur-Seine;2013;Air;Dioxyde de carbone (CO2) total (d'origine biomasse et non biomasse);18500000;kg/an
0006506552;Centre de Production de Vitry-sur-Seine;2013;Eau (indirect);Dichlorométhane (DCM, chlorure de méthylène);49.8;kg/an
0006506454;CPCU ST OUEN I & II;2013;Air;Méthane (CH4);110000;kg/an
0006506454;CPCU ST OUEN I & II;2013;Air;Oxydes de soufre (SOx/SO2);600000;kg/an
0006506558;EDF CPE Vitry Sur Seine;2013;Air;Antimoine et composés (exprimés en tant que Sb);15;kg/an
0006506558;EDF CPE Vitry Sur Seine;2013;Air;Arsenic et composés (exprimés en tant que As);41.3;kg/an
0006506454;CPCU ST OUEN I & II;2013;Air;Oxydes d'azote (NOx/NO2);395000;kg/an
0006506558;EDF CPE Vitry Sur Seine;2013;Air;Chlore et composés inorganiques (en tant que HCl);69000;kg/an
0006506558;EDF CPE Vitry Sur Seine;2013;Air;Cobalt et composés (exprimés en tant que Co);17.3;kg/an
0006506454;CPCU ST OUEN I & II;2013;Air;Protoxyde d'azote (N2O);23900;kg/an
0006506558;EDF CPE Vitry Sur Seine;2013;Air;Fluor et composés inorganiques (en tant que HF);18700;kg/an
0006506558;EDF CPE Vitry Sur Seine;2013;Air;Mercure et composés (exprimés en tant que Hg);20.7;kg/an
0006506454;CPCU ST OUEN I & II;2013;Air;Dioxyde de carbone (CO2) d'origine non biomasse;688000000;kg/an
0006506558;EDF CPE Vitry Sur Seine;2013;Air;Nickel et composés (exprimés en tant que Ni);125;kg/an
0006506558;EDF CPE Vitry Sur Seine;2013;Air;Oxydes de soufre (SOx/SO2);5670000;kg/an
0006506454;CPCU ST OUEN I & II;2013;Air;Dioxyde de carbone (CO2) total (d'origine biomasse et non biomasse);688000000;kg/an
0006506558;EDF CPE Vitry Sur Seine;2013;Air;Oxydes d'azote (NOx/NO2);3470000;kg/an
0006506558;EDF CPE Vitry Sur Seine;2013;Air;Particules (PM10);106000;kg/an
0006506455;SEBIO;2013;Air;Dioxyde de carbone (CO2) d'origine non biomasse;15200000;kg/an
0006506558;EDF CPE Vitry Sur Seine;2013;Air;Vanadium et ses composés;331;kg/an
0006506558;EDF CPE Vitry Sur Seine;2013;Air;Thallium et ses composés (exprimés en tant que Tl);60.8;kg/an
0006506558;EDF CPE Vitry Sur Seine;2013;Air;Dioxyde de carbone (CO2) d'origine non biomasse;1530000000;kg/an
0006506558;EDF CPE Vitry Sur Seine;2013;Air;Dioxyde de carbone (CO2) total (d'origine biomasse et non biomasse);1530000000;kg/an
0006506455;SEBIO;2013;Air;Dioxyde de carbone (CO2) total (d'origine biomasse et non biomasse);15200000;kg/an
0006506558;EDF CPE Vitry Sur Seine;2013;Eau (direct);Cuivre et composés (exprimés en tant que Cu);1730;kg/an
0006506558;EDF CPE Vitry Sur Seine;2013;Eau (direct);Zinc et composés (exprimés en tant que Zn);645;kg/an
0006506456;SEVEO GIE;2013;Air;Dioxyde de carbone (CO2) d'origine non biomasse;36500000;kg/an
0006506668;SERVIER (Institut de Recherches);2013;Air;Dichlorométhane (DCM, chlorure de méthylène);3210;kg/an
0006506456;SEVEO GIE;2013;Air;Dioxyde de carbone (CO2) total (d'origine biomasse et non biomasse);36500000;kg/an
0006506686;COCA COLA EUROPEAN PARTNERS CCEP;2013;Eau (indirect);Demande chimique en oxygène (DCO);284000;kg/an
0006506457;PLAINE COMMUNE ENERGIE;2013;Air;Méthane (CH4);1230000;kg/an
0006506481;CREALIS SAS;2013;Air;Chlorofluorocarbures (CFC);5;kg/an
0006506757;SUEZ RV Ile-de-France (Décharg Soignol);2013;Air;Méthane (CH4);798000;kg/an
0006506757;SUEZ RV Ile-de-France (Décharg Soignol);2013;Air;Dioxyde de carbone (CO2) total (d'origine biomasse et non biomasse);13300000;kg/an
0006506481;CREALIS SAS;2013;Air;Hydrochlorofluorocarbures (HCFC);644;kg/an
0006506757;SUEZ RV Ile-de-France (Décharg Soignol);2013;Air;Dioxyde de carbone (CO2) d'origine biomasse;13300000;kg/an
0006506481;CREALIS SAS;2013;Air;Hydroflurocarbures (HFC);4480;kg/an
0006506493;SCUC CHAUFFERIE A  CENTRE;2013;Air;Dioxyde de carbone (CO2) d'origine non biomasse;13100000;kg/an
0006506767;REP;2013;Air;Méthane (CH4);4750000;kg/an
0006506767;REP;2013;Air;Dioxyde de carbone (CO2) total (d'origine biomasse et non biomasse);30200000;kg/an
0006506493;SCUC CHAUFFERIE A  CENTRE;2013;Air;Dioxyde de carbone (CO2) total (d'origine biomasse et non biomasse);13100000;kg/an
0006506767;REP;2013;Air;Dioxyde de carbone (CO2) d'origine biomasse;30200000;kg/an
0006506495;SCUC CHAUFFERIE ECHAT OUEST;2013;Air;Dioxyde de carbone (CO2) d'origine non biomasse;11700000;kg/an
0006506873;AV (hypermarché);2013;Air;Hydrochlorofluorocarbures (HCFC);350;kg/an
0006506495;SCUC CHAUFFERIE ECHAT OUEST;2013;Air;Dioxyde de carbone (CO2) total (d'origine biomasse et non biomasse);11700000;kg/an
0006506496;SCUC CHAUFFERIE CT1;2013;Air;Dioxyde de carbone (CO2) d'origine non biomasse;20100000;kg/an
0006506877;AUCHAN;2013;Air;Hydroflurocarbures (HFC);1510;kg/an
0006506496;SCUC CHAUFFERIE CT1;2013;Air;Dioxyde de carbone (CO2) total (d'origine biomasse et non biomasse);20100000;kg/an
0006506498;VALO'MARNE (EX CIE);2013;Air;Mercure et composés (exprimés en tant que Hg);19.6;kg/an
0006506939;SIAAP;2013;Air;Oxydes d'azote (NOx/NO2);159000;kg/an
0006506498;VALO'MARNE (EX CIE);2013;Air;Vanadium et ses composés;23.1;kg/an
0006506939;SIAAP;2013;Air;Dioxyde de carbone (CO2) total (d'origine biomasse et non biomasse);117000000;kg/an
0006506498;VALO'MARNE (EX CIE);2013;Air;Dioxyde de carbone (CO2) d'origine non biomasse;109000000;kg/an
0006506939;SIAAP;2013;Air;Dioxyde de carbone (CO2) d'origine biomasse;117000000;kg/an
0006506941;Chaufferie de Meaux Beauval;2013;Air;Dioxyde de carbone (CO2) d'origine non biomasse;24000000;kg/an
0006506498;VALO'MARNE (EX CIE);2013;Air;Dioxyde de carbone (CO2) total (d'origine biomasse et non biomasse);241000000;kg/an
0006506941;Chaufferie de Meaux Beauval;2013;Air;Dioxyde de carbone (CO2) total (d'origine biomasse et non biomasse);24000000;kg/an
0006506498;VALO'MARNE (EX CIE);2013;Air;Dioxyde de carbone (CO2) d'origine biomasse;133000000;kg/an
0006507039;Cogénération de Renault Flins;2013;Air;Dioxyde de carbone (CO2) d'origine non biomasse;40500000;kg/an
0006507039;Cogénération de Renault Flins;2013;Air;Dioxyde de carbone (CO2) total (d'origine biomasse et non biomasse);40500000;kg/an
0006506498;VALO'MARNE (EX CIE);2013;Eau (indirect);Dioxines et furanes (PCDD + PCDF) (exprimés en iTeq);0.00108;kg/an
0006507099;COSSON décharge (Epinay Ch.);2013;Air;Méthane (CH4);599000;kg/an
0006506498;VALO'MARNE (EX CIE);2013;Eau (indirect);Mercure et composés (exprimés en tant que Hg);3.14;kg/an
0006507535;DALKIA (CH René Dubost);2013;Air;Dioxyde de carbone (CO2) d'origine non biomasse;11800000;kg/an
0006506505;RCU;2013;Air;Dioxyde de carbone (CO2) d'origine non biomasse;39400000;kg/an
0006507535;DALKIA (CH René Dubost);2013;Air;Dioxyde de carbone (CO2) total (d'origine biomasse et non biomasse);11800000;kg/an
0006508159;KNAUF PLATRES et Cie;2013;Air;Dioxyde de carbone (CO2) d'origine non biomasse;46300000;kg/an
0006506505;RCU;2013;Air;Dioxyde de carbone (CO2) total (d'origine biomasse et non biomasse);39400000;kg/an
0006508159;KNAUF PLATRES et Cie;2013;Air;Dioxyde de carbone (CO2) total (d'origine biomasse et non biomasse);46300000;kg/an
0006506508;ENERGIVRY;2013;Air;Dioxyde de carbone (CO2) d'origine non biomasse;10700000;kg/an
0006506508;ENERGIVRY;2013;Air;Dioxyde de carbone (CO2) total (d'origine biomasse et non biomasse);10700000;kg/an
0006506514;IVRY PARIS 13;2013;Air;Antimoine et composés (exprimés en tant que Sb);11;kg/an
0006508485;Antoine CHAUX;2013;Air;Composés organiques volatils non méthaniques (COVNM);32400;kg/an
0006508485;Antoine CHAUX;2013;Air;Hydrochlorofluorocarbures (HCFC);1310;kg/an
0006506514;IVRY PARIS 13;2013;Air;Oxydes d'azote (NOx/NO2);180000;kg/an
0006506514;IVRY PARIS 13;2013;Air;Zinc et composés (exprimés en tant que Zn);447;kg/an
0006508918;Centre CEA Paris-Saclay - Site de Saclay;2013;Air;Dioxyde de carbone (CO2) d'origine non biomasse;13500000;kg/an
0006506514;IVRY PARIS 13;2013;Air;Dioxyde de carbone (CO2) d'origine non biomasse;248000000;kg/an
0006508918;Centre CEA Paris-Saclay - Site de Saclay;2013;Air;Dioxyde de carbone (CO2) total (d'origine biomasse et non biomasse);13500000;kg/an
0006509350;REFINAL INDUSTRIES (ex COREPA SNC);2013;Air;Chlorofluorocarbures (CFC);29.4;kg/an
0006506514;IVRY PARIS 13;2013;Air;Dioxyde de carbone (CO2) total (d'origine biomasse et non biomasse);578000000;kg/an
0006509507;SUEZ RV Ile-de-France;2013;Air;Méthane (CH4);711000;kg/an
0006509507;SUEZ RV Ile-de-France;2013;Air;Dioxyde de carbone (CO2) total (d'origine biomasse et non biomasse);12300000;kg/an
0006506514;IVRY PARIS 13;2013;Air;Dioxyde de carbone (CO2) d'origine biomasse;330000000;kg/an
0006509507;SUEZ RV Ile-de-France;2013;Air;Dioxyde de carbone (CO2) d'origine biomasse;12300000;kg/an
0006506514;IVRY PARIS 13;2013;Eau (indirect);Di(2-éthylhexyle)phtalate (DEHP);1.42;kg/an
0006509651;VAL'HORIZON (ex JFF);2013;Air;Méthane (CH4);331000;kg/an
0006506514;IVRY PARIS 13;2013;Eau (direct);Zinc et composés (exprimés en tant que Zn);1140;kg/an
0006506515;CPCU - CENTRALE D'IVRY;2013;Air;Dioxyde de carbone (CO2) d'origine non biomasse;23200000;kg/an
0006510421;SEMAVERT - ISDND;2013;Air;Méthane (CH4);2110000;kg/an
0006506515;CPCU - CENTRALE D'IVRY;2013;Air;Dioxyde de carbone (CO2) total (d'origine biomasse et non biomasse);23200000;kg/an
0006510421;SEMAVERT - ISDND;2013;Air;Sulfure d'hydrogène (H2S);15400;kg/an
0006510421;SEMAVERT - ISDND;2013;Air;Dioxyde de carbone (CO2) total (d'origine biomasse et non biomasse);44100000;kg/an
0006506520;BIO SPRINGER;2013;Air;Hydrochlorofluorocarbures (HCFC);66.5;kg/an
0006510421;SEMAVERT - ISDND;2013;Air;Dioxyde de carbone (CO2) d'origine biomasse;44100000;kg/an
0006506520;BIO SPRINGER;2013;Air;Dioxyde de carbone (CO2) d'origine non biomasse;45900000;kg/an
0006506520;BIO SPRINGER;2013;Air;Dioxyde de carbone (CO2) total (d'origine biomasse et non biomasse);45900000;kg/an
0006512368;EDF TAC VAIRES SUR MARNE;2013;Air;Dioxyde de carbone (CO2) d'origine non biomasse;47700000;kg/an
0006512368;EDF TAC VAIRES SUR MARNE;2013;Air;Dioxyde de carbone (CO2) total (d'origine biomasse et non biomasse);47700000;kg/an
0006506520;BIO SPRINGER;2013;Eau (indirect);Azote total;236000;kg/an
0006506520;BIO SPRINGER;2013;Eau (indirect);Demande biologique en oxygène (DBO5);1730000;kg/an
0006512371;DIELIX (ex SARP biodiesel);2013;Air;Méthanol (alcool méthylique);375000;kg/an
0006506520;BIO SPRINGER;2013;Eau (indirect);Demande chimique en oxygène (DCO);3120000;kg/an
0006506520;BIO SPRINGER;2013;Eau (indirect);Matières en suspension (MES);1110000;kg/an
0006512902;SPRA;2013;Sol;Fer et composés (exprimés en tant que Fe);28000;kg/an
0006506520;BIO SPRINGER;2013;Eau (indirect);Phosphore total;30100;kg/an
0006506525;AIR FRANCE INDUSTRIES;2013;Air;Composés organiques volatils non méthaniques (COVNM);38700;kg/an
0006513201;EDF TAC MONTEREAU;2013;Air;Dioxyde de carbone (CO2) d'origine non biomasse;35100000;kg/an
0006506525;AIR FRANCE INDUSTRIES;2013;Eau (indirect);Phénols (en tant que C total);64.1;kg/an
0006513201;EDF TAC MONTEREAU;2013;Air;Dioxyde de carbone (CO2) total (d'origine biomasse et non biomasse);35100000;kg/an
0006506529;GENERIS;2013;Air;Dioxyde de carbone (CO2) d'origine non biomasse;48800000;kg/an
0006513254;SYTRADEM;2013;Air;Dioxines et furanes (PCDD + PCDF) (exprimés en iTeq);0.00042;kg/an
0006506529;GENERIS;2013;Air;Dioxyde de carbone (CO2) total (d'origine biomasse et non biomasse);112000000;kg/an
0006600015;TRANSPORTS ET INFRASTRUCTURES GAZ FRANCE;2013;Air;Dioxyde de carbone (CO2) d'origine non biomasse;10300000;kg/an
0006506529;GENERIS;2013;Air;Dioxyde de carbone (CO2) d'origine biomasse;63300000;kg/an
0006600015;TRANSPORTS ET INFRASTRUCTURES GAZ FRANCE;2013;Air;Dioxyde de carbone (CO2) total (d'origine biomasse et non biomasse);10300000;kg/an
0006506539;BILLON;2013;Air;Trichloréthylène;11500;kg/an
0006600156;TERREAL LABASTIDE d'ANJOU;2013;Air;Dioxyde de carbone (CO2) d'origine non biomasse;20600000;kg/an
0006600156;TERREAL LABASTIDE d'ANJOU;2013;Air;Dioxyde de carbone (CO2) total (d'origine biomasse et non biomasse);20600000;kg/an
0006506552;Centre de Production de Vitry-sur-Seine;2013;Air;Dioxyde de carbone (CO2) d'origine non biomasse;18500000;kg/an
0006600893;OI France;2013;Air;Dioxyde de carbone (CO2) total (d'origine biomasse et non biomasse);40100000;kg/an
0006600171;TERREAL LASBORDES;2013;Air;Dioxyde de carbone (CO2) d'origine non biomasse;17600000;kg/an
0006600171;TERREAL LASBORDES;2013;Air;Dioxyde de carbone (CO2) total (d'origine biomasse et non biomasse);17600000;kg/an
0006600901;GHM (GRANDES HUILERIES MEDIACO);2013;Air;Composés organiques volatils non méthaniques (COVNM);88300;kg/an
0006600237;SOCIETE  SUEZ RV MEDITERRANEE;2013;Air;Méthane (CH4);694000;kg/an
0006600237;SOCIETE  SUEZ RV MEDITERRANEE;2013;Air;Dioxyde de carbone (CO2) total (d'origine biomasse et non biomasse);14100000;kg/an
0006600904;HIRSCH FRANCE;2013;Air;Composés organiques volatils non méthaniques (COVNM);172000;kg/an
0006600237;SOCIETE  SUEZ RV MEDITERRANEE;2013;Air;Dioxyde de carbone (CO2) d'origine biomasse;14100000;kg/an
0006600923;CAMERON;2013;Air;Composés organiques volatils non méthaniques (COVNM);70200;kg/an
0006601003;GDH (GESTION DE DEPOTS D'HYDROCARBURES);2013;Air;Composés organiques volatils non méthaniques (COVNM);91500;kg/an
0006600247;Orano Chimie Enrichissement Malvési;2013;Air;Ammoniac (NH3);24600;kg/an
0006600247;Orano Chimie Enrichissement Malvési;2013;Air;Composés organiques volatils non méthaniques (COVNM);55400;kg/an
0006601065;OCREAL;2013;Air;Dioxyde de carbone (CO2) d'origine non biomasse;46700000;kg/an
0006600247;Orano Chimie Enrichissement Malvési;2013;Air;Oxydes d'azote (NOx/NO2);132000;kg/an
0006600247;Orano Chimie Enrichissement Malvési;2013;Air;Protoxyde d'azote (N2O);127000;kg/an
0006601065;OCREAL;2013;Air;Dioxyde de carbone (CO2) total (d'origine biomasse et non biomasse);111000000;kg/an
0006600262;LAFARGE HOLCIM;2013;Air;Acide cyanhydrique (HCN);676;kg/an
0006601065;OCREAL;2013;Air;Dioxyde de carbone (CO2) d'origine biomasse;64200000;kg/an
0006600262;LAFARGE HOLCIM;2013;Air;Monoxyde de carbone (CO);1320000;kg/an
0006601116;SANOFI Aventis R&D;2013;Air;Hydroflurocarbures (HFC);158;kg/an
0006600262;LAFARGE HOLCIM;2013;Air;Oxydes d'azote (NOx/NO2);532000;kg/an
0006600262;LAFARGE HOLCIM;2013;Air;Dioxyde de carbone (CO2) d'origine non biomasse;383000000;kg/an
0006600262;LAFARGE HOLCIM;2013;Air;Dioxyde de carbone (CO2) total (d'origine biomasse et non biomasse);413000000;kg/an
0006601173;SEG DIELECTRIQUES;2013;Air;Composés organiques volatils non méthaniques (COVNM);184000;kg/an
0006600262;LAFARGE HOLCIM;2013;Air;Dioxyde de carbone (CO2) d'origine biomasse;30100000;kg/an
0006600334;TERREAL ST MARTIN LALANDE;2013;Air;Dioxyde de carbone (CO2) d'origine non biomasse;12400000;kg/an
0006601262;Centrale de Cogénération de Sète;2013;Air;Dioxyde de carbone (CO2) d'origine non biomasse;16000000;kg/an
0006600334;TERREAL ST MARTIN LALANDE;2013;Air;Dioxyde de carbone (CO2) total (d'origine biomasse et non biomasse);12400000;kg/an
0006601262;Centrale de Cogénération de Sète;2013;Air;Dioxyde de carbone (CO2) total (d'origine biomasse et non biomasse);16000000;kg/an
0006600429;EDF - CPT;2013;Air;Cobalt et composés (exprimés en tant que Co);28.7;kg/an
0006600429;EDF - CPT;2013;Air;Nickel et composés (exprimés en tant que Ni);190;kg/an
0006601270;FLEXSYS;2013;Air;Oxydes de soufre (SOx/SO2);456000;kg/an
0006600429;EDF - CPT;2013;Air;Oxydes de soufre (SOx/SO2);217000;kg/an
0006600429;EDF - CPT;2013;Air;Oxydes d'azote (NOx/NO2);206000;kg/an
0006601278;Timac AGRO SETE;2013;Air;Ammoniac (NH3);44900;kg/an
0006600429;EDF - CPT;2013;Air;Vanadium et ses composés;93.4;kg/an
0006600429;EDF - CPT;2013;Air;Dioxyde de carbone (CO2) d'origine non biomasse;75000000;kg/an
0006600429;EDF - CPT;2013;Air;Dioxyde de carbone (CO2) total (d'origine biomasse et non biomasse);75000000;kg/an
0006601279;Communauté Agglomération Bassin de Thau;2013;Air;Dioxyde de carbone (CO2) d'origine non biomasse;14500000;kg/an
0006600429;EDF - CPT;2013;Eau (direct);Cuivre et composés (exprimés en tant que Cu);95;kg/an
0006601279;Communauté Agglomération Bassin de Thau;2013;Air;Dioxyde de carbone (CO2) total (d'origine biomasse et non biomasse);33700000;kg/an
0006601279;Communauté Agglomération Bassin de Thau;2013;Air;Dioxyde de carbone (CO2) d'origine biomasse;19200000;kg/an
0006600430;Société EXPANSIA;2013;Air;Composés organiques volatils non méthaniques (COVNM);72600;kg/an
0006600430;Société EXPANSIA;2013;Air;Dichlorométhane (DCM, chlorure de méthylène);3610;kg/an
0006601281;SAIPOL;2013;Air;Composés organiques volatils non méthaniques (COVNM);442000;kg/an
0006600430;Société EXPANSIA;2013;Air;Méthanol (alcool méthylique);22200;kg/an
0006600432;SANOFI-CHIMIE;2013;Air;Composés organiques volatils non méthaniques (COVNM);42000;kg/an
0006601281;SAIPOL;2013;Air;Dioxyde de carbone (CO2) d'origine non biomasse;42100000;kg/an
0006600432;SANOFI-CHIMIE;2013;Air;Hydroflurocarbures (HFC);1930;kg/an
0006600432;SANOFI-CHIMIE;2013;Eau (direct);Demande chimique en oxygène (DCO);173000;kg/an
0006601281;SAIPOL;2013;Air;Dioxyde de carbone (CO2) total (d'origine biomasse et non biomasse);42100000;kg/an
0006600432;SANOFI-CHIMIE;2013;Eau (direct);Dichlorométhane (DCM, chlorure de méthylène);29;kg/an
0006600453;Société des CIMENTS CALCIA;2013;Air;Mercure et composés (exprimés en tant que Hg);15.4;kg/an
0006601317;KNAUF INDUSTRIES EST (ex Isobox);2013;Air;Composés organiques volatils non méthaniques (COVNM);111000;kg/an
0006600453;Société des CIMENTS CALCIA;2013;Air;Oxydes d'azote (NOx/NO2);910000;kg/an
0006600453;Société des CIMENTS CALCIA;2013;Air;Dioxyde de carbone (CO2) d'origine non biomasse;472000000;kg/an
0006600453;Société des CIMENTS CALCIA;2013;Air;Dioxyde de carbone (CO2) total (d'origine biomasse et non biomasse);484000000;kg/an
0006600453;Société des CIMENTS CALCIA;2013;Air;Dioxyde de carbone (CO2) d'origine biomasse;11200000;kg/an
0006601357;ARCELORMITTAL MEDITERRANNEE;2013;Air;Composés organiques volatils non méthaniques (COVNM);40300;kg/an
0006600459;KONINGS SPIRIT & DRINKS FRANCE;2013;Eau (indirect);Demande biologique en oxygène (DBO5);50800;kg/an
0006601361;STERIMED;2013;Air;Dioxyde de carbone (CO2) d'origine non biomasse;17500000;kg/an
0006600514;CEA Marcoule;2013;Air;Hydrochlorofluorocarbures (HCFC);101;kg/an
0006601361;STERIMED;2013;Air;Dioxyde de carbone (CO2) total (d'origine biomasse et non biomasse);17500000;kg/an
0006600514;CEA Marcoule;2013;Air;Hydroflurocarbures (HFC);1330;kg/an
0006600514;CEA Marcoule;2013;Air;Dioxyde de carbone (CO2) d'origine non biomasse;16500000;kg/an
0006601388;DECHARGE - SUEZ RV MEDI (COL DE LA DONE);2013;Air;Méthane (CH4);216000;kg/an
0006600514;CEA Marcoule;2013;Air;Dioxyde de carbone (CO2) total (d'origine biomasse et non biomasse);16500000;kg/an
0006601574;GIE CHIMIE SALINDRES;2013;Air;Dioxyde de carbone (CO2) d'origine non biomasse;21900000;kg/an
0006600526;GRAP'SUD Cruviers;2013;Sol;Plomb et composés (exprimés en tant que Pb);20.4;kg/an
0006600541;SA PAREFEUILLE-PROVENCE;2013;Air;Dioxyde de carbone (CO2) d'origine non biomasse;15100000;kg/an
0006601574;GIE CHIMIE SALINDRES;2013;Air;Dioxyde de carbone (CO2) total (d'origine biomasse et non biomasse);21900000;kg/an
0006600541;SA PAREFEUILLE-PROVENCE;2013;Air;Dioxyde de carbone (CO2) total (d'origine biomasse et non biomasse);15100000;kg/an
0006601574;GIE CHIMIE SALINDRES;2013;Eau (direct);Arsenic et composés (exprimés en tant que As);7.94;kg/an
0006600562;OWENS-CORNING FIBERGLAS;2013;Air;Dioxyde de carbone (CO2) d'origine non biomasse;35500000;kg/an
0006600562;OWENS-CORNING FIBERGLAS;2013;Air;Dioxyde de carbone (CO2) total (d'origine biomasse et non biomasse);35500000;kg/an
0006601574;GIE CHIMIE SALINDRES;2013;Eau (direct);Chloroforme (trichlorométhane);25.5;kg/an
0006600563;FERROPEM;2013;Air;Nickel et composés (exprimés en tant que Ni);57.3;kg/an
0006600563;FERROPEM;2013;Air;Oxydes de soufre (SOx/SO2);214000;kg/an
0006601574;GIE CHIMIE SALINDRES;2013;Eau (direct);Dichlorométhane (DCM, chlorure de méthylène);71.9;kg/an
0006600563;FERROPEM;2013;Air;Oxydes d'azote (NOx/NO2);330000;kg/an
0006600563;FERROPEM;2013;Air;Dioxyde de carbone (CO2) d'origine non biomasse;159000000;kg/an
0006601574;GIE CHIMIE SALINDRES;2013;Eau (direct);Fluorures (en tant que F total);10000;kg/an
0006600563;FERROPEM;2013;Air;Dioxyde de carbone (CO2) total (d'origine biomasse et non biomasse);218000000;kg/an
0006600563;FERROPEM;2013;Air;Dioxyde de carbone (CO2) d'origine biomasse;58400000;kg/an
0006601574;GIE CHIMIE SALINDRES;2013;Eau (direct);Nickel et composés (exprimés en tant que Ni);99;kg/an
0006600637;NIMERGIE SAS;2013;Air;Dioxyde de carbone (CO2) d'origine non biomasse;30200000;kg/an
0006600637;NIMERGIE SAS;2013;Air;Dioxyde de carbone (CO2) total (d'origine biomasse et non biomasse);30200000;kg/an
0006601574;GIE CHIMIE SALINDRES;2013;Eau (direct);Sulfates;1520000;kg/an
0006600672;SIRAP GEMA;2013;Air;Composés organiques volatils non méthaniques (COVNM);256000;kg/an
0006600717;DEULEP;2013;Air;Composés organiques volatils non méthaniques (COVNM);43100;kg/an
0006601574;GIE CHIMIE SALINDRES;2013;Eau (direct);Zinc et composés (exprimés en tant que Zn);162;kg/an
0006600794;HARIBO-RICQLES-ZAN;2013;Eau (indirect);Demande biologique en oxygène (DBO5);200000;kg/an
0006601576;CTSDU DE BELLEGARDE;2013;Air;Méthane (CH4);119000;kg/an
0006600794;HARIBO-RICQLES-ZAN;2013;Eau (indirect);Demande chimique en oxygène (DCO);334000;kg/an
0006600812;O-I FRANCE SAS;2013;Air;Plomb et composés (exprimés en tant que Pb);508;kg/an
0006601577;AXENS;2013;Air;Ammoniac (NH3);50700;kg/an
0006600812;O-I FRANCE SAS;2013;Air;Dioxyde de carbone (CO2) d'origine non biomasse;36400000;kg/an
0006601577;AXENS;2013;Air;Cobalt et composés (exprimés en tant que Co);20.8;kg/an
0006600812;O-I FRANCE SAS;2013;Air;Dioxyde de carbone (CO2) total (d'origine biomasse et non biomasse);36400000;kg/an
0006600893;OI France;2013;Air;Oxydes d'azote (NOx/NO2);133000;kg/an
0006601577;AXENS;2013;Air;Nickel et composés (exprimés en tant que Ni);70.6;kg/an
0006600893;OI France;2013;Air;Dioxyde de carbone (CO2) d'origine non biomasse;40100000;kg/an
0006601577;AXENS;2013;Air;Oxydes d'azote (NOx/NO2);155000;kg/an
0006601577;AXENS;2013;Air;Dioxyde de carbone (CO2) d'origine non biomasse;22600000;kg/an
0006601577;AXENS;2013;Air;Dioxyde de carbone (CO2) total (d'origine biomasse et non biomasse);22600000;kg/an
0006601577;AXENS;2013;Eau (indirect);Aluminium et composés (exprimés en tant que Al);2720;kg/an
0006700467;PSA Peugeot Citroën SNC Mulhouse;2013;Air;Dioxyde de carbone (CO2) d'origine non biomasse;45900000;kg/an
0006601577;AXENS;2013;Eau (indirect);Cobalt et composés (exprimés en tant que Co);213;kg/an
0006700467;PSA Peugeot Citroën SNC Mulhouse;2013;Air;Dioxyde de carbone (CO2) total (d'origine biomasse et non biomasse);45900000;kg/an
0006700467;PSA Peugeot Citroën SNC Mulhouse;2013;Eau (indirect);Arsenic et composés (exprimés en tant que As);6.42;kg/an
0006601577;AXENS;2013;Eau (indirect);Cuivre et composés (exprimés en tant que Cu);208;kg/an
0006700467;PSA Peugeot Citroën SNC Mulhouse;2013;Eau (indirect);Cadmium et composés (exprimés en tant que Cd);1.28;kg/an
0006700467;PSA Peugeot Citroën SNC Mulhouse;2013;Eau (indirect);Demande biologique en oxygène (DBO5);99500;kg/an
0006601577;AXENS;2013;Eau (indirect);Nickel et composés (exprimés en tant que Ni);362;kg/an
0006700467;PSA Peugeot Citroën SNC Mulhouse;2013;Eau (indirect);Demande chimique en oxygène (DCO);369000;kg/an
0006700467;PSA Peugeot Citroën SNC Mulhouse;2013;Eau (indirect);Nickel et composés (exprimés en tant que Ni);121;kg/an
0006601578;SOLVAY Rhodia Opérations;2013;Air;Chlorofluorocarbures (CFC);1750;kg/an
0006700467;PSA Peugeot Citroën SNC Mulhouse;2013;Eau (indirect);Nonylphénols et éthoxylates de nonylphénol (NP/NPE);3.5;kg/an
0006700467;PSA Peugeot Citroën SNC Mulhouse;2013;Eau (indirect);Phénols (en tant que C total);250;kg/an
0006601578;SOLVAY Rhodia Opérations;2013;Air;Composés organiques volatils non méthaniques (COVNM);64600;kg/an
0006700467;PSA Peugeot Citroën SNC Mulhouse;2013;Eau (indirect);Zinc et composés (exprimés en tant que Zn);442;kg/an
0006601578;SOLVAY Rhodia Opérations;2013;Air;Hydrochlorofluorocarbures (HCFC);1010;kg/an
0006601578;SOLVAY Rhodia Opérations;2013;Air;Hydroflurocarbures (HFC);812;kg/an
0006700469;CONSTELLIUM NEUF BRISACH;2013;Air;Composés organiques volatils non méthaniques (COVNM);117000;kg/an
0006700469;CONSTELLIUM NEUF BRISACH;2013;Air;Oxydes d'azote (NOx/NO2);127000;kg/an
0006601578;SOLVAY Rhodia Opérations;2013;Air;Perfluorocarbures (PFC);443;kg/an
0006700469;CONSTELLIUM NEUF BRISACH;2013;Air;Dioxyde de carbone (CO2) d'origine non biomasse;111000000;kg/an
0006700469;CONSTELLIUM NEUF BRISACH;2013;Air;Dioxyde de carbone (CO2) total (d'origine biomasse et non biomasse);111000000;kg/an
0006601578;SOLVAY Rhodia Opérations;2013;Eau (indirect);Dichlorométhane (DCM, chlorure de méthylène);176;kg/an
0006601578;SOLVAY Rhodia Opérations;2013;Eau (indirect);Fluorures (en tant que F total);150000;kg/an
0006700471;BOREALIS PEC RHIN;2013;Air;Ammoniac (NH3);86800;kg/an
0006700471;BOREALIS PEC RHIN;2013;Air;Oxydes d'azote (NOx/NO2);385000;kg/an
0006601578;SOLVAY Rhodia Opérations;2013;Eau (indirect);Nickel et composés (exprimés en tant que Ni);38;kg/an
0006700471;BOREALIS PEC RHIN;2013;Air;Protoxyde d'azote (N2O);268000;kg/an
0006700471;BOREALIS PEC RHIN;2013;Air;Dioxyde de carbone (CO2) d'origine non biomasse;412000000;kg/an
0006700471;BOREALIS PEC RHIN;2013;Air;Dioxyde de carbone (CO2) total (d'origine biomasse et non biomasse);412000000;kg/an
0006601697;Société EVOLIA;2013;Air;Dioxyde de carbone (CO2) d'origine non biomasse;42700000;kg/an
0006700471;BOREALIS PEC RHIN;2013;Eau (direct);Azote total;316000;kg/an
0006601697;Société EVOLIA;2013;Air;Dioxyde de carbone (CO2) total (d'origine biomasse et non biomasse);98100000;kg/an
0006601697;Société EVOLIA;2013;Air;Dioxyde de carbone (CO2) d'origine biomasse;55400000;kg/an
0006700472;PAPETERIES DU RHIN;2013;Air;Dioxyde de carbone (CO2) d'origine non biomasse;14700000;kg/an
0006700472;PAPETERIES DU RHIN;2013;Air;Dioxyde de carbone (CO2) total (d'origine biomasse et non biomasse);14700000;kg/an
0006602094;International Flavors & Fragrances  SAS;2013;Air;Composés organiques volatils non méthaniques (COVNM);34700;kg/an
0006700472;PAPETERIES DU RHIN;2013;Eau (indirect);Demande biologique en oxygène (DBO5);1190000;kg/an
0006700472;PAPETERIES DU RHIN;2013;Eau (indirect);Demande chimique en oxygène (DCO);2520000;kg/an
0006700478;DARAMIC SAS;2013;Air;Composés organiques volatils non méthaniques (COVNM);211000;kg/an
0006602094;International Flavors & Fragrances  SAS;2013;Air;Dichlorométhane (DCM, chlorure de méthylène);2980;kg/an
0006700502;CICE-CIE INDUSTRIELLE DES CHAUFFE EAU;2013;Air;Hydroflurocarbures (HFC);231;kg/an
0006603588;Montpellier Méditerranée Métropole;2013;Air;Monoxyde de carbone (CO);2960000;kg/an
0006700503;BASF;2013;Air;Dioxyde de carbone (CO2) total (d'origine biomasse et non biomasse);16000000;kg/an
0006603588;Montpellier Méditerranée Métropole;2013;Air;Méthane (CH4);168000;kg/an
0006700503;BASF;2013;Eau (indirect);Carbone organique total (en tant que C total ou DCO/3);135000;kg/an
0006604226;Usine d'Avène;2013;Eau (indirect);Demande biologique en oxygène (DBO5);53800;kg/an
0006700503;BASF;2013;Eau (indirect);Chlorures (en tant que Cl total);3480000;kg/an
0006700503;BASF;2013;Eau (indirect);Demande biologique en oxygène (DBO5);172000;kg/an
0006700503;BASF;2013;Eau (indirect);Demande chimique en oxygène (DCO);459000;kg/an
0006604226;Usine d'Avène;2013;Eau (indirect);Demande chimique en oxygène (DCO);221000;kg/an
0006700503;BASF;2013;Eau (indirect);Méthanol (alcool méthylique);7380;kg/an
0006700503;BASF;2013;Eau (indirect);Phénols (en tant que C total);1670;kg/an
0006605262;UNION FRANCAISE DES ALCOOLS ET BRANDIES;2013;Air;Composés organiques volatils non méthaniques (COVNM);272000;kg/an
0006700503;BASF;2013;Eau (indirect);Toluène;241;kg/an
0006700320;COPVIAL SAS;2013;Eau (indirect);Demande biologique en oxygène (DBO5);120000;kg/an
0006700505;LES ATELIERS REUNIS REVETEMENT SAS;2013;Eau (indirect);Tétrachloroéthylène (PER, tétrachloroéthylène);101;kg/an
0006700320;COPVIAL SAS;2013;Eau (indirect);Demande chimique en oxygène (DCO);246000;kg/an
0006700513;BUTACHIMIE;2013;Air;Composés organiques volatils non méthaniques (COVNM);140000;kg/an
0006700361;NLMK Strasbourg;2013;Air;Dioxyde de carbone (CO2) d'origine non biomasse;21500000;kg/an
0006700513;BUTACHIMIE;2013;Air;Hydroflurocarbures (HFC);403;kg/an
0006700513;BUTACHIMIE;2013;Air;Méthane (CH4);116000;kg/an
0006700361;NLMK Strasbourg;2013;Air;Dioxyde de carbone (CO2) total (d'origine biomasse et non biomasse);21500000;kg/an
0006700513;BUTACHIMIE;2013;Air;Oxydes d'azote (NOx/NO2);656000;kg/an
0006700513;BUTACHIMIE;2013;Air;Dioxyde de carbone (CO2) d'origine non biomasse;276000000;kg/an
0006700373;SETE;2013;Air;Dioxyde de carbone (CO2) d'origine non biomasse;35300000;kg/an
0006700513;BUTACHIMIE;2013;Air;Dioxyde de carbone (CO2) total (d'origine biomasse et non biomasse);276000000;kg/an
0006700373;SETE;2013;Air;Dioxyde de carbone (CO2) total (d'origine biomasse et non biomasse);35300000;kg/an
0006700513;BUTACHIMIE;2013;Eau (direct);Azote total;53700;kg/an
0006700380;SCHMIDT GROUPE;2013;Air;Composés organiques volatils non méthaniques (COVNM);75500;kg/an
0006700513;BUTACHIMIE;2013;Eau (direct);Carbone organique total (en tant que C total ou DCO/3);147000;kg/an
0006700386;SITDCE - CENTRE DE VALORISATION ENERGETIQUE;2013;Air;Dioxyde de carbone (CO2) d'origine non biomasse;87600000;kg/an
0006700513;BUTACHIMIE;2013;Eau (direct);Cuivre et composés (exprimés en tant que Cu);855;kg/an
0006700513;BUTACHIMIE;2013;Eau (direct);Cyanures (sous forme de CN total);57.1;kg/an
0006700386;SITDCE - CENTRE DE VALORISATION ENERGETIQUE;2013;Air;Dioxyde de carbone (CO2) total (d'origine biomasse et non biomasse);87600000;kg/an
0006700513;BUTACHIMIE;2013;Eau (direct);Demande biologique en oxygène (DBO5);78300;kg/an
0006700387;SCCU CENTRALE THERMIQUE;2013;Air;Dioxyde de carbone (CO2) d'origine non biomasse;16800000;kg/an
0006700513;BUTACHIMIE;2013;Eau (direct);Demande chimique en oxygène (DCO);153000;kg/an
0006700513;BUTACHIMIE;2013;Eau (direct);Di(2-éthylhexyle)phtalate (DEHP);13;kg/an
0006700387;SCCU CENTRALE THERMIQUE;2013;Air;Dioxyde de carbone (CO2) total (d'origine biomasse et non biomasse);16800000;kg/an
0006700513;BUTACHIMIE;2013;Eau (direct);Nickel et composés (exprimés en tant que Ni);179;kg/an
0006700513;BUTACHIMIE;2013;Eau (direct);Phosphore total;7820;kg/an
0006700401;ADIENT France SAS (ex johnson controls);2013;Air;Composés organiques volatils non méthaniques (COVNM);38300;kg/an
0006700513;BUTACHIMIE;2013;Eau (direct);Phénols (en tant que C total);197;kg/an
0006700513;BUTACHIMIE;2013;Eau (direct);Zinc et composés (exprimés en tant que Zn);418;kg/an
0006700403;ROSSMANN Sainte-Croix-aux-Mines;2013;Air;Dioxyde de carbone (CO2) d'origine non biomasse;12500000;kg/an
0006700515;Burda Druck France (ex BRAUN);2013;Air;Composés organiques volatils non méthaniques (COVNM);44200;kg/an
0006700403;ROSSMANN Sainte-Croix-aux-Mines;2013;Air;Dioxyde de carbone (CO2) total (d'origine biomasse et non biomasse);12500000;kg/an
0006700522;BIMA 83;2013;Eau (indirect);Phénols (en tant que C total);135;kg/an
0006700404;ROQUETTE FRERES;2013;Air;Oxydes de soufre (SOx/SO2);197000;kg/an
0006700404;ROQUETTE FRERES;2013;Air;Oxydes d'azote (NOx/NO2);254000;kg/an
0006700526;ARLANXEO Emulsion Rubber France SAS;2013;Air;Composés organiques volatils non méthaniques (COVNM);39900;kg/an
0006700526;ARLANXEO Emulsion Rubber France SAS;2013;Air;Hydroflurocarbures (HFC);10000;kg/an
0006700404;ROQUETTE FRERES;2013;Air;Dioxyde de carbone (CO2) d'origine non biomasse;94800000;kg/an
0006700526;ARLANXEO Emulsion Rubber France SAS;2013;Air;Dioxyde de carbone (CO2) d'origine non biomasse;47700000;kg/an
0006700526;ARLANXEO Emulsion Rubber France SAS;2013;Air;Dioxyde de carbone (CO2) total (d'origine biomasse et non biomasse);47700000;kg/an
0006700404;ROQUETTE FRERES;2013;Air;Dioxyde de carbone (CO2) total (d'origine biomasse et non biomasse);94800000;kg/an
0006700526;ARLANXEO Emulsion Rubber France SAS;2013;Eau (indirect);Aluminium et composés (exprimés en tant que Al);2270;kg/an
0006700526;ARLANXEO Emulsion Rubber France SAS;2013;Eau (indirect);Azote total;90000;kg/an
0006700404;ROQUETTE FRERES;2013;Sol;Cadmium et composés (exprimés en tant que Cd);5.9;kg/an
0006700526;ARLANXEO Emulsion Rubber France SAS;2013;Eau (indirect);Chlorures (en tant que Cl total);2240000;kg/an
0006700526;ARLANXEO Emulsion Rubber France SAS;2013;Eau (indirect);Demande biologique en oxygène (DBO5);218000;kg/an
0006700404;ROQUETTE FRERES;2013;Sol;Chrome et composés (exprimés en tant que Cr);140;kg/an
0006700526;ARLANXEO Emulsion Rubber France SAS;2013;Eau (indirect);Demande chimique en oxygène (DCO);797000;kg/an
0006700526;ARLANXEO Emulsion Rubber France SAS;2013;Eau (indirect);Nickel et composés (exprimés en tant que Ni);80;kg/an
0006700526;ARLANXEO Emulsion Rubber France SAS;2013;Eau (indirect);Nonylphénols et éthoxylates de nonylphénol (NP/NPE);1.3;kg/an
0006700526;ARLANXEO Emulsion Rubber France SAS;2013;Eau (indirect);Phénols (en tant que C total);1640;kg/an
0006700404;ROQUETTE FRERES;2013;Sol;Cuivre et composés (exprimés en tant que Cu);344;kg/an
0006700536;Sénerval UVE;2013;Air;Composés organiques volatils non méthaniques (COVNM);31100;kg/an
0006700404;ROQUETTE FRERES;2013;Sol;Nickel et composés (exprimés en tant que Ni);120;kg/an
0006700536;Sénerval UVE;2013;Air;Hexafluorure de soufre (SF6);169;kg/an
0006700536;Sénerval UVE;2013;Air;Mercure et composés (exprimés en tant que Hg);19.1;kg/an
0006700404;ROQUETTE FRERES;2013;Sol;Plomb et composés (exprimés en tant que Pb);323;kg/an
0006700536;Sénerval UVE;2013;Air;Protoxyde d'azote (N2O);15100;kg/an
0006700536;Sénerval UVE;2013;Air;Dioxyde de carbone (CO2) d'origine non biomasse;97400000;kg/an
0006700404;ROQUETTE FRERES;2013;Sol;Zinc et composés (exprimés en tant que Zn);1850;kg/an
0006700536;Sénerval UVE;2013;Air;Dioxyde de carbone (CO2) total (d'origine biomasse et non biomasse);226000000;kg/an
0006700536;Sénerval UVE;2013;Air;Dioxyde de carbone (CO2) d'origine biomasse;129000000;kg/an
0006700407;SOCIETE EUROPEENNE DE STOCKAGE D1;2013;Air;Composés organiques volatils non méthaniques (COVNM);41800;kg/an
0006700536;Sénerval UVE;2013;Eau (indirect);Cadmium et composés (exprimés en tant que Cd);3.42;kg/an
0006700536;Sénerval UVE;2013;Eau (indirect);Phénols (en tant que C total);46.2;kg/an
0006700536;Sénerval UVE;2013;Eau (indirect);Plomb et composés (exprimés en tant que Pb);51.4;kg/an
0006700412;TREDI Hombourg;2013;Eau (direct);Cadmium et composés (exprimés en tant que Cd);1.53;kg/an
0006700536;Sénerval UVE;2013;Eau (indirect);Zinc et composés (exprimés en tant que Zn);180;kg/an
0006700413;TREDI Strasbourg;2013;Air;Dioxyde de carbone (CO2) d'origine non biomasse;33500000;kg/an
0006700537;AMCOR (ex ALCAN);2013;Air;Composés organiques volatils non méthaniques (COVNM);225000;kg/an
0006700413;TREDI Strasbourg;2013;Air;Dioxyde de carbone (CO2) total (d'origine biomasse et non biomasse);33500000;kg/an
0006700415;RHONE GAZ Herrlisheim;2013;Air;Composés organiques volatils non méthaniques (COVNM);33600;kg/an
0006700538;ALSACHIMIE;2013;Air;Composés organiques volatils non méthaniques (COVNM);211000;kg/an
0006700417;ATELIERS REUNIS CADDIE (ex ELECTROPOLI);2013;Air;Chrome et composés (exprimés en tant que Cr);851;kg/an
0006700538;ALSACHIMIE;2013;Air;Oxydes d'azote (NOx/NO2);522000;kg/an
0006700538;ALSACHIMIE;2013;Air;Protoxyde d'azote (N2O);696000;kg/an
0006700417;ATELIERS REUNIS CADDIE (ex ELECTROPOLI);2013;Air;Nickel et composés (exprimés en tant que Ni);851;kg/an
0006700538;ALSACHIMIE;2013;Air;Dioxyde de carbone (CO2) d'origine non biomasse;649000000;kg/an
0006700538;ALSACHIMIE;2013;Air;Dioxyde de carbone (CO2) total (d'origine biomasse et non biomasse);649000000;kg/an
0006700417;ATELIERS REUNIS CADDIE (ex ELECTROPOLI);2013;Air;Zinc et composés (exprimés en tant que Zn);3930;kg/an
0006700538;ALSACHIMIE;2013;Eau (direct);Azote total;762000;kg/an
0006700538;ALSACHIMIE;2013;Eau (direct);Carbone organique total (en tant que C total ou DCO/3);692000;kg/an
0006700417;ATELIERS REUNIS CADDIE (ex ELECTROPOLI);2013;Eau (direct);Nickel et composés (exprimés en tant que Ni);117;kg/an
0006700538;ALSACHIMIE;2013;Eau (direct);Chrome et composés (exprimés en tant que Cr);381;kg/an
0006700538;ALSACHIMIE;2013;Eau (direct);Composés organohalogénés (exprimés en tant que AOX);1760;kg/an
0006700421;DU PONT DE NEMOURS-Cernay;2013;Air;Hydrochlorofluorocarbures (HCFC);7.88;kg/an
0006700538;ALSACHIMIE;2013;Eau (direct);Cuivre et composés (exprimés en tant que Cu);685;kg/an
0006700538;ALSACHIMIE;2013;Eau (direct);Cyanures (sous forme de CN total);3550;kg/an
0006700538;ALSACHIMIE;2013;Eau (direct);Demande biologique en oxygène (DBO5);623000;kg/an
0006700423;MARS Chocolat Steinbourg;2013;Eau (indirect);Demande biologique en oxygène (DBO5);51300;kg/an
0006700538;ALSACHIMIE;2013;Eau (direct);Demande chimique en oxygène (DCO);2460000;kg/an
0006700538;ALSACHIMIE;2013;Eau (direct);Di(2-éthylhexyle)phtalate (DEHP);48.3;kg/an
0006700426;DOW France SAS (ex ROHM AND HAAS);2013;Air;Composés organiques volatils non méthaniques (COVNM);32600;kg/an
0006700538;ALSACHIMIE;2013;Eau (direct);Fer et composés (exprimés en tant que Fe);3330;kg/an
0006700538;ALSACHIMIE;2013;Eau (direct);Matières en suspension (MES);345000;kg/an
0006700538;ALSACHIMIE;2013;Eau (direct);Nickel et composés (exprimés en tant que Ni);281;kg/an
0006700426;DOW France SAS (ex ROHM AND HAAS);2013;Air;Dioxyde de carbone (CO2) d'origine non biomasse;20300000;kg/an
0006700538;ALSACHIMIE;2013;Eau (direct);Phénols (en tant que C total);456;kg/an
0006700538;ALSACHIMIE;2013;Eau (direct);Zinc et composés (exprimés en tant que Zn);1390;kg/an
0006700426;DOW France SAS (ex ROHM AND HAAS);2013;Air;Dioxyde de carbone (CO2) total (d'origine biomasse et non biomasse);20300000;kg/an
0006700426;DOW France SAS (ex ROHM AND HAAS);2013;Eau (direct);Manganèse et composés (exprimés en tant que Mn);650;kg/an
0006700541;EUROGLAS;2013;Air;Oxydes de soufre (SOx/SO2);150000;kg/an
0006700426;DOW France SAS (ex ROHM AND HAAS);2013;Eau (direct);Sulfates;1520000;kg/an
0006700541;EUROGLAS;2013;Air;Oxydes d'azote (NOx/NO2);244000;kg/an
0006700541;EUROGLAS;2013;Air;Dioxyde de carbone (CO2) d'origine non biomasse;103000000;kg/an
0006700428;CENPA SAS;2013;Air;Dioxyde de carbone (CO2) d'origine non biomasse;13700000;kg/an
0006700541;EUROGLAS;2013;Air;Dioxyde de carbone (CO2) total (d'origine biomasse et non biomasse);103000000;kg/an
0006700567;DS SMITH PAPER KAYSERSBERG;2013;Air;Dioxyde de carbone (CO2) d'origine non biomasse;57500000;kg/an
0006700567;DS SMITH PAPER KAYSERSBERG;2013;Air;Dioxyde de carbone (CO2) total (d'origine biomasse et non biomasse);57500000;kg/an
0006700569;SUEZ RV Nord Est RETZWILLER;2013;Air;Méthane (CH4);707000;kg/an
0006700569;SUEZ RV Nord Est RETZWILLER;2013;Eau (indirect);Demande biologique en oxygène (DBO5);224000;kg/an
0006700569;SUEZ RV Nord Est RETZWILLER;2013;Eau (indirect);Demande chimique en oxygène (DCO);438000;kg/an
0006700570;Ravago Building Soluations;2013;Air;Composés organiques volatils non méthaniques (COVNM);31000;kg/an
0006700571;DE DIETRICH SAS;2013;Air;Cobalt et composés (exprimés en tant que Co);6.52;kg/an
0006700583;RICOH INDUSTRIE FRANCE;2013;Air;Hydroflurocarbures (HFC);141;kg/an
0006700586;LESAFFRE CULINARY STRG (anct SENSIENT);2013;Eau (indirect);Azote total;81200;kg/an
0006700586;LESAFFRE CULINARY STRG (anct SENSIENT);2013;Eau (indirect);Demande biologique en oxygène (DBO5);665000;kg/an
0006700586;LESAFFRE CULINARY STRG (anct SENSIENT);2013;Eau (indirect);Demande chimique en oxygène (DCO);1270000;kg/an
0006700428;CENPA SAS;2013;Air;Dioxyde de carbone (CO2) total (d'origine biomasse et non biomasse);13700000;kg/an
0006700586;LESAFFRE CULINARY STRG (anct SENSIENT);2013;Eau (indirect);Phosphore total;8680;kg/an
0006700586;LESAFFRE CULINARY STRG (anct SENSIENT);2013;Eau (indirect);Zinc et composés (exprimés en tant que Zn);116;kg/an
0006700429;DSM Nutritional Products France;2013;Air;Dichlorométhane (DCM, chlorure de méthylène);8740;kg/an
0006700598;WIENERBERGER SAS;2013;Air;Dioxyde de carbone (CO2) d'origine non biomasse;19100000;kg/an
0006700598;WIENERBERGER SAS;2013;Air;Dioxyde de carbone (CO2) total (d'origine biomasse et non biomasse);19100000;kg/an
0006700429;DSM Nutritional Products France;2013;Air;Hydrochlorofluorocarbures (HCFC);114;kg/an
0006700429;DSM Nutritional Products France;2013;Air;Dioxyde de carbone (CO2) d'origine non biomasse;17300000;kg/an
0006700612;LILLY FRANCE;2013;Air;Hydrochlorofluorocarbures (HCFC);90;kg/an
0006700612;LILLY FRANCE;2013;Eau (indirect);Phosphore total;15300;kg/an
0006700619;Centrale Thermique de Didenheim;2013;Air;Dioxyde de carbone (CO2) d'origine non biomasse;26000000;kg/an
0006700619;Centrale Thermique de Didenheim;2013;Air;Dioxyde de carbone (CO2) total (d'origine biomasse et non biomasse);26000000;kg/an
0006700429;DSM Nutritional Products France;2013;Air;Dioxyde de carbone (CO2) total (d'origine biomasse et non biomasse);17300000;kg/an
0006700433;Vynova PPC SAS;2013;Air;Chloroforme (trichlorométhane);1470;kg/an
0006700433;Vynova PPC SAS;2013;Air;Hydrochlorofluorocarbures (HCFC);173;kg/an
0006700630;KUHN SAS;2013;Air;Composés organiques volatils non méthaniques (COVNM);36700;kg/an
0006700632;KRONENBOURG SUPPLY COMPANY SAS;2013;Air;Dioxyde de carbone (CO2) d'origine non biomasse;19900000;kg/an
0006700433;Vynova PPC SAS;2013;Air;Mercure et composés (exprimés en tant que Hg);57.4;kg/an
0006700632;KRONENBOURG SUPPLY COMPANY SAS;2013;Air;Dioxyde de carbone (CO2) total (d'origine biomasse et non biomasse);19900000;kg/an
0006700637;WIENERBERGER SAS;2013;Air;Oxydes d'azote (NOx/NO2);103000;kg/an
0006700433;Vynova PPC SAS;2013;Eau (direct);Chloroforme (trichlorométhane);11.6;kg/an
0006700637;WIENERBERGER SAS;2013;Air;Dioxyde de carbone (CO2) d'origine non biomasse;23500000;kg/an
0006700637;WIENERBERGER SAS;2013;Air;Dioxyde de carbone (CO2) total (d'origine biomasse et non biomasse);23500000;kg/an
0006700433;Vynova PPC SAS;2013;Eau (direct);Mercure et composés (exprimés en tant que Hg);16.9;kg/an
0006700639;FEDERAL MOGUL VALVETRAIN (ex TRW);2013;Air;Cobalt et composés (exprimés en tant que Co);7.3;kg/an
0006700444;Arconic Architectural Products S.A.S.;2013;Air;Dioxyde de carbone (CO2) d'origine non biomasse;16300000;kg/an
0006700642;ESSITY (ex TISSUE FRANCE);2013;Air;Dioxyde de carbone (CO2) d'origine non biomasse;25500000;kg/an
0006700642;ESSITY (ex TISSUE FRANCE);2013;Air;Dioxyde de carbone (CO2) total (d'origine biomasse et non biomasse);25500000;kg/an
0006700643;TEREOS STARCH & SWEETENERS EUROPE;2013;Air;Acétaldéhyde (aldéhyde acétique  éthanal);1110;kg/an
0006700643;TEREOS STARCH & SWEETENERS EUROPE;2013;Air;Composés organiques volatils non méthaniques (COVNM);34600;kg/an
0006700643;TEREOS STARCH & SWEETENERS EUROPE;2013;Air;Dioxyde de carbone (CO2) d'origine non biomasse;127000000;kg/an
0006700444;Arconic Architectural Products S.A.S.;2013;Air;Dioxyde de carbone (CO2) total (d'origine biomasse et non biomasse);16300000;kg/an
0006700643;TEREOS STARCH & SWEETENERS EUROPE;2013;Air;Dioxyde de carbone (CO2) total (d'origine biomasse et non biomasse);127000000;kg/an
0006700643;TEREOS STARCH & SWEETENERS EUROPE;2013;Eau (direct);Cadmium et composés (exprimés en tant que Cd);3.12;kg/an
0006700446;AMCOR Speciality Cartons France SAS;2013;Air;Composés organiques volatils non méthaniques (COVNM);103000;kg/an
0006700643;TEREOS STARCH & SWEETENERS EUROPE;2013;Eau (direct);Demande biologique en oxygène (DBO5);49000;kg/an
0006700643;TEREOS STARCH & SWEETENERS EUROPE;2013;Eau (direct);Demande chimique en oxygène (DCO);653000;kg/an
0006700643;TEREOS STARCH & SWEETENERS EUROPE;2013;Eau (direct);Matières en suspension (MES);376000;kg/an
0006700452;DMC SAS;2013;Eau (indirect);Demande biologique en oxygène (DBO5);47400;kg/an
0006700643;TEREOS STARCH & SWEETENERS EUROPE;2013;Eau (direct);Phosphore total;13100;kg/an
0006700643;TEREOS STARCH & SWEETENERS EUROPE;2013;Eau (direct);Zinc et composés (exprimés en tant que Zn);228;kg/an
0006700452;DMC SAS;2013;Eau (indirect);Demande chimique en oxygène (DCO);179000;kg/an
0006700653;TRONOX France SAS;2013;Air;Monoxyde de carbone (CO);1770000;kg/an
0006700653;TRONOX France SAS;2013;Air;Oxydes de soufre (SOx/SO2);176000;kg/an
0006700455;Manufacture de Cuir Gustave DEGERMANN;2013;Eau (indirect);Chrome et composés (exprimés en tant que Cr);76.1;kg/an
0006700653;TRONOX France SAS;2013;Air;Dioxyde de carbone (CO2) d'origine non biomasse;22200000;kg/an
0006700653;TRONOX France SAS;2013;Air;Dioxyde de carbone (CO2) total (d'origine biomasse et non biomasse);22200000;kg/an
0006700455;Manufacture de Cuir Gustave DEGERMANN;2013;Eau (indirect);Demande biologique en oxygène (DBO5);67700;kg/an
0006700663;CRISTAL UNION;2013;Air;Dioxyde de carbone (CO2) d'origine non biomasse;30000000;kg/an
0006700663;CRISTAL UNION;2013;Air;Dioxyde de carbone (CO2) total (d'origine biomasse et non biomasse);30000000;kg/an
0006700464;ETEX FRANCE BUILDING PERFORMANCE;2013;Air;Dioxyde de carbone (CO2) d'origine non biomasse;10400000;kg/an
0006700663;CRISTAL UNION;2013;Eau (direct);Demande biologique en oxygène (DBO5);232000;kg/an
0006700663;CRISTAL UNION;2013;Eau (direct);Demande chimique en oxygène (DCO);557000;kg/an
0006700464;ETEX FRANCE BUILDING PERFORMANCE;2013;Air;Dioxyde de carbone (CO2) total (d'origine biomasse et non biomasse);10400000;kg/an
0006700467;PSA Peugeot Citroën SNC Mulhouse;2013;Air;Composés organiques volatils non méthaniques (COVNM);287000;kg/an
0006700668;BLUE PAPER;2013;Air;Dioxyde de carbone (CO2) total (d'origine biomasse et non biomasse);15600000;kg/an
0006700668;BLUE PAPER;2013;Air;Dioxyde de carbone (CO2) d'origine biomasse;15600000;kg/an
0006700467;PSA Peugeot Citroën SNC Mulhouse;2013;Air;Hydrochlorofluorocarbures (HCFC);135;kg/an
0006700673;VALEAURHIN;2013;Air;Protoxyde d'azote (N2O);12500;kg/an
0006700673;VALEAURHIN;2013;Air;Dioxyde de carbone (CO2) total (d'origine biomasse et non biomasse);1660000000;kg/an
0006700467;PSA Peugeot Citroën SNC Mulhouse;2013;Air;Hydroflurocarbures (HFC);2430;kg/an
0006700673;VALEAURHIN;2013;Air;Dioxyde de carbone (CO2) d'origine biomasse;1660000000;kg/an
0006705769;WAGRAM TERMINAL SAS;2013;Eau (direct);Hydrocarbures;10700;kg/an
0006700683;H.B. FULLER ADHESIVES  FRANCE SAS;2013;Air;Dichlorométhane (DCM, chlorure de méthylène);2890;kg/an
0006700688;HEINEKEN ENTREPRISE SAS;2013;Eau (indirect);Demande biologique en oxygène (DBO5);656000;kg/an
0006700688;HEINEKEN ENTREPRISE SAS;2013;Eau (indirect);Demande chimique en oxygène (DCO);1310000;kg/an
0006700688;HEINEKEN ENTREPRISE SAS;2013;Eau (indirect);Matières en suspension (MES);328000;kg/an
0006802150;ANDROS Usine Andros;2013;Air;Dioxyde de carbone (CO2) d'origine non biomasse;18800000;kg/an
0006700688;HEINEKEN ENTREPRISE SAS;2013;Eau (indirect);Phosphore total;7950;kg/an
0006802150;ANDROS Usine Andros;2013;Air;Dioxyde de carbone (CO2) total (d'origine biomasse et non biomasse);18800000;kg/an
0006700694;TANNERIES HAAS;2013;Air;Composés organiques volatils non méthaniques (COVNM);31300;kg/an
0006802152;MAEC Sas;2013;Air;Dichlorométhane (DCM, chlorure de méthylène);10500;kg/an
0006700694;TANNERIES HAAS;2013;Eau (indirect);Chrome et composés (exprimés en tant que Cr);69;kg/an
0006700694;TANNERIES HAAS;2013;Eau (indirect);Demande biologique en oxygène (DBO5);113000;kg/an
0006802160;SOLEV  Sas;2013;Air;Composés organiques volatils non méthaniques (COVNM);217000;kg/an
0006700694;TANNERIES HAAS;2013;Eau (indirect);Demande chimique en oxygène (DCO);224000;kg/an
0006700701;HOLCIM HAUT-RHIN;2013;Air;Oxydes d'azote (NOx/NO2);462000;kg/an
0006802169;ANDROS Snc - Usine BOIN;2013;Air;Hydrochlorofluorocarbures (HCFC);350;kg/an
0006700701;HOLCIM HAUT-RHIN;2013;Air;Dioxyde de carbone (CO2) d'origine non biomasse;268000000;kg/an
0006700701;HOLCIM HAUT-RHIN;2013;Air;Dioxyde de carbone (CO2) total (d'origine biomasse et non biomasse);284000000;kg/an
0006700701;HOLCIM HAUT-RHIN;2013;Air;Dioxyde de carbone (CO2) d'origine biomasse;15300000;kg/an
0006802171;Smdea (ex-Aslhvt);2013;Eau (direct);Azote total;54500;kg/an
0006700701;HOLCIM HAUT-RHIN;2013;Eau (direct);Dioxines et furanes (PCDD + PCDF) (exprimés en iTeq);0.000188;kg/an
0006700701;HOLCIM HAUT-RHIN;2013;Eau (direct);Mercure et composés (exprimés en tant que Hg);6.97;kg/an
0006700720;SIL FALA;2013;Eau (indirect);Azote total;187000;kg/an
0006802171;Smdea (ex-Aslhvt);2013;Eau (direct);Zinc et composés (exprimés en tant que Zn);101;kg/an
0006700720;SIL FALA;2013;Eau (indirect);Demande biologique en oxygène (DBO5);1890000;kg/an
0006700720;SIL FALA;2013;Eau (indirect);Demande chimique en oxygène (DCO);3180000;kg/an
0006802181;Aubert et Duval usine de Pamiers;2013;Air;Dioxyde de carbone (CO2) d'origine non biomasse;19800000;kg/an
0006802181;Aubert et Duval usine de Pamiers;2013;Air;Dioxyde de carbone (CO2) total (d'origine biomasse et non biomasse);19800000;kg/an
0006802185;Papeteries de Saint-Girons SAS;2013;Air;Dioxyde de carbone (CO2) d'origine non biomasse;18400000;kg/an
0006700724;CHALEUR HAUTEPIERRE;2013;Air;Dioxyde de carbone (CO2) d'origine non biomasse;41700000;kg/an
0006700724;CHALEUR HAUTEPIERRE;2013;Air;Dioxyde de carbone (CO2) total (d'origine biomasse et non biomasse);41700000;kg/an
0006802185;Papeteries de Saint-Girons SAS;2013;Air;Dioxyde de carbone (CO2) total (d'origine biomasse et non biomasse);18400000;kg/an
0006700746;COGERI;2013;Air;Dioxyde de carbone (CO2) d'origine non biomasse;19600000;kg/an
0006700746;COGERI;2013;Air;Dioxyde de carbone (CO2) total (d'origine biomasse et non biomasse);19600000;kg/an
0006802185;Papeteries de Saint-Girons SAS;2013;Eau (direct);Demande biologique en oxygène (DBO5);144000;kg/an
0006700760;MAHLE BEHR France;2013;Air;Tétrachloroéthylène (PER, tétrachloroéthylène);7020;kg/an
0006802185;Papeteries de Saint-Girons SAS;2013;Eau (direct);Demande chimique en oxygène (DCO);560000;kg/an
0006700773;CARAMBARCO;2013;Air;Hydrochlorofluorocarbures (HCFC);9;kg/an
0006802231;DYRUP;2013;Air;Composés organiques volatils non méthaniques (COVNM);50000;kg/an
0006700794;WIENERBERGER;2013;Air;Dioxyde de carbone (CO2) d'origine non biomasse;21300000;kg/an
0006802238;VOA VERRERIE OUVRIERE D' ALBI SA;2013;Air;Oxydes de soufre (SOx/SO2);327000;kg/an
0006700794;WIENERBERGER;2013;Air;Dioxyde de carbone (CO2) total (d'origine biomasse et non biomasse);21300000;kg/an
0006700795;SITEK INSULATION S.A.S.;2013;Air;Dioxyde de carbone (CO2) d'origine non biomasse;13300000;kg/an
0006802238;VOA VERRERIE OUVRIERE D' ALBI SA;2013;Air;Oxydes d'azote (NOx/NO2);352000;kg/an
0006700795;SITEK INSULATION S.A.S.;2013;Air;Dioxyde de carbone (CO2) total (d'origine biomasse et non biomasse);13300000;kg/an
0006802238;VOA VERRERIE OUVRIERE D' ALBI SA;2013;Air;Dioxyde de carbone (CO2) d'origine non biomasse;79000000;kg/an
0006802238;VOA VERRERIE OUVRIERE D' ALBI SA;2013;Air;Dioxyde de carbone (CO2) total (d'origine biomasse et non biomasse);79000000;kg/an
0006700806;KNAUF INDUSTRIES (anc ISOBOX TECHN);2013;Air;Composés organiques volatils non méthaniques (COVNM);78000;kg/an
0006802257;BIGARD;2013;Eau (indirect);Azote total;52500;kg/an
0006700847;BESTFOODS FRANCE Industries;2013;Eau (indirect);Demande biologique en oxygène (DBO5);66000;kg/an
0006701021;OCTAPHARMA S.A.S;2013;Eau (indirect);Demande biologique en oxygène (DBO5);50500;kg/an
0006802257;BIGARD;2013;Eau (indirect);Demande biologique en oxygène (DBO5);404000;kg/an
0006802257;BIGARD;2013;Eau (indirect);Demande chimique en oxygène (DCO);858000;kg/an
0006701057;Société des Malteries d'Alsace;2013;Eau (indirect);Demande biologique en oxygène (DBO5);153000;kg/an
0006701057;Société des Malteries d'Alsace;2013;Eau (indirect);Demande chimique en oxygène (DCO);518000;kg/an
0006802257;BIGARD;2013;Eau (indirect);Phosphore total;9550;kg/an
0006701057;Société des Malteries d'Alsace;2013;Eau (indirect);Phosphore total;6240;kg/an
0006701060;BIO SPRINGER;2013;Eau (indirect);Azote total;57200;kg/an
0006802263;SEPIPROD Usine Lacaze Basse;2013;Eau (indirect);Demande biologique en oxygène (DBO5);88600;kg/an
0006701060;BIO SPRINGER;2013;Eau (indirect);Demande biologique en oxygène (DBO5);180000;kg/an
0006701060;BIO SPRINGER;2013;Eau (indirect);Demande chimique en oxygène (DCO);362000;kg/an
0006802263;SEPIPROD Usine Lacaze Basse;2013;Eau (indirect);Demande chimique en oxygène (DCO);264000;kg/an
0006701060;BIO SPRINGER;2013;Eau (indirect);Phosphore total;9110;kg/an
0006701094;STANDART SAS;2013;Eau (indirect);Demande biologique en oxygène (DBO5);172000;kg/an
0006802267;SA PIERRE FABRE MEDICAMENT;2013;Air;Composés organiques volatils non méthaniques (COVNM);159000;kg/an
0006701094;STANDART SAS;2013;Eau (indirect);Demande chimique en oxygène (DCO);380000;kg/an
0006701554;GROUPE SIAT Urmatt;2013;Air;Oxydes d'azote (NOx/NO2);112000;kg/an
0006802267;SA PIERRE FABRE MEDICAMENT;2013;Eau (indirect);Demande biologique en oxygène (DBO5);44100;kg/an
0006802267;SA PIERRE FABRE MEDICAMENT;2013;Eau (indirect);Méthanol (alcool méthylique);14600;kg/an
0006802298;SAS TARNAISE DES PANNEAUX;2013;Air;Zinc et composés (exprimés en tant que Zn);523;kg/an
0006701621;Arthur Metz;2013;Eau (indirect);Demande biologique en oxygène (DBO5);55500;kg/an
0006802298;SAS TARNAISE DES PANNEAUX;2013;Air;Dioxyde de carbone (CO2) total (d'origine biomasse et non biomasse);60900000;kg/an
0006701831;CATALENT FRANCE BEINHEIM SA;2013;Air;Chlorofluorocarbures (CFC);10;kg/an
0006802298;SAS TARNAISE DES PANNEAUX;2013;Air;Dioxyde de carbone (CO2) d'origine biomasse;60900000;kg/an
0006802298;SAS TARNAISE DES PANNEAUX;2013;Eau (indirect);Arsenic et composés (exprimés en tant que As);7;kg/an
0006802298;SAS TARNAISE DES PANNEAUX;2013;Eau (indirect);Phénols (en tant que C total);107;kg/an
0006701841;EVNA;2013;Air;Dioxyde de carbone (CO2) d'origine non biomasse;24500000;kg/an
0006701841;EVNA;2013;Air;Dioxyde de carbone (CO2) total (d'origine biomasse et non biomasse);57000000;kg/an
0006802302;STE TUELACAU;2013;Eau (direct);Phosphore total;5210;kg/an
0006701841;EVNA;2013;Air;Dioxyde de carbone (CO2) d'origine biomasse;32400000;kg/an
0006702037;WRIGLEY FRANCE S.N.C.;2013;Air;Hydrochlorofluorocarbures (HCFC);20.5;kg/an
0006802302;STE TUELACAU;2013;Sol;Zinc et composés (exprimés en tant que Zn);135;kg/an
0006702037;WRIGLEY FRANCE S.N.C.;2013;Air;Hydroflurocarbures (HFC);110;kg/an
0006702042;FREUDENBERG PERFORMANCE MATERIALS;2013;Eau (indirect);Demande biologique en oxygène (DBO5);43700;kg/an
0006802339;YEO FRAIS;2013;Eau (indirect);Demande biologique en oxygène (DBO5);338000;kg/an
0006802339;YEO FRAIS;2013;Eau (indirect);Demande chimique en oxygène (DCO);527000;kg/an
0006702151;SOJINAL;2013;Eau (indirect);Demande biologique en oxygène (DBO5);75600;kg/an
0006802344;AIRBUS OPERATIONS SAS site Clément Ader;2013;Air;Composés organiques volatils non méthaniques (COVNM);187000;kg/an
0006702162;KNAUF CENTRE EST - Ungersheim;2013;Air;Composés organiques volatils non méthaniques (COVNM);185000;kg/an
0006802344;AIRBUS OPERATIONS SAS site Clément Ader;2013;Air;Dioxyde de carbone (CO2) d'origine non biomasse;15200000;kg/an
0006802344;AIRBUS OPERATIONS SAS site Clément Ader;2013;Air;Dioxyde de carbone (CO2) total (d'origine biomasse et non biomasse);15200000;kg/an
0006802353;AIRBUS OPERATIONS SAS  St Martin du TOUCH;2013;Air;Dioxyde de carbone (CO2) d'origine non biomasse;14600000;kg/an
0006702177;MUPA SARL;2013;Air;Composés organiques volatils non méthaniques (COVNM);43300;kg/an
0006802353;AIRBUS OPERATIONS SAS  St Martin du TOUCH;2013;Air;Dioxyde de carbone (CO2) total (d'origine biomasse et non biomasse);14600000;kg/an
0006702200;Linde France Usine de Chalampé;2013;Air;Dioxyde de carbone (CO2) d'origine non biomasse;116000000;kg/an
0006802361;C2M AUROCHS INDUSTRIE;2013;Air;Perfluorocarbures (PFC);142;kg/an
0006702200;Linde France Usine de Chalampé;2013;Air;Dioxyde de carbone (CO2) total (d'origine biomasse et non biomasse);116000000;kg/an
0006702202;TFL France SAS;2013;Eau (indirect);Carbone organique total (en tant que C total ou DCO/3);58200;kg/an
0006702202;TFL France SAS;2013;Eau (indirect);Demande chimique en oxygène (DCO);242000;kg/an
0006702202;TFL France SAS;2013;Eau (indirect);Phénols (en tant que C total);225;kg/an
0006802369;unité d'incinération des boues (ASTEO);2013;Air;Dioxyde de carbone (CO2) d'origine non biomasse;13700000;kg/an
0006802369;unité d'incinération des boues (ASTEO);2013;Air;Dioxyde de carbone (CO2) total (d'origine biomasse et non biomasse);13700000;kg/an
0006702209;SIVOM agglo mulhousienne Sausheim - UIOM;2013;Air;Mercure et composés (exprimés en tant que Hg);20.4;kg/an
0006702209;SIVOM agglo mulhousienne Sausheim - UIOM;2013;Air;Dioxyde de carbone (CO2) d'origine non biomasse;51300000;kg/an
0006802373;CNES - Centre Spatial de Toulouse (CST);2013;Air;Hydrochlorofluorocarbures (HCFC);738;kg/an
0006702209;SIVOM agglo mulhousienne Sausheim - UIOM;2013;Air;Dioxyde de carbone (CO2) total (d'origine biomasse et non biomasse);116000000;kg/an
0006702209;SIVOM agglo mulhousienne Sausheim - UIOM;2013;Air;Dioxyde de carbone (CO2) d'origine biomasse;64600000;kg/an
0006802385;BOUYER LEROUX site de COLOMIERS;2013;Air;Dioxyde de carbone (CO2) d'origine non biomasse;14400000;kg/an
0006702209;SIVOM agglo mulhousienne Sausheim - UIOM;2013;Eau (indirect);Cadmium et composés (exprimés en tant que Cd);1.44;kg/an
0006702209;SIVOM agglo mulhousienne Sausheim - UIOM;2013;Eau (indirect);Mercure et composés (exprimés en tant que Hg);1.18;kg/an
0006802385;BOUYER LEROUX site de COLOMIERS;2013;Air;Dioxyde de carbone (CO2) total (d'origine biomasse et non biomasse);25800000;kg/an
0006702300;SUEZ RV Nord-Est;2013;Air;Méthane (CH4);317000;kg/an
0006702408;SMICTOM d'Alsace Centrale;2013;Air;Méthane (CH4);347000;kg/an
0006802385;BOUYER LEROUX site de COLOMIERS;2013;Air;Dioxyde de carbone (CO2) d'origine biomasse;11400000;kg/an
0006702409;SMICTOM NORD ALSACE;2013;Air;Méthane (CH4);205000;kg/an
0006802396;MECAPROTEC INDUSTRIES 1 - MPI;2013;Air;Composés organiques volatils non méthaniques (COVNM);91400;kg/an
0006702557;CFS CELLPACK PACKAGING;2013;Air;Composés organiques volatils non méthaniques (COVNM);174000;kg/an
0006802405;SATYS SURFACE TREATMENT Toulouse (PRODEM;2013;Air;Composés organiques volatils non méthaniques (COVNM);30500;kg/an
0006802412;SETMI;2013;Air;Oxydes d'azote (NOx/NO2);192000;kg/an
0006702565;ISDND du Herrenmatt à Eschwiller;2013;Air;Méthane (CH4);157000;kg/an
0006802412;SETMI;2013;Air;Dioxyde de carbone (CO2) d'origine non biomasse;104000000;kg/an
0006702686;TRONOX FRANCE SAS;2013;Air;Dioxyde de carbone (CO2) d'origine non biomasse;22100000;kg/an
0006802412;SETMI;2013;Air;Dioxyde de carbone (CO2) total (d'origine biomasse et non biomasse);239000000;kg/an
0006702686;TRONOX FRANCE SAS;2013;Air;Dioxyde de carbone (CO2) total (d'origine biomasse et non biomasse);22100000;kg/an
0006702686;TRONOX FRANCE SAS;2013;Eau (direct);Arsenic et composés (exprimés en tant que As);6.42;kg/an
0006802412;SETMI;2013;Air;Dioxyde de carbone (CO2) d'origine biomasse;135000000;kg/an
0006702686;TRONOX FRANCE SAS;2013;Eau (direct);Manganèse et composés (exprimés en tant que Mn);2260;kg/an
0006702686;TRONOX FRANCE SAS;2013;Eau (direct);Sulfates;1930000;kg/an
0006802435;ROZIERE S.A.;2013;Air;Composés organiques volatils non méthaniques (COVNM);64100;kg/an
0006702704;STRASBOURG ENERGIE;2013;Air;Dioxyde de carbone (CO2) d'origine non biomasse;20300000;kg/an
0006702704;STRASBOURG ENERGIE;2013;Air;Dioxyde de carbone (CO2) total (d'origine biomasse et non biomasse);20300000;kg/an
0006802449;NUTRIBIO;2013;Air;Dioxyde de carbone (CO2) d'origine non biomasse;13800000;kg/an
0006802449;NUTRIBIO;2013;Air;Dioxyde de carbone (CO2) total (d'origine biomasse et non biomasse);13800000;kg/an
0006702736;EVONIK OIL ADDITIVES SAS;2013;Eau (indirect);Demande chimique en oxygène (DCO);380000;kg/an
0006802459;PECHDO SA TANNERIES NOUVELLES;2013;Eau (indirect);Demande biologique en oxygène (DBO5);66900;kg/an
0006703165;JUNGBUNZLAUER (JBL);2013;Eau (indirect);Demande chimique en oxygène (DCO);2990000;kg/an
0006802459;PECHDO SA TANNERIES NOUVELLES;2013;Eau (indirect);Demande chimique en oxygène (DCO);161000;kg/an
0006802463;RODEZ ABATTOIR;2013;Eau (indirect);Carbone organique total (en tant que C total ou DCO/3);101000;kg/an
0006802463;RODEZ ABATTOIR;2013;Eau (indirect);Demande biologique en oxygène (DBO5);187000;kg/an
0006704530;AGRO-LOGIC;2013;Sol;Azote total;91900;kg/an
0006704530;AGRO-LOGIC;2013;Sol;Chrome et composés (exprimés en tant que Cr);130;kg/an
0006802463;RODEZ ABATTOIR;2013;Eau (indirect);Demande chimique en oxygène (DCO);303000;kg/an
0006704530;AGRO-LOGIC;2013;Sol;Cuivre et composés (exprimés en tant que Cu);554;kg/an
0006704530;AGRO-LOGIC;2013;Sol;Mercure et composés (exprimés en tant que Hg);1.3;kg/an
0006802464;SOCIETE PORC MONTAGNE;2013;Eau (indirect);Carbone organique total (en tant que C total ou DCO/3);96900;kg/an
0006704530;AGRO-LOGIC;2013;Sol;Nickel et composés (exprimés en tant que Ni);96.8;kg/an
0006704530;AGRO-LOGIC;2013;Sol;Phosphore total;96800;kg/an
0006802464;SOCIETE PORC MONTAGNE;2013;Eau (indirect);Demande biologique en oxygène (DBO5);180000;kg/an
0006704530;AGRO-LOGIC;2013;Sol;Plomb et composés (exprimés en tant que Pb);137;kg/an
0006704530;AGRO-LOGIC;2013;Sol;Zinc et composés (exprimés en tant que Zn);1190;kg/an
0006802464;SOCIETE PORC MONTAGNE;2013;Eau (indirect);Demande chimique en oxygène (DCO);291000;kg/an
0006704530;AGRO-LOGIC;2013;Sol;Biphényles polychlorés (PCB);0.19;kg/an
0006704781;AUCHAN Hypermarche;2013;Air;Hydrochlorofluorocarbures (HCFC);318;kg/an
0006802467;SOCIETE FROMAGERE DE RODEZ;2013;Eau (indirect);Demande biologique en oxygène (DBO5);368000;kg/an
0006802467;SOCIETE FROMAGERE DE RODEZ;2013;Eau (indirect);Demande chimique en oxygène (DCO);715000;kg/an
0006704883;Syndicat mixte du bassin de l'EHN;2013;Eau (direct);Di(2-éthylhexyle)phtalate (DEHP);2.97;kg/an
0006802468;SOCIETE FROMAGERE DE RODEZ;2013;Air;Hydrochlorofluorocarbures (HCFC);78;kg/an
0006704883;Syndicat mixte du bassin de l'EHN;2013;Eau (direct);Zinc et composés (exprimés en tant que Zn);126;kg/an
0006802468;SOCIETE FROMAGERE DE RODEZ;2013;Eau (indirect);Demande chimique en oxygène (DCO);177000;kg/an
0006802476;VM BUILDING SOLUTIONS;2013;Eau (direct);Cadmium et composés (exprimés en tant que Cd);4.02;kg/an
0006705769;WAGRAM TERMINAL SAS;2013;Eau (direct);Demande chimique en oxygène (DCO);868000;kg/an
0006802476;VM BUILDING SOLUTIONS;2013;Eau (direct);Nickel et composés (exprimés en tant que Ni);53;kg/an
0006802476;VM BUILDING SOLUTIONS;2013;Eau (direct);Zinc et composés (exprimés en tant que Zn);657;kg/an
0006802478;JINJIANG SAM;2013;Air;Hexafluorure de soufre (SF6);372;kg/an
0006802598;LAFARGE CIMENTS;2013;Air;Dioxyde de carbone (CO2) total (d'origine biomasse et non biomasse);377000000;kg/an
0006802505;ARKEMA;2013;Air;Acide cyanhydrique (HCN);3030;kg/an
0006802598;LAFARGE CIMENTS;2013;Air;Dioxyde de carbone (CO2) d'origine biomasse;25500000;kg/an
0006802640;Sage Automotive Interiors France;2013;Air;Tétrachloroéthylène (PER, tétrachloroéthylène);2760;kg/an
0006802505;ARKEMA;2013;Air;Chloroforme (trichlorométhane);1360;kg/an
0006802640;Sage Automotive Interiors France;2013;Eau (indirect);Tétrachloroéthylène (PER, tétrachloroéthylène);152;kg/an
0006802641;Alliance Maestria;2013;Eau (indirect);Zinc et composés (exprimés en tant que Zn);3810;kg/an
0006802505;ARKEMA;2013;Air;Hydrazine;234;kg/an
0006802505;ARKEMA;2013;Air;Dioxyde de carbone (CO2) d'origine non biomasse;47600000;kg/an
0006802653;MELINA SAS;2013;Eau (indirect);Tétrachloroéthylène (PER, tétrachloroéthylène);18;kg/an
0006802505;ARKEMA;2013;Air;Dioxyde de carbone (CO2) total (d'origine biomasse et non biomasse);47600000;kg/an
0006802505;ARKEMA;2013;Eau (direct);Chloroforme (trichlorométhane);1360;kg/an
0006802657;Centrale de Cogénération SETHELEC de Graulhet;2013;Air;Dioxyde de carbone (CO2) d'origine non biomasse;35500000;kg/an
0006802657;Centrale de Cogénération SETHELEC de Graulhet;2013;Air;Dioxyde de carbone (CO2) total (d'origine biomasse et non biomasse);35500000;kg/an
0006802505;ARKEMA;2013;Eau (direct);Cyanures (sous forme de CN total);56;kg/an
0006802726;SUEZ RV ENERGIE;2013;Air;Dioxyde de carbone (CO2) d'origine non biomasse;12400000;kg/an
0006802726;SUEZ RV ENERGIE;2013;Air;Dioxyde de carbone (CO2) total (d'origine biomasse et non biomasse);28600000;kg/an
0006802513;FERROPEM;2013;Air;Cuivre et composés (exprimés en tant que Cu);117;kg/an
0006802726;SUEZ RV ENERGIE;2013;Air;Dioxyde de carbone (CO2) d'origine biomasse;16300000;kg/an
0006802513;FERROPEM;2013;Air;Oxydes de soufre (SOx/SO2);197000;kg/an
0006802760;NXP SEMICONDUCTORS FRANCE SAS;2013;Air;Hydrochlorofluorocarbures (HCFC);5;kg/an
0006802513;FERROPEM;2013;Air;Dioxyde de carbone (CO2) d'origine non biomasse;35700000;kg/an
0006802760;NXP SEMICONDUCTORS FRANCE SAS;2013;Air;Hydroflurocarbures (HFC);183;kg/an
0006802513;FERROPEM;2013;Air;Dioxyde de carbone (CO2) total (d'origine biomasse et non biomasse);35700000;kg/an
0006802518;DAHER Tarbes;2013;Air;Composés organiques volatils non méthaniques (COVNM);33700;kg/an
0006802808;FRUGAM SAS;2013;Eau (indirect);Demande biologique en oxygène (DBO5);133000;kg/an
0006802808;FRUGAM SAS;2013;Eau (indirect);Demande chimique en oxygène (DCO);359000;kg/an
0006802520;SOGEAT;2013;Eau (indirect);Demande biologique en oxygène (DBO5);76600;kg/an
0006802881;SNCF Reseau  EIV Quercy/Corrèze;2013;Air;Composés organiques volatils non méthaniques (COVNM);255000;kg/an
0006802881;SNCF Reseau  EIV Quercy/Corrèze;2013;Air;Hydrocarbures aromatiques polycycliques (HAP);215;kg/an
0006802543;REGIE MUNICIPALE DE L'ABATTOIR DE SAINT GAUDENS;2013;Air;Hydroflurocarbures (HFC);516;kg/an
0006802881;SNCF Reseau  EIV Quercy/Corrèze;2013;Air;Naphthalène;159;kg/an
0006802899;RANGUEIL ENERGIE SERVICES;2013;Air;Dioxyde de carbone (CO2) d'origine non biomasse;17600000;kg/an
0006802543;REGIE MUNICIPALE DE L'ABATTOIR DE SAINT GAUDENS;2013;Eau (indirect);Demande biologique en oxygène (DBO5);78300;kg/an
0006802899;RANGUEIL ENERGIE SERVICES;2013;Air;Dioxyde de carbone (CO2) total (d'origine biomasse et non biomasse);17600000;kg/an
0006802901;COCA-COLA European Partners;2013;Eau (indirect);Demande biologique en oxygène (DBO5);116000;kg/an
0006802543;REGIE MUNICIPALE DE L'ABATTOIR DE SAINT GAUDENS;2013;Eau (indirect);Demande chimique en oxygène (DCO);160000;kg/an
0006802901;COCA-COLA European Partners;2013;Eau (indirect);Demande chimique en oxygène (DCO);261000;kg/an
0006802544;BASF HEALTH AND CARE PRODUCTS FRANCE;2013;Air;Composés organiques volatils non méthaniques (COVNM);121000;kg/an
0006802932;THALES ALENIA SPACE FRANCE;2013;Air;Hydrochlorofluorocarbures (HCFC);7;kg/an
0006802944;ARIANEGROUP (ex HERAKLES);2013;Eau (direct);Dichlorométhane (DCM, chlorure de méthylène);43.5;kg/an
0006802544;BASF HEALTH AND CARE PRODUCTS FRANCE;2013;Air;Dioxyde de carbone (CO2) d'origine non biomasse;25500000;kg/an
0006802544;BASF HEALTH AND CARE PRODUCTS FRANCE;2013;Air;Dioxyde de carbone (CO2) total (d'origine biomasse et non biomasse);25500000;kg/an
0006802548;FIBRE EXCELLENCE SAINT-GAUDENS;2013;Air;Monoxyde de carbone (CO);837000;kg/an
0006802945;FONDERIES DECHAUMONT;2013;Air;Antimoine et composés (exprimés en tant que Sb);16.6;kg/an
0006802548;FIBRE EXCELLENCE SAINT-GAUDENS;2013;Air;Oxydes de soufre (SOx/SO2);445000;kg/an
0006803104;KNAUF SUD;2013;Air;Composés organiques volatils non méthaniques (COVNM);194000;kg/an
0006802548;FIBRE EXCELLENCE SAINT-GAUDENS;2013;Air;Oxydes d'azote (NOx/NO2);636000;kg/an
0006803193;VIVANAT SA;2013;Sol;Cuivre et composés (exprimés en tant que Cu);260;kg/an
0006803193;VIVANAT SA;2013;Sol;Phosphore total;14700;kg/an
0006802548;FIBRE EXCELLENCE SAINT-GAUDENS;2013;Air;Protoxyde d'azote (N2O);22100;kg/an
0006803193;VIVANAT SA;2013;Sol;Plomb et composés (exprimés en tant que Pb);50;kg/an
0006803193;VIVANAT SA;2013;Sol;Zinc et composés (exprimés en tant que Zn);522;kg/an
0006802548;FIBRE EXCELLENCE SAINT-GAUDENS;2013;Air;Sulfure d'hydrogène (H2S);5440;kg/an
0006802548;FIBRE EXCELLENCE SAINT-GAUDENS;2013;Air;Zinc et composés (exprimés en tant que Zn);245;kg/an
0006803194;PROLAINAT SA;2013;Air;Hydrochlorofluorocarbures (HCFC);100;kg/an
0006802548;FIBRE EXCELLENCE SAINT-GAUDENS;2013;Air;Dioxyde de carbone (CO2) d'origine non biomasse;35600000;kg/an
0006803426;SIDENERGIE SA;2013;Air;Dioxyde de carbone (CO2) total (d'origine biomasse et non biomasse);11800000;kg/an
0006802548;FIBRE EXCELLENCE SAINT-GAUDENS;2013;Air;Dioxyde de carbone (CO2) total (d'origine biomasse et non biomasse);812000000;kg/an
0006803426;SIDENERGIE SA;2013;Air;Dioxyde de carbone (CO2) d'origine biomasse;11800000;kg/an
0006802548;FIBRE EXCELLENCE SAINT-GAUDENS;2013;Air;Dioxyde de carbone (CO2) d'origine biomasse;777000000;kg/an
0006803634;RAYNAL ET ROQUELAURE;2013;Air;Hydroflurocarbures (HFC);393;kg/an
0006802548;FIBRE EXCELLENCE SAINT-GAUDENS;2013;Eau (direct);Composés organohalogénés (exprimés en tant que AOX);39700;kg/an
0006803634;RAYNAL ET ROQUELAURE;2013;Eau (indirect);Demande biologique en oxygène (DBO5);70200;kg/an
0006802548;FIBRE EXCELLENCE SAINT-GAUDENS;2013;Eau (direct);Demande biologique en oxygène (DBO5);293000;kg/an
0006803638;TANNERIE ARNAL;2013;Eau (indirect);Chrome et composés (exprimés en tant que Cr);128;kg/an
0006802548;FIBRE EXCELLENCE SAINT-GAUDENS;2013;Eau (direct);Demande chimique en oxygène (DCO);5160000;kg/an
0006802548;FIBRE EXCELLENCE SAINT-GAUDENS;2013;Eau (direct);Matières en suspension (MES);555000;kg/an
0006802548;FIBRE EXCELLENCE SAINT-GAUDENS;2013;Eau (direct);Phénols (en tant que C total);2240;kg/an
0006803676;REGIE DES ABATTOIRS;2013;Air;Hydrochlorofluorocarbures (HCFC);297;kg/an
0006803676;REGIE DES ABATTOIRS;2013;Eau (indirect);Demande biologique en oxygène (DBO5);174000;kg/an
0006802548;FIBRE EXCELLENCE SAINT-GAUDENS;2013;Sol;Cadmium et composés (exprimés en tant que Cd);68.6;kg/an
0006803676;REGIE DES ABATTOIRS;2013;Eau (indirect);Demande chimique en oxygène (DCO);275000;kg/an
0006802548;FIBRE EXCELLENCE SAINT-GAUDENS;2013;Sol;Chrome et composés (exprimés en tant que Cr);390;kg/an
0006803678;SOCIETE FROMAGERE DE SAINT GEORGES;2013;Eau (indirect);Demande chimique en oxygène (DCO);210000;kg/an
0006802548;FIBRE EXCELLENCE SAINT-GAUDENS;2013;Sol;Cuivre et composés (exprimés en tant que Cu);899;kg/an
0006802548;FIBRE EXCELLENCE SAINT-GAUDENS;2013;Sol;Mercure et composés (exprimés en tant que Hg);2.8;kg/an
0006803698;SOVAMEP;2013;Air;Chrome et composés (exprimés en tant que Cr);163;kg/an
0006802548;FIBRE EXCELLENCE SAINT-GAUDENS;2013;Sol;Nickel et composés (exprimés en tant que Ni);601;kg/an
0006803698;SOVAMEP;2013;Air;Nickel et composés (exprimés en tant que Ni);201;kg/an
0006802548;FIBRE EXCELLENCE SAINT-GAUDENS;2013;Sol;Plomb et composés (exprimés en tant que Pb);465;kg/an
0006802548;FIBRE EXCELLENCE SAINT-GAUDENS;2013;Sol;Zinc et composés (exprimés en tant que Zn);5300;kg/an
0006803824;EUROSERUM;2013;Eau (indirect);Demande biologique en oxygène (DBO5);218000;kg/an
0006802560;ECONOTRE;2013;Air;Dioxyde de carbone (CO2) d'origine non biomasse;65200000;kg/an
0006803824;EUROSERUM;2013;Eau (indirect);Demande chimique en oxygène (DCO);441000;kg/an
0006802560;ECONOTRE;2013;Air;Dioxyde de carbone (CO2) total (d'origine biomasse et non biomasse);151000000;kg/an
0006803836;EDILIANS (ex imerys Tuilerie Leguevin);2013;Air;Cuivre et composés (exprimés en tant que Cu);107;kg/an
0006803836;EDILIANS (ex imerys Tuilerie Leguevin);2013;Air;Nickel et composés (exprimés en tant que Ni);85;kg/an
0006803960;SAS CODEVIA ABATTOIR;2013;Eau (indirect);Demande biologique en oxygène (DBO5);53000;kg/an
0006802560;ECONOTRE;2013;Air;Dioxyde de carbone (CO2) d'origine biomasse;86000000;kg/an
0006803963;SA COVED;2013;Air;Méthane (CH4);138000;kg/an
0006802598;LAFARGE CIMENTS;2013;Air;Ammoniac (NH3);33300;kg/an
0006804076;SOCLI;2013;Air;Dioxyde de carbone (CO2) d'origine non biomasse;29000000;kg/an
0006804076;SOCLI;2013;Air;Dioxyde de carbone (CO2) total (d'origine biomasse et non biomasse);29000000;kg/an
0006802598;LAFARGE CIMENTS;2013;Air;Benzène;1720;kg/an
0006802598;LAFARGE CIMENTS;2013;Air;Naphthalène;113;kg/an
0006802598;LAFARGE CIMENTS;2013;Air;Oxydes de soufre (SOx/SO2);217000;kg/an
0006804098;SOULIE RESTAURATION SA;2013;Eau (indirect);Demande biologique en oxygène (DBO5);43700;kg/an
0006802598;LAFARGE CIMENTS;2013;Air;Oxydes d'azote (NOx/NO2);851000;kg/an
0006804179;NUTRITION & SANTE;2013;Eau (indirect);Demande biologique en oxygène (DBO5);91700;kg/an
0006802598;LAFARGE CIMENTS;2013;Air;Dioxyde de carbone (CO2) d'origine non biomasse;352000000;kg/an
0006804179;NUTRITION & SANTE;2013;Eau (indirect);Demande chimique en oxygène (DCO);189000;kg/an
0007000445;DSM Food Specialties;2013;Eau (indirect);Phosphore total;44900;kg/an
0006804213;Cogénération ARKEMA;2013;Air;Dioxyde de carbone (CO2) d'origine non biomasse;26800000;kg/an
0006804213;Cogénération ARKEMA;2013;Air;Dioxyde de carbone (CO2) total (d'origine biomasse et non biomasse);26800000;kg/an
0006804237;REGIE MUNICIPALE DES EAUX (STEP);2013;Eau (direct);Chrome et composés (exprimés en tant que Cr);161;kg/an
0006804265;SAS COVED;2013;Air;Méthane (CH4);310000;kg/an
0007000461;SUEZ RV NORD EST - ISDND Lewarde;2013;Air;Méthane (CH4);974000;kg/an
0006804445;DRIMM;2013;Air;Méthane (CH4);1560000;kg/an
0007000461;SUEZ RV NORD EST - ISDND Lewarde;2013;Air;Dioxyde de carbone (CO2) total (d'origine biomasse et non biomasse);14300000;kg/an
0006804665;SIVOM STGAUDENS MONTREJEAU ASPET MAGNOAC;2013;Air;Méthane (CH4);437000;kg/an
0007000461;SUEZ RV NORD EST - ISDND Lewarde;2013;Air;Dioxyde de carbone (CO2) d'origine biomasse;14300000;kg/an
0006804665;SIVOM STGAUDENS MONTREJEAU ASPET MAGNOAC;2013;Eau (indirect);Phénols (en tant que C total);37.2;kg/an
0007000463;SUEZ RV NORD EST - ISDND Hersin-Coupigny;2013;Air;Méthane (CH4);2590000;kg/an
0006804704;Communauté d'agglomération l'Albigeois;2013;Air;Méthane (CH4);662000;kg/an
0007000463;SUEZ RV NORD EST - ISDND Hersin-Coupigny;2013;Air;Dioxyde de carbone (CO2) total (d'origine biomasse et non biomasse);55800000;kg/an
0006804813;SMPEPTDG TRIGONE;2013;Air;Méthane (CH4);120000;kg/an
0007000463;SUEZ RV NORD EST - ISDND Hersin-Coupigny;2013;Air;Dioxyde de carbone (CO2) d'origine biomasse;55800000;kg/an
0007000473;BRIDGESTONE/FIRESTONE FRANCE SA;2013;Air;Composés organiques volatils non méthaniques (COVNM);100000;kg/an
0007000481;HSWT;2013;Air;Dioxyde de carbone (CO2) d'origine non biomasse;21800000;kg/an
0006804835;SOVAL Benac;2013;Air;Méthane (CH4);1240000;kg/an
0006804835;SOVAL Benac;2013;Air;Dioxyde de carbone (CO2) total (d'origine biomasse et non biomasse);13000000;kg/an
0007000481;HSWT;2013;Air;Dioxyde de carbone (CO2) total (d'origine biomasse et non biomasse);21800000;kg/an
0006804835;SOVAL Benac;2013;Air;Dioxyde de carbone (CO2) d'origine biomasse;13000000;kg/an
0006805963;TERREAL COLOMIERS;2013;Air;Dioxyde de carbone (CO2) d'origine non biomasse;31400000;kg/an
0007000482;CANDIA;2013;Eau (indirect);Demande biologique en oxygène (DBO5);362000;kg/an
0006805963;TERREAL COLOMIERS;2013;Air;Dioxyde de carbone (CO2) total (d'origine biomasse et non biomasse);31400000;kg/an
0007000482;CANDIA;2013;Eau (indirect);Demande chimique en oxygène (DCO);567000;kg/an
0006806319;Auchan Toulouse;2013;Air;Hydroflurocarbures (HFC);880;kg/an
0006806388;Syndicat Mixte Trifyl;2013;Air;Méthane (CH4);500000;kg/an
0007000482;CANDIA;2013;Eau (indirect);Phosphore total;8640;kg/an
0006806388;Syndicat Mixte Trifyl;2013;Air;Dioxyde de carbone (CO2) total (d'origine biomasse et non biomasse);13700000;kg/an
0006806388;Syndicat Mixte Trifyl;2013;Air;Dioxyde de carbone (CO2) d'origine biomasse;13700000;kg/an
0007000483;ARKEMA FRANCE;2013;Air;Ammoniac (NH3);18700;kg/an
0006806388;Syndicat Mixte Trifyl;2013;Eau (indirect);Carbone organique total (en tant que C total ou DCO/3);81900;kg/an
0006806388;Syndicat Mixte Trifyl;2013;Eau (indirect);Demande biologique en oxygène (DBO5);145000;kg/an
0007000483;ARKEMA FRANCE;2013;Air;Chlorométhane (chlorure de méthyle);51500;kg/an
0006806388;Syndicat Mixte Trifyl;2013;Eau (indirect);Demande chimique en oxygène (DCO);330000;kg/an
0006806388;Syndicat Mixte Trifyl;2013;Eau (indirect);Phénols (en tant que C total);135;kg/an
0007000483;ARKEMA FRANCE;2013;Air;Composés organiques volatils non méthaniques (COVNM);92300;kg/an
0007000483;ARKEMA FRANCE;2013;Air;Dioxyde de carbone (CO2) d'origine non biomasse;21000000;kg/an
0006806581;KNAUF INSULATION LANNEMEZAN SAS;2013;Air;Acétaldéhyde (aldéhyde acétique  éthanal);19000;kg/an
0007000483;ARKEMA FRANCE;2013;Air;Dioxyde de carbone (CO2) total (d'origine biomasse et non biomasse);21000000;kg/an
0006806581;KNAUF INSULATION LANNEMEZAN SAS;2013;Air;Aldéhyde formique (formaldéhyde);13800;kg/an
0006806581;KNAUF INSULATION LANNEMEZAN SAS;2013;Air;Ammoniac (NH3);117000;kg/an
0007000487;ACG INDUSTRIE;2013;Air;Composés organiques volatils non méthaniques (COVNM);139000;kg/an
0006806581;KNAUF INSULATION LANNEMEZAN SAS;2013;Air;Composés organiques volatils non méthaniques (COVNM);40400;kg/an
0006806581;KNAUF INSULATION LANNEMEZAN SAS;2013;Air;Dioxyde de carbone (CO2) d'origine non biomasse;28000000;kg/an
0006806581;KNAUF INSULATION LANNEMEZAN SAS;2013;Air;Dioxyde de carbone (CO2) total (d'origine biomasse et non biomasse);28000000;kg/an
0007000489;NORPAPER AVOT-VALLEE SAS;2013;Air;Dioxyde de carbone (CO2) d'origine non biomasse;19200000;kg/an
0006807619;SYDOM AVEYRON;2013;Air;Méthane (CH4);122000;kg/an
0006807619;SYDOM AVEYRON;2013;Eau (indirect);Arsenic et composés (exprimés en tant que As);5.44;kg/an
0007000489;NORPAPER AVOT-VALLEE SAS;2013;Air;Dioxyde de carbone (CO2) total (d'origine biomasse et non biomasse);19200000;kg/an
0007000489;NORPAPER AVOT-VALLEE SAS;2013;Eau (direct);Cadmium et composés (exprimés en tant que Cd);1.45;kg/an
0007000489;NORPAPER AVOT-VALLEE SAS;2013;Sol;Cuivre et composés (exprimés en tant que Cu);395;kg/an
0007000489;NORPAPER AVOT-VALLEE SAS;2013;Sol;Fer et composés (exprimés en tant que Fe);3700;kg/an
0006807823;SYDED DU LOT;2013;Air;Méthane (CH4);196000;kg/an
0007000489;NORPAPER AVOT-VALLEE SAS;2013;Sol;Nickel et composés (exprimés en tant que Ni);20.4;kg/an
0006808355;Unité de compostage des boue (ASTEO);2013;Air;Ammoniac (NH3);31100;kg/an
0007000489;NORPAPER AVOT-VALLEE SAS;2013;Sol;Plomb et composés (exprimés en tant que Pb);32.4;kg/an
0006809361;FRIGOPOLIS;2013;Air;Chlorofluorocarbures (CFC);44;kg/an
0007000489;NORPAPER AVOT-VALLEE SAS;2013;Sol;Zinc et composés (exprimés en tant que Zn);217;kg/an
0007000489;NORPAPER AVOT-VALLEE SAS;2013;Sol;Biphényles polychlorés (PCB);0.46;kg/an
0006809533;Soleval France;2013;Air;Dioxines et furanes (PCDD + PCDF) (exprimés en iTeq);0.00036;kg/an
0007000490;RDM BLENDECQUES SAS;2013;Air;Dioxyde de carbone (CO2) d'origine non biomasse;44100000;kg/an
0006900013;EDF SEI;2013;Air;Cobalt et composés (exprimés en tant que Co);7.87;kg/an
0006900013;EDF SEI;2013;Air;Nickel et composés (exprimés en tant que Ni);393;kg/an
0006900013;EDF SEI;2013;Air;Oxydes de soufre (SOx/SO2);920000;kg/an
0007000490;RDM BLENDECQUES SAS;2013;Air;Dioxyde de carbone (CO2) total (d'origine biomasse et non biomasse);44100000;kg/an
0006900013;EDF SEI;2013;Air;Oxydes d'azote (NOx/NO2);2900000;kg/an
0006900013;EDF SEI;2013;Air;Vanadium et ses composés;193;kg/an
0006900013;EDF SEI;2013;Air;Dioxyde de carbone (CO2) d'origine non biomasse;266000000;kg/an
0006900013;EDF SEI;2013;Air;Dioxyde de carbone (CO2) total (d'origine biomasse et non biomasse);266000000;kg/an
0007000490;RDM BLENDECQUES SAS;2013;Sol;Chrome et composés (exprimés en tant que Cr);83.6;kg/an
0006900014;EDF SEI;2013;Air;Dioxyde de carbone (CO2) d'origine non biomasse;17100000;kg/an
0007000490;RDM BLENDECQUES SAS;2013;Sol;Cuivre et composés (exprimés en tant que Cu);488;kg/an
0006900014;EDF SEI;2013;Air;Dioxyde de carbone (CO2) total (d'origine biomasse et non biomasse);17100000;kg/an
0007000490;RDM BLENDECQUES SAS;2013;Sol;Nickel et composés (exprimés en tant que Ni);33.8;kg/an
0007000490;RDM BLENDECQUES SAS;2013;Sol;Plomb et composés (exprimés en tant que Pb);132;kg/an
0006900025;ARIANESPACE-KOUROU/ELA;2013;Air;Hydrochlorofluorocarbures (HCFC);533;kg/an
0006900025;ARIANESPACE-KOUROU/ELA;2013;Air;Hydroflurocarbures (HFC);317;kg/an
0007000490;RDM BLENDECQUES SAS;2013;Sol;Zinc et composés (exprimés en tant que Zn);463;kg/an
0007000490;RDM BLENDECQUES SAS;2013;Sol;Biphényles polychlorés (PCB);0.6;kg/an
0006900028;REGULUS SA UPG;2013;Air;Chlore et composés inorganiques (en tant que HCl);52900;kg/an
0007000492;Cartonneries de Gondardenne;2013;Air;Dioxyde de carbone (CO2) d'origine non biomasse;67800000;kg/an
0006900028;REGULUS SA UPG;2013;Air;Hydrochlorofluorocarbures (HCFC);21.8;kg/an
0007000492;Cartonneries de Gondardenne;2013;Air;Dioxyde de carbone (CO2) total (d'origine biomasse et non biomasse);67800000;kg/an
0007000504;EDF Direction Production Ingénierie -;2013;Air;Antimoine et composés (exprimés en tant que Sb);20.9;kg/an
0006900030;CNES CSG - EPCU S5(prépa charges utiles);2013;Air;Hydroflurocarbures (HFC);250;kg/an
0007000504;EDF Direction Production Ingénierie -;2013;Air;Arsenic et composés (exprimés en tant que As);80.1;kg/an
0006900224;SARL A GOVINDIN;2013;Air;Dioxyde de carbone (CO2) total (d'origine biomasse et non biomasse);17200000;kg/an
0007000504;EDF Direction Production Ingénierie -;2013;Air;Chlore et composés inorganiques (en tant que HCl);185000;kg/an
0006900224;SARL A GOVINDIN;2013;Air;Dioxyde de carbone (CO2) d'origine biomasse;17200000;kg/an
0006900399;ALBIOMA CARAÏBES;2013;Air;Oxydes de soufre (SOx/SO2);998000;kg/an
0007000504;EDF Direction Production Ingénierie -;2013;Air;Cobalt et composés (exprimés en tant que Co);23.4;kg/an
0006900399;ALBIOMA CARAÏBES;2013;Air;Oxydes d'azote (NOx/NO2);432000;kg/an
0006900399;ALBIOMA CARAÏBES;2013;Air;Dioxyde de carbone (CO2) d'origine non biomasse;243000000;kg/an
0007000504;EDF Direction Production Ingénierie -;2013;Air;Cuivre et composés (exprimés en tant que Cu);108;kg/an
0006900399;ALBIOMA CARAÏBES;2013;Air;Dioxyde de carbone (CO2) total (d'origine biomasse et non biomasse);243000000;kg/an
0006900399;ALBIOMA CARAÏBES;2013;Eau (direct);Cadmium et composés (exprimés en tant que Cd);1.36;kg/an
0007000504;EDF Direction Production Ingénierie -;2013;Air;Fluor et composés inorganiques (en tant que HF);22800;kg/an
0006900399;ALBIOMA CARAÏBES;2013;Eau (direct);Mercure et composés (exprimés en tant que Hg);2.69;kg/an
0007000504;EDF Direction Production Ingénierie -;2013;Air;Manganèse et composés (exprimés en tant que Mn);681;kg/an
0006900568;EDF PEI Bf2;2013;Air;Cobalt et composés (exprimés en tant que Co);19.4;kg/an
0006900568;EDF PEI Bf2;2013;Air;Nickel et composés (exprimés en tant que Ni);129;kg/an
0007000504;EDF Direction Production Ingénierie -;2013;Air;Mercure et composés (exprimés en tant que Hg);14.3;kg/an
0006900568;EDF PEI Bf2;2013;Air;Oxydes de soufre (SOx/SO2);206000;kg/an
0006900568;EDF PEI Bf2;2013;Air;Vanadium et ses composés;63.3;kg/an
0007000504;EDF Direction Production Ingénierie -;2013;Air;Nickel et composés (exprimés en tant que Ni);142;kg/an
0006900568;EDF PEI Bf2;2013;Air;Dioxyde de carbone (CO2) d'origine non biomasse;49600000;kg/an
0006900568;EDF PEI Bf2;2013;Air;Dioxyde de carbone (CO2) total (d'origine biomasse et non biomasse);49600000;kg/an
0007000504;EDF Direction Production Ingénierie -;2013;Air;Oxydes de soufre (SOx/SO2);2280000;kg/an
0007000504;EDF Direction Production Ingénierie -;2013;Air;Oxydes d'azote (NOx/NO2);1970000;kg/an
0007000190;EQIOM;2013;Air;Oxydes d'azote (NOx/NO2);181000;kg/an
0007000190;EQIOM;2013;Air;Dioxyde de carbone (CO2) d'origine non biomasse;101000000;kg/an
0007000504;EDF Direction Production Ingénierie -;2013;Air;Particules (PM10);373000;kg/an
0007000190;EQIOM;2013;Air;Dioxyde de carbone (CO2) total (d'origine biomasse et non biomasse);101000000;kg/an
0007000504;EDF Direction Production Ingénierie -;2013;Air;Poussières totales;466000;kg/an
0007000436;HEINEKEN ENTREPRISE;2013;Eau (indirect);Demande biologique en oxygène (DBO5);162000;kg/an
0007000504;EDF Direction Production Ingénierie -;2013;Air;Zinc et composés (exprimés en tant que Zn);231;kg/an
0007000436;HEINEKEN ENTREPRISE;2013;Eau (indirect);Demande chimique en oxygène (DCO);393000;kg/an
0007000436;HEINEKEN ENTREPRISE;2013;Eau (indirect);Phosphore total;6790;kg/an
0007000504;EDF Direction Production Ingénierie -;2013;Air;Vanadium et ses composés;199;kg/an
0007000436;HEINEKEN ENTREPRISE;2013;Eau (indirect);Zinc et composés (exprimés en tant que Zn);272;kg/an
0007000504;EDF Direction Production Ingénierie -;2013;Air;Thallium et ses composés (exprimés en tant que Tl);72.4;kg/an
0007000438;DILLINGER (ex GTS INDUSTRIES);2013;Air;Dioxyde de carbone (CO2) d'origine non biomasse;69100000;kg/an
0007000504;EDF Direction Production Ingénierie -;2013;Air;Dioxyde de carbone (CO2) d'origine non biomasse;652000000;kg/an
0007000438;DILLINGER (ex GTS INDUSTRIES);2013;Air;Dioxyde de carbone (CO2) total (d'origine biomasse et non biomasse);69100000;kg/an
0007000504;EDF Direction Production Ingénierie -;2013;Air;Dioxyde de carbone (CO2) total (d'origine biomasse et non biomasse);652000000;kg/an
0007000508;COMILOG ex Dunkerque Electrométallurgie;2013;Air;Cobalt et composés (exprimés en tant que Co);13.1;kg/an
0007000445;DSM Food Specialties;2013;Eau (indirect);Demande chimique en oxygène (DCO);268000;kg/an
0007000508;COMILOG ex Dunkerque Electrométallurgie;2013;Air;Manganèse et composés (exprimés en tant que Mn);2330;kg/an
0007000508;COMILOG ex Dunkerque Electrométallurgie;2013;Air;Mercure et composés (exprimés en tant que Hg);27.6;kg/an
0007000508;COMILOG ex Dunkerque Electrométallurgie;2013;Air;Zinc et composés (exprimés en tant que Zn);325;kg/an
0007000508;COMILOG ex Dunkerque Electrométallurgie;2013;Air;Thallium et ses composés (exprimés en tant que Tl);25.6;kg/an
0007000508;COMILOG ex Dunkerque Electrométallurgie;2013;Air;Dioxyde de carbone (CO2) d'origine non biomasse;92100000;kg/an
0007000632;VTFR Tuberie (ex V&M France - TUBERIE);2013;Air;Chrome et composés (exprimés en tant que Cr);1070;kg/an
0007000508;COMILOG ex Dunkerque Electrométallurgie;2013;Air;Dioxyde de carbone (CO2) total (d'origine biomasse et non biomasse);92100000;kg/an
0007000632;VTFR Tuberie (ex V&M France - TUBERIE);2013;Air;Cuivre et composés (exprimés en tant que Cu);122;kg/an
0007000632;VTFR Tuberie (ex V&M France - TUBERIE);2013;Air;Manganèse et composés (exprimés en tant que Mn);243;kg/an
0007000516;DOUAISIENNE D'ABATTAGE;2013;Eau (indirect);Demande biologique en oxygène (DBO5);50600;kg/an
0007000632;VTFR Tuberie (ex V&M France - TUBERIE);2013;Air;Nickel et composés (exprimés en tant que Ni);172;kg/an
0007000632;VTFR Tuberie (ex V&M France - TUBERIE);2013;Air;Dioxyde de carbone (CO2) d'origine non biomasse;44300000;kg/an
0007000632;VTFR Tuberie (ex V&M France - TUBERIE);2013;Air;Dioxyde de carbone (CO2) total (d'origine biomasse et non biomasse);44300000;kg/an
0007000519;3M FRANCE;2013;Air;Composés organiques volatils non méthaniques (COVNM);30100;kg/an
0007000633;VTFR Tuberie d'Aulnoye;2013;Air;Dioxyde de carbone (CO2) d'origine non biomasse;20800000;kg/an
0007000633;VTFR Tuberie d'Aulnoye;2013;Air;Dioxyde de carbone (CO2) total (d'origine biomasse et non biomasse);20800000;kg/an
0007000633;VTFR Tuberie d'Aulnoye;2013;Eau (direct);Cadmium et composés (exprimés en tant que Cd);14;kg/an
0007000633;VTFR Tuberie d'Aulnoye;2013;Eau (direct);Nickel et composés (exprimés en tant que Ni);27;kg/an
0007000519;3M FRANCE;2013;Air;Hydrochlorofluorocarbures (HCFC);14;kg/an
0007000635;BEFESA  VALERA SAS;2013;Air;Mercure et composés (exprimés en tant que Hg);16.1;kg/an
0007000523;EXIDE TECHNOLOGIES SAS;2013;Eau (indirect);Plomb et composés (exprimés en tant que Pb);61;kg/an
0007000635;BEFESA  VALERA SAS;2013;Air;Dioxyde de carbone (CO2) d'origine non biomasse;37900000;kg/an
0007000635;BEFESA  VALERA SAS;2013;Air;Dioxyde de carbone (CO2) total (d'origine biomasse et non biomasse);37900000;kg/an
0007000534;SYNTHEXIM (Site Calaire);2013;Air;Dioxyde de carbone (CO2) d'origine non biomasse;20600000;kg/an
0007000636;VALEO Equipements Electriques Moteur;2013;Air;Composés organiques volatils non méthaniques (COVNM);120000;kg/an
0007000646;BONDUELLE EUROPE LONG LIFE (BELL) ex BCI;2013;Air;Dioxyde de carbone (CO2) d'origine non biomasse;12900000;kg/an
0007000534;SYNTHEXIM (Site Calaire);2013;Air;Dioxyde de carbone (CO2) total (d'origine biomasse et non biomasse);20600000;kg/an
0007000646;BONDUELLE EUROPE LONG LIFE (BELL) ex BCI;2013;Air;Dioxyde de carbone (CO2) total (d'origine biomasse et non biomasse);12900000;kg/an
0007000648;ETABLISSEMENTS BOCAHUT SAS.;2013;Air;Dioxyde de carbone (CO2) d'origine non biomasse;116000000;kg/an
0007000534;SYNTHEXIM (Site Calaire);2013;Eau (indirect);1,2-dichloroéthane (DCE - chlorure d'éthylène);33.3;kg/an
0007000648;ETABLISSEMENTS BOCAHUT SAS.;2013;Air;Dioxyde de carbone (CO2) total (d'origine biomasse et non biomasse);116000000;kg/an
0007000534;SYNTHEXIM (Site Calaire);2013;Eau (indirect);Arsenic et composés (exprimés en tant que As);7.05;kg/an
0007000656;Sucrerie de BOIRY;2013;Air;Dioxyde de carbone (CO2) d'origine non biomasse;76100000;kg/an
0007000534;SYNTHEXIM (Site Calaire);2013;Eau (indirect);Cadmium et composés (exprimés en tant que Cd);3.52;kg/an
0007000656;Sucrerie de BOIRY;2013;Air;Dioxyde de carbone (CO2) total (d'origine biomasse et non biomasse);76100000;kg/an
0007000534;SYNTHEXIM (Site Calaire);2013;Eau (indirect);Carbone organique total (en tant que C total ou DCO/3);104000;kg/an
0007000658;TEREOS France;2013;Air;Oxydes de soufre (SOx/SO2);542000;kg/an
0007000658;TEREOS France;2013;Air;Oxydes d'azote (NOx/NO2);217000;kg/an
0007000534;SYNTHEXIM (Site Calaire);2013;Eau (indirect);Composés organohalogénés (exprimés en tant que AOX);2000;kg/an
0007000658;TEREOS France;2013;Air;Protoxyde d'azote (N2O);34000;kg/an
0007000658;TEREOS France;2013;Air;Dioxyde de carbone (CO2) d'origine non biomasse;115000000;kg/an
0007000534;SYNTHEXIM (Site Calaire);2013;Eau (indirect);Demande biologique en oxygène (DBO5);111000;kg/an
0007000658;TEREOS France;2013;Air;Dioxyde de carbone (CO2) total (d'origine biomasse et non biomasse);115000000;kg/an
0007000661;MC CAIN ALIMENTAIRE;2013;Air;Dioxyde de carbone (CO2) d'origine non biomasse;22700000;kg/an
0007000534;SYNTHEXIM (Site Calaire);2013;Eau (indirect);Demande chimique en oxygène (DCO);367000;kg/an
0007000661;MC CAIN ALIMENTAIRE;2013;Air;Dioxyde de carbone (CO2) total (d'origine biomasse et non biomasse);22700000;kg/an
0007000661;MC CAIN ALIMENTAIRE;2013;Sol;Cuivre et composés (exprimés en tant que Cu);86.1;kg/an
0007000534;SYNTHEXIM (Site Calaire);2013;Eau (indirect);Zinc et composés (exprimés en tant que Zn);128;kg/an
0007000661;MC CAIN ALIMENTAIRE;2013;Sol;Nickel et composés (exprimés en tant que Ni);35.9;kg/an
0007000661;MC CAIN ALIMENTAIRE;2013;Sol;Zinc et composés (exprimés en tant que Zn);453;kg/an
0007000535;Nexans  France - atelier coulée;2013;Air;Composés organiques volatils non méthaniques (COVNM);175000;kg/an
0007000535;Nexans  France - atelier coulée;2013;Air;Cuivre et composés (exprimés en tant que Cu);142;kg/an
0007000535;Nexans  France - atelier coulée;2013;Eau (direct);Cuivre et composés (exprimés en tant que Cu);75;kg/an
0007000662;BAUDELET HOLDING;2013;Air;Méthane (CH4);1690000;kg/an
0007000662;BAUDELET HOLDING;2013;Air;Dioxyde de carbone (CO2) total (d'origine biomasse et non biomasse);18900000;kg/an
0007000540;BLEDINA;2013;Air;Dioxyde de carbone (CO2) d'origine non biomasse;13300000;kg/an
0007000662;BAUDELET HOLDING;2013;Air;Dioxyde de carbone (CO2) d'origine biomasse;18900000;kg/an
0007000540;BLEDINA;2013;Air;Dioxyde de carbone (CO2) total (d'origine biomasse et non biomasse);13300000;kg/an
0007000554;CVE de Maubeuge;2013;Air;Dioxyde de carbone (CO2) d'origine non biomasse;30900000;kg/an
0007000663;UNIPER FRANCE POWER SAS ex-EON ex-SNET;2013;Air;Fluor et composés inorganiques (en tant que HF);9530;kg/an
0007000663;UNIPER FRANCE POWER SAS ex-EON ex-SNET;2013;Air;Oxydes de soufre (SOx/SO2);330000;kg/an
0007000554;CVE de Maubeuge;2013;Air;Dioxyde de carbone (CO2) total (d'origine biomasse et non biomasse);71500000;kg/an
0007000663;UNIPER FRANCE POWER SAS ex-EON ex-SNET;2013;Air;Oxydes d'azote (NOx/NO2);187000;kg/an
0007000663;UNIPER FRANCE POWER SAS ex-EON ex-SNET;2013;Air;Particules (PM10);56700;kg/an
0007000554;CVE de Maubeuge;2013;Air;Dioxyde de carbone (CO2) d'origine biomasse;40600000;kg/an
0007000663;UNIPER FRANCE POWER SAS ex-EON ex-SNET;2013;Air;Dioxyde de carbone (CO2) d'origine non biomasse;78000000;kg/an
0007000663;UNIPER FRANCE POWER SAS ex-EON ex-SNET;2013;Air;Dioxyde de carbone (CO2) total (d'origine biomasse et non biomasse);78000000;kg/an
0007000574;R-Energies Chaufferie de L'Alma;2013;Air;Dioxyde de carbone (CO2) total (d'origine biomasse et non biomasse);35100000;kg/an
0007000574;R-Energies Chaufferie de L'Alma;2013;Air;Dioxyde de carbone (CO2) d'origine biomasse;35100000;kg/an
0007000669;AUCHAN FRANCE;2013;Air;Hydroflurocarbures (HFC);340;kg/an
0007000670;AGLAFORM;2013;Eau (direct);Chrome et composés (exprimés en tant que Cr);204;kg/an
0007000581;ASTRAZENECA DUNKERQUE PRODUCTION;2013;Air;Hydroflurocarbures (HFC);9890;kg/an
0007000670;AGLAFORM;2013;Eau (direct);Nonylphénols et éthoxylates de nonylphénol (NP/NPE);55.4;kg/an
0007000670;AGLAFORM;2013;Eau (direct);Zinc et composés (exprimés en tant que Zn);152;kg/an
0007000582;BRASSERIE DE SAINT-OMER;2013;Eau (indirect);Phosphore total;5390;kg/an
0007000588;Société de la Raffinerie de Dunkerque;2013;Air;Ammoniac (NH3);41400;kg/an
0007000673;ASCOMETAL LES DUNES;2013;Air;Chrome et composés (exprimés en tant que Cr);151;kg/an
0007000673;ASCOMETAL LES DUNES;2013;Air;Manganèse et composés (exprimés en tant que Mn);450;kg/an
0007000588;Société de la Raffinerie de Dunkerque;2013;Air;Composés organiques volatils non méthaniques (COVNM);78000;kg/an
0007000673;ASCOMETAL LES DUNES;2013;Air;Plomb et composés (exprimés en tant que Pb);412;kg/an
0007000673;ASCOMETAL LES DUNES;2013;Air;Zinc et composés (exprimés en tant que Zn);2750;kg/an
0007000588;Société de la Raffinerie de Dunkerque;2013;Air;Oxydes de soufre (SOx/SO2);1330000;kg/an
0007000673;ASCOMETAL LES DUNES;2013;Air;Dioxyde de carbone (CO2) d'origine non biomasse;66600000;kg/an
0007000673;ASCOMETAL LES DUNES;2013;Air;Dioxyde de carbone (CO2) total (d'origine biomasse et non biomasse);66600000;kg/an
0007000588;Société de la Raffinerie de Dunkerque;2013;Air;Oxydes d'azote (NOx/NO2);266000;kg/an
0007000673;ASCOMETAL LES DUNES;2013;Eau (direct);Cuivre et composés (exprimés en tant que Cu);58.6;kg/an
0007000673;ASCOMETAL LES DUNES;2013;Eau (direct);Fer et composés (exprimés en tant que Fe);5370;kg/an
0007000588;Société de la Raffinerie de Dunkerque;2013;Air;Dioxyde de carbone (CO2) d'origine non biomasse;598000000;kg/an
0007000673;ASCOMETAL LES DUNES;2013;Eau (direct);Manganèse et composés (exprimés en tant que Mn);690;kg/an
0007000673;ASCOMETAL LES DUNES;2013;Eau (direct);Nickel et composés (exprimés en tant que Ni);243;kg/an
0007000673;ASCOMETAL LES DUNES;2013;Eau (direct);Plomb et composés (exprimés en tant que Pb);34.4;kg/an
0007000673;ASCOMETAL LES DUNES;2013;Eau (direct);Zinc et composés (exprimés en tant que Zn);511;kg/an
0007000588;Société de la Raffinerie de Dunkerque;2013;Air;Dioxyde de carbone (CO2) total (d'origine biomasse et non biomasse);598000000;kg/an
0007000588;Société de la Raffinerie de Dunkerque;2013;Eau (direct);Arsenic et composés (exprimés en tant que As);29;kg/an
0007000588;Société de la Raffinerie de Dunkerque;2013;Eau (direct);Cadmium et composés (exprimés en tant que Cd);14.5;kg/an
0007000676;MILLET AFR;2013;Air;Composés organiques volatils non méthaniques (COVNM);31600;kg/an
0007000676;MILLET AFR;2013;Air;Zinc et composés (exprimés en tant que Zn);313;kg/an
0007000588;Société de la Raffinerie de Dunkerque;2013;Eau (direct);Mercure et composés (exprimés en tant que Hg);2.9;kg/an
0007000588;Société de la Raffinerie de Dunkerque;2013;Eau (direct);Phénols (en tant que C total);309;kg/an
0007000681;BOMBARDIER TRANSPORTS FRANCE S.A.S.;2013;Air;Composés organiques volatils non méthaniques (COVNM);36200;kg/an
0007000588;Société de la Raffinerie de Dunkerque;2013;Eau (direct);Plomb et composés (exprimés en tant que Pb);29;kg/an
0007000589;INEOS STYROLUTION FRANCE SAS;2013;Air;Composés organiques volatils non méthaniques (COVNM);117000;kg/an
0007000683;ALVANCE ALUMINIUM DUNKERQUE SAS;2013;Air;Fluor et composés inorganiques (en tant que HF);131000;kg/an
0007000683;ALVANCE ALUMINIUM DUNKERQUE SAS;2013;Air;Hexafluorure de soufre (SF6);172;kg/an
0007000683;ALVANCE ALUMINIUM DUNKERQUE SAS;2013;Air;Oxydes de soufre (SOx/SO2);2510000;kg/an
0007000589;INEOS STYROLUTION FRANCE SAS;2013;Air;Hydrochlorofluorocarbures (HCFC);524;kg/an
0007000683;ALVANCE ALUMINIUM DUNKERQUE SAS;2013;Air;Perfluorocarbures (PFC);8690;kg/an
0007000683;ALVANCE ALUMINIUM DUNKERQUE SAS;2013;Air;Poussières totales;234000;kg/an
0007000589;INEOS STYROLUTION FRANCE SAS;2013;Air;Dioxyde de carbone (CO2) d'origine non biomasse;15800000;kg/an
0007000683;ALVANCE ALUMINIUM DUNKERQUE SAS;2013;Air;Dioxyde de carbone (CO2) d'origine non biomasse;453000000;kg/an
0007000683;ALVANCE ALUMINIUM DUNKERQUE SAS;2013;Air;Dioxyde de carbone (CO2) total (d'origine biomasse et non biomasse);453000000;kg/an
0007000589;INEOS STYROLUTION FRANCE SAS;2013;Air;Dioxyde de carbone (CO2) total (d'origine biomasse et non biomasse);15800000;kg/an
0007000683;ALVANCE ALUMINIUM DUNKERQUE SAS;2013;Eau (direct);Fluorures (en tant que F total);3670;kg/an
0007000597;Valrotalys;2013;Air;Composés organiques volatils non méthaniques (COVNM);177000;kg/an
0007000688;FORGITAL-DEMBIERMONT SAS;2013;Air;Dioxyde de carbone (CO2) d'origine non biomasse;10300000;kg/an
0007000605;Les Brasseurs de Gayant;2013;Eau (indirect);Demande chimique en oxygène (DCO);164000;kg/an
0007000688;FORGITAL-DEMBIERMONT SAS;2013;Air;Dioxyde de carbone (CO2) total (d'origine biomasse et non biomasse);10300000;kg/an
0007000697;SUEZ RV NORD EST - ISDND CURGIES;2013;Air;Méthane (CH4);186000;kg/an
0007000607;AIR LIQUIDE FRANCE INDUSTRIE (ALFI);2013;Air;Hydrochlorofluorocarbures (HCFC);4.23;kg/an
0007000699;Communauté d'Agglomération ARTOIS COMM;2013;Air;Dioxyde de carbone (CO2) d'origine non biomasse;25400000;kg/an
0007000699;Communauté d'Agglomération ARTOIS COMM;2013;Air;Dioxyde de carbone (CO2) total (d'origine biomasse et non biomasse);57600000;kg/an
0007000607;AIR LIQUIDE FRANCE INDUSTRIE (ALFI);2013;Air;Protoxyde d'azote (N2O);190000;kg/an
0007000699;Communauté d'Agglomération ARTOIS COMM;2013;Air;Dioxyde de carbone (CO2) d'origine biomasse;32200000;kg/an
0007000704;MINAKEM BEUVRY PRODUCTION;2013;Air;Composés organiques volatils non méthaniques (COVNM);105000;kg/an
0007000619;AGRATI;2013;Eau (direct);Nickel et composés (exprimés en tant que Ni);74;kg/an
0007000619;AGRATI;2013;Eau (direct);Zinc et composés (exprimés en tant que Zn);458;kg/an
0007000711;SASA;2013;Air;Composés organiques volatils non méthaniques (COVNM);132000;kg/an
0007000620;VYNOVA MAZINGARBE  SAS;2013;Air;Chlorure de vinyle (chloroéthène);6690;kg/an
0007000720;Ferroglobe Manganèse France SAS;2013;Air;Acide cyanhydrique (HCN);809;kg/an
0007000720;Ferroglobe Manganèse France SAS;2013;Air;Arsenic et composés (exprimés en tant que As);214;kg/an
0007000620;VYNOVA MAZINGARBE  SAS;2013;Air;Dioxyde de carbone (CO2) d'origine non biomasse;36700000;kg/an
0007000720;Ferroglobe Manganèse France SAS;2013;Air;Cadmium et composés (exprimés en tant que Cd);93.3;kg/an
0007000720;Ferroglobe Manganèse France SAS;2013;Air;Manganèse et composés (exprimés en tant que Mn);8360;kg/an
0007000620;VYNOVA MAZINGARBE  SAS;2013;Air;Dioxyde de carbone (CO2) total (d'origine biomasse et non biomasse);36700000;kg/an
0007000720;Ferroglobe Manganèse France SAS;2013;Air;Mercure et composés (exprimés en tant que Hg);103;kg/an
0007000720;Ferroglobe Manganèse France SAS;2013;Air;Oxydes de soufre (SOx/SO2);377000;kg/an
0007000621;ARC FRANCE;2013;Air;Arsenic et composés (exprimés en tant que As);50;kg/an
0007000720;Ferroglobe Manganèse France SAS;2013;Air;Oxydes d'azote (NOx/NO2);276000;kg/an
0007000720;Ferroglobe Manganèse France SAS;2013;Air;Plomb et composés (exprimés en tant que Pb);1150;kg/an
0007000621;ARC FRANCE;2013;Air;Oxydes d'azote (NOx/NO2);810000;kg/an
0007000720;Ferroglobe Manganèse France SAS;2013;Air;Dioxyde de carbone (CO2) d'origine non biomasse;214000000;kg/an
0007000720;Ferroglobe Manganèse France SAS;2013;Air;Dioxyde de carbone (CO2) total (d'origine biomasse et non biomasse);214000000;kg/an
0007000621;ARC FRANCE;2013;Air;Dioxyde de carbone (CO2) d'origine non biomasse;236000000;kg/an
0007000720;Ferroglobe Manganèse France SAS;2013;Eau (direct);Arsenic et composés (exprimés en tant que As);6.71;kg/an
0007000720;Ferroglobe Manganèse France SAS;2013;Eau (direct);Cyanures (sous forme de CN total);2480;kg/an
0007000621;ARC FRANCE;2013;Air;Dioxyde de carbone (CO2) total (d'origine biomasse et non biomasse);236000000;kg/an
0007000720;Ferroglobe Manganèse France SAS;2013;Eau (direct);Manganèse et composés (exprimés en tant que Mn);961;kg/an
0007000621;ARC FRANCE;2013;Eau (direct);Cadmium et composés (exprimés en tant que Cd);4.8;kg/an
0007000726;ROLAND UNI-PACKAGING;2013;Air;Composés organiques volatils non méthaniques (COVNM);385000;kg/an
0007000621;ARC FRANCE;2013;Eau (direct);Nickel et composés (exprimés en tant que Ni);30.1;kg/an
0007000727;RENAULT DOUAI SNC;2013;Air;Composés organiques volatils non méthaniques (COVNM);305000;kg/an
0007000727;RENAULT DOUAI SNC;2013;Air;Hydrochlorofluorocarbures (HCFC);5.31;kg/an
0007000621;ARC FRANCE;2013;Eau (direct);Plomb et composés (exprimés en tant que Pb);35.2;kg/an
0007000727;RENAULT DOUAI SNC;2013;Air;Hydroflurocarbures (HFC);5360;kg/an
0007000727;RENAULT DOUAI SNC;2013;Air;Dioxyde de carbone (CO2) d'origine non biomasse;35600000;kg/an
0007000621;ARC FRANCE;2013;Eau (direct);Zinc et composés (exprimés en tant que Zn);251;kg/an
0007000727;RENAULT DOUAI SNC;2013;Air;Dioxyde de carbone (CO2) total (d'origine biomasse et non biomasse);35600000;kg/an
0007000727;RENAULT DOUAI SNC;2013;Eau (direct);Nickel et composés (exprimés en tant que Ni);74.7;kg/an
0007000627;LIONOR S.A.;2013;Air;Hydrochlorofluorocarbures (HCFC);520;kg/an
0007000728;AIR LIQUIDE FRANCE INDUSTRIE;2013;Eau (direct);Zinc et composés (exprimés en tant que Zn);151;kg/an
0007000738;BIGARD;2013;Eau (indirect);Demande biologique en oxygène (DBO5);150000;kg/an
0007000738;BIGARD;2013;Eau (indirect);Demande chimique en oxygène (DCO);366000;kg/an
0007000738;BIGARD;2013;Eau (indirect);Phosphore total;5800;kg/an
0007000742;DAUDRUY VAN CAUWENBERGHE et FILS;2013;Air;Dioxyde de carbone (CO2) d'origine non biomasse;14500000;kg/an
0007000742;DAUDRUY VAN CAUWENBERGHE et FILS;2013;Air;Dioxyde de carbone (CO2) total (d'origine biomasse et non biomasse);14500000;kg/an
0007000742;DAUDRUY VAN CAUWENBERGHE et FILS;2013;Eau (direct);Phosphore total;49100;kg/an
0007000742;DAUDRUY VAN CAUWENBERGHE et FILS;2013;Eau (direct);Sulfates;2050000;kg/an
0007000745;AHLSTROM Specialities;2013;Air;Dioxyde de carbone (CO2) d'origine non biomasse;22600000;kg/an
0007000745;AHLSTROM Specialities;2013;Air;Dioxyde de carbone (CO2) total (d'origine biomasse et non biomasse);22600000;kg/an
0007000745;AHLSTROM Specialities;2013;Eau (direct);Plomb et composés (exprimés en tant que Pb);32.7;kg/an
0007000627;LIONOR S.A.;2013;Eau (indirect);Demande biologique en oxygène (DBO5);65000;kg/an
0007000749;REFINAL INDUSTRIES;2013;Air;Dioxyde de carbone (CO2) d'origine non biomasse;12700000;kg/an
0007000749;REFINAL INDUSTRIES;2013;Air;Dioxyde de carbone (CO2) total (d'origine biomasse et non biomasse);12700000;kg/an
0007000627;LIONOR S.A.;2013;Eau (indirect);Demande chimique en oxygène (DCO);243000;kg/an
0007000631;VALLOUREC  OIL AND GAS FRANCE;2013;Air;Composés organiques volatils non méthaniques (COVNM);91600;kg/an
0007000750;RECYTECH;2013;Air;Composés organiques volatils non méthaniques (COVNM);141000;kg/an
0007000750;RECYTECH;2013;Air;Zinc et composés (exprimés en tant que Zn);215;kg/an
0007000750;RECYTECH;2013;Air;Dioxyde de carbone (CO2) d'origine non biomasse;56300000;kg/an
0007000750;RECYTECH;2013;Air;Dioxyde de carbone (CO2) total (d'origine biomasse et non biomasse);56300000;kg/an
0007000753;R ENERGIES Beaurepaire;2013;Air;Dioxyde de carbone (CO2) d'origine non biomasse;12400000;kg/an
0007000776;PRODUITS CHIMIQUES DE LOOS;2013;Eau (direct);Mercure et composés (exprimés en tant que Hg);1.91;kg/an
0007000753;R ENERGIES Beaurepaire;2013;Air;Dioxyde de carbone (CO2) total (d'origine biomasse et non biomasse);12400000;kg/an
0007000757;INGREDIA;2013;Air;Dioxyde de carbone (CO2) d'origine non biomasse;13000000;kg/an
0007000757;INGREDIA;2013;Air;Dioxyde de carbone (CO2) total (d'origine biomasse et non biomasse);13000000;kg/an
0007000757;INGREDIA;2013;Eau (indirect);Demande biologique en oxygène (DBO5);459000;kg/an
0007000757;INGREDIA;2013;Eau (indirect);Demande chimique en oxygène (DCO);877000;kg/an
0007000776;PRODUITS CHIMIQUES DE LOOS;2013;Eau (direct);Zinc et composés (exprimés en tant que Zn);2730;kg/an
0007000757;INGREDIA;2013;Eau (indirect);Phosphore total;16700;kg/an
0007000761;AGC FRANCE SAS;2013;Air;Oxydes de soufre (SOx/SO2);618000;kg/an
0007000778;MAXAM TAN;2013;Air;Ammoniac (NH3);52000;kg/an
0007000761;AGC FRANCE SAS;2013;Air;Oxydes d'azote (NOx/NO2);924000;kg/an
0007000761;AGC FRANCE SAS;2013;Air;Dioxyde de carbone (CO2) d'origine non biomasse;180000000;kg/an
0007000778;MAXAM TAN;2013;Air;Oxydes d'azote (NOx/NO2);101000;kg/an
0007000761;AGC FRANCE SAS;2013;Air;Dioxyde de carbone (CO2) total (d'origine biomasse et non biomasse);180000000;kg/an
0007000761;AGC FRANCE SAS;2013;Eau (direct);Arsenic et composés (exprimés en tant que As);14.3;kg/an
0007000778;MAXAM TAN;2013;Air;Protoxyde d'azote (N2O);105000;kg/an
0007000762;PPG FRANCE MANUFACTURING;2013;Air;Composés organiques volatils non méthaniques (COVNM);173000;kg/an
0007000766;POLYCHIM Industrie SAS;2013;Air;Composés organiques volatils non méthaniques (COVNM);38900;kg/an
0007000778;MAXAM TAN;2013;Air;Dioxyde de carbone (CO2) d'origine non biomasse;10400000;kg/an
0007000778;MAXAM TAN;2013;Air;Dioxyde de carbone (CO2) total (d'origine biomasse et non biomasse);10400000;kg/an
0007000776;PRODUITS CHIMIQUES DE LOOS;2013;Air;Mercure et composés (exprimés en tant que Hg);12.3;kg/an
0007000778;MAXAM TAN;2013;Eau (direct);Azote total;110000;kg/an
0007000785;EQIOM Cimenterie de Lumbres;2013;Air;Mercure et composés (exprimés en tant que Hg);19.6;kg/an
0007000785;EQIOM Cimenterie de Lumbres;2013;Air;Oxydes de soufre (SOx/SO2);474000;kg/an
0007000785;EQIOM Cimenterie de Lumbres;2013;Air;Oxydes d'azote (NOx/NO2);1090000;kg/an
0007000785;EQIOM Cimenterie de Lumbres;2013;Air;Dioxyde de carbone (CO2) d'origine non biomasse;548000000;kg/an
0007000936;TEREOS Sucrerie de Lillers;2013;Air;Dioxyde de carbone (CO2) total (d'origine biomasse et non biomasse);201000000;kg/an
0007000785;EQIOM Cimenterie de Lumbres;2013;Air;Dioxyde de carbone (CO2) total (d'origine biomasse et non biomasse);576000000;kg/an
0007000785;EQIOM Cimenterie de Lumbres;2013;Air;Dioxyde de carbone (CO2) d'origine biomasse;28600000;kg/an
0007000938;TEREOS FRANCE;2013;Air;Oxydes de soufre (SOx/SO2);209000;kg/an
0007000938;TEREOS FRANCE;2013;Air;Oxydes d'azote (NOx/NO2);104000;kg/an
0007000789;POLYNT COMPOSITES FRANCE;2013;Air;Composés organiques volatils non méthaniques (COVNM);186000;kg/an
0007000938;TEREOS FRANCE;2013;Air;Dioxyde de carbone (CO2) d'origine non biomasse;60800000;kg/an
0007000938;TEREOS FRANCE;2013;Air;Dioxyde de carbone (CO2) total (d'origine biomasse et non biomasse);60800000;kg/an
0007000794;VERSALIS FRANCE SAS Dunes;2013;Air;Benzène;6910;kg/an
0007000940;STORA ENSO CORBEHEM;2013;Air;Dioxyde de carbone (CO2) d'origine non biomasse;43800000;kg/an
0007000940;STORA ENSO CORBEHEM;2013;Air;Dioxyde de carbone (CO2) total (d'origine biomasse et non biomasse);43800000;kg/an
0007000794;VERSALIS FRANCE SAS Dunes;2013;Air;Composés organiques volatils non méthaniques (COVNM);744000;kg/an
0007000940;STORA ENSO CORBEHEM;2013;Eau (direct);Arsenic et composés (exprimés en tant que As);7.2;kg/an
0007000940;STORA ENSO CORBEHEM;2013;Eau (direct);Cadmium et composés (exprimés en tant que Cd);5.5;kg/an
0007000794;VERSALIS FRANCE SAS Dunes;2013;Air;Oxydes de soufre (SOx/SO2);358000;kg/an
0007000940;STORA ENSO CORBEHEM;2013;Eau (direct);Demande chimique en oxygène (DCO);433000;kg/an
0007000940;STORA ENSO CORBEHEM;2013;Eau (direct);Zinc et composés (exprimés en tant que Zn);459;kg/an
0007000794;VERSALIS FRANCE SAS Dunes;2013;Air;Oxydes d'azote (NOx/NO2);607000;kg/an
0007000940;STORA ENSO CORBEHEM;2013;Sol;Cadmium et composés (exprimés en tant que Cd);10.9;kg/an
0007000940;STORA ENSO CORBEHEM;2013;Sol;Chrome et composés (exprimés en tant que Cr);420;kg/an
0007000794;VERSALIS FRANCE SAS Dunes;2013;Air;Protoxyde d'azote (N2O);26900;kg/an
0007000940;STORA ENSO CORBEHEM;2013;Sol;Cuivre et composés (exprimés en tant que Cu);115;kg/an
0007000940;STORA ENSO CORBEHEM;2013;Sol;Nickel et composés (exprimés en tant que Ni);106;kg/an
0007000794;VERSALIS FRANCE SAS Dunes;2013;Air;Dioxyde de carbone (CO2) d'origine non biomasse;647000000;kg/an
0007000940;STORA ENSO CORBEHEM;2013;Sol;Plomb et composés (exprimés en tant que Pb);79.9;kg/an
0007000940;STORA ENSO CORBEHEM;2013;Sol;Zinc et composés (exprimés en tant que Zn);562;kg/an
0007000794;VERSALIS FRANCE SAS Dunes;2013;Air;Dioxyde de carbone (CO2) total (d'origine biomasse et non biomasse);647000000;kg/an
0007000949;SPECITUBES SAS;2013;Air;Dichlorométhane (DCM, chlorure de méthylène);206000;kg/an
0007000794;VERSALIS FRANCE SAS Dunes;2013;Eau (direct);Chloroforme (trichlorométhane);22;kg/an
0007000951;SOTRENOR;2013;Air;Mercure et composés (exprimés en tant que Hg);14.6;kg/an
0007000955;ARCELORMITTAL  ATLANTIQUE et LORRAINE;2013;Air;Dioxyde de carbone (CO2) d'origine non biomasse;60600000;kg/an
0007000794;VERSALIS FRANCE SAS Dunes;2013;Eau (direct);Phénols (en tant que C total);78;kg/an
0007000955;ARCELORMITTAL  ATLANTIQUE et LORRAINE;2013;Air;Dioxyde de carbone (CO2) total (d'origine biomasse et non biomasse);60600000;kg/an
0007000956;ARCELORMITTAL FRANCE;2013;Air;Ammoniac (NH3);256000;kg/an
0007000956;ARCELORMITTAL FRANCE;2013;Air;Arsenic et composés (exprimés en tant que As);26.5;kg/an
0007000803;PGI;2013;Air;Dioxyde de carbone (CO2) d'origine non biomasse;15000000;kg/an
0007000956;ARCELORMITTAL FRANCE;2013;Air;Benzène;41500;kg/an
0007000956;ARCELORMITTAL FRANCE;2013;Air;Cadmium et composés (exprimés en tant que Cd);218;kg/an
0007000956;ARCELORMITTAL FRANCE;2013;Air;Chlore et composés inorganiques (en tant que HCl);23800;kg/an
0007000803;PGI;2013;Air;Dioxyde de carbone (CO2) total (d'origine biomasse et non biomasse);15000000;kg/an
0007000956;ARCELORMITTAL FRANCE;2013;Air;Chrome et composés (exprimés en tant que Cr);743;kg/an
0007000956;ARCELORMITTAL FRANCE;2013;Air;Cobalt et composés (exprimés en tant que Co);27.6;kg/an
0007000821;NYRSTAR FRANCE;2013;Air;Hydrochlorofluorocarbures (HCFC);2;kg/an
0007000956;ARCELORMITTAL FRANCE;2013;Air;Composés organiques volatils non méthaniques (COVNM);264000;kg/an
0007000956;ARCELORMITTAL FRANCE;2013;Air;Dioxines et furanes (PCDD + PCDF) (exprimés en iTeq);0.0119;kg/an
0007000821;NYRSTAR FRANCE;2013;Air;Oxydes de soufre (SOx/SO2);328000;kg/an
0007000956;ARCELORMITTAL FRANCE;2013;Air;Hydrocarbures aromatiques polycycliques (HAP);309;kg/an
0007000956;ARCELORMITTAL FRANCE;2013;Air;Hydroflurocarbures (HFC);885;kg/an
0007000821;NYRSTAR FRANCE;2013;Air;Zinc et composés (exprimés en tant que Zn);3230;kg/an
0007000956;ARCELORMITTAL FRANCE;2013;Air;Manganèse et composés (exprimés en tant que Mn);6100;kg/an
0007000956;ARCELORMITTAL FRANCE;2013;Air;Mercure et composés (exprimés en tant que Hg);90.1;kg/an
0007000821;NYRSTAR FRANCE;2013;Air;Dioxyde de carbone (CO2) d'origine non biomasse;21500000;kg/an
0007000956;ARCELORMITTAL FRANCE;2013;Air;Monoxyde de carbone (CO);129000000;kg/an
0007000956;ARCELORMITTAL FRANCE;2013;Air;Méthane (CH4);714000;kg/an
0007000821;NYRSTAR FRANCE;2013;Air;Dioxyde de carbone (CO2) total (d'origine biomasse et non biomasse);21500000;kg/an
0007000956;ARCELORMITTAL FRANCE;2013;Air;Naphthalène;1950;kg/an
0007000956;ARCELORMITTAL FRANCE;2013;Air;Nickel et composés (exprimés en tant que Ni);305;kg/an
0007000821;NYRSTAR FRANCE;2013;Eau (direct);Arsenic et composés (exprimés en tant que As);5.52;kg/an
0007000956;ARCELORMITTAL FRANCE;2013;Air;Oxydes de soufre (SOx/SO2);6830000;kg/an
0007000956;ARCELORMITTAL FRANCE;2013;Air;Oxydes d'azote (NOx/NO2);6340000;kg/an
0007000821;NYRSTAR FRANCE;2013;Eau (direct);Cadmium et composés (exprimés en tant que Cd);45.3;kg/an
0007000956;ARCELORMITTAL FRANCE;2013;Air;Plomb et composés (exprimés en tant que Pb);8800;kg/an
0007000956;ARCELORMITTAL FRANCE;2013;Air;Poussières totales;3250000;kg/an
0007000821;NYRSTAR FRANCE;2013;Eau (direct);Fluorures (en tant que F total);8350;kg/an
0007000956;ARCELORMITTAL FRANCE;2013;Air;Protoxyde d'azote (N2O);59400;kg/an
0007000956;ARCELORMITTAL FRANCE;2013;Air;Zinc et composés (exprimés en tant que Zn);3630;kg/an
0007000821;NYRSTAR FRANCE;2013;Eau (direct);Mercure et composés (exprimés en tant que Hg);2.69;kg/an
0007000956;ARCELORMITTAL FRANCE;2013;Air;Vanadium et ses composés;72.1;kg/an
0007000956;ARCELORMITTAL FRANCE;2013;Air;Thallium et ses composés (exprimés en tant que Tl);270;kg/an
0007000821;NYRSTAR FRANCE;2013;Eau (direct);Zinc et composés (exprimés en tant que Zn);104;kg/an
0007000956;ARCELORMITTAL FRANCE;2013;Air;Dioxyde de carbone (CO2) d'origine non biomasse;11900000000;kg/an
0007000956;ARCELORMITTAL FRANCE;2013;Air;Dioxyde de carbone (CO2) total (d'origine biomasse et non biomasse);11900000000;kg/an
0007000824;APERAM ISBERGUES;2013;Air;Dioxyde de carbone (CO2) d'origine non biomasse;35700000;kg/an
0007000956;ARCELORMITTAL FRANCE;2013;Eau (direct);Azote total;116000;kg/an
0007000956;ARCELORMITTAL FRANCE;2013;Eau (direct);Cadmium et composés (exprimés en tant que Cd);12;kg/an
0007000824;APERAM ISBERGUES;2013;Air;Dioxyde de carbone (CO2) total (d'origine biomasse et non biomasse);35700000;kg/an
0007000956;ARCELORMITTAL FRANCE;2013;Eau (direct);Chloroforme (trichlorométhane);102;kg/an
0007000956;ARCELORMITTAL FRANCE;2013;Eau (direct);Chlorures (en tant que Cl total);5340000;kg/an
0007000824;APERAM ISBERGUES;2013;Eau (direct);Arsenic et composés (exprimés en tant que As);12;kg/an
0007000956;ARCELORMITTAL FRANCE;2013;Eau (direct);Composés organohalogénés (exprimés en tant que AOX);1800;kg/an
0007000956;ARCELORMITTAL FRANCE;2013;Eau (direct);Cyanures (sous forme de CN total);305;kg/an
0007000824;APERAM ISBERGUES;2013;Eau (direct);Plomb et composés (exprimés en tant que Pb);23;kg/an
0007000956;ARCELORMITTAL FRANCE;2013;Eau (direct);Demande biologique en oxygène (DBO5);59500;kg/an
0007000956;ARCELORMITTAL FRANCE;2013;Eau (direct);Demande chimique en oxygène (DCO);240000;kg/an
0007000825;GRAFTECH FRANCE SNC;2013;Air;Naphthalène;139;kg/an
0007000956;ARCELORMITTAL FRANCE;2013;Eau (direct);Fluorures (en tant que F total);73000;kg/an
0007000956;ARCELORMITTAL FRANCE;2013;Eau (direct);Manganèse et composés (exprimés en tant que Mn);1900;kg/an
0007000825;GRAFTECH FRANCE SNC;2013;Air;Oxydes de soufre (SOx/SO2);389000;kg/an
0007000956;ARCELORMITTAL FRANCE;2013;Eau (direct);Nonylphénols et éthoxylates de nonylphénol (NP/NPE);4;kg/an
0007000956;ARCELORMITTAL FRANCE;2013;Eau (direct);Phénols (en tant que C total);85;kg/an
0007000825;GRAFTECH FRANCE SNC;2013;Air;Dioxyde de carbone (CO2) d'origine non biomasse;40300000;kg/an
0007000956;ARCELORMITTAL FRANCE;2013;Eau (direct);Plomb et composés (exprimés en tant que Pb);192;kg/an
0007000956;ARCELORMITTAL FRANCE;2013;Eau (direct);Zinc et composés (exprimés en tant que Zn);3060;kg/an
0007000825;GRAFTECH FRANCE SNC;2013;Air;Dioxyde de carbone (CO2) total (d'origine biomasse et non biomasse);40300000;kg/an
0007000962;IMERYS ALUMINATES - Usine de Dunkerque;2013;Air;Cadmium et composés (exprimés en tant que Cd);10.2;kg/an
0007000962;IMERYS ALUMINATES - Usine de Dunkerque;2013;Air;Oxydes de soufre (SOx/SO2);397000;kg/an
0007000829;FRANCAISE DE MECANIQUE;2013;Air;Dioxyde de carbone (CO2) total (d'origine biomasse et non biomasse);10900000;kg/an
0007000962;IMERYS ALUMINATES - Usine de Dunkerque;2013;Air;Oxydes d'azote (NOx/NO2);226000;kg/an
0007000962;IMERYS ALUMINATES - Usine de Dunkerque;2013;Air;Plomb et composés (exprimés en tant que Pb);406;kg/an
0007000962;IMERYS ALUMINATES - Usine de Dunkerque;2013;Air;Dioxyde de carbone (CO2) d'origine non biomasse;149000000;kg/an
0007000829;FRANCAISE DE MECANIQUE;2013;Air;Dioxyde de carbone (CO2) d'origine biomasse;10900000;kg/an
0007000962;IMERYS ALUMINATES - Usine de Dunkerque;2013;Air;Dioxyde de carbone (CO2) total (d'origine biomasse et non biomasse);149000000;kg/an
0007000829;FRANCAISE DE MECANIQUE;2013;Eau (indirect);Demande biologique en oxygène (DBO5);89500;kg/an
0007000829;FRANCAISE DE MECANIQUE;2013;Eau (indirect);Demande chimique en oxygène (DCO);199000;kg/an
0007000973;SODECA;2013;Air;Dioxyde de carbone (CO2) d'origine non biomasse;30500000;kg/an
0007000830;Peugeot Citroën Mécanique du Nord Ouest SNC;2013;Air;Hydrochlorofluorocarbures (HCFC);8.8;kg/an
0007000973;SODECA;2013;Air;Dioxyde de carbone (CO2) total (d'origine biomasse et non biomasse);30500000;kg/an
0007000976;CALAIS ENERGIE;2013;Air;Dioxyde de carbone (CO2) d'origine non biomasse;20600000;kg/an
0007000832;MAUBEUGE CONSTRUCTION AUTOMOBILE (MCA);2013;Air;Composés organiques volatils non méthaniques (COVNM);530000;kg/an
0007000976;CALAIS ENERGIE;2013;Air;Dioxyde de carbone (CO2) total (d'origine biomasse et non biomasse);20600000;kg/an
0007000979;INTEROR;2013;Eau (direct);Chloroforme (trichlorométhane);37;kg/an
0007000832;MAUBEUGE CONSTRUCTION AUTOMOBILE (MCA);2013;Air;Hydroflurocarbures (HFC);465;kg/an
0007000987;VENATOR Pigments France;2013;Air;Oxydes de soufre (SOx/SO2);202000;kg/an
0007000987;VENATOR Pigments France;2013;Air;Dioxyde de carbone (CO2) d'origine non biomasse;11500000;kg/an
0007000987;VENATOR Pigments France;2013;Air;Dioxyde de carbone (CO2) total (d'origine biomasse et non biomasse);11500000;kg/an
0007000987;VENATOR Pigments France;2013;Eau (direct);Phosphore total;6010;kg/an
0007000832;MAUBEUGE CONSTRUCTION AUTOMOBILE (MCA);2013;Air;Dioxyde de carbone (CO2) d'origine non biomasse;29300000;kg/an
0007000991;HERTA;2013;Eau (indirect);Demande biologique en oxygène (DBO5);168000;kg/an
0007000991;HERTA;2013;Eau (indirect);Demande chimique en oxygène (DCO);383000;kg/an
0007000832;MAUBEUGE CONSTRUCTION AUTOMOBILE (MCA);2013;Air;Dioxyde de carbone (CO2) total (d'origine biomasse et non biomasse);29300000;kg/an
0007000991;HERTA;2013;Eau (indirect);Phosphore total;9990;kg/an
0007000832;MAUBEUGE CONSTRUCTION AUTOMOBILE (MCA);2013;Eau (direct);Nickel et composés (exprimés en tant que Ni);31;kg/an
0007000846;MC CAIN ALIMENTAIRE;2013;Air;Dioxyde de carbone (CO2) d'origine non biomasse;37300000;kg/an
0007000999;UIOM d' Henin Beaumont;2013;Air;Dioxyde de carbone (CO2) d'origine non biomasse;20700000;kg/an
0007000999;UIOM d' Henin Beaumont;2013;Air;Dioxyde de carbone (CO2) total (d'origine biomasse et non biomasse);48200000;kg/an
0007000846;MC CAIN ALIMENTAIRE;2013;Air;Dioxyde de carbone (CO2) total (d'origine biomasse et non biomasse);37300000;kg/an
0007000999;UIOM d' Henin Beaumont;2013;Air;Dioxyde de carbone (CO2) d'origine biomasse;27500000;kg/an
0007000846;MC CAIN ALIMENTAIRE;2013;Eau (direct);Demande biologique en oxygène (DBO5);55000;kg/an
0007000846;MC CAIN ALIMENTAIRE;2013;Eau (direct);Demande chimique en oxygène (DCO);389000;kg/an
0007001004;INOVA OPERATIONS SAS;2013;Air;Oxydes d'azote (NOx/NO2);106000;kg/an
0007000846;MC CAIN ALIMENTAIRE;2013;Eau (direct);Matières en suspension (MES);318000;kg/an
0007001004;INOVA OPERATIONS SAS;2013;Air;Dioxyde de carbone (CO2) d'origine non biomasse;98100000;kg/an
0007001004;INOVA OPERATIONS SAS;2013;Air;Dioxyde de carbone (CO2) total (d'origine biomasse et non biomasse);98100000;kg/an
0007000846;MC CAIN ALIMENTAIRE;2013;Eau (direct);Phosphore total;9850;kg/an
0007001005;DALKIA;2013;Air;Dioxyde de carbone (CO2) total (d'origine biomasse et non biomasse);48500000;kg/an
0007001005;DALKIA;2013;Air;Dioxyde de carbone (CO2) d'origine biomasse;48500000;kg/an
0007000846;MC CAIN ALIMENTAIRE;2013;Sol;Chrome et composés (exprimés en tant que Cr);102;kg/an
0007000846;MC CAIN ALIMENTAIRE;2013;Sol;Cuivre et composés (exprimés en tant que Cu);153;kg/an
0007001025;SKF AEROENGINE FRANCE;2013;Air;Dichlorométhane (DCM, chlorure de méthylène);12600;kg/an
0007000846;MC CAIN ALIMENTAIRE;2013;Sol;Nickel et composés (exprimés en tant que Ni);75.5;kg/an
0007001026;SNCZ;2013;Eau (direct);Chrome et composés (exprimés en tant que Cr);63;kg/an
0007001026;SNCZ;2013;Eau (direct);Zinc et composés (exprimés en tant que Zn);102;kg/an
0007000846;MC CAIN ALIMENTAIRE;2013;Sol;Plomb et composés (exprimés en tant que Pb);49.1;kg/an
0007001030;SICAL;2013;Air;Dioxyde de carbone (CO2) d'origine non biomasse;16200000;kg/an
0007000846;MC CAIN ALIMENTAIRE;2013;Sol;Zinc et composés (exprimés en tant que Zn);850;kg/an
0007001030;SICAL;2013;Air;Dioxyde de carbone (CO2) total (d'origine biomasse et non biomasse);16200000;kg/an
0007001034;SNCF - TECHNICENTRE D'HELLEMMES;2013;Eau (indirect);Cuivre et composés (exprimés en tant que Cu);52.1;kg/an
0007000846;MC CAIN ALIMENTAIRE;2013;Sol;Biphényles polychlorés (PCB);0.37;kg/an
0007000851;LAMINES MARCHANDS EUROPEENS (LME);2013;Air;Cadmium et composés (exprimés en tant que Cd);16.1;kg/an
0007001036;Centre Hospitalier Universitaire;2013;Eau (indirect);Demande biologique en oxygène (DBO5);56500;kg/an
0007000851;LAMINES MARCHANDS EUROPEENS (LME);2013;Air;Chrome et composés (exprimés en tant que Cr);132;kg/an
0007001036;Centre Hospitalier Universitaire;2013;Eau (indirect);Demande chimique en oxygène (DCO);157000;kg/an
0007000851;LAMINES MARCHANDS EUROPEENS (LME);2013;Air;Cobalt et composés (exprimés en tant que Co);10.8;kg/an
0007001044;LNUF Marques - Cuincy;2013;Air;Hydrochlorofluorocarbures (HCFC);300;kg/an
0007000851;LAMINES MARCHANDS EUROPEENS (LME);2013;Air;Cuivre et composés (exprimés en tant que Cu);226;kg/an
0007001045;CARGILL HAUBOURDIN SAS;2013;Air;Oxydes d'azote (NOx/NO2);122000;kg/an
0007001045;CARGILL HAUBOURDIN SAS;2013;Air;Poussières totales;206000;kg/an
0007000851;LAMINES MARCHANDS EUROPEENS (LME);2013;Air;Manganèse et composés (exprimés en tant que Mn);1340;kg/an
0007001045;CARGILL HAUBOURDIN SAS;2013;Air;Dioxyde de carbone (CO2) d'origine non biomasse;113000000;kg/an
0007001045;CARGILL HAUBOURDIN SAS;2013;Air;Dioxyde de carbone (CO2) total (d'origine biomasse et non biomasse);113000000;kg/an
0007000851;LAMINES MARCHANDS EUROPEENS (LME);2013;Air;Mercure et composés (exprimés en tant que Hg);25.1;kg/an
0007000851;LAMINES MARCHANDS EUROPEENS (LME);2013;Air;Nickel et composés (exprimés en tant que Ni);68.5;kg/an
0007000851;LAMINES MARCHANDS EUROPEENS (LME);2013;Air;Plomb et composés (exprimés en tant que Pb);601;kg/an
0007000851;LAMINES MARCHANDS EUROPEENS (LME);2013;Air;Zinc et composés (exprimés en tant que Zn);5830;kg/an
0007002401;COVALYS ex-VALNOR (CVE ANTARES);2013;Air;Dioxyde de carbone (CO2) d'origine biomasse;186000000;kg/an
0007000851;LAMINES MARCHANDS EUROPEENS (LME);2013;Air;Vanadium et ses composés;14.7;kg/an
0007001045;CARGILL HAUBOURDIN SAS;2013;Eau (indirect);Azote total;50300;kg/an
0007001045;CARGILL HAUBOURDIN SAS;2013;Eau (indirect);Demande biologique en oxygène (DBO5);264000;kg/an
0007000851;LAMINES MARCHANDS EUROPEENS (LME);2013;Air;Dioxyde de carbone (CO2) d'origine non biomasse;77500000;kg/an
0007001045;CARGILL HAUBOURDIN SAS;2013;Eau (indirect);Demande chimique en oxygène (DCO);797000;kg/an
0007001045;CARGILL HAUBOURDIN SAS;2013;Eau (indirect);Phosphore total;20700;kg/an
0007000851;LAMINES MARCHANDS EUROPEENS (LME);2013;Air;Dioxyde de carbone (CO2) total (d'origine biomasse et non biomasse);77500000;kg/an
0007001046;LESIEUR;2013;Air;Dioxyde de carbone (CO2) d'origine non biomasse;24100000;kg/an
0007001046;LESIEUR;2013;Air;Dioxyde de carbone (CO2) total (d'origine biomasse et non biomasse);24100000;kg/an
0007000854;BALL PACKAGING EUROPE BIERNE SAS;2013;Air;Composés organiques volatils non méthaniques (COVNM);450000;kg/an
0007001051;TEREOS (ex SICA PULPES DE BOIRY);2013;Air;Dioxyde de carbone (CO2) d'origine non biomasse;45900000;kg/an
0007001051;TEREOS (ex SICA PULPES DE BOIRY);2013;Air;Dioxyde de carbone (CO2) total (d'origine biomasse et non biomasse);45900000;kg/an
0007000854;BALL PACKAGING EUROPE BIERNE SAS;2013;Air;Dioxyde de carbone (CO2) d'origine non biomasse;11500000;kg/an
0007000854;BALL PACKAGING EUROPE BIERNE SAS;2013;Air;Dioxyde de carbone (CO2) total (d'origine biomasse et non biomasse);11500000;kg/an
0007001053;CIDEME;2013;Air;Oxydes d'azote (NOx/NO2);121000;kg/an
0007001053;CIDEME;2013;Air;Dioxyde de carbone (CO2) d'origine non biomasse;49100000;kg/an
0007000854;BALL PACKAGING EUROPE BIERNE SAS;2013;Eau (indirect);Etain et composés (exprimés en tant que Sn);316;kg/an
0007001053;CIDEME;2013;Air;Dioxyde de carbone (CO2) total (d'origine biomasse et non biomasse);113000000;kg/an
0007001053;CIDEME;2013;Air;Dioxyde de carbone (CO2) d'origine biomasse;64400000;kg/an
0007000859;MERCK SANTE SAS;2013;Air;Composés organiques volatils non méthaniques (COVNM);55500;kg/an
0007001053;CIDEME;2013;Sol;Plomb et composés (exprimés en tant que Pb);1210;kg/an
0007001053;CIDEME;2013;Sol;Zinc et composés (exprimés en tant que Zn);139;kg/an
0007000861;MAGNESITA;2013;Air;Zinc et composés (exprimés en tant que Zn);203;kg/an
0007001055;SEVELNORD;2013;Air;Composés organiques volatils non méthaniques (COVNM);236000;kg/an
0007001055;SEVELNORD;2013;Air;Hydrochlorofluorocarbures (HCFC);26.6;kg/an
0007001055;SEVELNORD;2013;Air;Hydroflurocarbures (HFC);471;kg/an
0007001055;SEVELNORD;2013;Air;Dioxyde de carbone (CO2) d'origine non biomasse;19700000;kg/an
0007000861;MAGNESITA;2013;Air;Dioxyde de carbone (CO2) d'origine non biomasse;14900000;kg/an
0007001055;SEVELNORD;2013;Air;Dioxyde de carbone (CO2) total (d'origine biomasse et non biomasse);19700000;kg/an
0007000861;MAGNESITA;2013;Air;Dioxyde de carbone (CO2) total (d'origine biomasse et non biomasse);14900000;kg/an
0007001092;PLASTIENVASE FRANCIA;2013;Air;Composés organiques volatils non méthaniques (COVNM);60400;kg/an
0007001104;SCHUR FLEXIBLES UNI ROTO (ex VITROCELLE);2013;Air;Composés organiques volatils non méthaniques (COVNM);62500;kg/an
0007000866;LEROUX SAS;2013;Air;Dioxyde de carbone (CO2) d'origine non biomasse;11200000;kg/an
0007001124;COCA-COLA PRODUCTION SAS;2013;Eau (indirect);Demande biologique en oxygène (DBO5);475000;kg/an
0007001124;COCA-COLA PRODUCTION SAS;2013;Eau (indirect);Demande chimique en oxygène (DCO);801000;kg/an
0007000866;LEROUX SAS;2013;Air;Dioxyde de carbone (CO2) total (d'origine biomasse et non biomasse);11200000;kg/an
0007000873;CHEMINEES PHILIPPE;2013;Air;Monoxyde de carbone (CO);1370000;kg/an
0007000874;CHAUX ET DOLOMIES DU BOULONNAIS;2013;Air;Mercure et composés (exprimés en tant que Hg);10.2;kg/an
0007001125;CHARCUTERIE DES FLANDRES;2013;Air;Hydroflurocarbures (HFC);299;kg/an
0007000874;CHAUX ET DOLOMIES DU BOULONNAIS;2013;Air;Monoxyde de carbone (CO);844000;kg/an
0007001139;C&D FOODS France;2013;Eau (indirect);Demande biologique en oxygène (DBO5);82000;kg/an
0007000874;CHAUX ET DOLOMIES DU BOULONNAIS;2013;Air;Oxydes d'azote (NOx/NO2);372000;kg/an
0007000874;CHAUX ET DOLOMIES DU BOULONNAIS;2013;Air;Dioxyde de carbone (CO2) d'origine non biomasse;671000000;kg/an
0007001145;NUEVA PESCANOVA (SOFRANOR (SA));2013;Eau (indirect);Demande biologique en oxygène (DBO5);45600;kg/an
0007000874;CHAUX ET DOLOMIES DU BOULONNAIS;2013;Air;Dioxyde de carbone (CO2) total (d'origine biomasse et non biomasse);671000000;kg/an
0007001153;SUEZ RV NORD EST - ISDND DANNES;2013;Air;Méthane (CH4);482000;kg/an
0007000882;.SYNTHEXIM;2013;Air;Chloroforme (trichlorométhane);1770;kg/an
0007001157;NESTLE PURINA PETCARE;2013;Air;Dioxyde de carbone (CO2) d'origine non biomasse;17100000;kg/an
0007001157;NESTLE PURINA PETCARE;2013;Air;Dioxyde de carbone (CO2) total (d'origine biomasse et non biomasse);17100000;kg/an
0007000882;.SYNTHEXIM;2013;Air;Composés organiques volatils non méthaniques (COVNM);56600;kg/an
0007001170;DALKIA (Chaufferie du CHR) COGE SANTE;2013;Air;Dioxyde de carbone (CO2) d'origine non biomasse;36600000;kg/an
0007000882;.SYNTHEXIM;2013;Air;Dichlorométhane (DCM, chlorure de méthylène);7150;kg/an
0007001170;DALKIA (Chaufferie du CHR) COGE SANTE;2013;Air;Dioxyde de carbone (CO2) total (d'origine biomasse et non biomasse);36600000;kg/an
0007001174;GRAIN D'OR GEL - GRAIN D'OR FRAIS;2013;Air;Hydrochlorofluorocarbures (HCFC);1690;kg/an
0007000889;SNT - Société Nouvelle de Traitement;2013;Eau (direct);Zinc et composés (exprimés en tant que Zn);108;kg/an
0007001176;LESAFFRE (Société Industrielle);2013;Air;Hydrochlorofluorocarbures (HCFC);68;kg/an
0007001176;LESAFFRE (Société Industrielle);2013;Air;Dioxyde de carbone (CO2) d'origine non biomasse;39500000;kg/an
0007000904;HEINZ FRANCE ex-BENEDICTA;2013;Eau (indirect);Demande biologique en oxygène (DBO5);60800;kg/an
0007001176;LESAFFRE (Société Industrielle);2013;Air;Dioxyde de carbone (CO2) total (d'origine biomasse et non biomasse);39500000;kg/an
0007000915;WEPA FRANCE (ex WEPA LILLE);2013;Air;Dioxyde de carbone (CO2) d'origine non biomasse;23800000;kg/an
0007001213;MONS ENERGIE(Chaufferie ZUP de Mons);2013;Air;Dioxyde de carbone (CO2) d'origine non biomasse;19600000;kg/an
0007001213;MONS ENERGIE(Chaufferie ZUP de Mons);2013;Air;Dioxyde de carbone (CO2) total (d'origine biomasse et non biomasse);19600000;kg/an
0007000915;WEPA FRANCE (ex WEPA LILLE);2013;Air;Dioxyde de carbone (CO2) total (d'origine biomasse et non biomasse);23800000;kg/an
0007001214;RESONOR;2013;Air;Oxydes d'azote (NOx/NO2);111000;kg/an
0007001214;RESONOR;2013;Air;Dioxyde de carbone (CO2) d'origine non biomasse;95000000;kg/an
0007000918;TOTAL Raffinage France SA;2013;Air;Benzène;2340;kg/an
0007001214;RESONOR;2013;Air;Dioxyde de carbone (CO2) total (d'origine biomasse et non biomasse);95000000;kg/an
0007000918;TOTAL Raffinage France SA;2013;Air;Composés organiques volatils non méthaniques (COVNM);117000;kg/an
0007001242;Malteurop;2013;Eau (indirect);Demande biologique en oxygène (DBO5);173000;kg/an
0007001242;Malteurop;2013;Eau (indirect);Demande chimique en oxygène (DCO);331000;kg/an
0007000922;VENATOR (Ex Huntsman P&A France);2013;Air;Oxydes de soufre (SOx/SO2);476000;kg/an
0007000922;VENATOR (Ex Huntsman P&A France);2013;Air;Dioxyde de carbone (CO2) d'origine non biomasse;44300000;kg/an
0007001279;ENGIE Thermique France - Centrale DK6;2013;Air;Oxydes de soufre (SOx/SO2);950000;kg/an
0007000922;VENATOR (Ex Huntsman P&A France);2013;Air;Dioxyde de carbone (CO2) total (d'origine biomasse et non biomasse);44300000;kg/an
0007001279;ENGIE Thermique France - Centrale DK6;2013;Air;Oxydes d'azote (NOx/NO2);570000;kg/an
0007001279;ENGIE Thermique France - Centrale DK6;2013;Air;Dioxyde de carbone (CO2) d'origine non biomasse;3700000000;kg/an
0007000922;VENATOR (Ex Huntsman P&A France);2013;Eau (direct);Aluminium et composés (exprimés en tant que Al);214000;kg/an
0007001279;ENGIE Thermique France - Centrale DK6;2013;Air;Dioxyde de carbone (CO2) total (d'origine biomasse et non biomasse);3700000000;kg/an
0007000922;VENATOR (Ex Huntsman P&A France);2013;Eau (direct);Arsenic et composés (exprimés en tant que As);41;kg/an
0007000922;VENATOR (Ex Huntsman P&A France);2013;Eau (direct);Cadmium et composés (exprimés en tant que Cd);2;kg/an
0007000922;VENATOR (Ex Huntsman P&A France);2013;Eau (direct);Chrome et composés (exprimés en tant que Cr);12000;kg/an
0007001318;AUCHAN SA;2013;Air;Hydroflurocarbures (HFC);1030;kg/an
0007000922;VENATOR (Ex Huntsman P&A France);2013;Eau (direct);Cuivre et composés (exprimés en tant que Cu);120;kg/an
0007001322;AUCHAN (SA);2013;Air;Hydroflurocarbures (HFC);300;kg/an
0007000922;VENATOR (Ex Huntsman P&A France);2013;Eau (direct);Demande chimique en oxygène (DCO);423000;kg/an
0007001325;AUCHAN RONCQ;2013;Air;Hydroflurocarbures (HFC);584;kg/an
0007000922;VENATOR (Ex Huntsman P&A France);2013;Eau (direct);Fer et composés (exprimés en tant que Fe);819000;kg/an
0007001335;O-I FRANCE SAS usine de WINGLES;2013;Air;Oxydes d'azote (NOx/NO2);175000;kg/an
0007000922;VENATOR (Ex Huntsman P&A France);2013;Eau (direct);Manganèse et composés (exprimés en tant que Mn);33600;kg/an
0007001335;O-I FRANCE SAS usine de WINGLES;2013;Air;Dioxyde de carbone (CO2) d'origine non biomasse;36600000;kg/an
0007001335;O-I FRANCE SAS usine de WINGLES;2013;Air;Dioxyde de carbone (CO2) total (d'origine biomasse et non biomasse);36600000;kg/an
0007000922;VENATOR (Ex Huntsman P&A France);2013;Eau (direct);Matières en suspension (MES);640000;kg/an
0007001409;CANELIA;2013;Air;Hydrochlorofluorocarbures (HCFC);732;kg/an
0007000922;VENATOR (Ex Huntsman P&A France);2013;Eau (direct);Nickel et composés (exprimés en tant que Ni);416;kg/an
0007001409;CANELIA;2013;Air;Hydroflurocarbures (HFC);238;kg/an
0007001409;CANELIA;2013;Air;Nickel et composés (exprimés en tant que Ni);108;kg/an
0007000922;VENATOR (Ex Huntsman P&A France);2013;Eau (direct);Phosphore total;12100;kg/an
0007001409;CANELIA;2013;Air;Dioxyde de carbone (CO2) d'origine non biomasse;12400000;kg/an
0007001409;CANELIA;2013;Air;Dioxyde de carbone (CO2) total (d'origine biomasse et non biomasse);12400000;kg/an
0007001494;COGESTAR;2013;Air;Dioxyde de carbone (CO2) d'origine non biomasse;17300000;kg/an
0007001494;COGESTAR;2013;Air;Dioxyde de carbone (CO2) total (d'origine biomasse et non biomasse);17300000;kg/an
0007000922;VENATOR (Ex Huntsman P&A France);2013;Eau (direct);Plomb et composés (exprimés en tant que Pb);228;kg/an
0007000922;VENATOR (Ex Huntsman P&A France);2013;Eau (direct);Sulfates;31400000;kg/an
0007001495;ARTOIS ENERGIE;2013;Air;Dioxyde de carbone (CO2) d'origine non biomasse;29600000;kg/an
0007000922;VENATOR (Ex Huntsman P&A France);2013;Eau (direct);Titane et composés (exprimés en tant que Ti);225000;kg/an
0007001495;ARTOIS ENERGIE;2013;Air;Dioxyde de carbone (CO2) total (d'origine biomasse et non biomasse);29600000;kg/an
0007000922;VENATOR (Ex Huntsman P&A France);2013;Eau (direct);Zinc et composés (exprimés en tant que Zn);914;kg/an
0007000923;TIM SAS;2013;Air;Composés organiques volatils non méthaniques (COVNM);38300;kg/an
0007001579;VALNOR;2013;Air;Méthane (CH4);218000;kg/an
0007000936;TEREOS Sucrerie de Lillers;2013;Air;Oxydes de soufre (SOx/SO2);879000;kg/an
0007001610;DEMARLE;2013;Air;Composés organiques volatils non méthaniques (COVNM);76700;kg/an
0007000936;TEREOS Sucrerie de Lillers;2013;Air;Oxydes d'azote (NOx/NO2);396000;kg/an
0007000936;TEREOS Sucrerie de Lillers;2013;Air;Dioxyde de carbone (CO2) d'origine non biomasse;201000000;kg/an
0007001630;DESVRES Maubeuge;2013;Air;Dioxyde de carbone (CO2) d'origine non biomasse;24000000;kg/an
0007001630;DESVRES Maubeuge;2013;Air;Dioxyde de carbone (CO2) total (d'origine biomasse et non biomasse);24000000;kg/an
0007002879;LENGLET Raillencourt;2013;Air;Composés organiques volatils non méthaniques (COVNM);106000;kg/an
0007001689;RLST ELIS;2013;Eau (indirect);Zinc et composés (exprimés en tant que Zn);119;kg/an
0007001696;ENERSOL;2013;Air;Dioxyde de carbone (CO2) d'origine non biomasse;117000000;kg/an
0007002922;GUIOT SA;2013;Eau (indirect);Demande biologique en oxygène (DBO5);44700;kg/an
0007001696;ENERSOL;2013;Air;Dioxyde de carbone (CO2) total (d'origine biomasse et non biomasse);117000000;kg/an
0007002953;DRAKA COMTEQ FRANCE;2013;Air;Oxydes d'azote (NOx/NO2);380000;kg/an
0007001730;FM LOGISTIC;2013;Air;Hydrochlorofluorocarbures (HCFC);430;kg/an
0007001762;FRANCE MANCHE S.A.(Entretien navettes);2013;Air;Hydrochlorofluorocarbures (HCFC);2570;kg/an
0007001762;FRANCE MANCHE S.A.(Entretien navettes);2013;Air;Halons;757;kg/an
0007002964;BORALEX Blendecques SAS;2013;Air;Dioxyde de carbone (CO2) d'origine non biomasse;39600000;kg/an
0007001779;GRTgaz - Station de Taisnières;2013;Air;Composés organiques volatils non méthaniques (COVNM);35200;kg/an
0007001779;GRTgaz - Station de Taisnières;2013;Air;Méthane (CH4);264000;kg/an
0007002964;BORALEX Blendecques SAS;2013;Air;Dioxyde de carbone (CO2) total (d'origine biomasse et non biomasse);39600000;kg/an
0007001779;GRTgaz - Station de Taisnières;2013;Air;Dioxyde de carbone (CO2) d'origine non biomasse;114000000;kg/an
0007001779;GRTgaz - Station de Taisnières;2013;Air;Dioxyde de carbone (CO2) total (d'origine biomasse et non biomasse);114000000;kg/an
0007002973;Station d'épuration de Marquette lez Lille;2013;Eau (direct);Azote total;705000;kg/an
0007001789;NOVANDIE (SAS)-(ex Générale UItra Frais);2013;Air;Hydroflurocarbures (HFC);116;kg/an
0007002973;Station d'épuration de Marquette lez Lille;2013;Eau (direct);Chlorures (en tant que Cl total);8200000;kg/an
0007001833;TATA STEEL MAUBEUGE SAS;2013;Air;Composés organiques volatils non méthaniques (COVNM);139000;kg/an
0007002973;Station d'épuration de Marquette lez Lille;2013;Eau (direct);Cobalt et composés (exprimés en tant que Co);45;kg/an
0007001833;TATA STEEL MAUBEUGE SAS;2013;Air;Dioxyde de carbone (CO2) d'origine non biomasse;48200000;kg/an
0007001833;TATA STEEL MAUBEUGE SAS;2013;Air;Dioxyde de carbone (CO2) total (d'origine biomasse et non biomasse);48200000;kg/an
0007002973;Station d'épuration de Marquette lez Lille;2013;Eau (direct);Cuivre et composés (exprimés en tant que Cu);320;kg/an
0007001833;TATA STEEL MAUBEUGE SAS;2013;Eau (direct);Mercure et composés (exprimés en tant que Hg);1.14;kg/an
0007002973;Station d'épuration de Marquette lez Lille;2013;Eau (direct);Demande biologique en oxygène (DBO5);485000;kg/an
0007001871;KNAUF INDUSTRIES NORD;2013;Air;Composés organiques volatils non méthaniques (COVNM);77300;kg/an
0007002973;Station d'épuration de Marquette lez Lille;2013;Eau (direct);Demande chimique en oxygène (DCO);1660000;kg/an
0007001872;KNAUF Industries Nord;2013;Air;Composés organiques volatils non méthaniques (COVNM);37800;kg/an
0007002973;Station d'épuration de Marquette lez Lille;2013;Eau (direct);Fer et composés (exprimés en tant que Fe);10900;kg/an
0007001919;LEROUX;2013;Eau (direct);Demande biologique en oxygène (DBO5);75200;kg/an
0007001919;LEROUX;2013;Eau (direct);Demande chimique en oxygène (DCO);195000;kg/an
0007002973;Station d'épuration de Marquette lez Lille;2013;Eau (direct);Fluorures (en tant que F total);13100;kg/an
0007002973;Station d'épuration de Marquette lez Lille;2013;Eau (direct);Manganèse et composés (exprimés en tant que Mn);2150;kg/an
0007001926;LFB Biomédicaments;2013;Eau (indirect);Azote total;55700;kg/an
0007002973;Station d'épuration de Marquette lez Lille;2013;Eau (direct);Matières en suspension (MES);617000;kg/an
0007001955;MAISON MENISSEZ SA;2013;Eau (indirect);Demande biologique en oxygène (DBO5);116000;kg/an
0007001955;MAISON MENISSEZ SA;2013;Eau (indirect);Demande chimique en oxygène (DCO);214000;kg/an
0007002973;Station d'épuration de Marquette lez Lille;2013;Eau (direct);Nickel et composés (exprimés en tant que Ni);360;kg/an
0007002024;SITA NORD EST;2013;Air;Méthane (CH4);113000;kg/an
0007002973;Station d'épuration de Marquette lez Lille;2013;Eau (direct);Phosphore total;84600;kg/an
0007002973;Station d'épuration de Marquette lez Lille;2013;Eau (direct);Sulfates;8950000;kg/an
0007002077;PALCHEM;2013;Air;Dichlorométhane (DCM, chlorure de méthylène);1380;kg/an
0007002223;SEDE;2013;Air;Ammoniac (NH3);33600;kg/an
0007002973;Station d'épuration de Marquette lez Lille;2013;Eau (direct);Zinc et composés (exprimés en tant que Zn);3600;kg/an
0007002235;CIDEME;2013;Air;Dioxyde de carbone (CO2) d'origine non biomasse;37700000;kg/an
0007002973;Station d'épuration de Marquette lez Lille;2013;Sol;Arsenic et composés (exprimés en tant que As);22.8;kg/an
0007002235;CIDEME;2013;Air;Dioxyde de carbone (CO2) total (d'origine biomasse et non biomasse);75100000;kg/an
0007002235;CIDEME;2013;Air;Dioxyde de carbone (CO2) d'origine biomasse;37400000;kg/an
0007002235;CIDEME;2013;Sol;Plomb et composés (exprimés en tant que Pb);29.1;kg/an
0007002973;Station d'épuration de Marquette lez Lille;2013;Sol;Azote total;219000;kg/an
0007002973;Station d'épuration de Marquette lez Lille;2013;Sol;Cadmium et composés (exprimés en tant que Cd);11.2;kg/an
0007002239;SICOS;2013;Air;Hydrochlorofluorocarbures (HCFC);39.1;kg/an
0007002239;SICOS;2013;Eau (indirect);Demande biologique en oxygène (DBO5);82200;kg/an
0007002973;Station d'épuration de Marquette lez Lille;2013;Sol;Chrome et composés (exprimés en tant que Cr);330;kg/an
0007002239;SICOS;2013;Eau (indirect);Demande chimique en oxygène (DCO);224000;kg/an
0007002973;Station d'épuration de Marquette lez Lille;2013;Sol;Cuivre et composés (exprimés en tant que Cu);1970;kg/an
0007002309;GRTgaz - Station de Pitgam;2013;Air;Composés organiques volatils non méthaniques (COVNM);34900;kg/an
0007002309;GRTgaz - Station de Pitgam;2013;Air;Méthane (CH4);238000;kg/an
0007002973;Station d'épuration de Marquette lez Lille;2013;Sol;Hydrocarbures aromatiques polycycliques (HAP);8.95;kg/an
0007002309;GRTgaz - Station de Pitgam;2013;Air;Dioxyde de carbone (CO2) d'origine non biomasse;39700000;kg/an
0007002309;GRTgaz - Station de Pitgam;2013;Air;Dioxyde de carbone (CO2) total (d'origine biomasse et non biomasse);39700000;kg/an
0007002313;NOREADE;2013;Eau (direct);Chrome et composés (exprimés en tant que Cr);122;kg/an
0007002313;NOREADE;2013;Eau (direct);Di(2-éthylhexyle)phtalate (DEHP);1.96;kg/an
0007002973;Station d'épuration de Marquette lez Lille;2013;Sol;Mercure et composés (exprimés en tant que Hg);7.5;kg/an
0007002313;NOREADE;2013;Eau (direct);Nickel et composés (exprimés en tant que Ni);43.4;kg/an
0007002973;Station d'épuration de Marquette lez Lille;2013;Sol;Nickel et composés (exprimés en tant que Ni);195;kg/an
0007002326;VERSALIS FRANCE SAS Fortelet;2013;Air;Benzène;5160;kg/an
0007002973;Station d'épuration de Marquette lez Lille;2013;Sol;Phosphore total;267000;kg/an
0007002326;VERSALIS FRANCE SAS Fortelet;2013;Air;Composés organiques volatils non méthaniques (COVNM);185000;kg/an
0007002377;THYSSEN KRUPP ELECTRICAL STEEL UGO;2013;Air;Sulfure d'hydrogène (H2S);4550;kg/an
0007002973;Station d'épuration de Marquette lez Lille;2013;Sol;Plomb et composés (exprimés en tant que Pb);953;kg/an
0007002377;THYSSEN KRUPP ELECTRICAL STEEL UGO;2013;Eau (indirect);Chrome et composés (exprimés en tant que Cr);1320;kg/an
0007002377;THYSSEN KRUPP ELECTRICAL STEEL UGO;2013;Eau (indirect);Cuivre et composés (exprimés en tant que Cu);460;kg/an
0007002973;Station d'épuration de Marquette lez Lille;2013;Sol;Zinc et composés (exprimés en tant que Zn);9970;kg/an
0007002377;THYSSEN KRUPP ELECTRICAL STEEL UGO;2013;Eau (indirect);Fer et composés (exprimés en tant que Fe);66100;kg/an
0007002377;THYSSEN KRUPP ELECTRICAL STEEL UGO;2013;Eau (indirect);Fluorures (en tant que F total);12700;kg/an
0007002973;Station d'épuration de Marquette lez Lille;2013;Sol;Biphényles polychlorés (PCB);1.24;kg/an
0007002377;THYSSEN KRUPP ELECTRICAL STEEL UGO;2013;Eau (indirect);Nickel et composés (exprimés en tant que Ni);842;kg/an
0007002398;LIBERTY ASCOVAL;2013;Air;Antimoine et composés (exprimés en tant que Sb);29;kg/an
0007003109;AUCHAN SA;2013;Air;Hydroflurocarbures (HFC);416;kg/an
0007002398;LIBERTY ASCOVAL;2013;Air;Manganèse et composés (exprimés en tant que Mn);1870;kg/an
0007002398;LIBERTY ASCOVAL;2013;Air;Mercure et composés (exprimés en tant que Hg);11;kg/an
0007002398;LIBERTY ASCOVAL;2013;Air;Zinc et composés (exprimés en tant que Zn);807;kg/an
0007003162;TREMOIS 2;2013;Air;Dichlorométhane (DCM, chlorure de méthylène);1970;kg/an
0007002398;LIBERTY ASCOVAL;2013;Air;Dioxyde de carbone (CO2) d'origine non biomasse;49100000;kg/an
0007002398;LIBERTY ASCOVAL;2013;Air;Dioxyde de carbone (CO2) total (d'origine biomasse et non biomasse);49100000;kg/an
0007003257;NORDFILM IMPRESSION;2013;Air;Composés organiques volatils non méthaniques (COVNM);149000;kg/an
0007002398;LIBERTY ASCOVAL;2013;Eau (direct);Cadmium et composés (exprimés en tant que Cd);10;kg/an
0007002398;LIBERTY ASCOVAL;2013;Eau (direct);Nickel et composés (exprimés en tant que Ni);36;kg/an
0007002398;LIBERTY ASCOVAL;2013;Eau (direct);Zinc et composés (exprimés en tant que Zn);389;kg/an
0007003322;RYSSEN ALCOOLS SAS;2013;Air;Dioxyde de carbone (CO2) d'origine non biomasse;23400000;kg/an
0007002401;COVALYS ex-VALNOR (CVE ANTARES);2013;Air;Ammoniac (NH3);10600;kg/an
0007002401;COVALYS ex-VALNOR (CVE ANTARES);2013;Air;Oxydes d'azote (NOx/NO2);121000;kg/an
0007002401;COVALYS ex-VALNOR (CVE ANTARES);2013;Air;Dioxyde de carbone (CO2) d'origine non biomasse;140000000;kg/an
0007003322;RYSSEN ALCOOLS SAS;2013;Air;Dioxyde de carbone (CO2) total (d'origine biomasse et non biomasse);23400000;kg/an
0007002401;COVALYS ex-VALNOR (CVE ANTARES);2013;Air;Dioxyde de carbone (CO2) total (d'origine biomasse et non biomasse);326000000;kg/an
0007003390;Agora;2013;Eau (direct);Arsenic et composés (exprimés en tant que As);20.9;kg/an
0007003390;Agora;2013;Eau (direct);Cadmium et composés (exprimés en tant que Cd);1.32;kg/an
0007002413;OPALE ENVIRONNEMENT (CET);2013;Air;Méthane (CH4);383000;kg/an
0007002413;OPALE ENVIRONNEMENT (CET);2013;Eau (indirect);Composés organohalogénés (exprimés en tant que AOX);10500;kg/an
0007003454;PETIT PIERRE;2013;Eau (indirect);Demande biologique en oxygène (DBO5);62000;kg/an
0007002425;Stoelzle de Masnières Parfumeries;2013;Air;Dioxyde de carbone (CO2) d'origine non biomasse;40000000;kg/an
0007003529;IKOS ENVIRONNEMENT SAS;2013;Air;Méthane (CH4);134000;kg/an
0007002425;Stoelzle de Masnières Parfumeries;2013;Air;Dioxyde de carbone (CO2) total (d'origine biomasse et non biomasse);40000000;kg/an
0007003558;Syndicat Mixte Flandre Morinie;2013;Air;Dioxyde de carbone (CO2) d'origine non biomasse;34700000;kg/an
0007002503;CORNING GOSSELIN SAS;2013;Air;Acétaldéhyde (aldéhyde acétique  éthanal);362;kg/an
0007003558;Syndicat Mixte Flandre Morinie;2013;Air;Dioxyde de carbone (CO2) total (d'origine biomasse et non biomasse);80600000;kg/an
0007003558;Syndicat Mixte Flandre Morinie;2013;Air;Dioxyde de carbone (CO2) d'origine biomasse;45900000;kg/an
0007002546;ROQUETTE Frères;2013;Air;Hydroflurocarbures (HFC);1090;kg/an
0007003600;PLASTIC OMNIUM AUTO EXTERIOR;2013;Air;Composés organiques volatils non méthaniques (COVNM);99100;kg/an
0007002546;ROQUETTE Frères;2013;Air;Oxydes d'azote (NOx/NO2);338000;kg/an
0007002546;ROQUETTE Frères;2013;Air;Protoxyde d'azote (N2O);26900;kg/an
0007003917;AUCHAN ARRAS;2013;Air;Hydroflurocarbures (HFC);190;kg/an
0007002546;ROQUETTE Frères;2013;Air;Dioxyde de carbone (CO2) d'origine non biomasse;597000000;kg/an
0007002546;ROQUETTE Frères;2013;Air;Dioxyde de carbone (CO2) total (d'origine biomasse et non biomasse);597000000;kg/an
0007003941;CVE;2013;Air;Dioxyde de carbone (CO2) d'origine non biomasse;24500000;kg/an
0007002546;ROQUETTE Frères;2013;Eau (direct);Chlorures (en tant que Cl total);7410000;kg/an
0007002546;ROQUETTE Frères;2013;Eau (direct);Demande biologique en oxygène (DBO5);146000;kg/an
0007002546;ROQUETTE Frères;2013;Eau (direct);Demande chimique en oxygène (DCO);763000;kg/an
0007003941;CVE;2013;Air;Dioxyde de carbone (CO2) total (d'origine biomasse et non biomasse);56900000;kg/an
0007002546;ROQUETTE Frères;2013;Eau (direct);Nickel et composés (exprimés en tant que Ni);572;kg/an
0007002546;ROQUETTE Frères;2013;Eau (direct);Phosphore total;35000;kg/an
0007003941;CVE;2013;Air;Dioxyde de carbone (CO2) d'origine biomasse;32400000;kg/an
0007002546;ROQUETTE Frères;2013;Eau (direct);Zinc et composés (exprimés en tant que Zn);1280;kg/an
0007004138;SA  ALPHAGLASS;2013;Air;Mercure et composés (exprimés en tant que Hg);43.4;kg/an
0007004138;SA  ALPHAGLASS;2013;Air;Oxydes d'azote (NOx/NO2);219000;kg/an
0007002548;SI GROUP-BETHUNE;2013;Air;Dioxyde de carbone (CO2) d'origine non biomasse;21300000;kg/an
0007004138;SA  ALPHAGLASS;2013;Air;Dioxyde de carbone (CO2) d'origine non biomasse;51700000;kg/an
0007002548;SI GROUP-BETHUNE;2013;Air;Dioxyde de carbone (CO2) total (d'origine biomasse et non biomasse);21300000;kg/an
0007002568;LIOT;2013;Eau (indirect);Demande biologique en oxygène (DBO5);107000;kg/an
0007004138;SA  ALPHAGLASS;2013;Air;Dioxyde de carbone (CO2) total (d'origine biomasse et non biomasse);51700000;kg/an
0007002731;TOYOTA M.M.F.;2013;Air;Composés organiques volatils non méthaniques (COVNM);332000;kg/an
0007004361;OCTEVA SAS;2013;Air;Acétaldéhyde (aldéhyde acétique  éthanal);680;kg/an
0007002731;TOYOTA M.M.F.;2013;Air;Dioxyde de carbone (CO2) d'origine non biomasse;16300000;kg/an
0007002731;TOYOTA M.M.F.;2013;Air;Dioxyde de carbone (CO2) total (d'origine biomasse et non biomasse);16300000;kg/an
0007004361;OCTEVA SAS;2013;Eau (indirect);Cadmium et composés (exprimés en tant que Cd);12.2;kg/an
0007002731;TOYOTA M.M.F.;2013;Eau (direct);Nickel et composés (exprimés en tant que Ni);34.6;kg/an
0007004361;OCTEVA SAS;2013;Eau (indirect);Carbone organique total (en tant que C total ou DCO/3);163000;kg/an
0007004361;OCTEVA SAS;2013;Eau (indirect);Demande biologique en oxygène (DBO5);51600;kg/an
0007004361;OCTEVA SAS;2013;Eau (indirect);Demande chimique en oxygène (DCO);354000;kg/an
0007004514;AUCHAN France BETHUNE;2013;Air;Hydroflurocarbures (HFC);439;kg/an
0007201158;LIBERTY FOUNDRY POITOU;2013;Air;Phénols (en tant que C total);2310;kg/an
0007005433;AUCHAN CALAIS;2013;Air;Hydroflurocarbures (HFC);652;kg/an
0007201158;LIBERTY FOUNDRY POITOU;2013;Air;Zinc et composés (exprimés en tant que Zn);11900;kg/an
0007201158;LIBERTY FOUNDRY POITOU;2013;Eau (direct);Zinc et composés (exprimés en tant que Zn);296;kg/an
0007006131;RECYCO;2013;Air;Cobalt et composés (exprimés en tant que Co);6.15;kg/an
0007201173;IMERYS REFRACTORY MINERALS CLERAC;2013;Air;Composés organiques volatils non méthaniques (COVNM);38400;kg/an
0007201173;IMERYS REFRACTORY MINERALS CLERAC;2013;Air;Fluor et composés inorganiques (en tant que HF);13600;kg/an
0007201173;IMERYS REFRACTORY MINERALS CLERAC;2013;Air;Oxydes de soufre (SOx/SO2);251000;kg/an
0007100036;Distillerie Riviere du Mat;2013;Eau (direct);Demande biologique en oxygène (DBO5);3560000;kg/an
0007201173;IMERYS REFRACTORY MINERALS CLERAC;2013;Air;Dioxyde de carbone (CO2) total (d'origine biomasse et non biomasse);15100000;kg/an
0007201173;IMERYS REFRACTORY MINERALS CLERAC;2013;Air;Dioxyde de carbone (CO2) d'origine biomasse;15100000;kg/an
0007100036;Distillerie Riviere du Mat;2013;Eau (direct);Demande chimique en oxygène (DCO);8360000;kg/an
0007201195;SODEM;2013;Eau (indirect);Demande biologique en oxygène (DBO5);160000;kg/an
0007201195;SODEM;2013;Eau (indirect);Demande chimique en oxygène (DCO);317000;kg/an
0007100036;Distillerie Riviere du Mat;2013;Eau (direct);Matières en suspension (MES);1120000;kg/an
0007201205;Grand Poitiers communauté urbaine;2013;Air;Dioxyde de carbone (CO2) d'origine non biomasse;15900000;kg/an
0007100049;ALBIOMA ALG Centrale thermique;2013;Air;Chlore et composés inorganiques (en tant que HCl);288000;kg/an
0007201205;Grand Poitiers communauté urbaine;2013;Air;Dioxyde de carbone (CO2) total (d'origine biomasse et non biomasse);36600000;kg/an
0007201205;Grand Poitiers communauté urbaine;2013;Air;Dioxyde de carbone (CO2) d'origine biomasse;20700000;kg/an
0007100049;ALBIOMA ALG Centrale thermique;2013;Air;Oxydes de soufre (SOx/SO2);2230000;kg/an
0007201208;TIMAC AGRO;2013;Air;Cobalt et composés (exprimés en tant que Co);98.8;kg/an
0007201208;TIMAC AGRO;2013;Air;Plomb et composés (exprimés en tant que Pb);227;kg/an
0007100049;ALBIOMA ALG Centrale thermique;2013;Air;Oxydes d'azote (NOx/NO2);1460000;kg/an
0007201208;TIMAC AGRO;2013;Air;Dioxyde de carbone (CO2) total (d'origine biomasse et non biomasse);12100000;kg/an
0007201208;TIMAC AGRO;2013;Air;Dioxyde de carbone (CO2) d'origine biomasse;12100000;kg/an
0007100049;ALBIOMA ALG Centrale thermique;2013;Air;Protoxyde d'azote (N2O);34000;kg/an
0007201226;GrandAngoulême;2013;Air;Dioxyde de carbone (CO2) d'origine non biomasse;11600000;kg/an
0007100049;ALBIOMA ALG Centrale thermique;2013;Air;Dioxyde de carbone (CO2) d'origine non biomasse;787000000;kg/an
0007201226;GrandAngoulême;2013;Air;Dioxyde de carbone (CO2) total (d'origine biomasse et non biomasse);26900000;kg/an
0007201226;GrandAngoulême;2013;Air;Dioxyde de carbone (CO2) d'origine biomasse;15300000;kg/an
0007100049;ALBIOMA ALG Centrale thermique;2013;Air;Dioxyde de carbone (CO2) total (d'origine biomasse et non biomasse);987000000;kg/an
0007201267;BONILAIT PROTEINES;2013;Air;Dioxyde de carbone (CO2) d'origine non biomasse;18300000;kg/an
0007100049;ALBIOMA ALG Centrale thermique;2013;Air;Dioxyde de carbone (CO2) d'origine biomasse;200000000;kg/an
0007201267;BONILAIT PROTEINES;2013;Air;Dioxyde de carbone (CO2) total (d'origine biomasse et non biomasse);18300000;kg/an
0007100049;ALBIOMA ALG Centrale thermique;2013;Eau (direct);Zinc et composés (exprimés en tant que Zn);286;kg/an
0007201271;Société Fromagère de Riblaire;2013;Air;Nickel et composés (exprimés en tant que Ni);60;kg/an
0007100060;COMPAGNIE LAITIERE DES MASCAREIGNES;2013;Eau (indirect);Demande biologique en oxygène (DBO5);75200;kg/an
0007201271;Société Fromagère de Riblaire;2013;Sol;Phosphore total;12300;kg/an
0007201287;TERREAL;2013;Air;Dioxyde de carbone (CO2) d'origine non biomasse;43600000;kg/an
0007100063;ILEVA;2013;Air;Méthane (CH4);3950000;kg/an
0007201287;TERREAL;2013;Air;Dioxyde de carbone (CO2) total (d'origine biomasse et non biomasse);43600000;kg/an
0007201294;SOTRIVAL;2013;Air;Méthane (CH4);873000;kg/an
0007100063;ILEVA;2013;Air;Dioxyde de carbone (CO2) total (d'origine biomasse et non biomasse);16400000;kg/an
0007201294;SOTRIVAL;2013;Air;Dioxyde de carbone (CO2) total (d'origine biomasse et non biomasse);18100000;kg/an
0007201294;SOTRIVAL;2013;Air;Dioxyde de carbone (CO2) d'origine biomasse;18100000;kg/an
0007100063;ILEVA;2013;Air;Dioxyde de carbone (CO2) d'origine biomasse;16400000;kg/an
0007201300;SOPPEC  SA.;2013;Air;Composés organiques volatils non méthaniques (COVNM);56200;kg/an
0007100070;SUEZ RV Réunion;2013;Air;Méthane (CH4);297000;kg/an
0007201321;SAFT;2013;Eau (direct);Cadmium et composés (exprimés en tant que Cd);1.03;kg/an
0007100070;SUEZ RV Réunion;2013;Air;Dioxyde de carbone (CO2) d'origine non biomasse;17400000;kg/an
0007201328;RHODIA OPERATIONS;2013;Air;Composés organiques volatils non méthaniques (COVNM);57200;kg/an
0007100070;SUEZ RV Réunion;2013;Air;Dioxyde de carbone (CO2) total (d'origine biomasse et non biomasse);17400000;kg/an
0007201328;RHODIA OPERATIONS;2013;Air;Nickel et composés (exprimés en tant que Ni);77.6;kg/an
0007201328;RHODIA OPERATIONS;2013;Air;Dioxyde de carbone (CO2) d'origine non biomasse;31700000;kg/an
0007100079;SRPP Depot d'hydrocarbures;2013;Air;Composés organiques volatils non méthaniques (COVNM);37900;kg/an
0007201328;RHODIA OPERATIONS;2013;Air;Dioxyde de carbone (CO2) total (d'origine biomasse et non biomasse);31700000;kg/an
0007201328;RHODIA OPERATIONS;2013;Eau (direct);Azote total;729000;kg/an
0007100081;Distillerie Savanna;2013;Eau (direct);Demande biologique en oxygène (DBO5);2100000;kg/an
0007201328;RHODIA OPERATIONS;2013;Eau (direct);Fluorures (en tant que F total);2150;kg/an
0007201348;RHODIA  OPERATIONS (Groupe SOLVAY);2013;Air;Composés organiques volatils non méthaniques (COVNM);30500;kg/an
0007100081;Distillerie Savanna;2013;Eau (direct);Demande chimique en oxygène (DCO);6090000;kg/an
0007201348;RHODIA  OPERATIONS (Groupe SOLVAY);2013;Eau (direct);Nickel et composés (exprimés en tant que Ni);67;kg/an
0007201348;RHODIA  OPERATIONS (Groupe SOLVAY);2013;Eau (direct);Plomb et composés (exprimés en tant que Pb);23;kg/an
0007100088;Brasseries de Bourbon;2013;Eau (indirect);Demande biologique en oxygène (DBO5);67200;kg/an
0007201348;RHODIA  OPERATIONS (Groupe SOLVAY);2013;Eau (direct);Sulfates;1950000;kg/an
0007201362;AHLSTROM MUNKSJÖ SPECIALTIES;2013;Air;Dioxyde de carbone (CO2) d'origine non biomasse;25600000;kg/an
0007100088;Brasseries de Bourbon;2013;Eau (indirect);Demande chimique en oxygène (DCO);254000;kg/an
0007201362;AHLSTROM MUNKSJÖ SPECIALTIES;2013;Air;Dioxyde de carbone (CO2) total (d'origine biomasse et non biomasse);25600000;kg/an
0007201362;AHLSTROM MUNKSJÖ SPECIALTIES;2013;Eau (direct);Nonylphénols et éthoxylates de nonylphénol (NP/NPE);223;kg/an
0007100113;Sucriere de la Reunion;2013;Eau (indirect);Demande biologique en oxygène (DBO5);289000;kg/an
0007201380;ORECO;2013;Air;Composés organiques volatils non méthaniques (COVNM);147000;kg/an
0007100113;Sucriere de la Reunion;2013;Eau (indirect);Demande chimique en oxygène (DCO);590000;kg/an
0007100121;ALBIOMA Bois Rouge;2013;Air;Chlore et composés inorganiques (en tant que HCl);92000;kg/an
0007201381;Martell - Gallienne;2013;Air;Composés organiques volatils non méthaniques (COVNM);62800;kg/an
0007100121;ALBIOMA Bois Rouge;2013;Air;Monoxyde de carbone (CO);676000;kg/an
0007201384;MARIE SURGELES;2013;Eau (direct);Demande biologique en oxygène (DBO5);73900;kg/an
0007201394;LEROY SOMER FONDERIE;2013;Air;Composés organiques volatils non méthaniques (COVNM);115000;kg/an
0007100121;ALBIOMA Bois Rouge;2013;Air;Méthane (CH4);193000;kg/an
0007100121;ALBIOMA Bois Rouge;2013;Air;Oxydes de soufre (SOx/SO2);2580000;kg/an
0007201405;AUTOLIV ISODELTA;2013;Air;Composés organiques volatils non méthaniques (COVNM);40300;kg/an
0007100121;ALBIOMA Bois Rouge;2013;Air;Oxydes d'azote (NOx/NO2);1560000;kg/an
0007201406;HUTCHINSON SNC;2013;Air;Composés organiques volatils non méthaniques (COVNM);37500;kg/an
0007100121;ALBIOMA Bois Rouge;2013;Air;Protoxyde d'azote (N2O);26500;kg/an
0007201450;PLACOPLATRE (PLACO SAINT-GOBAIN);2013;Air;Dioxyde de carbone (CO2) d'origine non biomasse;24600000;kg/an
0007100121;ALBIOMA Bois Rouge;2013;Air;Dioxyde de carbone (CO2) d'origine non biomasse;794000000;kg/an
0007201450;PLACOPLATRE (PLACO SAINT-GOBAIN);2013;Air;Dioxyde de carbone (CO2) total (d'origine biomasse et non biomasse);24600000;kg/an
0007201479;RICHARD LALEU;2013;Air;Composés organiques volatils non méthaniques (COVNM);57100;kg/an
0007100121;ALBIOMA Bois Rouge;2013;Air;Dioxyde de carbone (CO2) total (d'origine biomasse et non biomasse);1020000000;kg/an
0007100121;ALBIOMA Bois Rouge;2013;Air;Dioxyde de carbone (CO2) d'origine biomasse;223000000;kg/an
0007201482;SOVAL NORD;2013;Air;Méthane (CH4);330000;kg/an
0007100121;ALBIOMA Bois Rouge;2013;Eau (direct);Cadmium et composés (exprimés en tant que Cd);6.21;kg/an
0007201494;AIGLE  INTERNATIONAL;2013;Air;Composés organiques volatils non méthaniques (COVNM);75300;kg/an
0007201508;MONIER;2013;Air;Dioxyde de carbone (CO2) d'origine non biomasse;21400000;kg/an
0007100121;ALBIOMA Bois Rouge;2013;Eau (direct);Chrome et composés (exprimés en tant que Cr);57.8;kg/an
0007201508;MONIER;2013;Air;Dioxyde de carbone (CO2) total (d'origine biomasse et non biomasse);21400000;kg/an
0007100121;ALBIOMA Bois Rouge;2013;Eau (direct);Cuivre et composés (exprimés en tant que Cu);198;kg/an
0007201518;UIOM D'OLERON;2013;Air;Dioxyde de carbone (CO2) total (d'origine biomasse et non biomasse);10000000;kg/an
0007100121;ALBIOMA Bois Rouge;2013;Eau (direct);Mercure et composés (exprimés en tant que Hg);2.32;kg/an
0007201518;UIOM D'OLERON;2013;Air;Dioxyde de carbone (CO2) d'origine biomasse;10000000;kg/an
0007100121;ALBIOMA Bois Rouge;2013;Eau (direct);Nickel et composés (exprimés en tant que Ni);169;kg/an
0007201529;LAFARGE CIMENTS;2013;Air;Benzène;1420;kg/an
0007201529;LAFARGE CIMENTS;2013;Air;Oxydes de soufre (SOx/SO2);281000;kg/an
0007100121;ALBIOMA Bois Rouge;2013;Eau (direct);Plomb et composés (exprimés en tant que Pb);20.2;kg/an
0007201529;LAFARGE CIMENTS;2013;Air;Oxydes d'azote (NOx/NO2);1150000;kg/an
0007100121;ALBIOMA Bois Rouge;2013;Eau (direct);Zinc et composés (exprimés en tant que Zn);269;kg/an
0007201529;LAFARGE CIMENTS;2013;Air;Thallium et ses composés (exprimés en tant que Tl);24;kg/an
0007201529;LAFARGE CIMENTS;2013;Air;Dioxyde de carbone (CO2) d'origine non biomasse;511000000;kg/an
0007100593;EDF-SEI;2013;Air;Nickel et composés (exprimés en tant que Ni);111;kg/an
0007201529;LAFARGE CIMENTS;2013;Air;Dioxyde de carbone (CO2) total (d'origine biomasse et non biomasse);551000000;kg/an
0007201529;LAFARGE CIMENTS;2013;Air;Dioxyde de carbone (CO2) d'origine biomasse;39900000;kg/an
0007100593;EDF-SEI;2013;Air;Oxydes d'azote (NOx/NO2);732000;kg/an
0007201539;SOCIETE FROMAGERIES LESCURE;2013;Eau (direct);Demande biologique en oxygène (DBO5);88100;kg/an
0007201542;CIMENTS CALCIA sas;2013;Air;Ammoniac (NH3);39200;kg/an
0007100593;EDF-SEI;2013;Air;Vanadium et ses composés;55;kg/an
0007201542;CIMENTS CALCIA sas;2013;Air;Benzène;7110;kg/an
0007201542;CIMENTS CALCIA sas;2013;Air;Cobalt et composés (exprimés en tant que Co);5.66;kg/an
0007100593;EDF-SEI;2013;Air;Dioxyde de carbone (CO2) d'origine non biomasse;48100000;kg/an
0007201542;CIMENTS CALCIA sas;2013;Air;Composés organiques volatils non méthaniques (COVNM);38800;kg/an
0007201542;CIMENTS CALCIA sas;2013;Air;Naphthalène;1090;kg/an
0007100593;EDF-SEI;2013;Air;Dioxyde de carbone (CO2) total (d'origine biomasse et non biomasse);48100000;kg/an
0007201542;CIMENTS CALCIA sas;2013;Air;Oxydes de soufre (SOx/SO2);1190000;kg/an
0007201542;CIMENTS CALCIA sas;2013;Air;Oxydes d'azote (NOx/NO2);761000;kg/an
0007100701;EDF-SEI;2013;Air;Dioxyde de carbone (CO2) d'origine non biomasse;19100000;kg/an
0007201542;CIMENTS CALCIA sas;2013;Air;Zinc et composés (exprimés en tant que Zn);380;kg/an
0007201542;CIMENTS CALCIA sas;2013;Air;Dioxyde de carbone (CO2) d'origine non biomasse;611000000;kg/an
0007100701;EDF-SEI;2013;Air;Dioxyde de carbone (CO2) total (d'origine biomasse et non biomasse);19100000;kg/an
0007201542;CIMENTS CALCIA sas;2013;Air;Dioxyde de carbone (CO2) total (d'origine biomasse et non biomasse);649000000;kg/an
0007201542;CIMENTS CALCIA sas;2013;Air;Dioxyde de carbone (CO2) d'origine biomasse;37900000;kg/an
0007100966;SICABAT;2013;Eau (indirect);Demande biologique en oxygène (DBO5);56300;kg/an
0007201542;CIMENTS CALCIA sas;2013;Eau (direct);Zinc et composés (exprimés en tant que Zn);203;kg/an
0007101355;EDF-PEI SAS;2013;Air;Ammoniac (NH3);160000;kg/an
0007201557;Martell - Chanteloup;2013;Air;Composés organiques volatils non méthaniques (COVNM);311000;kg/an
0007101355;EDF-PEI SAS;2013;Air;Antimoine et composés (exprimés en tant que Sb);20.2;kg/an
0007201562;LOEUL PIRIOT;2013;Eau (indirect);Demande biologique en oxygène (DBO5);48800;kg/an
0007101355;EDF-PEI SAS;2013;Air;Cobalt et composés (exprimés en tant que Co);96.8;kg/an
0007201591;HENNESSY Célérier/Faiencerie;2013;Air;Composés organiques volatils non méthaniques (COVNM);39000;kg/an
0007101355;EDF-PEI SAS;2013;Air;Nickel et composés (exprimés en tant que Ni);636;kg/an
0007101355;EDF-PEI SAS;2013;Air;Oxydes de soufre (SOx/SO2);770000;kg/an
0007201604;Armor Protéines site de Surgères;2013;Eau (direct);Azote total;54600;kg/an
0007101355;EDF-PEI SAS;2013;Air;Oxydes d'azote (NOx/NO2);517000;kg/an
0007201604;Armor Protéines site de Surgères;2013;Eau (direct);Demande biologique en oxygène (DBO5);915000;kg/an
0007201604;Armor Protéines site de Surgères;2013;Eau (direct);Demande chimique en oxygène (DCO);1770000;kg/an
0007101355;EDF-PEI SAS;2013;Air;Particules (PM10);53100;kg/an
0007201604;Armor Protéines site de Surgères;2013;Eau (direct);Matières en suspension (MES);587000;kg/an
0007201604;Armor Protéines site de Surgères;2013;Eau (direct);Phosphore total;7860;kg/an
0007101355;EDF-PEI SAS;2013;Air;Vanadium et ses composés;312;kg/an
0007201614;ELIVIA BRESSUIRE;2013;Eau (indirect);Demande biologique en oxygène (DBO5);305000;kg/an
0007101355;EDF-PEI SAS;2013;Air;Dioxyde de carbone (CO2) d'origine non biomasse;257000000;kg/an
0007201614;ELIVIA BRESSUIRE;2013;Eau (indirect);Demande chimique en oxygène (DCO);589000;kg/an
0007101355;EDF-PEI SAS;2013;Air;Dioxyde de carbone (CO2) total (d'origine biomasse et non biomasse);257000000;kg/an
0007201097;KRATON (ex ARIZONA CHEMICAL);2013;Air;Composés organiques volatils non méthaniques (COVNM);110000;kg/an
0007201652;SOFIVO SAS;2013;Air;Nickel et composés (exprimés en tant que Ni);272;kg/an
0007201652;SOFIVO SAS;2013;Air;Oxydes de soufre (SOx/SO2);174000;kg/an
0007201097;KRATON (ex ARIZONA CHEMICAL);2013;Eau (indirect);Phénols (en tant que C total);205;kg/an
0007201652;SOFIVO SAS;2013;Air;Dioxyde de carbone (CO2) d'origine non biomasse;31100000;kg/an
0007201652;SOFIVO SAS;2013;Air;Dioxyde de carbone (CO2) total (d'origine biomasse et non biomasse);31100000;kg/an
0007201655;VERALLIA - COGNAC;2013;Air;Arsenic et composés (exprimés en tant que As);78.8;kg/an
0007201655;VERALLIA - COGNAC;2013;Air;Chlore et composés inorganiques (en tant que HCl);13700;kg/an
0007201097;KRATON (ex ARIZONA CHEMICAL);2013;Eau (indirect);Toluène;3210;kg/an
0007201655;VERALLIA - COGNAC;2013;Air;Oxydes de soufre (SOx/SO2);429000;kg/an
0007201655;VERALLIA - COGNAC;2013;Air;Oxydes d'azote (NOx/NO2);373000;kg/an
0007201117;MARIE SURGELES;2013;Eau (indirect);Demande biologique en oxygène (DBO5);93000;kg/an
0007201655;VERALLIA - COGNAC;2013;Air;Plomb et composés (exprimés en tant que Pb);204;kg/an
0007201655;VERALLIA - COGNAC;2013;Air;Dioxyde de carbone (CO2) d'origine non biomasse;101000000;kg/an
0007201655;VERALLIA - COGNAC;2013;Air;Dioxyde de carbone (CO2) total (d'origine biomasse et non biomasse);101000000;kg/an
0007201158;LIBERTY FOUNDRY POITOU;2013;Air;Composés organiques volatils non méthaniques (COVNM);150000;kg/an
0007201656;Groupe THIOLLET;2013;Air;Dioxyde de carbone (CO2) d'origine non biomasse;26000000;kg/an
0007201656;Groupe THIOLLET;2013;Air;Dioxyde de carbone (CO2) total (d'origine biomasse et non biomasse);26000000;kg/an
0007202158;SUEZ RV SUD OUEST (ex SITA);2013;Air;Méthane (CH4);1340000;kg/an
0007201656;Groupe THIOLLET;2013;Eau (direct);Demande biologique en oxygène (DBO5);462000;kg/an
0007201656;Groupe THIOLLET;2013;Eau (direct);Demande chimique en oxygène (DCO);760000;kg/an
0007202158;SUEZ RV SUD OUEST (ex SITA);2013;Air;Dioxyde de carbone (CO2) total (d'origine biomasse et non biomasse);11500000;kg/an
0007201656;Groupe THIOLLET;2013;Eau (direct);Zinc et composés (exprimés en tant que Zn);366;kg/an
0007201670;AMCOR FLEXIBLES VENTHENAT;2013;Air;Composés organiques volatils non méthaniques (COVNM);188000;kg/an
0007202158;SUEZ RV SUD OUEST (ex SITA);2013;Air;Dioxyde de carbone (CO2) d'origine biomasse;11500000;kg/an
0007202185;SOYAUX PLASTIQUES COMPLEXAGE;2013;Air;Composés organiques volatils non méthaniques (COVNM);100000;kg/an
0007201774;THEBAULT SIB;2013;Air;Dioxyde de carbone (CO2) total (d'origine biomasse et non biomasse);13000000;kg/an
0007202566;S.E.C.O.;2013;Air;Dichlorométhane (DCM, chlorure de méthylène);2330;kg/an
0007201774;THEBAULT SIB;2013;Air;Dioxyde de carbone (CO2) d'origine biomasse;13000000;kg/an
0007201781;CENTRE OUEST CEREALES;2013;Air;Dioxyde de carbone (CO2) d'origine non biomasse;10100000;kg/an
0007202617;Séché Eco-Industries;2013;Air;Méthane (CH4);765000;kg/an
0007201781;CENTRE OUEST CEREALES;2013;Air;Dioxyde de carbone (CO2) total (d'origine biomasse et non biomasse);10100000;kg/an
0007202617;Séché Eco-Industries;2013;Air;Dioxyde de carbone (CO2) total (d'origine biomasse et non biomasse);73000000;kg/an
0007201802;E.REMY MARTIN & C°;2013;Air;Composés organiques volatils non méthaniques (COVNM);467000;kg/an
0007202617;Séché Eco-Industries;2013;Air;Dioxyde de carbone (CO2) d'origine biomasse;73000000;kg/an
0007202778;ROUSSELOT ANGOULEME SAS;2013;Air;Dioxyde de carbone (CO2) d'origine non biomasse;28000000;kg/an
0007201807;HENNESSY Bagnolet;2013;Air;Composés organiques volatils non méthaniques (COVNM);1220000;kg/an
0007202778;ROUSSELOT ANGOULEME SAS;2013;Air;Dioxyde de carbone (CO2) total (d'origine biomasse et non biomasse);28000000;kg/an
0007201820;IMERYS REFRACTORY MINERALS CLERAC;2013;Air;Oxydes de soufre (SOx/SO2);167000;kg/an
0007202778;ROUSSELOT ANGOULEME SAS;2013;Sol;Fer et composés (exprimés en tant que Fe);35900;kg/an
0007201820;IMERYS REFRACTORY MINERALS CLERAC;2013;Air;Dioxyde de carbone (CO2) total (d'origine biomasse et non biomasse);19300000;kg/an
0007201820;IMERYS REFRACTORY MINERALS CLERAC;2013;Air;Dioxyde de carbone (CO2) d'origine biomasse;19300000;kg/an
0007202778;ROUSSELOT ANGOULEME SAS;2013;Sol;Nickel et composés (exprimés en tant que Ni);47;kg/an
0007202778;ROUSSELOT ANGOULEME SAS;2013;Sol;Zinc et composés (exprimés en tant que Zn);407;kg/an
0007202778;ROUSSELOT ANGOULEME SAS;2013;Sol;Biphényles polychlorés (PCB);0.129;kg/an
0007203048;CPK Production France (ex Mondelez);2013;Eau (indirect);Demande biologique en oxygène (DBO5);56200;kg/an
0007203096;SAUR SUD-OUEST ex SODITER;2013;Air;Ammoniac (NH3);12400;kg/an
0007201944;SAS AVENIR COMPLEXAGE SERVICE;2013;Air;Composés organiques volatils non méthaniques (COVNM);47300;kg/an
0007203096;SAUR SUD-OUEST ex SODITER;2013;Sol;Chrome et composés (exprimés en tant que Cr);245;kg/an
0007203096;SAUR SUD-OUEST ex SODITER;2013;Sol;Cuivre et composés (exprimés en tant que Cu);1500;kg/an
0007201973;CARROSSERIE AUBINEAU (Atelier de construction);2013;Air;Composés organiques volatils non méthaniques (COVNM);82800;kg/an
0007203096;SAUR SUD-OUEST ex SODITER;2013;Sol;Mercure et composés (exprimés en tant que Hg);2.54;kg/an
0007202022;SOCOPA VIANDES CELLES;2013;Eau (indirect);Demande biologique en oxygène (DBO5);293000;kg/an
0007203096;SAUR SUD-OUEST ex SODITER;2013;Sol;Nickel et composés (exprimés en tant que Ni);136;kg/an
0007202022;SOCOPA VIANDES CELLES;2013;Eau (indirect);Demande chimique en oxygène (DCO);896000;kg/an
0007203096;SAUR SUD-OUEST ex SODITER;2013;Sol;Plomb et composés (exprimés en tant que Pb);306;kg/an
0007202022;SOCOPA VIANDES CELLES;2013;Eau (indirect);Phosphore total;6940;kg/an
0007203096;SAUR SUD-OUEST ex SODITER;2013;Sol;Zinc et composés (exprimés en tant que Zn);2420;kg/an
0007202099;REVICO;2013;Eau (direct);Cuivre et composés (exprimés en tant que Cu);145;kg/an
0007203105;DANISCO;2013;Air;Hydrochlorofluorocarbures (HCFC);67;kg/an
0007202099;REVICO;2013;Eau (direct);Demande biologique en oxygène (DBO5);50100;kg/an
0007202099;REVICO;2013;Eau (direct);Demande chimique en oxygène (DCO);217000;kg/an
0007203128;AVI-CHARENTE;2013;Eau (indirect);Demande biologique en oxygène (DBO5);223000;kg/an
0007203128;AVI-CHARENTE;2013;Eau (indirect);Demande chimique en oxygène (DCO);402000;kg/an
0007202100;ORECO;2013;Air;Composés organiques volatils non méthaniques (COVNM);56100;kg/an
0007203207;CHU;2013;Air;Dioxyde de carbone (CO2) d'origine non biomasse;14200000;kg/an
0007202157;SUEZ RV SUD OUEST (ex SITA);2013;Air;Méthane (CH4);379000;kg/an
0007203207;CHU;2013;Air;Dioxyde de carbone (CO2) total (d'origine biomasse et non biomasse);14200000;kg/an
0007203207;CHU;2013;Eau (indirect);Demande biologique en oxygène (DBO5);48400;kg/an
0007203207;CHU;2013;Eau (indirect);Phénols (en tant que C total);22.9;kg/an
0007203380;SAMO;2013;Eau (indirect);Demande biologique en oxygène (DBO5);128000;kg/an
0007203380;SAMO;2013;Eau (indirect);Demande chimique en oxygène (DCO);181000;kg/an
0007402258;SIAAP;2013;Air;Dioxyde de carbone (CO2) total (d'origine biomasse et non biomasse);13000000;kg/an
0007402258;SIAAP;2013;Air;Dioxyde de carbone (CO2) d'origine biomasse;13000000;kg/an
0007203654;UVE/UIOM CDA de La Rochelle (SETRADONYX);2013;Air;Dioxyde de carbone (CO2) d'origine non biomasse;18800000;kg/an
0007402258;SIAAP;2013;Eau (indirect);Arsenic et composés (exprimés en tant que As);17.7;kg/an
0007402258;SIAAP;2013;Eau (indirect);Cadmium et composés (exprimés en tant que Cd);5.9;kg/an
0007203654;UVE/UIOM CDA de La Rochelle (SETRADONYX);2013;Air;Dioxyde de carbone (CO2) total (d'origine biomasse et non biomasse);43300000;kg/an
0007402258;SIAAP;2013;Eau (indirect);Chloroforme (trichlorométhane);12.2;kg/an
0007402258;SIAAP;2013;Eau (indirect);Chrome hexavalent et composés (exprimés en tant que Cr VI);154;kg/an
0007402258;SIAAP;2013;Eau (indirect);Cuivre et composés (exprimés en tant que Cu);578;kg/an
0007203654;UVE/UIOM CDA de La Rochelle (SETRADONYX);2013;Air;Dioxyde de carbone (CO2) d'origine biomasse;24500000;kg/an
0007402258;SIAAP;2013;Eau (indirect);Di(2-éthylhexyle)phtalate (DEHP);5.59;kg/an
0007402258;SIAAP;2013;Eau (indirect);Mercure et composés (exprimés en tant que Hg);2;kg/an
0007402258;SIAAP;2013;Eau (indirect);Nickel et composés (exprimés en tant que Ni);42.5;kg/an
0007203926;Ciments Calcia;2013;Air;Oxydes d'azote (NOx/NO2);827000;kg/an
0007402258;SIAAP;2013;Eau (indirect);Nonylphénols et éthoxylates de nonylphénol (NP/NPE);3.64;kg/an
0007402258;SIAAP;2013;Eau (indirect);Plomb et composés (exprimés en tant que Pb);121;kg/an
0007402258;SIAAP;2013;Eau (indirect);Zinc et composés (exprimés en tant que Zn);1340;kg/an
0007203926;Ciments Calcia;2013;Air;Dioxyde de carbone (CO2) d'origine non biomasse;514000000;kg/an
0007203926;Ciments Calcia;2013;Air;Dioxyde de carbone (CO2) total (d'origine biomasse et non biomasse);541000000;kg/an
0007203926;Ciments Calcia;2013;Air;Dioxyde de carbone (CO2) d'origine biomasse;27100000;kg/an
0007402281;SNC Cogé VITRY;2013;Air;Oxydes d'azote (NOx/NO2);199000;kg/an
0007402281;SNC Cogé VITRY;2013;Air;Protoxyde d'azote (N2O);14100;kg/an
0007203926;Ciments Calcia;2013;Eau (direct);Cadmium et composés (exprimés en tant que Cd);1.84;kg/an
0007402281;SNC Cogé VITRY;2013;Air;Dioxyde de carbone (CO2) d'origine non biomasse;315000000;kg/an
0007402281;SNC Cogé VITRY;2013;Air;Dioxyde de carbone (CO2) total (d'origine biomasse et non biomasse);315000000;kg/an
0007203926;Ciments Calcia;2013;Eau (direct);Mercure et composés (exprimés en tant que Hg);3.22;kg/an
0007402282;SAFRAN TRANSMISSION SYSTEMS;2013;Air;Tétrachloroéthylène (PER, tétrachloroéthylène);12300;kg/an
0007402283;SIAAP;2013;Air;Protoxyde d'azote (N2O);25400;kg/an
0007203926;Ciments Calcia;2013;Eau (direct);Phénols (en tant que C total);23;kg/an
0007402283;SIAAP;2013;Eau (indirect);Mercure et composés (exprimés en tant que Hg);4.66;kg/an
0007203926;Ciments Calcia;2013;Eau (direct);Plomb et composés (exprimés en tant que Pb);27.6;kg/an
0007402350;CPCU ST-OUEN III;2013;Air;Dioxyde de carbone (CO2) d'origine non biomasse;193000000;kg/an
0007402350;CPCU ST-OUEN III;2013;Air;Dioxyde de carbone (CO2) total (d'origine biomasse et non biomasse);193000000;kg/an
0007204027;Liberty Aluminium Poitou;2013;Air;Hydrochlorofluorocarbures (HCFC);5.98;kg/an
0007402356;MAJ;2013;Eau (indirect);Carbone organique total (en tant que C total ou DCO/3);71200;kg/an
0007402356;MAJ;2013;Eau (indirect);Demande biologique en oxygène (DBO5);102000;kg/an
0007204397;KNAUF INDUSTRIES OUEST;2013;Air;Composés organiques volatils non méthaniques (COVNM);84000;kg/an
0007402356;MAJ;2013;Eau (indirect);Demande chimique en oxygène (DCO);215000;kg/an
0007204429;Martell Gatebourse- Vigerie;2013;Air;Composés organiques volatils non méthaniques (COVNM);55500;kg/an
0007204479;ORECO;2013;Air;Composés organiques volatils non méthaniques (COVNM);646000;kg/an
0007403734;ENERTHERM;2013;Air;Dioxyde de carbone (CO2) d'origine non biomasse;61000000;kg/an
0007403734;ENERTHERM;2013;Air;Dioxyde de carbone (CO2) total (d'origine biomasse et non biomasse);61000000;kg/an
0007204566;DISTILLERIE MICHEL BOINAUD;2013;Air;Composés organiques volatils non méthaniques (COVNM);86800;kg/an
0007403769;SEMMARIS;2013;Eau (indirect);Demande biologique en oxygène (DBO5);130000;kg/an
0007204569;SAS DISTILLERIE TESSENDIER & Fils;2013;Air;Composés organiques volatils non méthaniques (COVNM);105000;kg/an
0007403769;SEMMARIS;2013;Eau (indirect);Demande chimique en oxygène (DCO);329000;kg/an
0007403845;COGENERATION D'AULNAY;2013;Air;Dioxyde de carbone (CO2) d'origine non biomasse;13300000;kg/an
0007205082;Lysipack SAS;2013;Air;Composés organiques volatils non méthaniques (COVNM);114000;kg/an
0007403845;COGENERATION D'AULNAY;2013;Air;Dioxyde de carbone (CO2) total (d'origine biomasse et non biomasse);13300000;kg/an
0007403870;LA GALIOTE PRENANT;2013;Air;Composés organiques volatils non méthaniques (COVNM);77600;kg/an
0007205101;ORECO;2013;Air;Composés organiques volatils non méthaniques (COVNM);35000;kg/an
0007205126;CAMUS;2013;Air;Composés organiques volatils non méthaniques (COVNM);49800;kg/an
0007404055;CLIMESPACE - Centrale OPERA-GALFA;2013;Air;Hydroflurocarbures (HFC);212;kg/an
0007205679;LOUIS ROYER SA;2013;Air;Composés organiques volatils non méthaniques (COVNM);73000;kg/an
0007404256;AUCHAN FRANCE SA;2013;Air;Hydroflurocarbures (HFC);1520;kg/an
0007205681;COURVOISIER SAS - LB;2013;Air;Composés organiques volatils non méthaniques (COVNM);123000;kg/an
0007205682;COURVOISIER SAS - LM;2013;Air;Composés organiques volatils non méthaniques (COVNM);158000;kg/an
0007404300;ISSY URBASER ENERGIE;2013;Air;Protoxyde d'azote (N2O);14300;kg/an
0007404300;ISSY URBASER ENERGIE;2013;Air;Dioxyde de carbone (CO2) d'origine non biomasse;167000000;kg/an
0007205703;VALTERRA MO;2013;Sol;Chrome et composés (exprimés en tant que Cr);58.8;kg/an
0007404300;ISSY URBASER ENERGIE;2013;Air;Dioxyde de carbone (CO2) total (d'origine biomasse et non biomasse);386000000;kg/an
0007404300;ISSY URBASER ENERGIE;2013;Air;Dioxyde de carbone (CO2) d'origine biomasse;219000000;kg/an
0007205703;VALTERRA MO;2013;Sol;Cuivre et composés (exprimés en tant que Cu);737;kg/an
0007205703;VALTERRA MO;2013;Sol;Nickel et composés (exprimés en tant que Ni);34.5;kg/an
0007205703;VALTERRA MO;2013;Sol;Plomb et composés (exprimés en tant que Pb);72.9;kg/an
0007404714;ROBERT BOSCH (France) SAS;2013;Air;Hydrochlorofluorocarbures (HCFC);85;kg/an
0007205703;VALTERRA MO;2013;Sol;Zinc et composés (exprimés en tant que Zn);253;kg/an
0007404763;MAJ ELIS Puteaux;2013;Eau (indirect);Carbone organique total (en tant que C total ou DCO/3);70900;kg/an
0007205733;HENNESSY;2013;Air;Composés organiques volatils non méthaniques (COVNM);62000;kg/an
0007404763;MAJ ELIS Puteaux;2013;Eau (indirect);Demande biologique en oxygène (DBO5);102000;kg/an
0007404763;MAJ ELIS Puteaux;2013;Eau (indirect);Demande chimique en oxygène (DCO);213000;kg/an
0007205801;Centre Multifiliaire de Valorisation des Déchets;2013;Air;Dioxyde de carbone (CO2) d'origine non biomasse;21500000;kg/an
0007405927;INSTITUT FRANCAIS DU PETROLE (IFP);2013;Air;Hydroflurocarbures (HFC);114;kg/an
0007205801;Centre Multifiliaire de Valorisation des Déchets;2013;Air;Dioxyde de carbone (CO2) total (d'origine biomasse et non biomasse);49700000;kg/an
0007205801;Centre Multifiliaire de Valorisation des Déchets;2013;Air;Dioxyde de carbone (CO2) d'origine biomasse;28200000;kg/an
0007406008;SNCF Technicentre Atlantique;2013;Eau (indirect);Cadmium et composés (exprimés en tant que Cd);16;kg/an
0007406008;SNCF Technicentre Atlantique;2013;Eau (indirect);Cuivre et composés (exprimés en tant que Cu);82;kg/an
0007205805;UIOM CYCLERGIE;2013;Air;Dioxyde de carbone (CO2) total (d'origine biomasse et non biomasse);12500000;kg/an
0007406008;SNCF Technicentre Atlantique;2013;Eau (indirect);Demande biologique en oxygène (DBO5);92700;kg/an
0007406008;SNCF Technicentre Atlantique;2013;Eau (indirect);Demande chimique en oxygène (DCO);263000;kg/an
0007205805;UIOM CYCLERGIE;2013;Air;Dioxyde de carbone (CO2) d'origine biomasse;12500000;kg/an
0007406008;SNCF Technicentre Atlantique;2013;Eau (indirect);Phénols (en tant que C total);78;kg/an
0007406008;SNCF Technicentre Atlantique;2013;Eau (indirect);Plomb et composés (exprimés en tant que Pb);27;kg/an
0007205819;Martell Lignères;2013;Air;Composés organiques volatils non méthaniques (COVNM);269000;kg/an
0007408607;ELIS PANTIN;2013;Eau (indirect);Carbone organique total (en tant que C total ou DCO/3);80600;kg/an
0007408607;ELIS PANTIN;2013;Eau (indirect);Demande biologique en oxygène (DBO5);93600;kg/an
0007205910;SOCOPLAN;2013;Air;Composés organiques volatils non méthaniques (COVNM);71700;kg/an
0007408607;ELIS PANTIN;2013;Eau (indirect);Demande chimique en oxygène (DCO);239000;kg/an
0007206396;SEDE ENVIRONNEMENT;2013;Air;Ammoniac (NH3);25600;kg/an
0007600547;ALLIANCE ELABORES;2013;Sol;Phosphore total;8450;kg/an
0007206396;SEDE ENVIRONNEMENT;2013;Sol;Azote total;54700;kg/an
;socete agricole gosset;2013;Air;Ammoniac (NH3);11200;kg/an
0007206396;SEDE ENVIRONNEMENT;2013;Sol;Cadmium et composés (exprimés en tant que Cd);7.35;kg/an
0007206396;SEDE ENVIRONNEMENT;2013;Sol;Chrome et composés (exprimés en tant que Cr);168;kg/an
0007206396;SEDE ENVIRONNEMENT;2013;Sol;Cuivre et composés (exprimés en tant que Cu);1140;kg/an
;EARL VERZEAUX;2013;Air;Ammoniac (NH3);21500;kg/an
;SCEA 08;2013;Air;Ammoniac (NH3);21200;kg/an
0007206396;SEDE ENVIRONNEMENT;2013;Sol;Mercure et composés (exprimés en tant que Hg);4.44;kg/an
0007206396;SEDE ENVIRONNEMENT;2013;Sol;Nickel et composés (exprimés en tant que Ni);78.8;kg/an
0009000041;BA 702 Avord;2013;Air;Hexafluorure de soufre (SF6);783;kg/an
0007206396;SEDE ENVIRONNEMENT;2013;Sol;Phosphore total;149000;kg/an
0007206396;SEDE ENVIRONNEMENT;2013;Sol;Plomb et composés (exprimés en tant que Pb);432;kg/an
0007206396;SEDE ENVIRONNEMENT;2013;Sol;Zinc et composés (exprimés en tant que Zn);3310;kg/an
0009000131;Dassault Aviation - Etablissement d'Istres;2013;Air;Hydrochlorofluorocarbures (HCFC);14;kg/an
0007206396;SEDE ENVIRONNEMENT;2013;Sol;Biphényles polychlorés (PCB);0.34;kg/an
0009056710;Atelier industriel de l'aéronautique de Clermont-ferrand;2013;Air;Dioxyde de carbone (CO2) d'origine non biomasse;11600000;kg/an
0007206418;DANISCO_IFF;2013;Air;Composés organiques volatils non méthaniques (COVNM);112000;kg/an
0009056710;Atelier industriel de l'aéronautique de Clermont-ferrand;2013;Air;Dioxyde de carbone (CO2) total (d'origine biomasse et non biomasse);11600000;kg/an
0010000006;INVEHO-UFO (ex ATELIERS D'ORVAL);2013;Air;Composés organiques volatils non méthaniques (COVNM);36600;kg/an
0007206418;DANISCO_IFF;2013;Eau (indirect);Azote total;90000;kg/an
0010000010;BUTAGAZ - Site d'Aubigny-sur-Nère;2013;Air;Composés organiques volatils non méthaniques (COVNM);31900;kg/an
0010000149;CHARTRES METROPOLE TRAITEMENT VALORISATI;2013;Air;Dioxyde de carbone (CO2) d'origine non biomasse;40500000;kg/an
0007206418;DANISCO_IFF;2013;Eau (indirect);Demande biologique en oxygène (DBO5);1150000;kg/an
0010000149;CHARTRES METROPOLE TRAITEMENT VALORISATI;2013;Air;Dioxyde de carbone (CO2) total (d'origine biomasse et non biomasse);94100000;kg/an
0010000149;CHARTRES METROPOLE TRAITEMENT VALORISATI;2013;Air;Dioxyde de carbone (CO2) d'origine biomasse;53700000;kg/an
0007206418;DANISCO_IFF;2013;Eau (indirect);Demande chimique en oxygène (DCO);2250000;kg/an
0010000241;HYDRO ALUMINIUM EXTRUSION SERVICES;2013;Air;Dioxyde de carbone (CO2) d'origine non biomasse;10600000;kg/an
0007206418;DANISCO_IFF;2013;Eau (indirect);Phosphore total;8940;kg/an
0010000241;HYDRO ALUMINIUM EXTRUSION SERVICES;2013;Air;Dioxyde de carbone (CO2) total (d'origine biomasse et non biomasse);10600000;kg/an
0010000242;HYDRO EXTRUSION LUCE/CHATEAUROUX;2013;Eau (direct);Cadmium et composés (exprimés en tant que Cd);1.14;kg/an
0007206467;SAS ABATTOIR DE MONTMORILLON;2013;Eau (indirect);Demande biologique en oxygène (DBO5);65600;kg/an
0007206633;EURIAL;2013;Eau (indirect);Demande biologique en oxygène (DBO5);170000;kg/an
0010000313;PAULSTRA;2013;Eau (direct);Nickel et composés (exprimés en tant que Ni);37.3;kg/an
0007206633;EURIAL;2013;Eau (indirect);Demande chimique en oxygène (DCO);306000;kg/an
0010000316;LABORATOIRES EXPANSCIENCE;2013;Air;1,2-dichloroéthane (DCE - chlorure d'éthylène);2100;kg/an
0007206633;EURIAL;2013;Eau (indirect);Phosphore total;12100;kg/an
0007206712;H. MOUNIER - LE LAUBARET;2013;Air;Composés organiques volatils non méthaniques (COVNM);71500;kg/an
0010000419;SUPERTAPE FRANCE;2013;Air;Composés organiques volatils non méthaniques (COVNM);83200;kg/an
0007207382;SMITED;2013;Air;Méthane (CH4);788000;kg/an
0010000434;SOPHARTEX LABORATOIRES;2013;Air;Composés organiques volatils non méthaniques (COVNM);34200;kg/an
0010000442;SUEZ RV CENTRE OUEST - PRUDEMANCHE 1;2013;Air;Méthane (CH4);148000;kg/an
0007207394;Suez RV SUD OUEST;2013;Air;Méthane (CH4);419000;kg/an
0010000451;Cristal Union - Etablissement Toury;2013;Air;Acétaldéhyde (aldéhyde acétique  éthanal);2170;kg/an
0010000451;Cristal Union - Etablissement Toury;2013;Air;Dioxyde de carbone (CO2) d'origine non biomasse;53600000;kg/an
0010000451;Cristal Union - Etablissement Toury;2013;Air;Dioxyde de carbone (CO2) total (d'origine biomasse et non biomasse);53600000;kg/an
0007208217;DANISCO (DUPONT) - Usine de Melle (EDF);2013;Air;Dioxyde de carbone (CO2) d'origine non biomasse;25200000;kg/an
0007208217;DANISCO (DUPONT) - Usine de Melle (EDF);2013;Air;Dioxyde de carbone (CO2) total (d'origine biomasse et non biomasse);25200000;kg/an
0007300024;EDF Corse;2013;Air;Antimoine et composés (exprimés en tant que Sb);39.8;kg/an
0010000473;UVEA;2013;Air;Oxydes d'azote (NOx/NO2);109000;kg/an
0010000473;UVEA;2013;Air;Dioxyde de carbone (CO2) d'origine non biomasse;289000000;kg/an
0007300024;EDF Corse;2013;Air;Benzène;1880;kg/an
0010000473;UVEA;2013;Air;Dioxyde de carbone (CO2) total (d'origine biomasse et non biomasse);352000000;kg/an
0010000473;UVEA;2013;Air;Dioxyde de carbone (CO2) d'origine biomasse;62400000;kg/an
0007300024;EDF Corse;2013;Air;Cadmium et composés (exprimés en tant que Cd);11.4;kg/an
0010000504;LHOIST FRANCE OUEST;2013;Air;Dioxyde de carbone (CO2) d'origine non biomasse;186000000;kg/an
0010000504;LHOIST FRANCE OUEST;2013;Air;Dioxyde de carbone (CO2) total (d'origine biomasse et non biomasse);186000000;kg/an
0007300024;EDF Corse;2013;Air;Cobalt et composés (exprimés en tant que Co);22.7;kg/an
0010000513;CHATEAUROUX CERAMICS;2013;Air;Antimoine et composés (exprimés en tant que Sb);22.6;kg/an
0007300024;EDF Corse;2013;Air;Monoxyde de carbone (CO);513000;kg/an
0010000513;CHATEAUROUX CERAMICS;2013;Air;Fluor et composés inorganiques (en tant que HF);8730;kg/an
0010000513;CHATEAUROUX CERAMICS;2013;Air;Dioxyde de carbone (CO2) d'origine non biomasse;10100000;kg/an
0007300024;EDF Corse;2013;Air;Nickel et composés (exprimés en tant que Ni);1140;kg/an
0010000513;CHATEAUROUX CERAMICS;2013;Air;Dioxyde de carbone (CO2) total (d'origine biomasse et non biomasse);10100000;kg/an
0007300024;EDF Corse;2013;Air;Oxydes de soufre (SOx/SO2);1040000;kg/an
0010000528;SATYS AFTERMARKET FRANCE;2013;Air;Composés organiques volatils non méthaniques (COVNM);40500;kg/an
0007300024;EDF Corse;2013;Air;Oxydes d'azote (NOx/NO2);3300000;kg/an
0010000547;GMC - Galvanoplastie Moderne du Centre;2013;Eau (direct);Nickel et composés (exprimés en tant que Ni);31.9;kg/an
0010000547;GMC - Galvanoplastie Moderne du Centre;2013;Eau (direct);Zinc et composés (exprimés en tant que Zn);123;kg/an
0007300024;EDF Corse;2013;Air;Particules (PM10);133000;kg/an
0007300024;EDF Corse;2013;Air;Zinc et composés (exprimés en tant que Zn);229;kg/an
0007300024;EDF Corse;2013;Air;Vanadium et ses composés;538;kg/an
0010000575;LINAMAR LIGHT METALS / MONTUPET;2013;Air;Composés organiques volatils non méthaniques (COVNM);42900;kg/an
0007300024;EDF Corse;2013;Air;Dioxyde de carbone (CO2) d'origine non biomasse;433000000;kg/an
0007300024;EDF Corse;2013;Air;Dioxyde de carbone (CO2) total (d'origine biomasse et non biomasse);433000000;kg/an
0010000577;INTERNATIONAL COOKWARE;2013;Air;Dioxyde de carbone (CO2) d'origine non biomasse;13700000;kg/an
0010000577;INTERNATIONAL COOKWARE;2013;Air;Dioxyde de carbone (CO2) total (d'origine biomasse et non biomasse);13700000;kg/an
0007300025;EDF Corse;2013;Air;Antimoine et composés (exprimés en tant que Sb);11;kg/an
0010000612;SETS;2013;Eau (direct);Nickel et composés (exprimés en tant que Ni);64.1;kg/an
0007300025;EDF Corse;2013;Air;Cobalt et composés (exprimés en tant que Co);6.28;kg/an
0010000625;STEARINERIE DUBOIS;2013;Sol;Fer et composés (exprimés en tant que Fe);4090;kg/an
0007300025;EDF Corse;2013;Air;Composés organiques volatils non méthaniques (COVNM);37700;kg/an
0010000648;Ciments Calcia - SITE DE VILLIERS AU BOUIN;2013;Air;Mercure et composés (exprimés en tant que Hg);30.5;kg/an
0007300025;EDF Corse;2013;Air;Nickel et composés (exprimés en tant que Ni);315;kg/an
0010000648;Ciments Calcia - SITE DE VILLIERS AU BOUIN;2013;Air;Oxydes d'azote (NOx/NO2);419000;kg/an
0010000648;Ciments Calcia - SITE DE VILLIERS AU BOUIN;2013;Air;Protoxyde d'azote (N2O);32500;kg/an
0007300025;EDF Corse;2013;Air;Oxydes de soufre (SOx/SO2);329000;kg/an
0010000648;Ciments Calcia - SITE DE VILLIERS AU BOUIN;2013;Air;Dioxyde de carbone (CO2) d'origine non biomasse;259000000;kg/an
0010000648;Ciments Calcia - SITE DE VILLIERS AU BOUIN;2013;Air;Dioxyde de carbone (CO2) total (d'origine biomasse et non biomasse);259000000;kg/an
0010000663;PAPETERIES PALM;2013;Air;Dioxyde de carbone (CO2) d'origine non biomasse;61400000;kg/an
0010000663;PAPETERIES PALM;2013;Air;Dioxyde de carbone (CO2) total (d'origine biomasse et non biomasse);61400000;kg/an
0010000670;DALKIA France;2013;Air;Dioxyde de carbone (CO2) d'origine non biomasse;28400000;kg/an
0010000670;DALKIA France;2013;Air;Dioxyde de carbone (CO2) total (d'origine biomasse et non biomasse);28400000;kg/an
0010000674;FAIVELEY TRANSPORT TOURS U1;2013;Air;Composés organiques volatils non méthaniques (COVNM);36600;kg/an
0010000680;STORENGY;2013;Air;Méthane (CH4);131000;kg/an
0010000685;HUTCHINSON;2013;Air;Composés organiques volatils non méthaniques (COVNM);36100;kg/an
0010000685;HUTCHINSON;2013;Air;Tétrachloroéthylène (PER, tétrachloroéthylène);29300;kg/an
0010000689;INDENA;2013;Air;Composés organiques volatils non méthaniques (COVNM);145000;kg/an
0007300025;EDF Corse;2013;Air;Oxydes d'azote (NOx/NO2);3210000;kg/an
0010000689;INDENA;2013;Air;Dichlorométhane (DCM, chlorure de méthylène);7820;kg/an
0007300025;EDF Corse;2013;Air;Dioxyde de carbone (CO2) d'origine non biomasse;173000000;kg/an
0007300025;EDF Corse;2013;Air;Dioxyde de carbone (CO2) total (d'origine biomasse et non biomasse);173000000;kg/an
0010000692;KNAUF INDUSTRIES;2013;Air;Composés organiques volatils non méthaniques (COVNM);57600;kg/an
0007300078;STOC;2013;Air;Méthane (CH4);223000;kg/an
0010000702;MICHELIN;2013;Air;Composés organiques volatils non méthaniques (COVNM);69400;kg/an
0010000702;MICHELIN;2013;Air;Hydrochlorofluorocarbures (HCFC);30;kg/an
0010000702;MICHELIN;2013;Air;Dioxyde de carbone (CO2) d'origine non biomasse;11800000;kg/an
0010000702;MICHELIN;2013;Air;Dioxyde de carbone (CO2) total (d'origine biomasse et non biomasse);11800000;kg/an
0010000711;OREP PACKAGING;2013;Air;Composés organiques volatils non méthaniques (COVNM);218000;kg/an
0010000720;PPM CHIMIREC;2013;Air;Dichlorométhane (DCM, chlorure de méthylène);1850;kg/an
0007300161;SYVADEC;2013;Air;Méthane (CH4);496000;kg/an
0007300189;Communauté d'Agglomération Pays Ajaccien;2013;Air;Méthane (CH4);225000;kg/an
0010000729;DALKIA SCBC- DR Centre Ouest;2013;Air;Dioxyde de carbone (CO2) d'origine non biomasse;19000000;kg/an
0010000729;DALKIA SCBC- DR Centre Ouest;2013;Air;Dioxyde de carbone (CO2) total (d'origine biomasse et non biomasse);19000000;kg/an
0007300220;SYVADEC;2013;Air;Méthane (CH4);184000;kg/an
0007402231;AMCOR FLEXIBLES SAINT MAUR ex ALCAN;2013;Air;Composés organiques volatils non méthaniques (COVNM);31300;kg/an
0010000740;STMICROELECTRONICS SAS;2013;Air;Composés organiques volatils non méthaniques (COVNM);92600;kg/an
0010000740;STMICROELECTRONICS SAS;2013;Eau (indirect);Fluorures (en tant que F total);3730;kg/an
0007402241;UNITE PLACOPLATRE;2013;Air;Dioxyde de carbone (CO2) d'origine non biomasse;92800000;kg/an
0010000740;STMICROELECTRONICS SAS;2013;Eau (indirect);Nickel et composés (exprimés en tant que Ni);57.8;kg/an
0010000740;STMICROELECTRONICS SAS;2013;Eau (indirect);Plomb et composés (exprimés en tant que Pb);30.3;kg/an
0007402241;UNITE PLACOPLATRE;2013;Air;Dioxyde de carbone (CO2) total (d'origine biomasse et non biomasse);92800000;kg/an
0007402245;CLIMESPACE - Centrale LES HALLES  (i738);2013;Air;Hydrochlorofluorocarbures (HCFC);70;kg/an
0010000765;SYNTHRON;2013;Eau (direct);Zinc et composés (exprimés en tant que Zn);162;kg/an
0007402253;SGD SA;2013;Air;Oxydes d'azote (NOx/NO2);162000;kg/an
0010000889;BRABANT CHIMIE;2013;Air;Dichlorométhane (DCM, chlorure de méthylène);3060;kg/an
0010000902;BTG BOUTHEGOURD;2013;Sol;Zinc et composés (exprimés en tant que Zn);122;kg/an
0007402253;SGD SA;2013;Air;Dioxyde de carbone (CO2) d'origine non biomasse;53000000;kg/an
0007402253;SGD SA;2013;Air;Dioxyde de carbone (CO2) total (d'origine biomasse et non biomasse);53000000;kg/an
0010006170;SUEZ RV CENTRE OUEST - MONTEREAU;2013;Air;Méthane (CH4);257000;kg/an
0010000972;CHRO LA SOURCE;2013;Eau (indirect);Cuivre et composés (exprimés en tant que Cu);62;kg/an
0010000972;CHRO LA SOURCE;2013;Eau (indirect);Demande biologique en oxygène (DBO5);112000;kg/an
0010000972;CHRO LA SOURCE;2013;Eau (indirect);Demande chimique en oxygène (DCO);349000;kg/an
0010000972;CHRO LA SOURCE;2013;Eau (indirect);Phosphore total;5360;kg/an
0010007111;SUEZ RV CENTRE OUEST - VILLEHERVIERS;2013;Air;Méthane (CH4);172000;kg/an
0010000974;ARCEVAL (CIDEME);2013;Air;Dioxyde de carbone (CO2) d'origine non biomasse;23300000;kg/an
0010007189;SETRAD;2013;Air;Méthane (CH4);191000;kg/an
0010000974;ARCEVAL (CIDEME);2013;Air;Dioxyde de carbone (CO2) total (d'origine biomasse et non biomasse);53100000;kg/an
0010000974;ARCEVAL (CIDEME);2013;Air;Dioxyde de carbone (CO2) d'origine biomasse;29800000;kg/an
0010007479;HIRSCH FRANCE (ex PLACOPLATRE);2013;Air;Composés organiques volatils non méthaniques (COVNM);107000;kg/an
0010001019;S.I.D.E.S.U.P;2013;Air;Composés organiques volatils non méthaniques (COVNM);64300;kg/an
0010007617;ARTENAY BARS (ex SEVENDAY);2013;Eau (indirect);Demande biologique en oxygène (DBO5);54500;kg/an
0010001019;S.I.D.E.S.U.P;2013;Air;Dioxyde de carbone (CO2) d'origine non biomasse;11100000;kg/an
0010001019;S.I.D.E.S.U.P;2013;Air;Dioxyde de carbone (CO2) total (d'origine biomasse et non biomasse);23500000;kg/an
0010001019;S.I.D.E.S.U.P;2013;Air;Dioxyde de carbone (CO2) d'origine biomasse;12400000;kg/an
0010008113;INOVA Opérations;2013;Air;Dioxyde de carbone (CO2) d'origine non biomasse;23400000;kg/an
0010008113;INOVA Opérations;2013;Air;Dioxyde de carbone (CO2) total (d'origine biomasse et non biomasse);53800000;kg/an
0010001078;Joffrey Carré;2013;Air;Composés organiques volatils non méthaniques (COVNM);75800;kg/an
0010001078;Joffrey Carré;2013;Eau (indirect);Demande biologique en oxygène (DBO5);45200;kg/an
0010008113;INOVA Opérations;2013;Air;Dioxyde de carbone (CO2) d'origine biomasse;30400000;kg/an
0010001078;Joffrey Carré;2013;Eau (indirect);Demande chimique en oxygène (DCO);246000;kg/an
0010008348;ONO PACKAGING;2013;Air;Composés organiques volatils non méthaniques (COVNM);95500;kg/an
0010001104;EMA PHARMACEUTICALS;2013;Air;Tétrachloroéthylène (PER, tétrachloroéthylène);7130;kg/an
0010009164;SEG - Société d'Exploitation de Gournay;2013;Air;Méthane (CH4);790000;kg/an
0010001145;ESSITY OPERATIONS FRANCE;2013;Air;Dioxyde de carbone (CO2) d'origine non biomasse;74700000;kg/an
0010001145;ESSITY OPERATIONS FRANCE;2013;Air;Dioxyde de carbone (CO2) total (d'origine biomasse et non biomasse);74700000;kg/an
0010009874;AUCHAN OLIVET;2013;Air;Hydroflurocarbures (HFC);214;kg/an
0010001229;ISOSSOL;2013;Air;Composés organiques volatils non méthaniques (COVNM);86400;kg/an
0010009875;AUCHAN VAL DE LOIRE;2013;Air;Hydrochlorofluorocarbures (HCFC);682;kg/an
0010001230;PMC ISOCHEM;2013;Air;Chloroforme (trichlorométhane);719;kg/an
0010001230;PMC ISOCHEM;2013;Air;Dichlorométhane (DCM, chlorure de méthylène);1410;kg/an
0010010029;ICT FRANCE SAS;2013;Air;Aldéhyde formique (formaldéhyde);1760;kg/an
0010010029;ICT FRANCE SAS;2013;Air;Dioxyde de carbone (CO2) d'origine non biomasse;20700000;kg/an
0010001242;EMAUX ET MOSAIQUES SAS;2013;Air;Dioxyde de carbone (CO2) d'origine non biomasse;38000000;kg/an
0010001242;EMAUX ET MOSAIQUES SAS;2013;Air;Dioxyde de carbone (CO2) total (d'origine biomasse et non biomasse);38000000;kg/an
0010010029;ICT FRANCE SAS;2013;Air;Dioxyde de carbone (CO2) total (d'origine biomasse et non biomasse);20700000;kg/an
0010010929;DALKIA BIOMASSE ORLEANS;2013;Air;Oxydes d'azote (NOx/NO2);122000;kg/an
0010001299;ORGAPHARM;2013;Air;Composés organiques volatils non méthaniques (COVNM);30000;kg/an
0010010929;DALKIA BIOMASSE ORLEANS;2013;Air;Dioxyde de carbone (CO2) total (d'origine biomasse et non biomasse);56100000;kg/an
0010001299;ORGAPHARM;2013;Air;Dichlorométhane (DCM, chlorure de méthylène);4850;kg/an
0010010929;DALKIA BIOMASSE ORLEANS;2013;Air;Dioxyde de carbone (CO2) d'origine biomasse;56100000;kg/an
0010001341;MAURY EUROLIVRES;2013;Air;Composés organiques volatils non méthaniques (COVNM);208000;kg/an
0010011166;DALKIA BIOMASSE TOURS;2013;Air;Dioxyde de carbone (CO2) total (d'origine biomasse et non biomasse);24600000;kg/an
0010001342;MAURY IMPRIMEUR;2013;Air;Composés organiques volatils non méthaniques (COVNM);37600;kg/an
0010011166;DALKIA BIOMASSE TOURS;2013;Air;Dioxyde de carbone (CO2) d'origine biomasse;24600000;kg/an
0010001395;SUEZ RV Energie - AMILLY;2013;Air;Dioxyde de carbone (CO2) d'origine non biomasse;23400000;kg/an
0010001395;SUEZ RV Energie - AMILLY;2013;Air;Dioxyde de carbone (CO2) total (d'origine biomasse et non biomasse);23400000;kg/an
0010011617;alvance aluminium wheels;2013;Air;Composés organiques volatils non méthaniques (COVNM);34400;kg/an
0010011617;alvance aluminium wheels;2013;Air;Dioxyde de carbone (CO2) d'origine non biomasse;10700000;kg/an
0010001408;TRISALID;2013;Air;Dioxyde de carbone (CO2) d'origine non biomasse;41300000;kg/an
0010011617;alvance aluminium wheels;2013;Air;Dioxyde de carbone (CO2) total (d'origine biomasse et non biomasse);10700000;kg/an
0010001408;TRISALID;2013;Air;Dioxyde de carbone (CO2) total (d'origine biomasse et non biomasse);96000000;kg/an
0010001408;TRISALID;2013;Air;Dioxyde de carbone (CO2) d'origine biomasse;54700000;kg/an
;SCEA CHAMPFLEURY;2013;Air;Ammoniac (NH3);20900;kg/an
0010100040;NATUREX SA;2013;Air;Composés organiques volatils non méthaniques (COVNM);44900;kg/an
0010001418;DELPHARM (ex FAMAR);2013;Air;Hydroflurocarbures (HFC);267;kg/an
0010100059;COGESTAR;2013;Air;Dioxyde de carbone (CO2) d'origine non biomasse;15700000;kg/an
0010100059;COGESTAR;2013;Air;Dioxyde de carbone (CO2) total (d'origine biomasse et non biomasse);15700000;kg/an
0010001457;SCA HYGIENE PRODUCTS OPERATIONS;2013;Air;Dioxyde de carbone (CO2) d'origine non biomasse;21200000;kg/an
0010100131;SYTRAIVAL;2013;Air;Méthane (CH4);164000;kg/an
0010001457;SCA HYGIENE PRODUCTS OPERATIONS;2013;Air;Dioxyde de carbone (CO2) total (d'origine biomasse et non biomasse);21200000;kg/an
0010001457;SCA HYGIENE PRODUCTS OPERATIONS;2013;Eau (indirect);Demande chimique en oxygène (DCO);295000;kg/an
0010100155;COMMUNAUTE D'AGGOLMERATION HAUT BUGEY AG;2013;Air;Méthane (CH4);162000;kg/an
0010001516;TROUILLET PANNEAUX;2013;Air;Composés organiques volatils non méthaniques (COVNM);46500;kg/an
0010001557;TEREOS FRANCE Site d'Artenay;2013;Air;Composés organiques volatils non méthaniques (COVNM);49900;kg/an
;SCEA de la Buissonnière;2013;Air;Ammoniac (NH3);21500;kg/an
0010001557;TEREOS FRANCE Site d'Artenay;2013;Air;Dioxyde de carbone (CO2) d'origine non biomasse;92600000;kg/an
0010001557;TEREOS FRANCE Site d'Artenay;2013;Air;Dioxyde de carbone (CO2) total (d'origine biomasse et non biomasse);145000000;kg/an
0010001557;TEREOS FRANCE Site d'Artenay;2013;Air;Dioxyde de carbone (CO2) d'origine biomasse;52300000;kg/an
;SCA Val du Puits;2013;Air;Ammoniac (NH3);31500;kg/an
0010001557;TEREOS FRANCE Site d'Artenay;2013;Sol;Phosphore total;6640;kg/an
0010200095;SOCIETE ELECTRIQUE D’AUBENAS - SEA;2013;Air;Hexafluorure de soufre (SF6);55;kg/an
0010001569;Laboratoires SERVIER Industrie;2013;Air;Hydrochlorofluorocarbures (HCFC);52;kg/an
;SCEA de Promontval;2013;Air;Ammoniac (NH3);30400;kg/an
0010001612;SOCOS;2013;Air;Dioxyde de carbone (CO2) d'origine non biomasse;18100000;kg/an
0010001612;SOCOS;2013;Air;Dioxyde de carbone (CO2) total (d'origine biomasse et non biomasse);18100000;kg/an
0010300065;NOVOCERAM SAS;2013;Air;Dioxyde de carbone (CO2) d'origine non biomasse;17100000;kg/an
0010001613;SODC BANNIER;2013;Air;Dioxyde de carbone (CO2) d'origine non biomasse;29000000;kg/an
0010001613;SODC BANNIER;2013;Air;Dioxyde de carbone (CO2) total (d'origine biomasse et non biomasse);29000000;kg/an
0010300065;NOVOCERAM SAS;2013;Air;Dioxyde de carbone (CO2) total (d'origine biomasse et non biomasse);17100000;kg/an
0010001645;STCM B2;2013;Air;Dioxyde de carbone (CO2) d'origine non biomasse;10700000;kg/an
0010001645;STCM B2;2013;Air;Dioxyde de carbone (CO2) total (d'origine biomasse et non biomasse);10700000;kg/an
0010300101;GELPAM;2013;Eau (direct);Chloroforme (trichlorométhane);47.8;kg/an
0010001646;STCM  B1;2013;Air;Antimoine et composés (exprimés en tant que Sb);12.2;kg/an
0010300109;VALRHONA;2013;Air;Hydrochlorofluorocarbures (HCFC);291;kg/an
0010001646;STCM  B1;2013;Air;Dioxines et furanes (PCDD + PCDF) (exprimés en iTeq);0.00011;kg/an
0010001646;STCM  B1;2013;Air;Plomb et composés (exprimés en tant que Pb);222;kg/an
0010300110;REFRESCO Site de Margès;2013;Eau (direct);Demande chimique en oxygène (DCO);887000;kg/an
0010300115;ANDROS;2013;Eau (indirect);Demande biologique en oxygène (DBO5);61700;kg/an
0010001665;SAINT GOBAIN SULLY (ex SULLY PRODUITS SP;2013;Air;Dioxyde de carbone (CO2) d'origine non biomasse;15000000;kg/an
0010001665;SAINT GOBAIN SULLY (ex SULLY PRODUITS SP;2013;Air;Dioxyde de carbone (CO2) total (d'origine biomasse et non biomasse);15000000;kg/an
0010300115;ANDROS;2013;Eau (indirect);Demande chimique en oxygène (DCO);238000;kg/an
0010300144;SAVIEL FRANCE;2013;Air;Hydroflurocarbures (HFC);607;kg/an
0010001674;SANOFI WINTHROP INDUSTRIE;2013;Air;Composés organiques volatils non méthaniques (COVNM);36500;kg/an
0010001721;ORGAPHARM Etablissement secondaire;2013;Air;1,2-dichloroéthane (DCE - chlorure d'éthylène);4640;kg/an
0010001721;ORGAPHARM Etablissement secondaire;2013;Air;Composés organiques volatils non méthaniques (COVNM);45400;kg/an
0010300176;COVED ENVIRONNEMENT;2013;Air;Méthane (CH4);1500000;kg/an
0010001721;ORGAPHARM Etablissement secondaire;2013;Eau (indirect);1,2-dichloroéthane (DCE - chlorure d'éthylène);13.8;kg/an
0010300176;COVED ENVIRONNEMENT;2013;Air;Dioxyde de carbone (CO2) total (d'origine biomasse et non biomasse);15500000;kg/an
0010001733;MARS PF FRANCE;2013;Air;Hydrochlorofluorocarbures (HCFC);10;kg/an
0010300176;COVED ENVIRONNEMENT;2013;Air;Dioxyde de carbone (CO2) d'origine biomasse;15500000;kg/an
0010001733;MARS PF FRANCE;2013;Air;Hydroflurocarbures (HFC);129;kg/an
0010001733;MARS PF FRANCE;2013;Air;Dioxyde de carbone (CO2) d'origine non biomasse;11300000;kg/an
0010300261;VALOMSY SAS;2013;Air;Ammoniac (NH3);12900;kg/an
0010001733;MARS PF FRANCE;2013;Air;Dioxyde de carbone (CO2) total (d'origine biomasse et non biomasse);11300000;kg/an
0010001733;MARS PF FRANCE;2013;Sol;Phosphore total;6970;kg/an
;SA GALOR;2013;Air;Ammoniac (NH3);19200;kg/an
0010001744;DURALEX INTERNATIONAL;2013;Air;Dioxyde de carbone (CO2) d'origine non biomasse;28000000;kg/an
0010001744;DURALEX INTERNATIONAL;2013;Air;Dioxyde de carbone (CO2) total (d'origine biomasse et non biomasse);28000000;kg/an
0010400022;ISERGIE;2013;Air;Dioxyde de carbone (CO2) d'origine non biomasse;25900000;kg/an
0010400022;ISERGIE;2013;Air;Dioxyde de carbone (CO2) total (d'origine biomasse et non biomasse);25900000;kg/an
0010001762;Usine des eaux de Blois;2013;Eau (indirect);Aluminium et composés (exprimés en tant que Al);2240;kg/an
0010001762;Usine des eaux de Blois;2013;Eau (indirect);Fer et composés (exprimés en tant que Fe);41100;kg/an
0010400032;SUEZ RR IWS CHEMICALS FRANCE;2013;Air;Dioxyde de carbone (CO2) d'origine non biomasse;54800000;kg/an
0010400032;SUEZ RR IWS CHEMICALS FRANCE;2013;Air;Dioxyde de carbone (CO2) total (d'origine biomasse et non biomasse);54800000;kg/an
0010001766;DEC  Depôts Electrolytiques et Chimiques;2013;Eau (direct);Nickel et composés (exprimés en tant que Ni);63;kg/an
0010001770;STORENGY;2013;Air;Composés organiques volatils non méthaniques (COVNM);72600;kg/an
0010400032;SUEZ RR IWS CHEMICALS FRANCE;2013;Eau (direct);Arsenic et composés (exprimés en tant que As);7.35;kg/an
0010001770;STORENGY;2013;Air;Méthane (CH4);493000;kg/an
0010001770;STORENGY;2013;Air;Dioxyde de carbone (CO2) d'origine non biomasse;53100000;kg/an
0010400032;SUEZ RR IWS CHEMICALS FRANCE;2013;Eau (direct);Chlorures (en tant que Cl total);3000000;kg/an
0010001770;STORENGY;2013;Air;Dioxyde de carbone (CO2) total (d'origine biomasse et non biomasse);53100000;kg/an
0010400032;SUEZ RR IWS CHEMICALS FRANCE;2013;Eau (direct);Fluorures (en tant que F total);3600;kg/an
0010001788;FAURECIA AUTOMOTIVE COMPOSITES;2013;Air;Composés organiques volatils non méthaniques (COVNM);215000;kg/an
0010001790;IDI COMPOSITES INTERNATIONAL EUROPE;2013;Air;Composés organiques volatils non méthaniques (COVNM);51000;kg/an
0010400032;SUEZ RR IWS CHEMICALS FRANCE;2013;Eau (direct);Sulfates;6470000;kg/an
0010001800;Amandine BALTHAZARD;2013;Air;Composés organiques volatils non méthaniques (COVNM);36200;kg/an
0010400059;BALTHAZARD ET COTTE- CARRIERES ET CHAUX;2013;Air;Dioxyde de carbone (CO2) d'origine non biomasse;79400000;kg/an
0010001801;VALCANTE;2013;Air;Dioxines et furanes (PCDD + PCDF) (exprimés en iTeq);0.00369;kg/an
0010400059;BALTHAZARD ET COTTE- CARRIERES ET CHAUX;2013;Air;Dioxyde de carbone (CO2) total (d'origine biomasse et non biomasse);79400000;kg/an
0010400068;EDF ENR PWT;2013;Air;Composés organiques volatils non méthaniques (COVNM);70300;kg/an
0010001805;VALEO VISION;2013;Air;Composés organiques volatils non méthaniques (COVNM);40700;kg/an
0010002253;Etablissement de PITHIVIERS LE VIEIL;2013;Air;Dioxyde de carbone (CO2) d'origine non biomasse;35900000;kg/an
0010400068;EDF ENR PWT;2013;Eau (indirect);Cadmium et composés (exprimés en tant que Cd);2.12;kg/an
0010002253;Etablissement de PITHIVIERS LE VIEIL;2013;Air;Dioxyde de carbone (CO2) total (d'origine biomasse et non biomasse);35900000;kg/an
0010400068;EDF ENR PWT;2013;Eau (indirect);Fluorures (en tant que F total);2860;kg/an
0010002254;CRISTAL UNION Etablissement de CORBEILLES;2013;Air;Oxydes de soufre (SOx/SO2);235000;kg/an
0010400075;AIR LIQUIDE HYDROGENE;2013;Air;Dioxyde de carbone (CO2) d'origine non biomasse;21400000;kg/an
0010002254;CRISTAL UNION Etablissement de CORBEILLES;2013;Air;Oxydes d'azote (NOx/NO2);112000;kg/an
0010002254;CRISTAL UNION Etablissement de CORBEILLES;2013;Air;Dioxyde de carbone (CO2) d'origine non biomasse;56500000;kg/an
0010400075;AIR LIQUIDE HYDROGENE;2013;Air;Dioxyde de carbone (CO2) total (d'origine biomasse et non biomasse);21400000;kg/an
0010002254;CRISTAL UNION Etablissement de CORBEILLES;2013;Air;Dioxyde de carbone (CO2) total (d'origine biomasse et non biomasse);56500000;kg/an
0010002269;MOY PARK BEEF ORLEANS (ex MC KEY);2013;Air;Hydroflurocarbures (HFC);111;kg/an
0010400095;KNAUF INDUSTRIE EST;2013;Air;Composés organiques volatils non méthaniques (COVNM);148000;kg/an
0010002284;SPL CME;2013;Air;Dioxyde de carbone (CO2) d'origine non biomasse;13900000;kg/an
0010002284;SPL CME;2013;Air;Dioxyde de carbone (CO2) total (d'origine biomasse et non biomasse);13900000;kg/an
0010400096;MINITUBES;2013;Air;Dichlorométhane (DCM, chlorure de méthylène);1730;kg/an
0010003779;MALTERIES FRANCO SUISSES;2013;Eau (indirect);Demande biologique en oxygène (DBO5);523000;kg/an
0010003779;MALTERIES FRANCO SUISSES;2013;Eau (indirect);Demande chimique en oxygène (DCO);944000;kg/an
0010400104;NOVAPEX;2013;Air;Benzène;1330;kg/an
0010003779;MALTERIES FRANCO SUISSES;2013;Eau (indirect);Phosphore total;10600;kg/an
0010003836;Knauf Industries Est;2013;Air;Composés organiques volatils non méthaniques (COVNM);111000;kg/an
0010400104;NOVAPEX;2013;Air;Composés organiques volatils non méthaniques (COVNM);70500;kg/an
0010003855;SETRAD - ISDND Saint Laurent;2013;Air;Méthane (CH4);266000;kg/an
0010400104;NOVAPEX;2013;Eau (indirect);Carbone organique total (en tant que C total ou DCO/3);399000;kg/an
0010003878;CIMENTS CALCIA - SITE DE BEFFES;2013;Air;Ammoniac (NH3);12500;kg/an
0010003878;CIMENTS CALCIA - SITE DE BEFFES;2013;Air;Benzène;2060;kg/an
0010400104;NOVAPEX;2013;Eau (indirect);Demande chimique en oxygène (DCO);1120000;kg/an
0010003878;CIMENTS CALCIA - SITE DE BEFFES;2013;Air;Naphthalène;163;kg/an
0010003878;CIMENTS CALCIA - SITE DE BEFFES;2013;Air;Oxydes de soufre (SOx/SO2);833000;kg/an
0010400104;NOVAPEX;2013;Eau (indirect);Phénols (en tant que C total);6560;kg/an
0010003878;CIMENTS CALCIA - SITE DE BEFFES;2013;Air;Oxydes d'azote (NOx/NO2);562000;kg/an
0010003878;CIMENTS CALCIA - SITE DE BEFFES;2013;Air;Zinc et composés (exprimés en tant que Zn);294;kg/an
0010400104;NOVAPEX;2013;Eau (direct);Phénols (en tant que C total);376;kg/an
0010003878;CIMENTS CALCIA - SITE DE BEFFES;2013;Air;Dioxyde de carbone (CO2) d'origine non biomasse;346000000;kg/an
0010003878;CIMENTS CALCIA - SITE DE BEFFES;2013;Air;Dioxyde de carbone (CO2) total (d'origine biomasse et non biomasse);360000000;kg/an
0010400106;DALKIA;2013;Air;Dioxyde de carbone (CO2) d'origine non biomasse;48800000;kg/an
0010003878;CIMENTS CALCIA - SITE DE BEFFES;2013;Air;Dioxyde de carbone (CO2) d'origine biomasse;13800000;kg/an
0010004012;SUEZ RV Centre Ouest - ISDND Sonzay;2013;Air;Méthane (CH4);1050000;kg/an
0010400106;DALKIA;2013;Air;Dioxyde de carbone (CO2) total (d'origine biomasse et non biomasse);48800000;kg/an
0010004172;METALOR TECHNOLOGIES SAS;2013;Air;Tétrachloroéthylène (PER, tétrachloroéthylène);2330;kg/an
0010400392;SITOM NORD-ISERE (NOUVELLE UNITE);2013;Air;Dioxines et furanes (PCDD + PCDF) (exprimés en iTeq);0.000182;kg/an
0010004204;PROVA;2013;Air;Composés organiques volatils non méthaniques (COVNM);375000;kg/an
0010400392;SITOM NORD-ISERE (NOUVELLE UNITE);2013;Air;Dioxyde de carbone (CO2) d'origine non biomasse;74600000;kg/an
0010400392;SITOM NORD-ISERE (NOUVELLE UNITE);2013;Air;Dioxyde de carbone (CO2) total (d'origine biomasse et non biomasse);173000000;kg/an
0010004219;PROCTER ET GAMBLE BLOIS;2013;Air;Hydrochlorofluorocarbures (HCFC);1.5;kg/an
0010400392;SITOM NORD-ISERE (NOUVELLE UNITE);2013;Air;Dioxyde de carbone (CO2) d'origine biomasse;98900000;kg/an
0010004219;PROCTER ET GAMBLE BLOIS;2013;Air;Hydroflurocarbures (HFC);153;kg/an
0010400395;LYNRED;2013;Eau (direct);Cadmium et composés (exprimés en tant que Cd);1.4;kg/an
0010004249;HUTCHINSON;2013;Air;Composés organiques volatils non méthaniques (COVNM);35500;kg/an
0010004249;HUTCHINSON;2013;Air;Dichlorométhane (DCM, chlorure de méthylène);3830;kg/an
;SCEA des Arsons;2013;Air;Ammoniac (NH3);22500;kg/an
0010004249;HUTCHINSON;2013;Air;Dioxyde de carbone (CO2) d'origine non biomasse;12600000;kg/an
0010500024;SUEZ RV Borde Matin ISDND et ISDI;2013;Air;Méthane (CH4);1170000;kg/an
0010004249;HUTCHINSON;2013;Air;Dioxyde de carbone (CO2) total (d'origine biomasse et non biomasse);12600000;kg/an
0010004362;SUEZ RV CENTRE OUEST - ORVAL;2013;Air;Méthane (CH4);239000;kg/an
0010500024;SUEZ RV Borde Matin ISDND et ISDI;2013;Eau (direct);Arsenic et composés (exprimés en tant que As);10.9;kg/an
0010004585;SWISS KRONO;2013;Air;Aldéhyde formique (formaldéhyde);11100;kg/an
0010004585;SWISS KRONO;2013;Air;Composés organiques volatils non méthaniques (COVNM);727000;kg/an
0010004585;SWISS KRONO;2013;Air;Oxydes d'azote (NOx/NO2);376000;kg/an
0010004585;SWISS KRONO;2013;Air;Poussières totales;247000;kg/an
0010500026;ISDND de Mably;2013;Air;Méthane (CH4);527000;kg/an
0010004585;SWISS KRONO;2013;Air;Dioxyde de carbone (CO2) d'origine non biomasse;54400000;kg/an
0010004585;SWISS KRONO;2013;Air;Dioxyde de carbone (CO2) total (d'origine biomasse et non biomasse);54400000;kg/an
0010500026;ISDND de Mably;2013;Eau (indirect);Arsenic et composés (exprimés en tant que As);5.01;kg/an
0010004854;Société BRANCHER KINGSWOOD;2013;Air;Composés organiques volatils non méthaniques (COVNM);39600;kg/an
0010004916;ANETT DEUX;2013;Eau (indirect);Nonylphénols et éthoxylates de nonylphénol (NP/NPE);1.17;kg/an
0010500129;BIOVALE;2013;Air;Méthane (CH4);308000;kg/an
0010500129;BIOVALE;2013;Air;Dioxyde de carbone (CO2) d'origine non biomasse;37300000;kg/an
0010005151;SETRAD;2013;Air;Méthane (CH4);258000;kg/an
0010500129;BIOVALE;2013;Air;Dioxyde de carbone (CO2) total (d'origine biomasse et non biomasse);37300000;kg/an
0010500166;AUCHAN FRANCE VILLARS;2013;Air;Hydroflurocarbures (HFC);488;kg/an
0010005199;GRTgaz Station de Roussines;2013;Air;Méthane (CH4);192000;kg/an
0010500177;BOUYER LEROUX Site de St Marcellin en Forez;2013;Air;Dioxyde de carbone (CO2) d'origine non biomasse;12000000;kg/an
0010005260;CEISA PACKAGING;2013;Air;Composés organiques volatils non méthaniques (COVNM);248000;kg/an
0010005579;Chaufferie du SANITAS;2013;Air;Dioxyde de carbone (CO2) d'origine non biomasse;11200000;kg/an
0010005579;Chaufferie du SANITAS;2013;Air;Dioxyde de carbone (CO2) total (d'origine biomasse et non biomasse);11200000;kg/an
0010005755;SUEZ RV Centre Ouest - Installation de stockage de Déchets non dangereux de CHEVILLY 1;2013;Air;Méthane (CH4);389000;kg/an
0010005759;SETRAD;2013;Air;Méthane (CH4);177000;kg/an
0010500177;BOUYER LEROUX Site de St Marcellin en Forez;2013;Air;Dioxyde de carbone (CO2) total (d'origine biomasse et non biomasse);12000000;kg/an
0010500263;RKW CASTELLETTA SAS;2013;Air;Composés organiques volatils non méthaniques (COVNM);79900;kg/an
0010600206;NETCENTER DE VENISSIEUX;2013;Air;Hydrochlorofluorocarbures (HCFC);390;kg/an
;GAEC Les Trois Cantons;2013;Air;Ammoniac (NH3);11600;kg/an
0010600289;SAFRAN LANDING SYSTEMS (ex MESSIER BUGA);2013;Air;Dioxyde de carbone (CO2) d'origine non biomasse;13300000;kg/an
;EARL Elevage de la Maine;2013;Air;Ammoniac (NH3);10600;kg/an
0010600289;SAFRAN LANDING SYSTEMS (ex MESSIER BUGA);2013;Air;Dioxyde de carbone (CO2) total (d'origine biomasse et non biomasse);13300000;kg/an
0010600353;Antonio BARCO;2013;Air;Hydrochlorofluorocarbures (HCFC);850;kg/an
;GAEC LIMOUZIN;2013;Air;Ammoniac (NH3);13600;kg/an
0010900062;NIGAY S.A.S;2013;Eau (indirect);Demande biologique en oxygène (DBO5);108000;kg/an
0010900062;NIGAY S.A.S;2013;Eau (indirect);Demande chimique en oxygène (DCO);327000;kg/an
0011000005;TEINTURES ET APPRETS DANJOUX;2013;Eau (indirect);Demande biologique en oxygène (DBO5);48600;kg/an
0011000005;TEINTURES ET APPRETS DANJOUX;2013;Eau (indirect);Demande chimique en oxygène (DCO);226000;kg/an
0010600365;CHAUFFERIE GAZ LA DOUA;2013;Air;Dioxyde de carbone (CO2) d'origine non biomasse;11300000;kg/an
;SICA SARL LA POMAREDE;2013;Air;Ammoniac (NH3);11500;kg/an
0010600365;CHAUFFERIE GAZ LA DOUA;2013;Air;Dioxyde de carbone (CO2) total (d'origine biomasse et non biomasse);11300000;kg/an
;SASU Le Porc du Maynié;2013;Air;Ammoniac (NH3);17900;kg/an
0010600487;COURLY STEP DE LA FEYSSINE;2013;Eau (indirect);Demande chimique en oxygène (DCO);170000;kg/an
0010600538;HCL HOPITAL LYON SUD;2013;Air;Hydrochlorofluorocarbures (HCFC);66.8;kg/an
0012100179;KOHLER FRANCE SANIJURA;2013;Air;Composés organiques volatils non méthaniques (COVNM);32700;kg/an
0012100179;KOHLER FRANCE SANIJURA;2013;Air;Dioxines et furanes (PCDD + PCDF) (exprimés en iTeq);0.0009;kg/an
0010600538;HCL HOPITAL LYON SUD;2013;Air;Hydroflurocarbures (HFC);307;kg/an
0010600538;HCL HOPITAL LYON SUD;2013;Eau (indirect);Demande chimique en oxygène (DCO);259000;kg/an
0012200020;SUEZ RV CENTRE EST (ex SITA);2013;Air;Méthane (CH4);657000;kg/an
0010600556;Station d'épuration à Feyssine;2013;Eau (direct);Azote total;72300;kg/an
0012200020;SUEZ RV CENTRE EST (ex SITA);2013;Air;Dioxyde de carbone (CO2) total (d'origine biomasse et non biomasse);10200000;kg/an
0012200020;SUEZ RV CENTRE EST (ex SITA);2013;Air;Dioxyde de carbone (CO2) d'origine biomasse;10200000;kg/an
0010600556;Station d'épuration à Feyssine;2013;Eau (direct);Demande biologique en oxygène (DBO5);115000;kg/an
0010600556;Station d'épuration à Feyssine;2013;Eau (direct);Demande chimique en oxygène (DCO);617000;kg/an
0010600556;Station d'épuration à Feyssine;2013;Eau (direct);Nickel et composés (exprimés en tant que Ni);51.5;kg/an
;ALVA;2013;Eau (indirect);Demande chimique en oxygène (DCO);250000;kg/an
0010600556;Station d'épuration à Feyssine;2013;Eau (direct);Phosphore total;30400;kg/an
0010600556;Station d'épuration à Feyssine;2013;Eau (direct);Zinc et composés (exprimés en tant que Zn);827;kg/an
;DESHAYES Hubert;2013;Air;Ammoniac (NH3);10400;kg/an
0010600720;FONDERIE VENISSIEUX  SAS;2013;Air;Composés organiques volatils non méthaniques (COVNM);57400;kg/an
0010600822;Einstein - ELM Opérations;2013;Air;Dioxyde de carbone (CO2) d'origine non biomasse;32700000;kg/an
;FRIAL;2013;Eau (indirect);Demande biologique en oxygène (DBO5);66000;kg/an
0010600822;Einstein - ELM Opérations;2013;Air;Dioxyde de carbone (CO2) total (d'origine biomasse et non biomasse);32700000;kg/an
0010700012;ROUTIN 1883;2013;Eau (indirect);Demande biologique en oxygène (DBO5);318000;kg/an
;EVA;2013;Eau (indirect);Demande biologique en oxygène (DBO5);114000;kg/an
;EVA;2013;Eau (indirect);Demande chimique en oxygène (DCO);279000;kg/an
0010700012;ROUTIN 1883;2013;Eau (indirect);Demande chimique en oxygène (DCO);362000;kg/an
;La Normandise;2013;Air;Dioxyde de carbone (CO2) d'origine non biomasse;26000000;kg/an
;La Normandise;2013;Air;Dioxyde de carbone (CO2) total (d'origine biomasse et non biomasse);26000000;kg/an
0010700275;SCHNEIDER ELECTRIC ALPES (ex MGA);2013;Air;Hydroflurocarbures (HFC);263;kg/an
;La Normandise;2013;Eau (indirect);Demande biologique en oxygène (DBO5);145000;kg/an
;La Normandise;2013;Eau (indirect);Demande chimique en oxygène (DCO);314000;kg/an
0010700539;CEMOI CONFISEUR;2013;Eau (indirect);Demande biologique en oxygène (DBO5);127000;kg/an
0010700539;CEMOI CONFISEUR;2013;Eau (indirect);Demande chimique en oxygène (DCO);230000;kg/an
;EARL Guillaume;2013;Air;Ammoniac (NH3);16600;kg/an
0010700541;MECAD SAVOIE INDUSTRIE;2013;Air;Dichlorométhane (DCM, chlorure de méthylène);1120;kg/an
0010800059;Carrefour Annecy;2013;Air;Hydroflurocarbures (HFC);731;kg/an
;AUCHAN LA COURONNE;2013;Air;Hydroflurocarbures (HFC);542;kg/an
0010800259;GROUPE BIGARD Site de Bonneville;2013;Eau (indirect);Azote total;60400;kg/an
0016300107;O-I MANUFACTURING FRANCE;2013;Air;Oxydes de soufre (SOx/SO2);154000;kg/an
0016300107;O-I MANUFACTURING FRANCE;2013;Air;Oxydes d'azote (NOx/NO2);162000;kg/an
0016300107;O-I MANUFACTURING FRANCE;2013;Air;Dioxyde de carbone (CO2) d'origine non biomasse;69500000;kg/an
0010800259;GROUPE BIGARD Site de Bonneville;2013;Eau (indirect);Demande biologique en oxygène (DBO5);117000;kg/an
0016300107;O-I MANUFACTURING FRANCE;2013;Air;Dioxyde de carbone (CO2) total (d'origine biomasse et non biomasse);69500000;kg/an
;S.A.S Elvaporcs;2013;Air;Ammoniac (NH3);16500;kg/an
0010800259;GROUPE BIGARD Site de Bonneville;2013;Eau (indirect);Demande chimique en oxygène (DCO);273000;kg/an
0010800284;EMT INDUSTRIE;2013;Air;Tétrachloroéthylène (PER, tétrachloroéthylène);2020;kg/an
0016400034;ETABLISSEMENT CANARD SA;2013;Air;Composés organiques volatils non méthaniques (COVNM);34500;kg/an
0010800308;BAUD VOUGY;2013;Air;Tétrachloroéthylène (PER, tétrachloroéthylène);7760;kg/an
0010800314;Hypermarché CORA;2013;Air;Hydroflurocarbures (HFC);137;kg/an
0016400309;TRADIVAL;2013;Sol;Fer et composés (exprimés en tant que Fe);18000;kg/an
0016400362;SUEZ RV Centre Est;2013;Air;Méthane (CH4);247000;kg/an
0010800337;Hypermarché Géant Casino Seynod;2013;Air;Hydrochlorofluorocarbures (HCFC);2.6;kg/an
0016400362;SUEZ RV Centre Est;2013;Eau (indirect);Arsenic et composés (exprimés en tant que As);7.01;kg/an
0010800337;Hypermarché Géant Casino Seynod;2013;Air;Hydroflurocarbures (HFC);437;kg/an
0016400363;SICTOM Nord Allier;2013;Air;Méthane (CH4);1000000;kg/an
;EARL la vergnaie;2013;Air;Ammoniac (NH3);11500;kg/an
0016400376;MEWA SARL;2013;Eau (indirect);Nickel et composés (exprimés en tant que Ni);28;kg/an
;EARL LE MANOIR;2013;Air;Ammoniac (NH3);12300;kg/an
;GAEC de Margnac;2013;Air;Ammoniac (NH3);20000;kg/an
;earl la baudriere;2013;Air;Ammoniac (NH3);11300;kg/an
0016500006;COVERIS FLEXIBLES FRANCE SA;2013;Air;Composés organiques volatils non méthaniques (COVNM);69100;kg/an
0022100016;ENERGIES ANTILLES;2013;Air;Dioxyde de carbone (CO2) d'origine non biomasse;95100000;kg/an
0016500081;CF&R;2013;Air;Dioxyde de carbone (CO2) d'origine non biomasse;12200000;kg/an
0016500081;CF&R;2013;Air;Dioxyde de carbone (CO2) total (d'origine biomasse et non biomasse);12200000;kg/an
0016500081;CF&R;2013;Eau (indirect);Demande biologique en oxygène (DBO5);156000;kg/an
0016500081;CF&R;2013;Eau (indirect);Demande chimique en oxygène (DCO);413000;kg/an
0022100016;ENERGIES ANTILLES;2013;Air;Dioxyde de carbone (CO2) total (d'origine biomasse et non biomasse);95100000;kg/an
0016500081;CF&R;2013;Eau (indirect);Phosphore total;7060;kg/an
0022100032;SRMG (SUCRERIE MARIE-GALANTE);2013;Air;Dioxyde de carbone (CO2) total (d'origine biomasse et non biomasse);15600000;kg/an
0016500084;G'IMPRIM;2013;Air;Composés organiques volatils non méthaniques (COVNM);139000;kg/an
0022100032;SRMG (SUCRERIE MARIE-GALANTE);2013;Air;Dioxyde de carbone (CO2) d'origine biomasse;15600000;kg/an
0022100036;GARDEL S.A.;2013;Sol;Zinc et composés (exprimés en tant que Zn);304;kg/an
0016500087;SYMPTTOM Monistrol sur Loire - ISDND;2013;Air;Méthane (CH4);213000;kg/an
0022100044;CENTRALE DE JARRY-NORD;2013;Air;Antimoine et composés (exprimés en tant que Sb);47;kg/an
0022100044;CENTRALE DE JARRY-NORD;2013;Air;Benzène;2200;kg/an
0016500114;MULTISAC;2013;Air;Composés organiques volatils non méthaniques (COVNM);45300;kg/an
0022100044;CENTRALE DE JARRY-NORD;2013;Air;Cadmium et composés (exprimés en tant que Cd);13;kg/an
0022100044;CENTRALE DE JARRY-NORD;2013;Air;Cobalt et composés (exprimés en tant que Co);27;kg/an
0016500173;COLLY & MARTIN SAS;2013;Air;Composés organiques volatils non méthaniques (COVNM);43900;kg/an
0022100044;CENTRALE DE JARRY-NORD;2013;Air;Monoxyde de carbone (CO);775000;kg/an
0022100044;CENTRALE DE JARRY-NORD;2013;Air;Nickel et composés (exprimés en tant que Ni);1330;kg/an
0016900008;LUSTUCRU FRAIS;2013;Eau (indirect);Demande biologique en oxygène (DBO5);116000;kg/an
0022100044;CENTRALE DE JARRY-NORD;2013;Air;Oxydes de soufre (SOx/SO2);2610000;kg/an
;HYPOR FRANCE;2013;Air;Ammoniac (NH3);46600;kg/an
0022100044;CENTRALE DE JARRY-NORD;2013;Air;Oxydes d'azote (NOx/NO2);6280000;kg/an
;le préau SAS;2013;Air;Ammoniac (NH3);62400;kg/an
0022100044;CENTRALE DE JARRY-NORD;2013;Air;Particules (PM10);199000;kg/an
0022100044;CENTRALE DE JARRY-NORD;2013;Air;Poussières totales;199000;kg/an
0022100044;CENTRALE DE JARRY-NORD;2013;Air;Zinc et composés (exprimés en tant que Zn);267;kg/an
0018200148;MONIER  Massia ex LAFARGE COUVERTURE;2013;Air;Dioxyde de carbone (CO2) d'origine non biomasse;30400000;kg/an
0018200148;MONIER  Massia ex LAFARGE COUVERTURE;2013;Air;Dioxyde de carbone (CO2) total (d'origine biomasse et non biomasse);30400000;kg/an
0022100044;CENTRALE DE JARRY-NORD;2013;Air;Dioxyde de carbone (CO2) d'origine non biomasse;512000000;kg/an
0018300005;CYDEL- UTVE ARC IRIS;2013;Air;Mercure et composés (exprimés en tant que Hg);18.6;kg/an
0022100044;CENTRALE DE JARRY-NORD;2013;Air;Dioxyde de carbone (CO2) total (d'origine biomasse et non biomasse);512000000;kg/an
0018300005;CYDEL- UTVE ARC IRIS;2013;Air;Dioxyde de carbone (CO2) d'origine non biomasse;84500000;kg/an
0018300005;CYDEL- UTVE ARC IRIS;2013;Air;Dioxyde de carbone (CO2) total (d'origine biomasse et non biomasse);195000000;kg/an
0022100049;SARA;2013;Air;Composés organiques volatils non méthaniques (COVNM);67300;kg/an
0018300005;CYDEL- UTVE ARC IRIS;2013;Air;Dioxyde de carbone (CO2) d'origine biomasse;110000000;kg/an
0022100164;CENTRALE ESM ST MARTIN;2013;Air;Oxydes d'azote (NOx/NO2);283000;kg/an
0018300603;Communauté d'agglom Béziers Méditerranée;2013;Air;Méthane (CH4);266000;kg/an
0022100164;CENTRALE ESM ST MARTIN;2013;Air;Dioxyde de carbone (CO2) d'origine non biomasse;59700000;kg/an
0022100164;CENTRALE ESM ST MARTIN;2013;Air;Dioxyde de carbone (CO2) total (d'origine biomasse et non biomasse);59700000;kg/an
0018300685;AMETYST;2013;Air;Ammoniac (NH3);24700;kg/an
0022100284;SYVADE;2013;Eau (direct);Phénols (en tant que C total);29;kg/an
0018300685;AMETYST;2013;Air;Méthane (CH4);259000;kg/an
0018300685;AMETYST;2013;Air;Dioxyde de carbone (CO2) total (d'origine biomasse et non biomasse);23600000;kg/an
0018300685;AMETYST;2013;Air;Dioxyde de carbone (CO2) d'origine biomasse;23600000;kg/an
0022100371;ENERGIPOLE Esperance;2013;Air;Méthane (CH4);473000;kg/an
0018300685;AMETYST;2013;Eau (indirect);Carbone organique total (en tant que C total ou DCO/3);109000;kg/an
0018300685;AMETYST;2013;Eau (indirect);Demande biologique en oxygène (DBO5);101000;kg/an
;GAEC ELEVAGE DAMANY;2013;Air;Ammoniac (NH3);15500;kg/an
0018300685;AMETYST;2013;Eau (indirect);Demande chimique en oxygène (DCO);493000;kg/an
0018300685;AMETYST;2013;Eau (indirect);Nickel et composés (exprimés en tant que Ni);20.4;kg/an
0018300685;AMETYST;2013;Eau (indirect);Zinc et composés (exprimés en tant que Zn);116;kg/an
;L'Oeuf de Beaupré;2013;Air;Ammoniac (NH3);11400;kg/an
0018300699;CABM;2013;Air;Méthane (CH4);208000;kg/an
;LA FERME DE KERVENAC'H SAS;2013;Air;Ammoniac (NH3);48500;kg/an
;CHARAL;2013;Eau (indirect);Demande biologique en oxygène (DBO5);162000;kg/an
;GAEC LE MENEC;2013;Air;Ammoniac (NH3);10600;kg/an
;CHARAL;2013;Eau (indirect);Demande chimique en oxygène (DCO);318000;kg/an
;SEM des abattoirs de la Valeynie;2013;Eau (indirect);Demande biologique en oxygène (DBO5);115000;kg/an
;SCA LE BIHAN-GLOUX;2013;Air;Ammoniac (NH3);23300;kg/an
;Edith Jenty;2013;Air;Ammoniac (NH3);10900;kg/an
;EARL DE LA PETITE GUEVIERE;2013;Air;Ammoniac (NH3);17900;kg/an
;SABCOR;2013;Eau (indirect);Demande biologique en oxygène (DBO5);55600;kg/an
;SCEA ANDRIEU;2013;Air;Ammoniac (NH3);16000;kg/an
;EARL lucien GEFFRELOT;2013;Air;Ammoniac (NH3);13100;kg/an
;GUIGO VINCENT;2013;Air;Ammoniac (NH3);10100;kg/an
;EARL DE LA HELLIOTERIE;2013;Air;Ammoniac (NH3);20700;kg/an
;SCEA DE KERFOS;2013;Air;Ammoniac (NH3);14200;kg/an
;LE HELLOCO PIERRICK;2013;Air;Ammoniac (NH3);11300;kg/an
;EARL LE FALHER;2013;Air;Ammoniac (NH3);11100;kg/an
;GAEC DES MEZERAIS;2013;Air;Ammoniac (NH3);12400;kg/an
;SCEA ROUXEL;2013;Air;Ammoniac (NH3);15600;kg/an
;HENRY Odile;2013;Air;Ammoniac (NH3);12000;kg/an
;SCEA ELEVAGE AVICOLE DE CRECH MIN;2013;Air;Ammoniac (NH3);14700;kg/an
;EARL DE BAYETTE;2013;Air;Ammoniac (NH3);11400;kg/an
;GAEC DE COAT BIHAN;2013;Air;Ammoniac (NH3);13700;kg/an
;EARL GUEGAN Bernard;2013;Air;Ammoniac (NH3);13400;kg/an
;GAEC FAIRIER;2013;Air;Ammoniac (NH3);16900;kg/an
;EARL DE LA METAIRIE;2013;Air;Ammoniac (NH3);46700;kg/an
;GAEC DU CLOS DE LA PIERRE;2013;Air;Ammoniac (NH3);12500;kg/an
;EARL LORANT;2013;Air;Ammoniac (NH3);10800;kg/an
;CADIN BERNARD;2013;Air;Ammoniac (NH3);12800;kg/an
;SCEA LERICOLLAIS;2013;Air;Ammoniac (NH3);10800;kg/an
;SOULABAILLE CLAUDE;2013;Air;Ammoniac (NH3);15400;kg/an
;FACY Pierre;2013;Air;Ammoniac (NH3);16100;kg/an
0022200009;LA MARTINIQUAISE DE VALORISATION S.A.;2013;Air;Dioxyde de carbone (CO2) d'origine non biomasse;16000000;kg/an
;earl de la ville blanche;2013;Air;Ammoniac (NH3);17500;kg/an
0022200009;LA MARTINIQUAISE DE VALORISATION S.A.;2013;Air;Dioxyde de carbone (CO2) total (d'origine biomasse et non biomasse);16000000;kg/an
0022200009;LA MARTINIQUAISE DE VALORISATION S.A.;2013;Air;Dioxyde de carbone (CO2) d'origine biomasse;16000000;kg/an
;GAEC DE FALIGOT;2013;Air;Ammoniac (NH3);14600;kg/an
0022200016;EDF SEI - PK;2013;Air;Antimoine et composés (exprimés en tant que Sb);32.3;kg/an
;ALLAIN Jean Paul;2013;Air;Ammoniac (NH3);11000;kg/an
0022200016;EDF SEI - PK;2013;Air;Benzène;1520;kg/an
0022200016;EDF SEI - PK;2013;Air;Cobalt et composés (exprimés en tant que Co);18.5;kg/an
;EARL VIVIER;2013;Air;Ammoniac (NH3);18200;kg/an
;EARL THOMAS;2013;Air;Ammoniac (NH3);11500;kg/an
0022200016;EDF SEI - PK;2013;Air;Nickel et composés (exprimés en tant que Ni);923;kg/an
;EARL DU BOIS DE LA VIGNE;2013;Air;Ammoniac (NH3);12900;kg/an
0022200016;EDF SEI - PK;2013;Air;Oxydes de soufre (SOx/SO2);2360000;kg/an
;SARL DU SKAVENN;2013;Air;Ammoniac (NH3);15700;kg/an
0022200016;EDF SEI - PK;2013;Air;Oxydes d'azote (NOx/NO2);11600000;kg/an
;EURL AUREGAN MEGRET;2013;Air;Ammoniac (NH3);19100;kg/an
0022200016;EDF SEI - PK;2013;Air;Particules (PM10);85500;kg/an
0022200016;EDF SEI - PK;2013;Air;Dioxyde de carbone (CO2) d'origine non biomasse;426000000;kg/an
;EARL RAOULT;2013;Air;Ammoniac (NH3);21100;kg/an
0022200016;EDF SEI - PK;2013;Air;Dioxyde de carbone (CO2) total (d'origine biomasse et non biomasse);426000000;kg/an
;SCEA DU BOIS DU PONT;2013;Air;Ammoniac (NH3);16200;kg/an
0022200020;RHUMS MARTINIQUAIS SAINT JAMES;2013;Air;Composés organiques volatils non méthaniques (COVNM);116000;kg/an
;GAEC DE LORGERIE;2013;Air;Ammoniac (NH3);18200;kg/an
0022200031;EDF SEI - Bf;2013;Air;Antimoine et composés (exprimés en tant que Sb);36.1;kg/an
;SCEA ELEVAGE DE LA VILLE BARBE;2013;Air;Ammoniac (NH3);12100;kg/an
0022200031;EDF SEI - Bf;2013;Air;Benzène;1730;kg/an
0022200031;EDF SEI - Bf;2013;Air;Cadmium et composés (exprimés en tant que Cd);12.9;kg/an
;SCEA DE LA VILLE POISSIN;2013;Air;Ammoniac (NH3);11100;kg/an
;GAEC DES BOIS;2013;Air;Ammoniac (NH3);31400;kg/an
0022200031;EDF SEI - Bf;2013;Air;Cobalt et composés (exprimés en tant que Co);20.6;kg/an
0022200031;EDF SEI - Bf;2013;Air;Composés organiques volatils non méthaniques (COVNM);69000;kg/an
;EARL CARFANTAN ALAIN;2013;Air;Ammoniac (NH3);30000;kg/an
0022200031;EDF SEI - Bf;2013;Air;Hydrocarbures aromatiques polycycliques (HAP);51.6;kg/an
0022200031;EDF SEI - Bf;2013;Air;Monoxyde de carbone (CO);801000;kg/an
;SCEA DE LA VILLE PEAN;2013;Air;Ammoniac (NH3);25400;kg/an
0022200031;EDF SEI - Bf;2013;Air;Nickel et composés (exprimés en tant que Ni);1030;kg/an
0022200031;EDF SEI - Bf;2013;Air;Oxydes de soufre (SOx/SO2);1890000;kg/an
;EARL DE LA VILLE BELLANGER;2013;Air;Ammoniac (NH3);27400;kg/an
0022200031;EDF SEI - Bf;2013;Air;Oxydes d'azote (NOx/NO2);8700000;kg/an
0022200031;EDF SEI - Bf;2013;Air;Particules (PM10);174000;kg/an
;GAEC DES GRANDS CHAMPS;2013;Air;Ammoniac (NH3);18300;kg/an
0022200031;EDF SEI - Bf;2013;Air;Poussières totales;174000;kg/an
;SARL DU MOELOU;2013;Air;Ammoniac (NH3);39300;kg/an
0022200031;EDF SEI - Bf;2013;Air;Zinc et composés (exprimés en tant que Zn);257;kg/an
;GAEC DU GRAND CARNAIS;2013;Air;Ammoniac (NH3);13000;kg/an
0022200031;EDF SEI - Bf;2013;Air;Dioxyde de carbone (CO2) d'origine non biomasse;489000000;kg/an
0022100006;ALBIOMA LE MOULE;2013;Air;Chlore et composés inorganiques (en tant que HCl);29200;kg/an
0022200031;EDF SEI - Bf;2013;Air;Dioxyde de carbone (CO2) total (d'origine biomasse et non biomasse);489000000;kg/an
0022100006;ALBIOMA LE MOULE;2013;Air;Oxydes de soufre (SOx/SO2);2260000;kg/an
0022100006;ALBIOMA LE MOULE;2013;Air;Oxydes d'azote (NOx/NO2);1060000;kg/an
0022200040;SAEM LE GALION;2013;Air;Dioxyde de carbone (CO2) total (d'origine biomasse et non biomasse);23300000;kg/an
0022100006;ALBIOMA LE MOULE;2013;Air;Protoxyde d'azote (N2O);13300;kg/an
0022100006;ALBIOMA LE MOULE;2013;Air;Dioxyde de carbone (CO2) d'origine non biomasse;414000000;kg/an
0022200040;SAEM LE GALION;2013;Air;Dioxyde de carbone (CO2) d'origine biomasse;23300000;kg/an
0022100006;ALBIOMA LE MOULE;2013;Air;Dioxyde de carbone (CO2) total (d'origine biomasse et non biomasse);508000000;kg/an
0022100006;ALBIOMA LE MOULE;2013;Air;Dioxyde de carbone (CO2) d'origine biomasse;94400000;kg/an
0022200044;SARA raffinerie;2013;Air;Benzène;1600;kg/an
0022100006;ALBIOMA LE MOULE;2013;Eau (direct);Composés organohalogénés (exprimés en tant que AOX);3080;kg/an
0022100006;ALBIOMA LE MOULE;2013;Eau (direct);Zinc et composés (exprimés en tant que Zn);235;kg/an
0022200044;SARA raffinerie;2013;Air;Composés organiques volatils non méthaniques (COVNM);144000;kg/an
0022100013;ELECTRICITE DE FRANCE JYS;2013;Air;Dioxyde de carbone (CO2) d'origine non biomasse;65600000;kg/an
0022200044;SARA raffinerie;2013;Air;Oxydes de soufre (SOx/SO2);587000;kg/an
0022100013;ELECTRICITE DE FRANCE JYS;2013;Air;Dioxyde de carbone (CO2) total (d'origine biomasse et non biomasse);65600000;kg/an
0022200044;SARA raffinerie;2013;Air;Oxydes d'azote (NOx/NO2);264000;kg/an
0022200044;SARA raffinerie;2013;Air;Dioxyde de carbone (CO2) d'origine non biomasse;126000000;kg/an
0022100014;Centrale EDF de St Barthelemy;2013;Air;Oxydes d'azote (NOx/NO2);1190000;kg/an
0022200044;SARA raffinerie;2013;Air;Dioxyde de carbone (CO2) total (d'origine biomasse et non biomasse);126000000;kg/an
0022100014;Centrale EDF de St Barthelemy;2013;Air;Dioxyde de carbone (CO2) d'origine non biomasse;73200000;kg/an
0022100014;Centrale EDF de St Barthelemy;2013;Air;Dioxyde de carbone (CO2) total (d'origine biomasse et non biomasse);73200000;kg/an
;EARL ELEVAGE PEN AR GOE;2013;Air;Ammoniac (NH3);13300;kg/an
;HUET PHILIPPE;2013;Air;Ammoniac (NH3);15100;kg/an
0022100015;ELECTRICITE DE FRANCE St Martin;2013;Air;Composés organiques volatils non méthaniques (COVNM);33700;kg/an
0022100015;ELECTRICITE DE FRANCE St Martin;2013;Air;Oxydes d'azote (NOx/NO2);1350000;kg/an
;EARL DU GRAND COUDRAY;2013;Air;Ammoniac (NH3);13000;kg/an
0022100015;ELECTRICITE DE FRANCE St Martin;2013;Air;Dioxyde de carbone (CO2) d'origine non biomasse;83200000;kg/an
0022100015;ELECTRICITE DE FRANCE St Martin;2013;Air;Dioxyde de carbone (CO2) total (d'origine biomasse et non biomasse);83200000;kg/an
0022100016;ENERGIES ANTILLES;2013;Air;Oxydes de soufre (SOx/SO2);314000;kg/an
;EARL DE KERNARHANT;2013;Air;Ammoniac (NH3);12700;kg/an
0022100016;ENERGIES ANTILLES;2013;Air;Oxydes d'azote (NOx/NO2);794000;kg/an
;SCEA DAVID;2013;Air;Ammoniac (NH3);14100;kg/an
;LE PAGE PHILIPPE;2013;Air;Ammoniac (NH3);14200;kg/an
;VASLON NOEL;2013;Air;Ammoniac (NH3);12400;kg/an
0024900044;COVED_ ISDND de Champigny;2013;Air;Méthane (CH4);402000;kg/an
;EARL PLANTEC;2013;Air;Ammoniac (NH3);17500;kg/an
0025000009;FOULON SOPAGLY SAS;2013;Eau (indirect);Demande biologique en oxygène (DBO5);210000;kg/an
0025000009;FOULON SOPAGLY SAS;2013;Eau (indirect);Demande chimique en oxygène (DCO);309000;kg/an
;SARL CARO JULIEN AVICULTURE;2013;Air;Ammoniac (NH3);13900;kg/an
0025000022;SMET 71;2013;Air;Oxydes de soufre (SOx/SO2);169000;kg/an
;EARL ELEVAGE ROBERT Hervé;2013;Air;Ammoniac (NH3);17600;kg/an
0025000023;VALEST;2013;Air;Méthane (CH4);692000;kg/an
;EARL LONCLE et ROBERT;2013;Air;Ammoniac (NH3);11700;kg/an
0025000023;VALEST;2013;Air;Dioxyde de carbone (CO2) total (d'origine biomasse et non biomasse);15200000;kg/an
0025000023;VALEST;2013;Air;Dioxyde de carbone (CO2) d'origine biomasse;15200000;kg/an
;EARL DE FONTAIGNAN;2013;Air;Ammoniac (NH3);20600;kg/an
;SBA Société Bisontine d'Abattage;2013;Eau (indirect);Demande biologique en oxygène (DBO5);80900;kg/an
;SCEA DE LA LANDE;2013;Air;Ammoniac (NH3);14100;kg/an
;SBA Société Bisontine d'Abattage;2013;Eau (indirect);Demande chimique en oxygène (DCO);164000;kg/an
;GAEC DE L'UNION;2013;Air;Ammoniac (NH3);16900;kg/an
;SCEA ABHERVE GUEGUEN;2013;Air;Ammoniac (NH3);19900;kg/an
0025200001;FRAMATOME;2013;Air;Dioxyde de carbone (CO2) d'origine non biomasse;15700000;kg/an
0025200001;FRAMATOME;2013;Air;Dioxyde de carbone (CO2) total (d'origine biomasse et non biomasse);15700000;kg/an
;OLIVIER Benoît;2013;Air;Ammoniac (NH3);10800;kg/an
0025200084;TERREAL;2013;Air;Dioxyde de carbone (CO2) d'origine non biomasse;20100000;kg/an
0025200084;TERREAL;2013;Air;Dioxyde de carbone (CO2) total (d'origine biomasse et non biomasse);20100000;kg/an
;EARL DU BOURG;2013;Air;Ammoniac (NH3);10600;kg/an
;SCEA OEUF D'ARMOR;2013;Air;Ammoniac (NH3);14900;kg/an
;SARL PORFINS;2013;Air;Ammoniac (NH3);17800;kg/an
;EARL DU GUERMO;2013;Air;Ammoniac (NH3);21000;kg/an
;EARL DES THUYAS;2013;Air;Ammoniac (NH3);12100;kg/an
;SAS PEB;2013;Air;Ammoniac (NH3);42000;kg/an
;EARL BOITARD FEUILLET;2013;Air;Ammoniac (NH3);12300;kg/an
;LE FEVRE Anne;2013;Air;Ammoniac (NH3);13500;kg/an
;EARL DE KERHELLEC;2013;Air;Ammoniac (NH3);30100;kg/an
;Les éleveurs de la Chevillotte;2013;Eau (indirect);Demande biologique en oxygène (DBO5);85400;kg/an
;Les éleveurs de la Chevillotte;2013;Eau (indirect);Demande chimique en oxygène (DCO);211000;kg/an
;ELEVAGE DE LA BOURDONNIERE;2013;Air;Ammoniac (NH3);13700;kg/an
0022300001;ALBIOMA;2013;Air;Oxydes d'azote (NOx/NO2);109000;kg/an
;SAS DEROUX FRERES;2013;Air;Ammoniac (NH3);16400;kg/an
;SARL DAME BLANCHE;2013;Air;Ammoniac (NH3);19500;kg/an
0022300001;ALBIOMA;2013;Air;Dioxyde de carbone (CO2) d'origine non biomasse;94400000;kg/an
0022300001;ALBIOMA;2013;Air;Dioxyde de carbone (CO2) total (d'origine biomasse et non biomasse);94400000;kg/an
;EARL DE LA FOUTELAIS;2013;Air;Ammoniac (NH3);19100;kg/an
;SCEA REYNAUD;2013;Air;Ammoniac (NH3);10900;kg/an
;GAEC DE BELLE FONTAINE;2013;Air;Ammoniac (NH3);12800;kg/an
;LE DEUFF Jean-Yves;2013;Air;Ammoniac (NH3);15400;kg/an
;EARL BENOIT ET FILS;2013;Air;Ammoniac (NH3);28700;kg/an
;SCEA DE LA PIERRE BLEUE;2013;Air;Ammoniac (NH3);13000;kg/an
;AVIDOR;2013;Air;Ammoniac (NH3);17000;kg/an
;EARL ELEVAGE AVICOLE LEURMIN;2013;Air;Ammoniac (NH3);13000;kg/an
;SCEA CRESTEL;2013;Air;Ammoniac (NH3);15200;kg/an
;EARL J2AP;2013;Air;Ammoniac (NH3);13500;kg/an
;LOSSOUARN MARTINE;2013;Air;Ammoniac (NH3);10300;kg/an
;EARL DESCOMBES;2013;Air;Ammoniac (NH3);10500;kg/an
;GAEC LE BOUDER;2013;Air;Ammoniac (NH3);18000;kg/an
;GAEC DU PECH DU DOGNON;2013;Air;Ammoniac (NH3);24700;kg/an
;EARL D'OCTAVEON;2013;Air;Ammoniac (NH3);16400;kg/an
;SARL DES MAINES;2013;Air;Ammoniac (NH3);21100;kg/an
;FERME MONTILIENNE L'HOMME D'ARME;2013;Air;Ammoniac (NH3);35800;kg/an
;SCEA LE BOIS BARAT;2013;Air;Ammoniac (NH3);18200;kg/an
;earl Roux freres;2013;Air;Ammoniac (NH3);10300;kg/an
0024600015;GRT GAZ Palleau;2013;Air;Méthane (CH4);134000;kg/an
0024600015;GRT GAZ Palleau;2013;Air;Dioxyde de carbone (CO2) d'origine non biomasse;30000000;kg/an
;LIOT SAS;2013;Air;Ammoniac (NH3);49500;kg/an
0024600015;GRT GAZ Palleau;2013;Air;Dioxyde de carbone (CO2) total (d'origine biomasse et non biomasse);30000000;kg/an
;EARL LES TRINQUETS;2013;Air;Ammoniac (NH3);10800;kg/an
;EARL DE LA GALLINETTE;2013;Air;Ammoniac (NH3);32800;kg/an
0024600028;INDUSTEEL FRANCE site du Creusot (Secteur Creusot);2013;Air;Chrome et composés (exprimés en tant que Cr);106;kg/an
0024600028;INDUSTEEL FRANCE site du Creusot (Secteur Creusot);2013;Air;Nickel et composés (exprimés en tant que Ni);54;kg/an
;SOCOPA VIANDES;2013;Sol;Zinc et composés (exprimés en tant que Zn);163;kg/an
0024700068;SCHNEIDER ELECTRIC AMT;2013;Air;Hexafluorure de soufre (SF6);189;kg/an
0024900001;I.S.D.N.D de Monéteau;2013;Air;Méthane (CH4);226000;kg/an
;EARL CHALLIER;2013;Air;Ammoniac (NH3);25700;kg/an
0028100042;PONT SUR SAMBRE POWER;2013;Air;Dioxyde de carbone (CO2) d'origine non biomasse;220000000;kg/an
;SARL LES PINS;2013;Air;Ammoniac (NH3);24100;kg/an
0028100042;PONT SUR SAMBRE POWER;2013;Air;Dioxyde de carbone (CO2) total (d'origine biomasse et non biomasse);220000000;kg/an
;SARL VALNAIS;2013;Air;Ammoniac (NH3);10700;kg/an
;GAEC DU DOMAINE HAMON;2013;Air;Ammoniac (NH3);15200;kg/an
;SARL DU MOULIN;2013;Air;Ammoniac (NH3);13800;kg/an
;GAEC CRUAUT;2013;Air;Ammoniac (NH3);21400;kg/an
;SCEA SAINT YVES;2013;Air;Ammoniac (NH3);16500;kg/an
0028300009;Wizpaper;2013;Air;Dioxyde de carbone (CO2) d'origine non biomasse;52100000;kg/an
;AGIS TRAITEUR INNOVATION;2013;Eau (indirect);Demande biologique en oxygène (DBO5);102000;kg/an
0028300009;Wizpaper;2013;Air;Dioxyde de carbone (CO2) total (d'origine biomasse et non biomasse);52100000;kg/an
;EARL DES ARCADES;2013;Air;Ammoniac (NH3);11300;kg/an
;SARL PORCS BEAUCE;2013;Air;Ammoniac (NH3);11900;kg/an
;SARL CAPALAFR;2013;Air;Ammoniac (NH3);14500;kg/an
;Jean-Pierre TALLEC;2013;Air;Hydroflurocarbures (HFC);193;kg/an
;GAEC MARY Frères;2013;Air;Ammoniac (NH3);13500;kg/an
;JEAN PIERRE TALLEC;2013;Air;Hydroflurocarbures (HFC);190;kg/an
;EARL BROUSSARD;2013;Air;Ammoniac (NH3);11600;kg/an
;JEAN PIERRE TALLEC;2013;Eau (indirect);Demande biologique en oxygène (DBO5);55200;kg/an
;SAS LICHOU;2013;Air;Ammoniac (NH3);14300;kg/an
;EARL DU PETIT CANAL;2013;Air;Ammoniac (NH3);17700;kg/an
;EARL LES OEUFS DU BOULAY;2013;Air;Ammoniac (NH3);27700;kg/an
;GAEC DU GOADEC;2013;Air;Ammoniac (NH3);16100;kg/an
;SCEA LES COTEAUX;2013;Air;Ammoniac (NH3);11400;kg/an
;DELABLI - Division DELPIERRE;2013;Eau (indirect);Demande biologique en oxygène (DBO5);73800;kg/an
;GAEC DE L'EAU VIVE;2013;Air;Ammoniac (NH3);13100;kg/an
;La Lampaulaise site de Quimper usine de Quimper;2013;Eau (indirect);Demande biologique en oxygène (DBO5);65200;kg/an
;LES VOLAILLES DE ST MARS;2013;Air;Hydroflurocarbures (HFC);212;kg/an
;AUBRET;2013;Eau (indirect);Demande biologique en oxygène (DBO5);204000;kg/an
;EARL DU ROCHER;2013;Air;Ammoniac (NH3);15000;kg/an
;AUBRET;2013;Eau (indirect);Demande chimique en oxygène (DCO);398000;kg/an
;EARL LOSTANLEN;2013;Air;Ammoniac (NH3);26800;kg/an
;COVI;2013;Eau (indirect);Demande biologique en oxygène (DBO5);123000;kg/an
;EARL LE GALL BERNARD;2013;Air;Ammoniac (NH3);10700;kg/an
;SCEA ELEVAGE DE KERGOFF;2013;Air;Ammoniac (NH3);18800;kg/an
;COVI;2013;Eau (indirect);Demande chimique en oxygène (DCO);234000;kg/an
;EARL KERHERVE;2013;Air;Ammoniac (NH3);11000;kg/an
;GAEC LA SIONNIERE;2013;Air;Ammoniac (NH3);17400;kg/an
;PORAUBENNES;2013;Air;Ammoniac (NH3);29100;kg/an
;EARL JAOUEN;2013;Air;Ammoniac (NH3);25200;kg/an
;GAEC DE KERASCOT;2013;Air;Ammoniac (NH3);12000;kg/an
;SCEA LES TAUPINES;2013;Air;Ammoniac (NH3);10400;kg/an
;EARL DES SOURCES;2013;Air;Ammoniac (NH3);13900;kg/an
;GAEC PAPE;2013;Air;Ammoniac (NH3);10400;kg/an
;SAS élevages de CAZALS;2013;Air;Ammoniac (NH3);16800;kg/an
;EARL PAJAU PORC FERMIER;2013;Air;Ammoniac (NH3);20200;kg/an
;EARL GUILLERM MORIZUR;2013;Air;Ammoniac (NH3);11200;kg/an
;SOGP FRANCE;2013;Air;Ammoniac (NH3);11100;kg/an
;EARL LE ROY;2013;Air;Ammoniac (NH3);12400;kg/an
;JULIERE SCEA;2013;Air;Ammoniac (NH3);18200;kg/an
;GAEC DE KERBOULLOU;2013;Air;Ammoniac (NH3);16100;kg/an
0050100333;MONTERRAT S.A;2013;Eau (indirect);Chloroforme (trichlorométhane);17.7;kg/an
;EARL DES TROIS VALLEES;2013;Air;Ammoniac (NH3);14300;kg/an
0050100431;SIBERT ET FILS;2013;Eau (indirect);Zinc et composés (exprimés en tant que Zn);2220;kg/an
;EARL DES PEUPLIERS;2013;Air;Ammoniac (NH3);13300;kg/an
0050100641;DENIS LAURENT;2013;Air;Ammoniac (NH3);14600;kg/an
0050100901;EARL DU SOLEIL LEVANT;2013;Air;Ammoniac (NH3);13700;kg/an
;EARL CARRER;2013;Air;Ammoniac (NH3);10700;kg/an
;SCEA DES BEAUX LINGES;2013;Air;Ammoniac (NH3);11500;kg/an
;FORGE (EARL LA);2013;Air;Ammoniac (NH3);15200;kg/an
;SCEA CUEFF;2013;Air;Ammoniac (NH3);22000;kg/an
;GAEC DESLANDES;2013;Air;Ammoniac (NH3);12400;kg/an
;SCEA Outremer;2013;Air;Ammoniac (NH3);14500;kg/an
;SARL BERTHEVAS;2013;Air;Ammoniac (NH3);11500;kg/an
0050300144;SCEA DE LA CROIX BOUTET;2013;Air;Ammoniac (NH3);17200;kg/an
;AR MANERIOU (GAEC);2013;Air;Ammoniac (NH3);10800;kg/an
;EARL LEHERICEY;2013;Air;Ammoniac (NH3);14000;kg/an
;EARL COSQUER;2013;Air;Ammoniac (NH3);12700;kg/an
;EARL LOC;2013;Air;Ammoniac (NH3);32300;kg/an
;EARL FRANCOIS;2013;Air;Ammoniac (NH3);15300;kg/an
;GAEC DU STANG;2013;Air;Ammoniac (NH3);11300;kg/an
;NICOLLE Daniel;2013;Air;Ammoniac (NH3);15900;kg/an
;DUC;2013;Air;Hydrochlorofluorocarbures (HCFC);985;kg/an
;SCEA DU PORC EPIC;2013;Air;Ammoniac (NH3);13300;kg/an
;EARL DU SCY;2013;Air;Ammoniac (NH3);14700;kg/an
;SARL FILLATRE;2013;Air;Ammoniac (NH3);11800;kg/an
;GUYON YVES;2013;Air;Ammoniac (NH3);12900;kg/an
;SCEA LE CORRE ROBERT;2013;Air;Ammoniac (NH3);13600;kg/an
;SOCIETE NOUVELLE AIM GROUP;2013;Sol;Phosphore total;19300;kg/an
;EARL DE KEROPARTZ;2013;Air;Ammoniac (NH3);18300;kg/an
;GAEC ILE DE France;2013;Air;Ammoniac (NH3);13000;kg/an
;SCEA MORVAN;2013;Air;Ammoniac (NH3);15700;kg/an
;SCEA BONNY;2013;Air;Ammoniac (NH3);14400;kg/an
;EARL les Grands Vergers;2013;Air;Ammoniac (NH3);24600;kg/an
;SCEA DE ROUMAGNAC;2013;Air;Ammoniac (NH3);11900;kg/an
;GAEC DES DEUX PROVINCES;2013;Air;Ammoniac (NH3);16000;kg/an
;SOGA;2013;Air;Hydroflurocarbures (HFC);1190;kg/an
;SOGA;2013;Eau (indirect);Demande biologique en oxygène (DBO5);50000;kg/an
;EARL DE LA PLAINE;2013;Air;Ammoniac (NH3);16300;kg/an
;SCEA DE CHICOT;2013;Air;Ammoniac (NH3);117000;kg/an
;SARL LEMONNIER;2013;Air;Ammoniac (NH3);18600;kg/an
;EARL de CASTELBON;2013;Air;Ammoniac (NH3);13900;kg/an
;ABEL COUETTE;2013;Air;Ammoniac (NH3);10800;kg/an
;GAEC des GRANDES VIGNES;2013;Air;Ammoniac (NH3);16700;kg/an
;SCEA DE HIGADERE;2013;Air;Ammoniac (NH3);26000;kg/an
;SCEA de la CERTINE;2013;Air;Ammoniac (NH3);10900;kg/an
;Fermiers du Gers;2013;Eau (indirect);Demande biologique en oxygène (DBO5);144000;kg/an
;SCEA les ROULIERS;2013;Air;Ammoniac (NH3);27500;kg/an
;Fermiers du Gers;2013;Eau (indirect);Demande chimique en oxygène (DCO);276000;kg/an
;SCEA PORCHERE de la VOIE ROMAINE;2013;Air;Ammoniac (NH3);23800;kg/an
;earl LE ROUX;2013;Air;Ammoniac (NH3);18400;kg/an
;GAEC LAZIES;2013;Air;Ammoniac (NH3);16400;kg/an
;SCEA ELEVAGE DE LA SOUDE;2013;Air;Ammoniac (NH3);45000;kg/an
;EARL BOUETARD JF;2013;Air;Ammoniac (NH3);15300;kg/an
0052100705;GROUPE BIGARD;2013;Eau (indirect);Demande biologique en oxygène (DBO5);145000;kg/an
0052100705;GROUPE BIGARD;2013;Eau (indirect);Demande chimique en oxygène (DCO);313000;kg/an
;GAEC LA BROSSE;2013;Air;Ammoniac (NH3);16900;kg/an
0052200593;NOGUES JULIEN;2013;Air;Ammoniac (NH3);10200;kg/an
;EARL DE LA MAUDAYAIS;2013;Air;Ammoniac (NH3);13100;kg/an
0052201165;SARL LES ROCHES;2013;Air;Ammoniac (NH3);18600;kg/an
;SCEA DU CHESNOT;2013;Air;Ammoniac (NH3);15800;kg/an
0052201258;SCEA ELEVAGE FERCHAL;2013;Air;Ammoniac (NH3);18200;kg/an
;EARL DE LA RABARDIERE;2013;Air;Ammoniac (NH3);13200;kg/an
0052201290;LE FRANC MICHEL;2013;Air;Ammoniac (NH3);11400;kg/an
0052203031;SCEA ROBERT JF;2013;Air;Ammoniac (NH3);12500;kg/an
;SARL PROHYBRIDES;2013;Air;Ammoniac (NH3);12500;kg/an
0052203424;EARL DU CHENE CROSLET;2013;Air;Ammoniac (NH3);12700;kg/an
;GAEC LA COUR;2013;Air;Ammoniac (NH3);14200;kg/an
0052204616;SCA MORO;2013;Air;Ammoniac (NH3);10600;kg/an
0052215351;Laiterie Nouvelle de l'Arguenon;2013;Air;Dioxyde de carbone (CO2) d'origine non biomasse;15500000;kg/an
;GAEC LE FRESNE;2013;Air;Ammoniac (NH3);13900;kg/an
0052215351;Laiterie Nouvelle de l'Arguenon;2013;Air;Dioxyde de carbone (CO2) total (d'origine biomasse et non biomasse);15500000;kg/an
;EARL RUANLT;2013;Air;Ammoniac (NH3);15100;kg/an
0052215351;Laiterie Nouvelle de l'Arguenon;2013;Sol;Phosphore total;6300;kg/an
;EARL LES PINS;2013;Air;Ammoniac (NH3);11200;kg/an
0052600175;FERME MONTILIENNE RADALLES;2013;Air;Ammoniac (NH3);15000;kg/an
;EARL DE LA VILLE HOUEE;2013;Air;Ammoniac (NH3);11100;kg/an
0052600297;PROVENT SDPR (ETOILE);2013;Air;Ammoniac (NH3);14900;kg/an
0052600568;SAINT JEAN SAS - SITE DE ROMANS;2013;Air;Hydroflurocarbures (HFC);272;kg/an
;EARL MONTIFAULT;2013;Air;Ammoniac (NH3);14600;kg/an
0052602821;SCEA REYNAUD PIERRES BLANCHES;2013;Air;Ammoniac (NH3);13800;kg/an
;GAEC DU GRAND VILLAGE;2013;Air;Ammoniac (NH3);10200;kg/an
;INRA;2013;Eau (indirect);Demande biologique en oxygène (DBO5);76900;kg/an
0052700001;EARL DE LA GALLINETTE;2013;Air;Ammoniac (NH3);15800;kg/an
;INRA;2013;Eau (indirect);Demande chimique en oxygène (DCO);214000;kg/an
0052700034;EARL DES BUQUETS;2013;Air;Ammoniac (NH3);14300;kg/an
;SCEA LA VILLENEUVE;2013;Air;Ammoniac (NH3);13900;kg/an
0052700292;EARL VENT DE PLAINE;2013;Air;Ammoniac (NH3);14500;kg/an
;SARL AGENA;2013;Air;Ammoniac (NH3);12600;kg/an
0052901536;SARL LE PAGE;2013;Air;Ammoniac (NH3);20900;kg/an
;GAEC DE LA SALVARDERIE;2013;Air;Ammoniac (NH3);10400;kg/an
0052902739;KERENES (SAS de);2013;Air;Ammoniac (NH3);16200;kg/an
;GAEC DES DEUX VAL;2013;Air;Ammoniac (NH3);18800;kg/an
;EARL BAGLAN-PROUST;2013;Air;Ammoniac (NH3);10400;kg/an
0052904512;FARMOR Etablissement de Quimper;2013;Eau (indirect);Demande biologique en oxygène (DBO5);111000;kg/an
;EARL l oeuf de gervan;2013;Air;Ammoniac (NH3);22200;kg/an
;SARL DES EQUETS;2013;Air;Ammoniac (NH3);20400;kg/an
0052904512;FARMOR Etablissement de Quimper;2013;Eau (indirect);Demande chimique en oxygène (DCO);182000;kg/an
;SOGIFRA;2013;Air;Ammoniac (NH3);20600;kg/an
;EARL NALLET;2013;Air;Ammoniac (NH3);16700;kg/an
;SCEA DE LA VERRERIE;2013;Air;Ammoniac (NH3);22800;kg/an
;GAEC DE L'IDEE;2013;Air;Ammoniac (NH3);15400;kg/an
;GAEC FORET;2013;Air;Ammoniac (NH3);12300;kg/an
0040000003;Electricité De Mayotte - EDM;2013;Air;Composés organiques volatils non méthaniques (COVNM);97500;kg/an
;BERGERE Jérôme;2013;Air;Ammoniac (NH3);10400;kg/an
0040000003;Electricité De Mayotte - EDM;2013;Air;Oxydes d'azote (NOx/NO2);2640000;kg/an
;DOUET Kléber;2013;Air;Ammoniac (NH3);14400;kg/an
0040000003;Electricité De Mayotte - EDM;2013;Air;Dioxyde de carbone (CO2) d'origine non biomasse;105000000;kg/an
0040000003;Electricité De Mayotte - EDM;2013;Air;Dioxyde de carbone (CO2) total (d'origine biomasse et non biomasse);105000000;kg/an
;CORNAIRE Stéphane;2013;Air;Ammoniac (NH3);11300;kg/an
0040000024;Electricité De Mayotte - EDM;2013;Air;Composés organiques volatils non méthaniques (COVNM);99500;kg/an
;GAEC DEROUET;2013;Air;Ammoniac (NH3);11000;kg/an
0040000024;Electricité De Mayotte - EDM;2013;Air;Oxydes d'azote (NOx/NO2);3220000;kg/an
0040000024;Electricité De Mayotte - EDM;2013;Air;Dioxyde de carbone (CO2) d'origine non biomasse;70800000;kg/an
;SCEA du gravier;2013;Air;Ammoniac (NH3);13800;kg/an
0040000024;Electricité De Mayotte - EDM;2013;Air;Dioxyde de carbone (CO2) total (d'origine biomasse et non biomasse);70800000;kg/an
;EARL DENONAIN ET FILS;2013;Air;Ammoniac (NH3);13300;kg/an
;FERMIERS LANDAIS SAS;2013;Eau (indirect);Demande biologique en oxygène (DBO5);110000;kg/an
;Herissiere volaille;2013;Air;Ammoniac (NH3);13000;kg/an
;FERMIERS LANDAIS SAS;2013;Eau (indirect);Demande chimique en oxygène (DCO);207000;kg/an
;SARL DOMAINE DES GENETS;2013;Air;Ammoniac (NH3);10000;kg/an
;EARL DU BOIS GIGANT;2013;Air;Ammoniac (NH3);13400;kg/an
;COOPERATIVE D'ELEVAGE;2013;Air;Ammoniac (NH3);10800;kg/an
;VIAUD Jean-Yves;2013;Air;Ammoniac (NH3);11000;kg/an
;GAEC LA MOLLIERE;2013;Air;Ammoniac (NH3);12100;kg/an
;SARL MORTIER Frères;2013;Air;Ammoniac (NH3);10900;kg/an
;EARL DU LIMET;2013;Air;Ammoniac (NH3);34900;kg/an
;EARL TRAHAY;2013;Air;Ammoniac (NH3);10700;kg/an
0053503227;SOCIETE LAITIERE DE VITRE;2013;Air;Dioxyde de carbone (CO2) d'origine non biomasse;10900000;kg/an
;PINEAU (SCEA DU);2013;Air;Ammoniac (NH3);11600;kg/an
0053503227;SOCIETE LAITIERE DE VITRE;2013;Air;Dioxyde de carbone (CO2) total (d'origine biomasse et non biomasse);10900000;kg/an
;OVOMAUGES;2013;Air;Ammoniac (NH3);15900;kg/an
0053503227;SOCIETE LAITIERE DE VITRE;2013;Sol;Zinc et composés (exprimés en tant que Zn);382;kg/an
;EARL BLOND Philippe;2013;Air;Ammoniac (NH3);20200;kg/an
0053800226;SA CARREL - Site Viande;2013;Air;Hydrochlorofluorocarbures (HCFC);295;kg/an
0054000813;SOLEVAL FRANCE;2013;Air;Composés organiques volatils non méthaniques (COVNM);97100;kg/an
;BLON VIEILLERE (EARL);2013;Air;Ammoniac (NH3);11500;kg/an
;SCEA LA HAIE DES PRES;2013;Air;Ammoniac (NH3);12500;kg/an
0054200954;SOCIETE LAITIERE DU FOREZ;2013;Eau (indirect);Demande chimique en oxygène (DCO);162000;kg/an
;GAEC GRIMAULT WF;2013;Air;Ammoniac (NH3);18400;kg/an
0054300253;GAEC VERNEZY MAGNET;2013;Air;Ammoniac (NH3);15400;kg/an
;BLOND LA BATE (EARL) M.BLOND;2013;Air;Ammoniac (NH3);12400;kg/an
0054400775;SICA SA DES NAISSEURS DE LA MEE;2013;Air;Ammoniac (NH3);23500;kg/an
;ORVIA-couvoir de la Mésangère;2013;Air;Ammoniac (NH3);41100;kg/an
0054401162;Coopérative de CHANTELOUP;2013;Air;Ammoniac (NH3);19800;kg/an
;EARL CHIRON L ESPERANCE;2013;Air;Ammoniac (NH3);20500;kg/an
0054900588;CHARAL SAS;2013;Eau (indirect);Demande biologique en oxygène (DBO5);93600;kg/an
;LES ETOUBLES (SCEA);2013;Air;Ammoniac (NH3);21200;kg/an
0054900588;CHARAL SAS;2013;Eau (indirect);Demande chimique en oxygène (DCO);159000;kg/an
;SARL GOUBAUD;2013;Air;Ammoniac (NH3);11600;kg/an
;GUITTON (EARL);2013;Air;Ammoniac (NH3);32800;kg/an
;LAC (EARL DU);2013;Air;Ammoniac (NH3);10400;kg/an
;Grimaud Frères Sélection;2013;Air;Ammoniac (NH3);22100;kg/an
;earl la joliviere;2013;Air;Ammoniac (NH3);12200;kg/an
;MAUGES'OEUF (SCEA);2013;Air;Ammoniac (NH3);19400;kg/an
;SOUILLETS (GAEC LES);2013;Air;Ammoniac (NH3);10700;kg/an
;ELBEL (G.F.A);2013;Air;Ammoniac (NH3);18800;kg/an
;MAUSSIONNAIE (SCEA DE LA);2013;Air;Ammoniac (NH3);19700;kg/an
;MERIAU (EARL);2013;Air;Ammoniac (NH3);15400;kg/an
;PONANT (EARL DU);2013;Air;Ammoniac (NH3);17300;kg/an
;ELEVAGE AVICOLE DU VAL D'EVRE;2013;Air;Ammoniac (NH3);23600;kg/an
;AVIVRESNE (GAEC);2013;Air;Ammoniac (NH3);25100;kg/an
;BREFFIERE (GAEC);2013;Air;Ammoniac (NH3);14300;kg/an
;EARL JOLIVET CAILLEAU;2013;Air;Ammoniac (NH3);11700;kg/an
;ESPERANCE GAEC;2013;Air;Ammoniac (NH3);12000;kg/an
;AUBRON (SCEA);2013;Air;Ammoniac (NH3);10100;kg/an
;AVI-BIZ (EARL);2013;Air;Ammoniac (NH3);12600;kg/an
;VARENNE (EARL LA) Mr GAUDICHEAU et EARL METAYER LOIC;2013;Air;Ammoniac (NH3);25300;kg/an
;VALANGLAISE (GAEC);2013;Air;Ammoniac (NH3);11100;kg/an
;BOISSELIER OLIVIER (EARL);2013;Air;Ammoniac (NH3);11300;kg/an
;RIBOTELIERE (GAEC DE LA) M.FONTENEAU;2013;Air;Ammoniac (NH3);12300;kg/an
;DUTEUIL (EARL);2013;Air;Ammoniac (NH3);10800;kg/an
;BUISSON (GAEC DU);2013;Air;Ammoniac (NH3);10500;kg/an
;EARL JANIN;2013;Air;Ammoniac (NH3);11100;kg/an
;EPA DES PIERRES BLANCHES (SARL);2013;Air;Ammoniac (NH3);15200;kg/an
;GALLIN'OEUF (SCEA);2013;Air;Ammoniac (NH3);14500;kg/an
;EARL Dominique GRASSET;2013;Air;Ammoniac (NH3);15000;kg/an
0055000408;GAEC DE TRECOEUR;2013;Air;Ammoniac (NH3);11000;kg/an
;SCEA DUCHESNE;2013;Air;Ammoniac (NH3);12300;kg/an
;Scea du Bruly;2013;Air;Ammoniac (NH3);14500;kg/an
;SARL DE LACFER;2013;Air;Ammoniac (NH3);10900;kg/an
;SCEA MAINGUY LEGRAND;2013;Air;Ammoniac (NH3);11900;kg/an
;SCEA du Pré aux Auges;2013;Air;Ammoniac (NH3);20600;kg/an
;SCEA TEXIER;2013;Air;Ammoniac (NH3);19600;kg/an
;DOUX ACCOUVAGE;2013;Air;Ammoniac (NH3);33100;kg/an
;EARL DE LA CARRIERE;2013;Air;Ammoniac (NH3);14000;kg/an
;EARL DE L'OUST;2013;Air;Ammoniac (NH3);10300;kg/an
;EARLdu Groseillier;2013;Air;Ammoniac (NH3);10700;kg/an
;EARL MONPAS;2013;Air;Ammoniac (NH3);14100;kg/an
;CHARLOTTIN Yvon;2013;Air;Ammoniac (NH3);10700;kg/an
0055301693;GAEC GRAND BEAUCHENE (DU);2013;Air;Ammoniac (NH3);10900;kg/an
;SCEA JOUBIER;2013;Air;Ammoniac (NH3);24700;kg/an
;EARL BREIZH OEUFS;2013;Air;Ammoniac (NH3);10800;kg/an
;SARL XELOT;2013;Air;Ammoniac (NH3);19300;kg/an
;EARL PERRICHOT;2013;Air;Ammoniac (NH3);12100;kg/an
0055500063;EARL Multiporcs de l'Aire;2013;Air;Ammoniac (NH3);13500;kg/an
;RUFRAGER ELEVAGE LORRAIN;2013;Air;Ammoniac (NH3);12100;kg/an
;EARL HOUZE;2013;Air;Ammoniac (NH3);17500;kg/an
;SARL JOUBIN OEUFS;2013;Air;Ammoniac (NH3);13700;kg/an
0055601079;SIFDDA Bretagne;2013;Air;Dioxyde de carbone (CO2) total (d'origine biomasse et non biomasse);14100000;kg/an
0055601079;SIFDDA Bretagne;2013;Air;Dioxyde de carbone (CO2) d'origine biomasse;14100000;kg/an
;GAEC COUE;2013;Air;Ammoniac (NH3);13600;kg/an
0055603721;SOCIETE LAITIERE DE PONTIVY;2013;Air;Hydrochlorofluorocarbures (HCFC);79;kg/an
;GAEC DE SAINT DOUE;2013;Air;Ammoniac (NH3);11300;kg/an
0055603721;SOCIETE LAITIERE DE PONTIVY;2013;Air;Dioxyde de carbone (CO2) d'origine non biomasse;23100000;kg/an
0055603721;SOCIETE LAITIERE DE PONTIVY;2013;Air;Dioxyde de carbone (CO2) total (d'origine biomasse et non biomasse);23100000;kg/an
;EARL les Clôtures;2013;Air;Ammoniac (NH3);14200;kg/an
0055603721;SOCIETE LAITIERE DE PONTIVY;2013;Sol;Zinc et composés (exprimés en tant que Zn);210;kg/an
0055901955;EARL BELLEVUE;2013;Air;Ammoniac (NH3);16900;kg/an
;LE RAY;2013;Air;Ammoniac (NH3);10200;kg/an
;MATHURIN Eric;2013;Air;Ammoniac (NH3);10400;kg/an
;GAEC DE KERBOHEC;2013;Air;Ammoniac (NH3);11400;kg/an
;EARL DE BAUCHEN;2013;Air;Ammoniac (NH3);10400;kg/an
;SCEA DE TALHOUET L'EAU;2013;Air;Ammoniac (NH3);13400;kg/an
;sas oeufs de kerlo;2013;Air;Ammoniac (NH3);32400;kg/an
;EARL DE KERGAL;2013;Air;Ammoniac (NH3);16400;kg/an
;SARL AVI ELEV;2013;Air;Ammoniac (NH3);12800;kg/an
;CADIO MC;2013;Air;Ammoniac (NH3);12700;kg/an
0056300083;Cie des FROMAGES et RICHES MONTS;2013;Eau (indirect);Demande biologique en oxygène (DBO5);92600;kg/an
;SA COUVOIR JOSSET;2013;Air;Ammoniac (NH3);86000;kg/an
0056300083;Cie des FROMAGES et RICHES MONTS;2013;Eau (indirect);Demande chimique en oxygène (DCO);152000;kg/an
0056300300;SOCIETE FROMAGERE DU LIVRADOIS;2013;Sol;Phosphore total;7600;kg/an
;SARL AVICOLE DU SOUS BOIS;2013;Air;Ammoniac (NH3);40600;kg/an
;EARL HELO;2013;Air;Ammoniac (NH3);11200;kg/an
0056800039;SARVAL EST;2013;Eau (indirect);Azote total;305000;kg/an
;EARL BRIEN;2013;Air;Ammoniac (NH3);10600;kg/an
0056800039;SARVAL EST;2013;Eau (indirect);Demande biologique en oxygène (DBO5);482000;kg/an
0056800039;SARVAL EST;2013;Eau (indirect);Demande chimique en oxygène (DCO);7220000;kg/an
;CARO fabrice;2013;Air;Ammoniac (NH3);13800;kg/an
0056800039;SARVAL EST;2013;Eau (indirect);Matières en suspension (MES);640000;kg/an
;sarl brazidec roland;2013;Air;Ammoniac (NH3);12000;kg/an
0056800039;SARVAL EST;2013;Eau (indirect);Phosphore total;10500;kg/an
;EARL DOUAR MEIN;2013;Air;Ammoniac (NH3);17300;kg/an
;EARL GAUCHER;2013;Air;Ammoniac (NH3);10600;kg/an
0056900350;Hypermarché GEANT VILLEFRANCHE SUR SAONE;2013;Air;Hydrochlorofluorocarbures (HCFC);11.2;kg/an
;EARL DE L'ECUSSON;2013;Air;Ammoniac (NH3);11900;kg/an
0056900350;Hypermarché GEANT VILLEFRANCHE SUR SAONE;2013;Air;Hydroflurocarbures (HFC);288;kg/an
0056900392;AUCHAN Saint Priest;2013;Air;Hydroflurocarbures (HFC);478;kg/an
;GAEC DE L'ORGELIERE;2013;Air;Ammoniac (NH3);14500;kg/an
;GAEC BELAIR;2013;Air;Ammoniac (NH3);15000;kg/an
0057100136;LDC BOURGOGNE;2013;Eau (indirect);Demande biologique en oxygène (DBO5);215000;kg/an
;DASCI;2013;Air;Ammoniac (NH3);17400;kg/an
;EARL DU DOMAINE;2013;Air;Ammoniac (NH3);12700;kg/an
0057100136;LDC BOURGOGNE;2013;Eau (indirect);Demande chimique en oxygène (DCO);408000;kg/an
;SCEA ANNIC;2013;Air;Ammoniac (NH3);13800;kg/an
0057100394;GROUPE BIGARD;2013;Eau (indirect);Azote total;77100;kg/an
;SCEA VOLAILLES GUILLEROISES;2013;Air;Ammoniac (NH3);17600;kg/an
0057100394;GROUPE BIGARD;2013;Eau (indirect);Carbone organique total (en tant que C total ou DCO/3);450000;kg/an
0057100394;GROUPE BIGARD;2013;Eau (indirect);Demande biologique en oxygène (DBO5);615000;kg/an
0057100394;GROUPE BIGARD;2013;Eau (indirect);Demande chimique en oxygène (DCO);1350000;kg/an
;EARL DE LA COUR;2013;Air;Ammoniac (NH3);10400;kg/an
;SCEA BACON;2013;Air;Ammoniac (NH3);11800;kg/an
0057100394;GROUPE BIGARD;2013;Eau (indirect);Matières en suspension (MES);573000;kg/an
;EARL des GENETS;2013;Air;Ammoniac (NH3);11700;kg/an
0057100394;GROUPE BIGARD;2013;Eau (indirect);Phosphore total;11300;kg/an
;MICHEL Denis;2013;Air;Ammoniac (NH3);14600;kg/an
0057200234;PLU ALEXANDRE;2013;Air;Ammoniac (NH3);14100;kg/an
;SCEA FORMAL;2013;Air;Ammoniac (NH3);20500;kg/an
0057200348;LUISSIER BORDEAU CHESNEL;2013;Air;Hydrochlorofluorocarbures (HCFC);1200;kg/an
;GFA DE MANER-BIHAN;2013;Air;Ammoniac (NH3);15200;kg/an
0057200348;LUISSIER BORDEAU CHESNEL;2013;Air;Hydroflurocarbures (HFC);829;kg/an
;EARL DE KERDAVID;2013;Air;Ammoniac (NH3);13900;kg/an
0057200422;AUCHAN LE MANS;2013;Air;Hydroflurocarbures (HFC);712;kg/an
;TROENES LOUIS PHILIPPE;2013;Air;Ammoniac (NH3);16200;kg/an
0057200925;SCEA LECORNUE;2013;Air;Ammoniac (NH3);11500;kg/an
;SCEA DES BRUYERES;2013;Air;Ammoniac (NH3);11600;kg/an
;GAEC DE SAINT GERMAIN;2013;Air;Ammoniac (NH3);10400;kg/an
0057201466;SCEA DENIEUL;2013;Air;Ammoniac (NH3);15600;kg/an
;EARL MATHEL;2013;Air;Ammoniac (NH3);14500;kg/an
;EARL DU MOULIN;2013;Air;Ammoniac (NH3);14900;kg/an
;EARL HAMON;2013;Air;Ammoniac (NH3);10300;kg/an
0057201662;LDC;2013;Eau (indirect);Demande biologique en oxygène (DBO5);1010000;kg/an
;EARL DE LA VALLEE;2013;Air;Ammoniac (NH3);12000;kg/an
0057201662;LDC;2013;Eau (indirect);Demande chimique en oxygène (DCO);1670000;kg/an
;EARL DE KERBOURDONNET;2013;Air;Ammoniac (NH3);12500;kg/an
;SCEA DES DEUX BUTTES;2013;Air;Ammoniac (NH3);22600;kg/an
0057201662;LDC;2013;Eau (indirect);Matières en suspension (MES);555000;kg/an
;EURL Avi Ponte Guilloux;2013;Air;Ammoniac (NH3);17800;kg/an
;PERRICHOT Patrick;2013;Air;Ammoniac (NH3);10400;kg/an
0057201662;LDC;2013;Eau (indirect);Phosphore total;14100;kg/an
;EARL DE L'ESPOIR;2013;Air;Ammoniac (NH3);18700;kg/an
0057201665;CHARAL;2013;Sol;Cuivre et composés (exprimés en tant que Cu);65;kg/an
;SNC PINIER JOSSO;2013;Air;Ammoniac (NH3);13800;kg/an
0057201665;CHARAL;2013;Sol;Zinc et composés (exprimés en tant que Zn);324;kg/an
;SCEA Touc'a l'oeuf;2013;Air;Ammoniac (NH3);13500;kg/an
0057201666;SASU MARIE;2013;Eau (indirect);Demande biologique en oxygène (DBO5);87400;kg/an
0057201678;LDC;2013;Sol;Cuivre et composés (exprimés en tant que Cu);56;kg/an
;EARL GUILLARD;2013;Air;Ammoniac (NH3);15500;kg/an
;SCEA LE GENDRE;2013;Air;Ammoniac (NH3);18400;kg/an
0057201678;LDC;2013;Sol;Zinc et composés (exprimés en tant que Zn);197;kg/an
;SARL L'OEUF DU GRAND EST;2013;Air;Ammoniac (NH3);45000;kg/an
;EARL DE LA FORGE;2013;Air;Ammoniac (NH3);10100;kg/an
0057900513;GALLIANCE NUEIL (CANARD);2013;Eau (indirect);Azote total;74600;kg/an
;SCEA du val bodron;2013;Air;Ammoniac (NH3);16900;kg/an
0057900513;GALLIANCE NUEIL (CANARD);2013;Eau (indirect);Demande biologique en oxygène (DBO5);740000;kg/an
;SARL des horthensias;2013;Air;Ammoniac (NH3);24400;kg/an
0057900513;GALLIANCE NUEIL (CANARD);2013;Eau (indirect);Demande chimique en oxygène (DCO);1480000;kg/an
;EARL DINEL MOREUL;2013;Air;Ammoniac (NH3);12300;kg/an
;EARL DU MANEGUEN;2013;Air;Ammoniac (NH3);23900;kg/an
0057900513;GALLIANCE NUEIL (CANARD);2013;Eau (indirect);Matières en suspension (MES);726000;kg/an
;EARL DE BREHEGAIRE;2013;Air;Ammoniac (NH3);10200;kg/an
0057900513;GALLIANCE NUEIL (CANARD);2013;Eau (indirect);Phosphore total;8010;kg/an
;SARL LA VALLEE DE BOBLAYE;2013;Air;Ammoniac (NH3);12800;kg/an
;EARL DE LA PLAINE;2013;Air;Ammoniac (NH3);14200;kg/an
0058300030;Hypermarché Géant Casino Fréjus;2013;Air;Hydrochlorofluorocarbures (HCFC);3;kg/an
;SCEA MAHE;2013;Air;Ammoniac (NH3);12300;kg/an
;LE MOULLEC Serge;2013;Air;Ammoniac (NH3);15900;kg/an
0058300030;Hypermarché Géant Casino Fréjus;2013;Air;Hydroflurocarbures (HFC);315;kg/an
;SCEA JADE;2013;Air;Ammoniac (NH3);11500;kg/an
;GAEC DE KERMOISAN;2013;Air;Ammoniac (NH3);15400;kg/an
0058503373;earl maruvol;2013;Air;Ammoniac (NH3);13100;kg/an
;gaec de kerscomard;2013;Air;Ammoniac (NH3);45400;kg/an
0058700089;SOBEVIA;2013;Air;Hydrochlorofluorocarbures (HCFC);67;kg/an
;GAEC DE LA LANDE GLAMAREC;2013;Air;Ammoniac (NH3);18800;kg/an
0058700598;CENTRE VIANDE FRANCIS PLAINEMAISON;2013;Air;Hydroflurocarbures (HFC);333;kg/an
;EARL LE DIMNA;2013;Air;Ammoniac (NH3);10500;kg/an
0058701354;LAREDY SA;2013;Air;Hydroflurocarbures (HFC);226;kg/an
;EARL DU TUMULUS;2013;Air;Ammoniac (NH3);14900;kg/an
;SARL VERLEENE;2013;Air;Ammoniac (NH3);16100;kg/an
;EARL BOCENO JP ET S;2013;Air;Ammoniac (NH3);10400;kg/an
;EARL DE LA COURTE CROIX;2013;Air;Ammoniac (NH3);10500;kg/an
;GAEC ARKENCIEL;2013;Air;Ammoniac (NH3);12800;kg/an
;EARL JAN;2013;Air;Ammoniac (NH3);12100;kg/an
;EARL DE LA WATTERSTRAETE;2013;Air;Ammoniac (NH3);19400;kg/an
;EARL NICOLAS;2013;Air;Ammoniac (NH3);10100;kg/an
;EARL GUILLO MICHEL;2013;Air;Ammoniac (NH3);10200;kg/an
;SCEA DU HAUT CHAMP;2013;Air;Ammoniac (NH3);21100;kg/an
;SARL DELOMMEZ;2013;Air;Ammoniac (NH3);11400;kg/an
;SCEA J AND B;2013;Air;Ammoniac (NH3);12300;kg/an
;GAEC LEY;2013;Air;Ammoniac (NH3);12600;kg/an
;EARL DU CAMBLEN;2013;Air;Ammoniac (NH3);11200;kg/an
;EARL VANDENCASTEELE JOEL;2013;Air;Ammoniac (NH3);10100;kg/an
;SCEA DE LICHOUET;2013;Air;Ammoniac (NH3);12200;kg/an
;SARL Jean CARTON;2013;Air;Ammoniac (NH3);20100;kg/an
;EARL COSPEREC;2013;Air;Ammoniac (NH3);14400;kg/an
;EARL DE L'YSER;2013;Air;Ammoniac (NH3);19600;kg/an
;SCEA KENVAR;2013;Air;Ammoniac (NH3);14400;kg/an
0059700204;SCEA FERME DE L'OUEST;2013;Air;Ammoniac (NH3);11700;kg/an
;EARL LES OEUFS D'ARVOR;2013;Air;Ammoniac (NH3);12100;kg/an
;EARL DE BREHARDEC;2013;Air;Ammoniac (NH3);25000;kg/an
;SELVI;2013;Eau (indirect);Demande biologique en oxygène (DBO5);124000;kg/an
;GAEC DES GAILLETS;2013;Air;Ammoniac (NH3);10900;kg/an
;SELVI;2013;Eau (indirect);Demande chimique en oxygène (DCO);298000;kg/an
;SARL LE MENE;2013;Air;Ammoniac (NH3);24200;kg/an
;SCEA LE CHALET;2013;Air;Ammoniac (NH3);10500;kg/an
;EARL DU CEDRE BLEU;2013;Air;Ammoniac (NH3);12800;kg/an
;HAMON MARIE FRANCOISE;2013;Air;Ammoniac (NH3);11000;kg/an
;GAEC DU MARCHIS;2013;Air;Ammoniac (NH3);10600;kg/an
;SCEA ROLLAND DANIEL;2013;Air;Ammoniac (NH3);17400;kg/an
;FLECHARD SAS;2013;Eau (indirect);Demande biologique en oxygène (DBO5);621000;kg/an
;SCEA DANY;2013;Air;Ammoniac (NH3);10100;kg/an
;Le Guyader Pierre;2013;Air;Ammoniac (NH3);11700;kg/an
;FLECHARD SAS;2013;Eau (indirect);Demande chimique en oxygène (DCO);1120000;kg/an
;HERVOCHE Philippe;2013;Air;Ammoniac (NH3);12200;kg/an
;EARL DU HAUT PERCHE;2013;Air;Ammoniac (NH3);10900;kg/an
;FLECHARD SAS;2013;Eau (indirect);Phosphore total;5400;kg/an
;SCEA DU DOMAINE DES ALOUETTES;2013;Air;Ammoniac (NH3);18000;kg/an
;SNV;2013;Eau (indirect);Demande biologique en oxygène (DBO5);114000;kg/an
;SCEA PORCS DE LANVAUX;2013;Air;Ammoniac (NH3);10900;kg/an
;SNV;2013;Eau (indirect);Demande chimique en oxygène (DCO);245000;kg/an
;TRAITEUR DE LA TOUQUES;2013;Eau (indirect);Demande biologique en oxygène (DBO5);85900;kg/an
;CHARAL;2013;Eau (indirect);Demande biologique en oxygène (DBO5);51000;kg/an
;KPH;2013;Air;Ammoniac (NH3);19000;kg/an
0070145103;STEP - BOURG EN BRESSE;2013;Sol;Zinc et composés (exprimés en tant que Zn);956;kg/an
;INTEROVO AVICOLE FRANCE;2013;Air;Ammoniac (NH3);47900;kg/an
0070145103;STEP - BOURG EN BRESSE;2013;Sol;Biphényles polychlorés (PCB);0.2;kg/an
;INTEROVO AVICOLE FRANCE;2013;Air;Ammoniac (NH3);27600;kg/an
0070234000;Usine d'épuration - GAUCHY;2013;Eau (direct);Arsenic et composés (exprimés en tant que As);69.5;kg/an
0070234000;Usine d'épuration - GAUCHY;2013;Eau (direct);Dichlorométhane (DCM, chlorure de méthylène);24.3;kg/an
;TRANNIN;2013;Air;Ammoniac (NH3);22600;kg/an
0070234000;Usine d'épuration - GAUCHY;2013;Eau (direct);Zinc et composés (exprimés en tant que Zn);247;kg/an
0070234000;Usine d'épuration - GAUCHY;2013;Sol;Chrome et composés (exprimés en tant que Cr);52;kg/an
;SARL l'Oeuf des Monts d'auvergne;2013;Air;Ammoniac (NH3);41000;kg/an
0070234000;Usine d'épuration - GAUCHY;2013;Sol;Cuivre et composés (exprimés en tant que Cu);350;kg/an
0070234000;Usine d'épuration - GAUCHY;2013;Sol;Mercure et composés (exprimés en tant que Hg);1.8;kg/an
;EURL BOY;2013;Air;Ammoniac (NH3);15800;kg/an
0070234000;Usine d'épuration - GAUCHY;2013;Sol;Nickel et composés (exprimés en tant que Ni);40.5;kg/an
0070234000;Usine d'épuration - GAUCHY;2013;Sol;Plomb et composés (exprimés en tant que Pb);69.9;kg/an
0070234000;Usine d'épuration - GAUCHY;2013;Sol;Zinc et composés (exprimés en tant que Zn);1530;kg/an
;EARL CASSOU-LAHORE;2013;Air;Ammoniac (NH3);13000;kg/an
0070309402;STEP - VICHY RHUE;2013;Eau (direct);Arsenic et composés (exprimés en tant que As);428;kg/an
;EARL CASSAGNAU;2013;Air;Ammoniac (NH3);10600;kg/an
0070309402;STEP - VICHY RHUE;2013;Eau (direct);Demande biologique en oxygène (DBO5);75400;kg/an
0070309402;STEP - VICHY RHUE;2013;Eau (direct);Demande chimique en oxygène (DCO);210000;kg/an
;earl arc en ciel;2013;Air;Ammoniac (NH3);10600;kg/an
0070309402;STEP - VICHY RHUE;2013;Eau (direct);Fluorures (en tant que F total);3700;kg/an
0070309402;STEP - VICHY RHUE;2013;Eau (direct);Manganèse et composés (exprimés en tant que Mn);703;kg/an
0070309402;STEP - VICHY RHUE;2013;Eau (direct);Zinc et composés (exprimés en tant que Zn);382;kg/an
;EARL FRITSCH jean-frédéric;2013;Air;Ammoniac (NH3);12400;kg/an
0070309402;STEP - VICHY RHUE;2013;Sol;Azote total;86100;kg/an
0070309402;STEP - VICHY RHUE;2013;Sol;Cuivre et composés (exprimés en tant que Cu);347;kg/an
;SCEA MARTIN Romain;2013;Air;Ammoniac (NH3);20800;kg/an
0070309402;STEP - VICHY RHUE;2013;Sol;Manganèse et composés (exprimés en tant que Mn);1180;kg/an
0070309402;STEP - VICHY RHUE;2013;Sol;Mercure et composés (exprimés en tant que Hg);1.6;kg/an
;EARL ULRICH Laurent;2013;Air;Ammoniac (NH3);32400;kg/an
0070309402;STEP - VICHY RHUE;2013;Sol;Nickel et composés (exprimés en tant que Ni);23.8;kg/an
0070309402;STEP - VICHY RHUE;2013;Sol;Phosphore total;63300;kg/an
;SARL ZACHER;2013;Air;Ammoniac (NH3);16600;kg/an
0070309402;STEP - VICHY RHUE;2013;Sol;Plomb et composés (exprimés en tant que Pb);205;kg/an
0070309402;STEP - VICHY RHUE;2013;Sol;Zinc et composés (exprimés en tant que Zn);838;kg/an
;Sàrl Ferme Schafbusch;2013;Air;Ammoniac (NH3);12400;kg/an
;EARL FAUST SCHNEIDER;2013;Air;Ammoniac (NH3);27500;kg/an
0070318501;Station de traitement des eaux usées de Montluçon Communauté;2013;Eau (direct);Azote total;57300;kg/an
0070318501;Station de traitement des eaux usées de Montluçon Communauté;2013;Eau (direct);Demande chimique en oxygène (DCO);222000;kg/an
0070318501;Station de traitement des eaux usées de Montluçon Communauté;2013;Sol;Cuivre et composés (exprimés en tant que Cu);273;kg/an
;Monsieur Jonchier Bernard;2013;Air;Ammoniac (NH3);14500;kg/an
0070318501;Station de traitement des eaux usées de Montluçon Communauté;2013;Sol;Mercure et composés (exprimés en tant que Hg);1.07;kg/an
0070318501;Station de traitement des eaux usées de Montluçon Communauté;2013;Sol;Nickel et composés (exprimés en tant que Ni);29.9;kg/an
;GAEC ELEVAGE AVICOLE DU GRAND BUISSON;2013;Air;Ammoniac (NH3);16100;kg/an
0070318501;Station de traitement des eaux usées de Montluçon Communauté;2013;Sol;Plomb et composés (exprimés en tant que Pb);166;kg/an
0070318501;Station de traitement des eaux usées de Montluçon Communauté;2013;Sol;Zinc et composés (exprimés en tant que Zn);772;kg/an
0070145103;STEP - BOURG EN BRESSE;2013;Eau (direct);Azote total;88400;kg/an
0070145103;STEP - BOURG EN BRESSE;2013;Eau (direct);Demande biologique en oxygène (DBO5);72700;kg/an
0070600401;STEP - ANTIBES;2013;Eau (direct);Azote total;328000;kg/an
0070145103;STEP - BOURG EN BRESSE;2013;Eau (direct);Demande chimique en oxygène (DCO);432000;kg/an
0070600401;STEP - ANTIBES;2013;Eau (direct);Composés organohalogénés (exprimés en tant que AOX);1540;kg/an
0070600401;STEP - ANTIBES;2013;Eau (direct);Demande biologique en oxygène (DBO5);233000;kg/an
0070145103;STEP - BOURG EN BRESSE;2013;Eau (direct);Dichlorométhane (DCM, chlorure de méthylène);34.7;kg/an
0070600401;STEP - ANTIBES;2013;Eau (direct);Demande chimique en oxygène (DCO);1060000;kg/an
0070600401;STEP - ANTIBES;2013;Eau (direct);Mercure et composés (exprimés en tant que Hg);3;kg/an
0070145103;STEP - BOURG EN BRESSE;2013;Eau (direct);Diuron;1.49;kg/an
0070600401;STEP - ANTIBES;2013;Eau (direct);Phosphore total;15000;kg/an
0070600401;STEP - ANTIBES;2013;Eau (direct);Zinc et composés (exprimés en tant que Zn);228;kg/an
0070145103;STEP - BOURG EN BRESSE;2013;Eau (direct);Fluorures (en tant que F total);3150;kg/an
0070602701;STEP - CAGNES-SUR-MER;2013;Eau (direct);Azote total;266000;kg/an
0070602701;STEP - CAGNES-SUR-MER;2013;Eau (direct);Cadmium et composés (exprimés en tant que Cd);21.6;kg/an
0070145103;STEP - BOURG EN BRESSE;2013;Eau (direct);Isoproturon;1.32;kg/an
0070602701;STEP - CAGNES-SUR-MER;2013;Eau (direct);Carbone organique total (en tant que C total ou DCO/3);226000;kg/an
0070602701;STEP - CAGNES-SUR-MER;2013;Eau (direct);Chlorures (en tant que Cl total);3290000;kg/an
0070145103;STEP - BOURG EN BRESSE;2013;Eau (direct);Phosphore total;6380;kg/an
0070602701;STEP - CAGNES-SUR-MER;2013;Eau (direct);Cuivre et composés (exprimés en tant que Cu);115;kg/an
0070602701;STEP - CAGNES-SUR-MER;2013;Eau (direct);Demande biologique en oxygène (DBO5);102000;kg/an
0070145103;STEP - BOURG EN BRESSE;2013;Eau (direct);Zinc et composés (exprimés en tant que Zn);365;kg/an
0070602701;STEP - CAGNES-SUR-MER;2013;Eau (direct);Demande chimique en oxygène (DCO);541000;kg/an
0070602701;STEP - CAGNES-SUR-MER;2013;Eau (direct);Fer et composés (exprimés en tant que Fe);11300;kg/an
0070145103;STEP - BOURG EN BRESSE;2013;Eau (direct);Hydroxyde d'ammonium (NH4+);46600;kg/an
0070602701;STEP - CAGNES-SUR-MER;2013;Eau (direct);Phosphore total;18000;kg/an
0070602701;STEP - CAGNES-SUR-MER;2013;Eau (direct);Plomb et composés (exprimés en tant que Pb);197;kg/an
0070602701;STEP - CAGNES-SUR-MER;2013;Eau (direct);Zinc et composés (exprimés en tant que Zn);301;kg/an
0070145103;STEP - BOURG EN BRESSE;2013;Sol;Azote total;58200;kg/an
0070607901;STEU - CANNES 'AQUAVIVA';2013;Eau (direct);Azote total;106000;kg/an
0070145103;STEP - BOURG EN BRESSE;2013;Sol;Cuivre et composés (exprimés en tant que Cu);487;kg/an
0070607901;STEU - CANNES 'AQUAVIVA';2013;Eau (direct);Carbone organique total (en tant que C total ou DCO/3);137000;kg/an
0070145103;STEP - BOURG EN BRESSE;2013;Sol;Mercure et composés (exprimés en tant que Hg);1.4;kg/an
0070607901;STEU - CANNES 'AQUAVIVA';2013;Eau (direct);Chlorures (en tant que Cl total);3460000;kg/an
0070607901;STEU - CANNES 'AQUAVIVA';2013;Eau (direct);Chrome et composés (exprimés en tant que Cr);147;kg/an
0070145103;STEP - BOURG EN BRESSE;2013;Sol;Nickel et composés (exprimés en tant que Ni);26.5;kg/an
0070607901;STEU - CANNES 'AQUAVIVA';2013;Eau (direct);Composés organohalogénés (exprimés en tant que AOX);1830;kg/an
0070607901;STEU - CANNES 'AQUAVIVA';2013;Eau (direct);Cuivre et composés (exprimés en tant que Cu);92;kg/an
0070145103;STEP - BOURG EN BRESSE;2013;Sol;Phosphore total;81400;kg/an
0070607901;STEU - CANNES 'AQUAVIVA';2013;Eau (direct);Demande biologique en oxygène (DBO5);55000;kg/an
0070607901;STEU - CANNES 'AQUAVIVA';2013;Eau (direct);Demande chimique en oxygène (DCO);550000;kg/an
0070145103;STEP - BOURG EN BRESSE;2013;Sol;Plomb et composés (exprimés en tant que Pb);90.5;kg/an
0070607901;STEU - CANNES 'AQUAVIVA';2013;Eau (direct);Dichlorométhane (DCM, chlorure de méthylène);92;kg/an
0070607901;STEU - CANNES 'AQUAVIVA';2013;Eau (direct);Fluorures (en tant que F total);3260;kg/an
0071305501;STEP - Marseille;2013;Eau (direct);Diuron;8.14;kg/an
0070607901;STEU - CANNES 'AQUAVIVA';2013;Eau (direct);Nonylphénols et éthoxylates de nonylphénol (NP/NPE);11;kg/an
0070607901;STEU - CANNES 'AQUAVIVA';2013;Eau (direct);Phosphore total;69600;kg/an
0070607901;STEU - CANNES 'AQUAVIVA';2013;Eau (direct);Phénols (en tant que C total);158;kg/an
0070607901;STEU - CANNES 'AQUAVIVA';2013;Eau (direct);Plomb et composés (exprimés en tant que Pb);55;kg/an
0070607901;STEU - CANNES 'AQUAVIVA';2013;Eau (direct);Sulfates;1960000;kg/an
0071305501;STEP - Marseille;2013;Eau (direct);Fer et composés (exprimés en tant que Fe);26000;kg/an
0070607901;STEU - CANNES 'AQUAVIVA';2013;Eau (direct);Zinc et composés (exprimés en tant que Zn);2160;kg/an
0071305501;STEP - Marseille;2013;Eau (direct);Hydrocarbures;18200;kg/an
0070608801;STEP - NICE HALIOTIS;2013;Eau (direct);Azote total;1340000;kg/an
0071305501;STEP - Marseille;2013;Eau (direct);Manganèse et composés (exprimés en tant que Mn);2550;kg/an
0070608801;STEP - NICE HALIOTIS;2013;Eau (direct);Cadmium et composés (exprimés en tant que Cd);7.47;kg/an
0070608801;STEP - NICE HALIOTIS;2013;Eau (direct);Cuivre et composés (exprimés en tant que Cu);276;kg/an
0071305501;STEP - Marseille;2013;Eau (direct);Matières en suspension (MES);1010000;kg/an
0070608801;STEP - NICE HALIOTIS;2013;Eau (direct);Demande biologique en oxygène (DBO5);837000;kg/an
0070608801;STEP - NICE HALIOTIS;2013;Eau (direct);Demande chimique en oxygène (DCO);2900000;kg/an
0071305501;STEP - Marseille;2013;Eau (direct);Nonylphénols et éthoxylates de nonylphénol (NP/NPE);12.1;kg/an
0070608801;STEP - NICE HALIOTIS;2013;Eau (direct);Matières en suspension (MES);1140000;kg/an
0070608801;STEP - NICE HALIOTIS;2013;Eau (direct);Mercure et composés (exprimés en tant que Hg);3.99;kg/an
0071305501;STEP - Marseille;2013;Eau (direct);Phosphore total;226000;kg/an
0070608801;STEP - NICE HALIOTIS;2013;Eau (direct);Phosphore total;91000;kg/an
0070608801;STEP - NICE HALIOTIS;2013;Eau (direct);Plomb et composés (exprimés en tant que Pb);213;kg/an
0071305501;STEP - Marseille;2013;Eau (direct);Sulfates;10100000;kg/an
0070608801;STEP - NICE HALIOTIS;2013;Eau (direct);Zinc et composés (exprimés en tant que Zn);1680;kg/an
0071305501;STEP - Marseille;2013;Eau (direct);Zinc et composés (exprimés en tant que Zn);2180;kg/an
0070810505;STEP - CHARLEVILLE-MEZIERES;2013;Eau (direct);Demande chimique en oxygène (DCO);206000;kg/an
0071443701;STEP - CAEN;2013;Eau (direct);Arsenic et composés (exprimés en tant que As);139;kg/an
0070810505;STEP - CHARLEVILLE-MEZIERES;2013;Eau (direct);Phosphore total;5020;kg/an
0071443701;STEP - CAEN;2013;Eau (direct);Demande chimique en oxygène (DCO);392000;kg/an
0070810505;STEP - CHARLEVILLE-MEZIERES;2013;Sol;Cuivre et composés (exprimés en tant que Cu);211;kg/an
0070810505;STEP - CHARLEVILLE-MEZIERES;2013;Sol;Nickel et composés (exprimés en tant que Ni);29.8;kg/an
0071443701;STEP - CAEN;2013;Eau (direct);Fluorures (en tant que F total);2460;kg/an
0070810505;STEP - CHARLEVILLE-MEZIERES;2013;Sol;Zinc et composés (exprimés en tant que Zn);788;kg/an
0071443701;STEP - CAEN;2013;Eau (direct);Nickel et composés (exprimés en tant que Ni);147;kg/an
0071443701;STEP - CAEN;2013;Eau (direct);Nonylphénols et éthoxylates de nonylphénol (NP/NPE);10;kg/an
0071003001;STEP - TROYES;2013;Eau (direct);Azote total;115000;kg/an
0071003001;STEP - TROYES;2013;Eau (direct);Carbone organique total (en tant que C total ou DCO/3);216000;kg/an
0071443701;STEP - CAEN;2013;Eau (direct);Phosphore total;5260;kg/an
0071003001;STEP - TROYES;2013;Eau (direct);Cuivre et composés (exprimés en tant que Cu);250;kg/an
0071003001;STEP - TROYES;2013;Eau (direct);Demande biologique en oxygène (DBO5);85300;kg/an
0071443701;STEP - CAEN;2013;Eau (direct);Zinc et composés (exprimés en tant que Zn);1020;kg/an
0071003001;STEP - TROYES;2013;Eau (direct);Demande chimique en oxygène (DCO);647000;kg/an
0071003001;STEP - TROYES;2013;Eau (direct);Phosphore total;13700;kg/an
0071443701;STEP - CAEN;2013;Sol;Azote total;243000;kg/an
0071003001;STEP - TROYES;2013;Eau (direct);Plomb et composés (exprimés en tant que Pb);51.3;kg/an
0071003001;STEP - TROYES;2013;Eau (direct);Zinc et composés (exprimés en tant que Zn);548;kg/an
0071443701;STEP - CAEN;2013;Sol;Chrome et composés (exprimés en tant que Cr);95.1;kg/an
;SAS EGGTEAM VAL PRODUITS;2013;Air;Ammoniac (NH3);10000;kg/an
0071443701;STEP - CAEN;2013;Sol;Cuivre et composés (exprimés en tant que Cu);1170;kg/an
0071106900;STEP - CARCASSONNE nouvelle;2013;Eau (direct);Azote total;54900;kg/an
0071443701;STEP - CAEN;2013;Sol;Mercure et composés (exprimés en tant que Hg);3.09;kg/an
0071106900;STEP - CARCASSONNE nouvelle;2013;Eau (direct);Cuivre et composés (exprimés en tant que Cu);62;kg/an
0071443701;STEP - CAEN;2013;Sol;Nickel et composés (exprimés en tant que Ni);200;kg/an
0071106900;STEP - CARCASSONNE nouvelle;2013;Eau (direct);Demande chimique en oxygène (DCO);219000;kg/an
0071106900;STEP - CARCASSONNE nouvelle;2013;Eau (direct);Zinc et composés (exprimés en tant que Zn);199;kg/an
0071443701;STEP - CAEN;2013;Sol;Phosphore total;246000;kg/an
0071106900;STEP - CARCASSONNE nouvelle;2013;Eau (direct);Sulfonate de perfluorooctane (SPFO);0.3;kg/an
0071126201;STATION DE TRAITEMENT DES EAUX USEES - NARBONNE VILLE;2013;Eau (direct);Arsenic et composés (exprimés en tant que As);31.9;kg/an
0071443701;STEP - CAEN;2013;Sol;Plomb et composés (exprimés en tant que Pb);108;kg/an
0071126201;STATION DE TRAITEMENT DES EAUX USEES - NARBONNE VILLE;2013;Eau (direct);Di(2-éthylhexyle)phtalate (DEHP);11.2;kg/an
0071126201;STATION DE TRAITEMENT DES EAUX USEES - NARBONNE VILLE;2013;Eau (direct);Dichlorométhane (DCM, chlorure de méthylène);19.7;kg/an
0071443701;STEP - CAEN;2013;Sol;Zinc et composés (exprimés en tant que Zn);1870;kg/an
0071126201;STATION DE TRAITEMENT DES EAUX USEES - NARBONNE VILLE;2013;Eau (direct);Zinc et composés (exprimés en tant que Zn);132;kg/an
0071443701;STEP - CAEN;2013;Sol;Biphényles polychlorés (PCB);0.21;kg/an
0071217401;STEP - BENECHOU;2013;Eau (direct);Demande chimique en oxygène (DCO);174000;kg/an
0071217401;STEP - BENECHOU;2013;Sol;Azote total;105000;kg/an
0071217401;STEP - BENECHOU;2013;Sol;Chrome et composés (exprimés en tant que Cr);592;kg/an
0071469901;STEP - TOUQUES;2013;Eau (direct);Cuivre et composés (exprimés en tant que Cu);101;kg/an
0071217401;STEP - BENECHOU;2013;Sol;Cuivre et composés (exprimés en tant que Cu);277;kg/an
0071217401;STEP - BENECHOU;2013;Sol;Nickel et composés (exprimés en tant que Ni);29.3;kg/an
0071217401;STEP - BENECHOU;2013;Sol;Phosphore total;97000;kg/an
0071469901;STEP - TOUQUES;2013;Eau (direct);Zinc et composés (exprimés en tant que Zn);123;kg/an
0071217401;STEP - BENECHOU;2013;Sol;Plomb et composés (exprimés en tant que Pb);52.8;kg/an
0071217401;STEP - BENECHOU;2013;Sol;Zinc et composés (exprimés en tant que Zn);1210;kg/an
0071469901;STEP - TOUQUES;2013;Sol;Cuivre et composés (exprimés en tant que Cu);403;kg/an
0071300101;Station d'Epuration : AIX EN PROVENCE LA PIOLINE;2013;Eau (direct);Azote total;58400;kg/an
0071300101;Station d'Epuration : AIX EN PROVENCE LA PIOLINE;2013;Eau (direct);Demande chimique en oxygène (DCO);242000;kg/an
0071469901;STEP - TOUQUES;2013;Sol;Plomb et composés (exprimés en tant que Pb);34.6;kg/an
0071300101;Station d'Epuration : AIX EN PROVENCE LA PIOLINE;2013;Eau (direct);Fer et composés (exprimés en tant que Fe);5050;kg/an
0071300101;Station d'Epuration : AIX EN PROVENCE LA PIOLINE;2013;Eau (direct);Phosphore total;5950;kg/an
0071469901;STEP - TOUQUES;2013;Sol;Zinc et composés (exprimés en tant que Zn);491;kg/an
0071300101;Station d'Epuration : AIX EN PROVENCE LA PIOLINE;2013;Eau (direct);Plomb et composés (exprimés en tant que Pb);23.6;kg/an
0071300101;Station d'Epuration : AIX EN PROVENCE LA PIOLINE;2013;Eau (direct);Zinc et composés (exprimés en tant que Zn);740;kg/an
;SA PRELY;2013;Air;Ammoniac (NH3);12500;kg/an
0071305501;STEP - Marseille;2013;Eau (direct);Aluminium et composés (exprimés en tant que Al);2310;kg/an
0071305501;STEP - Marseille;2013;Eau (direct);Azote total;2990000;kg/an
;DOMAINE DE SOMMERY;2013;Air;Ammoniac (NH3);43400;kg/an
0071305501;STEP - Marseille;2013;Eau (direct);Chlorures (en tant que Cl total);29500000;kg/an
0071305501;STEP - Marseille;2013;Eau (direct);Chrome et composés (exprimés en tant que Cr);663;kg/an
0071305501;STEP - Marseille;2013;Eau (direct);Composés organohalogénés (exprimés en tant que AOX);16400;kg/an
0071730002;STEP - LA ROCHELLE (port Neuf);2013;Eau (direct);Demande chimique en oxygène (DCO);318000;kg/an
0071305501;STEP - Marseille;2013;Eau (direct);Cuivre et composés (exprimés en tant que Cu);1110;kg/an
0071305501;STEP - Marseille;2013;Eau (direct);Demande biologique en oxygène (DBO5);1380000;kg/an
0071730002;STEP - LA ROCHELLE (port Neuf);2013;Eau (direct);Phosphore total;5580;kg/an
0071305501;STEP - Marseille;2013;Eau (direct);Demande chimique en oxygène (DCO);5860000;kg/an
0071305501;STEP - Marseille;2013;Eau (direct);Di(2-éthylhexyle)phtalate (DEHP);1240;kg/an
0071803301;Station d'épuration de BOURGES;2013;Eau (direct);Demande chimique en oxygène (DCO);166000;kg/an
0071803301;Station d'épuration de BOURGES;2013;Eau (direct);Manganèse et composés (exprimés en tant que Mn);547;kg/an
0071803301;Station d'épuration de BOURGES;2013;Eau (direct);Zinc et composés (exprimés en tant que Zn);408;kg/an
0072923204;STEP - Corniguel;2013;Eau (direct);Phosphore total;6570;kg/an
0071922901;STEP de Gourgue Nègre;2013;Eau (direct);Demande chimique en oxygène (DCO);180000;kg/an
0073013302;STEP - Le Grau-du-Roi;2013;Eau (direct);Chlorures (en tant que Cl total);2050000;kg/an
0071922901;STEP de Gourgue Nègre;2013;Eau (direct);Manganèse et composés (exprimés en tant que Mn);681;kg/an
0073018902;STEU Nîmes (ouest);2013;Eau (direct);Demande chimique en oxygène (DCO);173000;kg/an
0073018902;STEU Nîmes (ouest);2013;Eau (direct);Di(2-éthylhexyle)phtalate (DEHP);10.6;kg/an
0071922901;STEP de Gourgue Nègre;2013;Eau (direct);Zinc et composés (exprimés en tant que Zn);651;kg/an
0073018902;STEU Nîmes (ouest);2013;Eau (direct);Phosphore total;5460;kg/an
0073018902;STEU Nîmes (ouest);2013;Eau (direct);Zinc et composés (exprimés en tant que Zn);389;kg/an
0071922901;STEP de Gourgue Nègre;2013;Eau (direct);Sulfonate de perfluorooctane (SPFO);0.59;kg/an
0073155518;Usine de dépollution des eaux Ginestous-Garonne - VEOLIA EAU Compagnie Générale des Eaux -;2013;Eau (direct);Aluminium et composés (exprimés en tant que Al);9120;kg/an
0073155518;Usine de dépollution des eaux Ginestous-Garonne - VEOLIA EAU Compagnie Générale des Eaux -;2013;Eau (direct);Arsenic et composés (exprimés en tant que As);110;kg/an
0072123101;STEP - DIJON;2013;Eau (direct);Arsenic et composés (exprimés en tant que As);53;kg/an
0073155518;Usine de dépollution des eaux Ginestous-Garonne - VEOLIA EAU Compagnie Générale des Eaux -;2013;Eau (direct);Azote total;1660000;kg/an
0073155518;Usine de dépollution des eaux Ginestous-Garonne - VEOLIA EAU Compagnie Générale des Eaux -;2013;Eau (direct);Carbone organique total (en tant que C total ou DCO/3);568000;kg/an
0072123101;STEP - DIJON;2013;Eau (direct);Azote total;158000;kg/an
0073155518;Usine de dépollution des eaux Ginestous-Garonne - VEOLIA EAU Compagnie Générale des Eaux -;2013;Eau (direct);Chlorures (en tant que Cl total);2720000;kg/an
0073155518;Usine de dépollution des eaux Ginestous-Garonne - VEOLIA EAU Compagnie Générale des Eaux -;2013;Eau (direct);Composés organohalogénés (exprimés en tant que AOX);2150;kg/an
0073155518;Usine de dépollution des eaux Ginestous-Garonne - VEOLIA EAU Compagnie Générale des Eaux -;2013;Eau (direct);Cuivre et composés (exprimés en tant que Cu);229;kg/an
0072123101;STEP - DIJON;2013;Eau (direct);Cadmium et composés (exprimés en tant que Cd);23;kg/an
0073155518;Usine de dépollution des eaux Ginestous-Garonne - VEOLIA EAU Compagnie Générale des Eaux -;2013;Eau (direct);Cyanures (sous forme de CN total);119;kg/an
0073155518;Usine de dépollution des eaux Ginestous-Garonne - VEOLIA EAU Compagnie Générale des Eaux -;2013;Eau (direct);Demande biologique en oxygène (DBO5);225000;kg/an
0072123101;STEP - DIJON;2013;Eau (direct);Chrome et composés (exprimés en tant que Cr);131;kg/an
0073155518;Usine de dépollution des eaux Ginestous-Garonne - VEOLIA EAU Compagnie Générale des Eaux -;2013;Eau (direct);Demande chimique en oxygène (DCO);1700000;kg/an
0073155518;Usine de dépollution des eaux Ginestous-Garonne - VEOLIA EAU Compagnie Générale des Eaux -;2013;Eau (direct);Diuron;1.83;kg/an
0072123101;STEP - DIJON;2013;Eau (direct);Composés organohalogénés (exprimés en tant que AOX);1540;kg/an
0073155518;Usine de dépollution des eaux Ginestous-Garonne - VEOLIA EAU Compagnie Générale des Eaux -;2013;Eau (direct);Fluorures (en tant que F total);2940;kg/an
0073155518;Usine de dépollution des eaux Ginestous-Garonne - VEOLIA EAU Compagnie Générale des Eaux -;2013;Eau (direct);Manganèse et composés (exprimés en tant que Mn);1510;kg/an
0073155518;Usine de dépollution des eaux Ginestous-Garonne - VEOLIA EAU Compagnie Générale des Eaux -;2013;Eau (direct);Matières en suspension (MES);382000;kg/an
0072123101;STEP - DIJON;2013;Eau (direct);Cuivre et composés (exprimés en tant que Cu);285;kg/an
0073155518;Usine de dépollution des eaux Ginestous-Garonne - VEOLIA EAU Compagnie Générale des Eaux -;2013;Eau (direct);Mercure et composés (exprimés en tant que Hg);4.02;kg/an
0073155518;Usine de dépollution des eaux Ginestous-Garonne - VEOLIA EAU Compagnie Générale des Eaux -;2013;Eau (direct);Méthanol (alcool méthylique);100000;kg/an
0072123101;STEP - DIJON;2013;Eau (direct);Demande biologique en oxygène (DBO5);90100;kg/an
0073155518;Usine de dépollution des eaux Ginestous-Garonne - VEOLIA EAU Compagnie Générale des Eaux -;2013;Eau (direct);Nickel et composés (exprimés en tant que Ni);113;kg/an
0073155518;Usine de dépollution des eaux Ginestous-Garonne - VEOLIA EAU Compagnie Générale des Eaux -;2013;Eau (direct);Nonylphénols et éthoxylates de nonylphénol (NP/NPE);4.22;kg/an
0073155518;Usine de dépollution des eaux Ginestous-Garonne - VEOLIA EAU Compagnie Générale des Eaux -;2013;Eau (direct);Phosphore total;72300;kg/an
0073155518;Usine de dépollution des eaux Ginestous-Garonne - VEOLIA EAU Compagnie Générale des Eaux -;2013;Eau (direct);Phénols (en tant que C total);336;kg/an
0072123101;STEP - DIJON;2013;Eau (direct);Demande chimique en oxygène (DCO);719000;kg/an
0073155518;Usine de dépollution des eaux Ginestous-Garonne - VEOLIA EAU Compagnie Générale des Eaux -;2013;Eau (direct);Plomb et composés (exprimés en tant que Pb);40.2;kg/an
0073155518;Usine de dépollution des eaux Ginestous-Garonne - VEOLIA EAU Compagnie Générale des Eaux -;2013;Eau (direct);Sulfates;2030000;kg/an
0072123101;STEP - DIJON;2013;Eau (direct);Matières en suspension (MES);372000;kg/an
0073155518;Usine de dépollution des eaux Ginestous-Garonne - VEOLIA EAU Compagnie Générale des Eaux -;2013;Eau (direct);Zinc et composés (exprimés en tant que Zn);1230;kg/an
0073155518;Usine de dépollution des eaux Ginestous-Garonne - VEOLIA EAU Compagnie Générale des Eaux -;2013;Sol;Azote total;142000;kg/an
0073155518;Usine de dépollution des eaux Ginestous-Garonne - VEOLIA EAU Compagnie Générale des Eaux -;2013;Sol;Cuivre et composés (exprimés en tant que Cu);441;kg/an
0072123101;STEP - DIJON;2013;Eau (direct);Mercure et composés (exprimés en tant que Hg);6;kg/an
0073155518;Usine de dépollution des eaux Ginestous-Garonne - VEOLIA EAU Compagnie Générale des Eaux -;2013;Sol;Mercure et composés (exprimés en tant que Hg);1.52;kg/an
0073155518;Usine de dépollution des eaux Ginestous-Garonne - VEOLIA EAU Compagnie Générale des Eaux -;2013;Sol;Nickel et composés (exprimés en tant que Ni);30.6;kg/an
0072123101;STEP - DIJON;2013;Eau (direct);Nickel et composés (exprimés en tant que Ni);132;kg/an
0073155518;Usine de dépollution des eaux Ginestous-Garonne - VEOLIA EAU Compagnie Générale des Eaux -;2013;Sol;Phosphore total;52200;kg/an
0073155518;Usine de dépollution des eaux Ginestous-Garonne - VEOLIA EAU Compagnie Générale des Eaux -;2013;Sol;Plomb et composés (exprimés en tant que Pb);59.2;kg/an
0072123101;STEP - DIJON;2013;Eau (direct);Phosphore total;21100;kg/an
0073155518;Usine de dépollution des eaux Ginestous-Garonne - VEOLIA EAU Compagnie Générale des Eaux -;2013;Sol;Zinc et composés (exprimés en tant que Zn);1110;kg/an
0073155518;Usine de dépollution des eaux Ginestous-Garonne - VEOLIA EAU Compagnie Générale des Eaux -;2013;Sol;Biphényles polychlorés (PCB);0.44;kg/an
0072123101;STEP - DIJON;2013;Eau (direct);Plomb et composés (exprimés en tant que Pb);47;kg/an
0073300305;STEP SABAREGES;2013;Eau (direct);Azote total;329000;kg/an
0073300305;STEP SABAREGES;2013;Eau (direct);Composés organohalogénés (exprimés en tant que AOX);1410;kg/an
0072123101;STEP - DIJON;2013;Eau (direct);Zinc et composés (exprimés en tant que Zn);1740;kg/an
0073300305;STEP SABAREGES;2013;Eau (direct);Demande biologique en oxygène (DBO5);54800;kg/an
0073300305;STEP SABAREGES;2013;Eau (direct);Demande chimique en oxygène (DCO);326000;kg/an
0072227802;SAint Brieuc Armmor Agglomération - Direction de l'Eau et Assainissement;2013;Eau (direct);Azote total;50600;kg/an
0073300305;STEP SABAREGES;2013;Eau (direct);Di(2-éthylhexyle)phtalate (DEHP);12.8;kg/an
0073300305;STEP SABAREGES;2013;Eau (direct);Diuron;1.67;kg/an
0073300305;STEP SABAREGES;2013;Eau (direct);Fluorures (en tant que F total);4190;kg/an
0072227802;SAint Brieuc Armmor Agglomération - Direction de l'Eau et Assainissement;2013;Eau (direct);Demande chimique en oxygène (DCO);204000;kg/an
0073300305;STEP SABAREGES;2013;Eau (direct);Zinc et composés (exprimés en tant que Zn);133;kg/an
0073303905;STEP - Clos de Hilde (Bégles);2013;Eau (direct);Azote total;1050000;kg/an
;SCEA FGMF;2013;Air;Ammoniac (NH3);19900;kg/an
0073303905;STEP - Clos de Hilde (Bégles);2013;Eau (direct);Chlorures (en tant que Cl total);3150000;kg/an
0073303905;STEP - Clos de Hilde (Bégles);2013;Eau (direct);Composés organohalogénés (exprimés en tant que AOX);8210;kg/an
;EARL Asnières;2013;Air;Ammoniac (NH3);12500;kg/an
0073303905;STEP - Clos de Hilde (Bégles);2013;Eau (direct);Demande biologique en oxygène (DBO5);228000;kg/an
0073303905;STEP - Clos de Hilde (Bégles);2013;Eau (direct);Demande chimique en oxygène (DCO);1270000;kg/an
;EARL CHOUANET;2013;Air;Ammoniac (NH3);12200;kg/an
0073303905;STEP - Clos de Hilde (Bégles);2013;Eau (direct);Fer et composés (exprimés en tant que Fe);12900;kg/an
0073303905;STEP - Clos de Hilde (Bégles);2013;Eau (direct);Fluorures (en tant que F total);5090;kg/an
;SA GALOR;2013;Air;Ammoniac (NH3);13600;kg/an
0073303905;STEP - Clos de Hilde (Bégles);2013;Eau (direct);Manganèse et composés (exprimés en tant que Mn);4010;kg/an
0073303905;STEP - Clos de Hilde (Bégles);2013;Eau (direct);Phosphore total;22100;kg/an
0072505602;STEP - PORT-DOUVOT;2013;Eau (direct);Azote total;101000;kg/an
0073303905;STEP - Clos de Hilde (Bégles);2013;Eau (direct);Zinc et composés (exprimés en tant que Zn);837;kg/an
0073305101;STEP - Biganos;2013;Eau (direct);Aluminium et composés (exprimés en tant que Al);2900;kg/an
0072505602;STEP - PORT-DOUVOT;2013;Eau (direct);Cuivre et composés (exprimés en tant que Cu);233;kg/an
0073305101;STEP - Biganos;2013;Eau (direct);Azote total;230000;kg/an
0073305101;STEP - Biganos;2013;Eau (direct);Carbone organique total (en tant que C total ou DCO/3);95100;kg/an
0072505602;STEP - PORT-DOUVOT;2013;Eau (direct);Demande biologique en oxygène (DBO5);70100;kg/an
0073305101;STEP - Biganos;2013;Eau (direct);Chlorure de vinyle (chloroéthène);14.5;kg/an
0072505602;STEP - PORT-DOUVOT;2013;Eau (direct);Demande chimique en oxygène (DCO);447000;kg/an
0073305101;STEP - Biganos;2013;Eau (direct);Cuivre et composés (exprimés en tant que Cu);58;kg/an
0073305101;STEP - Biganos;2013;Eau (direct);Cyanures (sous forme de CN total);303;kg/an
0072505602;STEP - PORT-DOUVOT;2013;Eau (direct);Di(2-éthylhexyle)phtalate (DEHP);9.9;kg/an
0073305101;STEP - Biganos;2013;Eau (direct);Demande biologique en oxygène (DBO5);43000;kg/an
0073305101;STEP - Biganos;2013;Eau (direct);Demande chimique en oxygène (DCO);285000;kg/an
0072505602;STEP - PORT-DOUVOT;2013;Eau (direct);Manganèse et composés (exprimés en tant que Mn);983;kg/an
0073305101;STEP - Biganos;2013;Eau (direct);Di(2-éthylhexyle)phtalate (DEHP);4.75;kg/an
0073305101;STEP - Biganos;2013;Eau (direct);Hexachlorobutadiène (HCBD);1.45;kg/an
0072505602;STEP - PORT-DOUVOT;2013;Eau (direct);Nonylphénols et éthoxylates de nonylphénol (NP/NPE);1.48;kg/an
0073305101;STEP - Biganos;2013;Eau (direct);Zinc et composés (exprimés en tant que Zn);209;kg/an
0073306303;STEP - Louis Fargue (Bordeaux);2013;Eau (direct);Aluminium et composés (exprimés en tant que Al);2400;kg/an
0072505602;STEP - PORT-DOUVOT;2013;Eau (direct);Phosphore total;9120;kg/an
0073306303;STEP - Louis Fargue (Bordeaux);2013;Eau (direct);Azote total;1220000;kg/an
0072505602;STEP - PORT-DOUVOT;2013;Eau (direct);Zinc et composés (exprimés en tant que Zn);947;kg/an
0073306303;STEP - Louis Fargue (Bordeaux);2013;Eau (direct);Chlorures (en tant que Cl total);2770000;kg/an
0073306303;STEP - Louis Fargue (Bordeaux);2013;Eau (direct);Composés organohalogénés (exprimés en tant que AOX);4910;kg/an
0072505602;STEP - PORT-DOUVOT;2013;Sol;Arsenic et composés (exprimés en tant que As);18.2;kg/an
0073306303;STEP - Louis Fargue (Bordeaux);2013;Eau (direct);Cuivre et composés (exprimés en tant que Cu);823;kg/an
0073306303;STEP - Louis Fargue (Bordeaux);2013;Eau (direct);Demande biologique en oxygène (DBO5);545000;kg/an
0073306303;STEP - Louis Fargue (Bordeaux);2013;Eau (direct);Demande chimique en oxygène (DCO);2430000;kg/an
0073306303;STEP - Louis Fargue (Bordeaux);2013;Eau (direct);Fer et composés (exprimés en tant que Fe);9890;kg/an
0072505602;STEP - PORT-DOUVOT;2013;Sol;Chrome et composés (exprimés en tant que Cr);68;kg/an
0073306303;STEP - Louis Fargue (Bordeaux);2013;Eau (direct);Fluorures (en tant que F total);6290;kg/an
0073306303;STEP - Louis Fargue (Bordeaux);2013;Eau (direct);Manganèse et composés (exprimés en tant que Mn);3090;kg/an
0072505602;STEP - PORT-DOUVOT;2013;Sol;Cuivre et composés (exprimés en tant que Cu);980;kg/an
0073306303;STEP - Louis Fargue (Bordeaux);2013;Eau (direct);Matières en suspension (MES);497000;kg/an
0073306303;STEP - Louis Fargue (Bordeaux);2013;Eau (direct);Phosphore total;99900;kg/an
0072505602;STEP - PORT-DOUVOT;2013;Sol;Mercure et composés (exprimés en tant que Hg);2.2;kg/an
0073306303;STEP - Louis Fargue (Bordeaux);2013;Eau (direct);Zinc et composés (exprimés en tant que Zn);2310;kg/an
0073306303;STEP - Louis Fargue (Bordeaux);2013;Eau (direct);Biphényles polychlorés (PCB);0.111;kg/an
0072505602;STEP - PORT-DOUVOT;2013;Sol;Nickel et composés (exprimés en tant que Ni);56.5;kg/an
0073352901;STEP de la TESTE DE BUCH;2013;Eau (direct);Aluminium et composés (exprimés en tant que Al);2790;kg/an
0073352901;STEP de la TESTE DE BUCH;2013;Eau (direct);Azote total;287000;kg/an
0072505602;STEP - PORT-DOUVOT;2013;Sol;Plomb et composés (exprimés en tant que Pb);131;kg/an
0073352901;STEP de la TESTE DE BUCH;2013;Eau (direct);Carbone organique total (en tant que C total ou DCO/3);101000;kg/an
0073352901;STEP de la TESTE DE BUCH;2013;Eau (direct);Chlorure de vinyle (chloroéthène);15;kg/an
0072505602;STEP - PORT-DOUVOT;2013;Sol;Zinc et composés (exprimés en tant que Zn);1980;kg/an
0073352901;STEP de la TESTE DE BUCH;2013;Eau (direct);Cuivre et composés (exprimés en tant que Cu);70.7;kg/an
0073352901;STEP de la TESTE DE BUCH;2013;Eau (direct);Cyanures (sous forme de CN total);151;kg/an
0072628101;Usine de dépollution de Romans sur Isère;2013;Eau (direct);Arsenic et composés (exprimés en tant que As);8.63;kg/an
0073352901;STEP de la TESTE DE BUCH;2013;Eau (direct);Demande biologique en oxygène (DBO5);50000;kg/an
0073352901;STEP de la TESTE DE BUCH;2013;Eau (direct);Demande chimique en oxygène (DCO);302000;kg/an
0072628101;Usine de dépollution de Romans sur Isère;2013;Eau (direct);Cadmium et composés (exprimés en tant que Cd);4.32;kg/an
0073352901;STEP de la TESTE DE BUCH;2013;Eau (direct);Di(2-éthylhexyle)phtalate (DEHP);6;kg/an
0073352901;STEP de la TESTE DE BUCH;2013;Eau (direct);Dichlorométhane (DCM, chlorure de méthylène);15;kg/an
0073352901;STEP de la TESTE DE BUCH;2013;Eau (direct);Hexachlorobutadiène (HCBD);2;kg/an
0072628101;Usine de dépollution de Romans sur Isère;2013;Eau (direct);Carbone organique total (en tant que C total ou DCO/3);125000;kg/an
0073352901;STEP de la TESTE DE BUCH;2013;Eau (direct);Zinc et composés (exprimés en tant que Zn);238;kg/an
0073400301;STEP - AGDE;2013;Eau (direct);Azote total;166000;kg/an
0072628101;Usine de dépollution de Romans sur Isère;2013;Eau (direct);Demande biologique en oxygène (DBO5);112000;kg/an
0073400301;STEP - AGDE;2013;Eau (direct);Chlorures (en tant que Cl total);3440000;kg/an
0073400301;STEP - AGDE;2013;Eau (direct);Demande chimique en oxygène (DCO);192000;kg/an
0072628101;Usine de dépollution de Romans sur Isère;2013;Eau (direct);Demande chimique en oxygène (DCO);374000;kg/an
0073403201;STEP - BEZIERS;2013;Eau (direct);Demande chimique en oxygène (DCO);220000;kg/an
0073403201;STEP - BEZIERS;2013;Eau (direct);Phosphore total;6290;kg/an
0072628101;Usine de dépollution de Romans sur Isère;2013;Eau (direct);Mercure et composés (exprimés en tant que Hg);2.16;kg/an
0073403201;STEP - BEZIERS;2013;Eau (direct);Zinc et composés (exprimés en tant que Zn);528;kg/an
0072628101;Usine de dépollution de Romans sur Isère;2013;Eau (direct);Nickel et composés (exprimés en tant que Ni);38;kg/an
0073412901;STEP - MAERA;2013;Eau (direct);Arsenic et composés (exprimés en tant que As);238;kg/an
0072628101;Usine de dépollution de Romans sur Isère;2013;Eau (direct);Phosphore total;16800;kg/an
0073412901;STEP - MAERA;2013;Eau (direct);Azote total;1190000;kg/an
0073412901;STEP - MAERA;2013;Eau (direct);Cuivre et composés (exprimés en tant que Cu);162;kg/an
0072628101;Usine de dépollution de Romans sur Isère;2013;Eau (direct);Zinc et composés (exprimés en tant que Zn);264;kg/an
0073412901;STEP - MAERA;2013;Eau (direct);Demande biologique en oxygène (DBO5);320000;kg/an
0073412901;STEP - MAERA;2013;Eau (direct);Demande chimique en oxygène (DCO);1780000;kg/an
0072636201;Usine de dépollution (UDEP) - Valence;2013;Eau (direct);Arsenic et composés (exprimés en tant que As);27.5;kg/an
0073412901;STEP - MAERA;2013;Eau (direct);Fer et composés (exprimés en tant que Fe);16000;kg/an
0073412901;STEP - MAERA;2013;Eau (direct);Manganèse et composés (exprimés en tant que Mn);1130;kg/an
0073412901;STEP - MAERA;2013;Eau (direct);Matières en suspension (MES);371000;kg/an
0072636201;Usine de dépollution (UDEP) - Valence;2013;Eau (direct);Cadmium et composés (exprimés en tant que Cd);13.7;kg/an
0073412901;STEP - MAERA;2013;Eau (direct);Nickel et composés (exprimés en tant que Ni);87.6;kg/an
0073412901;STEP - MAERA;2013;Eau (direct);Phosphore total;46500;kg/an
0072636201;Usine de dépollution (UDEP) - Valence;2013;Eau (direct);Carbone organique total (en tant que C total ou DCO/3);65400;kg/an
0073412901;STEP - MAERA;2013;Eau (direct);Zinc et composés (exprimés en tant que Zn);548;kg/an
0073430101;STEP - SETE;2013;Eau (direct);Azote total;294000;kg/an
0072636201;Usine de dépollution (UDEP) - Valence;2013;Eau (direct);Chrome et composés (exprimés en tant que Cr);68.7;kg/an
0073430101;STEP - SETE;2013;Eau (direct);Composés organohalogénés (exprimés en tant que AOX);1010;kg/an
0073430101;STEP - SETE;2013;Eau (direct);Demande biologique en oxygène (DBO5);96900;kg/an
0072636201;Usine de dépollution (UDEP) - Valence;2013;Eau (direct);Cuivre et composés (exprimés en tant que Cu);148;kg/an
0073430101;STEP - SETE;2013;Eau (direct);Demande chimique en oxygène (DCO);435000;kg/an
0073430101;STEP - SETE;2013;Eau (direct);Phosphore total;19600;kg/an
0072636201;Usine de dépollution (UDEP) - Valence;2013;Eau (direct);Demande chimique en oxygène (DCO);196000;kg/an
0073523801;RENNES METROPOLE;2013;Eau (direct);Azote total;90200;kg/an
0072636201;Usine de dépollution (UDEP) - Valence;2013;Eau (direct);Mercure et composés (exprimés en tant que Hg);3.43;kg/an
0073523801;RENNES METROPOLE;2013;Eau (direct);Demande chimique en oxygène (DCO);299000;kg/an
0073523801;RENNES METROPOLE;2013;Eau (direct);Diuron;1.7;kg/an
0072636201;Usine de dépollution (UDEP) - Valence;2013;Eau (direct);Nickel et composés (exprimés en tant que Ni);85.7;kg/an
0073523801;RENNES METROPOLE;2013;Eau (direct);Manganèse et composés (exprimés en tant que Mn);544;kg/an
0073523801;RENNES METROPOLE;2013;Eau (direct);Phosphore total;12900;kg/an
0072636201;Usine de dépollution (UDEP) - Valence;2013;Eau (direct);Phosphore total;11600;kg/an
0073523801;RENNES METROPOLE;2013;Eau (direct);Plomb et composés (exprimés en tant que Pb);48;kg/an
0072636201;Usine de dépollution (UDEP) - Valence;2013;Eau (direct);Plomb et composés (exprimés en tant que Pb);27.5;kg/an
0072636201;Usine de dépollution (UDEP) - Valence;2013;Eau (direct);Zinc et composés (exprimés en tant que Zn);578;kg/an
0072722901;CTEU - EVREUX;2013;Air;Dioxyde de carbone (CO2) d'origine non biomasse;277000000;kg/an
0073523801;RENNES METROPOLE;2013;Eau (direct);Zinc et composés (exprimés en tant que Zn);1210;kg/an
0073528801;Station d'épuration de St Malo;2013;Eau (direct);Cuivre et composés (exprimés en tant que Cu);90.5;kg/an
0073528801;Station d'épuration de St Malo;2013;Eau (direct);Demande chimique en oxygène (DCO);235000;kg/an
0073528801;Station d'épuration de St Malo;2013;Eau (direct);Dichlorométhane (DCM, chlorure de méthylène);17.6;kg/an
0072722901;CTEU - EVREUX;2013;Air;Dioxyde de carbone (CO2) total (d'origine biomasse et non biomasse);277000000;kg/an
0073528801;Station d'épuration de St Malo;2013;Eau (direct);Zinc et composés (exprimés en tant que Zn);620;kg/an
0073604401;SUEZ;2013;Eau (direct);Arsenic et composés (exprimés en tant que As);10.6;kg/an
0073604401;SUEZ;2013;Eau (direct);Cadmium et composés (exprimés en tant que Cd);4.2;kg/an
0072722901;CTEU - EVREUX;2013;Eau (direct);Fer et composés (exprimés en tant que Fe);3300;kg/an
0073604401;SUEZ;2013;Eau (direct);Chloro-alkanes (C10-C13);10.6;kg/an
0073604401;SUEZ;2013;Eau (direct);Di(2-éthylhexyle)phtalate (DEHP);2.1;kg/an
0072722901;CTEU - EVREUX;2013;Eau (direct);Zinc et composés (exprimés en tant que Zn);122;kg/an
0073604401;SUEZ;2013;Eau (direct);Dichlorométhane (DCM, chlorure de méthylène);10.6;kg/an
0073604401;SUEZ;2013;Eau (direct);Hexachlorobutadiène (HCBD);1.1;kg/an
0072722901;CTEU - EVREUX;2013;Sol;Cuivre et composés (exprimés en tant que Cu);414;kg/an
0073604401;SUEZ;2013;Eau (direct);Mercure et composés (exprimés en tant que Hg);1.1;kg/an
0073604401;SUEZ;2013;Eau (direct);Nickel et composés (exprimés en tant que Ni);21.2;kg/an
0072722901;CTEU - EVREUX;2013;Sol;Mercure et composés (exprimés en tant que Hg);1.3;kg/an
0073604401;SUEZ;2013;Eau (direct);Nonylphénols et éthoxylates de nonylphénol (NP/NPE);1.95;kg/an
0073604401;SUEZ;2013;Eau (direct);Octylphénols et éthoxylates d'octylphénol;1.65;kg/an
0072722901;CTEU - EVREUX;2013;Sol;Plomb et composés (exprimés en tant que Pb);48.3;kg/an
0073604401;SUEZ;2013;Eau (direct);Tétrachlorométhane (TCM, tétrachlorure de carbone);1.06;kg/an
0073604401;SUEZ;2013;Eau (direct);Zinc et composés (exprimés en tant que Zn);263;kg/an
0072722901;CTEU - EVREUX;2013;Sol;Zinc et composés (exprimés en tant que Zn);573;kg/an
0073604401;SUEZ;2013;Eau (direct);Sulfonate de perfluorooctane (SPFO);0.11;kg/an
0073604401;SUEZ;2013;Sol;Azote total;92900;kg/an
0072722901;CTEU - EVREUX;2013;Sol;Biphényles polychlorés (PCB);0.2;kg/an
0073604401;SUEZ;2013;Sol;Chrome et composés (exprimés en tant que Cr);68.6;kg/an
0073604401;SUEZ;2013;Sol;Cuivre et composés (exprimés en tant que Cu);341;kg/an
0072821801;CHARTRES METROPOLE;2013;Eau (direct);Demande chimique en oxygène (DCO);221000;kg/an
0073604401;SUEZ;2013;Sol;Nickel et composés (exprimés en tant que Ni);44.7;kg/an
0073604401;SUEZ;2013;Sol;Phosphore total;18000;kg/an
0072901910;STEP - Zone Portuaire;2013;Eau (direct);Azote total;71100;kg/an
0073604401;SUEZ;2013;Sol;Plomb et composés (exprimés en tant que Pb);76.1;kg/an
0073604401;SUEZ;2013;Sol;Zinc et composés (exprimés en tant que Zn);682;kg/an
0073719501;Station d'épuration de La Grange David;2013;Eau (direct);1,2-dichloroéthane (DCE - chlorure d'éthylène);18;kg/an
0072901910;STEP - Zone Portuaire;2013;Eau (direct);Cadmium et composés (exprimés en tant que Cd);12.6;kg/an
0073719501;Station d'épuration de La Grange David;2013;Eau (direct);Arsenic et composés (exprimés en tant que As);44;kg/an
0073719501;Station d'épuration de La Grange David;2013;Eau (direct);Azote total;164000;kg/an
0073719501;Station d'épuration de La Grange David;2013;Eau (direct);Cadmium et composés (exprimés en tant que Cd);18;kg/an
0072901910;STEP - Zone Portuaire;2013;Eau (direct);Cuivre et composés (exprimés en tant que Cu);125;kg/an
0073719501;Station d'épuration de La Grange David;2013;Eau (direct);Carbone organique total (en tant que C total ou DCO/3);171000;kg/an
0073719501;Station d'épuration de La Grange David;2013;Eau (direct);Chloro-alkanes (C10-C13);44;kg/an
0072901910;STEP - Zone Portuaire;2013;Eau (direct);Demande biologique en oxygène (DBO5);46700;kg/an
0073719501;Station d'épuration de La Grange David;2013;Eau (direct);Chlorure de vinyle (chloroéthène);44;kg/an
0073719501;Station d'épuration de La Grange David;2013;Eau (direct);Chlorures (en tant que Cl total);2060000;kg/an
0072901910;STEP - Zone Portuaire;2013;Eau (direct);Demande chimique en oxygène (DCO);433000;kg/an
0073719501;Station d'épuration de La Grange David;2013;Eau (direct);Chrome hexavalent et composés (exprimés en tant que Cr VI);88;kg/an
0073719501;Station d'épuration de La Grange David;2013;Eau (direct);Cuivre et composés (exprimés en tant que Cu);69;kg/an
0072901910;STEP - Zone Portuaire;2013;Eau (direct);Fer et composés (exprimés en tant que Fe);4370;kg/an
0073719501;Station d'épuration de La Grange David;2013;Eau (direct);Cyanures (sous forme de CN total);440;kg/an
0073719501;Station d'épuration de La Grange David;2013;Eau (direct);Demande biologique en oxygène (DBO5);63300;kg/an
0072901910;STEP - Zone Portuaire;2013;Eau (direct);Manganèse et composés (exprimés en tant que Mn);871;kg/an
0073719501;Station d'épuration de La Grange David;2013;Eau (direct);Demande chimique en oxygène (DCO);467000;kg/an
0073719501;Station d'épuration de La Grange David;2013;Eau (direct);Di(2-éthylhexyle)phtalate (DEHP);8.8;kg/an
0072901910;STEP - Zone Portuaire;2013;Eau (direct);Mercure et composés (exprimés en tant que Hg);1.72;kg/an
0073719501;Station d'épuration de La Grange David;2013;Eau (direct);Dichlorométhane (DCM, chlorure de méthylène);44;kg/an
0073719501;Station d'épuration de La Grange David;2013;Eau (direct);Fer et composés (exprimés en tant que Fe);4020;kg/an
0072901910;STEP - Zone Portuaire;2013;Eau (direct);Phosphore total;11700;kg/an
0073719501;Station d'épuration de La Grange David;2013;Eau (direct);Fluorures (en tant que F total);8780;kg/an
0073719501;Station d'épuration de La Grange David;2013;Eau (direct);Hexachlorobutadiène (HCBD);4;kg/an
0072901910;STEP - Zone Portuaire;2013;Eau (direct);Plomb et composés (exprimés en tant que Pb);125;kg/an
0073719501;Station d'épuration de La Grange David;2013;Eau (direct);Hydrazine;880;kg/an
0073719501;Station d'épuration de La Grange David;2013;Eau (direct);Manganèse et composés (exprimés en tant que Mn);918;kg/an
0072901910;STEP - Zone Portuaire;2013;Eau (direct);Zinc et composés (exprimés en tant que Zn);1330;kg/an
0073719501;Station d'épuration de La Grange David;2013;Eau (direct);Mercure et composés (exprimés en tant que Hg);4;kg/an
0073719501;Station d'épuration de La Grange David;2013;Eau (direct);Méthanol (alcool méthylique);88000;kg/an
0072901910;STEP - Zone Portuaire;2013;Eau (direct);Sulfonate de perfluorooctane (SPFO);0.31;kg/an
0073719501;Station d'épuration de La Grange David;2013;Eau (direct);Nickel et composés (exprimés en tant que Ni);88;kg/an
0073719501;Station d'épuration de La Grange David;2013;Eau (direct);Nonylphénols et éthoxylates de nonylphénol (NP/NPE);2.64;kg/an
0072923204;STEP - Corniguel;2013;Eau (direct);Chlorures (en tant que Cl total);2540000;kg/an
0073719501;Station d'épuration de La Grange David;2013;Eau (direct);Phosphore total;8200;kg/an
0073719501;Station d'épuration de La Grange David;2013;Eau (direct);Phénols (en tant que C total);220;kg/an
0072923204;STEP - Corniguel;2013;Eau (direct);Demande chimique en oxygène (DCO);271000;kg/an
0073719501;Station d'épuration de La Grange David;2013;Eau (direct);Trichlorobenzènes (TCB) (tous les isomères);2;kg/an
0073719501;Station d'épuration de La Grange David;2013;Eau (direct);Tétrachlorométhane (TCM, tétrachlorure de carbone);4;kg/an
0073719501;Station d'épuration de La Grange David;2013;Eau (direct);Zinc et composés (exprimés en tant que Zn);541;kg/an
0073719501;Station d'épuration de La Grange David;2013;Eau (direct);Chlordécone;1.32;kg/an
0073719501;Station d'épuration de La Grange David;2013;Eau (direct);DDT total (y compris les métabolites DDD et DDE);2.64;kg/an
0073719501;Station d'épuration de La Grange David;2013;Eau (direct);Hexabromobiphényle;0.18;kg/an
0073719501;Station d'épuration de La Grange David;2013;Eau (direct);Sulfonate de perfluorooctane (SPFO);0.54;kg/an
0073719501;Station d'épuration de La Grange David;2013;Sol;Arsenic et composés (exprimés en tant que As);31.3;kg/an
0074406901;STEP - Livery;2013;Eau (direct);Demande chimique en oxygène (DCO);201000;kg/an
0073719501;Station d'épuration de La Grange David;2013;Sol;Azote total;200000;kg/an
0073719501;Station d'épuration de La Grange David;2013;Sol;Chrome et composés (exprimés en tant que Cr);77.1;kg/an
0073719501;Station d'épuration de La Grange David;2013;Sol;Cuivre et composés (exprimés en tant que Cu);1450;kg/an
0073719501;Station d'épuration de La Grange David;2013;Sol;Fer et composés (exprimés en tant que Fe);128000;kg/an
0073719501;Station d'épuration de La Grange David;2013;Sol;Manganèse et composés (exprimés en tant que Mn);686;kg/an
0074406901;STEP - Livery;2013;Eau (direct);Zinc et composés (exprimés en tant que Zn);200;kg/an
0073719501;Station d'épuration de La Grange David;2013;Sol;Mercure et composés (exprimés en tant que Hg);5.5;kg/an
0073719501;Station d'épuration de La Grange David;2013;Sol;Nickel et composés (exprimés en tant que Ni);66.3;kg/an
0073719501;Station d'épuration de La Grange David;2013;Sol;Phosphore total;155000;kg/an
0073719501;Station d'épuration de La Grange David;2013;Sol;Plomb et composés (exprimés en tant que Pb);280;kg/an
0073719501;Station d'épuration de La Grange David;2013;Sol;Zinc et composés (exprimés en tant que Zn);2830;kg/an
0074406901;STEP - Livery;2013;Sol;Cuivre et composés (exprimés en tant que Cu);249;kg/an
0073719501;Station d'épuration de La Grange David;2013;Sol;Biphényles polychlorés (PCB);0.19;kg/an
0073805301;Station d'épuration;2013;Eau (direct);Demande chimique en oxygène (DCO);188000;kg/an
0074406901;STEP - Livery;2013;Sol;Fer et composés (exprimés en tant que Fe);11900;kg/an
0073805301;Station d'épuration;2013;Eau (direct);Phosphore total;5710;kg/an
0074406901;STEP - Livery;2013;Sol;Nickel et composés (exprimés en tant que Ni);22;kg/an
0073817002;STEP - GRENOBLE / AQUAPOLE;2013;Air;Dioxyde de carbone (CO2) total (d'origine biomasse et non biomasse);10500000;kg/an
0073817002;STEP - GRENOBLE / AQUAPOLE;2013;Air;Dioxyde de carbone (CO2) d'origine biomasse;10500000;kg/an
0074406901;STEP - Livery;2013;Sol;Plomb et composés (exprimés en tant que Pb);24.1;kg/an
0073817002;STEP - GRENOBLE / AQUAPOLE;2013;Eau (direct);Aluminium et composés (exprimés en tant que Al);31400;kg/an
0073817002;STEP - GRENOBLE / AQUAPOLE;2013;Eau (direct);Azote total;1100000;kg/an
0074406901;STEP - Livery;2013;Sol;Zinc et composés (exprimés en tant que Zn);400;kg/an
0073817002;STEP - GRENOBLE / AQUAPOLE;2013;Eau (direct);Cadmium et composés (exprimés en tant que Cd);2.58;kg/an
0073817002;STEP - GRENOBLE / AQUAPOLE;2013;Eau (direct);Carbone organique total (en tant que C total ou DCO/3);1570000;kg/an
0074414302;STEP - Petite Californie;2013;Eau (direct);Azote total;135000;kg/an
0073817002;STEP - GRENOBLE / AQUAPOLE;2013;Eau (direct);Chlorures (en tant que Cl total);4530000;kg/an
0073817002;STEP - GRENOBLE / AQUAPOLE;2013;Eau (direct);Chrome et composés (exprimés en tant que Cr);79;kg/an
0074414302;STEP - Petite Californie;2013;Eau (direct);Composés organohalogénés (exprimés en tant que AOX);3090;kg/an
0073817002;STEP - GRENOBLE / AQUAPOLE;2013;Eau (direct);Cobalt et composés (exprimés en tant que Co);93.4;kg/an
0073817002;STEP - GRENOBLE / AQUAPOLE;2013;Eau (direct);Composés organohalogénés (exprimés en tant que AOX);2120;kg/an
0074414302;STEP - Petite Californie;2013;Eau (direct);Demande biologique en oxygène (DBO5);108000;kg/an
0073817002;STEP - GRENOBLE / AQUAPOLE;2013;Eau (direct);Cuivre et composés (exprimés en tant que Cu);552;kg/an
0073817002;STEP - GRENOBLE / AQUAPOLE;2013;Eau (direct);Demande biologique en oxygène (DBO5);1880000;kg/an
0074414302;STEP - Petite Californie;2013;Eau (direct);Demande chimique en oxygène (DCO);533000;kg/an
0073817002;STEP - GRENOBLE / AQUAPOLE;2013;Eau (direct);Demande chimique en oxygène (DCO);4710000;kg/an
0073817002;STEP - GRENOBLE / AQUAPOLE;2013;Eau (direct);Fer et composés (exprimés en tant que Fe);10400;kg/an
0074414302;STEP - Petite Californie;2013;Eau (direct);Fer et composés (exprimés en tant que Fe);3090;kg/an
0073817002;STEP - GRENOBLE / AQUAPOLE;2013;Eau (direct);Fluorures (en tant que F total);7260;kg/an
0073817002;STEP - GRENOBLE / AQUAPOLE;2013;Eau (direct);Manganèse et composés (exprimés en tant que Mn);2130;kg/an
0074414302;STEP - Petite Californie;2013;Eau (direct);Phosphore total;6080;kg/an
0073817002;STEP - GRENOBLE / AQUAPOLE;2013;Eau (direct);Matières en suspension (MES);2530000;kg/an
0073817002;STEP - GRENOBLE / AQUAPOLE;2013;Eau (direct);Mercure et composés (exprimés en tant que Hg);2.02;kg/an
0074414302;STEP - Petite Californie;2013;Eau (direct);Zinc et composés (exprimés en tant que Zn);326;kg/an
0073817002;STEP - GRENOBLE / AQUAPOLE;2013;Eau (direct);Nickel et composés (exprimés en tant que Ni);46;kg/an
0073817002;STEP - GRENOBLE / AQUAPOLE;2013;Eau (direct);Nonylphénols et éthoxylates de nonylphénol (NP/NPE);37.3;kg/an
0074416211;STEP - Tougas;2013;Eau (direct);Azote total;300000;kg/an
0073817002;STEP - GRENOBLE / AQUAPOLE;2013;Eau (direct);Phosphore total;108000;kg/an
0073817002;STEP - GRENOBLE / AQUAPOLE;2013;Eau (direct);Plomb et composés (exprimés en tant que Pb);280;kg/an
0074416211;STEP - Tougas;2013;Eau (direct);Chlorures (en tant que Cl total);2890000;kg/an
0073817002;STEP - GRENOBLE / AQUAPOLE;2013;Eau (direct);Sulfates;3990000;kg/an
0073817002;STEP - GRENOBLE / AQUAPOLE;2013;Eau (direct);Zinc et composés (exprimés en tant que Zn);1540;kg/an
0074416211;STEP - Tougas;2013;Eau (direct);Composés organohalogénés (exprimés en tant que AOX);19800;kg/an
0074416211;STEP - Tougas;2013;Eau (direct);Cuivre et composés (exprimés en tant que Cu);493;kg/an
0074416211;STEP - Tougas;2013;Eau (direct);Demande biologique en oxygène (DBO5);109000;kg/an
;entremont;2013;Eau (indirect);Demande biologique en oxygène (DBO5);44600;kg/an
0074416211;STEP - Tougas;2013;Eau (direct);Demande chimique en oxygène (DCO);855000;kg/an
0074416211;STEP - Tougas;2013;Eau (direct);Manganèse et composés (exprimés en tant que Mn);1770;kg/an
0074416211;STEP - Tougas;2013;Eau (direct);Mercure et composés (exprimés en tant que Hg);2.66;kg/an
;besnier etaux;2013;Air;Hydrochlorofluorocarbures (HCFC);906;kg/an
;besnier etaux;2013;Air;Hydroflurocarbures (HFC);390;kg/an
0074416211;STEP - Tougas;2013;Eau (direct);Nickel et composés (exprimés en tant que Ni);63.7;kg/an
;besnier etaux;2013;Eau (indirect);Demande biologique en oxygène (DBO5);98000;kg/an
;besnier etaux;2013;Eau (indirect);Phosphore total;11000;kg/an
0074416211;STEP - Tougas;2013;Eau (direct);Phosphore total;38700;kg/an
0074209719;STEP - SAINT-ETIENNE - FURANIA;2013;Eau (direct);Arsenic et composés (exprimés en tant que As);357;kg/an
0074416211;STEP - Tougas;2013;Eau (direct);Plomb et composés (exprimés en tant que Pb);72.3;kg/an
0074209719;STEP - SAINT-ETIENNE - FURANIA;2013;Eau (direct);Azote total;260000;kg/an
0074209719;STEP - SAINT-ETIENNE - FURANIA;2013;Eau (direct);Cadmium et composés (exprimés en tant que Cd);47.9;kg/an
0074416211;STEP - Tougas;2013;Eau (direct);Zinc et composés (exprimés en tant que Zn);2450;kg/an
0074209719;STEP - SAINT-ETIENNE - FURANIA;2013;Eau (direct);Chrome et composés (exprimés en tant que Cr);103;kg/an
0074209719;STEP - SAINT-ETIENNE - FURANIA;2013;Eau (direct);Cuivre et composés (exprimés en tant que Cu);172;kg/an
0074209719;STEP - SAINT-ETIENNE - FURANIA;2013;Eau (direct);Demande biologique en oxygène (DBO5);168000;kg/an
0074209719;STEP - SAINT-ETIENNE - FURANIA;2013;Eau (direct);Demande chimique en oxygène (DCO);790000;kg/an
0074209719;STEP - SAINT-ETIENNE - FURANIA;2013;Eau (direct);Mercure et composés (exprimés en tant que Hg);35.7;kg/an
0074209719;STEP - SAINT-ETIENNE - FURANIA;2013;Eau (direct);Nickel et composés (exprimés en tant que Ni);192;kg/an
0074209719;STEP - SAINT-ETIENNE - FURANIA;2013;Eau (direct);Phosphore total;18700;kg/an
0074209719;STEP - SAINT-ETIENNE - FURANIA;2013;Eau (direct);Plomb et composés (exprimés en tant que Pb);61.6;kg/an
0074218707;STEU - ROANNE - Les 3 Ponts;2013;Eau (direct);Azote total;56900;kg/an
0074218707;STEU - ROANNE - Les 3 Ponts;2013;Eau (direct);Demande biologique en oxygène (DBO5);56600;kg/an
0074218707;STEU - ROANNE - Les 3 Ponts;2013;Eau (direct);Demande chimique en oxygène (DCO);402000;kg/an
0074218707;STEU - ROANNE - Les 3 Ponts;2013;Sol;Chrome et composés (exprimés en tant que Cr);264;kg/an
0074218707;STEU - ROANNE - Les 3 Ponts;2013;Sol;Cuivre et composés (exprimés en tant que Cu);225;kg/an
0074218707;STEU - ROANNE - Les 3 Ponts;2013;Sol;Plomb et composés (exprimés en tant que Pb);61.7;kg/an
0074218707;STEU - ROANNE - Les 3 Ponts;2013;Sol;Zinc et composés (exprimés en tant que Zn);465;kg/an
0074218707;STEU - ROANNE - Les 3 Ponts;2013;Sol;Biphényles polychlorés (PCB);0.32;kg/an
;FRUITE SAS Site ii;2013;Eau (indirect);Demande biologique en oxygène (DBO5);70600;kg/an
;SCEA MARQUET LES JARDIERES;2013;Air;Ammoniac (NH3);16300;kg/an
;EARL NANTEL;2013;Air;Ammoniac (NH3);12800;kg/an
;EARL PRESCHOUX;2013;Air;Ammoniac (NH3);11600;kg/an
;SCEA LA PETITE FONTENELLE;2013;Air;Ammoniac (NH3);14500;kg/an
;SCEA MARQUET Elevage;2013;Air;Ammoniac (NH3);17200;kg/an
;EARL les oeufs de benjamin et d'émilie;2013;Air;Ammoniac (NH3);21400;kg/an
;ROULLEAU Jean Pierre;2013;Air;Ammoniac (NH3);10400;kg/an
;SCEA AVILANDE;2013;Air;Ammoniac (NH3);17400;kg/an
;GAEC BINARD;2013;Air;Ammoniac (NH3);25700;kg/an
;SACOPORC;2013;Air;Ammoniac (NH3);15600;kg/an
;S.A.S PORTES ET APPRAT;2013;Air;Ammoniac (NH3);16800;kg/an
;GAEC DE KERHORONG;2013;Air;Ammoniac (NH3);11500;kg/an
;GAEC DE GAUDIN;2013;Air;Ammoniac (NH3);10900;kg/an
;ELEVAGE AVICOLE LOZACH LE YAN;2013;Air;Ammoniac (NH3);13900;kg/an
;SCEA MEZELINE;2013;Air;Ammoniac (NH3);14700;kg/an
;EARL LAUNAY ALLENO;2013;Air;Ammoniac (NH3);11600;kg/an
;SCEA BACQUER PRODUCTION;2013;Air;Ammoniac (NH3);20500;kg/an
;EARL PERRIGOUE Franck;2013;Air;Ammoniac (NH3);13000;kg/an
;EARL de l'Hippodrome;2013;Air;Ammoniac (NH3);14000;kg/an
;EARL de l'ISLE;2013;Air;Ammoniac (NH3);24400;kg/an
;EARL DE PEN AN GOLLOT;2013;Air;Ammoniac (NH3);13000;kg/an
;EARL DE PONT ROUZ;2013;Air;Ammoniac (NH3);11700;kg/an
;EARL MENGUY;2013;Air;Ammoniac (NH3);16600;kg/an
;GAEC DU LION D'OR;2013;Air;Ammoniac (NH3);13300;kg/an
;EARL DE TANOUEL DELALANDE;2013;Air;Ammoniac (NH3);16300;kg/an
;EARL DU BOIS BOSCHER HAMON;2013;Air;Ammoniac (NH3);21000;kg/an
;EARL DE COET PARQUET;2013;Air;Ammoniac (NH3);14700;kg/an
;EURL La Ville Poissin;2013;Air;Ammoniac (NH3);30000;kg/an
;EARL DU ROSS;2013;Air;Ammoniac (NH3);10400;kg/an
;LE MIGNOT Roger;2013;Air;Ammoniac (NH3);11400;kg/an
;SARL ROLLAND;2013;Air;Ammoniac (NH3);10100;kg/an
;SARL DE KERVOEZEL;2013;Air;Ammoniac (NH3);29400;kg/an
;DOUX ACCOUVAGE;2013;Air;Ammoniac (NH3);146000;kg/an
;EARL COLLIN CADOUX;2013;Air;Ammoniac (NH3);12400;kg/an
;SCEA LE TROADEC Michel;2013;Air;Ammoniac (NH3);14800;kg/an
;EARL ROY Michel;2013;Air;Ammoniac (NH3);19600;kg/an
;GUIGNARD Franck;2013;Air;Ammoniac (NH3);10700;kg/an
;CHÂTEAU MUSSET;2013;Air;Ammoniac (NH3);22500;kg/an
;LE FONDREAU;2013;Air;Ammoniac (NH3);23600;kg/an
;BALLIS SA;2013;Air;Ammoniac (NH3);19600;kg/an
;SA BALLIS;2013;Air;Ammoniac (NH3);21000;kg/an
;EARL BRETAUD;2013;Air;Ammoniac (NH3);14900;kg/an
;LOUINEAU Jacky;2013;Air;Ammoniac (NH3);10400;kg/an
;GAEC DE LA GROIE;2013;Air;Ammoniac (NH3);21100;kg/an
;earl ru et boulogne;2013;Air;Ammoniac (NH3);11900;kg/an
;BILLAUDEAU;2013;Air;Ammoniac (NH3);15200;kg/an
;SARL L'ENVOL;2013;Air;Ammoniac (NH3);35200;kg/an
;Gaec la guilbaudiere;2013;Air;Ammoniac (NH3);12600;kg/an
;EARL DU PREST BOULVARD STEP;2013;Air;Ammoniac (NH3);13900;kg/an
;SCEA LEVANT;2013;Air;Ammoniac (NH3);14000;kg/an
;EARL COJEAN CHRISTOPHE;2013;Air;Ammoniac (NH3);18000;kg/an
;SCEA DE BELLEVUE CARFANTAN;2013;Air;Ammoniac (NH3);13000;kg/an
;SCEA DES PRES FERRONS MINIER;2013;Air;Ammoniac (NH3);14400;kg/an
;SARL PECHARD;2013;Air;Ammoniac (NH3);19200;kg/an
;EARL DES CHENES GUEGAN;2013;Air;Ammoniac (NH3);14100;kg/an
;LE LAY SAS;2013;Air;Ammoniac (NH3);18300;kg/an
;GAEC CORRE;2013;Air;Ammoniac (NH3);18200;kg/an
;EARL BRIANT;2013;Air;Ammoniac (NH3);17700;kg/an
;EARL PRIMEL;2013;Air;Ammoniac (NH3);10500;kg/an
;EARL DARE;2013;Air;Ammoniac (NH3);13300;kg/an
;SARL CLEGUER;2013;Air;Ammoniac (NH3);12800;kg/an
;EARL SEAC'H;2013;Air;Ammoniac (NH3);16100;kg/an
;SCEA VIGOUROUX;2013;Air;Ammoniac (NH3);16300;kg/an
;GAEC KER EVEN;2013;Air;Ammoniac (NH3);16600;kg/an
;EARL du MEZOU;2013;Air;Ammoniac (NH3);23300;kg/an
;EARL KOAT PENHOAT;2013;Air;Ammoniac (NH3);14900;kg/an
;EARL DE PENHOAT;2013;Air;Ammoniac (NH3);11600;kg/an
;SCEADES PEUPLIERS;2013;Air;Ammoniac (NH3);12200;kg/an
;EARL HENAFF;2013;Air;Ammoniac (NH3);10700;kg/an
0075313009;STEP - LAVAL;2013;Eau (direct);Azote total;63400;kg/an
0075313009;STEP - LAVAL;2013;Eau (direct);Demande biologique en oxygène (DBO5);68900;kg/an
0075313009;STEP - LAVAL;2013;Eau (direct);Demande chimique en oxygène (DCO);334000;kg/an
0075313009;STEP - LAVAL;2013;Eau (direct);Phosphore total;5200;kg/an
;CHOICE GENETICS FRANCE;2013;Air;Ammoniac (NH3);16400;kg/an
;SCEA LA REVERDIAIS;2013;Air;Ammoniac (NH3);13400;kg/an
0075435775;Station du Grand Nancy située à MAXEVILLE;2013;Eau (direct);Aluminium et composés (exprimés en tant que Al);3010;kg/an
0075435775;Station du Grand Nancy située à MAXEVILLE;2013;Eau (direct);Azote total;239000;kg/an
0075435775;Station du Grand Nancy située à MAXEVILLE;2013;Eau (direct);Carbone organique total (en tant que C total ou DCO/3);355000;kg/an
0075435775;Station du Grand Nancy située à MAXEVILLE;2013;Eau (direct);Chlorures (en tant que Cl total);6030000;kg/an
0075435775;Station du Grand Nancy située à MAXEVILLE;2013;Eau (direct);Composés organohalogénés (exprimés en tant que AOX);15200;kg/an
0075435775;Station du Grand Nancy située à MAXEVILLE;2013;Eau (direct);Demande biologique en oxygène (DBO5);246000;kg/an
0075435775;Station du Grand Nancy située à MAXEVILLE;2013;Eau (direct);Demande chimique en oxygène (DCO);975000;kg/an
0075435775;Station du Grand Nancy située à MAXEVILLE;2013;Eau (direct);Fer et composés (exprimés en tant que Fe);96000;kg/an
0075435775;Station du Grand Nancy située à MAXEVILLE;2013;Eau (direct);Fluorures (en tant que F total);5550;kg/an
0075435775;Station du Grand Nancy située à MAXEVILLE;2013;Eau (direct);Manganèse et composés (exprimés en tant que Mn);2850;kg/an
0075435775;Station du Grand Nancy située à MAXEVILLE;2013;Eau (direct);Matières en suspension (MES);488000;kg/an
0075435775;Station du Grand Nancy située à MAXEVILLE;2013;Eau (direct);Phosphore total;23600;kg/an
0075435775;Station du Grand Nancy située à MAXEVILLE;2013;Eau (direct);Plomb et composés (exprimés en tant que Pb);76;kg/an
0075435775;Station du Grand Nancy située à MAXEVILLE;2013;Eau (direct);Sulfates;2850000;kg/an
0075435775;Station du Grand Nancy située à MAXEVILLE;2013;Eau (direct);Zinc et composés (exprimés en tant que Zn);2750;kg/an
0075435775;Station du Grand Nancy située à MAXEVILLE;2013;Sol;Azote total;61200;kg/an
0075435775;Station du Grand Nancy située à MAXEVILLE;2013;Sol;Chrome et composés (exprimés en tant que Cr);50.3;kg/an
0075435775;Station du Grand Nancy située à MAXEVILLE;2013;Sol;Cuivre et composés (exprimés en tant que Cu);380;kg/an
0075435775;Station du Grand Nancy située à MAXEVILLE;2013;Sol;Fer et composés (exprimés en tant que Fe);17700;kg/an
0075435775;Station du Grand Nancy située à MAXEVILLE;2013;Sol;Mercure et composés (exprimés en tant que Hg);1.83;kg/an
0075435775;Station du Grand Nancy située à MAXEVILLE;2013;Sol;Nickel et composés (exprimés en tant que Ni);28.1;kg/an
0075435775;Station du Grand Nancy située à MAXEVILLE;2013;Sol;Phosphore total;26200;kg/an
0075435775;Station du Grand Nancy située à MAXEVILLE;2013;Sol;Plomb et composés (exprimés en tant que Pb);167;kg/an
0075435775;Station du Grand Nancy située à MAXEVILLE;2013;Sol;Zinc et composés (exprimés en tant que Zn);1140;kg/an
0075435775;Station du Grand Nancy située à MAXEVILLE;2013;Sol;Biphényles polychlorés (PCB);0.2;kg/an
;SAS HUBBARD;2013;Air;Ammoniac (NH3);60000;kg/an
;HAMAYON JEAN MARIE;2013;Air;Ammoniac (NH3);10200;kg/an
;EARL VILLE MOUSSARD;2013;Air;Ammoniac (NH3);13100;kg/an
;GICQUEL STEPHANE;2013;Air;Ammoniac (NH3);17100;kg/an
;EARL ROSALIE;2013;Air;Ammoniac (NH3);14000;kg/an
;EARL DU BAS DE LA LANDE;2013;Air;Ammoniac (NH3);11700;kg/an
;GAEC DU CHENE BLANC;2013;Air;Ammoniac (NH3);11500;kg/an
;LE TENO Loïc;2013;Air;Ammoniac (NH3);11000;kg/an
;EARL MARZIN;2013;Air;Ammoniac (NH3);10200;kg/an
;MONFORT GILLES;2013;Air;Ammoniac (NH3);15000;kg/an
;EARL BUTHIER;2013;Air;Ammoniac (NH3);10400;kg/an
0075612105;STEP - Kérolay;2013;Eau (direct);Demande chimique en oxygène (DCO);176000;kg/an
;SCEA LEVREL Freres;2013;Air;Ammoniac (NH3);17400;kg/an
;GAEC de LA GAUCHERAIS;2013;Air;Ammoniac (NH3);10400;kg/an
;SCEA DE L'ETANG;2013;Air;Ammoniac (NH3);18700;kg/an
;SCEA VILGAPORC;2013;Air;Ammoniac (NH3);16600;kg/an
;SCEA MARQUET;2013;Air;Ammoniac (NH3);13800;kg/an
;GAEC de LA VILLE NEVEU;2013;Air;Ammoniac (NH3);20200;kg/an
;SCEA Sainte-Anne;2013;Air;Ammoniac (NH3);12000;kg/an
;SCEA PLOUZENNEC;2013;Air;Ammoniac (NH3);16000;kg/an
;SARL RANNOU;2013;Air;Ammoniac (NH3);20400;kg/an
;EARL DU MOULIN DU DUC;2013;Air;Ammoniac (NH3);12200;kg/an
;SARL DE ROSSIVIN;2013;Air;Ammoniac (NH3);24500;kg/an
;DOUX ACCOUVAGE;2013;Air;Ammoniac (NH3);13200;kg/an
;SAS RANNOU;2013;Air;Ammoniac (NH3);45400;kg/an
;EARL DE KERIGOU;2013;Air;Ammoniac (NH3);10400;kg/an
;EARL KERJEAN;2013;Air;Ammoniac (NH3);17400;kg/an
;GAEC AVEL-GWALARN;2013;Air;Ammoniac (NH3);10100;kg/an
;SAS LE VERGE;2013;Air;Ammoniac (NH3);31900;kg/an
;Société PERON;2013;Air;Ammoniac (NH3);36900;kg/an
;SCEA de KERSCAO;2013;Air;Ammoniac (NH3);14200;kg/an
;EARL DE KERVORICE;2013;Air;Ammoniac (NH3);22200;kg/an
;EARL LA BOISSIERE;2013;Air;Ammoniac (NH3);11000;kg/an
;EARL DE LA CLARTE;2013;Air;Ammoniac (NH3);18500;kg/an
;EARL QUEMERE - TREUJOU;2013;Air;Ammoniac (NH3);12200;kg/an
;SCEA DE KERBREZELLEC;2013;Air;Ammoniac (NH3);15700;kg/an
;GAEC TREGUEE;2013;Air;Ammoniac (NH3);18200;kg/an
;SA BILLON Henri;2013;Air;Ammoniac (NH3);31000;kg/an
;SA BREZAL;2013;Air;Ammoniac (NH3);38300;kg/an
;SCEA RIOU;2013;Air;Ammoniac (NH3);25500;kg/an
;EARL DU LEURRIOU;2013;Air;Ammoniac (NH3);15400;kg/an
;EARL LOSSEC;2013;Air;Ammoniac (NH3);21800;kg/an
;EARL DE PRAT-AR-LAND;2013;Air;Ammoniac (NH3);18100;kg/an
;SCEA DE L'HIPPODROME;2013;Air;Ammoniac (NH3);14900;kg/an
;EURL PALUT;2013;Air;Ammoniac (NH3);23800;kg/an
;SCEA RIOU;2013;Air;Ammoniac (NH3);20500;kg/an
;SCEA PENNEC;2013;Air;Ammoniac (NH3);15900;kg/an
;EARL LEONBERG;2013;Air;Ammoniac (NH3);27300;kg/an
;Société Jean-Marie MINGAM;2013;Air;Ammoniac (NH3);22800;kg/an
;EARL DES QUATRES VENTS;2013;Air;Ammoniac (NH3);10900;kg/an
;SCEA DE QUISTINIT;2013;Air;Ammoniac (NH3);14700;kg/an
;EARL POULIQUEN;2013;Air;Ammoniac (NH3);15100;kg/an
;SCEA DE TREBEOLIN;2013;Air;Ammoniac (NH3);16500;kg/an
;SAS KERJEAN;2013;Air;Ammoniac (NH3);19200;kg/an
;SARL KERDONCUFF;2013;Air;Ammoniac (NH3);13800;kg/an
;SAS LE ROUX MICHEL;2013;Air;Ammoniac (NH3);53900;kg/an
;SARL ELEV. MENEZ-KAMP;2013;Air;Ammoniac (NH3);18700;kg/an
;EARL DE PENHOAT;2013;Air;Ammoniac (NH3);14900;kg/an
;SAS Jean GUEGUENIAT;2013;Air;Ammoniac (NH3);30000;kg/an
;Sarl COADOUR;2013;Air;Ammoniac (NH3);22800;kg/an
;SARL DE KERANFORS;2013;Air;Ammoniac (NH3);17900;kg/an
;GAEC DU VOULIC;2013;Air;Ammoniac (NH3);10200;kg/an
;SARL COLIN René;2013;Air;Ammoniac (NH3);13400;kg/an
;SARL DE SANT ALAR;2013;Air;Ammoniac (NH3);20000;kg/an
;SCEA PICART;2013;Air;Ammoniac (NH3);18200;kg/an
;EARL GOARNISSON;2013;Air;Ammoniac (NH3);19700;kg/an
;SAS KERJEAN;2013;Air;Ammoniac (NH3);62100;kg/an
;EARL du COSQUER;2013;Air;Ammoniac (NH3);13600;kg/an
;SARL DE LA VALLEE;2013;Air;Ammoniac (NH3);23200;kg/an
;EARL KERVEILLANT;2013;Air;Ammoniac (NH3);10600;kg/an
;EARL DU RUOT;2013;Air;Ammoniac (NH3);20000;kg/an
;SARL DE KERNEIZAN;2013;Air;Ammoniac (NH3);19400;kg/an
;SARL DE LA VALLEE;2013;Air;Ammoniac (NH3);11200;kg/an
;SCEA DES AJONCS;2013;Air;Ammoniac (NH3);14000;kg/an
;EARL POULIQUEN;2013;Air;Ammoniac (NH3);16500;kg/an
;SA FAVE;2013;Air;Ammoniac (NH3);41400;kg/an
;EARL du COSQUER;2013;Air;Ammoniac (NH3);14600;kg/an
;EARL LE TRISKEL;2013;Air;Ammoniac (NH3);19100;kg/an
;SARL AVEL VOR;2013;Air;Ammoniac (NH3);22400;kg/an
;EARL LENAFF;2013;Air;Ammoniac (NH3);12100;kg/an
;EARL DONVAL Charles;2013;Air;Ammoniac (NH3);17700;kg/an
;GAEC DE LESTANET;2013;Air;Ammoniac (NH3);18600;kg/an
;SAS KERJEAN;2013;Air;Ammoniac (NH3);25800;kg/an
;SA BIANEIS;2013;Air;Ammoniac (NH3);13100;kg/an
;SCEA DE LA COLLINE;2013;Air;Ammoniac (NH3);25900;kg/an
;scea avicole DU GUINDY;2013;Air;Ammoniac (NH3);21700;kg/an
;EARL DU VENEC;2013;Air;Ammoniac (NH3);13000;kg/an
;SCEA TERRE ET PORC;2013;Air;Ammoniac (NH3);18300;kg/an
;SCEA ETIENNE-LECLERC;2013;Air;Ammoniac (NH3);22900;kg/an
;EARL FERME DU MENHIR;2013;Air;Ammoniac (NH3);16000;kg/an
;EARL GAEL EOUZAN;2013;Air;Ammoniac (NH3);12700;kg/an
;EARL MONCONSEIL;2013;Air;Ammoniac (NH3);11600;kg/an
;SCEA DE KERMERRIEN;2013;Air;Ammoniac (NH3);25100;kg/an
;EARL DE LA ROSETTE;2013;Air;Ammoniac (NH3);12900;kg/an
;EARL DU CHEF DU BOIS;2013;Air;Ammoniac (NH3);13600;kg/an
;GAEC LA HAYE;2013;Air;Ammoniac (NH3);20000;kg/an
;EARL DE LA VILLE AU GALL;2013;Air;Ammoniac (NH3);15500;kg/an
;SARL ELEVAGE AVICOLE LA TRINITE;2013;Air;Ammoniac (NH3);21500;kg/an
;EARL LA COTE OLIVE;2013;Air;Ammoniac (NH3);14700;kg/an
;SCEA CORMAN;2013;Air;Ammoniac (NH3);15400;kg/an
;SCEA ELEVAGE VALLEE CAVET;2013;Air;Ammoniac (NH3);21400;kg/an
;TROADEC Mickael;2013;Air;Ammoniac (NH3);15500;kg/an
;SA GIPORC;2013;Air;Ammoniac (NH3);10900;kg/an
;BAQUE Francis - EARL PEYRAN;2013;Air;Ammoniac (NH3);10700;kg/an
;BOP Jean Yves- LANDAPORC;2013;Air;Ammoniac (NH3);14400;kg/an
;SAS ELEVAGE DES TUYAS;2013;Air;Ammoniac (NH3);10500;kg/an
;SARL MULOR FILIALE MAISADOUR;2013;Air;Ammoniac (NH3);34400;kg/an
;BROUSSET JEAN FRANCOIS / SCEA DOMENYUC;2013;Air;Ammoniac (NH3);18600;kg/an
;SARL ALFA;2013;Air;Ammoniac (NH3);12400;kg/an
;COURADES MICHEL / EARL COURADES;2013;Air;Ammoniac (NH3);13100;kg/an
;PEYROUS JEAN / SCEA PEYROUS;2013;Air;Ammoniac (NH3);13600;kg/an
;LINDT ET SPRUNGLI;2013;Eau (direct);Demande biologique en oxygène (DBO5);96300;kg/an
;LINDT ET SPRUNGLI;2013;Eau (direct);Demande chimique en oxygène (DCO);166000;kg/an
;EARL HOUDOUIN NP;2013;Air;Ammoniac (NH3);10300;kg/an
;S.A.S. SOVOPA;2013;Air;Ammoniac (NH3);26100;kg/an
;S.A.R.L. N.C.A.;2013;Air;Ammoniac (NH3);38200;kg/an
;Réveillon;2013;Air;Ammoniac (NH3);28600;kg/an
;SCEA DES SABLES;2013;Air;Ammoniac (NH3);16300;kg/an
;SCEA DE TOUVOIE;2013;Air;Ammoniac (NH3);17000;kg/an
;EARL PIG FARMER;2013;Air;Ammoniac (NH3);12700;kg/an
;EARL HOUDOUIN NP;2013;Air;Ammoniac (NH3);10300;kg/an
0075722101;STEP - FENSCH (VALLEE DE);2013;Eau (direct);Di(2-éthylhexyle)phtalate (DEHP);7.1;kg/an
0075722101;STEP - FENSCH (VALLEE DE);2013;Eau (direct);Zinc et composés (exprimés en tant que Zn);199;kg/an
0075722101;STEP - FENSCH (VALLEE DE);2013;Sol;Cuivre et composés (exprimés en tant que Cu);170;kg/an
0075722101;STEP - FENSCH (VALLEE DE);2013;Sol;Mercure et composés (exprimés en tant que Hg);1.7;kg/an
0075722101;STEP - FENSCH (VALLEE DE);2013;Sol;Nickel et composés (exprimés en tant que Ni);25.1;kg/an
0075722101;STEP - FENSCH (VALLEE DE);2013;Sol;Plomb et composés (exprimés en tant que Pb);34.2;kg/an
0075722101;STEP - FENSCH (VALLEE DE);2013;Sol;Zinc et composés (exprimés en tant que Zn);573;kg/an
0075722101;STEP - FENSCH (VALLEE DE);2013;Sol;Biphényles polychlorés (PCB);0.2;kg/an
0075745219;HAGANIS -STEP METZ;2013;Eau (direct);Azote total;56800;kg/an
0075745219;HAGANIS -STEP METZ;2013;Eau (direct);Chlorures (en tant que Cl total);4330000;kg/an
0075745219;HAGANIS -STEP METZ;2013;Eau (direct);Cuivre et composés (exprimés en tant que Cu);241;kg/an
0075745219;HAGANIS -STEP METZ;2013;Eau (direct);Demande biologique en oxygène (DBO5);108000;kg/an
0075745219;HAGANIS -STEP METZ;2013;Eau (direct);Demande chimique en oxygène (DCO);444000;kg/an
0075745219;HAGANIS -STEP METZ;2013;Eau (direct);Diuron;2.48;kg/an
0075745219;HAGANIS -STEP METZ;2013;Eau (direct);Fer et composés (exprimés en tant que Fe);12200;kg/an
0075745219;HAGANIS -STEP METZ;2013;Eau (direct);Fluorures (en tant que F total);5730;kg/an
0075745219;HAGANIS -STEP METZ;2013;Eau (direct);Manganèse et composés (exprimés en tant que Mn);1960;kg/an
0075745219;HAGANIS -STEP METZ;2013;Eau (direct);Phosphore total;9340;kg/an
0075745219;HAGANIS -STEP METZ;2013;Eau (direct);Zinc et composés (exprimés en tant que Zn);1010;kg/an
0075745219;HAGANIS -STEP METZ;2013;Eau (direct);Sulfonate de perfluorooctane (SPFO);1.7;kg/an
0075745219;HAGANIS -STEP METZ;2013;Sol;Chrome et composés (exprimés en tant que Cr);83.5;kg/an
0075745219;HAGANIS -STEP METZ;2013;Sol;Cuivre et composés (exprimés en tant que Cu);673;kg/an
0075745219;HAGANIS -STEP METZ;2013;Sol;Nickel et composés (exprimés en tant que Ni);52.5;kg/an
0075745219;HAGANIS -STEP METZ;2013;Sol;Plomb et composés (exprimés en tant que Pb);61;kg/an
0075745219;HAGANIS -STEP METZ;2013;Sol;Zinc et composés (exprimés en tant que Zn);1190;kg/an
0075745219;HAGANIS -STEP METZ;2013;Sol;Biphényles polychlorés (PCB);0.344;kg/an
;EARL CHEREAU;2013;Air;Ammoniac (NH3);12500;kg/an
;SCEA LES OEUFS DE LAUNAY;2013;Air;Ammoniac (NH3);19800;kg/an
;SA BALLIS;2013;Air;Ammoniac (NH3);22600;kg/an
;EARL SEMACO;2013;Air;Ammoniac (NH3);11100;kg/an
;RABALLAND Abel;2013;Air;Ammoniac (NH3);10200;kg/an
;SA BALLIS;2013;Air;Ammoniac (NH3);58200;kg/an
;EARL CHEVALIER;2013;Air;Ammoniac (NH3);17400;kg/an
;SA BALLIS;2013;Air;Ammoniac (NH3);12300;kg/an
;SARL DOMINIQUE BLANCHARD;2013;Air;Ammoniac (NH3);70500;kg/an
;GAEC LES DEUX NIDS;2013;Air;Ammoniac (NH3);10800;kg/an
;SCEA Les Pagannes;2013;Air;Ammoniac (NH3);26100;kg/an
;PICHAUD Patrice;2013;Air;Ammoniac (NH3);33800;kg/an
;EARL LA RANCONNIERE;2013;Air;Ammoniac (NH3);23200;kg/an
0075900900;STEP - VILLENEUVE-D'ASCQ;2013;Eau (direct);Azote total;91400;kg/an
0075900900;STEP - VILLENEUVE-D'ASCQ;2013;Eau (direct);Demande chimique en oxygène (DCO);196000;kg/an
0075900900;STEP - VILLENEUVE-D'ASCQ;2013;Eau (direct);Fluorures (en tant que F total);2800;kg/an
0075900900;STEP - VILLENEUVE-D'ASCQ;2013;Eau (direct);Nickel et composés (exprimés en tant que Ni);40;kg/an
0075900900;STEP - VILLENEUVE-D'ASCQ;2013;Eau (direct);Phosphore total;7390;kg/an
0075900900;STEP - VILLENEUVE-D'ASCQ;2013;Eau (direct);Zinc et composés (exprimés en tant que Zn);700;kg/an
0075900900;STEP - VILLENEUVE-D'ASCQ;2013;Sol;Arsenic et composés (exprimés en tant que As);7.3;kg/an
0075900900;STEP - VILLENEUVE-D'ASCQ;2013;Sol;Azote total;72400;kg/an
0075900900;STEP - VILLENEUVE-D'ASCQ;2013;Sol;Chrome et composés (exprimés en tant que Cr);79;kg/an
0075900900;STEP - VILLENEUVE-D'ASCQ;2013;Sol;Cuivre et composés (exprimés en tant que Cu);378;kg/an
0075900900;STEP - VILLENEUVE-D'ASCQ;2013;Sol;Mercure et composés (exprimés en tant que Hg);2;kg/an
0075900900;STEP - VILLENEUVE-D'ASCQ;2013;Sol;Nickel et composés (exprimés en tant que Ni);48.1;kg/an
0075900900;STEP - VILLENEUVE-D'ASCQ;2013;Sol;Phosphore total;77200;kg/an
0075900900;STEP - VILLENEUVE-D'ASCQ;2013;Sol;Plomb et composés (exprimés en tant que Pb);114;kg/an
0075900900;STEP - VILLENEUVE-D'ASCQ;2013;Sol;Zinc et composés (exprimés en tant que Zn);1400;kg/an
0075900900;STEP - VILLENEUVE-D'ASCQ;2013;Sol;Biphényles polychlorés (PCB);0.153;kg/an
0075917800;STEP - Douai;2013;Eau (direct);Azote total;59500;kg/an
0075917800;STEP - Douai;2013;Eau (direct);Demande biologique en oxygène (DBO5);43700;kg/an
0075917800;STEP - Douai;2013;Eau (direct);Demande chimique en oxygène (DCO);254000;kg/an
0075917800;STEP - Douai;2013;Eau (direct);Zinc et composés (exprimés en tant que Zn);179;kg/an
0075927100;STEP - GRANDE SYNTHE;2013;Eau (direct);Zinc et composés (exprimés en tant que Zn);118;kg/an
0075927100;STEP - GRANDE SYNTHE;2013;Sol;Cuivre et composés (exprimés en tant que Cu);287;kg/an
0075927100;STEP - GRANDE SYNTHE;2013;Sol;Mercure et composés (exprimés en tant que Hg);1.2;kg/an
0075927100;STEP - GRANDE SYNTHE;2013;Sol;Nickel et composés (exprimés en tant que Ni);28.6;kg/an
0075927100;STEP - GRANDE SYNTHE;2013;Sol;Plomb et composés (exprimés en tant que Pb);74.5;kg/an
0075927100;STEP - GRANDE SYNTHE;2013;Sol;Zinc et composés (exprimés en tant que Zn);1110;kg/an
0075931600;STEP - Lille-C.U.-Houplin Ancoisne;2013;Eau (direct);Azote total;70100;kg/an
0075931600;STEP - Lille-C.U.-Houplin Ancoisne;2013;Eau (direct);Demande chimique en oxygène (DCO);373000;kg/an
0075931600;STEP - Lille-C.U.-Houplin Ancoisne;2013;Eau (direct);Fer et composés (exprimés en tant que Fe);17200;kg/an
0075931600;STEP - Lille-C.U.-Houplin Ancoisne;2013;Eau (direct);Fluorures (en tant que F total);2600;kg/an
0075931600;STEP - Lille-C.U.-Houplin Ancoisne;2013;Eau (direct);Manganèse et composés (exprimés en tant que Mn);690;kg/an
0075931600;STEP - Lille-C.U.-Houplin Ancoisne;2013;Eau (direct);Nickel et composés (exprimés en tant que Ni);100;kg/an
0075931600;STEP - Lille-C.U.-Houplin Ancoisne;2013;Eau (direct);Nonylphénols et éthoxylates de nonylphénol (NP/NPE);1.4;kg/an
0075931600;STEP - Lille-C.U.-Houplin Ancoisne;2013;Eau (direct);Phosphore total;6830;kg/an
0075931600;STEP - Lille-C.U.-Houplin Ancoisne;2013;Eau (direct);Zinc et composés (exprimés en tant que Zn);1060;kg/an
0075931600;STEP - Lille-C.U.-Houplin Ancoisne;2013;Sol;Arsenic et composés (exprimés en tant que As);10.3;kg/an
0075931600;STEP - Lille-C.U.-Houplin Ancoisne;2013;Sol;Azote total;121000;kg/an
0075931600;STEP - Lille-C.U.-Houplin Ancoisne;2013;Sol;Chrome et composés (exprimés en tant que Cr);98.2;kg/an
0075931600;STEP - Lille-C.U.-Houplin Ancoisne;2013;Sol;Cuivre et composés (exprimés en tant que Cu);358;kg/an
0075931600;STEP - Lille-C.U.-Houplin Ancoisne;2013;Sol;Mercure et composés (exprimés en tant que Hg);1.1;kg/an
0075931600;STEP - Lille-C.U.-Houplin Ancoisne;2013;Sol;Nickel et composés (exprimés en tant que Ni);58.3;kg/an
0075931600;STEP - Lille-C.U.-Houplin Ancoisne;2013;Sol;Phosphore total;244000;kg/an
0075931600;STEP - Lille-C.U.-Houplin Ancoisne;2013;Sol;Plomb et composés (exprimés en tant que Pb);137;kg/an
0075931600;STEP - Lille-C.U.-Houplin Ancoisne;2013;Sol;Zinc et composés (exprimés en tant que Zn);2260;kg/an
0075931600;STEP - Lille-C.U.-Houplin Ancoisne;2013;Sol;Biphényles polychlorés (PCB);0.202;kg/an
0075938600;STEP - Lille-C.U.-Marquette;2013;Eau (direct);Azote total;705000;kg/an
0075938600;STEP - Lille-C.U.-Marquette;2013;Eau (direct);Chlorures (en tant que Cl total);8200000;kg/an
0075938600;STEP - Lille-C.U.-Marquette;2013;Eau (direct);Cobalt et composés (exprimés en tant que Co);45;kg/an
0075938600;STEP - Lille-C.U.-Marquette;2013;Eau (direct);Cuivre et composés (exprimés en tant que Cu);320;kg/an
0075938600;STEP - Lille-C.U.-Marquette;2013;Eau (direct);Demande biologique en oxygène (DBO5);485000;kg/an
0075938600;STEP - Lille-C.U.-Marquette;2013;Eau (direct);Demande chimique en oxygène (DCO);1660000;kg/an
0075938600;STEP - Lille-C.U.-Marquette;2013;Eau (direct);Fer et composés (exprimés en tant que Fe);10900;kg/an
0075938600;STEP - Lille-C.U.-Marquette;2013;Eau (direct);Fluorures (en tant que F total);13100;kg/an
0075938600;STEP - Lille-C.U.-Marquette;2013;Eau (direct);Manganèse et composés (exprimés en tant que Mn);2150;kg/an
0075938600;STEP - Lille-C.U.-Marquette;2013;Eau (direct);Matières en suspension (MES);617000;kg/an
0075938600;STEP - Lille-C.U.-Marquette;2013;Eau (direct);Nickel et composés (exprimés en tant que Ni);360;kg/an
0075938600;STEP - Lille-C.U.-Marquette;2013;Eau (direct);Phosphore total;84600;kg/an
0075938600;STEP - Lille-C.U.-Marquette;2013;Eau (direct);Sulfates;8950000;kg/an
0075938600;STEP - Lille-C.U.-Marquette;2013;Eau (direct);Zinc et composés (exprimés en tant que Zn);3600;kg/an
0075938600;STEP - Lille-C.U.-Marquette;2013;Sol;Arsenic et composés (exprimés en tant que As);22.8;kg/an
0075938600;STEP - Lille-C.U.-Marquette;2013;Sol;Azote total;219000;kg/an
0075938600;STEP - Lille-C.U.-Marquette;2013;Sol;Cadmium et composés (exprimés en tant que Cd);11.2;kg/an
0075938600;STEP - Lille-C.U.-Marquette;2013;Sol;Chrome et composés (exprimés en tant que Cr);330;kg/an
0075938600;STEP - Lille-C.U.-Marquette;2013;Sol;Cuivre et composés (exprimés en tant que Cu);1970;kg/an
0075938600;STEP - Lille-C.U.-Marquette;2013;Sol;Hydrocarbures aromatiques polycycliques (HAP);8.95;kg/an
0075938600;STEP - Lille-C.U.-Marquette;2013;Sol;Mercure et composés (exprimés en tant que Hg);7.5;kg/an
0075938600;STEP - Lille-C.U.-Marquette;2013;Sol;Nickel et composés (exprimés en tant que Ni);195;kg/an
0075938600;STEP - Lille-C.U.-Marquette;2013;Sol;Phosphore total;267000;kg/an
0075938600;STEP - Lille-C.U.-Marquette;2013;Sol;Plomb et composés (exprimés en tant que Pb);953;kg/an
0075938600;STEP - Lille-C.U.-Marquette;2013;Sol;Zinc et composés (exprimés en tant que Zn);9970;kg/an
0075938600;STEP - Lille-C.U.-Marquette;2013;Sol;Biphényles polychlorés (PCB);1.24;kg/an
0075965000;STEP - Lille-C.U.-Wattrelos;2013;Eau (direct);Azote total;294000;kg/an
0075965000;STEP - Lille-C.U.-Wattrelos;2013;Eau (direct);Chlorures (en tant que Cl total);5300000;kg/an
0075965000;STEP - Lille-C.U.-Wattrelos;2013;Eau (direct);Chrome et composés (exprimés en tant que Cr);420;kg/an
0075965000;STEP - Lille-C.U.-Wattrelos;2013;Eau (direct);Cuivre et composés (exprimés en tant que Cu);180;kg/an
0075965000;STEP - Lille-C.U.-Wattrelos;2013;Eau (direct);Demande biologique en oxygène (DBO5);108000;kg/an
0075965000;STEP - Lille-C.U.-Wattrelos;2013;Eau (direct);Demande chimique en oxygène (DCO);993000;kg/an
0075965000;STEP - Lille-C.U.-Wattrelos;2013;Eau (direct);Diuron;1.9;kg/an
0075965000;STEP - Lille-C.U.-Wattrelos;2013;Eau (direct);Fer et composés (exprimés en tant que Fe);5590;kg/an
0075965000;STEP - Lille-C.U.-Wattrelos;2013;Eau (direct);Fluorures (en tant que F total);19500;kg/an
0075965000;STEP - Lille-C.U.-Wattrelos;2013;Eau (direct);Manganèse et composés (exprimés en tant que Mn);1860;kg/an
0075965000;STEP - Lille-C.U.-Wattrelos;2013;Eau (direct);Matières en suspension (MES);409000;kg/an
0075965000;STEP - Lille-C.U.-Wattrelos;2013;Eau (direct);Nickel et composés (exprimés en tant que Ni);100;kg/an
0075965000;STEP - Lille-C.U.-Wattrelos;2013;Eau (direct);Phosphore total;25300;kg/an
0075965000;STEP - Lille-C.U.-Wattrelos;2013;Eau (direct);Sulfates;6250000;kg/an
0075965000;STEP - Lille-C.U.-Wattrelos;2013;Eau (direct);Zinc et composés (exprimés en tant que Zn);2560;kg/an
0075965000;STEP - Lille-C.U.-Wattrelos;2013;Sol;Arsenic et composés (exprimés en tant que As);29;kg/an
0075965000;STEP - Lille-C.U.-Wattrelos;2013;Sol;Azote total;308000;kg/an
0075965000;STEP - Lille-C.U.-Wattrelos;2013;Sol;Cadmium et composés (exprimés en tant que Cd);15.3;kg/an
0075965000;STEP - Lille-C.U.-Wattrelos;2013;Sol;Chrome et composés (exprimés en tant que Cr);2620;kg/an
0075965000;STEP - Lille-C.U.-Wattrelos;2013;Sol;Cuivre et composés (exprimés en tant que Cu);1550;kg/an
0075965000;STEP - Lille-C.U.-Wattrelos;2013;Sol;Hydrocarbures aromatiques polycycliques (HAP);13;kg/an
0075965000;STEP - Lille-C.U.-Wattrelos;2013;Sol;Mercure et composés (exprimés en tant que Hg);5.4;kg/an
0075965000;STEP - Lille-C.U.-Wattrelos;2013;Sol;Nickel et composés (exprimés en tant que Ni);204;kg/an
0075965000;STEP - Lille-C.U.-Wattrelos;2013;Sol;Phosphore total;271000;kg/an
0075965000;STEP - Lille-C.U.-Wattrelos;2013;Sol;Plomb et composés (exprimés en tant que Pb);886;kg/an
0075965000;STEP - Lille-C.U.-Wattrelos;2013;Sol;Zinc et composés (exprimés en tant que Zn);8520;kg/an
0075965000;STEP - Lille-C.U.-Wattrelos;2013;Sol;Biphényles polychlorés (PCB);2.03;kg/an
0076005702;Station d'épuration de Beauvais;2013;Eau (direct);Azote total;393000;kg/an
0076005702;Station d'épuration de Beauvais;2013;Eau (direct);Demande biologique en oxygène (DBO5);1660000;kg/an
0076005702;Station d'épuration de Beauvais;2013;Eau (direct);Demande chimique en oxygène (DCO);4210000;kg/an
0076005702;Station d'épuration de Beauvais;2013;Eau (direct);Matières en suspension (MES);2040000;kg/an
0076005702;Station d'épuration de Beauvais;2013;Eau (direct);Phosphore total;49300;kg/an
0076041401;STEP - MONTATAIRE;2013;Eau (direct);Diuron;3;kg/an
0076041401;STEP - MONTATAIRE;2013;Eau (direct);Zinc et composés (exprimés en tant que Zn);197;kg/an
0076041401;STEP - MONTATAIRE;2013;Eau (direct);Sulfonate de perfluorooctane (SPFO);0.27;kg/an
0076041401;STEP - MONTATAIRE;2013;Sol;Azote total;51200;kg/an
0076041401;STEP - MONTATAIRE;2013;Sol;Cuivre et composés (exprimés en tant que Cu);370;kg/an
0076041401;STEP - MONTATAIRE;2013;Sol;Fer et composés (exprimés en tant que Fe);70900;kg/an
0076041401;STEP - MONTATAIRE;2013;Sol;Mercure et composés (exprimés en tant que Hg);1.14;kg/an
0076041401;STEP - MONTATAIRE;2013;Sol;Nickel et composés (exprimés en tant que Ni);25.7;kg/an
0076041401;STEP - MONTATAIRE;2013;Sol;Phosphore total;67200;kg/an
0076041401;STEP - MONTATAIRE;2013;Sol;Plomb et composés (exprimés en tant que Pb);60.4;kg/an
0076041401;STEP - MONTATAIRE;2013;Sol;Zinc et composés (exprimés en tant que Zn);1080;kg/an
;SCEA CAUX PORC;2013;Air;Ammoniac (NH3);11500;kg/an
;SCEA GENE CAUX;2013;Air;Ammoniac (NH3);11300;kg/an
;SCEA du Mont aux Roux;2013;Air;Ammoniac (NH3);15000;kg/an
0076219300;STEP - JACQUES MONOD;2013;Eau (direct);Azote total;66100;kg/an
0076219300;STEP - JACQUES MONOD;2013;Eau (direct);Chloroforme (trichlorométhane);30;kg/an
0076219300;STEP - JACQUES MONOD;2013;Eau (direct);Chlorures (en tant que Cl total);2370000;kg/an
0076219300;STEP - JACQUES MONOD;2013;Eau (direct);Composés organohalogénés (exprimés en tant que AOX);1040;kg/an
0076219300;STEP - JACQUES MONOD;2013;Eau (direct);Demande chimique en oxygène (DCO);334000;kg/an
0076219300;STEP - JACQUES MONOD;2013;Eau (direct);Zinc et composés (exprimés en tant que Zn);291;kg/an
0076219300;STEP - JACQUES MONOD;2013;Eau (direct);Sulfonate de perfluorooctane (SPFO);0.4;kg/an
0076219300;STEP - JACQUES MONOD;2013;Sol;Chrome et composés (exprimés en tant que Cr);91.3;kg/an
0076219300;STEP - JACQUES MONOD;2013;Sol;Cuivre et composés (exprimés en tant que Cu);443;kg/an
0076219300;STEP - JACQUES MONOD;2013;Sol;Mercure et composés (exprimés en tant que Hg);1.86;kg/an
0076219300;STEP - JACQUES MONOD;2013;Sol;Nickel et composés (exprimés en tant que Ni);47.1;kg/an
0076219300;STEP - JACQUES MONOD;2013;Sol;Plomb et composés (exprimés en tant que Pb);98.3;kg/an
0076219300;STEP - JACQUES MONOD;2013;Sol;Zinc et composés (exprimés en tant que Zn);1140;kg/an
0076252300;STEP - Loison Sous Lens;2013;Eau (direct);Arsenic et composés (exprimés en tant que As);73.6;kg/an
0076252300;STEP - Loison Sous Lens;2013;Eau (direct);Azote total;79100;kg/an
0076252300;STEP - Loison Sous Lens;2013;Eau (direct);Composés organohalogénés (exprimés en tant que AOX);1300;kg/an
0076252300;STEP - Loison Sous Lens;2013;Eau (direct);Demande biologique en oxygène (DBO5);83300;kg/an
0076252300;STEP - Loison Sous Lens;2013;Eau (direct);Demande chimique en oxygène (DCO);356000;kg/an
0076252300;STEP - Loison Sous Lens;2013;Eau (direct);Dichlorométhane (DCM, chlorure de méthylène);39.3;kg/an
0076252300;STEP - Loison Sous Lens;2013;Eau (direct);Isoproturon;2.37;kg/an
0076252300;STEP - Loison Sous Lens;2013;Eau (direct);Nonylphénols et éthoxylates de nonylphénol (NP/NPE);1.78;kg/an
0076252300;STEP - Loison Sous Lens;2013;Eau (direct);Phosphore total;7830;kg/an
0076252300;STEP - Loison Sous Lens;2013;Eau (direct);Phénols (en tant que C total);55300;kg/an
0076252300;STEP - Loison Sous Lens;2013;Eau (direct);Zinc et composés (exprimés en tant que Zn);418;kg/an
0076264300;STEP - BOULOGNE SUR MER;2013;Eau (direct);Aluminium et composés (exprimés en tant que Al);2170;kg/an
0076264300;STEP - BOULOGNE SUR MER;2013;Eau (direct);Azote total;83000;kg/an
0076264300;STEP - BOULOGNE SUR MER;2013;Eau (direct);Chlorures (en tant que Cl total);7200000;kg/an
0076264300;STEP - BOULOGNE SUR MER;2013;Eau (direct);Composés organohalogénés (exprimés en tant que AOX);3370;kg/an
0076264300;STEP - BOULOGNE SUR MER;2013;Eau (direct);Demande biologique en oxygène (DBO5);69600;kg/an
0076264300;STEP - BOULOGNE SUR MER;2013;Eau (direct);Demande chimique en oxygène (DCO);384000;kg/an
0076264300;STEP - BOULOGNE SUR MER;2013;Eau (direct);Manganèse et composés (exprimés en tant que Mn);823;kg/an
0076264300;STEP - BOULOGNE SUR MER;2013;Eau (direct);Zinc et composés (exprimés en tant que Zn);263;kg/an
0076264300;STEP - BOULOGNE SUR MER;2013;Sol;Cuivre et composés (exprimés en tant que Cu);142;kg/an
0076264300;STEP - BOULOGNE SUR MER;2013;Sol;Plomb et composés (exprimés en tant que Pb);27;kg/an
0076264300;STEP - BOULOGNE SUR MER;2013;Sol;Zinc et composés (exprimés en tant que Zn);379;kg/an
0076264300;STEP - BOULOGNE SUR MER;2013;Sol;Biphényles polychlorés (PCB);0.12;kg/an
0076275300;STEP - Arras (St Laurent Blangy);2013;Eau (direct);Arsenic et composés (exprimés en tant que As);87.5;kg/an
0076275300;STEP - Arras (St Laurent Blangy);2013;Eau (direct);Demande chimique en oxygène (DCO);216000;kg/an
0076275300;STEP - Arras (St Laurent Blangy);2013;Eau (direct);Dichlorométhane (DCM, chlorure de méthylène);21.3;kg/an
0076275300;STEP - Arras (St Laurent Blangy);2013;Eau (direct);Hydrazine;425;kg/an
0076275300;STEP - Arras (St Laurent Blangy);2013;Eau (direct);Zinc et composés (exprimés en tant que Zn);405;kg/an
0076275300;STEP - Arras (St Laurent Blangy);2013;Sol;Chrome et composés (exprimés en tant que Cr);102;kg/an
0076275300;STEP - Arras (St Laurent Blangy);2013;Sol;Cuivre et composés (exprimés en tant que Cu);753;kg/an
0076275300;STEP - Arras (St Laurent Blangy);2013;Sol;Mercure et composés (exprimés en tant que Hg);2.64;kg/an
0076275300;STEP - Arras (St Laurent Blangy);2013;Sol;Nickel et composés (exprimés en tant que Ni);68.6;kg/an
0076275300;STEP - Arras (St Laurent Blangy);2013;Sol;Plomb et composés (exprimés en tant que Pb);201;kg/an
0076275300;STEP - Arras (St Laurent Blangy);2013;Sol;Zinc et composés (exprimés en tant que Zn);2510;kg/an
0076275300;STEP - Arras (St Laurent Blangy);2013;Sol;Biphényles polychlorés (PCB);0.268;kg/an
0076311306;STEU - CLERMONT-FERRAND;2013;Eau (direct);Azote total;90200;kg/an
0076311306;STEU - CLERMONT-FERRAND;2013;Eau (direct);Carbone organique total (en tant que C total ou DCO/3);141000;kg/an
0076311306;STEU - CLERMONT-FERRAND;2013;Eau (direct);Cuivre et composés (exprimés en tant que Cu);212;kg/an
0076311306;STEU - CLERMONT-FERRAND;2013;Eau (direct);Demande biologique en oxygène (DBO5);55400;kg/an
0076311306;STEU - CLERMONT-FERRAND;2013;Eau (direct);Demande chimique en oxygène (DCO);424000;kg/an
0076311306;STEU - CLERMONT-FERRAND;2013;Eau (direct);Fer et composés (exprimés en tant que Fe);13200;kg/an
0076311306;STEU - CLERMONT-FERRAND;2013;Eau (direct);Nickel et composés (exprimés en tant que Ni);38;kg/an
0076311306;STEU - CLERMONT-FERRAND;2013;Eau (direct);Phosphore total;15200;kg/an
;SARL CLIPORC;2013;Air;Ammoniac (NH3);13200;kg/an
;EARL Toutain;2013;Air;Ammoniac (NH3);16400;kg/an
;EARL élevage avicole du Cailly;2013;Air;Ammoniac (NH3);26100;kg/an
0076433501;STEP - LESCAR;2013;Eau (direct);Azote total;227000;kg/an
0076433501;STEP - LESCAR;2013;Eau (direct);Cadmium et composés (exprimés en tant que Cd);5.69;kg/an
0076433501;STEP - LESCAR;2013;Eau (direct);Chrome et composés (exprimés en tant que Cr);94;kg/an
0076433501;STEP - LESCAR;2013;Eau (direct);Cuivre et composés (exprimés en tant que Cu);353;kg/an
0076433501;STEP - LESCAR;2013;Eau (direct);Demande biologique en oxygène (DBO5);513000;kg/an
0076433501;STEP - LESCAR;2013;Eau (direct);Demande chimique en oxygène (DCO);1580000;kg/an
0076433501;STEP - LESCAR;2013;Eau (direct);Matières en suspension (MES);609000;kg/an
0076433501;STEP - LESCAR;2013;Eau (direct);Nickel et composés (exprimés en tant que Ni);63;kg/an
0076433501;STEP - LESCAR;2013;Eau (direct);Phosphore total;40300;kg/an
0076433501;STEP - LESCAR;2013;Eau (direct);Plomb et composés (exprimés en tant que Pb);55;kg/an
0076433501;STEP - LESCAR;2013;Eau (direct);Zinc et composés (exprimés en tant que Zn);555;kg/an
0076528604;STEP - Lourdes;2013;Eau (direct);Cuivre et composés (exprimés en tant que Cu);113;kg/an
0076528604;STEP - Lourdes;2013;Eau (direct);Zinc et composés (exprimés en tant que Zn);113;kg/an
0076600801;STEP - Argelès sur Mer;2013;Eau (direct);Phosphore total;10100;kg/an
0076600801;STEP - Argelès sur Mer;2013;Sol;Cuivre et composés (exprimés en tant que Cu);156;kg/an
0076600801;STEP - Argelès sur Mer;2013;Sol;Zinc et composés (exprimés en tant que Zn);241;kg/an
0076613602;STEP - PERPIGNAN;2013;Air;Acétaldéhyde (aldéhyde acétique  éthanal);206;kg/an
0076613602;STEP - PERPIGNAN;2013;Eau (direct);Azote total;52200;kg/an
0076613602;STEP - PERPIGNAN;2013;Eau (direct);Demande biologique en oxygène (DBO5);62200;kg/an
0076613602;STEP - PERPIGNAN;2013;Eau (direct);Demande chimique en oxygène (DCO);350000;kg/an
0076613602;STEP - PERPIGNAN;2013;Eau (direct);Phosphore total;37100;kg/an
0076613602;STEP - PERPIGNAN;2013;Eau (direct);Zinc et composés (exprimés en tant que Zn);661;kg/an
0076746214;STEP - SELESTAT;2013;Eau (direct);Cuivre et composés (exprimés en tant que Cu);69.9;kg/an
0076746214;STEP - SELESTAT;2013;Eau (direct);Phosphore total;5180;kg/an
0076746214;STEP - SELESTAT;2013;Eau (direct);Zinc et composés (exprimés en tant que Zn);330;kg/an
0076746214;STEP - SELESTAT;2013;Sol;Cuivre et composés (exprimés en tant que Cu);280;kg/an
0076746214;STEP - SELESTAT;2013;Sol;Nickel et composés (exprimés en tant que Ni);31.9;kg/an
0076746214;STEP - SELESTAT;2013;Sol;Plomb et composés (exprimés en tant que Pb);72;kg/an
0076746214;STEP - SELESTAT;2013;Sol;Zinc et composés (exprimés en tant que Zn);1280;kg/an
0076746214;STEP - SELESTAT;2013;Sol;Biphényles polychlorés (PCB);1.09;kg/an
0076751905;Station d'épuration des eaux usées de l'Eurométropole de Strasbourg;2013;Eau (direct);Aluminium et composés (exprimés en tant que Al);4850;kg/an
0076751905;Station d'épuration des eaux usées de l'Eurométropole de Strasbourg;2013;Eau (direct);Azote total;483000;kg/an
0076751905;Station d'épuration des eaux usées de l'Eurométropole de Strasbourg;2013;Eau (direct);Chlorures (en tant que Cl total);12100000;kg/an
0076751905;Station d'épuration des eaux usées de l'Eurométropole de Strasbourg;2013;Eau (direct);Composés organohalogénés (exprimés en tant que AOX);4780;kg/an
0076751905;Station d'épuration des eaux usées de l'Eurométropole de Strasbourg;2013;Eau (direct);Demande biologique en oxygène (DBO5);337000;kg/an
0076751905;Station d'épuration des eaux usées de l'Eurométropole de Strasbourg;2013;Eau (direct);Demande chimique en oxygène (DCO);2610000;kg/an
0076751905;Station d'épuration des eaux usées de l'Eurométropole de Strasbourg;2013;Eau (direct);Etain et composés (exprimés en tant que Sn);371;kg/an
0076751905;Station d'épuration des eaux usées de l'Eurométropole de Strasbourg;2013;Eau (direct);Fer et composés (exprimés en tant que Fe);3200;kg/an
0076751905;Station d'épuration des eaux usées de l'Eurométropole de Strasbourg;2013;Eau (direct);Fluorures (en tant que F total);12200;kg/an
0076751905;Station d'épuration des eaux usées de l'Eurométropole de Strasbourg;2013;Eau (direct);Manganèse et composés (exprimés en tant que Mn);1720;kg/an
0076751905;Station d'épuration des eaux usées de l'Eurométropole de Strasbourg;2013;Eau (direct);Matières en suspension (MES);607000;kg/an
0076751905;Station d'épuration des eaux usées de l'Eurométropole de Strasbourg;2013;Eau (direct);Phosphore total;34700;kg/an
0076751905;Station d'épuration des eaux usées de l'Eurométropole de Strasbourg;2013;Eau (direct);Sulfates;6850000;kg/an
0076751905;Station d'épuration des eaux usées de l'Eurométropole de Strasbourg;2013;Eau (direct);Zinc et composés (exprimés en tant que Zn);3770;kg/an
0076751905;Station d'épuration des eaux usées de l'Eurométropole de Strasbourg;2013;Eau (direct);Sulfonate de perfluorooctane (SPFO);4;kg/an
0076806624;STEP - COLMAR;2013;Eau (direct);Aluminium et composés (exprimés en tant que Al);6340;kg/an
0076806624;STEP - COLMAR;2013;Eau (direct);Azote total;50000;kg/an
0076806624;STEP - COLMAR;2013;Eau (direct);Chlorures (en tant que Cl total);2680000;kg/an
0076806624;STEP - COLMAR;2013;Eau (direct);Composés organohalogénés (exprimés en tant que AOX);1220;kg/an
0076806624;STEP - COLMAR;2013;Eau (direct);Cuivre et composés (exprimés en tant que Cu);88.8;kg/an
0076806624;STEP - COLMAR;2013;Eau (direct);Demande biologique en oxygène (DBO5);100000;kg/an
0076806624;STEP - COLMAR;2013;Eau (direct);Demande chimique en oxygène (DCO);495000;kg/an
0076806624;STEP - COLMAR;2013;Eau (direct);Diuron;1.7;kg/an
0076806624;STEP - COLMAR;2013;Eau (direct);Phosphore total;7440;kg/an
0076806624;STEP - COLMAR;2013;Eau (direct);Zinc et composés (exprimés en tant que Zn);1430;kg/an
0076806624;STEP - COLMAR;2013;Eau (direct);Sulfonate de perfluorooctane (SPFO);1.8;kg/an
0076830059;STEP - MULHOUSE;2013;Eau (direct);Azote total;144000;kg/an
0076830059;STEP - MULHOUSE;2013;Eau (direct);Demande biologique en oxygène (DBO5);76000;kg/an
0076830059;STEP - MULHOUSE;2013;Eau (direct);Demande chimique en oxygène (DCO);517000;kg/an
0076830059;STEP - MULHOUSE;2013;Eau (direct);Fer et composés (exprimés en tant que Fe);6430;kg/an
0076830059;STEP - MULHOUSE;2013;Eau (direct);Manganèse et composés (exprimés en tant que Mn);1550;kg/an
0076830059;STEP - MULHOUSE;2013;Eau (direct);Phosphore total;7120;kg/an
0076830059;STEP - MULHOUSE;2013;Eau (direct);Sulfonate de perfluorooctane (SPFO);1.23;kg/an
0076915201;STEP - Lyon - Pierre Bénite;2013;Eau (direct);Arsenic et composés (exprimés en tant que As);92.9;kg/an
0076915201;STEP - Lyon - Pierre Bénite;2013;Eau (direct);Azote total;354000;kg/an
0076915201;STEP - Lyon - Pierre Bénite;2013;Eau (direct);Cadmium et composés (exprimés en tant que Cd);46;kg/an
0076915201;STEP - Lyon - Pierre Bénite;2013;Eau (direct);Chlorures (en tant que Cl total);4550000;kg/an
0076915201;STEP - Lyon - Pierre Bénite;2013;Eau (direct);Chrome et composés (exprimés en tant que Cr);232;kg/an
0076915201;STEP - Lyon - Pierre Bénite;2013;Eau (direct);Composés organohalogénés (exprimés en tant que AOX);2160;kg/an
0076915201;STEP - Lyon - Pierre Bénite;2013;Eau (direct);Cuivre et composés (exprimés en tant que Cu);1240;kg/an
0076915201;STEP - Lyon - Pierre Bénite;2013;Eau (direct);Demande biologique en oxygène (DBO5);727000;kg/an
0076915201;STEP - Lyon - Pierre Bénite;2013;Eau (direct);Demande chimique en oxygène (DCO);2880000;kg/an
0076915201;STEP - Lyon - Pierre Bénite;2013;Eau (direct);Manganèse et composés (exprimés en tant que Mn);1810;kg/an
0076915201;STEP - Lyon - Pierre Bénite;2013;Eau (direct);Matières en suspension (MES);1390000;kg/an
0076915201;STEP - Lyon - Pierre Bénite;2013;Eau (direct);Mercure et composés (exprimés en tant que Hg);13.2;kg/an
0076915201;STEP - Lyon - Pierre Bénite;2013;Eau (direct);Nickel et composés (exprimés en tant que Ni);232;kg/an
0076915201;STEP - Lyon - Pierre Bénite;2013;Eau (direct);Phosphore total;145000;kg/an
0076915201;STEP - Lyon - Pierre Bénite;2013;Eau (direct);Plomb et composés (exprimés en tant que Pb);136;kg/an
0076915201;STEP - Lyon - Pierre Bénite;2013;Eau (direct);Sulfates;3010000;kg/an
0076915201;STEP - Lyon - Pierre Bénite;2013;Eau (direct);Zinc et composés (exprimés en tant que Zn);7850;kg/an
0076919901;STEP - Lyon - Saint Fons;2013;Eau (direct);Azote total;389000;kg/an
0076919901;STEP - Lyon - Saint Fons;2013;Eau (direct);Carbone organique total (en tant que C total ou DCO/3);1470000;kg/an
0076919901;STEP - Lyon - Saint Fons;2013;Eau (direct);Demande biologique en oxygène (DBO5);1090000;kg/an
0076919901;STEP - Lyon - Saint Fons;2013;Eau (direct);Demande chimique en oxygène (DCO);4410000;kg/an
0076919901;STEP - Lyon - Saint Fons;2013;Eau (direct);Matières en suspension (MES);2000000;kg/an
0076919901;STEP - Lyon - Saint Fons;2013;Eau (direct);Phosphore total;196000;kg/an
0076919901;STEP - Lyon - Saint Fons;2013;Eau (direct);Zinc et composés (exprimés en tant que Zn);4280;kg/an
0076926403;STEP - VILLEFRANCHE SUR SAONE;2013;Eau (direct);Arsenic et composés (exprimés en tant que As);117;kg/an
0076926403;STEP - VILLEFRANCHE SUR SAONE;2013;Eau (direct);Azote total;66200;kg/an
0076926403;STEP - VILLEFRANCHE SUR SAONE;2013;Eau (direct);Cadmium et composés (exprimés en tant que Cd);1.3;kg/an
0076926403;STEP - VILLEFRANCHE SUR SAONE;2013;Eau (direct);Carbone organique total (en tant que C total ou DCO/3);73800;kg/an
0076926403;STEP - VILLEFRANCHE SUR SAONE;2013;Eau (direct);Cuivre et composés (exprimés en tant que Cu);75;kg/an
0076926403;STEP - VILLEFRANCHE SUR SAONE;2013;Eau (direct);Demande chimique en oxygène (DCO);221000;kg/an
0076926403;STEP - VILLEFRANCHE SUR SAONE;2013;Eau (direct);Dichlorométhane (DCM, chlorure de méthylène);13;kg/an
0076926403;STEP - VILLEFRANCHE SUR SAONE;2013;Eau (direct);Hydrazine;479;kg/an
0076926403;STEP - VILLEFRANCHE SUR SAONE;2013;Eau (direct);Manganèse et composés (exprimés en tant que Mn);579;kg/an
0076926403;STEP - VILLEFRANCHE SUR SAONE;2013;Eau (direct);Mercure et composés (exprimés en tant que Hg);1.3;kg/an
0076926403;STEP - VILLEFRANCHE SUR SAONE;2013;Eau (direct);Nickel et composés (exprimés en tant que Ni);46;kg/an
0076926403;STEP - VILLEFRANCHE SUR SAONE;2013;Eau (direct);Plomb et composés (exprimés en tant que Pb);89;kg/an
0076926403;STEP - VILLEFRANCHE SUR SAONE;2013;Eau (direct);Zinc et composés (exprimés en tant que Zn);167;kg/an
0076926403;STEP - VILLEFRANCHE SUR SAONE;2013;Eau (direct);Sulfonate de perfluorooctane (SPFO);0.5;kg/an
0077127001;UDEP du SITEAM (MACON);2013;Eau (direct);Cadmium et composés (exprimés en tant que Cd);4.74;kg/an
0077127001;UDEP du SITEAM (MACON);2013;Eau (direct);Zinc et composés (exprimés en tant que Zn);227;kg/an
0077127001;UDEP du SITEAM (MACON);2013;Sol;Cuivre et composés (exprimés en tant que Cu);243;kg/an
0077127001;UDEP du SITEAM (MACON);2013;Sol;Manganèse et composés (exprimés en tant que Mn);7770;kg/an
0077127001;UDEP du SITEAM (MACON);2013;Sol;Nickel et composés (exprimés en tant que Ni);23;kg/an
0077127001;UDEP du SITEAM (MACON);2013;Sol;Phosphore total;38400;kg/an
0077127001;UDEP du SITEAM (MACON);2013;Sol;Plomb et composés (exprimés en tant que Pb);80;kg/an
0077127001;UDEP du SITEAM (MACON);2013;Sol;Zinc et composés (exprimés en tant que Zn);434;kg/an
0077218116;STEP - LE MANS - La Chauvinière;2013;Eau (direct);Azote total;167000;kg/an
0077218116;STEP - LE MANS - La Chauvinière;2013;Eau (direct);Cadmium et composés (exprimés en tant que Cd);16.9;kg/an
0077218116;STEP - LE MANS - La Chauvinière;2013;Eau (direct);Carbone organique total (en tant que C total ou DCO/3);323000;kg/an
0077218116;STEP - LE MANS - La Chauvinière;2013;Eau (direct);Composés organohalogénés (exprimés en tant que AOX);2060;kg/an
0077218116;STEP - LE MANS - La Chauvinière;2013;Eau (direct);Cuivre et composés (exprimés en tant que Cu);169;kg/an
0077218116;STEP - LE MANS - La Chauvinière;2013;Eau (direct);Demande biologique en oxygène (DBO5);194000;kg/an
0077218116;STEP - LE MANS - La Chauvinière;2013;Eau (direct);Demande chimique en oxygène (DCO);968000;kg/an
0077218116;STEP - LE MANS - La Chauvinière;2013;Eau (direct);Fer et composés (exprimés en tant que Fe);13700;kg/an
0077218116;STEP - LE MANS - La Chauvinière;2013;Eau (direct);Manganèse et composés (exprimés en tant que Mn);1010;kg/an
0077218116;STEP - LE MANS - La Chauvinière;2013;Eau (direct);Phosphore total;8090;kg/an
0077218116;STEP - LE MANS - La Chauvinière;2013;Eau (direct);Plomb et composés (exprimés en tant que Pb);60.6;kg/an
0077218116;STEP - LE MANS - La Chauvinière;2013;Eau (direct);Zinc et composés (exprimés en tant que Zn);1650;kg/an
0077218116;STEP - LE MANS - La Chauvinière;2013;Eau (direct);Biphényles polychlorés (PCB);0.189;kg/an
0077306501;UDEP - Chambéry;2013;Eau (direct);Azote total;211000;kg/an
0077306501;UDEP - Chambéry;2013;Eau (direct);Cadmium et composés (exprimés en tant que Cd);1.7;kg/an
0077306501;UDEP - Chambéry;2013;Eau (direct);Chrome et composés (exprimés en tant que Cr);111;kg/an
0077306501;UDEP - Chambéry;2013;Eau (direct);Cobalt et composés (exprimés en tant que Co);61;kg/an
0077306501;UDEP - Chambéry;2013;Eau (direct);Cuivre et composés (exprimés en tant que Cu);160;kg/an
0077306501;UDEP - Chambéry;2013;Eau (direct);Demande biologique en oxygène (DBO5);188000;kg/an
0077306501;UDEP - Chambéry;2013;Eau (direct);Demande chimique en oxygène (DCO);677000;kg/an
0077306501;UDEP - Chambéry;2013;Eau (direct);Fer et composés (exprimés en tant que Fe);5060;kg/an
0077306501;UDEP - Chambéry;2013;Eau (direct);Manganèse et composés (exprimés en tant que Mn);598;kg/an
0077306501;UDEP - Chambéry;2013;Eau (direct);Nickel et composés (exprimés en tant que Ni);241;kg/an
0077306501;UDEP - Chambéry;2013;Eau (direct);Octylphénols et éthoxylates d'octylphénol;2.4;kg/an
0077306501;UDEP - Chambéry;2013;Eau (direct);Phosphore total;13400;kg/an
0077306501;UDEP - Chambéry;2013;Eau (direct);Plomb et composés (exprimés en tant que Pb);122;kg/an
0077306501;UDEP - Chambéry;2013;Eau (direct);Zinc et composés (exprimés en tant que Zn);586;kg/an
0077306501;UDEP - Chambéry;2013;Eau (direct);Sulfonate de perfluorooctane (SPFO);0.35;kg/an
0077409301;STEP - CRAN-GEVRIER (Siloé);2013;Eau (direct);Azote total;121000;kg/an
0077409301;STEP - CRAN-GEVRIER (Siloé);2013;Eau (direct);Cuivre et composés (exprimés en tant que Cu);73.6;kg/an
0077409301;STEP - CRAN-GEVRIER (Siloé);2013;Eau (direct);Demande biologique en oxygène (DBO5);212000;kg/an
0077409301;STEP - CRAN-GEVRIER (Siloé);2013;Eau (direct);Demande chimique en oxygène (DCO);843000;kg/an
0077409301;STEP - CRAN-GEVRIER (Siloé);2013;Eau (direct);Di(2-éthylhexyle)phtalate (DEHP);22.7;kg/an
0077409301;STEP - CRAN-GEVRIER (Siloé);2013;Eau (direct);Fer et composés (exprimés en tant que Fe);5690;kg/an
0077409301;STEP - CRAN-GEVRIER (Siloé);2013;Eau (direct);Manganèse et composés (exprimés en tant que Mn);528;kg/an
0077409301;STEP - CRAN-GEVRIER (Siloé);2013;Eau (direct);Nickel et composés (exprimés en tant que Ni);50.5;kg/an
0077409301;STEP - CRAN-GEVRIER (Siloé);2013;Eau (direct);Phosphore total;24500;kg/an
0077409301;STEP - CRAN-GEVRIER (Siloé);2013;Eau (direct);Zinc et composés (exprimés en tant que Zn);279;kg/an
0077428101;SERTE Station Epuration  - THONON LES BAINS;2013;Eau (direct);Azote total;142000;kg/an
0077428101;SERTE Station Epuration  - THONON LES BAINS;2013;Eau (direct);Demande chimique en oxygène (DCO);220000;kg/an
0077428101;SERTE Station Epuration  - THONON LES BAINS;2013;Eau (direct);Phosphore total;6220;kg/an
;COOPERATIVE LAITIERE DE LA REGION LOCHOISE;2013;Eau (indirect);Demande biologique en oxygène (DBO5);86800;kg/an
;COOPERATIVE LAITIERE DE LA REGION LOCHOISE;2013;Eau (indirect);Demande chimique en oxygène (DCO);298000;kg/an
0077635101;STEP EDELWEISS - LE HAVRE (code SANDRE 037635102000 - nouvelle station);2013;Eau (direct);Arsenic et composés (exprimés en tant que As);317;kg/an
0077635101;STEP EDELWEISS - LE HAVRE (code SANDRE 037635102000 - nouvelle station);2013;Eau (direct);Azote total;202000;kg/an
0077635101;STEP EDELWEISS - LE HAVRE (code SANDRE 037635102000 - nouvelle station);2013;Eau (direct);Chlorures (en tant que Cl total);14100000;kg/an
0077635101;STEP EDELWEISS - LE HAVRE (code SANDRE 037635102000 - nouvelle station);2013;Eau (direct);Composés organohalogénés (exprimés en tant que AOX);4330;kg/an
0077635101;STEP EDELWEISS - LE HAVRE (code SANDRE 037635102000 - nouvelle station);2013;Eau (direct);Cuivre et composés (exprimés en tant que Cu);120;kg/an
0077635101;STEP EDELWEISS - LE HAVRE (code SANDRE 037635102000 - nouvelle station);2013;Eau (direct);Demande biologique en oxygène (DBO5);228000;kg/an
0077635101;STEP EDELWEISS - LE HAVRE (code SANDRE 037635102000 - nouvelle station);2013;Eau (direct);Demande chimique en oxygène (DCO);1070000;kg/an
0077635101;STEP EDELWEISS - LE HAVRE (code SANDRE 037635102000 - nouvelle station);2013;Eau (direct);Diuron;2.83;kg/an
0077635101;STEP EDELWEISS - LE HAVRE (code SANDRE 037635102000 - nouvelle station);2013;Eau (direct);Fer et composés (exprimés en tant que Fe);13100;kg/an
0077635101;STEP EDELWEISS - LE HAVRE (code SANDRE 037635102000 - nouvelle station);2013;Eau (direct);Manganèse et composés (exprimés en tant que Mn);1610;kg/an
0077635101;STEP EDELWEISS - LE HAVRE (code SANDRE 037635102000 - nouvelle station);2013;Eau (direct);Matières en suspension (MES);455000;kg/an
0077635101;STEP EDELWEISS - LE HAVRE (code SANDRE 037635102000 - nouvelle station);2013;Eau (direct);Nickel et composés (exprimés en tant que Ni);233;kg/an
0077635101;STEP EDELWEISS - LE HAVRE (code SANDRE 037635102000 - nouvelle station);2013;Eau (direct);Phosphore total;20300;kg/an
0077635101;STEP EDELWEISS - LE HAVRE (code SANDRE 037635102000 - nouvelle station);2013;Eau (direct);Phénols (en tant que C total);154;kg/an
0077635101;STEP EDELWEISS - LE HAVRE (code SANDRE 037635102000 - nouvelle station);2013;Eau (direct);Plomb et composés (exprimés en tant que Pb);24.5;kg/an
0077635101;STEP EDELWEISS - LE HAVRE (code SANDRE 037635102000 - nouvelle station);2013;Eau (direct);Sulfates;3090000;kg/an
0077635101;STEP EDELWEISS - LE HAVRE (code SANDRE 037635102000 - nouvelle station);2013;Eau (direct);Titane et composés (exprimés en tant que Ti);117;kg/an
0077635101;STEP EDELWEISS - LE HAVRE (code SANDRE 037635102000 - nouvelle station);2013;Eau (direct);Zinc et composés (exprimés en tant que Zn);1500;kg/an
0077635101;STEP EDELWEISS - LE HAVRE (code SANDRE 037635102000 - nouvelle station);2013;Eau (direct);Sulfonate de perfluorooctane (SPFO);0.77;kg/an
0077649801;STEP - LE PETIT-QUEVILLY;2013;Eau (direct);Aluminium et composés (exprimés en tant que Al);14600;kg/an
0077649801;STEP - LE PETIT-QUEVILLY;2013;Eau (direct);Azote total;469000;kg/an
0077649801;STEP - LE PETIT-QUEVILLY;2013;Eau (direct);Chloroforme (trichlorométhane);17.1;kg/an
0077649801;STEP - LE PETIT-QUEVILLY;2013;Eau (direct);Chlorures (en tant que Cl total);4070000;kg/an
0077649801;STEP - LE PETIT-QUEVILLY;2013;Eau (direct);Composés organohalogénés (exprimés en tant que AOX);2650;kg/an
0077649801;STEP - LE PETIT-QUEVILLY;2013;Eau (direct);Cuivre et composés (exprimés en tant que Cu);285;kg/an
0077649801;STEP - LE PETIT-QUEVILLY;2013;Eau (direct);Demande biologique en oxygène (DBO5);552000;kg/an
0077649801;STEP - LE PETIT-QUEVILLY;2013;Eau (direct);Demande chimique en oxygène (DCO);1750000;kg/an
0077649801;STEP - LE PETIT-QUEVILLY;2013;Eau (direct);Di(2-éthylhexyle)phtalate (DEHP);17.6;kg/an
0077649801;STEP - LE PETIT-QUEVILLY;2013;Eau (direct);Diuron;1.68;kg/an
0077649801;STEP - LE PETIT-QUEVILLY;2013;Eau (direct);Manganèse et composés (exprimés en tant que Mn);1060;kg/an
0077649801;STEP - LE PETIT-QUEVILLY;2013;Eau (direct);Matières en suspension (MES);731000;kg/an
0077649801;STEP - LE PETIT-QUEVILLY;2013;Eau (direct);Nonylphénols et éthoxylates de nonylphénol (NP/NPE);8.32;kg/an
0077649801;STEP - LE PETIT-QUEVILLY;2013;Eau (direct);Phosphore total;23500;kg/an
0077649801;STEP - LE PETIT-QUEVILLY;2013;Eau (direct);Plomb et composés (exprimés en tant que Pb);45.5;kg/an
0077649801;STEP - LE PETIT-QUEVILLY;2013;Eau (direct);Sulfates;2050000;kg/an
0077649801;STEP - LE PETIT-QUEVILLY;2013;Eau (direct);Tétrachloroéthylène (PER, tétrachloroéthylène);27.2;kg/an
0077649801;STEP - LE PETIT-QUEVILLY;2013;Eau (direct);Zinc et composés (exprimés en tant que Zn);2410;kg/an
0077656101;Metropole Rouen Normandie;2013;Eau (direct);Zinc et composés (exprimés en tant que Zn);277;kg/an
0077743801;Station d'épuration de Saint-Thibault-des-Vignes;2013;Eau (direct);Azote total;186000;kg/an
0077743801;Station d'épuration de Saint-Thibault-des-Vignes;2013;Eau (direct);Demande biologique en oxygène (DBO5);72700;kg/an
0077743801;Station d'épuration de Saint-Thibault-des-Vignes;2013;Eau (direct);Demande chimique en oxygène (DCO);472000;kg/an
0077743801;Station d'épuration de Saint-Thibault-des-Vignes;2013;Eau (direct);Phosphore total;13300;kg/an
0077800501;SIAAP - Site Seine Aval;2013;Eau (direct);Aluminium et composés (exprimés en tant que Al);23600;kg/an
0077800501;SIAAP - Site Seine Aval;2013;Eau (direct);Azote total;11100000;kg/an
0077800501;SIAAP - Site Seine Aval;2013;Eau (direct);Chlorures (en tant que Cl total);61900000;kg/an
0077800501;SIAAP - Site Seine Aval;2013;Eau (direct);Chrome et composés (exprimés en tant que Cr);1770;kg/an
0077800501;SIAAP - Site Seine Aval;2013;Eau (direct);Composés organohalogénés (exprimés en tant que AOX);68400;kg/an
0077800501;SIAAP - Site Seine Aval;2013;Eau (direct);Cuivre et composés (exprimés en tant que Cu);3540;kg/an
0077800501;SIAAP - Site Seine Aval;2013;Eau (direct);Demande biologique en oxygène (DBO5);7530000;kg/an
0077800501;SIAAP - Site Seine Aval;2013;Eau (direct);Demande chimique en oxygène (DCO);33000000;kg/an
0077800501;SIAAP - Site Seine Aval;2013;Eau (direct);Fer et composés (exprimés en tant que Fe);303000;kg/an
0077800501;SIAAP - Site Seine Aval;2013;Eau (direct);Fluorures (en tant que F total);145000;kg/an
0077800501;SIAAP - Site Seine Aval;2013;Eau (direct);Hydrocarbures;22100;kg/an
0077800501;SIAAP - Site Seine Aval;2013;Eau (direct);Manganèse et composés (exprimés en tant que Mn);18900;kg/an
0077800501;SIAAP - Site Seine Aval;2013;Eau (direct);Matières en suspension (MES);10400000;kg/an
0077800501;SIAAP - Site Seine Aval;2013;Eau (direct);Phosphore total;548000;kg/an
0077800501;SIAAP - Site Seine Aval;2013;Eau (direct);Sulfates;72000000;kg/an
0077800501;SIAAP - Site Seine Aval;2013;Eau (direct);Zinc et composés (exprimés en tant que Zn);18300;kg/an
0077800501;SIAAP - Site Seine Aval;2013;Sol;Aluminium et composés (exprimés en tant que Al);444000;kg/an
0077800501;SIAAP - Site Seine Aval;2013;Sol;Cadmium et composés (exprimés en tant que Cd);178;kg/an
0077800501;SIAAP - Site Seine Aval;2013;Sol;Chrome et composés (exprimés en tant que Cr);2590;kg/an
0077800501;SIAAP - Site Seine Aval;2013;Sol;Cuivre et composés (exprimés en tant que Cu);25300;kg/an
0077800501;SIAAP - Site Seine Aval;2013;Sol;Fer et composés (exprimés en tant que Fe);3270000;kg/an
0077800501;SIAAP - Site Seine Aval;2013;Sol;Hydrocarbures aromatiques polycycliques (HAP);74;kg/an
0077800501;SIAAP - Site Seine Aval;2013;Sol;Manganèse et composés (exprimés en tant que Mn);9540;kg/an
0077800501;SIAAP - Site Seine Aval;2013;Sol;Mercure et composés (exprimés en tant que Hg);105;kg/an
0077800501;SIAAP - Site Seine Aval;2013;Sol;Nickel et composés (exprimés en tant que Ni);1130;kg/an
0077800501;SIAAP - Site Seine Aval;2013;Sol;Plomb et composés (exprimés en tant que Pb);6990;kg/an
0077800501;SIAAP - Site Seine Aval;2013;Sol;Zinc et composés (exprimés en tant que Zn);75600;kg/an
0074416211;STEP - Tougas;2013;Sol;Chrome et composés (exprimés en tant que Cr);112;kg/an
0077800501;SIAAP - Site Seine Aval;2013;Sol;Biphényles polychlorés (PCB);17;kg/an
0077804301;STEP - CARRE DE REUNION;2013;Sol;Cuivre et composés (exprimés en tant que Cu);266;kg/an
0077804301;STEP - CARRE DE REUNION;2013;Sol;Plomb et composés (exprimés en tant que Pb);54.5;kg/an
0077804301;STEP - CARRE DE REUNION;2013;Sol;Zinc et composés (exprimés en tant que Zn);752;kg/an
0077844001;STEP - LES MUREAUX;2013;Sol;Azote total;60600;kg/an
0077844001;STEP - LES MUREAUX;2013;Sol;Chrome et composés (exprimés en tant que Cr);59.5;kg/an
0077844001;STEP - LES MUREAUX;2013;Sol;Cuivre et composés (exprimés en tant que Cu);395;kg/an
0077844001;STEP - LES MUREAUX;2013;Sol;Nickel et composés (exprimés en tant que Ni);30.3;kg/an
0077844001;STEP - LES MUREAUX;2013;Sol;Phosphore total;59800;kg/an
0077844001;STEP - LES MUREAUX;2013;Sol;Zinc et composés (exprimés en tant que Zn);1040;kg/an
0077853101;STEP - ROSNY-SUR-SEINE;2013;Eau (direct);Demande chimique en oxygène (DCO);384000;kg/an
0077853101;STEP - ROSNY-SUR-SEINE;2013;Eau (direct);Phosphore total;5180;kg/an
0077862401;STEP - SEINE GRESILLONS;2013;Eau (direct);Aluminium et composés (exprimés en tant que Al);3270;kg/an
0074416211;STEP - Tougas;2013;Sol;Cuivre et composés (exprimés en tant que Cu);1410;kg/an
0077862401;STEP - SEINE GRESILLONS;2013;Eau (direct);Azote total;792000;kg/an
0077862401;STEP - SEINE GRESILLONS;2013;Eau (direct);Carbone organique total (en tant que C total ou DCO/3);434000;kg/an
0077862401;STEP - SEINE GRESILLONS;2013;Eau (direct);Chlorures (en tant que Cl total);5620000;kg/an
0074416211;STEP - Tougas;2013;Sol;Mercure et composés (exprimés en tant que Hg);7.62;kg/an
0077862401;STEP - SEINE GRESILLONS;2013;Eau (direct);Chrome et composés (exprimés en tant que Cr);362;kg/an
0077862401;STEP - SEINE GRESILLONS;2013;Eau (direct);Composés organohalogénés (exprimés en tant que AOX);5070;kg/an
0077862401;STEP - SEINE GRESILLONS;2013;Eau (direct);Cuivre et composés (exprimés en tant que Cu);338;kg/an
0077862401;STEP - SEINE GRESILLONS;2013;Eau (direct);Demande biologique en oxygène (DBO5);252000;kg/an
0074416211;STEP - Tougas;2013;Sol;Nickel et composés (exprimés en tant que Ni);182;kg/an
0077862401;STEP - SEINE GRESILLONS;2013;Eau (direct);Demande chimique en oxygène (DCO);1300000;kg/an
0077862401;STEP - SEINE GRESILLONS;2013;Eau (direct);Fer et composés (exprimés en tant que Fe);9690;kg/an
0074416211;STEP - Tougas;2013;Sol;Plomb et composés (exprimés en tant que Pb);207;kg/an
0077862401;STEP - SEINE GRESILLONS;2013;Eau (direct);Fluorures (en tant que F total);12300;kg/an
0077862401;STEP - SEINE GRESILLONS;2013;Eau (direct);Manganèse et composés (exprimés en tant que Mn);555;kg/an
0077862401;STEP - SEINE GRESILLONS;2013;Eau (direct);Mercure et composés (exprimés en tant que Hg);3;kg/an
0074416211;STEP - Tougas;2013;Sol;Zinc et composés (exprimés en tant que Zn);2520;kg/an
0077862401;STEP - SEINE GRESILLONS;2013;Eau (direct);Phosphore total;39600;kg/an
0077862401;STEP - SEINE GRESILLONS;2013;Eau (direct);Sulfates;4870000;kg/an
0074418401;Station d'épuration des Ecossièrnes;2013;Sol;Cuivre et composés (exprimés en tant que Cu);299;kg/an
0077862401;STEP - SEINE GRESILLONS;2013;Eau (direct);Titane et composés (exprimés en tant que Ti);1220;kg/an
0077862401;STEP - SEINE GRESILLONS;2013;Eau (direct);Zinc et composés (exprimés en tant que Zn);1390;kg/an
0077862401;STEP - SEINE GRESILLONS;2013;Eau (direct);Sulfonate de perfluorooctane (SPFO);0.243;kg/an
0074418401;Station d'épuration des Ecossièrnes;2013;Sol;Fer et composés (exprimés en tant que Fe);44300;kg/an
0078002100;STEP - AMIENS;2013;Eau (direct);Demande chimique en oxygène (DCO);186000;kg/an
0078002100;STEP - AMIENS;2013;Eau (direct);Phosphore total;5770;kg/an
0074418401;Station d'épuration des Ecossièrnes;2013;Sol;Nickel et composés (exprimés en tant que Ni);21.3;kg/an
0078002100;STEP - AMIENS;2013;Sol;Chrome et composés (exprimés en tant que Cr);131;kg/an
0074418401;Station d'épuration des Ecossièrnes;2013;Sol;Phosphore total;60600;kg/an
0078002100;STEP - AMIENS;2013;Sol;Cuivre et composés (exprimés en tant que Cu);774;kg/an
0078002100;STEP - AMIENS;2013;Sol;Hydrocarbures aromatiques polycycliques (HAP);59.7;kg/an
0078002100;STEP - AMIENS;2013;Sol;Mercure et composés (exprimés en tant que Hg);4.31;kg/an
0074418401;Station d'épuration des Ecossièrnes;2013;Sol;Plomb et composés (exprimés en tant que Pb);43;kg/an
0078002100;STEP - AMIENS;2013;Sol;Nickel et composés (exprimés en tant que Ni);71.3;kg/an
0078002100;STEP - AMIENS;2013;Sol;Plomb et composés (exprimés en tant que Pb);80.1;kg/an
0074418401;Station d'épuration des Ecossièrnes;2013;Sol;Zinc et composés (exprimés en tant que Zn);502;kg/an
0078002100;STEP - AMIENS;2013;Sol;Zinc et composés (exprimés en tant que Zn);1460;kg/an
0074418401;Station d'épuration des Ecossièrnes;2013;Sol;Biphényles polychlorés (PCB);0.104;kg/an
0078306101;STEP - Reyran;2013;Eau (direct);Azote total;328000;kg/an
0078306101;STEP - Reyran;2013;Eau (direct);Carbone organique total (en tant que C total ou DCO/3);140000;kg/an
0074507501;STEP - LA CHAPELLE-SAINT-MESMIN;2013;Eau (direct);Azote total;60300;kg/an
0078306101;STEP - Reyran;2013;Eau (direct);Chloroforme (trichlorométhane);25.6;kg/an
0078306101;STEP - Reyran;2013;Eau (direct);Chlorures (en tant que Cl total);6130000;kg/an
0078306101;STEP - Reyran;2013;Eau (direct);Composés organohalogénés (exprimés en tant que AOX);1860;kg/an
0078306101;STEP - Reyran;2013;Eau (direct);Cuivre et composés (exprimés en tant que Cu);104;kg/an
0074507501;STEP - LA CHAPELLE-SAINT-MESMIN;2013;Eau (direct);Demande biologique en oxygène (DBO5);47700;kg/an
0078306101;STEP - Reyran;2013;Eau (direct);Demande biologique en oxygène (DBO5);63300;kg/an
0078306101;STEP - Reyran;2013;Eau (direct);Demande chimique en oxygène (DCO);448000;kg/an
0074507501;STEP - LA CHAPELLE-SAINT-MESMIN;2013;Eau (direct);Demande chimique en oxygène (DCO);305000;kg/an
0078306101;STEP - Reyran;2013;Eau (direct);Di(2-éthylhexyle)phtalate (DEHP);9.46;kg/an
0078306101;STEP - Reyran;2013;Eau (direct);Fer et composés (exprimés en tant que Fe);6070;kg/an
0074507501;STEP - LA CHAPELLE-SAINT-MESMIN;2013;Eau (direct);Phosphore total;9140;kg/an
0078306101;STEP - Reyran;2013;Eau (direct);Fluorures (en tant que F total);3950;kg/an
0078306101;STEP - Reyran;2013;Eau (direct);Manganèse et composés (exprimés en tant que Mn);912;kg/an
0074507501;STEP - LA CHAPELLE-SAINT-MESMIN;2013;Sol;Cuivre et composés (exprimés en tant que Cu);425;kg/an
0078306101;STEP - Reyran;2013;Eau (direct);Phosphore total;12900;kg/an
0078306101;STEP - Reyran;2013;Eau (direct);Zinc et composés (exprimés en tant que Zn);130;kg/an
0074507501;STEP - LA CHAPELLE-SAINT-MESMIN;2013;Sol;Mercure et composés (exprimés en tant que Hg);1.02;kg/an
0078312601;STATION D'EPURATION AMPHITRIA CAP SICIE;2013;Eau (direct);Azote total;889000;kg/an
0078312601;STATION D'EPURATION AMPHITRIA CAP SICIE;2013;Eau (direct);Chlorures (en tant que Cl total);48500000;kg/an
0074507501;STEP - LA CHAPELLE-SAINT-MESMIN;2013;Sol;Nickel et composés (exprimés en tant que Ni);43.7;kg/an
0078312601;STATION D'EPURATION AMPHITRIA CAP SICIE;2013;Eau (direct);Composés organohalogénés (exprimés en tant que AOX);7800;kg/an
0078312601;STATION D'EPURATION AMPHITRIA CAP SICIE;2013;Eau (direct);Cuivre et composés (exprimés en tant que Cu);400;kg/an
0074507501;STEP - LA CHAPELLE-SAINT-MESMIN;2013;Sol;Plomb et composés (exprimés en tant que Pb);58.8;kg/an
0078312601;STATION D'EPURATION AMPHITRIA CAP SICIE;2013;Eau (direct);Demande biologique en oxygène (DBO5);329000;kg/an
0078312601;STATION D'EPURATION AMPHITRIA CAP SICIE;2013;Eau (direct);Demande chimique en oxygène (DCO);1560000;kg/an
0074507501;STEP - LA CHAPELLE-SAINT-MESMIN;2013;Sol;Zinc et composés (exprimés en tant que Zn);908;kg/an
0078312601;STATION D'EPURATION AMPHITRIA CAP SICIE;2013;Eau (direct);Fer et composés (exprimés en tant que Fe);10100;kg/an
0078312601;STATION D'EPURATION AMPHITRIA CAP SICIE;2013;Eau (direct);Manganèse et composés (exprimés en tant que Mn);1220;kg/an
0074900702;STEP - Angers la Baumette;2013;Eau (direct);Arsenic et composés (exprimés en tant que As);60.6;kg/an
0078312601;STATION D'EPURATION AMPHITRIA CAP SICIE;2013;Eau (direct);Matières en suspension (MES);341000;kg/an
0078312601;STATION D'EPURATION AMPHITRIA CAP SICIE;2013;Eau (direct);Phosphore total;41200;kg/an
0074900702;STEP - Angers la Baumette;2013;Eau (direct);Azote total;162000;kg/an
0078312601;STATION D'EPURATION AMPHITRIA CAP SICIE;2013;Eau (direct);Plomb et composés (exprimés en tant que Pb);66.9;kg/an
0078312601;STATION D'EPURATION AMPHITRIA CAP SICIE;2013;Eau (direct);Sulfates;7870000;kg/an
0074900702;STEP - Angers la Baumette;2013;Eau (direct);Cadmium et composés (exprimés en tant que Cd);24.2;kg/an
0078312601;STATION D'EPURATION AMPHITRIA CAP SICIE;2013;Eau (direct);Zinc et composés (exprimés en tant que Zn);923;kg/an
0078313701;STATION D'EPURATION AMPHORA PONT DE LA CLUE;2013;Eau (direct);Azote total;207000;kg/an
0074900702;STEP - Angers la Baumette;2013;Eau (direct);Chrome et composés (exprimés en tant que Cr);61;kg/an
0078313701;STATION D'EPURATION AMPHORA PONT DE LA CLUE;2013;Eau (direct);Demande biologique en oxygène (DBO5);88700;kg/an
0078313701;STATION D'EPURATION AMPHORA PONT DE LA CLUE;2013;Eau (direct);Demande chimique en oxygène (DCO);382000;kg/an
0074900702;STEP - Angers la Baumette;2013;Eau (direct);Chrome hexavalent et composés (exprimés en tant que Cr VI);121;kg/an
0078313701;STATION D'EPURATION AMPHORA PONT DE LA CLUE;2013;Eau (direct);Fer et composés (exprimés en tant que Fe);4490;kg/an
0074900702;STEP - Angers la Baumette;2013;Eau (direct);Cuivre et composés (exprimés en tant que Cu);92;kg/an
0074900702;STEP - Angers la Baumette;2013;Eau (direct);Cyanures (sous forme de CN total);58;kg/an
0078314101;STATION D'EPURATION ALMANARRE HYERES CARQUEIRANNE;2013;Eau (direct);Azote total;224000;kg/an
0074900702;STEP - Angers la Baumette;2013;Eau (direct);Demande biologique en oxygène (DBO5);156000;kg/an
0078314101;STATION D'EPURATION ALMANARRE HYERES CARQUEIRANNE;2013;Eau (direct);Chlorures (en tant que Cl total);3800000;kg/an
0078314101;STATION D'EPURATION ALMANARRE HYERES CARQUEIRANNE;2013;Eau (direct);Demande biologique en oxygène (DBO5);59500;kg/an
0074900702;STEP - Angers la Baumette;2013;Eau (direct);Demande chimique en oxygène (DCO);744000;kg/an
0078314101;STATION D'EPURATION ALMANARRE HYERES CARQUEIRANNE;2013;Eau (direct);Demande chimique en oxygène (DCO);339000;kg/an
0078314101;STATION D'EPURATION ALMANARRE HYERES CARQUEIRANNE;2013;Eau (direct);Hydrazine;284;kg/an
0074900702;STEP - Angers la Baumette;2013;Eau (direct);Fer et composés (exprimés en tant que Fe);27900;kg/an
0078314101;STATION D'EPURATION ALMANARRE HYERES CARQUEIRANNE;2013;Eau (direct);Phosphore total;16400;kg/an
0078314101;STATION D'EPURATION ALMANARRE HYERES CARQUEIRANNE;2013;Eau (direct);Zinc et composés (exprimés en tant que Zn);170;kg/an
0074900702;STEP - Angers la Baumette;2013;Eau (direct);Hexachlorobutadiène (HCBD);6.06;kg/an
0078314101;STATION D'EPURATION ALMANARRE HYERES CARQUEIRANNE;2013;Sol;Composés organohalogénés (exprimés en tant que AOX);2870;kg/an
0078314101;STATION D'EPURATION ALMANARRE HYERES CARQUEIRANNE;2013;Sol;Cuivre et composés (exprimés en tant que Cu);453;kg/an
0074900702;STEP - Angers la Baumette;2013;Eau (direct);Hydrazine;1210;kg/an
0078314101;STATION D'EPURATION ALMANARRE HYERES CARQUEIRANNE;2013;Sol;Fer et composés (exprimés en tant que Fe);31400;kg/an
0078314101;STATION D'EPURATION ALMANARRE HYERES CARQUEIRANNE;2013;Sol;Phosphore total;49600;kg/an
0074900702;STEP - Angers la Baumette;2013;Eau (direct);Manganèse et composés (exprimés en tant que Mn);1090;kg/an
0078314101;STATION D'EPURATION ALMANARRE HYERES CARQUEIRANNE;2013;Sol;Plomb et composés (exprimés en tant que Pb);58;kg/an
0078314101;STATION D'EPURATION ALMANARRE HYERES CARQUEIRANNE;2013;Sol;Zinc et composés (exprimés en tant que Zn);858;kg/an
0074900702;STEP - Angers la Baumette;2013;Eau (direct);Mercure et composés (exprimés en tant que Hg);6.06;kg/an
0078400701;STEP - Avignon - Le Pontet - Villeneuve les Avignon - Les Angles;2013;Eau (direct);Azote total;146000;kg/an
0078400701;STEP - Avignon - Le Pontet - Villeneuve les Avignon - Les Angles;2013;Eau (direct);Demande biologique en oxygène (DBO5);67800;kg/an
0074900702;STEP - Angers la Baumette;2013;Eau (direct);Nickel et composés (exprimés en tant que Ni);129;kg/an
0078400701;STEP - Avignon - Le Pontet - Villeneuve les Avignon - Les Angles;2013;Eau (direct);Demande chimique en oxygène (DCO);340000;kg/an
0078400701;STEP - Avignon - Le Pontet - Villeneuve les Avignon - Les Angles;2013;Eau (direct);Phosphore total;32300;kg/an
0074900702;STEP - Angers la Baumette;2013;Eau (direct);Octylphénols et éthoxylates d'octylphénol;1.21;kg/an
0074900702;STEP - Angers la Baumette;2013;Eau (direct);Phosphore total;8330;kg/an
0078519401;STEP de la Communauté de Communes des Olonnes;2013;Eau (direct);Demande chimique en oxygène (DCO);322000;kg/an
0074900702;STEP - Angers la Baumette;2013;Eau (direct);Phénols (en tant que C total);33;kg/an
0078519401;STEP de la Communauté de Communes des Olonnes;2013;Eau (direct);Phosphore total;16600;kg/an
0074900702;STEP - Angers la Baumette;2013;Eau (direct);Plomb et composés (exprimés en tant que Pb);24.2;kg/an
0078619405;Unités de traitement des eaux usées;2013;Eau (direct);Azote total;58500;kg/an
0078619405;Unités de traitement des eaux usées;2013;Eau (direct);Cuivre et composés (exprimés en tant que Cu);133;kg/an
0074900702;STEP - Angers la Baumette;2013;Eau (direct);Titane et composés (exprimés en tant que Ti);121;kg/an
0078619405;Unités de traitement des eaux usées;2013;Eau (direct);Demande chimique en oxygène (DCO);175000;kg/an
0074900702;STEP - Angers la Baumette;2013;Eau (direct);Zinc et composés (exprimés en tant que Zn);1360;kg/an
0078619405;Unités de traitement des eaux usées;2013;Eau (direct);Di(2-éthylhexyle)phtalate (DEHP);29.9;kg/an
0078619405;Unités de traitement des eaux usées;2013;Eau (direct);Zinc et composés (exprimés en tant que Zn);246;kg/an
0074900702;STEP - Angers la Baumette;2013;Eau (direct);Chlordécone;1.8;kg/an
0078619405;Unités de traitement des eaux usées;2013;Sol;Cuivre et composés (exprimés en tant que Cu);530;kg/an
0078619405;Unités de traitement des eaux usées;2013;Sol;Mercure et composés (exprimés en tant que Hg);1.81;kg/an
0074900702;STEP - Angers la Baumette;2013;Eau (direct);Hexabromobiphényle;0.2;kg/an
0078619405;Unités de traitement des eaux usées;2013;Sol;Nickel et composés (exprimés en tant que Ni);24.4;kg/an
0078619405;Unités de traitement des eaux usées;2013;Sol;Plomb et composés (exprimés en tant que Pb);56.7;kg/an
0074900702;STEP - Angers la Baumette;2013;Eau (direct);Sulfonate de perfluorooctane (SPFO);0.6;kg/an
0078619405;Unités de traitement des eaux usées;2013;Sol;Zinc et composés (exprimés en tant que Zn);986;kg/an
0078708512;STEP - LIMOGES;2013;Eau (direct);Arsenic et composés (exprimés en tant que As);978;kg/an
0074900702;STEP - Angers la Baumette;2013;Sol;Arsenic et composés (exprimés en tant que As);14.1;kg/an
0078708512;STEP - LIMOGES;2013;Eau (direct);Azote total;133000;kg/an
0078708512;STEP - LIMOGES;2013;Eau (direct);Carbone organique total (en tant que C total ou DCO/3);162000;kg/an
0074900702;STEP - Angers la Baumette;2013;Sol;Azote total;123000;kg/an
0078708512;STEP - LIMOGES;2013;Eau (direct);Chlorures (en tant que Cl total);2150000;kg/an
0078708512;STEP - LIMOGES;2013;Eau (direct);Composés organohalogénés (exprimés en tant que AOX);4110;kg/an
0074900702;STEP - Angers la Baumette;2013;Sol;Chrome et composés (exprimés en tant que Cr);174;kg/an
0078708512;STEP - LIMOGES;2013;Eau (direct);Cuivre et composés (exprimés en tant que Cu);978;kg/an
0078708512;STEP - LIMOGES;2013;Eau (direct);Demande biologique en oxygène (DBO5);58700;kg/an
0074900702;STEP - Angers la Baumette;2013;Sol;Cuivre et composés (exprimés en tant que Cu);1300;kg/an
0078708512;STEP - LIMOGES;2013;Eau (direct);Demande chimique en oxygène (DCO);485000;kg/an
0078708512;STEP - LIMOGES;2013;Eau (direct);Diuron;3.13;kg/an
0074900702;STEP - Angers la Baumette;2013;Sol;Fer et composés (exprimés en tant que Fe);341000;kg/an
0078708512;STEP - LIMOGES;2013;Eau (direct);Fer et composés (exprimés en tant que Fe);7430;kg/an
0078708512;STEP - LIMOGES;2013;Eau (direct);Fluorures (en tant que F total);3910;kg/an
0074900702;STEP - Angers la Baumette;2013;Sol;Manganèse et composés (exprimés en tant que Mn);686;kg/an
0078708512;STEP - LIMOGES;2013;Eau (direct);Manganèse et composés (exprimés en tant que Mn);1370;kg/an
0078708512;STEP - LIMOGES;2013;Eau (direct);Phosphore total;13900;kg/an
0074900702;STEP - Angers la Baumette;2013;Sol;Mercure et composés (exprimés en tant que Hg);4.6;kg/an
0078708512;STEP - LIMOGES;2013;Eau (direct);Zinc et composés (exprimés en tant que Zn);2350;kg/an
0079001001;UDEP-BELFORT;2013;Eau (direct);Arsenic et composés (exprimés en tant que As);51.9;kg/an
0074900702;STEP - Angers la Baumette;2013;Sol;Nickel et composés (exprimés en tant que Ni);144;kg/an
0079001001;UDEP-BELFORT;2013;Eau (direct);Azote total;72200;kg/an
0074900702;STEP - Angers la Baumette;2013;Sol;Phosphore total;263000;kg/an
0079001001;UDEP-BELFORT;2013;Eau (direct);Cadmium et composés (exprimés en tant que Cd);14.1;kg/an
0079001001;UDEP-BELFORT;2013;Eau (direct);Chrome et composés (exprimés en tant que Cr);51.9;kg/an
0079001001;UDEP-BELFORT;2013;Eau (direct);Cuivre et composés (exprimés en tant que Cu);141;kg/an
0079001001;UDEP-BELFORT;2013;Eau (direct);Cyanures (sous forme de CN total);438;kg/an
0074900702;STEP - Angers la Baumette;2013;Sol;Plomb et composés (exprimés en tant que Pb);197;kg/an
0079001001;UDEP-BELFORT;2013;Eau (direct);Demande chimique en oxygène (DCO);238000;kg/an
0079001001;UDEP-BELFORT;2013;Eau (direct);Mercure et composés (exprimés en tant que Hg);5.19;kg/an
0074900702;STEP - Angers la Baumette;2013;Sol;Zinc et composés (exprimés en tant que Zn);4100;kg/an
0079001001;UDEP-BELFORT;2013;Eau (direct);Nickel et composés (exprimés en tant que Ni);104;kg/an
0079001001;UDEP-BELFORT;2013;Eau (direct);Plomb et composés (exprimés en tant que Pb);51.9;kg/an
0074900702;STEP - Angers la Baumette;2013;Sol;Biphényles polychlorés (PCB);0.3;kg/an
0079001001;UDEP-BELFORT;2013;Eau (direct);Zinc et composés (exprimés en tant que Zn);481;kg/an
0074909912;STEU - Les Cinq Ponts;2013;Eau (direct);Azote total;52200;kg/an
;GAEC LA GONDROMIERE;2013;Air;Ammoniac (NH3);19600;kg/an
0074909912;STEU - Les Cinq Ponts;2013;Eau (direct);Demande biologique en oxygène (DBO5);61700;kg/an
;SCEA PRO-PORCS;2013;Air;Ammoniac (NH3);11300;kg/an
0074909912;STEU - Les Cinq Ponts;2013;Eau (direct);Demande chimique en oxygène (DCO);365000;kg/an
;EARL LMA PASQUIER;2013;Air;Ammoniac (NH3);19900;kg/an
0074909912;STEU - Les Cinq Ponts;2013;Eau (direct);Manganèse et composés (exprimés en tant que Mn);572;kg/an
0079122801;STEU - Evry;2013;Eau (direct);Azote total;192000;kg/an
0079122801;STEU - Evry;2013;Eau (direct);Demande biologique en oxygène (DBO5);236000;kg/an
0074909912;STEU - Les Cinq Ponts;2013;Eau (direct);Zinc et composés (exprimés en tant que Zn);405;kg/an
0079122801;STEU - Evry;2013;Eau (direct);Demande chimique en oxygène (DCO);631000;kg/an
0079122801;STEU - Evry;2013;Eau (direct);Phosphore total;16200;kg/an
0074909912;STEU - Les Cinq Ponts;2013;Sol;Arsenic et composés (exprimés en tant que As);41.2;kg/an
;BERGER Vincent;2013;Air;Ammoniac (NH3);14400;kg/an
0074909912;STEU - Les Cinq Ponts;2013;Sol;Azote total;58800;kg/an
;SCEA SEGOVOL;2013;Air;Ammoniac (NH3);12300;kg/an
0074909912;STEU - Les Cinq Ponts;2013;Sol;Chrome et composés (exprimés en tant que Cr);53.6;kg/an
0079202501;STEP - Seine-centre;2013;Eau (direct);Aluminium et composés (exprimés en tant que Al);5930;kg/an
0079202501;STEP - Seine-centre;2013;Eau (direct);Azote total;1450000;kg/an
0074909912;STEU - Les Cinq Ponts;2013;Sol;Cuivre et composés (exprimés en tant que Cu);385;kg/an
0079202501;STEP - Seine-centre;2013;Eau (direct);Carbone organique total (en tant que C total ou DCO/3);705000;kg/an
0079202501;STEP - Seine-centre;2013;Eau (direct);Chlorures (en tant que Cl total);8770000;kg/an
0074909912;STEU - Les Cinq Ponts;2013;Sol;Fer et composés (exprimés en tant que Fe);113000;kg/an
0079202501;STEP - Seine-centre;2013;Eau (direct);Composés organohalogénés (exprimés en tant que AOX);8010;kg/an
0079202501;STEP - Seine-centre;2013;Eau (direct);Cuivre et composés (exprimés en tant que Cu);350;kg/an
0074909912;STEU - Les Cinq Ponts;2013;Sol;Mercure et composés (exprimés en tant que Hg);1.08;kg/an
0079202501;STEP - Seine-centre;2013;Eau (direct);Demande biologique en oxygène (DBO5);544000;kg/an
0079202501;STEP - Seine-centre;2013;Eau (direct);Demande chimique en oxygène (DCO);2340000;kg/an
0074909912;STEU - Les Cinq Ponts;2013;Sol;Nickel et composés (exprimés en tant que Ni);28.7;kg/an
0079202501;STEP - Seine-centre;2013;Eau (direct);Fer et composés (exprimés en tant que Fe);18900;kg/an
0079202501;STEP - Seine-centre;2013;Eau (direct);Fluorures (en tant que F total);20200;kg/an
0074909912;STEU - Les Cinq Ponts;2013;Sol;Phosphore total;76300;kg/an
0079202501;STEP - Seine-centre;2013;Eau (direct);Hydrocarbures;11200;kg/an
0079202501;STEP - Seine-centre;2013;Eau (direct);Manganèse et composés (exprimés en tant que Mn);1790;kg/an
0074909912;STEU - Les Cinq Ponts;2013;Sol;Plomb et composés (exprimés en tant que Pb);51.4;kg/an
0079202501;STEP - Seine-centre;2013;Eau (direct);Matières en suspension (MES);405000;kg/an
0079202501;STEP - Seine-centre;2013;Eau (direct);Mercure et composés (exprimés en tant que Hg);30.2;kg/an
0074909912;STEU - Les Cinq Ponts;2013;Sol;Zinc et composés (exprimés en tant que Zn);680;kg/an
0079202501;STEP - Seine-centre;2013;Eau (direct);Phosphore total;27800;kg/an
0079202501;STEP - Seine-centre;2013;Eau (direct);Sulfates;8590000;kg/an
0074909912;STEU - Les Cinq Ponts;2013;Sol;Biphényles polychlorés (PCB);0.142;kg/an
0079202501;STEP - Seine-centre;2013;Eau (direct);Zinc et composés (exprimés en tant que Zn);2280;kg/an
0075147401;STEP REIMS;2013;Eau (direct);Azote total;108000;kg/an
;EARL COSMOPORC;2013;Air;Ammoniac (NH3);21000;kg/an
;SCEA L'AUBERGERE;2013;Air;Ammoniac (NH3);11000;kg/an
0075147401;STEP REIMS;2013;Eau (direct);Chlorures (en tant que Cl total);2350000;kg/an
;EARL DELIGNE C;2013;Air;Ammoniac (NH3);11900;kg/an
0075147401;STEP REIMS;2013;Eau (direct);Demande chimique en oxygène (DCO);302000;kg/an
;SCEA LA MAZINOISE;2013;Air;Ammoniac (NH3);18000;kg/an
0075147401;STEP REIMS;2013;Eau (direct);Fer et composés (exprimés en tant que Fe);11600;kg/an
;SCEA PERRON;2013;Air;Ammoniac (NH3);11000;kg/an
0079305101;SIAAP Marne Aval - Station d'épuration;2013;Eau (direct);Aluminium et composés (exprimés en tant que Al);13600;kg/an
0075147401;STEP REIMS;2013;Eau (direct);Fluorures (en tant que F total);7450;kg/an
0079305101;SIAAP Marne Aval - Station d'épuration;2013;Eau (direct);Azote total;202000;kg/an
0079305101;SIAAP Marne Aval - Station d'épuration;2013;Eau (direct);Chlorures (en tant que Cl total);2930000;kg/an
0075147401;STEP REIMS;2013;Eau (direct);Manganèse et composés (exprimés en tant que Mn);539;kg/an
0079305101;SIAAP Marne Aval - Station d'épuration;2013;Eau (direct);Composés organohalogénés (exprimés en tant que AOX);1960;kg/an
0079305101;SIAAP Marne Aval - Station d'épuration;2013;Eau (direct);Demande biologique en oxygène (DBO5);154000;kg/an
0075147401;STEP REIMS;2013;Eau (direct);Phosphore total;5320;kg/an
0079305101;SIAAP Marne Aval - Station d'épuration;2013;Eau (direct);Demande chimique en oxygène (DCO);889000;kg/an
0079305101;SIAAP Marne Aval - Station d'épuration;2013;Eau (direct);Fer et composés (exprimés en tant que Fe);6210;kg/an
0075147401;STEP REIMS;2013;Eau (direct);Zinc et composés (exprimés en tant que Zn);553;kg/an
0079305101;SIAAP Marne Aval - Station d'épuration;2013;Eau (direct);Fluorures (en tant que F total);3790;kg/an
0079305101;SIAAP Marne Aval - Station d'épuration;2013;Eau (direct);Phosphore total;9850;kg/an
0075147401;STEP REIMS;2013;Eau (direct);Sulfonate de perfluorooctane (SPFO);0.92;kg/an
0079305101;SIAAP Marne Aval - Station d'épuration;2013;Eau (direct);Sulfates;3960000;kg/an
0079305101;SIAAP Marne Aval - Station d'épuration;2013;Eau (direct);Zinc et composés (exprimés en tant que Zn);617;kg/an
0075147401;STEP REIMS;2013;Sol;Chrome et composés (exprimés en tant que Cr);145;kg/an
;SCEA ISAPOULES;2013;Air;Ammoniac (NH3);23700;kg/an
0075147401;STEP REIMS;2013;Sol;Cuivre et composés (exprimés en tant que Cu);1360;kg/an
0079407401;Usine d'épuration Seine amont;2013;Eau (direct);Aluminium et composés (exprimés en tant que Al);6890;kg/an
0079407401;Usine d'épuration Seine amont;2013;Eau (direct);Azote total;388000;kg/an
0075147401;STEP REIMS;2013;Sol;Fer et composés (exprimés en tant que Fe);406000;kg/an
0079407401;Usine d'épuration Seine amont;2013;Eau (direct);Chlorures (en tant que Cl total);22200000;kg/an
0079407401;Usine d'épuration Seine amont;2013;Eau (direct);Composés organohalogénés (exprimés en tant que AOX);10100;kg/an
0079407401;Usine d'épuration Seine amont;2013;Eau (direct);Cuivre et composés (exprimés en tant que Cu);1030;kg/an
0075147401;STEP REIMS;2013;Sol;Mercure et composés (exprimés en tant que Hg);6.06;kg/an
0079407401;Usine d'épuration Seine amont;2013;Eau (direct);Demande biologique en oxygène (DBO5);633000;kg/an
0079407401;Usine d'épuration Seine amont;2013;Eau (direct);Demande chimique en oxygène (DCO);4750000;kg/an
0075147401;STEP REIMS;2013;Sol;Nickel et composés (exprimés en tant que Ni);110;kg/an
0079407401;Usine d'épuration Seine amont;2013;Eau (direct);Di(2-éthylhexyle)phtalate (DEHP);602;kg/an
0079407401;Usine d'épuration Seine amont;2013;Eau (direct);Fer et composés (exprimés en tant que Fe);93500;kg/an
0075147401;STEP REIMS;2013;Sol;Plomb et composés (exprimés en tant que Pb);313;kg/an
0079407401;Usine d'épuration Seine amont;2013;Eau (direct);Fluorures (en tant que F total);42800;kg/an
0079407401;Usine d'épuration Seine amont;2013;Eau (direct);Manganèse et composés (exprimés en tant que Mn);7920;kg/an
0075147401;STEP REIMS;2013;Sol;Zinc et composés (exprimés en tant que Zn);3750;kg/an
0079407401;Usine d'épuration Seine amont;2013;Eau (direct);Matières en suspension (MES);1490000;kg/an
0079407401;Usine d'épuration Seine amont;2013;Eau (direct);Phosphore total;148000;kg/an
0075147401;STEP REIMS;2013;Sol;Biphényles polychlorés (PCB);0.36;kg/an
0079407401;Usine d'épuration Seine amont;2013;Eau (direct);Sulfates;23400000;kg/an
0079407401;Usine d'épuration Seine amont;2013;Eau (direct);Zinc et composés (exprimés en tant que Zn);6300;kg/an
;SA LOAEC;2013;Air;Ammoniac (NH3);14400;kg/an
0079407401;Usine d'épuration Seine amont;2013;Eau (direct);Sulfonate de perfluorooctane (SPFO);5.45;kg/an
0079407401;Usine d'épuration Seine amont;2013;Sol;Cuivre et composés (exprimés en tant que Cu);462;kg/an
0079407401;Usine d'épuration Seine amont;2013;Sol;Mercure et composés (exprimés en tant que Hg);1.33;kg/an
;GAEC KERAUDY;2013;Air;Ammoniac (NH3);11200;kg/an
0079407401;Usine d'épuration Seine amont;2013;Sol;Nickel et composés (exprimés en tant que Ni);33.5;kg/an
0079407401;Usine d'épuration Seine amont;2013;Sol;Plomb et composés (exprimés en tant que Pb);168;kg/an
0079407401;Usine d'épuration Seine amont;2013;Sol;Zinc et composés (exprimés en tant que Zn);846;kg/an
;SCEA GUILLAUME ROUE;2013;Air;Ammoniac (NH3);22000;kg/an
0079526801;Station de dépollution de Bonneuil-en-France;2013;Eau (direct);Azote total;192000;kg/an
0079526801;Station de dépollution de Bonneuil-en-France;2013;Eau (direct);Chlorures (en tant que Cl total);2490000;kg/an
;SCEA de KERROCH;2013;Air;Ammoniac (NH3);11900;kg/an
0079526801;Station de dépollution de Bonneuil-en-France;2013;Eau (direct);Composés organohalogénés (exprimés en tant que AOX);1940;kg/an
;GAEC EMILY;2013;Air;Ammoniac (NH3);13000;kg/an
;HUBBARD;2013;Air;Ammoniac (NH3);42900;kg/an
0079526801;Station de dépollution de Bonneuil-en-France;2013;Eau (direct);Cuivre et composés (exprimés en tant que Cu);90;kg/an
0079526801;Station de dépollution de Bonneuil-en-France;2013;Eau (direct);Demande biologique en oxygène (DBO5);64900;kg/an
0079526801;Station de dépollution de Bonneuil-en-France;2013;Eau (direct);Demande chimique en oxygène (DCO);885000;kg/an
0079526801;Station de dépollution de Bonneuil-en-France;2013;Eau (direct);Fer et composés (exprimés en tant que Fe);29900;kg/an
0079526801;Station de dépollution de Bonneuil-en-France;2013;Eau (direct);Fluorures (en tant que F total);4530;kg/an
0079526801;Station de dépollution de Bonneuil-en-France;2013;Eau (direct);Manganèse et composés (exprimés en tant que Mn);647;kg/an
0079526801;Station de dépollution de Bonneuil-en-France;2013;Eau (direct);Matières en suspension (MES);366000;kg/an
0079526801;Station de dépollution de Bonneuil-en-France;2013;Eau (direct);Mercure et composés (exprimés en tant que Hg);16;kg/an
0079526801;Station de dépollution de Bonneuil-en-France;2013;Eau (direct);Nickel et composés (exprimés en tant que Ni);48;kg/an
0079526801;Station de dépollution de Bonneuil-en-France;2013;Eau (direct);Phosphore total;7120;kg/an
0079526801;Station de dépollution de Bonneuil-en-France;2013;Eau (direct);Sulfates;1940000;kg/an
0079526801;Station de dépollution de Bonneuil-en-France;2013;Eau (direct);Zinc et composés (exprimés en tant que Zn);617;kg/an
0079526801;Station de dépollution de Bonneuil-en-France;2013;Sol;Chrome et composés (exprimés en tant que Cr);114;kg/an
0079526801;Station de dépollution de Bonneuil-en-France;2013;Sol;Cuivre et composés (exprimés en tant que Cu);1210;kg/an
0079526801;Station de dépollution de Bonneuil-en-France;2013;Sol;Nickel et composés (exprimés en tant que Ni);67;kg/an
0079526801;Station de dépollution de Bonneuil-en-France;2013;Sol;Zinc et composés (exprimés en tant que Zn);2980;kg/an
0079545001;STEP - NEUVILLE sur Oise.;2013;Eau (direct);Chlorures (en tant que Cl total);2960000;kg/an
0079545001;STEP - NEUVILLE sur Oise.;2013;Eau (direct);Demande biologique en oxygène (DBO5);77800;kg/an
0079545001;STEP - NEUVILLE sur Oise.;2013;Eau (direct);Demande chimique en oxygène (DCO);675000;kg/an
0079545001;STEP - NEUVILLE sur Oise.;2013;Eau (direct);Fer et composés (exprimés en tant que Fe);31100;kg/an
0079545001;STEP - NEUVILLE sur Oise.;2013;Eau (direct);Fluorures (en tant que F total);3370;kg/an
0079545001;STEP - NEUVILLE sur Oise.;2013;Eau (direct);Phosphore total;5260;kg/an
0079545001;STEP - NEUVILLE sur Oise.;2013;Eau (direct);Sulfonate de perfluorooctane (SPFO);7;kg/an
;SAS BOYE ACCOUVAGE;2013;Air;Ammoniac (NH3);16300;kg/an
;EARL BOCAVOL;2013;Air;Ammoniac (NH3);19600;kg/an
;EARL LE BUISSON;2013;Air;Ammoniac (NH3);17000;kg/an
;SCEA BLAVI;2013;Air;Ammoniac (NH3);26300;kg/an
;SCEA LE QUAIREUX;2013;Air;Ammoniac (NH3);12100;kg/an
;EARL LE CHAMP MACON;2013;Air;Ammoniac (NH3);10900;kg/an
;EARL MAROLLEAU;2013;Air;Ammoniac (NH3);11100;kg/an
;SCEA MADIPORC;2013;Air;Ammoniac (NH3);10300;kg/an
;EARL BRUNET JP et C;2013;Air;Ammoniac (NH3);13300;kg/an
;SAPINIERE SARL;2013;Air;Ammoniac (NH3);22100;kg/an
;EARL LA CHEVAUCHERIE;2013;Air;Ammoniac (NH3);11300;kg/an
;AUBINEAU Fabrice;2013;Air;Ammoniac (NH3);14600;kg/an
;SOCIETE AVICOLE GUINIER;2013;Air;Ammoniac (NH3);15000;kg/an
;GAEC CHATEAU GAILLARD;2013;Air;Ammoniac (NH3);10000;kg/an
;EARL PELLETIER;2013;Air;Ammoniac (NH3);11600;kg/an
;SCEA DEBORDE AVICULTURE;2013;Air;Ammoniac (NH3);11200;kg/an
;earl bocadindes;2013;Air;Ammoniac (NH3);13500;kg/an
;EARL LE COLOMBIER;2013;Air;Ammoniac (NH3);11200;kg/an
;GAEC DE MONCASSIN;2013;Air;Ammoniac (NH3);10800;kg/an
;SARL AVICOLE DU FRESQUET;2013;Air;Ammoniac (NH3);15200;kg/an
;GALLES SAS;2013;Air;Ammoniac (NH3);20700;kg/an
;OVAL'OEUFS;2013;Air;Ammoniac (NH3);24600;kg/an
;PORCINET;2013;Air;Ammoniac (NH3);11800;kg/an
;SCEA MAUREL;2013;Air;Ammoniac (NH3);14100;kg/an
;SICA SAS Porci Ségala;2013;Air;Ammoniac (NH3);12900;kg/an
;SA BALLIS;2013;Air;Ammoniac (NH3);20800;kg/an
;SCEA Porc Belair;2013;Air;Ammoniac (NH3);18500;kg/an
;EARL de la Joubertière;2013;Air;Ammoniac (NH3);15700;kg/an
;AXIOM;2013;Air;Ammoniac (NH3);20500;kg/an
;SAS ABATTOIRS DE BESSINES;2013;Eau (indirect);Demande biologique en oxygène (DBO5);59000;kg/an
;SAS ABATTOIRS DE BESSINES;2013;Eau (indirect);Demande chimique en oxygène (DCO);161000;kg/an
;LAITERIE LES FAYES;2013;Eau (indirect);Demande biologique en oxygène (DBO5);136000;kg/an
;LAITERIE LES FAYES;2013;Eau (indirect);Demande chimique en oxygène (DCO);232000;kg/an
;REGIE MUNICIPALE DE L'ABATTOIR DE LIMOGES;2013;Eau (indirect);Demande biologique en oxygène (DBO5);309000;kg/an
;REGIE MUNICIPALE DE L'ABATTOIR DE LIMOGES;2013;Eau (indirect);Demande chimique en oxygène (DCO);768000;kg/an
;MADRANGE CHARCUTERIE DE LA VALOINE;2013;Air;Hydrochlorofluorocarbures (HCFC);418;kg/an
;MADRANGE CHARCUTERIE DE LA VALOINE;2013;Eau (indirect);Demande biologique en oxygène (DBO5);46300;kg/an
;COULAUD-PENAUD S.A.S;2013;Air;Hydrochlorofluorocarbures (HCFC);127;kg/an
;COULAUD-PENAUD S.A.S;2013;Air;Hydroflurocarbures (HFC);146;kg/an
;SAS LES ELEVAGES DU MAS LONG;2013;Air;Ammoniac (NH3);12800;kg/an
;SCEA La Caille des Vosges;2013;Air;Ammoniac (NH3);14500;kg/an
;EARL DES HAUTES CHARBONNIERES;2013;Air;Ammoniac (NH3);13900;kg/an
;SCEA de la Vallée;2013;Air;Ammoniac (NH3);10400;kg/an
;BOUZONIE (EARL);2013;Air;Ammoniac (NH3);10400;kg/an
;CHAMPS CLERIS (SCEA des);2013;Air;Ammoniac (NH3);20900;kg/an
;SARL domaine de Villegardin;2013;Air;Ammoniac (NH3);19600;kg/an
;SARL DU VAL DES FOURCHES;2013;Air;Ammoniac (NH3);22300;kg/an
;EARL des COURBEPINES;2013;Air;Ammoniac (NH3);13900;kg/an
;SCEA LES TREMBLATS II;2013;Air;Ammoniac (NH3);14100;kg/an
;EARL du Bois des Bergeries;2013;Air;Ammoniac (NH3);17400;kg/an
;SARL DES PLANTES;2013;Air;Ammoniac (NH3);10400;kg/an
;SCEA DE VARENNES;2013;Air;Ammoniac (NH3);11200;kg/an
;SCEA DE LA VALLEE DU RUET;2013;Air;Ammoniac (NH3);13900;kg/an
;ROCHES (EARL des);2013;Air;Ammoniac (NH3);11000;kg/an
;TROPICOEUF;2013;Air;Ammoniac (NH3);22800;kg/an
;Elevage MAILLOT Pierre Maximin;2013;Air;Ammoniac (NH3);12100;kg/an
;SARL AVIFERME (CFS);2013;Air;Ammoniac (NH3);22400;kg/an
;QUINEAU (S.C.E.A.) Pascal;2013;Air;Ammoniac (NH3);14500;kg/an
