identifiant;nom_etablissement;annee_emission;milieu;polluant;quantite;unite
0006002826;COLAS SUD-OUEST;2021;Air;Monoxyde de carbone (CO);1390000;kg/an
0003012500;ESTIA RESEAUX DE CHALEUR;2021;Air;Dioxyde de carbone (CO2) total (d'origine biomasse et non biomasse);13500000;kg/an
0003012591;METHAVAIR SAS;2021;Sol;Azote total;66000;kg/an
0003012591;METHAVAIR SAS;2021;Sol;Phosphore total;59000;kg/an
0003012705;KNAUF INSULATION LANNEMEZAN;2021;Air;Ammoniac (NH3);53800;kg/an
0003012705;KNAUF INSULATION LANNEMEZAN;2021;Air;Oxydes de soufre (SOx/SO2);236000;kg/an
0003012705;KNAUF INSULATION LANNEMEZAN;2021;Air;Dioxyde de carbone (CO2) d'origine non biomasse;64900000;kg/an
0003012705;KNAUF INSULATION LANNEMEZAN;2021;Air;Dioxyde de carbone (CO2) total (d'origine biomasse et non biomasse);64900000;kg/an
0003012743;COGESTAR 3;2021;Air;Dioxyde de carbone (CO2) d'origine non biomasse;11600000;kg/an
0003012743;COGESTAR 3;2021;Air;Dioxyde de carbone (CO2) total (d'origine biomasse et non biomasse);11600000;kg/an
0003012825;BIOMETHA SAS;2021;Sol;Azote total;155000;kg/an
0003012825;BIOMETHA SAS;2021;Sol;Phosphore total;50300;kg/an
0003014270;METHACHRIST SAS;2021;Sol;Azote total;200000;kg/an
0003014270;METHACHRIST SAS;2021;Sol;Phosphore total;75500;kg/an
0003014555;TotalEnergies - Centrale électrique Saint-Avold;2021;Air;Protoxyde d'azote (N2O);15200;kg/an
0003014555;TotalEnergies - Centrale électrique Saint-Avold;2021;Air;Dioxyde de carbone (CO2) d'origine non biomasse;847000000;kg/an
0003014555;TotalEnergies - Centrale électrique Saint-Avold;2021;Air;Dioxyde de carbone (CO2) total (d'origine biomasse et non biomasse);847000000;kg/an
0003100845;BIOGASCONHA;2021;Sol;Chrome et composés (exprimés en tant que Cr);60;kg/an
0003100845;BIOGASCONHA;2021;Sol;Cuivre et composés (exprimés en tant que Cu);288;kg/an
0003100845;BIOGASCONHA;2021;Sol;Fer et composés (exprimés en tant que Fe);57200;kg/an
0003100845;BIOGASCONHA;2021;Sol;Manganèse et composés (exprimés en tant que Mn);923;kg/an
0003100845;BIOGASCONHA;2021;Sol;Plomb et composés (exprimés en tant que Pb);99;kg/an
0003100845;BIOGASCONHA;2021;Sol;Zinc et composés (exprimés en tant que Zn);1230;kg/an
0003102774;AUNIS BIOGAZ;2021;Sol;Arsenic et composés (exprimés en tant que As);6.4;kg/an
0003102774;AUNIS BIOGAZ;2021;Sol;Azote total;165000;kg/an
0003102774;AUNIS BIOGAZ;2021;Sol;Cuivre et composés (exprimés en tant que Cu);123;kg/an
0003102774;AUNIS BIOGAZ;2021;Sol;Phosphore total;62500;kg/an
0003102774;AUNIS BIOGAZ;2021;Sol;Zinc et composés (exprimés en tant que Zn);753;kg/an
0003201219;EVVA - Chaufferie Valence;2021;Air;Dioxyde de carbone (CO2) d'origine biomasse;12500000;kg/an
0003201219;EVVA - Chaufferie Valence;2021;Air;Dioxyde de carbone (CO2) total (d'origine biomasse et non biomasse);14900000;kg/an
0003201408;ENGIE COFELY;2021;Air;Dioxyde de carbone (CO2) d'origine non biomasse;44400000;kg/an
0003201408;ENGIE COFELY;2021;Air;Dioxyde de carbone (CO2) total (d'origine biomasse et non biomasse);44400000;kg/an
0003201516;CCIAG - BIOMAX;2021;Air;Dioxyde de carbone (CO2) d'origine biomasse;75900000;kg/an
0003201516;CCIAG - BIOMAX;2021;Air;Dioxyde de carbone (CO2) total (d'origine biomasse et non biomasse);77500000;kg/an
0003201824;AURILLAC CHALEUR BOIS (ACB);2021;Air;Dioxyde de carbone (CO2) d'origine biomasse;18400000;kg/an
0003201824;AURILLAC CHALEUR BOIS (ACB);2021;Air;Dioxyde de carbone (CO2) total (d'origine biomasse et non biomasse);20200000;kg/an
0003300085;SCEA des Longchamps;2021;Sol;Azote total;65800;kg/an
0003300085;SCEA des Longchamps;2021;Sol;Phosphore total;18400;kg/an
0003300377;MACON ENERGIES SERVICES;2021;Air;Dioxyde de carbone (CO2) d'origine biomasse;28100000;kg/an
0003300377;MACON ENERGIES SERVICES;2021;Air;Dioxyde de carbone (CO2) d'origine non biomasse;17600000;kg/an
0003300377;MACON ENERGIES SERVICES;2021;Air;Dioxyde de carbone (CO2) total (d'origine biomasse et non biomasse);45600000;kg/an
0003300469;Solvay France;2021;Air;Ammoniac (NH3);12200;kg/an
0003300469;Solvay France;2021;Air;Hydrochlorofluorocarbures (HCFC);1370;kg/an
0003300469;Solvay France;2021;Air;Hydroflurocarbures (HFC);2330;kg/an
0003300469;Solvay France;2021;Air;Oxydes d'azote (NOx/NO2);218000;kg/an
0003300469;Solvay France;2021;Air;Protoxyde d'azote (N2O);16600;kg/an
0003300469;Solvay France;2021;Air;Tétrachlorométhane (TCM, tétrachlorure de carbone);178;kg/an
0003300469;Solvay France;2021;Air;Dioxyde de carbone (CO2) d'origine non biomasse;375000000;kg/an
0003300469;Solvay France;2021;Air;Dioxyde de carbone (CO2) total (d'origine biomasse et non biomasse);375000000;kg/an
0003300469;Solvay France;2021;Eau (direct);Chlorures (en tant que Cl total);64800000;kg/an
0005101363;ARCELORMITTAL ATLANTIQUE -  LORRAINE;2021;Air;Dioxyde de carbone (CO2) total (d'origine biomasse et non biomasse);57100000;kg/an
0005101524;EJ Picardie;2021;Air;Dioxyde de carbone (CO2) d'origine non biomasse;33600000;kg/an
0005101524;EJ Picardie;2021;Air;Dioxyde de carbone (CO2) total (d'origine biomasse et non biomasse);33600000;kg/an
0005101542;REVOCOAT FRANCE SAS;2021;Air;Composés organiques volatils non méthaniques (COVNM);38600;kg/an
0005101610;SAINT GOBAIN GLASS;2021;Air;Oxydes d'azote (NOx/NO2);109000;kg/an
0005101610;SAINT GOBAIN GLASS;2021;Air;Dioxyde de carbone (CO2) d'origine non biomasse;88100000;kg/an
0005101610;SAINT GOBAIN GLASS;2021;Air;Dioxyde de carbone (CO2) total (d'origine biomasse et non biomasse);88100000;kg/an
0005101610;SAINT GOBAIN GLASS;2021;Air;Sélénium;635;kg/an
0005101668;ARKEMA;2021;Air;Composés organiques volatils non méthaniques (COVNM);38000;kg/an
0005101699;LACTINOV  (ex-SFPL);2021;Eau (indirect);Demande biologique en oxygène (DBO5);218000;kg/an
0005101699;LACTINOV  (ex-SFPL);2021;Eau (indirect);Demande chimique en oxygène (DCO);567000;kg/an
0005101758;EUROSERUM;2021;Eau (indirect);Demande biologique en oxygène (DBO5);92500;kg/an
0005101758;EUROSERUM;2021;Eau (indirect);Demande chimique en oxygène (DCO);220000;kg/an
0005101812;ETOUVIE ENERGIES ET ENVIRONNEMENT;2021;Air;Dioxyde de carbone (CO2) total (d'origine biomasse et non biomasse);16400000;kg/an
0005101887;METEX NOOVISTAGO (ex AJINOMOTO);2021;Air;Hydroflurocarbures (HFC);155;kg/an
0005101887;METEX NOOVISTAGO (ex AJINOMOTO);2021;Air;Dioxyde de carbone (CO2) d'origine non biomasse;18900000;kg/an
0005101887;METEX NOOVISTAGO (ex AJINOMOTO);2021;Air;Dioxyde de carbone (CO2) total (d'origine biomasse et non biomasse);18900000;kg/an
0005101887;METEX NOOVISTAGO (ex AJINOMOTO);2021;Eau (direct);Demande chimique en oxygène (DCO);299000;kg/an
0005101887;METEX NOOVISTAGO (ex AJINOMOTO);2021;Sol;Chrome et composés (exprimés en tant que Cr);112;kg/an
0005101887;METEX NOOVISTAGO (ex AJINOMOTO);2021;Sol;Cuivre et composés (exprimés en tant que Cu);51.6;kg/an
0005101887;METEX NOOVISTAGO (ex AJINOMOTO);2021;Sol;Fer et composés (exprimés en tant que Fe);54600;kg/an
0005101887;METEX NOOVISTAGO (ex AJINOMOTO);2021;Sol;Manganèse et composés (exprimés en tant que Mn);991;kg/an
0005101887;METEX NOOVISTAGO (ex AJINOMOTO);2021;Sol;Nickel et composés (exprimés en tant que Ni);66.2;kg/an
0005101887;METEX NOOVISTAGO (ex AJINOMOTO);2021;Sol;Plomb et composés (exprimés en tant que Pb);29.1;kg/an
0005101887;METEX NOOVISTAGO (ex AJINOMOTO);2021;Sol;Zinc et composés (exprimés en tant que Zn);387;kg/an
0005101904;PROCTER et  GAMBLE AMIENS;2021;Air;Dioxyde de carbone (CO2) d'origine non biomasse;14500000;kg/an
0005101904;PROCTER et  GAMBLE AMIENS;2021;Air;Dioxyde de carbone (CO2) total (d'origine biomasse et non biomasse);14500000;kg/an
0005101916;Mersen (ex CARBONE LORRAINE);2021;Air;Composés organiques volatils non méthaniques (COVNM);3510000;kg/an
0005101916;Mersen (ex CARBONE LORRAINE);2021;Air;Hydrocarbures aromatiques polycycliques (HAP);17600;kg/an
0005102027;SECODE;2021;Air;Dioxyde de carbone (CO2) d'origine biomasse;11500000;kg/an
0005102027;SECODE;2021;Air;Méthane (CH4);428000;kg/an
0005102027;SECODE;2021;Air;Dioxyde de carbone (CO2) d'origine non biomasse;10700000;kg/an
0005102027;SECODE;2021;Air;Dioxyde de carbone (CO2) total (d'origine biomasse et non biomasse);22200000;kg/an
0005102078;DS SMITH PACKAGING EX OTOR PICARDIE;2021;Air;Dioxyde de carbone (CO2) d'origine non biomasse;33200000;kg/an
0005102078;DS SMITH PACKAGING EX OTOR PICARDIE;2021;Air;Dioxyde de carbone (CO2) total (d'origine biomasse et non biomasse);33200000;kg/an
0005102147;CRISTAL UNION ex SICA PULPE HAUTE PICARDIE;2021;Air;Acétaldéhyde (aldéhyde acétique  éthanal);768;kg/an
0005102147;CRISTAL UNION ex SICA PULPE HAUTE PICARDIE;2021;Air;Dioxyde de carbone (CO2) d'origine non biomasse;19100000;kg/an
0005102147;CRISTAL UNION ex SICA PULPE HAUTE PICARDIE;2021;Air;Dioxyde de carbone (CO2) total (d'origine biomasse et non biomasse);19100000;kg/an
0005102308;SMIRTOM PICARDIE OUEST (ex SMITOP);2021;Air;Méthane (CH4);714000;kg/an
0005102362;AJINOMOTO FOODS EUROPE;2021;Eau (indirect);Azote total;281000;kg/an
0005102362;AJINOMOTO FOODS EUROPE;2021;Eau (indirect);Demande chimique en oxygène (DCO);1500000;kg/an
0005102374;BONDUELLE EUROPE LONG LIFE;2021;Eau (direct);Composés organohalogénés (exprimés en tant que AOX);1120;kg/an
0005102374;BONDUELLE EUROPE LONG LIFE;2021;Eau (direct);Phosphore total;9850;kg/an
0005102404;TEREOS  STARCH & SWEETENER EUROPE;2021;Air;Composés organiques volatils non méthaniques (COVNM);304000;kg/an
0005102404;TEREOS  STARCH & SWEETENER EUROPE;2021;Air;Dioxyde de carbone (CO2) d'origine non biomasse;219000000;kg/an
0005102404;TEREOS  STARCH & SWEETENER EUROPE;2021;Air;Dioxyde de carbone (CO2) total (d'origine biomasse et non biomasse);219000000;kg/an
0005102404;TEREOS  STARCH & SWEETENER EUROPE;2021;Eau (direct);Zinc et composés (exprimés en tant que Zn);111;kg/an
0005102404;TEREOS  STARCH & SWEETENER EUROPE;2021;Sol;Zinc et composés (exprimés en tant que Zn);114;kg/an
0005102417;COVED;2021;Air;Méthane (CH4);384000;kg/an
0005102481;VALNOR SA;2021;Air;Méthane (CH4);995000;kg/an
0005102490;SITPA  Rosieres;2021;Air;Dioxyde de carbone (CO2) d'origine biomasse;28600000;kg/an
0005102490;SITPA  Rosieres;2021;Air;Dioxyde de carbone (CO2) total (d'origine biomasse et non biomasse);29100000;kg/an
0005102505;SAINT LOUIS SUCRE SNC;2021;Air;Dioxyde de carbone (CO2) d'origine non biomasse;69200000;kg/an
0005102505;SAINT LOUIS SUCRE SNC;2021;Air;Dioxyde de carbone (CO2) total (d'origine biomasse et non biomasse);69200000;kg/an
0005102581;ROQUETTE  FRERES;2021;Air;Dioxyde de carbone (CO2) d'origine non biomasse;25600000;kg/an
0005102581;ROQUETTE  FRERES;2021;Air;Dioxyde de carbone (CO2) total (d'origine biomasse et non biomasse);29300000;kg/an
0005102581;ROQUETTE  FRERES;2021;Sol;Azote total;397000;kg/an
0005102581;ROQUETTE  FRERES;2021;Sol;Nickel et composés (exprimés en tant que Ni);24.3;kg/an
0005102581;ROQUETTE  FRERES;2021;Sol;Phosphore total;136000;kg/an
0005102587;RKW SFE SAS;2021;Air;Composés organiques volatils non méthaniques (COVNM);102000;kg/an
0005102598;SOCIETE VERMANDOISE INDUSTRIES SVI;2021;Air;Dioxyde de carbone (CO2) d'origine non biomasse;59200000;kg/an
0005102598;SOCIETE VERMANDOISE INDUSTRIES SVI;2021;Air;Dioxyde de carbone (CO2) total (d'origine biomasse et non biomasse);59200000;kg/an
0005103204;EDILIANS tuilerie de St Germer;2021;Air;Dioxyde de carbone (CO2) d'origine non biomasse;35100000;kg/an
0005103204;EDILIANS tuilerie de St Germer;2021;Air;Dioxyde de carbone (CO2) total (d'origine biomasse et non biomasse);35100000;kg/an
0005103657;Flint Groupe France;2021;Air;Composés organiques volatils non méthaniques (COVNM);75800;kg/an
0005103728;SOCOPIC-Sté Cogénér.Picardie (ex.Dalkia);2021;Air;Dioxyde de carbone (CO2) d'origine non biomasse;101000000;kg/an
0005103728;SOCOPIC-Sté Cogénér.Picardie (ex.Dalkia);2021;Air;Dioxyde de carbone (CO2) total (d'origine biomasse et non biomasse);101000000;kg/an
0005103811;ESIANE;2021;Air;Dioxyde de carbone (CO2) d'origine biomasse;89500000;kg/an
0005103811;ESIANE;2021;Air;Dioxyde de carbone (CO2) d'origine non biomasse;67800000;kg/an
0005103811;ESIANE;2021;Air;Dioxyde de carbone (CO2) total (d'origine biomasse et non biomasse);157000000;kg/an
0005103888;QUALIPAC (ex LMA Packaging);2021;Air;Composés organiques volatils non méthaniques (COVNM);41600;kg/an
0005104640;LACTINOV (EX UNILEP);2021;Sol;Cuivre et composés (exprimés en tant que Cu);76.2;kg/an
0005104640;LACTINOV (EX UNILEP);2021;Sol;Nickel et composés (exprimés en tant que Ni);37.2;kg/an
0005104640;LACTINOV (EX UNILEP);2021;Sol;Zinc et composés (exprimés en tant que Zn);407;kg/an
0005105624;ETEX FRANCE BUILDING PERFORMANCE;2021;Air;Composés organiques volatils non méthaniques (COVNM);246000;kg/an
0005105788;WEYLCHEM LAMOTTE (ex CLARIANT SFC);2021;Air;Acétaldéhyde (aldéhyde acétique  éthanal);2240;kg/an
0005105788;WEYLCHEM LAMOTTE (ex CLARIANT SFC);2021;Air;Composés organiques volatils non méthaniques (COVNM);91600;kg/an
0005105788;WEYLCHEM LAMOTTE (ex CLARIANT SFC);2021;Air;Hydroflurocarbures (HFC);231;kg/an
0005105788;WEYLCHEM LAMOTTE (ex CLARIANT SFC);2021;Air;Méthane (CH4);157000;kg/an
0005105788;WEYLCHEM LAMOTTE (ex CLARIANT SFC);2021;Air;Oxydes de soufre (SOx/SO2);263000;kg/an
0005105788;WEYLCHEM LAMOTTE (ex CLARIANT SFC);2021;Air;Protoxyde d'azote (N2O);274000;kg/an
0005105788;WEYLCHEM LAMOTTE (ex CLARIANT SFC);2021;Air;Dioxyde de carbone (CO2) d'origine non biomasse;21900000;kg/an
0005105788;WEYLCHEM LAMOTTE (ex CLARIANT SFC);2021;Air;Dioxyde de carbone (CO2) total (d'origine biomasse et non biomasse);21900000;kg/an
0005105788;WEYLCHEM LAMOTTE (ex CLARIANT SFC);2021;Eau (direct);Chlorures (en tant que Cl total);4390000;kg/an
0005105788;WEYLCHEM LAMOTTE (ex CLARIANT SFC);2021;Eau (direct);Demande biologique en oxygène (DBO5);77600;kg/an
0005105788;WEYLCHEM LAMOTTE (ex CLARIANT SFC);2021;Eau (direct);Demande chimique en oxygène (DCO);471000;kg/an
0005105788;WEYLCHEM LAMOTTE (ex CLARIANT SFC);2021;Eau (direct);Fer et composés (exprimés en tant que Fe);5110;kg/an
0005105788;WEYLCHEM LAMOTTE (ex CLARIANT SFC);2021;Eau (direct);Nickel et composés (exprimés en tant que Ni);42;kg/an
0005105788;WEYLCHEM LAMOTTE (ex CLARIANT SFC);2021;Eau (direct);Phénols (en tant que C total);111;kg/an
0005105788;WEYLCHEM LAMOTTE (ex CLARIANT SFC);2021;Eau (direct);Sulfates;3330000;kg/an
0005105788;WEYLCHEM LAMOTTE (ex CLARIANT SFC);2021;Sol;Nickel et composés (exprimés en tant que Ni);25.2;kg/an
0005105788;WEYLCHEM LAMOTTE (ex CLARIANT SFC);2021;Sol;Zinc et composés (exprimés en tant que Zn);265;kg/an
0005105839;SYNTHOMER (ex HEXION MOMENTIVE);2021;Air;Dioxyde de carbone (CO2) d'origine non biomasse;14000000;kg/an
0005105839;SYNTHOMER (ex HEXION MOMENTIVE);2021;Air;Dioxyde de carbone (CO2) total (d'origine biomasse et non biomasse);14000000;kg/an
0005106008;VALOR'AISNE;2021;Air;Méthane (CH4);520000;kg/an
0005106416;SEDE ENVIRONNEMENT;2021;Air;Ammoniac (NH3);12200;kg/an
0005106523;SPAT;2021;Air;Dioxyde de carbone (CO2) d'origine biomasse;17600000;kg/an
0005106523;SPAT;2021;Air;Méthane (CH4);136000;kg/an
0005106523;SPAT;2021;Air;Dioxyde de carbone (CO2) total (d'origine biomasse et non biomasse);17600000;kg/an
0005106523;SPAT;2021;Eau (indirect);Cadmium et composés (exprimés en tant que Cd);3.44;kg/an
0005106523;SPAT;2021;Eau (indirect);Mercure et composés (exprimés en tant que Hg);5.51;kg/an
0005106524;SITA OISE;2021;Air;Dioxyde de carbone (CO2) d'origine biomasse;46200000;kg/an
0005106524;SITA OISE;2021;Air;Méthane (CH4);547000;kg/an
0005106524;SITA OISE;2021;Air;Dioxyde de carbone (CO2) total (d'origine biomasse et non biomasse);46200000;kg/an
0005106528;SUEZ ORGANIQUE;2021;Sol;Azote total;208000;kg/an
0005106528;SUEZ ORGANIQUE;2021;Sol;Phosphore total;378000;kg/an
0005106534;SUEZ RV Ile-de-France;2021;Air;Dioxyde de carbone (CO2) d'origine biomasse;73800000;kg/an
0005106534;SUEZ RV Ile-de-France;2021;Air;Méthane (CH4);820000;kg/an
0005106534;SUEZ RV Ile-de-France;2021;Air;Dioxyde de carbone (CO2) total (d'origine biomasse et non biomasse);73800000;kg/an
0005106546;SUEZ RV Ile-de-France (ex. SITA IdF);2021;Air;Méthane (CH4);115000;kg/an
0005106562;GL ORGANOSOL;2021;Sol;Azote total;230000;kg/an
0005106562;GL ORGANOSOL;2021;Sol;Cadmium et composés (exprimés en tant que Cd);5.91;kg/an
0005106562;GL ORGANOSOL;2021;Sol;Chrome et composés (exprimés en tant que Cr);213;kg/an
0005106562;GL ORGANOSOL;2021;Sol;Cuivre et composés (exprimés en tant que Cu);2010;kg/an
0005106562;GL ORGANOSOL;2021;Sol;Mercure et composés (exprimés en tant que Hg);3.53;kg/an
0005106562;GL ORGANOSOL;2021;Sol;Nickel et composés (exprimés en tant que Ni);142;kg/an
0005106562;GL ORGANOSOL;2021;Sol;Phosphore total;340000;kg/an
0005106562;GL ORGANOSOL;2021;Sol;Plomb et composés (exprimés en tant que Pb);314;kg/an
0005106562;GL ORGANOSOL;2021;Sol;Zinc et composés (exprimés en tant que Zn);4580;kg/an
0005106562;GL ORGANOSOL;2021;Sol;PCBi : somme des 7 PCB indicateurs (PCB 28+PCB 52+PCB 101+PCB 118+PCB 138+PCB 153+PCB 180);0.416;kg/an
0005106614;KOGEBAN;2021;Air;Dioxyde de carbone (CO2) d'origine biomasse;192000000;kg/an
0005106614;KOGEBAN;2021;Air;Oxydes d'azote (NOx/NO2);156000;kg/an
0005106614;KOGEBAN;2021;Air;Dioxyde de carbone (CO2) total (d'origine biomasse et non biomasse);192000000;kg/an
0005106621;SAPA  BUILDING SYSTEMS  FRANCE (HBS);2021;Eau (indirect);Aluminium et composés (exprimés en tant que Al);4660;kg/an
0005106621;SAPA  BUILDING SYSTEMS  FRANCE (HBS);2021;Eau (indirect);Arsenic et composés (exprimés en tant que As);36;kg/an
0005106621;SAPA  BUILDING SYSTEMS  FRANCE (HBS);2021;Eau (indirect);Cadmium et composés (exprimés en tant que Cd);7;kg/an
0005106621;SAPA  BUILDING SYSTEMS  FRANCE (HBS);2021;Eau (indirect);Cyanures (sous forme de CN total);72;kg/an
0005106621;SAPA  BUILDING SYSTEMS  FRANCE (HBS);2021;Eau (indirect);Demande chimique en oxygène (DCO);501000;kg/an
0005106621;SAPA  BUILDING SYSTEMS  FRANCE (HBS);2021;Eau (indirect);Fluorures (en tant que F total);84800;kg/an
0005106621;SAPA  BUILDING SYSTEMS  FRANCE (HBS);2021;Eau (indirect);Nickel et composés (exprimés en tant que Ni);36;kg/an
0005106630;SUEZ ORGANIQUE;2021;Sol;Chrome et composés (exprimés en tant que Cr);69.5;kg/an
0005106630;SUEZ ORGANIQUE;2021;Sol;Cuivre et composés (exprimés en tant que Cu);207;kg/an
0005106630;SUEZ ORGANIQUE;2021;Sol;Nickel et composés (exprimés en tant que Ni);34.9;kg/an
0005106630;SUEZ ORGANIQUE;2021;Sol;Phosphore total;24800;kg/an
0005106630;SUEZ ORGANIQUE;2021;Sol;Plomb et composés (exprimés en tant que Pb);194;kg/an
0005106630;SUEZ ORGANIQUE;2021;Sol;Zinc et composés (exprimés en tant que Zn);723;kg/an
0005106806;SEDE ENVIRONNEMENT;2021;Air;Ammoniac (NH3);23800;kg/an
0005106868;COGENERATION BIOMASSE ESTREES - CBEM;2021;Air;Dioxyde de carbone (CO2) d'origine biomasse;108000000;kg/an
0005106868;COGENERATION BIOMASSE ESTREES - CBEM;2021;Air;Oxydes d'azote (NOx/NO2);120000;kg/an
0005106868;COGENERATION BIOMASSE ESTREES - CBEM;2021;Air;Dioxyde de carbone (CO2) total (d'origine biomasse et non biomasse);108000000;kg/an
0005107182;DEN BRAVEN France;2021;Air;Composés organiques volatils non méthaniques (COVNM);32700;kg/an
0005108060;ARCHROMA FRANCE SAS ex-CLARIANT;2021;Eau (indirect);Demande chimique en oxygène (DCO);462000;kg/an
0005200010;POLYREY S.A.S. (usine);2021;Air;Dioxyde de carbone (CO2) d'origine non biomasse;17400000;kg/an
0005200010;POLYREY S.A.S. (usine);2021;Air;Dioxyde de carbone (CO2) total (d'origine biomasse et non biomasse);17400000;kg/an
0005200028;EURENCO SA;2021;Air;Composés organiques volatils non méthaniques (COVNM);67200;kg/an
0005200028;EURENCO SA;2021;Air;Dioxyde de carbone (CO2) d'origine non biomasse;11300000;kg/an
0005200028;EURENCO SA;2021;Air;Dioxyde de carbone (CO2) total (d'origine biomasse et non biomasse);11300000;kg/an
0005200074;BERKEM SAS;2021;Air;Composés organiques volatils non méthaniques (COVNM);365000;kg/an
0005200074;BERKEM SAS;2021;Air;Méthanol (alcool méthylique);75700;kg/an
0005200081;MUNKSJÖ ROTTERSAC SAS;2021;Eau (direct);Demande biologique en oxygène (DBO5);62600;kg/an
0005200081;MUNKSJÖ ROTTERSAC SAS;2021;Eau (direct);Demande chimique en oxygène (DCO);265000;kg/an
0005200086;CONDAT SAS;2021;Air;Dioxyde de carbone (CO2) d'origine non biomasse;48700000;kg/an
0005200086;CONDAT SAS;2021;Air;Dioxyde de carbone (CO2) total (d'origine biomasse et non biomasse);48700000;kg/an
0005200086;CONDAT SAS;2021;Eau (direct);Aluminium et composés (exprimés en tant que Al);24000;kg/an
0005200086;CONDAT SAS;2021;Sol;Nickel et composés (exprimés en tant que Ni);21.9;kg/an
0005200096;SITA SUD OUEST;2021;Air;Méthane (CH4);228000;kg/an
0005200110;CORENSO France SA;2021;Air;Dioxyde de carbone (CO2) d'origine non biomasse;18300000;kg/an
0005200110;CORENSO France SA;2021;Air;Dioxyde de carbone (CO2) total (d'origine biomasse et non biomasse);18300000;kg/an
0005200110;CORENSO France SA;2021;Eau (direct);Demande chimique en oxygène (DCO);270000;kg/an
0005200156;CHAUX DE ST ASTIER SAS;2021;Air;Monoxyde de carbone (CO);575000;kg/an
0005200156;CHAUX DE ST ASTIER SAS;2021;Air;Dioxyde de carbone (CO2) d'origine non biomasse;25900000;kg/an
0005200156;CHAUX DE ST ASTIER SAS;2021;Air;Dioxyde de carbone (CO2) total (d'origine biomasse et non biomasse);25900000;kg/an
0005200214;LHOIST France Centre et Sud-Ouest SAS;2021;Air;Dioxyde de carbone (CO2) d'origine biomasse;24600000;kg/an
0005200214;LHOIST France Centre et Sud-Ouest SAS;2021;Air;Dioxyde de carbone (CO2) d'origine non biomasse;43700000;kg/an
0005200214;LHOIST France Centre et Sud-Ouest SAS;2021;Air;Dioxyde de carbone (CO2) total (d'origine biomasse et non biomasse);68400000;kg/an
0005200251;SANOFI WINTHROP INDUSTRIE;2021;Air;Hydroflurocarbures (HFC);748;kg/an
0005200256;EPG;2021;Air;Composés organiques volatils non méthaniques (COVNM);40400;kg/an
0005200259;YARA FRANCE;2021;Air;Ammoniac (NH3);107000;kg/an
0005200259;YARA FRANCE;2021;Air;Oxydes d'azote (NOx/NO2);103000;kg/an
0005200259;YARA FRANCE;2021;Air;Protoxyde d'azote (N2O);101000;kg/an
0005200265;LUCIEN BERNARD SA;2021;Air;Composés organiques volatils non méthaniques (COVNM);219000;kg/an
0005200351;SIMOREP & CIE- CS MICHELIN;2021;Air;Composés organiques volatils non méthaniques (COVNM);453000;kg/an
0005200351;SIMOREP & CIE- CS MICHELIN;2021;Air;Dioxyde de carbone (CO2) d'origine non biomasse;131000000;kg/an
0005200351;SIMOREP & CIE- CS MICHELIN;2021;Air;Dioxyde de carbone (CO2) total (d'origine biomasse et non biomasse);131000000;kg/an
0005200351;SIMOREP & CIE- CS MICHELIN;2021;Eau (direct);Cobalt et composés (exprimés en tant que Co);80.5;kg/an
0005200359;SAIPOL SA;2021;Air;Composés organiques volatils non méthaniques (COVNM);404000;kg/an
0005200359;SAIPOL SA;2021;Air;Dioxyde de carbone (CO2) d'origine biomasse;69500000;kg/an
0005200359;SAIPOL SA;2021;Air;Oxydes d'azote (NOx/NO2);145000;kg/an
0005200359;SAIPOL SA;2021;Air;Dioxyde de carbone (CO2) total (d'origine biomasse et non biomasse);75500000;kg/an
0005200378;VALBOM;2021;Air;Dioxyde de carbone (CO2) d'origine biomasse;119000000;kg/an
0005200378;VALBOM;2021;Air;Oxydes d'azote (NOx/NO2);124000;kg/an
0005200378;VALBOM;2021;Air;Dioxyde de carbone (CO2) d'origine non biomasse;90600000;kg/an
0005200378;VALBOM;2021;Air;Dioxyde de carbone (CO2) total (d'origine biomasse et non biomasse);209000000;kg/an
0005200420;SMURFIT KAPPA CELLULOSE DU PIN;2021;Air;Composés organiques volatils non méthaniques (COVNM);31700;kg/an
0005200420;SMURFIT KAPPA CELLULOSE DU PIN;2021;Air;Dioxyde de carbone (CO2) d'origine biomasse;820000000;kg/an
0005200420;SMURFIT KAPPA CELLULOSE DU PIN;2021;Air;Mercure et composés (exprimés en tant que Hg);12.2;kg/an
0005200420;SMURFIT KAPPA CELLULOSE DU PIN;2021;Air;Monoxyde de carbone (CO);863000;kg/an
0005200420;SMURFIT KAPPA CELLULOSE DU PIN;2021;Air;Oxydes d'azote (NOx/NO2);178000;kg/an
0005200420;SMURFIT KAPPA CELLULOSE DU PIN;2021;Air;Dioxyde de carbone (CO2) d'origine non biomasse;28400000;kg/an
0005200420;SMURFIT KAPPA CELLULOSE DU PIN;2021;Air;Dioxyde de carbone (CO2) total (d'origine biomasse et non biomasse);849000000;kg/an
0005200420;SMURFIT KAPPA CELLULOSE DU PIN;2021;Eau (direct);Azote total;92200;kg/an
0005200420;SMURFIT KAPPA CELLULOSE DU PIN;2021;Eau (direct);Chloroforme (trichlorométhane);36;kg/an
0005200420;SMURFIT KAPPA CELLULOSE DU PIN;2021;Eau (direct);Composés organohalogénés (exprimés en tant que AOX);1840;kg/an
0005200420;SMURFIT KAPPA CELLULOSE DU PIN;2021;Eau (direct);Demande biologique en oxygène (DBO5);1020000;kg/an
0005200420;SMURFIT KAPPA CELLULOSE DU PIN;2021;Eau (direct);Demande chimique en oxygène (DCO);3770000;kg/an
0005200420;SMURFIT KAPPA CELLULOSE DU PIN;2021;Eau (direct);Di(2-éthylhexyle)phtalate (DEHP);3.42;kg/an
0005200420;SMURFIT KAPPA CELLULOSE DU PIN;2021;Eau (direct);Hydrocarbures;11300;kg/an
0005200420;SMURFIT KAPPA CELLULOSE DU PIN;2021;Eau (direct);Matières en suspension (MES);654000;kg/an
0005200420;SMURFIT KAPPA CELLULOSE DU PIN;2021;Eau (direct);Mercure et composés (exprimés en tant que Hg);1.19;kg/an
0005200420;SMURFIT KAPPA CELLULOSE DU PIN;2021;Eau (direct);Nonylphénols et éthoxylates de nonylphénol (NP/NPE);1.02;kg/an
0005200420;SMURFIT KAPPA CELLULOSE DU PIN;2021;Eau (direct);Phosphore total;10900;kg/an
0005200420;SMURFIT KAPPA CELLULOSE DU PIN;2021;Eau (direct);Phénols (en tant que C total);400;kg/an
0005200592;SAFT SAS;2021;Air;Hydroflurocarbures (HFC);104;kg/an
0005200592;SAFT SAS;2021;Eau (direct);Cadmium et composés (exprimés en tant que Cd);2.9;kg/an
0005200595;GROUPE BERNARD SA;2021;Air;Composés organiques volatils non méthaniques (COVNM);31900;kg/an
0005200678;VALBOM (ex RIVE DROITE ENVIRONNEMENT);2021;Air;Dioxyde de carbone (CO2) d'origine biomasse;59400000;kg/an
0005200678;VALBOM (ex RIVE DROITE ENVIRONNEMENT);2021;Air;Dioxyde de carbone (CO2) d'origine non biomasse;45000000;kg/an
0005200678;VALBOM (ex RIVE DROITE ENVIRONNEMENT);2021;Air;Dioxyde de carbone (CO2) total (d'origine biomasse et non biomasse);104000000;kg/an
0005200682;SEDE Environnement;2021;Air;Ammoniac (NH3);29400;kg/an
0005200682;SEDE Environnement;2021;Sol;Cuivre et composés (exprimés en tant que Cu);319;kg/an
0005200682;SEDE Environnement;2021;Sol;Nickel et composés (exprimés en tant que Ni);30.1;kg/an
0005200682;SEDE Environnement;2021;Sol;Plomb et composés (exprimés en tant que Pb);81.8;kg/an
0005200682;SEDE Environnement;2021;Sol;Zinc et composés (exprimés en tant que Zn);879;kg/an
0005200721;UCVA;2021;Air;Dioxyde de carbone (CO2) d'origine biomasse;26800000;kg/an
0005200721;UCVA;2021;Air;Dioxyde de carbone (CO2) total (d'origine biomasse et non biomasse);27400000;kg/an
0005200812;ARIANEGROUP;2021;Air;Hydroflurocarbures (HFC);139;kg/an
0005200856;SCEA  DE GALABEN;2021;Air;Ammoniac (NH3);13000;kg/an
0005200859;SOVAL;2021;Air;Dioxyde de carbone (CO2) d'origine biomasse;51000000;kg/an
0005200859;SOVAL;2021;Air;Méthane (CH4);1820000;kg/an
0005200859;SOVAL;2021;Air;Dioxyde de carbone (CO2) total (d'origine biomasse et non biomasse);51000000;kg/an
0005200869;L'ELECTROLYSE SAS;2021;Eau (direct);Cadmium et composés (exprimés en tant que Cd);1.78;kg/an
0005200869;L'ELECTROLYSE SAS;2021;Eau (direct);Nickel et composés (exprimés en tant que Ni);22.5;kg/an
0005201153;SAS LELAY;2021;Air;Ammoniac (NH3);27500;kg/an
0005201174;SCEA FOUGERAIE;2021;Air;Ammoniac (NH3);12900;kg/an
0005201222;ETEX FRANCE BUILDING PERFORMANCE;2021;Air;Dioxyde de carbone (CO2) d'origine non biomasse;31300000;kg/an
0005201222;ETEX FRANCE BUILDING PERFORMANCE;2021;Air;Dioxyde de carbone (CO2) total (d'origine biomasse et non biomasse);31300000;kg/an
0005201262;ARIANEGROUP;2021;Air;Hydroflurocarbures (HFC);139;kg/an
0005201277;AMCOR FLEXIBLES CAPSULES FRANCE;2021;Air;Composés organiques volatils non méthaniques (COVNM);99200;kg/an
0005201349;VERMILION REP S.A.S.;2021;Air;Composés organiques volatils non méthaniques (COVNM);71000;kg/an
0005201349;VERMILION REP S.A.S.;2021;Air;Oxydes de soufre (SOx/SO2);549000;kg/an
0005201349;VERMILION REP S.A.S.;2021;Air;Dioxyde de carbone (CO2) d'origine non biomasse;21500000;kg/an
0005201349;VERMILION REP S.A.S.;2021;Air;Dioxyde de carbone (CO2) total (d'origine biomasse et non biomasse);21500000;kg/an
0005201375;O-I France SAS;2021;Air;Arsenic et composés (exprimés en tant que As);24.4;kg/an
0005201375;O-I France SAS;2021;Air;Oxydes de soufre (SOx/SO2);161000;kg/an
0005201375;O-I France SAS;2021;Air;Oxydes d'azote (NOx/NO2);367000;kg/an
0005201375;O-I France SAS;2021;Air;Dioxyde de carbone (CO2) d'origine non biomasse;72100000;kg/an
0005201375;O-I France SAS;2021;Air;Dioxyde de carbone (CO2) total (d'origine biomasse et non biomasse);72100000;kg/an
0005201375;O-I France SAS;2021;Air;Sélénium;23.5;kg/an
0005201420;TERRALIA SARL;2021;Air;Méthane (CH4);151000;kg/an
0005201464;SITCOM côte sud des Landes;2021;Air;Dioxyde de carbone (CO2) d'origine biomasse;44300000;kg/an
0005201464;SITCOM côte sud des Landes;2021;Air;Mercure et composés (exprimés en tant que Hg);10.7;kg/an
0005201464;SITCOM côte sud des Landes;2021;Air;Dioxyde de carbone (CO2) d'origine non biomasse;33400000;kg/an
0005201464;SITCOM côte sud des Landes;2021;Air;Dioxyde de carbone (CO2) total (d'origine biomasse et non biomasse);77700000;kg/an
0005201506;Usine DRT Castets;2021;Air;Composés organiques volatils non méthaniques (COVNM);107000;kg/an
0005201506;Usine DRT Castets;2021;Air;Dioxyde de carbone (CO2) d'origine biomasse;12000000;kg/an
0005201506;Usine DRT Castets;2021;Air;Dioxyde de carbone (CO2) total (d'origine biomasse et non biomasse);17900000;kg/an
0005201506;Usine DRT Castets;2021;Eau (direct);Demande chimique en oxygène (DCO);2840000;kg/an
0005201604;SERETRAM;2021;Air;Méthane (CH4);636000;kg/an
0005201604;SERETRAM;2021;Air;Dioxyde de carbone (CO2) total (d'origine biomasse et non biomasse);10600000;kg/an
0005201604;SERETRAM;2021;Sol;Zinc et composés (exprimés en tant que Zn);200;kg/an
0005201687;GASCOGNE SACS;2021;Air;Composés organiques volatils non méthaniques (COVNM);57500;kg/an
0005201764;CHEMVIRON;2021;Air;Acétaldéhyde (aldéhyde acétique  éthanal);269;kg/an
0005201764;CHEMVIRON;2021;Air;Benzène;2340;kg/an
0005201764;CHEMVIRON;2021;Air;Composés organiques volatils non méthaniques (COVNM);41000;kg/an
0005201764;CHEMVIRON;2021;Air;Dioxyde de carbone (CO2) d'origine biomasse;26200000;kg/an
0005201764;CHEMVIRON;2021;Air;Dioxyde de carbone (CO2) d'origine non biomasse;21100000;kg/an
0005201764;CHEMVIRON;2021;Air;Dioxyde de carbone (CO2) total (d'origine biomasse et non biomasse);47300000;kg/an
0005201789;SIVOM des cantons du pays de Born;2021;Air;Dioxyde de carbone (CO2) d'origine biomasse;21900000;kg/an
0005201789;SIVOM des cantons du pays de Born;2021;Air;Oxydes d'azote (NOx/NO2);122000;kg/an
0005201789;SIVOM des cantons du pays de Born;2021;Air;Protoxyde d'azote (N2O);12500;kg/an
0005201789;SIVOM des cantons du pays de Born;2021;Air;Zinc et composés (exprimés en tant que Zn);423;kg/an
0005201789;SIVOM des cantons du pays de Born;2021;Air;Dioxyde de carbone (CO2) d'origine non biomasse;16500000;kg/an
0005201789;SIVOM des cantons du pays de Born;2021;Air;Dioxyde de carbone (CO2) total (d'origine biomasse et non biomasse);38400000;kg/an
0005201806;MLPC International SA;2021;Air;Composés organiques volatils non méthaniques (COVNM);90700;kg/an
0005201806;MLPC International SA;2021;Eau (direct);Cyanures (sous forme de CN total);290;kg/an
0005201806;MLPC International SA;2021;Eau (direct);Phénols (en tant que C total);250;kg/an
0005201807;EGGER Panneaux & Décors;2021;Air;Aldéhyde formique (formaldéhyde);23900;kg/an
0005201807;EGGER Panneaux & Décors;2021;Air;Composés organiques volatils non méthaniques (COVNM);382000;kg/an
0005201807;EGGER Panneaux & Décors;2021;Air;Dioxyde de carbone (CO2) d'origine biomasse;128000000;kg/an
0005201807;EGGER Panneaux & Décors;2021;Air;Oxydes d'azote (NOx/NO2);126000;kg/an
0005201807;EGGER Panneaux & Décors;2021;Air;Dioxyde de carbone (CO2) total (d'origine biomasse et non biomasse);133000000;kg/an
0005201831;EDILIANS;2021;Air;Dioxyde de carbone (CO2) d'origine non biomasse;23400000;kg/an
0005201831;EDILIANS;2021;Air;Dioxyde de carbone (CO2) total (d'origine biomasse et non biomasse);23400000;kg/an
0005201914;SERIPANNEAUX;2021;Air;Aldéhyde formique (formaldéhyde);14300;kg/an
0005201914;SERIPANNEAUX;2021;Air;Composés organiques volatils non méthaniques (COVNM);186000;kg/an
0005201914;SERIPANNEAUX;2021;Air;Dioxyde de carbone (CO2) d'origine biomasse;42600000;kg/an
0005201914;SERIPANNEAUX;2021;Air;Oxydes d'azote (NOx/NO2);193000;kg/an
0005201914;SERIPANNEAUX;2021;Air;Dioxyde de carbone (CO2) total (d'origine biomasse et non biomasse);42600000;kg/an
0005201939;BIOLANDES TECHNOLOGIES SAS;2021;Air;Composés organiques volatils non méthaniques (COVNM);222000;kg/an
0005201998;ALKION TERMINALS [Ex LBC BAYONNE];2021;Air;Composés organiques volatils non méthaniques (COVNM);38300;kg/an
0005202000;RAYONIER A.M. TARTAS;2021;Air;Cadmium et composés (exprimés en tant que Cd);15.2;kg/an
0005202000;RAYONIER A.M. TARTAS;2021;Air;Composés organiques volatils non méthaniques (COVNM);200000;kg/an
0005202000;RAYONIER A.M. TARTAS;2021;Air;Cuivre et composés (exprimés en tant que Cu);262;kg/an
0005202000;RAYONIER A.M. TARTAS;2021;Air;Dioxyde de carbone (CO2) d'origine biomasse;425000000;kg/an
0005202000;RAYONIER A.M. TARTAS;2021;Air;Manganèse et composés (exprimés en tant que Mn);364;kg/an
0005202000;RAYONIER A.M. TARTAS;2021;Air;Nickel et composés (exprimés en tant que Ni);158;kg/an
0005202000;RAYONIER A.M. TARTAS;2021;Air;Oxydes de soufre (SOx/SO2);229000;kg/an
0005202000;RAYONIER A.M. TARTAS;2021;Air;Oxydes d'azote (NOx/NO2);262000;kg/an
0005202000;RAYONIER A.M. TARTAS;2021;Air;Particules (PM10);598000;kg/an
0005202000;RAYONIER A.M. TARTAS;2021;Air;Poussières totales;889000;kg/an
0005202000;RAYONIER A.M. TARTAS;2021;Air;Protoxyde d'azote (N2O);13300;kg/an
0005202000;RAYONIER A.M. TARTAS;2021;Air;Zinc et composés (exprimés en tant que Zn);1090;kg/an
0005202000;RAYONIER A.M. TARTAS;2021;Air;Dioxyde de carbone (CO2) d'origine non biomasse;23100000;kg/an
0005202000;RAYONIER A.M. TARTAS;2021;Air;Dioxyde de carbone (CO2) total (d'origine biomasse et non biomasse);448000000;kg/an
0005202000;RAYONIER A.M. TARTAS;2021;Air;Vanadium et ses composés;13.8;kg/an
0005202000;RAYONIER A.M. TARTAS;2021;Eau (direct);Azote total;707000;kg/an
0005202000;RAYONIER A.M. TARTAS;2021;Eau (direct);Cadmium et composés (exprimés en tant que Cd);12.4;kg/an
0005202000;RAYONIER A.M. TARTAS;2021;Eau (direct);Chrome et composés (exprimés en tant que Cr);127;kg/an
0005202000;RAYONIER A.M. TARTAS;2021;Eau (direct);Composés organohalogénés (exprimés en tant que AOX);36500;kg/an
0005202000;RAYONIER A.M. TARTAS;2021;Eau (direct);Cuivre et composés (exprimés en tant que Cu);191;kg/an
0005202000;RAYONIER A.M. TARTAS;2021;Eau (direct);Demande biologique en oxygène (DBO5);334000;kg/an
0005202000;RAYONIER A.M. TARTAS;2021;Eau (direct);Demande chimique en oxygène (DCO);9240000;kg/an
0005202000;RAYONIER A.M. TARTAS;2021;Eau (direct);Matières en suspension (MES);1030000;kg/an
0005202000;RAYONIER A.M. TARTAS;2021;Eau (direct);Nickel et composés (exprimés en tant que Ni);239;kg/an
0005202000;RAYONIER A.M. TARTAS;2021;Eau (direct);Phosphore total;26200;kg/an
0005202000;RAYONIER A.M. TARTAS;2021;Eau (direct);Phénols (en tant que C total);52.6;kg/an
0005202000;RAYONIER A.M. TARTAS;2021;Eau (direct);Zinc et composés (exprimés en tant que Zn);767;kg/an
0005202000;RAYONIER A.M. TARTAS;2021;Sol;Cadmium et composés (exprimés en tant que Cd);20.2;kg/an
0005202000;RAYONIER A.M. TARTAS;2021;Sol;Chrome et composés (exprimés en tant que Cr);430;kg/an
0005202000;RAYONIER A.M. TARTAS;2021;Sol;Cuivre et composés (exprimés en tant que Cu);1120;kg/an
0005202000;RAYONIER A.M. TARTAS;2021;Sol;Nickel et composés (exprimés en tant que Ni);136;kg/an
0005202000;RAYONIER A.M. TARTAS;2021;Sol;Plomb et composés (exprimés en tant que Pb);2270;kg/an
0005202000;RAYONIER A.M. TARTAS;2021;Sol;Zinc et composés (exprimés en tant que Zn);2270;kg/an
0005202016;Usine DRT Vielle-Saint-Girons;2021;Eau (direct);Demande chimique en oxygène (DCO);198000;kg/an
0005202016;Usine DRT Vielle-Saint-Girons;2021;Eau (direct);Phénols (en tant que C total);165;kg/an
0005202016;Usine DRT Vielle-Saint-Girons;2021;Eau (direct);Toluène;204;kg/an
0005202016;Usine DRT Vielle-Saint-Girons;2021;Sol;Chrome et composés (exprimés en tant que Cr);119;kg/an
0005202016;Usine DRT Vielle-Saint-Girons;2021;Sol;Cuivre et composés (exprimés en tant que Cu);92;kg/an
0005202016;Usine DRT Vielle-Saint-Girons;2021;Sol;Nickel et composés (exprimés en tant que Ni);83.9;kg/an
0005202016;Usine DRT Vielle-Saint-Girons;2021;Sol;Zinc et composés (exprimés en tant que Zn);448;kg/an
0005202084;CURIA FRANCE;2021;Air;Composés organiques volatils non méthaniques (COVNM);64200;kg/an
0005202084;CURIA FRANCE;2021;Eau (indirect);Composés organohalogénés (exprimés en tant que AOX);9720;kg/an
0005202084;CURIA FRANCE;2021;Eau (indirect);Demande biologique en oxygène (DBO5);55800;kg/an
0005202084;CURIA FRANCE;2021;Eau (indirect);Demande chimique en oxygène (DCO);182000;kg/an
0005202084;CURIA FRANCE;2021;Eau (indirect);Méthanol (alcool méthylique);5000;kg/an
0005202151;EARL PAJAU PORC FERMIER;2021;Air;Ammoniac (NH3);14700;kg/an
0005202241;ATEMAX FRANCE;2021;Air;Dioxyde de carbone (CO2) d'origine non biomasse;10700000;kg/an
0005202241;ATEMAX FRANCE;2021;Air;Dioxyde de carbone (CO2) total (d'origine biomasse et non biomasse);11300000;kg/an
0005202243;SOGAD S.A.;2021;Air;Dioxyde de carbone (CO2) d'origine biomasse;13300000;kg/an
0005202243;SOGAD S.A.;2021;Air;Dioxyde de carbone (CO2) d'origine non biomasse;10200000;kg/an
0005202243;SOGAD S.A.;2021;Air;Dioxyde de carbone (CO2) total (d'origine biomasse et non biomasse);23600000;kg/an
0005202263;SAS SOCIETE BENNES DALBY;2021;Air;Composés organiques volatils non méthaniques (COVNM);44200;kg/an
0005202270;BRUYERES et Fils;2021;Air;Dioxyde de carbone (CO2) d'origine non biomasse;15700000;kg/an
0005202270;BRUYERES et Fils;2021;Air;Dioxyde de carbone (CO2) total (d'origine biomasse et non biomasse);15700000;kg/an
0005202289;LHOIST FRANCE OUEST;2021;Air;Dioxyde de carbone (CO2) d'origine biomasse;25900000;kg/an
0005202289;LHOIST FRANCE OUEST;2021;Air;Dioxyde de carbone (CO2) d'origine non biomasse;47100000;kg/an
0005202289;LHOIST FRANCE OUEST;2021;Air;Dioxyde de carbone (CO2) total (d'origine biomasse et non biomasse);72900000;kg/an
0005202306;RIGHINI SAS;2021;Air;Composés organiques volatils non méthaniques (COVNM);122000;kg/an
0005202315;SAS DOMAINE DU TAUZIA;2021;Air;Ammoniac (NH3);50300;kg/an
0005202330;DEUERER PETCARE FRANCE;2021;Eau (indirect);Demande biologique en oxygène (DBO5);70500;kg/an
0005202330;DEUERER PETCARE FRANCE;2021;Eau (indirect);Demande chimique en oxygène (DCO);260000;kg/an
0005202342;TORAY CARBONS FIBERS EUROPE SA;2021;Air;Acide cyanhydrique (HCN);2580;kg/an
0005202342;TORAY CARBONS FIBERS EUROPE SA;2021;Air;Oxydes d'azote (NOx/NO2);138000;kg/an
0005202397;RBS France SAS;2021;Air;Composés organiques volatils non méthaniques (COVNM);49400;kg/an
0005202403;VENTANA (ex Fonderie Messier);2021;Air;Hexafluorure de soufre (SF6);336;kg/an
0005202511;CELSA France SAS;2021;Air;Cadmium et composés (exprimés en tant que Cd);24;kg/an
0005202511;CELSA France SAS;2021;Air;Monoxyde de carbone (CO);640000;kg/an
0005202511;CELSA France SAS;2021;Air;Zinc et composés (exprimés en tant que Zn);1920;kg/an
0005202511;CELSA France SAS;2021;Air;Dioxyde de carbone (CO2) d'origine non biomasse;27200000;kg/an
0005202511;CELSA France SAS;2021;Air;Dioxyde de carbone (CO2) total (d'origine biomasse et non biomasse);27200000;kg/an
0005202525;VERMILION REP S.A.S.;2021;Air;Oxydes de soufre (SOx/SO2);266000;kg/an
0005202525;VERMILION REP S.A.S.;2021;Air;Dioxyde de carbone (CO2) d'origine non biomasse;11800000;kg/an
0005202525;VERMILION REP S.A.S.;2021;Air;Dioxyde de carbone (CO2) total (d'origine biomasse et non biomasse);11800000;kg/an
0005202639;BEARN URBASER ENERGIE;2021;Air;Dioxyde de carbone (CO2) d'origine non biomasse;46300000;kg/an
0005202639;BEARN URBASER ENERGIE;2021;Air;Dioxyde de carbone (CO2) total (d'origine biomasse et non biomasse);46300000;kg/an
0005202680;SANOFI Chimie;2021;Air;Composés organiques volatils non méthaniques (COVNM);33700;kg/an
0005202680;SANOFI Chimie;2021;Air;Hydroflurocarbures (HFC);170;kg/an
0005202680;SANOFI Chimie;2021;Eau (indirect);Demande biologique en oxygène (DBO5);57600;kg/an
0005202680;SANOFI Chimie;2021;Eau (indirect);Demande chimique en oxygène (DCO);227000;kg/an
0005202680;SANOFI Chimie;2021;Eau (indirect);Toluène;3160;kg/an
0005202690;ARKEMA France;2021;Air;Composés organiques volatils non méthaniques (COVNM);213000;kg/an
0005202690;ARKEMA France;2021;Air;Hydroflurocarbures (HFC);1140;kg/an
0005202690;ARKEMA France;2021;Air;Tétrachlorométhane (TCM, tétrachlorure de carbone);2370;kg/an
0005202690;ARKEMA France;2021;Eau (indirect);Demande chimique en oxygène (DCO);249000;kg/an
0005202690;ARKEMA France;2021;Eau (indirect);Phénols (en tant que C total);59.5;kg/an
0005202690;ARKEMA France;2021;Eau (indirect);Toluène;388;kg/an
0005202703;SOCIETE BEARNAISE DE SYNTHESE SA (SBS);2021;Air;Composés organiques volatils non méthaniques (COVNM);31300;kg/an
0005202713;SOBEGI SAS;2021;Air;Dioxyde de carbone (CO2) d'origine non biomasse;15400000;kg/an
0005202713;SOBEGI SAS;2021;Air;Dioxyde de carbone (CO2) total (d'origine biomasse et non biomasse);15400000;kg/an
0005202716;NOVEAL SA;2021;Air;Composés organiques volatils non méthaniques (COVNM);47000;kg/an
0005202716;NOVEAL SA;2021;Eau (indirect);Demande biologique en oxygène (DBO5);97600;kg/an
0005202716;NOVEAL SA;2021;Eau (indirect);Demande chimique en oxygène (DCO);193000;kg/an
0005202718;FINORGA SAS;2021;Air;Composés organiques volatils non méthaniques (COVNM);122000;kg/an
0005202718;FINORGA SAS;2021;Air;Hydroflurocarbures (HFC);469;kg/an
0005202718;FINORGA SAS;2021;Eau (indirect);Demande chimique en oxygène (DCO);600000;kg/an
0005202729;PCC FRANCE SA;2021;Air;Nickel et composés (exprimés en tant que Ni);130;kg/an
0005202771;TOTAL SA;2021;Air;Hydroflurocarbures (HFC);102;kg/an
0005202772;Aeroprotec;2021;Eau (indirect);Cadmium et composés (exprimés en tant que Cd);2.34;kg/an
0005202772;Aeroprotec;2021;Eau (indirect);Nickel et composés (exprimés en tant que Ni);26;kg/an
0005204774;SUEZ RV Plastiques Atlantique (exRegene);2021;Eau (indirect);Phénols (en tant que C total);27;kg/an
0005204836;CEREXAGRI S.A.S;2021;Air;Cuivre et composés (exprimés en tant que Cu);229;kg/an
0005204961;ARKEMA - Site de Mourenx;2021;Sol;Chlorures (en tant que Cl total);5200000;kg/an
0005205103;ARKEMA  France SA;2021;Air;Oxydes de soufre (SOx/SO2);707000;kg/an
0005205103;ARKEMA  France SA;2021;Air;Protoxyde d'azote (N2O);25700;kg/an
0005205103;ARKEMA  France SA;2021;Eau (indirect);Azote total;74700;kg/an
0005205103;ARKEMA  France SA;2021;Eau (indirect);Demande chimique en oxygène (DCO);260000;kg/an
0005205132;SOBEGI - STEB;2021;Air;Composés organiques volatils non méthaniques (COVNM);115000;kg/an
0005205132;SOBEGI - STEB;2021;Eau (direct);Aluminium et composés (exprimés en tant que Al);2660;kg/an
0005205132;SOBEGI - STEB;2021;Eau (direct);Arsenic et composés (exprimés en tant que As);15.1;kg/an
0005205132;SOBEGI - STEB;2021;Eau (direct);Cadmium et composés (exprimés en tant que Cd);4.66;kg/an
0005205132;SOBEGI - STEB;2021;Eau (direct);Demande chimique en oxygène (DCO);183000;kg/an
0005205132;SOBEGI - STEB;2021;Eau (direct);Dichlorométhane (DCM, chlorure de méthylène);11.7;kg/an
0005205132;SOBEGI - STEB;2021;Eau (direct);Fer et composés (exprimés en tant que Fe);9190;kg/an
0005205132;SOBEGI - STEB;2021;Eau (direct);Manganèse et composés (exprimés en tant que Mn);1880;kg/an
0005205132;SOBEGI - STEB;2021;Eau (direct);Mercure et composés (exprimés en tant que Hg);1.65;kg/an
0005205132;SOBEGI - STEB;2021;Eau (direct);Nickel et composés (exprimés en tant que Ni);33.8;kg/an
0005205132;SOBEGI - STEB;2021;Eau (direct);Phénols (en tant que C total);34;kg/an
0005205132;SOBEGI - STEB;2021;Eau (direct);Sulfates;3170000;kg/an
0005205132;SOBEGI - STEB;2021;Eau (direct);Tétrachlorométhane (TCM, tétrachlorure de carbone);1.17;kg/an
0005205132;SOBEGI - STEB;2021;Eau (direct);Zinc et composés (exprimés en tant que Zn);112;kg/an
0005205150;Les Docks Pétroliers d'Ambès (DPA);2021;Air;Composés organiques volatils non méthaniques (COVNM);35300;kg/an
0005205229;COGESTAR SNC (MUNKSJO);2021;Air;Dioxyde de carbone (CO2) d'origine non biomasse;50400000;kg/an
0005205229;COGESTAR SNC (MUNKSJO);2021;Air;Dioxyde de carbone (CO2) total (d'origine biomasse et non biomasse);50400000;kg/an
0005205286;KNAUF INDUSTRIES SUD-OUEST;2021;Air;Composés organiques volatils non méthaniques (COVNM);46500;kg/an
0005205417;Action Environnenent Services SAS;2021;Air;Ammoniac (NH3);71100;kg/an
0005205717;PERIGORD ENERGIES;2021;Air;Dioxyde de carbone (CO2) d'origine non biomasse;92900000;kg/an
0005205717;PERIGORD ENERGIES;2021;Air;Dioxyde de carbone (CO2) total (d'origine biomasse et non biomasse);92900000;kg/an
0005205965;CASTEL FRERES;2021;Eau (indirect);Demande biologique en oxygène (DBO5);93500;kg/an
0005205968;SMD3;2021;Eau (indirect);Demande biologique en oxygène (DBO5);130000;kg/an
0005205968;SMD3;2021;Eau (indirect);Demande chimique en oxygène (DCO);287000;kg/an
0005205987;BIL TA GARBI (Syndicat Mixte);2021;Air;Dioxyde de carbone (CO2) d'origine biomasse;14800000;kg/an
0005205987;BIL TA GARBI (Syndicat Mixte);2021;Air;Méthane (CH4);271000;kg/an
0005205987;BIL TA GARBI (Syndicat Mixte);2021;Air;Dioxyde de carbone (CO2) total (d'origine biomasse et non biomasse);14800000;kg/an
0005206248;LABAT ASSAINISSEMENT VIDANGE;2021;Sol;Chrome et composés (exprimés en tant que Cr);120;kg/an
0005206248;LABAT ASSAINISSEMENT VIDANGE;2021;Sol;Cuivre et composés (exprimés en tant que Cu);347;kg/an
0005206248;LABAT ASSAINISSEMENT VIDANGE;2021;Sol;Nickel et composés (exprimés en tant que Ni);50.2;kg/an
0005206248;LABAT ASSAINISSEMENT VIDANGE;2021;Sol;Plomb et composés (exprimés en tant que Pb);53.1;kg/an
0005206248;LABAT ASSAINISSEMENT VIDANGE;2021;Sol;Zinc et composés (exprimés en tant que Zn);1540;kg/an
0005206306;BOUYER LEROUX;2021;Air;Dioxyde de carbone (CO2) d'origine biomasse;23600000;kg/an
0005206306;BOUYER LEROUX;2021;Air;Dioxyde de carbone (CO2) d'origine non biomasse;17100000;kg/an
0005206306;BOUYER LEROUX;2021;Air;Dioxyde de carbone (CO2) total (d'origine biomasse et non biomasse);40700000;kg/an
0005207121;SMD3 - St Laurent des Hommes ISDND;2021;Air;Méthane (CH4);499000;kg/an
0005207200;BALL BEVERAGE PACKAGING (exREXAM);2021;Air;Composés organiques volatils non méthaniques (COVNM);46600;kg/an
0005207266;TEREGA - Centre de stockage;2021;Air;Méthane (CH4);231000;kg/an
0005207267;MANUCO;2021;Eau (direct);Azote total;72600;kg/an
0005207519;BIOENERGIE DU SUD OUEST;2021;Air;Composés organiques volatils non méthaniques (COVNM);34100;kg/an
0005207519;BIOENERGIE DU SUD OUEST;2021;Air;Dioxyde de carbone (CO2) d'origine non biomasse;33400000;kg/an
0005207519;BIOENERGIE DU SUD OUEST;2021;Air;Dioxyde de carbone (CO2) total (d'origine biomasse et non biomasse);33400000;kg/an
0005207519;BIOENERGIE DU SUD OUEST;2021;Eau (indirect);Demande biologique en oxygène (DBO5);91300;kg/an
0005207519;BIOENERGIE DU SUD OUEST;2021;Eau (indirect);Demande chimique en oxygène (DCO);164000;kg/an
0005207737;GAEC DE WENNUS / NUSSE;2021;Air;Ammoniac (NH3);28300;kg/an
0005207883;SEDE ENVIRONNEMENT SAS - Agence d'Agen;2021;Air;Ammoniac (NH3);12000;kg/an
0005207886;PAPREC AGRO (ex AES);2021;Air;Ammoniac (NH3);10200;kg/an
0005208195;AUCHAN FRANCE - Bordeaux Lac;2021;Air;Hydroflurocarbures (HFC);551;kg/an
0005208343;TEREGA;2021;Air;Méthane (CH4);216000;kg/an
0005208455;SCSO UNIKALO;2021;Air;Composés organiques volatils non méthaniques (COVNM);54500;kg/an
0005208477;TEREGA;2021;Air;Méthane (CH4);111000;kg/an
0005208602;GARNICA PLYWOOD FRANCE;2021;Air;Dioxyde de carbone (CO2) d'origine biomasse;44100000;kg/an
0005208602;GARNICA PLYWOOD FRANCE;2021;Air;Oxydes d'azote (NOx/NO2);146000;kg/an
0005208602;GARNICA PLYWOOD FRANCE;2021;Air;Dioxyde de carbone (CO2) total (d'origine biomasse et non biomasse);44100000;kg/an
0005208842;SOBEGI SAS;2021;Eau (indirect);Demande biologique en oxygène (DBO5);54900;kg/an
0005208848;DALKIA FRANCE;2021;Air;Dioxyde de carbone (CO2) d'origine biomasse;375000000;kg/an
0005208848;DALKIA FRANCE;2021;Air;Méthane (CH4);116000;kg/an
0005208848;DALKIA FRANCE;2021;Air;Oxydes d'azote (NOx/NO2);324000;kg/an
0005208848;DALKIA FRANCE;2021;Air;Protoxyde d'azote (N2O);15500;kg/an
0005208848;DALKIA FRANCE;2021;Air;Dioxyde de carbone (CO2) total (d'origine biomasse et non biomasse);384000000;kg/an
0005209347;SOBEGI SAS;2021;Air;Aldéhyde formique (formaldéhyde);1240;kg/an
0005209347;SOBEGI SAS;2021;Air;Cuivre et composés (exprimés en tant que Cu);143;kg/an
0005209347;SOBEGI SAS;2021;Air;Oxydes de soufre (SOx/SO2);151000;kg/an
0005209347;SOBEGI SAS;2021;Air;Oxydes d'azote (NOx/NO2);120000;kg/an
0005209347;SOBEGI SAS;2021;Air;Zinc et composés (exprimés en tant que Zn);299;kg/an
0005209347;SOBEGI SAS;2021;Air;Dioxyde de carbone (CO2) d'origine non biomasse;181000000;kg/an
0005209347;SOBEGI SAS;2021;Air;Dioxyde de carbone (CO2) total (d'origine biomasse et non biomasse);181000000;kg/an
0005209637;BIOLACQ ENERGIES;2021;Air;Antimoine et composés (exprimés en tant que Sb);12.8;kg/an
0003300469;Solvay France;2021;Eau (direct);Composés organohalogénés (exprimés en tant que AOX);8980;kg/an
0005209637;BIOLACQ ENERGIES;2021;Air;Cobalt et composés (exprimés en tant que Co);12.8;kg/an
0003300469;Solvay France;2021;Eau (direct);Demande biologique en oxygène (DBO5);65000;kg/an
0005209637;BIOLACQ ENERGIES;2021;Air;Dioxyde de carbone (CO2) d'origine biomasse;169000000;kg/an
0003300469;Solvay France;2021;Eau (direct);Demande chimique en oxygène (DCO);814000;kg/an
0005209637;BIOLACQ ENERGIES;2021;Air;Oxydes d'azote (NOx/NO2);151000;kg/an
0003300469;Solvay France;2021;Eau (direct);Fluorures (en tant que F total);2840;kg/an
0003300469;Solvay France;2021;Eau (direct);Matières en suspension (MES);505000;kg/an
0005209637;BIOLACQ ENERGIES;2021;Air;Dioxyde de carbone (CO2) total (d'origine biomasse et non biomasse);170000000;kg/an
0005209637;BIOLACQ ENERGIES;2021;Air;Vanadium et ses composés;12.8;kg/an
0005210984;XL METHALANDES;2021;Sol;Cuivre et composés (exprimés en tant que Cu);334;kg/an
0005210984;XL METHALANDES;2021;Sol;Mercure et composés (exprimés en tant que Hg);1.04;kg/an
0005210984;XL METHALANDES;2021;Sol;Nickel et composés (exprimés en tant que Ni);31.4;kg/an
0003301670;AGRO ENERGIE DU PERTUIS SAS;2021;Sol;Azote total;104000;kg/an
0005210984;XL METHALANDES;2021;Sol;Zinc et composés (exprimés en tant que Zn);1090;kg/an
0005211406;SUEZ - ISDND - (ex SITA SUD-OUEST);2021;Air;Méthane (CH4);359000;kg/an
0005211709;SAS BIOVILLENEUVOIS;2021;Sol;Chrome et composés (exprimés en tant que Cr);58;kg/an
0005211709;SAS BIOVILLENEUVOIS;2021;Sol;Cuivre et composés (exprimés en tant que Cu);410;kg/an
0005211709;SAS BIOVILLENEUVOIS;2021;Sol;Fer et composés (exprimés en tant que Fe);33000;kg/an
0003302330;GAEC CHAVANOSSE;2021;Air;Ammoniac (NH3);12700;kg/an
0005211709;SAS BIOVILLENEUVOIS;2021;Sol;Manganèse et composés (exprimés en tant que Mn);631;kg/an
0005211709;SAS BIOVILLENEUVOIS;2021;Sol;Plomb et composés (exprimés en tant que Pb);93;kg/an
0005211709;SAS BIOVILLENEUVOIS;2021;Sol;Zinc et composés (exprimés en tant que Zn);1590;kg/an
0005300005;FLECHARD;2021;Eau (indirect);Demande biologique en oxygène (DBO5);769000;kg/an
0005300005;FLECHARD;2021;Eau (indirect);Demande chimique en oxygène (DCO);1220000;kg/an
0005300005;FLECHARD;2021;Eau (indirect);Matières en suspension (MES);312000;kg/an
0003701359;SUEZ RRIWS CENTRE ECO TRAITEMENT;2021;Air;Méthane (CH4);256000;kg/an
0005300005;FLECHARD;2021;Eau (indirect);Phosphore total;5670;kg/an
0005300092;RENAULT TRUCKS;2021;Air;Composés organiques volatils non méthaniques (COVNM);40600;kg/an
0005300200;MURATA INTEGRATED PASSIVE SOLUTIONS;2021;Air;Hexafluorure de soufre (SF6);54;kg/an
0005300200;MURATA INTEGRATED PASSIVE SOLUTIONS;2021;Air;Perfluorocarbures (PFC);208;kg/an
0003800279;BIOGAZ DU HAUT PAYS (SAS);2021;Sol;Cuivre et composés (exprimés en tant que Cu);66;kg/an
0003800279;BIOGAZ DU HAUT PAYS (SAS);2021;Sol;Plomb et composés (exprimés en tant que Pb);39;kg/an
0005300285;PSA AUTOMOBILES SA;2021;Eau (indirect);Phénols (en tant que C total);129;kg/an
0003800279;BIOGAZ DU HAUT PAYS (SAS);2021;Sol;Zinc et composés (exprimés en tant que Zn);434;kg/an
0005300463;CIMENTS CALCIA;2021;Air;Ammoniac (NH3);13000;kg/an
0005300463;CIMENTS CALCIA;2021;Air;Benzène;5970;kg/an
0005300463;CIMENTS CALCIA;2021;Air;Dioxyde de carbone (CO2) d'origine biomasse;14200000;kg/an
0005300463;CIMENTS CALCIA;2021;Air;Oxydes de soufre (SOx/SO2);530000;kg/an
0003801009;COGESTAR 3 - MC Cain HARNES;2021;Air;Dioxyde de carbone (CO2) d'origine non biomasse;28300000;kg/an
0005300463;CIMENTS CALCIA;2021;Air;Oxydes d'azote (NOx/NO2);587000;kg/an
0003801009;COGESTAR 3 - MC Cain HARNES;2021;Air;Dioxyde de carbone (CO2) total (d'origine biomasse et non biomasse);28300000;kg/an
0005300463;CIMENTS CALCIA;2021;Air;Dioxyde de carbone (CO2) d'origine non biomasse;295000000;kg/an
0005300463;CIMENTS CALCIA;2021;Air;Dioxyde de carbone (CO2) total (d'origine biomasse et non biomasse);310000000;kg/an
0005300595;VALNOR;2021;Air;Ammoniac (NH3);10400;kg/an
0005300625;SUEZ RV NORMANDIE;2021;Air;Dioxyde de carbone (CO2) d'origine biomasse;15300000;kg/an
0005300625;SUEZ RV NORMANDIE;2021;Air;Méthane (CH4);471000;kg/an
0005300625;SUEZ RV NORMANDIE;2021;Air;Dioxyde de carbone (CO2) total (d'origine biomasse et non biomasse);15300000;kg/an
0003801489;AOPLI Association d'Organisation de Producteurs de Légumes d'Industrie;2021;Eau (indirect);Demande biologique en oxygène (DBO5);62700;kg/an
0003801489;AOPLI Association d'Organisation de Producteurs de Légumes d'Industrie;2021;Eau (indirect);Demande chimique en oxygène (DCO);162000;kg/an
0005300806;ARKEMA;2021;Air;Dioxyde de carbone (CO2) d'origine non biomasse;10300000;kg/an
0005300806;ARKEMA;2021;Air;Dioxyde de carbone (CO2) total (d'origine biomasse et non biomasse);10300000;kg/an
0005300961;LISIEUX ENERGIE;2021;Air;Dioxyde de carbone (CO2) d'origine biomasse;11300000;kg/an
0005300961;LISIEUX ENERGIE;2021;Air;Dioxyde de carbone (CO2) total (d'origine biomasse et non biomasse);12500000;kg/an
0003802207;HIRSCH ISOLATION FRANCE;2021;Air;Composés organiques volatils non méthaniques (COVNM);303000;kg/an
0003802293;AMIENS ENERGIES;2021;Air;Dioxyde de carbone (CO2) d'origine biomasse;19100000;kg/an
0005301060;COOPERATIVE ISIGNY SAINTE MERE;2021;Air;Dioxyde de carbone (CO2) d'origine biomasse;60800000;kg/an
0003802293;AMIENS ENERGIES;2021;Air;Dioxyde de carbone (CO2) total (d'origine biomasse et non biomasse);28100000;kg/an
0005301060;COOPERATIVE ISIGNY SAINTE MERE;2021;Air;Oxydes d'azote (NOx/NO2);151000;kg/an
0005301060;COOPERATIVE ISIGNY SAINTE MERE;2021;Air;Dioxyde de carbone (CO2) d'origine non biomasse;23700000;kg/an
0005301060;COOPERATIVE ISIGNY SAINTE MERE;2021;Air;Dioxyde de carbone (CO2) total (d'origine biomasse et non biomasse);84500000;kg/an
0005100097;NESTLE France SAS;2021;Air;Dioxyde de carbone (CO2) d'origine non biomasse;16400000;kg/an
0005301060;COOPERATIVE ISIGNY SAINTE MERE;2021;Sol;Zinc et composés (exprimés en tant que Zn);323;kg/an
0005100097;NESTLE France SAS;2021;Air;Dioxyde de carbone (CO2) total (d'origine biomasse et non biomasse);16400000;kg/an
0005301094;GUY DAUPHIN ENVIRONNEMENT;2021;Eau (direct);Plomb et composés (exprimés en tant que Pb);23.2;kg/an
0005301111;AXE METAL;2021;Air;Composés organiques volatils non méthaniques (COVNM);54500;kg/an
0005100114;TEREOS FRANCE (BUCY);2021;Air;Composés organiques volatils non méthaniques (COVNM);39400;kg/an
0005301290;COMPAGNIE DES FROMAGES & RICHESMONTS;2021;Eau (direct);Nickel et composés (exprimés en tant que Ni);97.9;kg/an
0005100114;TEREOS FRANCE (BUCY);2021;Air;Dioxyde de carbone (CO2) d'origine biomasse;28100000;kg/an
0005301290;COMPAGNIE DES FROMAGES & RICHESMONTS;2021;Eau (direct);Zinc et composés (exprimés en tant que Zn);196;kg/an
0005100114;TEREOS FRANCE (BUCY);2021;Air;Dioxyde de carbone (CO2) d'origine non biomasse;123000000;kg/an
0005100114;TEREOS FRANCE (BUCY);2021;Air;Dioxyde de carbone (CO2) total (d'origine biomasse et non biomasse);151000000;kg/an
0005301290;COMPAGNIE DES FROMAGES & RICHESMONTS;2021;Sol;Zinc et composés (exprimés en tant que Zn);1010;kg/an
0005301462;DUPONT D'ISIGNY ET JACQUIN;2021;Eau (indirect);Demande chimique en oxygène (DCO);189000;kg/an
0005100143;WEPA GREENFIELD SAS;2021;Air;Dioxyde de carbone (CO2) d'origine non biomasse;21400000;kg/an
0005100143;WEPA GREENFIELD SAS;2021;Air;Dioxyde de carbone (CO2) total (d'origine biomasse et non biomasse);21400000;kg/an
0005301510;SOCIETE FROMAGERE DE SAINTE CECILE;2021;Sol;Zinc et composés (exprimés en tant que Zn);531;kg/an
0005100143;WEPA GREENFIELD SAS;2021;Eau (direct);Demande chimique en oxygène (DCO);163000;kg/an
0005100143;WEPA GREENFIELD SAS;2021;Sol;Cadmium et composés (exprimés en tant que Cd);8.44;kg/an
0005301512;ELVIR S.A.S.;2021;Air;Dioxyde de carbone (CO2) d'origine non biomasse;17200000;kg/an
0005100143;WEPA GREENFIELD SAS;2021;Sol;Chrome et composés (exprimés en tant que Cr);283;kg/an
0005100143;WEPA GREENFIELD SAS;2021;Sol;Cuivre et composés (exprimés en tant que Cu);1700;kg/an
0005100143;WEPA GREENFIELD SAS;2021;Sol;Mercure et composés (exprimés en tant que Hg);8.44;kg/an
0005301512;ELVIR S.A.S.;2021;Air;Dioxyde de carbone (CO2) total (d'origine biomasse et non biomasse);17200000;kg/an
0005100143;WEPA GREENFIELD SAS;2021;Sol;Nickel et composés (exprimés en tant que Ni);122;kg/an
0005301581;EURIAL (ex Délicelait);2021;Sol;Phosphore total;8300;kg/an
0005100143;WEPA GREENFIELD SAS;2021;Sol;Plomb et composés (exprimés en tant que Pb);308;kg/an
0005100143;WEPA GREENFIELD SAS;2021;Sol;Zinc et composés (exprimés en tant que Zn);6360;kg/an
0005100188;STE INDUST ET CHIM DE L'AISNE;2021;Air;Antimoine et composés (exprimés en tant que Sb);911;kg/an
0005301618;SAINT ANDRE PLASTIQUE;2021;Air;Composés organiques volatils non méthaniques (COVNM);270000;kg/an
0005100190;DSP France SAS;2021;Air;Composés organiques volatils non méthaniques (COVNM);47400;kg/an
0005100190;DSP France SAS;2021;Eau (direct);Chlorures (en tant que Cl total);3040000;kg/an
0005100190;DSP France SAS;2021;Eau (direct);Sulfates;3150000;kg/an
0005301659;JEAN CHEREAU SAS;2021;Air;Composés organiques volatils non méthaniques (COVNM);354000;kg/an
0005301789;MLC SOTTEVAST;2021;Air;Dioxyde de carbone (CO2) d'origine non biomasse;17800000;kg/an
0005301789;MLC SOTTEVAST;2021;Air;Dioxyde de carbone (CO2) total (d'origine biomasse et non biomasse);17800000;kg/an
0005100257;VERALLIA FRANCE (ex St Gobain Emballage);2021;Air;Oxydes d'azote (NOx/NO2);153000;kg/an
0005100257;VERALLIA FRANCE (ex St Gobain Emballage);2021;Air;Dioxyde de carbone (CO2) d'origine non biomasse;46000000;kg/an
0005301789;MLC SOTTEVAST;2021;Sol;Zinc et composés (exprimés en tant que Zn);253;kg/an
0005100257;VERALLIA FRANCE (ex St Gobain Emballage);2021;Air;Dioxyde de carbone (CO2) total (d'origine biomasse et non biomasse);46000000;kg/an
0005301810;ELVIA PRINTED CIRCUIT BOARDS;2021;Eau (direct);Cuivre et composés (exprimés en tant que Cu);177;kg/an
0005301810;ELVIA PRINTED CIRCUIT BOARDS;2021;Eau (direct);Nickel et composés (exprimés en tant que Ni);25;kg/an
0005100293;EVERBAL PAPETERIE;2021;Air;Dioxyde de carbone (CO2) d'origine biomasse;43700000;kg/an
0005301825;COOPERATIVE  ISIGNY STE MERE;2021;Eau (indirect);Demande biologique en oxygène (DBO5);81000;kg/an
0005100293;EVERBAL PAPETERIE;2021;Air;Dioxyde de carbone (CO2) total (d'origine biomasse et non biomasse);44600000;kg/an
0005100293;EVERBAL PAPETERIE;2021;Sol;Cuivre et composés (exprimés en tant que Cu);205;kg/an
0005100293;EVERBAL PAPETERIE;2021;Sol;Zinc et composés (exprimés en tant que Zn);162;kg/an
0005301825;COOPERATIVE  ISIGNY STE MERE;2021;Eau (indirect);Demande chimique en oxygène (DCO);157000;kg/an
0005301827;CARGILL FRANCE SAS;2021;Air;Composés organiques volatils non méthaniques (COVNM);167000;kg/an
0005100311;EDIFI NORD;2021;Air;Dioxyde de carbone (CO2) d'origine biomasse;10200000;kg/an
0005301827;CARGILL FRANCE SAS;2021;Air;Dioxyde de carbone (CO2) d'origine non biomasse;29300000;kg/an
0005100311;EDIFI NORD;2021;Air;Méthane (CH4);430000;kg/an
0005301827;CARGILL FRANCE SAS;2021;Air;Dioxyde de carbone (CO2) total (d'origine biomasse et non biomasse);30400000;kg/an
0005100311;EDIFI NORD;2021;Air;Dioxyde de carbone (CO2) total (d'origine biomasse et non biomasse);10200000;kg/an
0005301827;CARGILL FRANCE SAS;2021;Eau (direct);Arsenic et composés (exprimés en tant que As);19;kg/an
0005301850;LIS France;2021;Air;Dioxyde de carbone (CO2) d'origine non biomasse;16200000;kg/an
0005100349;SOPROCOS;2021;Air;Composés organiques volatils non méthaniques (COVNM);134000;kg/an
0005301850;LIS France;2021;Air;Dioxyde de carbone (CO2) total (d'origine biomasse et non biomasse);16200000;kg/an
0005301955;CPC COTENTIN;2021;Air;Composés organiques volatils non méthaniques (COVNM);110000;kg/an
0005302036;SOCOPA VIANDES;2021;Sol;Zinc et composés (exprimés en tant que Zn);113;kg/an
0005100400;CROWN EMBALLAGE FRANCE SAS;2021;Air;Composés organiques volatils non méthaniques (COVNM);108000;kg/an
0005302137;HME BRASS FRANCE SAS;2021;Air;Zinc et composés (exprimés en tant que Zn);805;kg/an
0005302137;HME BRASS FRANCE SAS;2021;Eau (direct);Zinc et composés (exprimés en tant que Zn);202;kg/an
0005100467;ROQUETTE Frères;2021;Air;Hydroflurocarbures (HFC);407;kg/an
0005302209;SOCIETE FROMAGERE DE DOMFRONT;2021;Air;Dioxyde de carbone (CO2) d'origine biomasse;12600000;kg/an
0005100467;ROQUETTE Frères;2021;Air;Dioxyde de carbone (CO2) d'origine non biomasse;31200000;kg/an
0005302209;SOCIETE FROMAGERE DE DOMFRONT;2021;Air;Dioxyde de carbone (CO2) total (d'origine biomasse et non biomasse);14700000;kg/an
0005100467;ROQUETTE Frères;2021;Air;Dioxyde de carbone (CO2) total (d'origine biomasse et non biomasse);31200000;kg/an
0005100467;ROQUETTE Frères;2021;Sol;Chrome et composés (exprimés en tant que Cr);158;kg/an
0005100467;ROQUETTE Frères;2021;Sol;Nickel et composés (exprimés en tant que Ni);81;kg/an
0005100467;ROQUETTE Frères;2021;Sol;Zinc et composés (exprimés en tant que Zn);201;kg/an
0005302209;SOCIETE FROMAGERE DE DOMFRONT;2021;Sol;Nickel et composés (exprimés en tant que Ni);21.4;kg/an
0005302487;AUGROS COSMETIC PACKAGING;2021;Air;Composés organiques volatils non méthaniques (COVNM);70300;kg/an
0005100494;NOVABION;2021;Air;Dioxyde de carbone (CO2) d'origine non biomasse;13800000;kg/an
0005100494;NOVABION;2021;Air;Dioxyde de carbone (CO2) total (d'origine biomasse et non biomasse);13800000;kg/an
0005302589;ESSITY OPERATIONS LE THEIL;2021;Air;Dioxyde de carbone (CO2) d'origine non biomasse;17200000;kg/an
0005302589;ESSITY OPERATIONS LE THEIL;2021;Air;Dioxyde de carbone (CO2) total (d'origine biomasse et non biomasse);17200000;kg/an
0005100507;ENGIE COFELY;2021;Air;Dioxyde de carbone (CO2) d'origine biomasse;14300000;kg/an
0005302603;SEQENS;2021;Air;Composés organiques volatils non méthaniques (COVNM);299000;kg/an
0005302603;SEQENS;2021;Air;Dioxyde de carbone (CO2) d'origine non biomasse;24300000;kg/an
0005100507;ENGIE COFELY;2021;Air;Dioxyde de carbone (CO2) total (d'origine biomasse et non biomasse);24100000;kg/an
0005302603;SEQENS;2021;Air;Dioxyde de carbone (CO2) total (d'origine biomasse et non biomasse);24300000;kg/an
0005302603;SEQENS;2021;Eau (direct);Dichlorométhane (DCM, chlorure de méthylène);20.9;kg/an
0005100521;TEREOS FRANCE;2021;Air;Composés organiques volatils non méthaniques (COVNM);177000;kg/an
0005302608;FRENEHARD SAS;2021;Air;Zinc et composés (exprimés en tant que Zn);411;kg/an
0005100521;TEREOS FRANCE;2021;Air;Dioxyde de carbone (CO2) d'origine biomasse;183000000;kg/an
0005100521;TEREOS FRANCE;2021;Air;Oxydes d'azote (NOx/NO2);108000;kg/an
0005100521;TEREOS FRANCE;2021;Air;Dioxyde de carbone (CO2) d'origine non biomasse;219000000;kg/an
0005302766;ECLOR BOISSONS;2021;Eau (direct);Nonylphénols et éthoxylates de nonylphénol (NP/NPE);4.3;kg/an
0005100521;TEREOS FRANCE;2021;Air;Dioxyde de carbone (CO2) total (d'origine biomasse et non biomasse);402000000;kg/an
0005100521;TEREOS FRANCE;2021;Sol;Zinc et composés (exprimés en tant que Zn);136;kg/an
0005302766;ECLOR BOISSONS;2021;Eau (direct);Octylphénols et éthoxylates d'octylphénol;2.15;kg/an
0005302774;BOLAIDOR Sté Laitière du Bocage Ornais;2021;Air;Dioxyde de carbone (CO2) d'origine non biomasse;25200000;kg/an
0005302774;BOLAIDOR Sté Laitière du Bocage Ornais;2021;Air;Dioxyde de carbone (CO2) total (d'origine biomasse et non biomasse);25200000;kg/an
0005100536;WILLIAM SAURIN;2021;Air;Dioxyde de carbone (CO2) d'origine non biomasse;10300000;kg/an
0005100536;WILLIAM SAURIN;2021;Air;Dioxyde de carbone (CO2) total (d'origine biomasse et non biomasse);10300000;kg/an
0005302775;GILLOT SAS;2021;Eau (indirect);Demande chimique en oxygène (DCO);372000;kg/an
0005302798;SOLAIPA SNC;2021;Air;Dioxyde de carbone (CO2) d'origine non biomasse;19300000;kg/an
0005100562;MBK INDUSTRIE;2021;Air;Composés organiques volatils non méthaniques (COVNM);59400;kg/an
0005302798;SOLAIPA SNC;2021;Air;Dioxyde de carbone (CO2) total (d'origine biomasse et non biomasse);19300000;kg/an
0005302839;VALNOR;2021;Air;Méthane (CH4);169000;kg/an
0005302864;MONT BLANC SAS;2021;Eau (indirect);Demande biologique en oxygène (DBO5);267000;kg/an
0005100692;COFELY ex DALKIA;2021;Air;Dioxyde de carbone (CO2) total (d'origine biomasse et non biomasse);11800000;kg/an
0005302864;MONT BLANC SAS;2021;Eau (indirect);Demande chimique en oxygène (DCO);463000;kg/an
0005302882;SIRAC;2021;Air;Dioxyde de carbone (CO2) d'origine biomasse;50100000;kg/an
0005302882;SIRAC;2021;Air;Dioxyde de carbone (CO2) d'origine non biomasse;43000000;kg/an
0005100756;ATEMAX FRANCE;2021;Air;Dioxyde de carbone (CO2) d'origine non biomasse;17400000;kg/an
0005100756;ATEMAX FRANCE;2021;Air;Dioxyde de carbone (CO2) total (d'origine biomasse et non biomasse);17400000;kg/an
0005302882;SIRAC;2021;Air;Dioxyde de carbone (CO2) total (d'origine biomasse et non biomasse);93100000;kg/an
0005303020;Com Agglo du Cotentin;2021;Eau (indirect);Demande chimique en oxygène (DCO);155000;kg/an
0005303657;SOCIETE FROMAGERE D'ORBEC;2021;Eau (indirect);Demande biologique en oxygène (DBO5);112000;kg/an
0005100757;SAICA PAPER  FRANCE (ROCHETTE VENIZEL);2021;Air;Dioxyde de carbone (CO2) d'origine biomasse;132000000;kg/an
0005100757;SAICA PAPER  FRANCE (ROCHETTE VENIZEL);2021;Air;Dioxyde de carbone (CO2) d'origine non biomasse;16800000;kg/an
0005303657;SOCIETE FROMAGERE D'ORBEC;2021;Eau (indirect);Demande chimique en oxygène (DCO);214000;kg/an
0005100757;SAICA PAPER  FRANCE (ROCHETTE VENIZEL);2021;Air;Dioxyde de carbone (CO2) total (d'origine biomasse et non biomasse);149000000;kg/an
0005100757;SAICA PAPER  FRANCE (ROCHETTE VENIZEL);2021;Eau (direct);Demande chimique en oxygène (DCO);177000;kg/an
0005303657;SOCIETE FROMAGERE D'ORBEC;2021;Eau (indirect);Phosphore total;8140;kg/an
0005100757;SAICA PAPER  FRANCE (ROCHETTE VENIZEL);2021;Sol;Azote total;106000;kg/an
0005100757;SAICA PAPER  FRANCE (ROCHETTE VENIZEL);2021;Sol;Chrome et composés (exprimés en tant que Cr);266;kg/an
0005303658;SUEZ RV NORMANDIE;2021;Air;Méthane (CH4);233000;kg/an
0005100757;SAICA PAPER  FRANCE (ROCHETTE VENIZEL);2021;Sol;Cuivre et composés (exprimés en tant que Cu);1450;kg/an
0005100757;SAICA PAPER  FRANCE (ROCHETTE VENIZEL);2021;Sol;Mercure et composés (exprimés en tant que Hg);5.14;kg/an
0005100757;SAICA PAPER  FRANCE (ROCHETTE VENIZEL);2021;Sol;Nickel et composés (exprimés en tant que Ni);120;kg/an
0005100757;SAICA PAPER  FRANCE (ROCHETTE VENIZEL);2021;Sol;Plomb et composés (exprimés en tant que Pb);272;kg/an
0005100757;SAICA PAPER  FRANCE (ROCHETTE VENIZEL);2021;Sol;Zinc et composés (exprimés en tant que Zn);2070;kg/an
0005100757;SAICA PAPER  FRANCE (ROCHETTE VENIZEL);2021;Sol;PCBi : somme des 7 PCB indicateurs (PCB 28+PCB 52+PCB 101+PCB 118+PCB 138+PCB 153+PCB 180);1.29;kg/an
0005303658;SUEZ RV NORMANDIE;2021;Air;Sulfure d'hydrogène (H2S);13400;kg/an
0005304464;JEAN CHEREAU SAS;2021;Air;Composés organiques volatils non méthaniques (COVNM);63200;kg/an
0005304834;TERREAL;2021;Air;Dioxyde de carbone (CO2) d'origine non biomasse;11100000;kg/an
0005304834;TERREAL;2021;Air;Dioxyde de carbone (CO2) total (d'origine biomasse et non biomasse);11100000;kg/an
0005304876;SPEN;2021;Air;Dioxyde de carbone (CO2) d'origine biomasse;10700000;kg/an
0005100790;SGI;2021;Air;Nickel et composés (exprimés en tant que Ni);170;kg/an
0005304876;SPEN;2021;Air;Méthane (CH4);281000;kg/an
0005100850;ETEX FRANCE BUILDING PERFORMANCE;2021;Air;Dioxyde de carbone (CO2) d'origine non biomasse;52000000;kg/an
0005100850;ETEX FRANCE BUILDING PERFORMANCE;2021;Air;Dioxyde de carbone (CO2) total (d'origine biomasse et non biomasse);52000000;kg/an
0005304876;SPEN;2021;Air;Dioxyde de carbone (CO2) total (d'origine biomasse et non biomasse);10700000;kg/an
0005305154;FARMACLAIR;2021;Air;Hydroflurocarbures (HFC);247;kg/an
0005100909;VISKASE;2021;Air;Composés organiques volatils non méthaniques (COVNM);438000;kg/an
0005305295;FAURECIA SIEGES D'AUTOMOBILE;2021;Air;Hydroflurocarbures (HFC);131;kg/an
0005100909;VISKASE;2021;Air;Sulfure de carbone;438000;kg/an
0005100909;VISKASE;2021;Air;Sulfure d'hydrogène (H2S);30900;kg/an
0005305768;NAVAL GROUP (ex DCNS);2021;Air;Composés organiques volatils non méthaniques (COVNM);42400;kg/an
0005305803;SAS LES CHAMPS JOUAULT;2021;Air;Méthane (CH4);209000;kg/an
0005100912;AGCO;2021;Air;Composés organiques volatils non méthaniques (COVNM);65500;kg/an
0005306064;SUEZ RV NORMANDIE;2021;Air;Méthane (CH4);247000;kg/an
0005100918;SPONTEX;2021;Air;Composés organiques volatils non méthaniques (COVNM);359000;kg/an
0005100918;SPONTEX;2021;Air;Sulfure de carbone;341000;kg/an
0005100918;SPONTEX;2021;Air;Sulfure d'hydrogène (H2S);17200;kg/an
0005100918;SPONTEX;2021;Air;Dioxyde de carbone (CO2) d'origine non biomasse;28500000;kg/an
0005100918;SPONTEX;2021;Air;Dioxyde de carbone (CO2) total (d'origine biomasse et non biomasse);28500000;kg/an
0005306064;SUEZ RV NORMANDIE;2021;Air;Sulfure d'hydrogène (H2S);7880;kg/an
0005306883;SOCIETE DES MAITRES LAITIERS DU COTENTIN;2021;Eau (indirect);Demande biologique en oxygène (DBO5);365000;kg/an
0005306883;SOCIETE DES MAITRES LAITIERS DU COTENTIN;2021;Eau (indirect);Demande chimique en oxygène (DCO);588000;kg/an
0005401034;METAL PROTECTION;2021;Eau (direct);Zinc et composés (exprimés en tant que Zn);116;kg/an
0005401044;LAGUILLAUMIE;2021;Eau (indirect);Demande biologique en oxygène (DBO5);60100;kg/an
0005401050;KRONOSPAN;2021;Air;Aldéhyde formique (formaldéhyde);4300;kg/an
0005100949;LEBRONZE ALLOYS (ex BRONZE INDUSTRIEL);2021;Eau (direct);Nickel et composés (exprimés en tant que Ni);28.2;kg/an
0005401050;KRONOSPAN;2021;Air;Dioxines et furanes (PCDD + PCDF) (exprimés en iTeq);0.000368;kg/an
0005401050;KRONOSPAN;2021;Air;Dioxyde de carbone (CO2) d'origine biomasse;37300000;kg/an
0005401050;KRONOSPAN;2021;Air;Plomb et composés (exprimés en tant que Pb);408;kg/an
0005401050;KRONOSPAN;2021;Air;Zinc et composés (exprimés en tant que Zn);767;kg/an
0005100978;BASF France (ex Coatings);2021;Air;Composés organiques volatils non méthaniques (COVNM);49600;kg/an
0005401050;KRONOSPAN;2021;Air;Dioxyde de carbone (CO2) total (d'origine biomasse et non biomasse);40000000;kg/an
0005401067;VALSPAR FRANCE CORPORATION;2021;Air;Composés organiques volatils non méthaniques (COVNM);31100;kg/an
0005401075;KRONOSPAN SAS;2021;Air;Dioxyde de carbone (CO2) d'origine biomasse;55300000;kg/an
0005100993;Si GROUP ex- ADDIVANT ex-CHEMTURA;2021;Air;Composés organiques volatils non méthaniques (COVNM);35700;kg/an
0005401075;KRONOSPAN SAS;2021;Air;Oxydes d'azote (NOx/NO2);114000;kg/an
0005100993;Si GROUP ex- ADDIVANT ex-CHEMTURA;2021;Air;Hydroflurocarbures (HFC);259;kg/an
0005401075;KRONOSPAN SAS;2021;Air;Dioxyde de carbone (CO2) total (d'origine biomasse et non biomasse);59600000;kg/an
0005401100;AMCOR FLEXIBLES PACKAGING France;2021;Air;Composés organiques volatils non méthaniques (COVNM);149000;kg/an
0005101029;TEREOS FRANCE;2021;Air;Dioxyde de carbone (CO2) d'origine non biomasse;46600000;kg/an
0005101029;TEREOS FRANCE;2021;Air;Dioxyde de carbone (CO2) total (d'origine biomasse et non biomasse);46600000;kg/an
0005401112;SUEZ RR IWS MINERALS FRANCE (ISDND);2021;Air;Méthane (CH4);287000;kg/an
0005101029;TEREOS FRANCE;2021;Eau (direct);Arsenic et composés (exprimés en tant que As);56.2;kg/an
0005101029;TEREOS FRANCE;2021;Eau (direct);Nickel et composés (exprimés en tant que Ni);53.1;kg/an
0005401115;Corden Pharma (ex. SYNKEM);2021;Air;Chloroforme (trichlorométhane);3300;kg/an
0005401115;Corden Pharma (ex. SYNKEM);2021;Air;Composés organiques volatils non méthaniques (COVNM);103000;kg/an
0005101072;REGEAL;2021;Air;Dioxyde de carbone (CO2) d'origine non biomasse;14300000;kg/an
0005101072;REGEAL;2021;Air;Dioxyde de carbone (CO2) total (d'origine biomasse et non biomasse);14300000;kg/an
0005401115;Corden Pharma (ex. SYNKEM);2021;Air;Dichlorométhane (DCM, chlorure de méthylène);4700;kg/an
0005401118;SUEZ RV CENTRE EST;2021;Air;Méthane (CH4);191000;kg/an
0005401124;ECKES GRANINI FRANCE SNC;2021;Air;Hydrochlorofluorocarbures (HCFC);13;kg/an
0005101075;ENGIE;2021;Air;Dioxyde de carbone (CO2) d'origine non biomasse;20500000;kg/an
0005101075;ENGIE;2021;Air;Dioxyde de carbone (CO2) total (d'origine biomasse et non biomasse);20500000;kg/an
0005401124;ECKES GRANINI FRANCE SNC;2021;Air;Hydroflurocarbures (HFC);363;kg/an
0005101102;CREIL ENERGIE;2021;Air;Dioxyde de carbone (CO2) d'origine biomasse;15600000;kg/an
0005401124;ECKES GRANINI FRANCE SNC;2021;Eau (indirect);Demande biologique en oxygène (DBO5);135000;kg/an
0005101102;CREIL ENERGIE;2021;Air;Dioxyde de carbone (CO2) d'origine non biomasse;13200000;kg/an
0005101102;CREIL ENERGIE;2021;Air;Dioxyde de carbone (CO2) total (d'origine biomasse et non biomasse);28800000;kg/an
0005401124;ECKES GRANINI FRANCE SNC;2021;Eau (indirect);Demande chimique en oxygène (DCO);255000;kg/an
0005401138;Communauté de l'Agglomération Dijonnaise;2021;Air;Dioxyde de carbone (CO2) d'origine biomasse;73000000;kg/an
0005401138;Communauté de l'Agglomération Dijonnaise;2021;Air;Mercure et composés (exprimés en tant que Hg);10.6;kg/an
0005101157;AmphastarFrance Pharmaceuticals;2021;Air;Composés organiques volatils non méthaniques (COVNM);96500;kg/an
0005101176;SAVERGLASS;2021;Air;Oxydes d'azote (NOx/NO2);226000;kg/an
0005101176;SAVERGLASS;2021;Air;Dioxyde de carbone (CO2) d'origine non biomasse;49400000;kg/an
0005401138;Communauté de l'Agglomération Dijonnaise;2021;Air;Dioxyde de carbone (CO2) d'origine non biomasse;73000000;kg/an
0005101176;SAVERGLASS;2021;Air;Dioxyde de carbone (CO2) total (d'origine biomasse et non biomasse);49400000;kg/an
0005401138;Communauté de l'Agglomération Dijonnaise;2021;Air;Dioxyde de carbone (CO2) total (d'origine biomasse et non biomasse);146000000;kg/an
0005401144;Aperam Stainless France;2021;Air;Dioxyde de carbone (CO2) d'origine non biomasse;49000000;kg/an
0005401144;Aperam Stainless France;2021;Air;Dioxyde de carbone (CO2) total (d'origine biomasse et non biomasse);49000000;kg/an
0005401144;Aperam Stainless France;2021;Eau (direct);Chrome et composés (exprimés en tant que Cr);57.9;kg/an
0005101189;BIGARD SA;2021;Eau (indirect);Demande biologique en oxygène (DBO5);56400;kg/an
0005401144;Aperam Stainless France;2021;Eau (direct);Di(2-éthylhexyle)phtalate (DEHP);317;kg/an
0005101211;STORENGY;2021;Air;Méthane (CH4);226000;kg/an
0005101211;STORENGY;2021;Air;Dioxyde de carbone (CO2) d'origine non biomasse;24400000;kg/an
0005101211;STORENGY;2021;Air;Dioxyde de carbone (CO2) total (d'origine biomasse et non biomasse);24400000;kg/an
0005401144;Aperam Stainless France;2021;Eau (direct);Fluorures (en tant que F total);3740;kg/an
0005401144;Aperam Stainless France;2021;Eau (direct);Nickel et composés (exprimés en tant que Ni);119;kg/an
0005401151;INDUSTEEL FRANCE;2021;Air;Zinc et composés (exprimés en tant que Zn);208;kg/an
0005101253;AUTONEUM;2021;Eau (direct);Fer et composés (exprimés en tant que Fe);6790;kg/an
0005101253;AUTONEUM;2021;Eau (indirect);Cadmium et composés (exprimés en tant que Cd);2.07;kg/an
0005401151;INDUSTEEL FRANCE;2021;Air;Dioxyde de carbone (CO2) d'origine non biomasse;47100000;kg/an
0005401151;INDUSTEEL FRANCE;2021;Air;Dioxyde de carbone (CO2) total (d'origine biomasse et non biomasse);47100000;kg/an
0005401151;INDUSTEEL FRANCE;2021;Eau (direct);Nickel et composés (exprimés en tant que Ni);22.2;kg/an
0005101264;Montupet (ex site Desnoyers);2021;Air;Composés organiques volatils non méthaniques (COVNM);53900;kg/an
0005401153;THERMODYN;2021;Air;Hydroflurocarbures (HFC);719;kg/an
0005401201;COMMUNAUTE DE COMMUNES DU GRAND SENONAIS;2021;Air;Dioxyde de carbone (CO2) d'origine biomasse;12100000;kg/an
0005401201;COMMUNAUTE DE COMMUNES DU GRAND SENONAIS;2021;Air;Dioxyde de carbone (CO2) total (d'origine biomasse et non biomasse);18100000;kg/an
0005401208;PRYSMIAN;2021;Air;Hexafluorure de soufre (SF6);1350;kg/an
0005401220;VERALLIA FRANCE;2021;Air;Oxydes de soufre (SOx/SO2);286000;kg/an
0005101339;UNILEVER FRANCE HPC Industries;2021;Eau (direct);Zinc et composés (exprimés en tant que Zn);340;kg/an
0005101339;UNILEVER FRANCE HPC Industries;2021;Sol;Zinc et composés (exprimés en tant que Zn);767;kg/an
0005401220;VERALLIA FRANCE;2021;Air;Oxydes d'azote (NOx/NO2);423000;kg/an
0005401220;VERALLIA FRANCE;2021;Air;Dioxyde de carbone (CO2) d'origine non biomasse;133000000;kg/an
0005101361;AKZO NOBEL DECORATIVE (ex AKZO NOBEL CO);2021;Air;Composés organiques volatils non méthaniques (COVNM);33600;kg/an
0005101363;ARCELORMITTAL ATLANTIQUE -  LORRAINE;2021;Air;Composés organiques volatils non méthaniques (COVNM);149000;kg/an
0005101363;ARCELORMITTAL ATLANTIQUE -  LORRAINE;2021;Air;Dioxyde de carbone (CO2) d'origine non biomasse;57100000;kg/an
0005401220;VERALLIA FRANCE;2021;Air;Dioxyde de carbone (CO2) total (d'origine biomasse et non biomasse);133000000;kg/an
0005401220;VERALLIA FRANCE;2021;Air;Sélénium;56.9;kg/an
0005401231;SUEZ RV Centre Est (ex. SITA CENTRE EST);2021;Air;Dioxyde de carbone (CO2) d'origine biomasse;11700000;kg/an
0005401231;SUEZ RV Centre Est (ex. SITA CENTRE EST);2021;Air;Méthane (CH4);366000;kg/an
0005401231;SUEZ RV Centre Est (ex. SITA CENTRE EST);2021;Air;Dioxyde de carbone (CO2) total (d'origine biomasse et non biomasse);11700000;kg/an
0005401244;SOPREMA;2021;Air;Composés organiques volatils non méthaniques (COVNM);79700;kg/an
0005401249;AIR LIQUIDE FRANCE INDUSTRIES;2021;Air;Hexafluorure de soufre (SF6);27;kg/an
0005501218;PDM INDUSTRIES;2021;Eau (direct);Demande chimique en oxygène (DCO);376000;kg/an
0005401250;CHALON ENERGIE SA;2021;Air;Dioxyde de carbone (CO2) d'origine biomasse;24100000;kg/an
0005401250;CHALON ENERGIE SA;2021;Air;Dioxyde de carbone (CO2) d'origine non biomasse;22400000;kg/an
0005401250;CHALON ENERGIE SA;2021;Air;Dioxyde de carbone (CO2) total (d'origine biomasse et non biomasse);46500000;kg/an
0005401253;MICHELIN;2021;Air;Composés organiques volatils non méthaniques (COVNM);42600;kg/an
0005401253;MICHELIN;2021;Air;Hydroflurocarbures (HFC);630;kg/an
0005501218;PDM INDUSTRIES;2021;Sol;Chrome et composés (exprimés en tant que Cr);73;kg/an
0005401253;MICHELIN;2021;Air;Dioxyde de carbone (CO2) d'origine non biomasse;11600000;kg/an
0005401253;MICHELIN;2021;Air;Dioxyde de carbone (CO2) total (d'origine biomasse et non biomasse);11600000;kg/an
0005501218;PDM INDUSTRIES;2021;Sol;Zinc et composés (exprimés en tant que Zn);459;kg/an
0005501236;BONDUELLE TRAITEUR (Saladerie);2021;Eau (indirect);Demande biologique en oxygène (DBO5);127000;kg/an
0005501236;BONDUELLE TRAITEUR (Saladerie);2021;Eau (indirect);Demande chimique en oxygène (DCO);267000;kg/an
0005401254;APERAM ALLOYS IMPHY;2021;Air;Nickel et composés (exprimés en tant que Ni);92.2;kg/an
0005501318;CGPA PENY;2021;Sol;Phosphore total;15300;kg/an
0005401254;APERAM ALLOYS IMPHY;2021;Air;Dioxyde de carbone (CO2) d'origine non biomasse;22400000;kg/an
0005501351;NOBELSPORT;2021;Air;Composés organiques volatils non méthaniques (COVNM);278000;kg/an
0005401254;APERAM ALLOYS IMPHY;2021;Air;Dioxyde de carbone (CO2) total (d'origine biomasse et non biomasse);22400000;kg/an
0005401254;APERAM ALLOYS IMPHY;2021;Eau (direct);Chrome et composés (exprimés en tant que Cr);65.5;kg/an
0005501387;PSA PEUGEOT CITROEN;2021;Air;Composés organiques volatils non méthaniques (COVNM);229000;kg/an
0005401254;APERAM ALLOYS IMPHY;2021;Eau (direct);Nickel et composés (exprimés en tant que Ni);202;kg/an
0005501387;PSA PEUGEOT CITROEN;2021;Air;Hydroflurocarbures (HFC);1830;kg/an
0005401257;SODIEN (ex SOCCRAM);2021;Air;Dioxyde de carbone (CO2) d'origine non biomasse;17500000;kg/an
0005501387;PSA PEUGEOT CITROEN;2021;Air;Dioxyde de carbone (CO2) d'origine non biomasse;23800000;kg/an
0005401257;SODIEN (ex SOCCRAM);2021;Air;Dioxyde de carbone (CO2) total (d'origine biomasse et non biomasse);17500000;kg/an
0005501387;PSA PEUGEOT CITROEN;2021;Air;Dioxyde de carbone (CO2) total (d'origine biomasse et non biomasse);23800000;kg/an
0005501399;SOCIETE DESHYOUEST;2021;Air;Dioxyde de carbone (CO2) d'origine biomasse;13800000;kg/an
0005501399;SOCIETE DESHYOUEST;2021;Air;Dioxyde de carbone (CO2) d'origine non biomasse;10300000;kg/an
0005501399;SOCIETE DESHYOUEST;2021;Air;Dioxyde de carbone (CO2) total (d'origine biomasse et non biomasse);24000000;kg/an
0005401258;CHEZE SAS;2021;Air;Méthane (CH4);276000;kg/an
0005501486;CARGILL FRANCE SAS;2021;Air;Composés organiques volatils non méthaniques (COVNM);284000;kg/an
0005501486;CARGILL FRANCE SAS;2021;Sol;Fer et composés (exprimés en tant que Fe);64600;kg/an
0005501486;CARGILL FRANCE SAS;2021;Sol;Zinc et composés (exprimés en tant que Zn);101;kg/an
0005401262;SECUA SNC (chaufferie d'Autun);2021;Air;Dioxyde de carbone (CO2) total (d'origine biomasse et non biomasse);10200000;kg/an
0005501498;UNIVERSITE DE RENNES 1;2021;Air;Dioxyde de carbone (CO2) d'origine non biomasse;10900000;kg/an
0005401290;BREGER CENTRE SAS;2021;Air;Composés organiques volatils non méthaniques (COVNM);37500;kg/an
0005501498;UNIVERSITE DE RENNES 1;2021;Air;Dioxyde de carbone (CO2) total (d'origine biomasse et non biomasse);10900000;kg/an
0005501504;VALOREIZH;2021;Air;Mercure et composés (exprimés en tant que Hg);19.2;kg/an
0005501504;VALOREIZH;2021;Air;Zinc et composés (exprimés en tant que Zn);203;kg/an
0005501504;VALOREIZH;2021;Air;Dioxyde de carbone (CO2) d'origine non biomasse;118000000;kg/an
0005401298;EURIAL ULTRA FRAIS;2021;Sol;Phosphore total;6900;kg/an
0005501504;VALOREIZH;2021;Air;Dioxyde de carbone (CO2) total (d'origine biomasse et non biomasse);118000000;kg/an
0005501505;ENERSUD - SOC RENNAISE DISTRI CHALEUR;2021;Air;Dioxyde de carbone (CO2) d'origine non biomasse;34500000;kg/an
0005401338;RHODIA OPERATIONS (groupe solvay);2021;Air;Dioxyde de carbone (CO2) d'origine non biomasse;10600000;kg/an
0005401338;RHODIA OPERATIONS (groupe solvay);2021;Air;Dioxyde de carbone (CO2) total (d'origine biomasse et non biomasse);10600000;kg/an
0005501505;ENERSUD - SOC RENNAISE DISTRI CHALEUR;2021;Air;Dioxyde de carbone (CO2) total (d'origine biomasse et non biomasse);34500000;kg/an
0005501557;KNAUF INDUSTRIES OUEST;2021;Air;Composés organiques volatils non méthaniques (COVNM);36400;kg/an
0005501573;SMICTOM Sud Est 35;2021;Air;Dioxyde de carbone (CO2) d'origine biomasse;12900000;kg/an
0005501573;SMICTOM Sud Est 35;2021;Air;Dioxyde de carbone (CO2) total (d'origine biomasse et non biomasse);22800000;kg/an
0005501580;CDL SAS;2021;Air;Dioxyde de carbone (CO2) d'origine non biomasse;23500000;kg/an
0005401359;SALZGITTER Mannesmann Stainless Tubes;2021;Air;Dioxyde de carbone (CO2) d'origine non biomasse;12100000;kg/an
0005401359;SALZGITTER Mannesmann Stainless Tubes;2021;Air;Dioxyde de carbone (CO2) total (d'origine biomasse et non biomasse);12100000;kg/an
0005501580;CDL SAS;2021;Air;Dioxyde de carbone (CO2) total (d'origine biomasse et non biomasse);23500000;kg/an
0005501682;GROUPE ROCHER OPERATIONS;2021;Eau (indirect);Demande biologique en oxygène (DBO5);69200;kg/an
0005501682;GROUPE ROCHER OPERATIONS;2021;Eau (indirect);Demande chimique en oxygène (DCO);153000;kg/an
0005501776;GUERBET;2021;Air;Composés organiques volatils non méthaniques (COVNM);171000;kg/an
0005401368;PLASTIPACK PACKAGING FRANCE;2021;Eau (indirect);Demande biologique en oxygène (DBO5);132000;kg/an
0005501776;GUERBET;2021;Air;Dioxyde de carbone (CO2) d'origine non biomasse;18700000;kg/an
0005401368;PLASTIPACK PACKAGING FRANCE;2021;Eau (indirect);Demande chimique en oxygène (DCO);314000;kg/an
0005501776;GUERBET;2021;Air;Dioxyde de carbone (CO2) total (d'origine biomasse et non biomasse);18700000;kg/an
0005501786;CONSERVERIE MORBIHANNAISE Lanvenegen;2021;Sol;Phosphore total;7540;kg/an
0005401402;AMORA MAILLE Chevigny;2021;Eau (indirect);Demande chimique en oxygène (DCO);491000;kg/an
0005401415;ISOVER ST GOBAIN;2021;Air;Ammoniac (NH3);25500;kg/an
0005501941;Com Com Auray Quiberon Terre Atlantique;2021;Air;Dioxyde de carbone (CO2) d'origine biomasse;13400000;kg/an
0005501941;Com Com Auray Quiberon Terre Atlantique;2021;Air;Dioxyde de carbone (CO2) d'origine non biomasse;10100000;kg/an
0005501941;Com Com Auray Quiberon Terre Atlantique;2021;Air;Dioxyde de carbone (CO2) total (d'origine biomasse et non biomasse);23600000;kg/an
0005401425;MASSILLY PRINTING SOLUTIONS (MPS) exRBSA;2021;Air;Composés organiques volatils non méthaniques (COVNM);52500;kg/an
0005401426;TERREAL SAS;2021;Air;Dioxyde de carbone (CO2) d'origine non biomasse;13900000;kg/an
0005401426;TERREAL SAS;2021;Air;Dioxyde de carbone (CO2) total (d'origine biomasse et non biomasse);13900000;kg/an
0005501941;Com Com Auray Quiberon Terre Atlantique;2021;Eau (indirect);Mercure et composés (exprimés en tant que Hg);1.95;kg/an
0005401465;FRUEHAUF SAS;2021;Air;Composés organiques volatils non méthaniques (COVNM);76200;kg/an
0005501981;SITTOM-MI;2021;Air;Dioxyde de carbone (CO2) d'origine biomasse;15800000;kg/an
0005501981;SITTOM-MI;2021;Air;Dioxyde de carbone (CO2) d'origine non biomasse;12000000;kg/an
0005401474;SENS BIO ENERGIE SERVICES;2021;Air;Dioxyde de carbone (CO2) total (d'origine biomasse et non biomasse);10100000;kg/an
0005501981;SITTOM-MI;2021;Air;Dioxyde de carbone (CO2) total (d'origine biomasse et non biomasse);27800000;kg/an
0005502171;IMERYS REFACTORY MINERALS;2021;Eau (direct);Manganèse et composés (exprimés en tant que Mn);4780;kg/an
0005401631;SPPH;2021;Eau (indirect);Demande biologique en oxygène (DBO5);49100;kg/an
0005502171;IMERYS REFACTORY MINERALS;2021;Eau (direct);Nickel et composés (exprimés en tant que Ni);120;kg/an
0005502171;IMERYS REFACTORY MINERALS;2021;Eau (direct);Sulfates;2130000;kg/an
0005401676;MASSILLY FRANCE;2021;Air;Composés organiques volatils non méthaniques (COVNM);65500;kg/an
0005503096;CARRIERES ET MATERIAUX DU GRAND OUEST;2021;Air;Poussières totales;137000;kg/an
0005401696;PAPREC PLASTIQUES SAS;2021;Eau (indirect);Zinc et composés (exprimés en tant que Zn);137;kg/an
0005503320;COOPERL ARC ATLANTIC;2021;Eau (indirect);Demande biologique en oxygène (DBO5);66300;kg/an
0005401765;SONIRVAL - VALEST;2021;Air;Dioxyde de carbone (CO2) d'origine biomasse;21600000;kg/an
0005503335;KERVALIS ARMOR;2021;Air;Dioxyde de carbone (CO2) d'origine biomasse;17800000;kg/an
0005401765;SONIRVAL - VALEST;2021;Air;Dioxyde de carbone (CO2) d'origine non biomasse;16500000;kg/an
0005401765;SONIRVAL - VALEST;2021;Air;Dioxyde de carbone (CO2) total (d'origine biomasse et non biomasse);38000000;kg/an
0005503335;KERVALIS ARMOR;2021;Air;Dioxyde de carbone (CO2) total (d'origine biomasse et non biomasse);17800000;kg/an
0005503335;KERVALIS ARMOR;2021;Eau (indirect);Azote total;60900;kg/an
0005401880;CORIANCE;2021;Air;Dioxyde de carbone (CO2) d'origine non biomasse;13100000;kg/an
0005503335;KERVALIS ARMOR;2021;Eau (indirect);Demande biologique en oxygène (DBO5);75300;kg/an
0005401880;CORIANCE;2021;Air;Dioxyde de carbone (CO2) total (d'origine biomasse et non biomasse);13100000;kg/an
0005503394;COGELYO OUEST enceinte CITROEN;2021;Air;Dioxyde de carbone (CO2) d'origine non biomasse;14200000;kg/an
0005503394;COGELYO OUEST enceinte CITROEN;2021;Air;Dioxyde de carbone (CO2) total (d'origine biomasse et non biomasse);14200000;kg/an
0005503421;HIRSCH FRANCE;2021;Air;Composés organiques volatils non méthaniques (COVNM);73500;kg/an
0005401887;COVED;2021;Air;Méthane (CH4);283000;kg/an
0005503449;TRIBALLAT NOYAL - Usine SOJASUN;2021;Eau (indirect);Demande biologique en oxygène (DBO5);724000;kg/an
0005503449;TRIBALLAT NOYAL - Usine SOJASUN;2021;Eau (indirect);Demande chimique en oxygène (DCO);1160000;kg/an
0005401901;REFRESCO France;2021;Eau (indirect);Demande biologique en oxygène (DBO5);45500;kg/an
0005503449;TRIBALLAT NOYAL - Usine SOJASUN;2021;Eau (indirect);Phosphore total;5250;kg/an
0005503522;SANDEN MANUFACTURING EUROPE;2021;Air;Hydroflurocarbures (HFC);803;kg/an
0005503558;SYSEM (CET2 SARZEAU)en post exploitation;2021;Air;Méthane (CH4);103000;kg/an
0005503633;BLUE SOLUTIONS;2021;Air;Hydroflurocarbures (HFC);167;kg/an
0005503641;STATION D'EPURATION DE CARHAIX;2021;Sol;Phosphore total;8300;kg/an
0005401914;SMURFIT KAPPA  PARNALLAND;2021;Eau (indirect);Cuivre et composés (exprimés en tant que Cu);283;kg/an
0005402057;SOCCRAM;2021;Air;Dioxyde de carbone (CO2) d'origine biomasse;10600000;kg/an
0005503680;SAVE;2021;Air;Dioxyde de carbone (CO2) d'origine biomasse;24800000;kg/an
0005402057;SOCCRAM;2021;Air;Dioxyde de carbone (CO2) total (d'origine biomasse et non biomasse);18400000;kg/an
0005503680;SAVE;2021;Air;Dioxyde de carbone (CO2) total (d'origine biomasse et non biomasse);25000000;kg/an
0005503726;GEVAL;2021;Air;Méthane (CH4);214000;kg/an
0005503729;SUEZ RV Ouest;2021;Air;Méthane (CH4);375000;kg/an
0005503739;SECHE ENVIRONNEMENT;2021;Air;Méthane (CH4);241000;kg/an
0005403160;DIJON ENERGIES Dijon Sud Péjoces;2021;Air;Dioxyde de carbone (CO2) d'origine biomasse;43400000;kg/an
0005403160;DIJON ENERGIES Dijon Sud Péjoces;2021;Air;Dioxyde de carbone (CO2) total (d'origine biomasse et non biomasse);50800000;kg/an
0005503774;KNAUF INDUSTRIES OUEST;2021;Air;Composés organiques volatils non méthaniques (COVNM);31200;kg/an
0005503914;EAU DU PONANT SPL;2021;Air;Dioxines et furanes (PCDD + PCDF) (exprimés en iTeq);0.00017;kg/an
0005504337;SECHE ECO-INDUSTRIE;2021;Air;Méthane (CH4);301000;kg/an
0005504579;VERGERS DE CHATEAUBOURG SAS;2021;Eau (direct);Mercure et composés (exprimés en tant que Hg);13.1;kg/an
0005425674;SODIEN;2021;Air;Dioxyde de carbone (CO2) d'origine biomasse;23700000;kg/an
0005425674;SODIEN;2021;Air;Dioxyde de carbone (CO2) total (d'origine biomasse et non biomasse);24100000;kg/an
0005514051;COGESTAR 3;2021;Air;Dioxyde de carbone (CO2) d'origine non biomasse;33200000;kg/an
0005500035;KERMENE;2021;Air;Dioxyde de carbone (CO2) d'origine non biomasse;13000000;kg/an
0005500035;KERMENE;2021;Air;Dioxyde de carbone (CO2) total (d'origine biomasse et non biomasse);13000000;kg/an
0005514051;COGESTAR 3;2021;Air;Dioxyde de carbone (CO2) total (d'origine biomasse et non biomasse);33200000;kg/an
0005500040;LNA LAITERIE NOUVELLE DE L ARGUENON;2021;Air;Dioxyde de carbone (CO2) d'origine non biomasse;23800000;kg/an
0005515356;KERMENE - TRELIVAN;2021;Eau (indirect);Demande biologique en oxygène (DBO5);52400;kg/an
0005500040;LNA LAITERIE NOUVELLE DE L ARGUENON;2021;Air;Dioxyde de carbone (CO2) total (d'origine biomasse et non biomasse);23800000;kg/an
0005515506;RENNES METROPOLE;2021;Air;Méthane (CH4);170000;kg/an
0005500062;SOCOPA VIANDES;2021;Eau (indirect);Demande biologique en oxygène (DBO5);238000;kg/an
0005515787;KNAUF ILE DE FRANCE / OUEST;2021;Air;Composés organiques volatils non méthaniques (COVNM);127000;kg/an
0005500062;SOCOPA VIANDES;2021;Eau (indirect);Demande chimique en oxygène (DCO);553000;kg/an
0005500070;ENTREMONT ALLIANCE;2021;Air;Dioxyde de carbone (CO2) d'origine non biomasse;17300000;kg/an
0005517152;Laboratoires GOEMAR;2021;Eau (indirect);Demande biologique en oxygène (DBO5);43800;kg/an
0005500070;ENTREMONT ALLIANCE;2021;Air;Dioxyde de carbone (CO2) total (d'origine biomasse et non biomasse);17300000;kg/an
0005500070;ENTREMONT ALLIANCE;2021;Eau (indirect);Demande biologique en oxygène (DBO5);303000;kg/an
0005500070;ENTREMONT ALLIANCE;2021;Eau (indirect);Demande chimique en oxygène (DCO);605000;kg/an
0005500070;ENTREMONT ALLIANCE;2021;Eau (indirect);Phosphore total;5560;kg/an
0005517250;STALAVEN SA;2021;Eau (indirect);Demande biologique en oxygène (DBO5);87500;kg/an
0005500088;FERTIVAL SA;2021;Air;Dioxyde de carbone (CO2) d'origine biomasse;28300000;kg/an
0005500088;FERTIVAL SA;2021;Air;Dioxyde de carbone (CO2) total (d'origine biomasse et non biomasse);29700000;kg/an
0005517250;STALAVEN SA;2021;Eau (indirect);Demande chimique en oxygène (DCO);168000;kg/an
0005517386;DALKIA BIOMASSE RENNES;2021;Air;Dioxyde de carbone (CO2) d'origine biomasse;107000000;kg/an
0005500104;COOPERATIVE LE GOUESSANT (ZI);2021;Eau (indirect);Demande biologique en oxygène (DBO5);137000;kg/an
0005500104;COOPERATIVE LE GOUESSANT (ZI);2021;Eau (indirect);Demande chimique en oxygène (DCO);268000;kg/an
0005500107;COOPERL ARC ATLANTIQUE;2021;Eau (indirect);Demande biologique en oxygène (DBO5);92900;kg/an
0005517386;DALKIA BIOMASSE RENNES;2021;Air;Oxydes d'azote (NOx/NO2);119000;kg/an
0005500107;COOPERL ARC ATLANTIQUE;2021;Eau (indirect);Demande chimique en oxygène (DCO);202000;kg/an
0005517386;DALKIA BIOMASSE RENNES;2021;Air;Dioxyde de carbone (CO2) total (d'origine biomasse et non biomasse);107000000;kg/an
0005518021;LORIENT AGGLOMERATION;2021;Air;Méthane (CH4);206000;kg/an
0005500149;LOUDEAC VIANDES;2021;Eau (indirect);Azote total;61500;kg/an
0005500149;LOUDEAC VIANDES;2021;Eau (indirect);Demande biologique en oxygène (DBO5);432000;kg/an
0005500149;LOUDEAC VIANDES;2021;Eau (indirect);Demande chimique en oxygène (DCO);938000;kg/an
0005518083;COMPAGNIE ELECTRIQUE DE BRETAGNE;2021;Air;Dioxyde de carbone (CO2) d'origine non biomasse;36000000;kg/an
0005500149;LOUDEAC VIANDES;2021;Eau (indirect);Matières en suspension (MES);336000;kg/an
0005500149;LOUDEAC VIANDES;2021;Eau (indirect);Phosphore total;8060;kg/an
0005518083;COMPAGNIE ELECTRIQUE DE BRETAGNE;2021;Air;Dioxyde de carbone (CO2) total (d'origine biomasse et non biomasse);36000000;kg/an
0005518328;SCEA TERRE ET PORC;2021;Air;Ammoniac (NH3);17600;kg/an
0005500149;LOUDEAC VIANDES;2021;Eau (indirect);Zinc et composés (exprimés en tant que Zn);244;kg/an
0005518409;GROUPE SODIAAL B;2021;Air;Dioxyde de carbone (CO2) d'origine non biomasse;12600000;kg/an
0005500169;BROCELIANDE ALH;2021;Eau (indirect);Demande biologique en oxygène (DBO5);124000;kg/an
0005500169;BROCELIANDE ALH;2021;Eau (indirect);Demande chimique en oxygène (DCO);215000;kg/an
0005518409;GROUPE SODIAAL B;2021;Air;Dioxyde de carbone (CO2) total (d'origine biomasse et non biomasse);12600000;kg/an
0005500170;ENTREMONT ALLIANCE;2021;Eau (indirect);Demande biologique en oxygène (DBO5);257000;kg/an
0005518409;GROUPE SODIAAL B;2021;Eau (indirect);Demande biologique en oxygène (DBO5);496000;kg/an
0005518409;GROUPE SODIAAL B;2021;Eau (indirect);Demande chimique en oxygène (DCO);909000;kg/an
0005500170;ENTREMONT ALLIANCE;2021;Eau (indirect);Demande chimique en oxygène (DCO);492000;kg/an
0005500170;ENTREMONT ALLIANCE;2021;Eau (indirect);Phosphore total;8190;kg/an
0005518409;GROUPE SODIAAL B;2021;Eau (indirect);Phosphore total;5160;kg/an
0005518843;BIODEAC;2021;Sol;Cuivre et composés (exprimés en tant que Cu);150;kg/an
0005500334;SECANIM BRETAGNE;2021;Air;Dioxyde de carbone (CO2) d'origine non biomasse;24400000;kg/an
0005500334;SECANIM BRETAGNE;2021;Air;Dioxyde de carbone (CO2) total (d'origine biomasse et non biomasse);24400000;kg/an
0005518843;BIODEAC;2021;Sol;Fer et composés (exprimés en tant que Fe);36300;kg/an
0005518843;BIODEAC;2021;Sol;Manganèse et composés (exprimés en tant que Mn);880;kg/an
0005518843;BIODEAC;2021;Sol;Plomb et composés (exprimés en tant que Pb);35;kg/an
0005500338;SMITRED OUEST D'ARMOR (UIOM DE PLUZUNET);2021;Air;Dioxyde de carbone (CO2) d'origine biomasse;16800000;kg/an
0005500338;SMITRED OUEST D'ARMOR (UIOM DE PLUZUNET);2021;Air;Dioxyde de carbone (CO2) d'origine non biomasse;16800000;kg/an
0005518843;BIODEAC;2021;Sol;Zinc et composés (exprimés en tant que Zn);734;kg/an
0005500338;SMITRED OUEST D'ARMOR (UIOM DE PLUZUNET);2021;Air;Dioxyde de carbone (CO2) total (d'origine biomasse et non biomasse);33700000;kg/an
0005519111;METHA-FERCHAUD;2021;Sol;Azote total;77100;kg/an
0005500440;IDEX ENVIRONNEMENT BRETAGNE( SARL);2021;Air;Dioxyde de carbone (CO2) d'origine biomasse;43300000;kg/an
0005519111;METHA-FERCHAUD;2021;Sol;Phosphore total;38400;kg/an
0005500440;IDEX ENVIRONNEMENT BRETAGNE( SARL);2021;Air;Dioxyde de carbone (CO2) d'origine non biomasse;32700000;kg/an
0005500440;IDEX ENVIRONNEMENT BRETAGNE( SARL);2021;Air;Dioxyde de carbone (CO2) total (d'origine biomasse et non biomasse);76100000;kg/an
0005519494;SOTRAVAL-SEML (Biomasse);2021;Air;Dioxyde de carbone (CO2) d'origine biomasse;12000000;kg/an
0005519494;SOTRAVAL-SEML (Biomasse);2021;Air;Dioxyde de carbone (CO2) total (d'origine biomasse et non biomasse);12000000;kg/an
0005519635;SCEA DE LA COLLINE;2021;Air;Ammoniac (NH3);18700;kg/an
0005519671;SCEA DES MENHIRS;2021;Air;Ammoniac (NH3);10300;kg/an
0005500491;YFFINIAC INDUSTRIE LAITA;2021;Eau (indirect);Demande biologique en oxygène (DBO5);171000;kg/an
0005519960;GAEC DES PORCS SAINS;2021;Air;Ammoniac (NH3);11500;kg/an
0005500491;YFFINIAC INDUSTRIE LAITA;2021;Eau (indirect);Demande chimique en oxygène (DCO);377000;kg/an
0005521668;GAEC DES BOSCHIAUX;2021;Air;Ammoniac (NH3);15500;kg/an
0005500521;EDF-CETAC (BRENNILIS);2021;Air;Oxydes d'azote (NOx/NO2);168000;kg/an
0005522330;BF ENERGIE;2021;Sol;Azote total;96400;kg/an
0005500521;EDF-CETAC (BRENNILIS);2021;Air;Dioxyde de carbone (CO2) d'origine non biomasse;74000000;kg/an
0005500521;EDF-CETAC (BRENNILIS);2021;Air;Dioxyde de carbone (CO2) total (d'origine biomasse et non biomasse);74000000;kg/an
0005522330;BF ENERGIE;2021;Sol;Phosphore total;39800;kg/an
0005500609;BUNGE France;2021;Air;Composés organiques volatils non méthaniques (COVNM);228000;kg/an
0005600007;MANITOWOC CRANE GROUP FRANCE;2021;Air;Composés organiques volatils non méthaniques (COVNM);64200;kg/an
0005500609;BUNGE France;2021;Air;Dioxyde de carbone (CO2) d'origine non biomasse;23800000;kg/an
0005500609;BUNGE France;2021;Air;Dioxyde de carbone (CO2) total (d'origine biomasse et non biomasse);23800000;kg/an
0005600010;LUCANE;2021;Air;Dioxyde de carbone (CO2) d'origine biomasse;27100000;kg/an
0005500609;BUNGE France;2021;Eau (indirect);Demande biologique en oxygène (DBO5);102000;kg/an
0005500609;BUNGE France;2021;Eau (indirect);Demande chimique en oxygène (DCO);173000;kg/an
0005600010;LUCANE;2021;Air;Zinc et composés (exprimés en tant que Zn);573;kg/an
0005500610;SOTRAVAL-SPL;2021;Air;Dioxyde de carbone (CO2) d'origine biomasse;67000000;kg/an
0005600010;LUCANE;2021;Air;Dioxyde de carbone (CO2) d'origine non biomasse;21000000;kg/an
0005500610;SOTRAVAL-SPL;2021;Air;Dioxyde de carbone (CO2) d'origine non biomasse;51600000;kg/an
0005600010;LUCANE;2021;Air;Dioxyde de carbone (CO2) total (d'origine biomasse et non biomasse);48100000;kg/an
0005500610;SOTRAVAL-SPL;2021;Air;Dioxyde de carbone (CO2) total (d'origine biomasse et non biomasse);119000000;kg/an
0005600022;ADISSEO FRANCE S.A.S;2021;Air;Composés organiques volatils non méthaniques (COVNM);409000;kg/an
0005600022;ADISSEO FRANCE S.A.S;2021;Air;Hydroflurocarbures (HFC);418;kg/an
0005500616;SIDEPAQ;2021;Air;Dioxyde de carbone (CO2) d'origine biomasse;30300000;kg/an
0005600022;ADISSEO FRANCE S.A.S;2021;Air;Dioxyde de carbone (CO2) d'origine non biomasse;46700000;kg/an
0005500616;SIDEPAQ;2021;Air;Plomb et composés (exprimés en tant que Pb);277;kg/an
0005500616;SIDEPAQ;2021;Air;Dioxyde de carbone (CO2) d'origine non biomasse;22800000;kg/an
0005600022;ADISSEO FRANCE S.A.S;2021;Air;Dioxyde de carbone (CO2) total (d'origine biomasse et non biomasse);46700000;kg/an
0005500616;SIDEPAQ;2021;Air;Dioxyde de carbone (CO2) total (d'origine biomasse et non biomasse);53100000;kg/an
0005600022;ADISSEO FRANCE S.A.S;2021;Eau (direct);Composés organohalogénés (exprimés en tant que AOX);1110;kg/an
0005600022;ADISSEO FRANCE S.A.S;2021;Eau (direct);Demande chimique en oxygène (DCO);234000;kg/an
0005500708;VALCOR VALORISATION CORNOUAILLE;2021;Air;Dioxyde de carbone (CO2) d'origine biomasse;18100000;kg/an
0005600022;ADISSEO FRANCE S.A.S;2021;Eau (direct);Fer et composés (exprimés en tant que Fe);6300;kg/an
0005500708;VALCOR VALORISATION CORNOUAILLE;2021;Air;Dioxyde de carbone (CO2) d'origine non biomasse;36900000;kg/an
0005500708;VALCOR VALORISATION CORNOUAILLE;2021;Air;Dioxyde de carbone (CO2) total (d'origine biomasse et non biomasse);55100000;kg/an
0005500721;EDF-CETAC (DIRINON);2021;Air;Oxydes d'azote (NOx/NO2);109000;kg/an
0005500721;EDF-CETAC (DIRINON);2021;Air;Dioxyde de carbone (CO2) d'origine non biomasse;21100000;kg/an
0005500721;EDF-CETAC (DIRINON);2021;Air;Dioxyde de carbone (CO2) total (d'origine biomasse et non biomasse);21100000;kg/an
0005600022;ADISSEO FRANCE S.A.S;2021;Eau (direct);Phénols (en tant que C total);46.3;kg/an
0005600022;ADISSEO FRANCE S.A.S;2021;Eau (direct);Sulfates;2330000;kg/an
0005600022;ADISSEO FRANCE S.A.S;2021;Sol;Nickel et composés (exprimés en tant que Ni);34.5;kg/an
0005600022;ADISSEO FRANCE S.A.S;2021;Sol;Zinc et composés (exprimés en tant que Zn);279;kg/an
0005600022;ADISSEO FRANCE S.A.S;2021;Sol;Biphényles polychlorés (PCB);0.177;kg/an
0005600023;ERASTEEL SAS;2021;Air;Cobalt et composés (exprimés en tant que Co);16.5;kg/an
0005500729;BOLLORE TECHNOLOGIES (Pen Carn);2021;Air;Hexafluorure de soufre (SF6);50.6;kg/an
0005500729;BOLLORE TECHNOLOGIES (Pen Carn);2021;Air;Hydroflurocarbures (HFC);118;kg/an
0005600023;ERASTEEL SAS;2021;Air;Vanadium et ses composés;12.3;kg/an
0005600024;VICAT SA;2021;Air;Benzène;4400;kg/an
0005600024;VICAT SA;2021;Air;Dioxyde de carbone (CO2) d'origine biomasse;73500000;kg/an
0005500732;FRANPAC;2021;Air;Composés organiques volatils non méthaniques (COVNM);42500;kg/an
0005600024;VICAT SA;2021;Air;Oxydes d'azote (NOx/NO2);700000;kg/an
0005600024;VICAT SA;2021;Air;Dioxyde de carbone (CO2) d'origine non biomasse;245000000;kg/an
0005600024;VICAT SA;2021;Air;Dioxyde de carbone (CO2) total (d'origine biomasse et non biomasse);319000000;kg/an
0005600024;VICAT SA;2021;Eau (direct);Cadmium et composés (exprimés en tant que Cd);1.84;kg/an
0005600027;COSMETIQUE ACTIVE PRODUCTION;2021;Air;Composés organiques volatils non méthaniques (COVNM);31200;kg/an
0005600040;SAFRAN ELECTRONICS & DEFENSE;2021;Air;Hydroflurocarbures (HFC);840;kg/an
0005600041;STELLANTIS (ex PSA Peugeot Citroen);2021;Air;Dioxyde de carbone (CO2) d'origine non biomasse;37000000;kg/an
0005600041;STELLANTIS (ex PSA Peugeot Citroen);2021;Air;Dioxyde de carbone (CO2) total (d'origine biomasse et non biomasse);37000000;kg/an
0005600068;ALL CHEM;2021;Air;Composés organiques volatils non méthaniques (COVNM);91600;kg/an
0005600136;QUALIPAC AURILLAC;2021;Eau (direct);Nickel et composés (exprimés en tant que Ni);45.4;kg/an
0005600155;CHEMVIRON FRANCE;2021;Air;Dioxyde de carbone (CO2) d'origine non biomasse;11300000;kg/an
0005600155;CHEMVIRON FRANCE;2021;Air;Dioxyde de carbone (CO2) total (d'origine biomasse et non biomasse);11300000;kg/an
0005600197;TANNERIES DU PUY SAS;2021;Eau (indirect);Chrome et composés (exprimés en tant que Cr);68;kg/an
0005600197;TANNERIES DU PUY SAS;2021;Eau (indirect);Demande biologique en oxygène (DBO5);52200;kg/an
0005600197;TANNERIES DU PUY SAS;2021;Eau (indirect);Fer et composés (exprimés en tant que Fe);3430;kg/an
0005600220;BARBIER CHAVANON;2021;Air;Composés organiques volatils non méthaniques (COVNM);140000;kg/an
0005600245;FAREVA LA VALLEE;2021;Air;Composés organiques volatils non méthaniques (COVNM);47100;kg/an
0005600245;FAREVA LA VALLEE;2021;Air;Hydroflurocarbures (HFC);111;kg/an
0005600251;AEP GROUP;2021;Air;Composés organiques volatils non méthaniques (COVNM);144000;kg/an
0005600264;GUERIN PLASTIQUES SA;2021;Air;Composés organiques volatils non méthaniques (COVNM);78700;kg/an
0005600266;BARBIER ET CIE;2021;Air;Composés organiques volatils non méthaniques (COVNM);88100;kg/an
0005600267;PEM;2021;Eau (direct);Nickel et composés (exprimés en tant que Ni);34.7;kg/an
0005600289;AUBERT & DUVAL ALLIAGES;2021;Air;Dioxyde de carbone (CO2) d'origine non biomasse;27400000;kg/an
0005600289;AUBERT & DUVAL ALLIAGES;2021;Air;Dioxyde de carbone (CO2) total (d'origine biomasse et non biomasse);27400000;kg/an
0005600289;AUBERT & DUVAL ALLIAGES;2021;Eau (direct);Nickel et composés (exprimés en tant que Ni);25.1;kg/an
0005600326;TRELLEBORG INDUSTRIE;2021;Air;Composés organiques volatils non méthaniques (COVNM);43600;kg/an
0005600328;MFP MICHELIN - Site de Cataroux;2021;Air;Composés organiques volatils non méthaniques (COVNM);32900;kg/an
0005600328;MFP MICHELIN - Site de Cataroux;2021;Air;Dioxyde de carbone (CO2) d'origine non biomasse;13200000;kg/an
0005600328;MFP MICHELIN - Site de Cataroux;2021;Air;Dioxyde de carbone (CO2) total (d'origine biomasse et non biomasse);13200000;kg/an
0005600333;MANUF FRANC PNEUMATIQ MICHELIN;2021;Air;Hydrochlorofluorocarbures (HCFC);8.54;kg/an
0005600333;MANUF FRANC PNEUMATIQ MICHELIN;2021;Air;Hydroflurocarbures (HFC);246;kg/an
0005600372;CONSTELLIUM ISSOIRE;2021;Air;Manganèse et composés (exprimés en tant que Mn);294;kg/an
0005600372;CONSTELLIUM ISSOIRE;2021;Air;Oxydes d'azote (NOx/NO2);226000;kg/an
0005600372;CONSTELLIUM ISSOIRE;2021;Air;Zinc et composés (exprimés en tant que Zn);724;kg/an
0005600372;CONSTELLIUM ISSOIRE;2021;Air;Dioxyde de carbone (CO2) d'origine non biomasse;42700000;kg/an
0005600372;CONSTELLIUM ISSOIRE;2021;Air;Dioxyde de carbone (CO2) total (d'origine biomasse et non biomasse);42700000;kg/an
0005600372;CONSTELLIUM ISSOIRE;2021;Eau (direct);Nickel et composés (exprimés en tant que Ni);22.5;kg/an
0005600372;CONSTELLIUM ISSOIRE;2021;Eau (direct);Phénols (en tant que C total);53;kg/an
0005600377;SAIPOL;2021;Air;Composés organiques volatils non méthaniques (COVNM);56500;kg/an
0005600377;SAIPOL;2021;Air;Dioxyde de carbone (CO2) d'origine biomasse;18600000;kg/an
0005600377;SAIPOL;2021;Air;Dioxyde de carbone (CO2) total (d'origine biomasse et non biomasse);21000000;kg/an
0005600392;ADIAMAS Entreprise;2021;Eau (direct);Nickel et composés (exprimés en tant que Ni);21.2;kg/an
0005600419;ROCKWOOL FRANCE SAS;2021;Air;Aldéhyde formique (formaldéhyde);2410;kg/an
0005600419;ROCKWOOL FRANCE SAS;2021;Air;Ammoniac (NH3);168000;kg/an
0005600419;ROCKWOOL FRANCE SAS;2021;Air;Cobalt et composés (exprimés en tant que Co);11.6;kg/an
0005600419;ROCKWOOL FRANCE SAS;2021;Air;Composés organiques volatils non méthaniques (COVNM);33200;kg/an
0005600419;ROCKWOOL FRANCE SAS;2021;Air;Oxydes de soufre (SOx/SO2);337000;kg/an
0005600419;ROCKWOOL FRANCE SAS;2021;Air;Oxydes d'azote (NOx/NO2);126000;kg/an
0005600419;ROCKWOOL FRANCE SAS;2021;Air;Phénols (en tant que C total);5370;kg/an
0005600419;ROCKWOOL FRANCE SAS;2021;Air;Poussières totales;198000;kg/an
0005600419;ROCKWOOL FRANCE SAS;2021;Air;Protoxyde d'azote (N2O);146000;kg/an
0005600419;ROCKWOOL FRANCE SAS;2021;Air;Dioxyde de carbone (CO2) d'origine non biomasse;100000000;kg/an
0005600419;ROCKWOOL FRANCE SAS;2021;Air;Dioxyde de carbone (CO2) total (d'origine biomasse et non biomasse);100000000;kg/an
0005600419;ROCKWOOL FRANCE SAS;2021;Air;Sélénium;32.9;kg/an
0005600463;EUROAPI;2021;Air;Composés organiques volatils non méthaniques (COVNM);227000;kg/an
0005600463;EUROAPI;2021;Air;Dichlorométhane (DCM, chlorure de méthylène);126000;kg/an
0005600463;EUROAPI;2021;Air;Hydroflurocarbures (HFC);134;kg/an
0005600463;EUROAPI;2021;Air;Méthanol (alcool méthylique);35900;kg/an
0005600463;EUROAPI;2021;Air;Dioxyde de carbone (CO2) d'origine non biomasse;17000000;kg/an
0005600463;EUROAPI;2021;Air;Dioxyde de carbone (CO2) total (d'origine biomasse et non biomasse);17000000;kg/an
0005600463;EUROAPI;2021;Eau (direct);Dichlorométhane (DCM, chlorure de méthylène);12.6;kg/an
0005600463;EUROAPI;2021;Eau (direct);Fluorures (en tant que F total);4000;kg/an
0005600463;EUROAPI;2021;Eau (direct);Nickel et composés (exprimés en tant que Ni);36;kg/an
0005600467;Société des Eaux de VOLVIC;2021;Air;Hydroflurocarbures (HFC);207;kg/an
0005601310;SARVAL SUD-EST;2021;Air;Dioxyde de carbone (CO2) d'origine non biomasse;10100000;kg/an
0005601310;SARVAL SUD-EST;2021;Air;Dioxyde de carbone (CO2) total (d'origine biomasse et non biomasse);10100000;kg/an
0005601311;SOCOPA VIANDES;2021;Sol;Zinc et composés (exprimés en tant que Zn);275;kg/an
0005601349;CANDIA Gerzat;2021;Eau (indirect);Demande biologique en oxygène (DBO5);166000;kg/an
0005601349;CANDIA Gerzat;2021;Eau (indirect);Demande chimique en oxygène (DCO);355000;kg/an
0005601360;Société Laitière des Volcans d'Auvergne;2021;Eau (indirect);Demande biologique en oxygène (DBO5);78000;kg/an
0005601360;Société Laitière des Volcans d'Auvergne;2021;Eau (indirect);Demande chimique en oxygène (DCO);187000;kg/an
0005601391;SDC MOULINS;2021;Air;Dioxyde de carbone (CO2) d'origine biomasse;18700000;kg/an
0005601391;SDC MOULINS;2021;Air;Dioxyde de carbone (CO2) total (d'origine biomasse et non biomasse);26400000;kg/an
0005601405;BONILAIT PROTEINES SA;2021;Air;Dioxyde de carbone (CO2) d'origine biomasse;13700000;kg/an
0005601405;BONILAIT PROTEINES SA;2021;Air;Dioxyde de carbone (CO2) total (d'origine biomasse et non biomasse);15900000;kg/an
0005601473;COVIAL SA;2021;Eau (indirect);Demande biologique en oxygène (DBO5);81800;kg/an
0005601473;COVIAL SA;2021;Eau (indirect);Demande chimique en oxygène (DCO);167000;kg/an
0005601500;JACQUET PANIFICATION;2021;Air;Hydroflurocarbures (HFC);136;kg/an
0005601635;VALTOM;2021;Air;Méthane (CH4);479000;kg/an
0005601635;VALTOM;2021;Eau (indirect);Arsenic et composés (exprimés en tant que As);10.7;kg/an
0005601686;SASU VERNEA;2021;Air;Dioxyde de carbone (CO2) d'origine biomasse;73800000;kg/an
0005601686;SASU VERNEA;2021;Air;Dioxyde de carbone (CO2) d'origine non biomasse;186000000;kg/an
0005601686;SASU VERNEA;2021;Air;Dioxyde de carbone (CO2) total (d'origine biomasse et non biomasse);260000000;kg/an
0005601749;TOTAL DIRECT ENERGIE;2021;Air;Oxydes d'azote (NOx/NO2);143000;kg/an
0005601749;TOTAL DIRECT ENERGIE;2021;Air;Protoxyde d'azote (N2O);23500;kg/an
0005601749;TOTAL DIRECT ENERGIE;2021;Air;Dioxyde de carbone (CO2) d'origine non biomasse;438000000;kg/an
0005601749;TOTAL DIRECT ENERGIE;2021;Air;Dioxyde de carbone (CO2) total (d'origine biomasse et non biomasse);438000000;kg/an
0005601778;COVED SA;2021;Air;Méthane (CH4);382000;kg/an
0005602228;UKAD;2021;Air;Vanadium et ses composés;56.5;kg/an
0005602301;G'IMPRIM SAS;2021;Air;Composés organiques volatils non méthaniques (COVNM);104000;kg/an
0005602390;ECLA;2021;Air;Dioxyde de carbone (CO2) d'origine biomasse;19100000;kg/an
0005602390;ECLA;2021;Air;Dioxyde de carbone (CO2) total (d'origine biomasse et non biomasse);19700000;kg/an
0005602391;CLERVIA S.A.S;2021;Air;Dioxyde de carbone (CO2) total (d'origine biomasse et non biomasse);16200000;kg/an
0005602623;BIOMASSE ENERGIE COMMENTRY;2021;Air;Dioxyde de carbone (CO2) d'origine biomasse;147000000;kg/an
0005602623;BIOMASSE ENERGIE COMMENTRY;2021;Air;Oxydes d'azote (NOx/NO2);125000;kg/an
0005602623;BIOMASSE ENERGIE COMMENTRY;2021;Air;Dioxyde de carbone (CO2) total (d'origine biomasse et non biomasse);147000000;kg/an
0005602623;BIOMASSE ENERGIE COMMENTRY;2021;Sol;Cuivre et composés (exprimés en tant que Cu);50.8;kg/an
0005602623;BIOMASSE ENERGIE COMMENTRY;2021;Sol;Nickel et composés (exprimés en tant que Ni);22.9;kg/an
0005602647;SIGOPLAST SN;2021;Air;Composés organiques volatils non méthaniques (COVNM);38800;kg/an
0005700724;MC CAIN ALIMENTAIRE;2021;Air;Dioxyde de carbone (CO2) d'origine non biomasse;22200000;kg/an
0005700724;MC CAIN ALIMENTAIRE;2021;Air;Dioxyde de carbone (CO2) total (d'origine biomasse et non biomasse);24500000;kg/an
0005700724;MC CAIN ALIMENTAIRE;2021;Sol;Chrome et composés (exprimés en tant que Cr);91.1;kg/an
0005700724;MC CAIN ALIMENTAIRE;2021;Sol;Cuivre et composés (exprimés en tant que Cu);108;kg/an
0005700724;MC CAIN ALIMENTAIRE;2021;Sol;Nickel et composés (exprimés en tant que Ni);54.8;kg/an
0005700724;MC CAIN ALIMENTAIRE;2021;Sol;Plomb et composés (exprimés en tant que Pb);40.5;kg/an
0005700724;MC CAIN ALIMENTAIRE;2021;Sol;Zinc et composés (exprimés en tant que Zn);440;kg/an
0005700724;MC CAIN ALIMENTAIRE;2021;Sol;PCBi : somme des 7 PCB indicateurs (PCB 28+PCB 52+PCB 101+PCB 118+PCB 138+PCB 153+PCB 180);0.194;kg/an
0005700795;EDILIANS;2021;Air;Fluor et composés inorganiques (en tant que HF);11800;kg/an
0005700795;EDILIANS;2021;Air;Dioxyde de carbone (CO2) d'origine non biomasse;18400000;kg/an
0005700795;EDILIANS;2021;Air;Dioxyde de carbone (CO2) total (d'origine biomasse et non biomasse);18400000;kg/an
0005701080;ARCAVI SAEM;2021;Air;Méthane (CH4);150000;kg/an
0005701114;Groupe Bouhyer;2021;Air;Monoxyde de carbone (CO);559000;kg/an
0005701122;CANELIA;2021;Air;Dioxyde de carbone (CO2) d'origine non biomasse;15600000;kg/an
0005701122;CANELIA;2021;Air;Dioxyde de carbone (CO2) total (d'origine biomasse et non biomasse);15600000;kg/an
0005701128;PSA AUTOMOBILES SA;2021;Air;Composés organiques volatils non méthaniques (COVNM);147000;kg/an
0005701128;PSA AUTOMOBILES SA;2021;Air;Cuivre et composés (exprimés en tant que Cu);107;kg/an
0005701128;PSA AUTOMOBILES SA;2021;Air;Hydrocarbures aromatiques polycycliques (HAP);57.3;kg/an
0005701128;PSA AUTOMOBILES SA;2021;Air;Méthane (CH4);139000;kg/an
0005701128;PSA AUTOMOBILES SA;2021;Air;Nickel et composés (exprimés en tant que Ni);91.1;kg/an
0005701128;PSA AUTOMOBILES SA;2021;Air;Zinc et composés (exprimés en tant que Zn);452;kg/an
0005701131;INVICTA GROUP;2021;Air;Monoxyde de carbone (CO);1630000;kg/an
0005701177;LUZEAL;2021;Air;Acétaldéhyde (aldéhyde acétique  éthanal);1660;kg/an
0005701177;LUZEAL;2021;Air;Composés organiques volatils non méthaniques (COVNM);59600;kg/an
0005701177;LUZEAL;2021;Air;Dioxyde de carbone (CO2) d'origine biomasse;35800000;kg/an
0005701177;LUZEAL;2021;Air;Poussières totales;100000;kg/an
0005701177;LUZEAL;2021;Air;Dioxyde de carbone (CO2) d'origine non biomasse;13000000;kg/an
0005701177;LUZEAL;2021;Air;Dioxyde de carbone (CO2) total (d'origine biomasse et non biomasse);48800000;kg/an
0005701178;SMURFIT KAPPA PAPIER RECYCLE FRANCE;2021;Air;Dioxyde de carbone (CO2) d'origine non biomasse;15500000;kg/an
0005701178;SMURFIT KAPPA PAPIER RECYCLE FRANCE;2021;Air;Dioxyde de carbone (CO2) total (d'origine biomasse et non biomasse);16400000;kg/an
0005701180;SUEZ RV  Nord Est;2021;Air;Méthane (CH4);199000;kg/an
0005701186;FAURECIA AUTOMOTIVE INDUSTRIE;2021;Air;Composés organiques volatils non méthaniques (COVNM);33200;kg/an
0005701238;FBM - Fonderie;2021;Eau (direct);Composés organohalogénés (exprimés en tant que AOX);2210;kg/an
0005701247;CLAS GALVAPLAST;2021;Eau (direct);Nickel et composés (exprimés en tant que Ni);22.1;kg/an
0005701253;SAINT-GOBAIN PAM;2021;Air;Composés organiques volatils non méthaniques (COVNM);59800;kg/an
0005701277;FERRO FRANCE;2021;Air;Oxydes d'azote (NOx/NO2);113000;kg/an
0005701290;FERRY CAPITAIN;2021;Air;Antimoine et composés (exprimés en tant que Sb);28.1;kg/an
0005701291;CONSTANTIA JEANNE D'ARC SAS;2021;Air;Composés organiques volatils non méthaniques (COVNM);46700;kg/an
0005701300;SAVIPLAST 52;2021;Air;Composés organiques volatils non méthaniques (COVNM);53600;kg/an
0005701344;ENTREMONT SODIAAL;2021;Eau (indirect);Demande biologique en oxygène (DBO5);288000;kg/an
0005701344;ENTREMONT SODIAAL;2021;Eau (indirect);Demande chimique en oxygène (DCO);614000;kg/an
0005701344;ENTREMONT SODIAAL;2021;Eau (indirect);Phosphore total;10200;kg/an
0005701360;GRT Gaz - Station de Voisines;2021;Air;Méthane (CH4);112000;kg/an
0005701377;ENTREMONT - MONTIGNY;2021;Eau (indirect);Demande biologique en oxygène (DBO5);43200;kg/an
0005701400;IPC Petroleum France;2021;Air;Composés organiques volatils non méthaniques (COVNM);51000;kg/an
0005701401;IPC Petroleum France;2021;Air;Composés organiques volatils non méthaniques (COVNM);93900;kg/an
0005701401;IPC Petroleum France;2021;Air;Dioxyde de carbone (CO2) d'origine non biomasse;13600000;kg/an
0005701401;IPC Petroleum France;2021;Air;Dioxyde de carbone (CO2) total (d'origine biomasse et non biomasse);13600000;kg/an
0005701421;CRISTAL UNION;2021;Air;Acétaldéhyde (aldéhyde acétique  éthanal);10100;kg/an
0005701421;CRISTAL UNION;2021;Air;Composés organiques volatils non méthaniques (COVNM);89200;kg/an
0005701421;CRISTAL UNION;2021;Air;Oxydes de soufre (SOx/SO2);170000;kg/an
0005701421;CRISTAL UNION;2021;Air;Poussières totales;121000;kg/an
0005701421;CRISTAL UNION;2021;Air;Zinc et composés (exprimés en tant que Zn);260;kg/an
0005701421;CRISTAL UNION;2021;Air;Dioxyde de carbone (CO2) d'origine non biomasse;203000000;kg/an
0005701421;CRISTAL UNION;2021;Air;Dioxyde de carbone (CO2) total (d'origine biomasse et non biomasse);203000000;kg/an
0005701421;CRISTAL UNION;2021;Sol;Arsenic et composés (exprimés en tant que As);43.3;kg/an
0005701421;CRISTAL UNION;2021;Sol;Cadmium et composés (exprimés en tant que Cd);28.7;kg/an
0005701421;CRISTAL UNION;2021;Sol;Chrome et composés (exprimés en tant que Cr);185;kg/an
0005701421;CRISTAL UNION;2021;Sol;Cuivre et composés (exprimés en tant que Cu);278;kg/an
0005701421;CRISTAL UNION;2021;Sol;Nickel et composés (exprimés en tant que Ni);151;kg/an
0005701421;CRISTAL UNION;2021;Sol;Plomb et composés (exprimés en tant que Pb);150;kg/an
0005701421;CRISTAL UNION;2021;Sol;Zinc et composés (exprimés en tant que Zn);1100;kg/an
0005701422;ONYX EST;2021;Air;Méthane (CH4);162000;kg/an
0005701446;GOYARD JEAN DISTILLERIE;2021;Sol;Cuivre et composés (exprimés en tant que Cu);78;kg/an
0005701448;SITA DECTRA - decharge Pargny;2021;Air;Méthane (CH4);276000;kg/an
0005701451;LUZEAL;2021;Air;Acétaldéhyde (aldéhyde acétique  éthanal);1100;kg/an
0005701451;LUZEAL;2021;Air;Composés organiques volatils non méthaniques (COVNM);39800;kg/an
0005701451;LUZEAL;2021;Air;Dioxyde de carbone (CO2) d'origine biomasse;22500000;kg/an
0005701451;LUZEAL;2021;Air;Dioxyde de carbone (CO2) total (d'origine biomasse et non biomasse);30100000;kg/an
0005701463;REMOISE DE VALORISATION DES DECHET.;2021;Air;Dioxyde de carbone (CO2) d'origine biomasse;35000000;kg/an
0005701463;REMOISE DE VALORISATION DES DECHET.;2021;Air;Dioxyde de carbone (CO2) d'origine non biomasse;26700000;kg/an
0005701463;REMOISE DE VALORISATION DES DECHET.;2021;Air;Dioxyde de carbone (CO2) total (d'origine biomasse et non biomasse);61700000;kg/an
0005701475;O-I FRANCE SAS;2021;Air;Ammoniac (NH3);20100;kg/an
0005701475;O-I FRANCE SAS;2021;Air;Oxydes d'azote (NOx/NO2);361000;kg/an
0005701475;O-I FRANCE SAS;2021;Air;Dioxyde de carbone (CO2) d'origine non biomasse;72700000;kg/an
0005701475;O-I FRANCE SAS;2021;Air;Dioxyde de carbone (CO2) total (d'origine biomasse et non biomasse);72700000;kg/an
0005701477;SOCCRAM - ENGIE  RESEAUX;2021;Air;Dioxyde de carbone (CO2) d'origine biomasse;14500000;kg/an
0005701477;SOCCRAM - ENGIE  RESEAUX;2021;Air;Dioxyde de carbone (CO2) d'origine non biomasse;17900000;kg/an
0005701477;SOCCRAM - ENGIE  RESEAUX;2021;Air;Dioxyde de carbone (CO2) total (d'origine biomasse et non biomasse);32400000;kg/an
0005701497;LUZEAL;2021;Air;Acétaldéhyde (aldéhyde acétique  éthanal);622;kg/an
0005701498;CRISTAL UNION;2021;Air;Dioxyde de carbone (CO2) d'origine non biomasse;63200000;kg/an
0005701498;CRISTAL UNION;2021;Air;Dioxyde de carbone (CO2) total (d'origine biomasse et non biomasse);63200000;kg/an
0005701498;CRISTAL UNION;2021;Sol;Arsenic et composés (exprimés en tant que As);7.8;kg/an
0005701498;CRISTAL UNION;2021;Sol;Cuivre et composés (exprimés en tant que Cu);63.9;kg/an
0005701498;CRISTAL UNION;2021;Sol;Nickel et composés (exprimés en tant que Ni);35.8;kg/an
0005701498;CRISTAL UNION;2021;Sol;Zinc et composés (exprimés en tant que Zn);651;kg/an
0005701501;JEAN ET CHAUMONT ET ASSOCIES;2021;Eau (direct);Nickel et composés (exprimés en tant que Ni);29.1;kg/an
0005701507;TEREOS NUTRITION ANIMALE;2021;Air;Acétaldéhyde (aldéhyde acétique  éthanal);1180;kg/an
0005701507;TEREOS NUTRITION ANIMALE;2021;Air;Cobalt et composés (exprimés en tant que Co);5.71;kg/an
0005701507;TEREOS NUTRITION ANIMALE;2021;Air;Zinc et composés (exprimés en tant que Zn);201;kg/an
0005701507;TEREOS NUTRITION ANIMALE;2021;Air;Dioxyde de carbone (CO2) d'origine non biomasse;28000000;kg/an
0005701507;TEREOS NUTRITION ANIMALE;2021;Air;Dioxyde de carbone (CO2) total (d'origine biomasse et non biomasse);30600000;kg/an
0005701515;TEREOS FRANCE;2021;Air;Dioxyde de carbone (CO2) d'origine non biomasse;84800000;kg/an
0005701515;TEREOS FRANCE;2021;Air;Dioxyde de carbone (CO2) total (d'origine biomasse et non biomasse);84800000;kg/an
0005701515;TEREOS FRANCE;2021;Sol;Arsenic et composés (exprimés en tant que As);23.8;kg/an
0005701515;TEREOS FRANCE;2021;Sol;Chrome et composés (exprimés en tant que Cr);52.2;kg/an
0005701515;TEREOS FRANCE;2021;Sol;Cuivre et composés (exprimés en tant que Cu);82;kg/an
0005701515;TEREOS FRANCE;2021;Sol;Nickel et composés (exprimés en tant que Ni);58.1;kg/an
0005701515;TEREOS FRANCE;2021;Sol;Plomb et composés (exprimés en tant que Pb);53.3;kg/an
0005701515;TEREOS FRANCE;2021;Sol;Zinc et composés (exprimés en tant que Zn);298;kg/an
0005701531;TEREOS STARCH & SWEETENERS EUROPE;2021;Air;Poussières totales;105000;kg/an
0005701531;TEREOS STARCH & SWEETENERS EUROPE;2021;Air;Dioxyde de carbone (CO2) d'origine non biomasse;11300000;kg/an
0005701531;TEREOS STARCH & SWEETENERS EUROPE;2021;Air;Dioxyde de carbone (CO2) total (d'origine biomasse et non biomasse);11300000;kg/an
0005701531;TEREOS STARCH & SWEETENERS EUROPE;2021;Sol;Zinc et composés (exprimés en tant que Zn);179;kg/an
0005701539;TEREOS NUTRITION ANIMALE;2021;Air;Acétaldéhyde (aldéhyde acétique  éthanal);935;kg/an
0005701539;TEREOS NUTRITION ANIMALE;2021;Air;Dioxyde de carbone (CO2) d'origine non biomasse;26500000;kg/an
0005701539;TEREOS NUTRITION ANIMALE;2021;Air;Dioxyde de carbone (CO2) total (d'origine biomasse et non biomasse);27500000;kg/an
0005701542;MEG;2021;Air;Fluor et composés inorganiques (en tant que HF);7080;kg/an
0005701542;MEG;2021;Air;Dioxyde de carbone (CO2) d'origine non biomasse;23900000;kg/an
0005701542;MEG;2021;Air;Dioxyde de carbone (CO2) total (d'origine biomasse et non biomasse);23900000;kg/an
0005701543;VERALLIA-FRANCE;2021;Air;Dioxyde de carbone (CO2) d'origine non biomasse;41700000;kg/an
0005701543;VERALLIA-FRANCE;2021;Air;Dioxyde de carbone (CO2) total (d'origine biomasse et non biomasse);41700000;kg/an
0005701544;TEREOS NUTRITION ANIMALE;2021;Air;Acétaldéhyde (aldéhyde acétique  éthanal);661;kg/an
0005701544;TEREOS NUTRITION ANIMALE;2021;Air;Composés organiques volatils non méthaniques (COVNM);38100;kg/an
0005701544;TEREOS NUTRITION ANIMALE;2021;Air;Dioxyde de carbone (CO2) d'origine non biomasse;11400000;kg/an
0005701544;TEREOS NUTRITION ANIMALE;2021;Air;Dioxyde de carbone (CO2) total (d'origine biomasse et non biomasse);19800000;kg/an
0005701552;ADM Bazancourt SASU;2021;Air;Dioxyde de carbone (CO2) d'origine non biomasse;54300000;kg/an
0005701552;ADM Bazancourt SASU;2021;Air;Dioxyde de carbone (CO2) total (d'origine biomasse et non biomasse);54300000;kg/an
0005701609;SAS GIVAUDAN France;2021;Air;Composés organiques volatils non méthaniques (COVNM);57800;kg/an
0005701609;SAS GIVAUDAN France;2021;Eau (indirect);Demande chimique en oxygène (DCO);795000;kg/an
0005701671;TEREOS NUTRITION ANIMALE;2021;Air;Acétaldéhyde (aldéhyde acétique  éthanal);945;kg/an
0005701671;TEREOS NUTRITION ANIMALE;2021;Air;Cobalt et composés (exprimés en tant que Co);5.37;kg/an
0005701671;TEREOS NUTRITION ANIMALE;2021;Air;Composés organiques volatils non méthaniques (COVNM);40100;kg/an
0005701671;TEREOS NUTRITION ANIMALE;2021;Air;Dioxyde de carbone (CO2) d'origine non biomasse;33600000;kg/an
0005701671;TEREOS NUTRITION ANIMALE;2021;Air;Dioxyde de carbone (CO2) total (d'origine biomasse et non biomasse);33600000;kg/an
0005701684;ECOLAB PRODUCTION FRANCE;2021;Eau (indirect);Demande biologique en oxygène (DBO5);71900;kg/an
0005701684;ECOLAB PRODUCTION FRANCE;2021;Eau (indirect);Demande chimique en oxygène (DCO);220000;kg/an
0005701701;CIMENTS CALCIA;2021;Air;Cuivre et composés (exprimés en tant que Cu);112;kg/an
0005701701;CIMENTS CALCIA;2021;Air;Dioxyde de carbone (CO2) d'origine biomasse;16900000;kg/an
0005701701;CIMENTS CALCIA;2021;Air;Mercure et composés (exprimés en tant que Hg);33;kg/an
0005701701;CIMENTS CALCIA;2021;Air;Monoxyde de carbone (CO);572000;kg/an
0005701701;CIMENTS CALCIA;2021;Air;Naphthalène;64.1;kg/an
0005701701;CIMENTS CALCIA;2021;Air;Oxydes d'azote (NOx/NO2);1250000;kg/an
0005701701;CIMENTS CALCIA;2021;Air;Protoxyde d'azote (N2O);16700;kg/an
0005701701;CIMENTS CALCIA;2021;Air;Zinc et composés (exprimés en tant que Zn);1060;kg/an
0005701701;CIMENTS CALCIA;2021;Air;Dioxyde de carbone (CO2) d'origine non biomasse;532000000;kg/an
0005701701;CIMENTS CALCIA;2021;Air;Dioxyde de carbone (CO2) total (d'origine biomasse et non biomasse);549000000;kg/an
0005701706;SUN DESHY;2021;Air;Acétaldéhyde (aldéhyde acétique  éthanal);2070;kg/an
0005701706;SUN DESHY;2021;Air;Aldéhyde formique (formaldéhyde);1830;kg/an
0005701706;SUN DESHY;2021;Air;Ammoniac (NH3);18900;kg/an
0005701706;SUN DESHY;2021;Air;Cobalt et composés (exprimés en tant que Co);10.1;kg/an
0005701706;SUN DESHY;2021;Air;Composés organiques volatils non méthaniques (COVNM);77600;kg/an
0005701706;SUN DESHY;2021;Air;Dioxyde de carbone (CO2) d'origine biomasse;49400000;kg/an
0005701706;SUN DESHY;2021;Air;Poussières totales;137000;kg/an
0005701706;SUN DESHY;2021;Air;Zinc et composés (exprimés en tant que Zn);249;kg/an
0005701706;SUN DESHY;2021;Air;Dioxyde de carbone (CO2) d'origine non biomasse;13100000;kg/an
0005701706;SUN DESHY;2021;Air;Dioxyde de carbone (CO2) total (d'origine biomasse et non biomasse);62500000;kg/an
0005701721;SUN DESHY;2021;Air;Acétaldéhyde (aldéhyde acétique  éthanal);699;kg/an
0005701721;SUN DESHY;2021;Air;Dioxyde de carbone (CO2) d'origine biomasse;14300000;kg/an
0005701721;SUN DESHY;2021;Air;Dioxyde de carbone (CO2) total (d'origine biomasse et non biomasse);16600000;kg/an
0005701723;OMYA Usine;2021;Air;Dioxyde de carbone (CO2) d'origine non biomasse;19300000;kg/an
0005701723;OMYA Usine;2021;Air;Dioxyde de carbone (CO2) total (d'origine biomasse et non biomasse);19300000;kg/an
0005701735;LUZEAL;2021;Air;Acétaldéhyde (aldéhyde acétique  éthanal);1160;kg/an
0005701735;LUZEAL;2021;Air;Composés organiques volatils non méthaniques (COVNM);45700;kg/an
0005701735;LUZEAL;2021;Air;Dioxyde de carbone (CO2) d'origine biomasse;22000000;kg/an
0005701735;LUZEAL;2021;Air;Dioxyde de carbone (CO2) d'origine non biomasse;10400000;kg/an
0005701735;LUZEAL;2021;Air;Dioxyde de carbone (CO2) total (d'origine biomasse et non biomasse);32400000;kg/an
0005701751;LUZEAL;2021;Air;Acétaldéhyde (aldéhyde acétique  éthanal);649;kg/an
0005701751;LUZEAL;2021;Air;Dioxyde de carbone (CO2) d'origine biomasse;12700000;kg/an
0005701751;LUZEAL;2021;Air;Dioxyde de carbone (CO2) total (d'origine biomasse et non biomasse);14200000;kg/an
0005701760;SUN DESHY;2021;Air;Acétaldéhyde (aldéhyde acétique  éthanal);625;kg/an
0005701760;SUN DESHY;2021;Air;Dioxyde de carbone (CO2) d'origine biomasse;13100000;kg/an
0005701760;SUN DESHY;2021;Air;Dioxyde de carbone (CO2) total (d'origine biomasse et non biomasse);16900000;kg/an
0005701765;PRODEVA;2021;Air;Acétaldéhyde (aldéhyde acétique  éthanal);426;kg/an
0005701765;PRODEVA;2021;Air;Composés organiques volatils non méthaniques (COVNM);40200;kg/an
0005701765;PRODEVA;2021;Air;Dioxyde de carbone (CO2) d'origine non biomasse;23100000;kg/an
0005701765;PRODEVA;2021;Air;Dioxyde de carbone (CO2) total (d'origine biomasse et non biomasse);23100000;kg/an
0005701783;MALTEUROP FRANCE;2021;Air;Dioxyde de carbone (CO2) d'origine non biomasse;12500000;kg/an
0005701783;MALTEUROP FRANCE;2021;Air;Dioxyde de carbone (CO2) total (d'origine biomasse et non biomasse);12500000;kg/an
0005701906;BRODART;2021;Air;Composés organiques volatils non méthaniques (COVNM);76000;kg/an
0005701908;CAPDEA -  Assencières;2021;Air;Acétaldéhyde (aldéhyde acétique  éthanal);824;kg/an
0005701908;CAPDEA -  Assencières;2021;Air;Dioxyde de carbone (CO2) d'origine biomasse;18200000;kg/an
0005701908;CAPDEA -  Assencières;2021;Air;Dioxyde de carbone (CO2) total (d'origine biomasse et non biomasse);25000000;kg/an
0005701910;CAPDEA - Aulnay;2021;Air;Acétaldéhyde (aldéhyde acétique  éthanal);1040;kg/an
0005701910;CAPDEA - Aulnay;2021;Air;Dioxyde de carbone (CO2) d'origine biomasse;17000000;kg/an
0005701910;CAPDEA - Aulnay;2021;Air;Dioxyde de carbone (CO2) total (d'origine biomasse et non biomasse);24100000;kg/an
0005701946;DISLAUB;2021;Air;Dioxyde de carbone (CO2) d'origine biomasse;30300000;kg/an
0005701946;DISLAUB;2021;Air;Dioxyde de carbone (CO2) total (d'origine biomasse et non biomasse);37200000;kg/an
0005701961;Michelin MFPM;2021;Air;Composés organiques volatils non méthaniques (COVNM);69900;kg/an
0005701961;Michelin MFPM;2021;Air;Dioxyde de carbone (CO2) d'origine non biomasse;17000000;kg/an
0005701961;Michelin MFPM;2021;Air;Dioxyde de carbone (CO2) total (d'origine biomasse et non biomasse);17000000;kg/an
0005702038;MALTERIES SOUFFLET et AGRICULTURE;2021;Air;Dioxyde de carbone (CO2) d'origine biomasse;11100000;kg/an
0005702038;MALTERIES SOUFFLET et AGRICULTURE;2021;Air;Dioxyde de carbone (CO2) d'origine non biomasse;16000000;kg/an
0005702038;MALTERIES SOUFFLET et AGRICULTURE;2021;Air;Dioxyde de carbone (CO2) total (d'origine biomasse et non biomasse);27000000;kg/an
0005702108;LACOSTE OPERATIONS;2021;Eau (indirect);Demande chimique en oxygène (DCO);221000;kg/an
0005702129;CRISTAL UNION;2021;Air;Acétaldéhyde (aldéhyde acétique  éthanal);223;kg/an
0005702129;CRISTAL UNION;2021;Air;Dioxyde de carbone (CO2) d'origine non biomasse;104000000;kg/an
0005702129;CRISTAL UNION;2021;Air;Dioxyde de carbone (CO2) total (d'origine biomasse et non biomasse);104000000;kg/an
0005702129;CRISTAL UNION;2021;Sol;Cuivre et composés (exprimés en tant que Cu);63;kg/an
0005702129;CRISTAL UNION;2021;Sol;Nickel et composés (exprimés en tant que Ni);34;kg/an
0005702129;CRISTAL UNION;2021;Sol;Zinc et composés (exprimés en tant que Zn);348;kg/an
0005702196;AT France;2021;Eau (indirect);Demande biologique en oxygène (DBO5);57200;kg/an
0005702209;SEDAN ÉNERGIE (ex-PERIN FRERES et COG);2021;Air;Dioxyde de carbone (CO2) d'origine biomasse;16500000;kg/an
0005702209;SEDAN ÉNERGIE (ex-PERIN FRERES et COG);2021;Air;Dioxyde de carbone (CO2) d'origine non biomasse;10200000;kg/an
0005702209;SEDAN ÉNERGIE (ex-PERIN FRERES et COG);2021;Air;Dioxyde de carbone (CO2) total (d'origine biomasse et non biomasse);26700000;kg/an
0005702271;WEPA France;2021;Air;Dioxyde de carbone (CO2) d'origine non biomasse;10900000;kg/an
0005702271;WEPA France;2021;Air;Dioxyde de carbone (CO2) total (d'origine biomasse et non biomasse);10900000;kg/an
0005702355;UNILIN SAS;2021;Air;Aldéhyde formique (formaldéhyde);613000;kg/an
0005702355;UNILIN SAS;2021;Air;Cadmium et composés (exprimés en tant que Cd);14.6;kg/an
0005702355;UNILIN SAS;2021;Air;Composés organiques volatils non méthaniques (COVNM);820000;kg/an
0005702355;UNILIN SAS;2021;Air;Dioxyde de carbone (CO2) d'origine biomasse;303000000;kg/an
0005702355;UNILIN SAS;2021;Air;Oxydes d'azote (NOx/NO2);841000;kg/an
0005702355;UNILIN SAS;2021;Air;Plomb et composés (exprimés en tant que Pb);234;kg/an
0005702355;UNILIN SAS;2021;Air;Poussières totales;327000;kg/an
0005702355;UNILIN SAS;2021;Air;Dioxyde de carbone (CO2) total (d'origine biomasse et non biomasse);307000000;kg/an
0005702390;YANMAR CONSTRUCTION EQUIPEMENT EUROPE;2021;Air;Composés organiques volatils non méthaniques (COVNM);34700;kg/an
0005702394;PLASTIC OMNIUM Auto Exterieur;2021;Air;Composés organiques volatils non méthaniques (COVNM);74800;kg/an
0005702454;FOCAST;2021;Air;Composés organiques volatils non méthaniques (COVNM);63200;kg/an
0005702478;SUEZ RV NORD EST - SAINT-AUBIN;2021;Air;Méthane (CH4);165000;kg/an
0005702543;CAPDEA - Marigny le Chatel;2021;Air;Acétaldéhyde (aldéhyde acétique  éthanal);1030;kg/an
0005702543;CAPDEA - Marigny le Chatel;2021;Air;Composés organiques volatils non méthaniques (COVNM);32500;kg/an
0005702543;CAPDEA - Marigny le Chatel;2021;Air;Dioxyde de carbone (CO2) d'origine non biomasse;23000000;kg/an
0005702543;CAPDEA - Marigny le Chatel;2021;Air;Dioxyde de carbone (CO2) total (d'origine biomasse et non biomasse);29100000;kg/an
0005702721;SAICA PAPER EL;2021;Air;Dioxyde de carbone (CO2) d'origine non biomasse;58400000;kg/an
0005702721;SAICA PAPER EL;2021;Air;Dioxyde de carbone (CO2) total (d'origine biomasse et non biomasse);66400000;kg/an
0005702721;SAICA PAPER EL;2021;Eau (direct);Carbone organique total (en tant que C total ou DCO/3);51300;kg/an
0005702721;SAICA PAPER EL;2021;Eau (direct);Demande chimique en oxygène (DCO);189000;kg/an
0005702761;AUREADE;2021;Air;Dioxyde de carbone (CO2) d'origine biomasse;54800000;kg/an
0005702761;AUREADE;2021;Air;Oxydes d'azote (NOx/NO2);101000;kg/an
0005702761;AUREADE;2021;Air;Dioxyde de carbone (CO2) d'origine non biomasse;41600000;kg/an
0005702761;AUREADE;2021;Air;Dioxyde de carbone (CO2) total (d'origine biomasse et non biomasse);96300000;kg/an
0005702843;SUEZ RV NORD EST;2021;Air;Méthane (CH4);218000;kg/an
0005702854;SPARFLEX;2021;Air;Composés organiques volatils non méthaniques (COVNM);40800;kg/an
0005702992;CRISTANOL;2021;Air;Acétaldéhyde (aldéhyde acétique  éthanal);1810;kg/an
0005702992;CRISTANOL;2021;Air;Dioxyde de carbone (CO2) d'origine biomasse;57400000;kg/an
0005702992;CRISTANOL;2021;Air;Dioxyde de carbone (CO2) d'origine non biomasse;29400000;kg/an
0005702992;CRISTANOL;2021;Air;Dioxyde de carbone (CO2) total (d'origine biomasse et non biomasse);86800000;kg/an
0005702999;SAIPOL;2021;Air;Composés organiques volatils non méthaniques (COVNM);380000;kg/an
0005702999;SAIPOL;2021;Air;Dioxyde de carbone (CO2) d'origine non biomasse;35200000;kg/an
0005702999;SAIPOL;2021;Air;Dioxyde de carbone (CO2) total (d'origine biomasse et non biomasse);35200000;kg/an
0005703027;CEMOI;2021;Eau (indirect);Demande biologique en oxygène (DBO5);306000;kg/an
0005703027;CEMOI;2021;Eau (indirect);Demande chimique en oxygène (DCO);584000;kg/an
0005703186;MONIER SA;2021;Air;Dioxyde de carbone (CO2) d'origine non biomasse;10800000;kg/an
0005703186;MONIER SA;2021;Air;Dioxyde de carbone (CO2) total (d'origine biomasse et non biomasse);10800000;kg/an
0005703492;COGESAL MIKO;2021;Eau (direct);Demande biologique en oxygène (DBO5);87500;kg/an
0005703565;SEDE ENVIRONNEMENT;2021;Air;Ammoniac (NH3);17200;kg/an
0005704418;CHAMPARGONNE BIOGAZ;2021;Sol;Chrome et composés (exprimés en tant que Cr);57;kg/an
0005704418;CHAMPARGONNE BIOGAZ;2021;Sol;Cuivre et composés (exprimés en tant que Cu);151;kg/an
0005704418;CHAMPARGONNE BIOGAZ;2021;Sol;Nickel et composés (exprimés en tant que Ni);38;kg/an
0005704418;CHAMPARGONNE BIOGAZ;2021;Sol;Plomb et composés (exprimés en tant que Pb);45;kg/an
0005704418;CHAMPARGONNE BIOGAZ;2021;Sol;Zinc et composés (exprimés en tant que Zn);1040;kg/an
0005704418;CHAMPARGONNE BIOGAZ;2021;Sol;PCBi : somme des 7 PCB indicateurs (PCB 28+PCB 52+PCB 101+PCB 118+PCB 138+PCB 153+PCB 180);0.27;kg/an
0005704437;ARTEMISE;2021;Air;Cobalt et composés (exprimés en tant que Co);36.8;kg/an
0005704437;ARTEMISE;2021;Air;Vanadium et ses composés;36.8;kg/an
0005704915;BAMAS EDF UTO (ex CYCLIFE ex SOCODEI);2021;Air;Cobalt et composés (exprimés en tant que Co);69.1;kg/an
0005800289;VALDEPHARM;2021;Air;Composés organiques volatils non méthaniques (COVNM);48900;kg/an
0005800289;VALDEPHARM;2021;Air;Dichlorométhane (DCM, chlorure de méthylène);44600;kg/an
0005800289;VALDEPHARM;2021;Air;Hydroflurocarbures (HFC);101;kg/an
0005800290;CABOT CARBONE SAS;2021;Air;Cadmium et composés (exprimés en tant que Cd);10.8;kg/an
0005800290;CABOT CARBONE SAS;2021;Air;Oxydes de soufre (SOx/SO2);1240000;kg/an
0005800290;CABOT CARBONE SAS;2021;Air;Oxydes d'azote (NOx/NO2);508000;kg/an
0005800290;CABOT CARBONE SAS;2021;Air;Dioxyde de carbone (CO2) d'origine non biomasse;185000000;kg/an
0005800290;CABOT CARBONE SAS;2021;Air;Dioxyde de carbone (CO2) total (d'origine biomasse et non biomasse);185000000;kg/an
0005800291;UCDV;2021;Air;Acétaldéhyde (aldéhyde acétique  éthanal);1450;kg/an
0005800291;UCDV;2021;Air;Aldéhyde formique (formaldéhyde);1070;kg/an
0005800291;UCDV;2021;Air;Composés organiques volatils non méthaniques (COVNM);48600;kg/an
0005800291;UCDV;2021;Air;Zinc et composés (exprimés en tant que Zn);250;kg/an
0005800291;UCDV;2021;Air;Dioxyde de carbone (CO2) d'origine non biomasse;19400000;kg/an
0005800291;UCDV;2021;Air;Dioxyde de carbone (CO2) total (d'origine biomasse et non biomasse);19400000;kg/an
0005800297;TOTAL RAFFINAGE FRANCE;2021;Air;Benzène;9480;kg/an
0005800297;TOTAL RAFFINAGE FRANCE;2021;Air;Cadmium et composés (exprimés en tant que Cd);21.8;kg/an
0005800297;TOTAL RAFFINAGE FRANCE;2021;Air;Composés organiques volatils non méthaniques (COVNM);1140000;kg/an
0005800297;TOTAL RAFFINAGE FRANCE;2021;Air;Nickel et composés (exprimés en tant que Ni);76.3;kg/an
0005800297;TOTAL RAFFINAGE FRANCE;2021;Air;Oxydes de soufre (SOx/SO2);2190000;kg/an
0005800297;TOTAL RAFFINAGE FRANCE;2021;Air;Oxydes d'azote (NOx/NO2);1090000;kg/an
0005800297;TOTAL RAFFINAGE FRANCE;2021;Air;Protoxyde d'azote (N2O);69700;kg/an
0005800297;TOTAL RAFFINAGE FRANCE;2021;Air;Dioxyde de carbone (CO2) d'origine non biomasse;1807000000;kg/an
0005800297;TOTAL RAFFINAGE FRANCE;2021;Air;Dioxyde de carbone (CO2) total (d'origine biomasse et non biomasse);1807000000;kg/an
0005800297;TOTAL RAFFINAGE FRANCE;2021;Eau (direct);Arsenic et composés (exprimés en tant que As);14.8;kg/an
0005800297;TOTAL RAFFINAGE FRANCE;2021;Eau (direct);Azote total;78500;kg/an
0005800297;TOTAL RAFFINAGE FRANCE;2021;Eau (direct);Chlorures (en tant que Cl total);9250000;kg/an
0005800297;TOTAL RAFFINAGE FRANCE;2021;Eau (direct);Cuivre et composés (exprimés en tant que Cu);65.6;kg/an
0005800297;TOTAL RAFFINAGE FRANCE;2021;Eau (direct);Demande chimique en oxygène (DCO);306000;kg/an
0005800297;TOTAL RAFFINAGE FRANCE;2021;Eau (direct);Hydrocarbures;12100;kg/an
0005800297;TOTAL RAFFINAGE FRANCE;2021;Eau (direct);Nickel et composés (exprimés en tant que Ni);28.1;kg/an
0005800297;TOTAL RAFFINAGE FRANCE;2021;Eau (direct);Phénols (en tant que C total);128;kg/an
0005800297;TOTAL RAFFINAGE FRANCE;2021;Eau (direct);Zinc et composés (exprimés en tant que Zn);241;kg/an
0005800299;TOTALENERGIES FLUIDS;2021;Air;Composés organiques volatils non méthaniques (COVNM);75500;kg/an
0005800299;TOTALENERGIES FLUIDS;2021;Air;Dioxyde de carbone (CO2) d'origine non biomasse;24400000;kg/an
0005800299;TOTALENERGIES FLUIDS;2021;Air;Dioxyde de carbone (CO2) total (d'origine biomasse et non biomasse);24400000;kg/an
0005800303;TAPON FRANCE;2021;Air;Composés organiques volatils non méthaniques (COVNM);36500;kg/an
0005800305;TOURRES ET CIE;2021;Air;Oxydes d'azote (NOx/NO2);282000;kg/an
0005800305;TOURRES ET CIE;2021;Air;Dioxyde de carbone (CO2) d'origine non biomasse;62600000;kg/an
0005800305;TOURRES ET CIE;2021;Air;Dioxyde de carbone (CO2) total (d'origine biomasse et non biomasse);62600000;kg/an
0005800317;ALKION TERMINAL LE HAVRE;2021;Air;Benzène;1180;kg/an
0005800317;ALKION TERMINAL LE HAVRE;2021;Air;Composés organiques volatils non méthaniques (COVNM);68900;kg/an
0005800331;YARA France;2021;Air;Ammoniac (NH3);591000;kg/an
0005800331;YARA France;2021;Air;Oxydes d'azote (NOx/NO2);255000;kg/an
0005800331;YARA France;2021;Air;Protoxyde d'azote (N2O);14000;kg/an
0005800331;YARA France;2021;Air;Dioxyde de carbone (CO2) d'origine non biomasse;754000000;kg/an
0005800331;YARA France;2021;Air;Dioxyde de carbone (CO2) total (d'origine biomasse et non biomasse);754000000;kg/an
0005800331;YARA France;2021;Eau (direct);Azote total;181000;kg/an
0005800331;YARA France;2021;Eau (direct);Cadmium et composés (exprimés en tant que Cd);2.66;kg/an
0005800345;TOYO INK EUROPE SPECIALTY CHEMICALS S.A;2021;Air;Composés organiques volatils non méthaniques (COVNM);35400;kg/an
0005800345;TOYO INK EUROPE SPECIALTY CHEMICALS S.A;2021;Air;Méthanol (alcool méthylique);24600;kg/an
0005800348;ExxonMobil Chemical France;2021;Air;Benzène;6200;kg/an
0005800348;ExxonMobil Chemical France;2021;Air;Composés organiques volatils non méthaniques (COVNM);541000;kg/an
0005800348;ExxonMobil Chemical France;2021;Air;Hydroflurocarbures (HFC);399;kg/an
0005800348;ExxonMobil Chemical France;2021;Air;Nickel et composés (exprimés en tant que Ni);69.4;kg/an
0005800348;ExxonMobil Chemical France;2021;Air;Oxydes de soufre (SOx/SO2);305000;kg/an
0005800348;ExxonMobil Chemical France;2021;Air;Oxydes d'azote (NOx/NO2);674000;kg/an
0005800348;ExxonMobil Chemical France;2021;Air;Dioxyde de carbone (CO2) d'origine non biomasse;878000000;kg/an
0005800348;ExxonMobil Chemical France;2021;Air;Dioxyde de carbone (CO2) total (d'origine biomasse et non biomasse);878000000;kg/an
0005800349;ESSO RAFFINAGE;2021;Air;Acide cyanhydrique (HCN);18800;kg/an
0005800349;ESSO RAFFINAGE;2021;Air;Aldéhyde formique (formaldéhyde);5000;kg/an
0005800349;ESSO RAFFINAGE;2021;Air;Antimoine et composés (exprimés en tant que Sb);33.6;kg/an
0005800349;ESSO RAFFINAGE;2021;Air;Benzène;14500;kg/an
0005800349;ESSO RAFFINAGE;2021;Air;Cadmium et composés (exprimés en tant que Cd);14.5;kg/an
0005800349;ESSO RAFFINAGE;2021;Air;Chrome et composés (exprimés en tant que Cr);138;kg/an
0005800349;ESSO RAFFINAGE;2021;Air;Cobalt et composés (exprimés en tant que Co);7.4;kg/an
0005800349;ESSO RAFFINAGE;2021;Air;Composés organiques volatils non méthaniques (COVNM);1600000;kg/an
0005800349;ESSO RAFFINAGE;2021;Air;Cuivre et composés (exprimés en tant que Cu);101;kg/an
0005800349;ESSO RAFFINAGE;2021;Air;Hydroflurocarbures (HFC);115;kg/an
0005800349;ESSO RAFFINAGE;2021;Air;Manganèse et composés (exprimés en tant que Mn);220;kg/an
0005800349;ESSO RAFFINAGE;2021;Air;Monoxyde de carbone (CO);862000;kg/an
0005800349;ESSO RAFFINAGE;2021;Air;Naphthalène;9520;kg/an
0005800349;ESSO RAFFINAGE;2021;Air;Nickel et composés (exprimés en tant que Ni);328;kg/an
0005800349;ESSO RAFFINAGE;2021;Air;Oxydes de soufre (SOx/SO2);3900000;kg/an
0005800349;ESSO RAFFINAGE;2021;Air;Oxydes d'azote (NOx/NO2);1510000;kg/an
0005800349;ESSO RAFFINAGE;2021;Air;Plomb et composés (exprimés en tant que Pb);279;kg/an
0005800349;ESSO RAFFINAGE;2021;Air;Protoxyde d'azote (N2O);24300;kg/an
0005800349;ESSO RAFFINAGE;2021;Air;Zinc et composés (exprimés en tant que Zn);540;kg/an
0005800349;ESSO RAFFINAGE;2021;Air;Dioxyde de carbone (CO2) d'origine non biomasse;1883000000;kg/an
0005800349;ESSO RAFFINAGE;2021;Air;Dioxyde de carbone (CO2) total (d'origine biomasse et non biomasse);1883000000;kg/an
0005800349;ESSO RAFFINAGE;2021;Air;Vanadium et ses composés;20;kg/an
0005800349;ESSO RAFFINAGE;2021;Eau (direct);Aluminium et composés (exprimés en tant que Al);2640;kg/an
0005800349;ESSO RAFFINAGE;2021;Eau (direct);Arsenic et composés (exprimés en tant que As);57;kg/an
0005800349;ESSO RAFFINAGE;2021;Eau (direct);Azote total;130000;kg/an
0005800349;ESSO RAFFINAGE;2021;Eau (direct);Benzène;220;kg/an
0005800349;ESSO RAFFINAGE;2021;Eau (direct);Cadmium et composés (exprimés en tant que Cd);43.8;kg/an
0005800349;ESSO RAFFINAGE;2021;Eau (direct);Chloroforme (trichlorométhane);21.8;kg/an
0005800349;ESSO RAFFINAGE;2021;Eau (direct);Cobalt et composés (exprimés en tant que Co);43.8;kg/an
0005800349;ESSO RAFFINAGE;2021;Eau (direct);Composés organohalogénés (exprimés en tant que AOX);1180;kg/an
0005800349;ESSO RAFFINAGE;2021;Eau (direct);Demande biologique en oxygène (DBO5);93100;kg/an
0005800349;ESSO RAFFINAGE;2021;Eau (direct);Demande chimique en oxygène (DCO);631000;kg/an
0005800349;ESSO RAFFINAGE;2021;Eau (direct);Di(2-éthylhexyle)phtalate (DEHP);7.65;kg/an
0005800349;ESSO RAFFINAGE;2021;Eau (direct);Fer et composés (exprimés en tant que Fe);3440;kg/an
0005800349;ESSO RAFFINAGE;2021;Eau (direct);Fluorures (en tant que F total);34400;kg/an
0005800349;ESSO RAFFINAGE;2021;Eau (direct);Nickel et composés (exprimés en tant que Ni);49.9;kg/an
0005800349;ESSO RAFFINAGE;2021;Eau (direct);Nonylphénols et éthoxylates de nonylphénol (NP/NPE);3.24;kg/an
0005800349;ESSO RAFFINAGE;2021;Eau (direct);Phénols (en tant que C total);758;kg/an
0005800349;ESSO RAFFINAGE;2021;Eau (direct);Sulfates;8840000;kg/an
0005800349;ESSO RAFFINAGE;2021;Eau (direct);Zinc et composés (exprimés en tant que Zn);527;kg/an
0005800349;ESSO RAFFINAGE;2021;Eau (direct);Toluène;548;kg/an
0005800349;ESSO RAFFINAGE;2021;Eau (direct);Xylènes (somme ortho-xylène, méta-xylène, para-xylène);464;kg/an
0005800349;ESSO RAFFINAGE;2021;Eau (direct);Hydroxyde d'ammonium (NH4+);127000;kg/an
0005800350;ERAMET;2021;Air;Composés organiques volatils non méthaniques (COVNM);57100;kg/an
0005800350;ERAMET;2021;Air;Nickel et composés (exprimés en tant que Ni);256;kg/an
0005800350;ERAMET;2021;Eau (direct);Cobalt et composés (exprimés en tant que Co);43.1;kg/an
0005800350;ERAMET;2021;Eau (direct);Nickel et composés (exprimés en tant que Ni);1120;kg/an
0005800355;ARKEMA;2021;Air;Dioxyde de carbone (CO2) d'origine non biomasse;14100000;kg/an
0005800355;ARKEMA;2021;Air;Dioxyde de carbone (CO2) total (d'origine biomasse et non biomasse);14100000;kg/an
0005800357;TOTAL RAFFINAGE FRANCE;2021;Air;Benzène;5950;kg/an
0005800357;TOTAL RAFFINAGE FRANCE;2021;Air;Composés organiques volatils non méthaniques (COVNM);1140000;kg/an
0005800357;TOTAL RAFFINAGE FRANCE;2021;Air;Méthane (CH4);207000;kg/an
0005800357;TOTAL RAFFINAGE FRANCE;2021;Air;Nickel et composés (exprimés en tant que Ni);86.6;kg/an
0005800357;TOTAL RAFFINAGE FRANCE;2021;Air;Oxydes de soufre (SOx/SO2);200000;kg/an
0005800357;TOTAL RAFFINAGE FRANCE;2021;Air;Oxydes d'azote (NOx/NO2);654000;kg/an
0005800357;TOTAL RAFFINAGE FRANCE;2021;Air;Protoxyde d'azote (N2O);11300;kg/an
0005800357;TOTAL RAFFINAGE FRANCE;2021;Air;Zinc et composés (exprimés en tant que Zn);415;kg/an
0005800357;TOTAL RAFFINAGE FRANCE;2021;Air;Dioxyde de carbone (CO2) d'origine non biomasse;1044000000;kg/an
0005800357;TOTAL RAFFINAGE FRANCE;2021;Air;Dioxyde de carbone (CO2) total (d'origine biomasse et non biomasse);1044000000;kg/an
0005800357;TOTAL RAFFINAGE FRANCE;2021;Eau (direct);Phénols (en tant que C total);141;kg/an
0005800357;TOTAL RAFFINAGE FRANCE;2021;Eau (direct);Zinc et composés (exprimés en tant que Zn);160;kg/an
0005800363;SEREP;2021;Eau (indirect);Phénols (en tant que C total);77.4;kg/an
0005800375;ASHLAND SPECIALTIES France;2021;Air;Composés organiques volatils non méthaniques (COVNM);378000;kg/an
0005800375;ASHLAND SPECIALTIES France;2021;Air;Dioxyde de carbone (CO2) d'origine non biomasse;11800000;kg/an
0005800375;ASHLAND SPECIALTIES France;2021;Air;Dioxyde de carbone (CO2) total (d'origine biomasse et non biomasse);11800000;kg/an
0005800378;SEDIBEX;2021;Air;Dioxyde de carbone (CO2) d'origine non biomasse;130000000;kg/an
0005800378;SEDIBEX;2021;Air;Dioxyde de carbone (CO2) total (d'origine biomasse et non biomasse);130000000;kg/an
0005800378;SEDIBEX;2021;Eau (direct);Arsenic et composés (exprimés en tant que As);5.45;kg/an
0005800378;SEDIBEX;2021;Eau (direct);Cadmium et composés (exprimés en tant que Cd);2.15;kg/an
0005800378;SEDIBEX;2021;Eau (direct);Fluorures (en tant que F total);2080;kg/an
0005800379;IDEX ENERGIES;2021;Air;Dioxyde de carbone (CO2) d'origine non biomasse;29500000;kg/an
0005800379;IDEX ENERGIES;2021;Air;Dioxyde de carbone (CO2) total (d'origine biomasse et non biomasse);29500000;kg/an
0005800384;SYNGENTA PRODUCTION FRANCE SAS;2021;Air;Aldéhyde formique (formaldéhyde);1260;kg/an
0005800386;SAIPOL;2021;Air;Composés organiques volatils non méthaniques (COVNM);286000;kg/an
0005800392;DANONE PRODUITS FRAIS FRANCE;2021;Sol;Phosphore total;39800;kg/an
0005800398;CRISTAL UNION;2021;Air;Dioxyde de carbone (CO2) d'origine non biomasse;57400000;kg/an
0005800398;CRISTAL UNION;2021;Air;Dioxyde de carbone (CO2) total (d'origine biomasse et non biomasse);60800000;kg/an
0005800409;RENAULT S.N.C.;2021;Air;Composés organiques volatils non méthaniques (COVNM);517000;kg/an
0005800409;RENAULT S.N.C.;2021;Air;Hydroflurocarbures (HFC);1000;kg/an
0005800409;RENAULT S.N.C.;2021;Air;Dioxyde de carbone (CO2) d'origine non biomasse;25800000;kg/an
0005800409;RENAULT S.N.C.;2021;Air;Dioxyde de carbone (CO2) total (d'origine biomasse et non biomasse);25800000;kg/an
0005800409;RENAULT S.N.C.;2021;Eau (direct);Nickel et composés (exprimés en tant que Ni);20.6;kg/an
0005800412;SANOFI CHIMIE SA;2021;Air;Composés organiques volatils non méthaniques (COVNM);67500;kg/an
0005800412;SANOFI CHIMIE SA;2021;Air;Dioxyde de carbone (CO2) d'origine biomasse;10900000;kg/an
0005800412;SANOFI CHIMIE SA;2021;Air;Hydroflurocarbures (HFC);160;kg/an
0005800412;SANOFI CHIMIE SA;2021;Air;Dioxyde de carbone (CO2) d'origine non biomasse;19400000;kg/an
0005800412;SANOFI CHIMIE SA;2021;Air;Dioxyde de carbone (CO2) total (d'origine biomasse et non biomasse);30300000;kg/an
0005800412;SANOFI CHIMIE SA;2021;Eau (direct);Azote total;121000;kg/an
0005800412;SANOFI CHIMIE SA;2021;Eau (direct);Cobalt et composés (exprimés en tant que Co);2390;kg/an
0005800412;SANOFI CHIMIE SA;2021;Eau (direct);Cyanures (sous forme de CN total);701;kg/an
0005800412;SANOFI CHIMIE SA;2021;Eau (direct);Demande chimique en oxygène (DCO);469000;kg/an
0005800412;SANOFI CHIMIE SA;2021;Eau (direct);Phosphore total;7880;kg/an
0005800412;SANOFI CHIMIE SA;2021;Eau (direct);Sulfates;3970000;kg/an
0005800412;SANOFI CHIMIE SA;2021;Eau (direct);Zinc et composés (exprimés en tant que Zn);345;kg/an
0005800412;SANOFI CHIMIE SA;2021;Sol;Azote total;120000;kg/an
0005800412;SANOFI CHIMIE SA;2021;Sol;Phosphore total;15100;kg/an
0005800413;REVIMA;2021;Air;Cadmium et composés (exprimés en tant que Cd);19.5;kg/an
0005800413;REVIMA;2021;Air;Hydroflurocarbures (HFC);101;kg/an
0005800416;POCHET DU COURVAL;2021;Air;Dioxyde de carbone (CO2) d'origine non biomasse;44700000;kg/an
0005800416;POCHET DU COURVAL;2021;Air;Dioxyde de carbone (CO2) total (d'origine biomasse et non biomasse);44700000;kg/an
0005800429;AHLSTROM SPECIALITIES;2021;Air;Dioxyde de carbone (CO2) d'origine non biomasse;11600000;kg/an
0005800429;AHLSTROM SPECIALITIES;2021;Air;Dioxyde de carbone (CO2) total (d'origine biomasse et non biomasse);11600000;kg/an
0005800431;NEXIRA;2021;Air;Dioxyde de carbone (CO2) d'origine biomasse;13800000;kg/an
0005800431;NEXIRA;2021;Air;Méthane (CH4);968000;kg/an
0005800431;NEXIRA;2021;Air;Dioxyde de carbone (CO2) total (d'origine biomasse et non biomasse);13800000;kg/an
0005800435;COMPAGNIE INDUSTRIELLE MARITIME;2021;Air;Composés organiques volatils non méthaniques (COVNM);125000;kg/an
0005800439;CHEVRON ORONITE SAS;2021;Air;Composés organiques volatils non méthaniques (COVNM);505000;kg/an
0005800439;CHEVRON ORONITE SAS;2021;Air;Méthanol (alcool méthylique);98500;kg/an
0005800439;CHEVRON ORONITE SAS;2021;Air;Oxydes de soufre (SOx/SO2);151000;kg/an
0005800439;CHEVRON ORONITE SAS;2021;Air;Dioxyde de carbone (CO2) d'origine non biomasse;61700000;kg/an
0005800439;CHEVRON ORONITE SAS;2021;Air;Dioxyde de carbone (CO2) total (d'origine biomasse et non biomasse);61700000;kg/an
0005800444;THERMEVRA - EVREUX;2021;Air;Dioxyde de carbone (CO2) d'origine non biomasse;11800000;kg/an
0005800444;THERMEVRA - EVREUX;2021;Air;Dioxyde de carbone (CO2) total (d'origine biomasse et non biomasse);11800000;kg/an
0005800445;CURB - Société VALMY DEFENSE 82 (SVD 82);2021;Air;Dioxyde de carbone (CO2) d'origine non biomasse;23100000;kg/an
0005800445;CURB - Société VALMY DEFENSE 82 (SVD 82);2021;Air;Dioxyde de carbone (CO2) total (d'origine biomasse et non biomasse);26100000;kg/an
0005800446;CANTELEU Energie;2021;Air;Dioxyde de carbone (CO2) d'origine biomasse;17200000;kg/an
0005800446;CANTELEU Energie;2021;Air;Dioxyde de carbone (CO2) total (d'origine biomasse et non biomasse);23100000;kg/an
0005800459;BUTAGAZ TRANSITION SAS;2021;Air;Composés organiques volatils non méthaniques (COVNM);59800;kg/an
0005800483;EUROFOIL FRANCE;2021;Air;Composés organiques volatils non méthaniques (COVNM);223000;kg/an
0005800483;EUROFOIL FRANCE;2021;Air;Dioxyde de carbone (CO2) d'origine non biomasse;11000000;kg/an
0005800483;EUROFOIL FRANCE;2021;Air;Dioxyde de carbone (CO2) total (d'origine biomasse et non biomasse);11000000;kg/an
0005800489;METROPOLE ROUEN NORMANDIE;2021;Air;Dioxyde de carbone (CO2) total (d'origine biomasse et non biomasse);10900000;kg/an
0005800489;METROPOLE ROUEN NORMANDIE;2021;Eau (direct);Azote total;259000;kg/an
0005800489;METROPOLE ROUEN NORMANDIE;2021;Eau (direct);Demande biologique en oxygène (DBO5);144000;kg/an
0005800489;METROPOLE ROUEN NORMANDIE;2021;Eau (direct);Demande chimique en oxygène (DCO);851000;kg/an
0005800489;METROPOLE ROUEN NORMANDIE;2021;Eau (direct);Matières en suspension (MES);314000;kg/an
0005800489;METROPOLE ROUEN NORMANDIE;2021;Eau (direct);Phosphore total;24300;kg/an
0005800490;CARGILL CACAO CHOCOLATS FRANCE;2021;Air;Acétaldéhyde (aldéhyde acétique  éthanal);252;kg/an
0005800496;EXXONMOBIL CHEMICAL FRANCE;2021;Air;Composés organiques volatils non méthaniques (COVNM);70500;kg/an
0005800496;EXXONMOBIL CHEMICAL FRANCE;2021;Air;Dioxyde de carbone (CO2) d'origine non biomasse;27100000;kg/an
0005800496;EXXONMOBIL CHEMICAL FRANCE;2021;Air;Dioxyde de carbone (CO2) total (d'origine biomasse et non biomasse);27100000;kg/an
0005800503;CARLO ERBA REAGENTS Val de Reuil;2021;Eau (indirect);Chloroforme (trichlorométhane);10.8;kg/an
0005800506;RUBIS TERMINAL Aval;2021;Air;Composés organiques volatils non méthaniques (COVNM);54100;kg/an
0005800509;ORIL INDUSTRIE;2021;Air;1,4-dioxane;7960;kg/an
0005800509;ORIL INDUSTRIE;2021;Air;Composés organiques volatils non méthaniques (COVNM);322000;kg/an
0005800509;ORIL INDUSTRIE;2021;Air;Dichlorométhane (DCM, chlorure de méthylène);7470;kg/an
0005800509;ORIL INDUSTRIE;2021;Air;Méthanol (alcool méthylique);21100;kg/an
0005800520;NOVACEL;2021;Air;Composés organiques volatils non méthaniques (COVNM);840000;kg/an
0005800523;NESTLE France;2021;Air;Dioxyde de carbone (CO2) d'origine biomasse;65500000;kg/an
0005800523;NESTLE France;2021;Air;Oxydes de soufre (SOx/SO2);234000;kg/an
0005800523;NESTLE France;2021;Air;Oxydes d'azote (NOx/NO2);100000;kg/an
0005800523;NESTLE France;2021;Air;Dioxyde de carbone (CO2) d'origine non biomasse;25600000;kg/an
0005800523;NESTLE France;2021;Air;Dioxyde de carbone (CO2) total (d'origine biomasse et non biomasse);91000000;kg/an
0005800540;DA ALIZAY;2021;Air;Dioxyde de carbone (CO2) d'origine biomasse;349000000;kg/an
0005800540;DA ALIZAY;2021;Air;Oxydes d'azote (NOx/NO2);199000;kg/an
0005800540;DA ALIZAY;2021;Air;Dioxyde de carbone (CO2) total (d'origine biomasse et non biomasse);351000000;kg/an
0005800540;DA ALIZAY;2021;Sol;Cadmium et composés (exprimés en tant que Cd);30;kg/an
0005800540;DA ALIZAY;2021;Sol;Chrome et composés (exprimés en tant que Cr);274;kg/an
0005800540;DA ALIZAY;2021;Sol;Cuivre et composés (exprimés en tant que Cu);629;kg/an
0005800540;DA ALIZAY;2021;Sol;Fer et composés (exprimés en tant que Fe);57400;kg/an
0005800540;DA ALIZAY;2021;Sol;Manganèse et composés (exprimés en tant que Mn);19600;kg/an
0005800540;DA ALIZAY;2021;Sol;Nickel et composés (exprimés en tant que Ni);137;kg/an
0005800540;DA ALIZAY;2021;Sol;Phosphore total;27400;kg/an
0005800540;DA ALIZAY;2021;Sol;Plomb et composés (exprimés en tant que Pb);1510;kg/an
0005800540;DA ALIZAY;2021;Sol;Zinc et composés (exprimés en tant que Zn);3810;kg/an
0005800540;DA ALIZAY;2021;Sol;PCBi : somme des 7 PCB indicateurs (PCB 28+PCB 52+PCB 101+PCB 118+PCB 138+PCB 153+PCB 180);0.26;kg/an
0005800552;GLAXOSMITHKLINE;2021;Air;Hydroflurocarbures (HFC);28700;kg/an
0005800570;GREIF FRANCE SAS;2021;Air;Composés organiques volatils non méthaniques (COVNM);44600;kg/an
0005800572;PLASTIC OMNIUM;2021;Air;Composés organiques volatils non méthaniques (COVNM);43700;kg/an
0005800575;LUBRIZOL FRANCE;2021;Air;Hydroflurocarbures (HFC);460;kg/an
0005800575;LUBRIZOL FRANCE;2021;Air;Oxydes de soufre (SOx/SO2);181000;kg/an
0005800575;LUBRIZOL FRANCE;2021;Air;Dioxyde de carbone (CO2) d'origine non biomasse;28700000;kg/an
0005800575;LUBRIZOL FRANCE;2021;Air;Dioxyde de carbone (CO2) total (d'origine biomasse et non biomasse);28700000;kg/an
0005800587;ESSITY OPERATIONS FRANCE;2021;Air;Dioxyde de carbone (CO2) d'origine non biomasse;28400000;kg/an
0005800587;ESSITY OPERATIONS FRANCE;2021;Air;Dioxyde de carbone (CO2) total (d'origine biomasse et non biomasse);28400000;kg/an
0005800587;ESSITY OPERATIONS FRANCE;2021;Sol;Chrome et composés (exprimés en tant que Cr);144;kg/an
0005800587;ESSITY OPERATIONS FRANCE;2021;Sol;Cuivre et composés (exprimés en tant que Cu);1380;kg/an
0005800587;ESSITY OPERATIONS FRANCE;2021;Sol;Mercure et composés (exprimés en tant que Hg);1.88;kg/an
0005800587;ESSITY OPERATIONS FRANCE;2021;Sol;Nickel et composés (exprimés en tant que Ni);50.5;kg/an
0005800587;ESSITY OPERATIONS FRANCE;2021;Sol;Plomb et composés (exprimés en tant que Pb);241;kg/an
0005800587;ESSITY OPERATIONS FRANCE;2021;Sol;Zinc et composés (exprimés en tant que Zn);2050;kg/an
0005800587;ESSITY OPERATIONS FRANCE;2021;Sol;Biphényles polychlorés (PCB);6.88;kg/an
0005800595;HOLOPHANE SAS;2021;Air;Dioxyde de carbone (CO2) d'origine non biomasse;17800000;kg/an
0005800595;HOLOPHANE SAS;2021;Air;Dioxyde de carbone (CO2) total (d'origine biomasse et non biomasse);17800000;kg/an
0005800607;BOREALIS CHIMIE;2021;Air;Ammoniac (NH3);116000;kg/an
0005800607;BOREALIS CHIMIE;2021;Air;Oxydes d'azote (NOx/NO2);246000;kg/an
0005800607;BOREALIS CHIMIE;2021;Air;Protoxyde d'azote (N2O);244000;kg/an
0005800607;BOREALIS CHIMIE;2021;Air;Dioxyde de carbone (CO2) d'origine non biomasse;158000000;kg/an
0005800607;BOREALIS CHIMIE;2021;Air;Dioxyde de carbone (CO2) total (d'origine biomasse et non biomasse);158000000;kg/an
0005800607;BOREALIS CHIMIE;2021;Eau (direct);Arsenic et composés (exprimés en tant que As);7;kg/an
0005800610;SAINT LOUIS SUCRE;2021;Air;Dioxyde de carbone (CO2) d'origine non biomasse;56700000;kg/an
0005800610;SAINT LOUIS SUCRE;2021;Air;Dioxyde de carbone (CO2) total (d'origine biomasse et non biomasse);56700000;kg/an
0005500769;JRS  MARINE PRODUCTS LANDERNEAU;2021;Eau (direct);Arsenic et composés (exprimés en tant que As);25;kg/an
0005500769;JRS  MARINE PRODUCTS LANDERNEAU;2021;Eau (direct);Composés organohalogénés (exprimés en tant que AOX);1470;kg/an
0005500769;JRS  MARINE PRODUCTS LANDERNEAU;2021;Sol;Arsenic et composés (exprimés en tant que As);342;kg/an
0005500769;JRS  MARINE PRODUCTS LANDERNEAU;2021;Sol;Zinc et composés (exprimés en tant que Zn);106;kg/an
0005800611;NOVANDIE;2021;Eau (indirect);Demande biologique en oxygène (DBO5);72200;kg/an
0005500920;ALGAIA;2021;Air;Aldéhyde formique (formaldéhyde);415000;kg/an
0005500920;ALGAIA;2021;Eau (direct);Arsenic et composés (exprimés en tant que As);67;kg/an
0005500920;ALGAIA;2021;Sol;Arsenic et composés (exprimés en tant que As);194;kg/an
0005500920;ALGAIA;2021;Sol;Mercure et composés (exprimés en tant que Hg);1;kg/an
0005500920;ALGAIA;2021;Sol;Nickel et composés (exprimés en tant que Ni);46;kg/an
0005500920;ALGAIA;2021;Sol;Zinc et composés (exprimés en tant que Zn);170;kg/an
0005800611;NOVANDIE;2021;Eau (indirect);Demande chimique en oxygène (DCO);323000;kg/an
0005800614;APLIFIL;2021;Air;Nickel et composés (exprimés en tant que Ni);309;kg/an
0005500976;UCLAB INDUSTRIE;2021;Air;Dioxyde de carbone (CO2) d'origine non biomasse;17400000;kg/an
0005800619;SYSTEMAIR AC;2021;Air;Hydroflurocarbures (HFC);178;kg/an
0005500976;UCLAB INDUSTRIE;2021;Air;Dioxyde de carbone (CO2) total (d'origine biomasse et non biomasse);17400000;kg/an
0005800620;SAFRAN AEROSYSTEMS;2021;Air;Composés organiques volatils non méthaniques (COVNM);30200;kg/an
0005800627;IKOS ENVIRONNEMENT;2021;Air;Dioxyde de carbone (CO2) d'origine biomasse;16400000;kg/an
0005501218;PDM INDUSTRIES;2021;Eau (direct);Chloroforme (trichlorométhane);60;kg/an
0005501218;PDM INDUSTRIES;2021;Eau (direct);Composés organohalogénés (exprimés en tant que AOX);2590;kg/an
0005800627;IKOS ENVIRONNEMENT;2021;Air;Méthane (CH4);785000;kg/an
0005800627;IKOS ENVIRONNEMENT;2021;Air;Dioxyde de carbone (CO2) total (d'origine biomasse et non biomasse);16400000;kg/an
0005800627;IKOS ENVIRONNEMENT;2021;Eau (direct);Phénols (en tant que C total);95.4;kg/an
0005800627;IKOS ENVIRONNEMENT;2021;Sol;Arsenic et composés (exprimés en tant que As);9.16;kg/an
0005800627;IKOS ENVIRONNEMENT;2021;Sol;Chrome et composés (exprimés en tant que Cr);81.7;kg/an
0005800627;IKOS ENVIRONNEMENT;2021;Sol;Cuivre et composés (exprimés en tant que Cu);311;kg/an
0005800627;IKOS ENVIRONNEMENT;2021;Sol;Nickel et composés (exprimés en tant que Ni);48.6;kg/an
0005800627;IKOS ENVIRONNEMENT;2021;Sol;Plomb et composés (exprimés en tant que Pb);92.5;kg/an
0005800627;IKOS ENVIRONNEMENT;2021;Sol;Zinc et composés (exprimés en tant que Zn);1040;kg/an
0005800635;ARLANXEO ELASTOMERES FRANCE SAS;2021;Air;Composés organiques volatils non méthaniques (COVNM);83400;kg/an
0005801240;LINEX PANNEAUX S.A.S;2021;Air;Poussières totales;139000;kg/an
0005801240;LINEX PANNEAUX S.A.S;2021;Air;Protoxyde d'azote (N2O);25200;kg/an
0005800763;BARRY CALLEBAUT FRANCE;2021;Air;Acétaldéhyde (aldéhyde acétique  éthanal);2050;kg/an
0005801240;LINEX PANNEAUX S.A.S;2021;Air;Dioxyde de carbone (CO2) d'origine non biomasse;10400000;kg/an
0005801240;LINEX PANNEAUX S.A.S;2021;Air;Dioxyde de carbone (CO2) total (d'origine biomasse et non biomasse);68100000;kg/an
0005800763;BARRY CALLEBAUT FRANCE;2021;Air;Composés organiques volatils non méthaniques (COVNM);53200;kg/an
0005801240;LINEX PANNEAUX S.A.S;2021;Air;Sélénium;41.6;kg/an
0005800763;BARRY CALLEBAUT FRANCE;2021;Air;Dioxyde de carbone (CO2) d'origine non biomasse;12800000;kg/an
0005800763;BARRY CALLEBAUT FRANCE;2021;Air;Dioxyde de carbone (CO2) total (d'origine biomasse et non biomasse);12800000;kg/an
0005800791;SETOM Mercey;2021;Air;Méthane (CH4);520000;kg/an
0005800814;CEISA PACKAGING SAS;2021;Air;Composés organiques volatils non méthaniques (COVNM);69700;kg/an
0005801247;PHARMASYNTHESE SA;2021;Air;Composés organiques volatils non méthaniques (COVNM);36000;kg/an
0005800821;STEINER;2021;Air;Composés organiques volatils non méthaniques (COVNM);34600;kg/an
0005800902;PEINTURES SAFE;2021;Air;Composés organiques volatils non méthaniques (COVNM);154000;kg/an
0005801277;CORIANCE;2021;Air;Dioxyde de carbone (CO2) d'origine non biomasse;12200000;kg/an
0005801277;CORIANCE;2021;Air;Dioxyde de carbone (CO2) total (d'origine biomasse et non biomasse);12200000;kg/an
0005801000;JANSSEN CILAG;2021;Air;Hydroflurocarbures (HFC);116;kg/an
0005801044;DS SMITH;2021;Eau (direct);Demande chimique en oxygène (DCO);430000;kg/an
0005801049;VERRERIES BROSSE SAS;2021;Air;Dioxyde de carbone (CO2) d'origine non biomasse;15400000;kg/an
0005801049;VERRERIES BROSSE SAS;2021;Air;Dioxyde de carbone (CO2) total (d'origine biomasse et non biomasse);15400000;kg/an
0005801303;COTAC FRANCE SARL;2021;Eau (indirect);Nonylphénols et éthoxylates de nonylphénol (NP/NPE);2.66;kg/an
0005801058;PRYSMIAN CABLES ET SYSTEMES FRANCE;2021;Eau (direct);Arsenic et composés (exprimés en tant que As);6.79;kg/an
0005801058;PRYSMIAN CABLES ET SYSTEMES FRANCE;2021;Eau (direct);Cadmium et composés (exprimés en tant que Cd);6.29;kg/an
0005801105;ORIL INDUSTRIE;2021;Air;Composés organiques volatils non méthaniques (COVNM);39100;kg/an
0005801222;LES ATELIERS DU GOUT;2021;Air;Oxydes d'azote (NOx/NO2);696000;kg/an
0005801325;BISCHOF + KLEIN FRANCE SAS;2021;Air;Composés organiques volatils non méthaniques (COVNM);62200;kg/an
0005801230;BOBET;2021;Air;Composés organiques volatils non méthaniques (COVNM);48700;kg/an
0005801240;LINEX PANNEAUX S.A.S;2021;Air;Aldéhyde formique (formaldéhyde);9910;kg/an
0005801240;LINEX PANNEAUX S.A.S;2021;Air;Chlore et composés inorganiques (en tant que HCl);14300;kg/an
0005801362;TARANIS DU ROUVRAY;2021;Air;Oxydes de soufre (SOx/SO2);182000;kg/an
0005801240;LINEX PANNEAUX S.A.S;2021;Air;Composés organiques volatils non méthaniques (COVNM);180000;kg/an
0005801240;LINEX PANNEAUX S.A.S;2021;Air;Dioxyde de carbone (CO2) d'origine biomasse;57800000;kg/an
0005801362;TARANIS DU ROUVRAY;2021;Air;Oxydes d'azote (NOx/NO2);143000;kg/an
0005801362;TARANIS DU ROUVRAY;2021;Air;Dioxyde de carbone (CO2) d'origine non biomasse;189000000;kg/an
0005801362;TARANIS DU ROUVRAY;2021;Air;Dioxyde de carbone (CO2) total (d'origine biomasse et non biomasse);189000000;kg/an
0005801240;LINEX PANNEAUX S.A.S;2021;Air;Oxydes d'azote (NOx/NO2);138000;kg/an
0005801240;LINEX PANNEAUX S.A.S;2021;Air;Plomb et composés (exprimés en tant que Pb);268;kg/an
0005900978;EQIOM (Cimenterie);2021;Air;Dioxyde de carbone (CO2) d'origine non biomasse;261000000;kg/an
0005801373;KNAUF PACK NORD;2021;Air;Composés organiques volatils non méthaniques (COVNM);45500;kg/an
0005900978;EQIOM (Cimenterie);2021;Air;Dioxyde de carbone (CO2) total (d'origine biomasse et non biomasse);284000000;kg/an
0005801468;PPG COATINGS SA;2021;Air;Composés organiques volatils non méthaniques (COVNM);146000;kg/an
0005900985;PROVALT JURA SNC;2021;Air;Dioxyde de carbone (CO2) d'origine non biomasse;43200000;kg/an
0005801573;MALTERIES SOUFFLET;2021;Eau (indirect);Demande biologique en oxygène (DBO5);408000;kg/an
0005900985;PROVALT JURA SNC;2021;Air;Dioxyde de carbone (CO2) total (d'origine biomasse et non biomasse);43200000;kg/an
0005801573;MALTERIES SOUFFLET;2021;Eau (indirect);Demande chimique en oxygène (DCO);841000;kg/an
0005801573;MALTERIES SOUFFLET;2021;Eau (indirect);Phosphore total;5910;kg/an
0005901000;COMTOISE TRAITEMENT DE SURFACE;2021;Air;Composés organiques volatils non méthaniques (COVNM);30400;kg/an
0005801578;NIPRO PHARMAPACKAGING FRANCE;2021;Air;Dioxyde de carbone (CO2) d'origine non biomasse;13300000;kg/an
0005801578;NIPRO PHARMAPACKAGING FRANCE;2021;Air;Dioxyde de carbone (CO2) total (d'origine biomasse et non biomasse);13300000;kg/an
0005901015;BOURBON AUTOMOTIVE PLASTICS JURA;2021;Air;Composés organiques volatils non méthaniques (COVNM);34500;kg/an
0005801681;VERESCENCE;2021;Air;Oxydes d'azote (NOx/NO2);114000;kg/an
0005801681;VERESCENCE;2021;Air;Dioxyde de carbone (CO2) d'origine non biomasse;55600000;kg/an
0005901072;GALVANOPLAST;2021;Eau (direct);Chloroforme (trichlorométhane);31.2;kg/an
0005801681;VERESCENCE;2021;Air;Dioxyde de carbone (CO2) total (d'origine biomasse et non biomasse);55600000;kg/an
0005801681;VERESCENCE;2021;Air;Sélénium;410;kg/an
0005901072;GALVANOPLAST;2021;Eau (direct);Nickel et composés (exprimés en tant que Ni);43.8;kg/an
0005801681;VERESCENCE;2021;Eau (direct);Cadmium et composés (exprimés en tant que Cd);10;kg/an
0005801681;VERESCENCE;2021;Eau (direct);Chrome et composés (exprimés en tant que Cr);566;kg/an
0005801681;VERESCENCE;2021;Eau (direct);Composés organohalogénés (exprimés en tant que AOX);5830;kg/an
0005901072;GALVANOPLAST;2021;Eau (direct);Zinc et composés (exprimés en tant que Zn);112;kg/an
0005801681;VERESCENCE;2021;Eau (direct);Cuivre et composés (exprimés en tant que Cu);656;kg/an
0005901098;MILLERET Fromagerie;2021;Sol;Fer et composés (exprimés en tant que Fe);13400;kg/an
0005801681;VERESCENCE;2021;Eau (direct);Etain et composés (exprimés en tant que Sn);1130;kg/an
0005801681;VERESCENCE;2021;Eau (direct);Mercure et composés (exprimés en tant que Hg);11.3;kg/an
0005801681;VERESCENCE;2021;Eau (direct);Nickel et composés (exprimés en tant que Ni);566;kg/an
0005901098;MILLERET Fromagerie;2021;Sol;Phosphore total;27600;kg/an
0005801681;VERESCENCE;2021;Eau (direct);Plomb et composés (exprimés en tant que Pb);1220;kg/an
0005801681;VERESCENCE;2021;Eau (direct);Zinc et composés (exprimés en tant que Zn);13400;kg/an
0005901100;FIDAY GESTION;2021;Air;Composés organiques volatils non méthaniques (COVNM);76800;kg/an
0005901114;EUROCOOLER SYSTEMS;2021;Air;Composés organiques volatils non méthaniques (COVNM);47800;kg/an
0005801756;PAULSTRA;2021;Air;Tétrachloroéthylène (PER, tétrachloroéthylène);7580;kg/an
0005901115;COMPAGNIE FRANCAISE DU PANNEAU;2021;Air;Cadmium et composés (exprimés en tant que Cd);20.4;kg/an
0005901115;COMPAGNIE FRANCAISE DU PANNEAU;2021;Air;Dioxines et furanes (PCDD + PCDF) (exprimés en iTeq);0.000267;kg/an
0005901115;COMPAGNIE FRANCAISE DU PANNEAU;2021;Air;Dioxyde de carbone (CO2) d'origine biomasse;18700000;kg/an
0005901115;COMPAGNIE FRANCAISE DU PANNEAU;2021;Air;Dioxyde de carbone (CO2) total (d'origine biomasse et non biomasse);18700000;kg/an
0005801788;FICOBEL;2021;Air;Dioxyde de carbone (CO2) d'origine non biomasse;78300000;kg/an
0005901149;FUJI SEAL FRANCE SAS;2021;Air;Composés organiques volatils non méthaniques (COVNM);223000;kg/an
0005801788;FICOBEL;2021;Air;Dioxyde de carbone (CO2) total (d'origine biomasse et non biomasse);78300000;kg/an
0005901183;OGF;2021;Air;Composés organiques volatils non méthaniques (COVNM);40200;kg/an
0005901195;CF2P SAS (ex IKEA INDUSTRY FRANCE);2021;Air;Acétaldéhyde (aldéhyde acétique  éthanal);1660;kg/an
0005901195;CF2P SAS (ex IKEA INDUSTRY FRANCE);2021;Air;Cadmium et composés (exprimés en tant que Cd);14.6;kg/an
0005801843;SDCMG COFELY ex ELYO CENTRE OUEST;2021;Air;Dioxyde de carbone (CO2) d'origine non biomasse;14000000;kg/an
0005801843;SDCMG COFELY ex ELYO CENTRE OUEST;2021;Air;Dioxyde de carbone (CO2) total (d'origine biomasse et non biomasse);14000000;kg/an
0005901195;CF2P SAS (ex IKEA INDUSTRY FRANCE);2021;Air;Chrome et composés (exprimés en tant que Cr);123;kg/an
0005802051;CHU ROUEN - Chaufferie;2021;Air;Dioxyde de carbone (CO2) d'origine non biomasse;15000000;kg/an
0005901195;CF2P SAS (ex IKEA INDUSTRY FRANCE);2021;Air;Cobalt et composés (exprimés en tant que Co);8.34;kg/an
0005802051;CHU ROUEN - Chaufferie;2021;Air;Dioxyde de carbone (CO2) total (d'origine biomasse et non biomasse);15000000;kg/an
0005901195;CF2P SAS (ex IKEA INDUSTRY FRANCE);2021;Air;Composés organiques volatils non méthaniques (COVNM);68900;kg/an
0005901195;CF2P SAS (ex IKEA INDUSTRY FRANCE);2021;Air;Dioxyde de carbone (CO2) d'origine biomasse;48700000;kg/an
0005802143;EDF;2021;Air;Chlore et composés inorganiques (en tant que HCl);16100;kg/an
0005901195;CF2P SAS (ex IKEA INDUSTRY FRANCE);2021;Air;Oxydes d'azote (NOx/NO2);140000;kg/an
0005802143;EDF;2021;Air;Hexafluorure de soufre (SF6);25.1;kg/an
0005802143;EDF;2021;Air;Oxydes de soufre (SOx/SO2);290000;kg/an
0005802143;EDF;2021;Air;Oxydes d'azote (NOx/NO2);470000;kg/an
0005802143;EDF;2021;Air;Dioxyde de carbone (CO2) d'origine non biomasse;439000000;kg/an
0005901195;CF2P SAS (ex IKEA INDUSTRY FRANCE);2021;Air;Plomb et composés (exprimés en tant que Pb);471;kg/an
0005802143;EDF;2021;Air;Dioxyde de carbone (CO2) total (d'origine biomasse et non biomasse);439000000;kg/an
0005802143;EDF;2021;Air;Vanadium et ses composés;11.7;kg/an
0005901195;CF2P SAS (ex IKEA INDUSTRY FRANCE);2021;Air;Zinc et composés (exprimés en tant que Zn);893;kg/an
0005802180;OREADE SAS;2021;Air;Chlore et composés inorganiques (en tant que HCl);12200;kg/an
0005901195;CF2P SAS (ex IKEA INDUSTRY FRANCE);2021;Air;Dioxyde de carbone (CO2) total (d'origine biomasse et non biomasse);48700000;kg/an
0005802180;OREADE SAS;2021;Air;Dioxyde de carbone (CO2) d'origine biomasse;105000000;kg/an
0005802180;OREADE SAS;2021;Air;Dioxyde de carbone (CO2) d'origine non biomasse;80800000;kg/an
0005802180;OREADE SAS;2021;Air;Dioxyde de carbone (CO2) total (d'origine biomasse et non biomasse);186000000;kg/an
0005901214;FAURECIA;2021;Air;Composés organiques volatils non méthaniques (COVNM);74100;kg/an
0005901267;KNAUF INDUSTRIES;2021;Air;Composés organiques volatils non méthaniques (COVNM);49900;kg/an
0005802301;AIR LIQUIDE HYDROGENE;2021;Air;Dioxyde de carbone (CO2) d'origine non biomasse;214000000;kg/an
0005802301;AIR LIQUIDE HYDROGENE;2021;Air;Dioxyde de carbone (CO2) total (d'origine biomasse et non biomasse);221000000;kg/an
0005901306;PSA AUTOMOBILES SA (Peugeot);2021;Air;Dioxyde de carbone (CO2) total (d'origine biomasse et non biomasse);14600000;kg/an
0005802304;LUNOR DISTRIBUTION;2021;Eau (direct);Demande biologique en oxygène (DBO5);51900;kg/an
0005802304;LUNOR DISTRIBUTION;2021;Eau (direct);Demande chimique en oxygène (DCO);273000;kg/an
0005802304;LUNOR DISTRIBUTION;2021;Eau (direct);Phosphore total;6130;kg/an
0005901990;SERTRID;2021;Air;Cuivre et composés (exprimés en tant que Cu);150;kg/an
0005901990;SERTRID;2021;Air;Dioxyde de carbone (CO2) d'origine biomasse;34300000;kg/an
0005901990;SERTRID;2021;Air;Dioxyde de carbone (CO2) d'origine non biomasse;25900000;kg/an
0005802360;TRIADIS SERVICES;2021;Air;Dioxyde de carbone (CO2) d'origine non biomasse;31200000;kg/an
0005901990;SERTRID;2021;Air;Dioxyde de carbone (CO2) total (d'origine biomasse et non biomasse);60200000;kg/an
0005802360;TRIADIS SERVICES;2021;Air;Dioxyde de carbone (CO2) total (d'origine biomasse et non biomasse);31200000;kg/an
0005902583;FACEL;2021;Air;Sulfure de carbone;93500;kg/an
0005902597;SYBERT UIOM;2021;Air;Dioxyde de carbone (CO2) d'origine biomasse;24700000;kg/an
0005902597;SYBERT UIOM;2021;Air;Dioxyde de carbone (CO2) d'origine non biomasse;19200000;kg/an
0005802394;NORMANDY COATING;2021;Air;Composés organiques volatils non méthaniques (COVNM);180000;kg/an
0005802394;NORMANDY COATING;2021;Air;Méthanol (alcool méthylique);180000;kg/an
0005902597;SYBERT UIOM;2021;Air;Dioxyde de carbone (CO2) total (d'origine biomasse et non biomasse);44000000;kg/an
0005902685;INOVYN France;2021;Air;1,2-dichloroéthane (DCE - chlorure d'éthylène);7160;kg/an
0005802648;BASF Agri-Production SAS;2021;Eau (indirect);Azote total;118000;kg/an
0005802648;BASF Agri-Production SAS;2021;Eau (indirect);Composés organohalogénés (exprimés en tant que AOX);10700;kg/an
0005902685;INOVYN France;2021;Air;Ammoniac (NH3);68800;kg/an
0005802648;BASF Agri-Production SAS;2021;Eau (indirect);Demande biologique en oxygène (DBO5);1480000;kg/an
0005802648;BASF Agri-Production SAS;2021;Eau (indirect);Demande chimique en oxygène (DCO);2470000;kg/an
0005902685;INOVYN France;2021;Air;Chloroforme (trichlorométhane);2420;kg/an
0005802648;BASF Agri-Production SAS;2021;Eau (indirect);Fluorures (en tant que F total);3010;kg/an
0005802648;BASF Agri-Production SAS;2021;Eau (indirect);Méthanol (alcool méthylique);150000;kg/an
0005902685;INOVYN France;2021;Air;Chlorure de vinyle (chloroéthène);23100;kg/an
0005802648;BASF Agri-Production SAS;2021;Eau (indirect);Toluène;214;kg/an
0005902685;INOVYN France;2021;Air;Composés organiques volatils non méthaniques (COVNM);64100;kg/an
0005902685;INOVYN France;2021;Air;Dichlorométhane (DCM, chlorure de méthylène);5510;kg/an
0005803187;TEREOS STARCH & SWEETENERS LBN;2021;Air;Composés organiques volatils non méthaniques (COVNM);39500;kg/an
0005803187;TEREOS STARCH & SWEETENERS LBN;2021;Air;Dioxyde de carbone (CO2) d'origine biomasse;143000000;kg/an
0005902685;INOVYN France;2021;Air;Epichlorhydrine (1-chloro-2,3-époxypropane);364;kg/an
0005803187;TEREOS STARCH & SWEETENERS LBN;2021;Air;Dioxyde de carbone (CO2) d'origine non biomasse;65800000;kg/an
0005803187;TEREOS STARCH & SWEETENERS LBN;2021;Air;Dioxyde de carbone (CO2) total (d'origine biomasse et non biomasse);209000000;kg/an
0005902685;INOVYN France;2021;Air;Hydroflurocarbures (HFC);518;kg/an
0005902685;INOVYN France;2021;Air;Tétrachloroéthylène (PER, tétrachloroéthylène);2360;kg/an
0005902685;INOVYN France;2021;Air;Tétrachlorométhane (TCM, tétrachlorure de carbone);2500;kg/an
0005902685;INOVYN France;2021;Air;Dioxyde de carbone (CO2) d'origine non biomasse;68900000;kg/an
0005803829;GRANDE PAROISSE SA;2021;Eau (direct);Arsenic et composés (exprimés en tant que As);5.85;kg/an
0005803829;GRANDE PAROISSE SA;2021;Eau (direct);Fluorures (en tant que F total);14700;kg/an
0005902685;INOVYN France;2021;Air;Dioxyde de carbone (CO2) total (d'origine biomasse et non biomasse);68900000;kg/an
0005902685;INOVYN France;2021;Eau (direct);1,2-dichloroéthane (DCE - chlorure d'éthylène);48.1;kg/an
0005902685;INOVYN France;2021;Eau (direct);Aluminium et composés (exprimés en tant que Al);4230;kg/an
0005902685;INOVYN France;2021;Eau (direct);Arsenic et composés (exprimés en tant que As);174;kg/an
0005902685;INOVYN France;2021;Eau (direct);Azote total;67500;kg/an
0005902685;INOVYN France;2021;Eau (direct);Carbone organique total (en tant que C total ou DCO/3);374000;kg/an
0005804127;BIO COGELYO NORMANDIE;2021;Air;Dioxyde de carbone (CO2) d'origine biomasse;134000000;kg/an
0005804127;BIO COGELYO NORMANDIE;2021;Air;Dioxyde de carbone (CO2) total (d'origine biomasse et non biomasse);134000000;kg/an
0005902685;INOVYN France;2021;Eau (direct);Chloroforme (trichlorométhane);52.3;kg/an
0005902685;INOVYN France;2021;Eau (direct);Chlorure de vinyle (chloroéthène);46.8;kg/an
0005902685;INOVYN France;2021;Eau (direct);Chlorures (en tant que Cl total);174000000;kg/an
0005902685;INOVYN France;2021;Eau (direct);Composés organohalogénés (exprimés en tant que AOX);18800;kg/an
0005804760;BIOGAZ de Gaillon;2021;Sol;Cuivre et composés (exprimés en tant que Cu);105;kg/an
0005804760;BIOGAZ de Gaillon;2021;Sol;Zinc et composés (exprimés en tant que Zn);374;kg/an
0005902685;INOVYN France;2021;Eau (direct);Cuivre et composés (exprimés en tant que Cu);100;kg/an
0005902685;INOVYN France;2021;Eau (direct);Demande biologique en oxygène (DBO5);123000;kg/an
0005902685;INOVYN France;2021;Eau (direct);Demande chimique en oxygène (DCO);310000;kg/an
0005902685;INOVYN France;2021;Eau (direct);Dichlorométhane (DCM, chlorure de méthylène);31.1;kg/an
0005902685;INOVYN France;2021;Eau (direct);Fer et composés (exprimés en tant que Fe);16800;kg/an
0005804966;ORANGE;2021;Air;Hydroflurocarbures (HFC);165;kg/an
0005902685;INOVYN France;2021;Eau (direct);Fluorures (en tant que F total);25600;kg/an
0005902685;INOVYN France;2021;Eau (direct);Hexachlorobenzène (HCB);2.2;kg/an
0005900018;ALLRIM;2021;Air;Hydroflurocarbures (HFC);171;kg/an
0005902685;INOVYN France;2021;Eau (direct);Hexachlorobutadiène (HCBD);73.1;kg/an
0005902685;INOVYN France;2021;Eau (direct);1,2,3,4,5,6-hexachlorocyclohexane (HCH);3.5;kg/an
0005900119;VILLE DE BESANCON SEVE (EX SECIP);2021;Air;Dioxyde de carbone (CO2) d'origine biomasse;26300000;kg/an
0005900119;VILLE DE BESANCON SEVE (EX SECIP);2021;Air;Dioxyde de carbone (CO2) total (d'origine biomasse et non biomasse);33000000;kg/an
0005902685;INOVYN France;2021;Eau (direct);Manganèse et composés (exprimés en tant que Mn);5240;kg/an
0005900162;PAPETERIE ZUBER RIEDER;2021;Eau (direct);Demande biologique en oxygène (DBO5);70000;kg/an
0005900162;PAPETERIE ZUBER RIEDER;2021;Eau (direct);Demande chimique en oxygène (DCO);201000;kg/an
0005902685;INOVYN France;2021;Eau (direct);Matières en suspension (MES);737000;kg/an
0005902685;INOVYN France;2021;Eau (direct);Mercure et composés (exprimés en tant que Hg);3.18;kg/an
0005900367;WIENERBERGER (EX KORAMIC);2021;Air;Dioxyde de carbone (CO2) d'origine non biomasse;27700000;kg/an
0005902685;INOVYN France;2021;Eau (direct);Nickel et composés (exprimés en tant que Ni);78;kg/an
0005900367;WIENERBERGER (EX KORAMIC);2021;Air;Dioxyde de carbone (CO2) total (d'origine biomasse et non biomasse);27700000;kg/an
0005902685;INOVYN France;2021;Eau (direct);Nonylphénols et éthoxylates de nonylphénol (NP/NPE);3.5;kg/an
0005900458;VALINEA;2021;Air;Dioxyde de carbone (CO2) d'origine biomasse;24800000;kg/an
0005902685;INOVYN France;2021;Eau (direct);Pentachlorobenzène;18.9;kg/an
0005900458;VALINEA;2021;Air;Protoxyde d'azote (N2O);10700;kg/an
0005900458;VALINEA;2021;Air;Dioxyde de carbone (CO2) d'origine non biomasse;16700000;kg/an
0005902685;INOVYN France;2021;Eau (direct);Sulfates;9590000;kg/an
0005900458;VALINEA;2021;Air;Dioxyde de carbone (CO2) total (d'origine biomasse et non biomasse);41500000;kg/an
0005902685;INOVYN France;2021;Eau (direct);Titane et composés (exprimés en tant que Ti);563;kg/an
0005902685;INOVYN France;2021;Eau (direct);Trichloréthylène;138;kg/an
0005902685;INOVYN France;2021;Eau (direct);Tétrachloroéthylène (PER, tétrachloroéthylène);449;kg/an
0005900530;PREVAL HD UIOM;2021;Air;Dioxyde de carbone (CO2) d'origine non biomasse;186000000;kg/an
0005900530;PREVAL HD UIOM;2021;Air;Dioxyde de carbone (CO2) total (d'origine biomasse et non biomasse);186000000;kg/an
0005902685;INOVYN France;2021;Eau (direct);Tétrachlorométhane (TCM, tétrachlorure de carbone);35.8;kg/an
0005902685;INOVYN France;2021;Eau (direct);Zinc et composés (exprimés en tant que Zn);210;kg/an
0005900536;ARMSTRONG BUILDING PRODUCTS S.A.;2021;Air;Oxydes de soufre (SOx/SO2);311000;kg/an
0005902685;INOVYN France;2021;Eau (direct);Gamma isomère Lindane;1;kg/an
0005900536;ARMSTRONG BUILDING PRODUCTS S.A.;2021;Air;Dioxyde de carbone (CO2) d'origine non biomasse;35900000;kg/an
0005900536;ARMSTRONG BUILDING PRODUCTS S.A.;2021;Air;Dioxyde de carbone (CO2) total (d'origine biomasse et non biomasse);35900000;kg/an
0005902685;INOVYN France;2021;Eau (direct);Hydroxyde d'ammonium (NH4+);55100;kg/an
0005902723;GEMDOUBS (ex PAPETERIE DU DOUBS ex OTOR);2021;Eau (direct);Demande chimique en oxygène (DCO);246000;kg/an
0005900578;CASTMETAL FWF;2021;Air;Zinc et composés (exprimés en tant que Zn);265;kg/an
0005902924;SUEZ RV CENTRE EST (ex SITA CENTRE EST);2021;Air;Méthane (CH4);224000;kg/an
0005905393;COFELY - GDF SUEZ ENERGIE SERVICES;2021;Air;Dioxyde de carbone (CO2) d'origine non biomasse;31000000;kg/an
0005900605;GALVANOPLAST Sochaux-Montbéliard;2021;Eau (indirect);Nickel et composés (exprimés en tant que Ni);40.4;kg/an
0005900605;GALVANOPLAST Sochaux-Montbéliard;2021;Eau (indirect);Zinc et composés (exprimés en tant que Zn);121;kg/an
0005905393;COFELY - GDF SUEZ ENERGIE SERVICES;2021;Air;Dioxyde de carbone (CO2) total (d'origine biomasse et non biomasse);31000000;kg/an
0005900608;PEUGEOT CITROEN SOCHAUX SNC;2021;Air;Composés organiques volatils non méthaniques (COVNM);537000;kg/an
0005900608;PEUGEOT CITROEN SOCHAUX SNC;2021;Air;Hydrochlorofluorocarbures (HCFC);5;kg/an
0006000274;VALEO Usine;2021;Air;Aldéhyde formique (formaldéhyde);1860;kg/an
0005900608;PEUGEOT CITROEN SOCHAUX SNC;2021;Air;Hydroflurocarbures (HFC);130;kg/an
0005900608;PEUGEOT CITROEN SOCHAUX SNC;2021;Air;Oxydes d'azote (NOx/NO2);133000;kg/an
0006000275;CENTRALE ENERGIE DECHETS LIMOGES (CEDLM);2021;Air;Dioxyde de carbone (CO2) d'origine biomasse;19800000;kg/an
0005900608;PEUGEOT CITROEN SOCHAUX SNC;2021;Air;Dioxyde de carbone (CO2) d'origine non biomasse;37000000;kg/an
0005900608;PEUGEOT CITROEN SOCHAUX SNC;2021;Air;Dioxyde de carbone (CO2) total (d'origine biomasse et non biomasse);37000000;kg/an
0005900608;PEUGEOT CITROEN SOCHAUX SNC;2021;Eau (direct);Fluorures (en tant que F total);2590;kg/an
0006000275;CENTRALE ENERGIE DECHETS LIMOGES (CEDLM);2021;Air;Dioxyde de carbone (CO2) d'origine non biomasse;14900000;kg/an
0005900641;PEUGEOT CITROEN  AUTOMOBILES SA;2021;Air;Hydroflurocarbures (HFC);1150;kg/an
0006000275;CENTRALE ENERGIE DECHETS LIMOGES (CEDLM);2021;Air;Dioxyde de carbone (CO2) total (d'origine biomasse et non biomasse);34700000;kg/an
0006000305;COMPAGNIE MADRANGE LA VALOINE (SASU);2021;Eau (indirect);Demande biologique en oxygène (DBO5);73100;kg/an
0005900821;FROMAGERIES BEL PRODUCTION FRANCE (FBPF);2021;Eau (indirect);Demande biologique en oxygène (DBO5);154000;kg/an
0005900821;FROMAGERIES BEL PRODUCTION FRANCE (FBPF);2021;Eau (indirect);Demande chimique en oxygène (DCO);273000;kg/an
0005900825;SOCCRAM;2021;Air;Dioxyde de carbone (CO2) d'origine biomasse;13600000;kg/an
0005900825;SOCCRAM;2021;Air;Dioxyde de carbone (CO2) d'origine non biomasse;10800000;kg/an
0006000314;SMURFIT KAPPA Papier Recyclé France;2021;Air;Dioxyde de carbone (CO2) d'origine biomasse;11200000;kg/an
0005900825;SOCCRAM;2021;Air;Dioxyde de carbone (CO2) total (d'origine biomasse et non biomasse);24400000;kg/an
0006000314;SMURFIT KAPPA Papier Recyclé France;2021;Air;Dioxyde de carbone (CO2) d'origine non biomasse;42500000;kg/an
0005900888;FROMAGERIES BEL PRODUCTION FRANCE;2021;Eau (indirect);Demande biologique en oxygène (DBO5);65500;kg/an
0005900888;FROMAGERIES BEL PRODUCTION FRANCE;2021;Eau (indirect);Demande chimique en oxygène (DCO);204000;kg/an
0006000314;SMURFIT KAPPA Papier Recyclé France;2021;Air;Dioxyde de carbone (CO2) total (d'origine biomasse et non biomasse);53700000;kg/an
0005900890;SOCIETE FROMAGERE DE LONS LE SAUNIER;2021;Eau (indirect);Demande biologique en oxygène (DBO5);115000;kg/an
0005900890;SOCIETE FROMAGERE DE LONS LE SAUNIER;2021;Eau (indirect);Demande chimique en oxygène (DCO);210000;kg/an
0006000314;SMURFIT KAPPA Papier Recyclé France;2021;Eau (indirect);Demande chimique en oxygène (DCO);232000;kg/an
0005900978;EQIOM (Cimenterie);2021;Air;Ammoniac (NH3);32100;kg/an
0005900978;EQIOM (Cimenterie);2021;Air;Cadmium et composés (exprimés en tant que Cd);15.4;kg/an
0005900978;EQIOM (Cimenterie);2021;Air;Composés organiques volatils non méthaniques (COVNM);31700;kg/an
0006000346;Papeteries et cartonneries Lacaux Frères;2021;Air;Dioxyde de carbone (CO2) d'origine non biomasse;11200000;kg/an
0005900978;EQIOM (Cimenterie);2021;Air;Dioxyde de carbone (CO2) d'origine biomasse;23700000;kg/an
0005900978;EQIOM (Cimenterie);2021;Air;Monoxyde de carbone (CO);613000;kg/an
0005900978;EQIOM (Cimenterie);2021;Air;Oxydes de soufre (SOx/SO2);271000;kg/an
0005900978;EQIOM (Cimenterie);2021;Air;Oxydes d'azote (NOx/NO2);376000;kg/an
0006000346;Papeteries et cartonneries Lacaux Frères;2021;Air;Dioxyde de carbone (CO2) total (d'origine biomasse et non biomasse);11200000;kg/an
0006000348;PANNEAUX DE CORREZE;2021;Air;Aldéhyde formique (formaldéhyde);19000;kg/an
0006000348;PANNEAUX DE CORREZE;2021;Air;Composés organiques volatils non méthaniques (COVNM);72100;kg/an
0006000348;PANNEAUX DE CORREZE;2021;Air;Dioxyde de carbone (CO2) d'origine biomasse;60600000;kg/an
0006000348;PANNEAUX DE CORREZE;2021;Air;Oxydes d'azote (NOx/NO2);158000;kg/an
0006000385;INTERNATIONAL PAPER;2021;Eau (direct);Cadmium et composés (exprimés en tant que Cd);11;kg/an
0006000385;INTERNATIONAL PAPER;2021;Eau (direct);Chrome et composés (exprimés en tant que Cr);93;kg/an
0006000385;INTERNATIONAL PAPER;2021;Eau (direct);Composés organohalogénés (exprimés en tant que AOX);47800;kg/an
0006000385;INTERNATIONAL PAPER;2021;Eau (direct);Cuivre et composés (exprimés en tant que Cu);67;kg/an
0006000385;INTERNATIONAL PAPER;2021;Eau (direct);Demande biologique en oxygène (DBO5);497000;kg/an
0006000348;PANNEAUX DE CORREZE;2021;Air;Dioxyde de carbone (CO2) total (d'origine biomasse et non biomasse);69600000;kg/an
0006000385;INTERNATIONAL PAPER;2021;Eau (direct);Demande chimique en oxygène (DCO);4550000;kg/an
0006000385;INTERNATIONAL PAPER;2021;Eau (direct);Fer et composés (exprimés en tant que Fe);4510;kg/an
0006000357;EUROCOUSTIC SA;2021;Air;Oxydes de soufre (SOx/SO2);627000;kg/an
0006000385;INTERNATIONAL PAPER;2021;Eau (direct);Manganèse et composés (exprimés en tant que Mn);15900;kg/an
0006000385;INTERNATIONAL PAPER;2021;Eau (direct);Matières en suspension (MES);504000;kg/an
0006000357;EUROCOUSTIC SA;2021;Air;Phénols (en tant que C total);10700;kg/an
0006000385;INTERNATIONAL PAPER;2021;Eau (direct);Nickel et composés (exprimés en tant que Ni);160;kg/an
0006000357;EUROCOUSTIC SA;2021;Air;Dioxyde de carbone (CO2) d'origine non biomasse;43500000;kg/an
0006000385;INTERNATIONAL PAPER;2021;Eau (direct);Phosphore total;12200;kg/an
0006000385;INTERNATIONAL PAPER;2021;Eau (direct);Phénols (en tant que C total);152;kg/an
0006000385;INTERNATIONAL PAPER;2021;Eau (direct);Plomb et composés (exprimés en tant que Pb);46;kg/an
0006000357;EUROCOUSTIC SA;2021;Air;Dioxyde de carbone (CO2) total (d'origine biomasse et non biomasse);43500000;kg/an
0006000385;INTERNATIONAL PAPER;2021;Eau (direct);Zinc et composés (exprimés en tant que Zn);789;kg/an
0006000385;INTERNATIONAL PAPER;2021;Sol;Aluminium et composés (exprimés en tant que Al);121000;kg/an
0006000357;EUROCOUSTIC SA;2021;Air;Sélénium;35.5;kg/an
0006000385;INTERNATIONAL PAPER;2021;Sol;Arsenic et composés (exprimés en tant que As);107;kg/an
0006000385;INTERNATIONAL PAPER;2021;Sol;Cadmium et composés (exprimés en tant que Cd);12;kg/an
0006000366;VALADE;2021;Eau (indirect);Demande biologique en oxygène (DBO5);333000;kg/an
0006000385;INTERNATIONAL PAPER;2021;Sol;Chrome et composés (exprimés en tant que Cr);181;kg/an
0006000385;INTERNATIONAL PAPER;2021;Sol;Cuivre et composés (exprimés en tant que Cu);197;kg/an
0006000385;INTERNATIONAL PAPER;2021;Sol;Fer et composés (exprimés en tant que Fe);37100;kg/an
0006000366;VALADE;2021;Eau (indirect);Demande chimique en oxygène (DCO);634000;kg/an
0006000385;INTERNATIONAL PAPER;2021;Sol;Manganèse et composés (exprimés en tant que Mn);29000;kg/an
0006000385;INTERNATIONAL PAPER;2021;Sol;Nickel et composés (exprimés en tant que Ni);128;kg/an
0006000382;JELD WEN;2021;Air;Antimoine et composés (exprimés en tant que Sb);17.6;kg/an
0006000385;INTERNATIONAL PAPER;2021;Sol;Plomb et composés (exprimés en tant que Pb);119;kg/an
0006000385;INTERNATIONAL PAPER;2021;Sol;Titane et composés (exprimés en tant que Ti);6250;kg/an
0006000385;INTERNATIONAL PAPER;2021;Sol;Zinc et composés (exprimés en tant que Zn);2060;kg/an
0006000385;INTERNATIONAL PAPER;2021;Air;Ammoniac (NH3);16800;kg/an
0006000385;INTERNATIONAL PAPER;2021;Air;Dioxyde de carbone (CO2) d'origine biomasse;705000000;kg/an
0006000385;INTERNATIONAL PAPER;2021;Air;Oxydes d'azote (NOx/NO2);571000;kg/an
0006000385;INTERNATIONAL PAPER;2021;Air;Poussières totales;124000;kg/an
0006000416;NCI ENVIRONNEMENT BRIVE;2021;Air;Méthane (CH4);297000;kg/an
0006000385;INTERNATIONAL PAPER;2021;Air;Protoxyde d'azote (N2O);20700;kg/an
0006000385;INTERNATIONAL PAPER;2021;Air;Dioxyde de carbone (CO2) d'origine non biomasse;49200000;kg/an
0006000385;INTERNATIONAL PAPER;2021;Air;Dioxyde de carbone (CO2) total (d'origine biomasse et non biomasse);754000000;kg/an
0006000385;INTERNATIONAL PAPER;2021;Eau (direct);Aluminium et composés (exprimés en tant que Al);9230;kg/an
0006000385;INTERNATIONAL PAPER;2021;Eau (direct);Arsenic et composés (exprimés en tant que As);61;kg/an
0006000454;SETHELEC;2021;Air;Dioxyde de carbone (CO2) d'origine non biomasse;34400000;kg/an
0006000454;SETHELEC;2021;Air;Dioxyde de carbone (CO2) total (d'origine biomasse et non biomasse);34400000;kg/an
0006000385;INTERNATIONAL PAPER;2021;Eau (direct);Azote total;71100;kg/an
0006102585;SAICA PAPER EL (EX EMIN LEYDIER );2021;Air;Dioxyde de carbone (CO2) total (d'origine biomasse et non biomasse);187000000;kg/an
0006001292;SDCL VAL LAURENCE;2021;Air;Dioxyde de carbone (CO2) d'origine non biomasse;15700000;kg/an
0006001292;SDCL VAL LAURENCE;2021;Air;Dioxyde de carbone (CO2) total (d'origine biomasse et non biomasse);15700000;kg/an
0006102595;SINIAT;2021;Air;Composés organiques volatils non méthaniques (COVNM);134000;kg/an
0006102720;ABRISO FRANCE;2021;Air;Composés organiques volatils non méthaniques (COVNM);229000;kg/an
0006102753;STORENGY;2021;Air;Méthane (CH4);105000;kg/an
0006001927;EYREIN Industrie;2021;Eau (direct);Phénols (en tant que C total);34.1;kg/an
0006102760;AGRANA FRUIT FRANCE;2021;Eau (indirect);Demande biologique en oxygène (DBO5);113000;kg/an
0006102760;AGRANA FRUIT FRANCE;2021;Eau (indirect);Demande chimique en oxygène (DCO);226000;kg/an
0006102767;POLYTECHNYL (ex RHODIA);2021;Eau (indirect);Demande biologique en oxygène (DBO5);106000;kg/an
0006001935;GER'SON  S.A.;2021;Eau (indirect);Demande chimique en oxygène (DCO);948000;kg/an
0006102767;POLYTECHNYL (ex RHODIA);2021;Eau (indirect);Demande chimique en oxygène (DCO);251000;kg/an
0006102785;EVVA;2021;Air;Dioxyde de carbone (CO2) d'origine non biomasse;12700000;kg/an
0006002045;PONTHIER  S.A.;2021;Air;Hydroflurocarbures (HFC);237;kg/an
0006102785;EVVA;2021;Air;Dioxyde de carbone (CO2) total (d'origine biomasse et non biomasse);12700000;kg/an
0006102813;TRIVIUM ALUMINIUM PACKAGING France;2021;Air;Composés organiques volatils non méthaniques (COVNM);104000;kg/an
0006002154;ORANO Mining;2021;Eau (direct);Fluorures (en tant que F total);3700;kg/an
0006102819;G.T.A.;2021;Eau (indirect);Demande biologique en oxygène (DBO5);88600;kg/an
0006102819;G.T.A.;2021;Eau (indirect);Demande chimique en oxygène (DCO);193000;kg/an
0006102822;PCAS - SEQENS;2021;Air;Composés organiques volatils non méthaniques (COVNM);151000;kg/an
0006002178;Orano Mining;2021;Eau (direct);Arsenic et composés (exprimés en tant que As);31.1;kg/an
0006102824;VICAT;2021;Air;Acide cyanhydrique (HCN);4550;kg/an
0006002605;SILAB - STE INDUSTRIELLE LIMOUSINE;2021;Eau (indirect);Demande biologique en oxygène (DBO5);45600;kg/an
0006102824;VICAT;2021;Air;Ammoniac (NH3);116000;kg/an
0006102824;VICAT;2021;Air;Benzène;10500;kg/an
0006102824;VICAT;2021;Air;Composés organiques volatils non méthaniques (COVNM);143000;kg/an
0006002672;CORREZE ENERGIES;2021;Air;Dioxyde de carbone (CO2) d'origine biomasse;17700000;kg/an
0006102824;VICAT;2021;Air;Dioxyde de carbone (CO2) d'origine biomasse;99800000;kg/an
0006002672;CORREZE ENERGIES;2021;Air;Dioxyde de carbone (CO2) d'origine non biomasse;13700000;kg/an
0006102824;VICAT;2021;Air;Monoxyde de carbone (CO);4080000;kg/an
0006002672;CORREZE ENERGIES;2021;Air;Dioxyde de carbone (CO2) total (d'origine biomasse et non biomasse);31400000;kg/an
0006102824;VICAT;2021;Air;Naphthalène;82.3;kg/an
0006102824;VICAT;2021;Air;Oxydes de soufre (SOx/SO2);1470000;kg/an
0006102824;VICAT;2021;Air;Oxydes d'azote (NOx/NO2);1220000;kg/an
0006102824;VICAT;2021;Air;Protoxyde d'azote (N2O);16500;kg/an
0006003018;SUEZ RV ALVEOL;2021;Air;Méthane (CH4);112000;kg/an
0006102824;VICAT;2021;Air;Dioxyde de carbone (CO2) d'origine non biomasse;754000000;kg/an
0006102824;VICAT;2021;Air;Dioxyde de carbone (CO2) total (d'origine biomasse et non biomasse);854000000;kg/an
0006102832;BALTHAZARD ET COTTE;2021;Air;Dioxyde de carbone (CO2) d'origine non biomasse;69300000;kg/an
0006102832;BALTHAZARD ET COTTE;2021;Air;Dioxyde de carbone (CO2) total (d'origine biomasse et non biomasse);69300000;kg/an
0006003394;SEDE ENVIRONNEMENT;2021;Sol;Chrome et composés (exprimés en tant que Cr);109;kg/an
0006102835;ONYX AUVERGNE RHONE ALPES;2021;Air;Méthane (CH4);433000;kg/an
0006003394;SEDE ENVIRONNEMENT;2021;Sol;Cuivre et composés (exprimés en tant que Cu);215;kg/an
0006003394;SEDE ENVIRONNEMENT;2021;Sol;Nickel et composés (exprimés en tant que Ni);64;kg/an
0006102857;FINORGA-AXPLORA;2021;Air;Composés organiques volatils non méthaniques (COVNM);128000;kg/an
0006003394;SEDE ENVIRONNEMENT;2021;Sol;Plomb et composés (exprimés en tant que Pb);122;kg/an
0006003394;SEDE ENVIRONNEMENT;2021;Sol;Zinc et composés (exprimés en tant que Zn);779;kg/an
0006003649;SDCL CRE3 LIMOGES;2021;Air;Dioxyde de carbone (CO2) d'origine biomasse;82700000;kg/an
0006102857;FINORGA-AXPLORA;2021;Air;Dichlorométhane (DCM, chlorure de méthylène);13300;kg/an
0006003649;SDCL CRE3 LIMOGES;2021;Air;Dioxyde de carbone (CO2) total (d'origine biomasse et non biomasse);82700000;kg/an
0006102859;SIRA;2021;Eau (direct);Cadmium et composés (exprimés en tant que Cd);1.53;kg/an
0006102859;SIRA;2021;Eau (direct);Nickel et composés (exprimés en tant que Ni);81.9;kg/an
0006101980;FERROPEM;2021;Air;Dioxyde de carbone (CO2) d'origine biomasse;71200000;kg/an
0006101980;FERROPEM;2021;Air;Oxydes de soufre (SOx/SO2);285000;kg/an
0006102870;WINOA;2021;Air;Dioxyde de carbone (CO2) d'origine non biomasse;20100000;kg/an
0006101980;FERROPEM;2021;Air;Oxydes d'azote (NOx/NO2);210000;kg/an
0006101980;FERROPEM;2021;Air;Dioxyde de carbone (CO2) d'origine non biomasse;163000000;kg/an
0006102870;WINOA;2021;Air;Dioxyde de carbone (CO2) total (d'origine biomasse et non biomasse);20100000;kg/an
0006101980;FERROPEM;2021;Air;Dioxyde de carbone (CO2) total (d'origine biomasse et non biomasse);234000000;kg/an
0006102870;WINOA;2021;Eau (direct);Plomb et composés (exprimés en tant que Pb);31.8;kg/an
0006102870;WINOA;2021;Eau (direct);Zinc et composés (exprimés en tant que Zn);100;kg/an
0006102885;ST MICROELECTRONICS;2021;Air;Composés organiques volatils non méthaniques (COVNM);92000;kg/an
0006102885;ST MICROELECTRONICS;2021;Air;Hexafluorure de soufre (SF6);56.4;kg/an
0006102885;ST MICROELECTRONICS;2021;Air;Hydroflurocarbures (HFC);272;kg/an
0006102885;ST MICROELECTRONICS;2021;Air;Perfluorocarbures (PFC);2360;kg/an
0006102885;ST MICROELECTRONICS;2021;Air;Protoxyde d'azote (N2O);29200;kg/an
0006101989;KEM ONE;2021;Air;Chlorure de vinyle (chloroéthène);6200;kg/an
0006101989;KEM ONE;2021;Air;Dioxyde de carbone (CO2) d'origine non biomasse;24700000;kg/an
0006102885;ST MICROELECTRONICS;2021;Eau (indirect);Azote total;70700;kg/an
0006101989;KEM ONE;2021;Air;Dioxyde de carbone (CO2) total (d'origine biomasse et non biomasse);24700000;kg/an
0006101989;KEM ONE;2021;Eau (direct);Chlorure de vinyle (chloroéthène);30.2;kg/an
0006102885;ST MICROELECTRONICS;2021;Eau (indirect);Cuivre et composés (exprimés en tant que Cu);110;kg/an
0006102885;ST MICROELECTRONICS;2021;Eau (indirect);Fluorures (en tant que F total);28900;kg/an
0006102002;SIVALOR;2021;Air;Dioxyde de carbone (CO2) d'origine biomasse;17900000;kg/an
0006102002;SIVALOR;2021;Air;Dioxyde de carbone (CO2) d'origine non biomasse;14000000;kg/an
0006102885;ST MICROELECTRONICS;2021;Eau (indirect);Phosphore total;5560;kg/an
0006102002;SIVALOR;2021;Air;Dioxyde de carbone (CO2) total (d'origine biomasse et non biomasse);31900000;kg/an
0006102885;ST MICROELECTRONICS;2021;Eau (indirect);Hydroxyde d'ammonium (NH4+);47700;kg/an
0006102081;HEXCEL COMPOSITES SA;2021;Air;Composés organiques volatils non méthaniques (COVNM);42900;kg/an
0006102081;HEXCEL COMPOSITES SA;2021;Air;Dichlorométhane (DCM, chlorure de méthylène);3370;kg/an
0006102083;OTEGO;2021;Air;Composés organiques volatils non méthaniques (COVNM);34000;kg/an
0006102923;COMPAGNIE DE CHAUFFAGE CCIAG;2021;Air;Dioxyde de carbone (CO2) d'origine biomasse;45900000;kg/an
0006102923;COMPAGNIE DE CHAUFFAGE CCIAG;2021;Air;Dioxyde de carbone (CO2) d'origine non biomasse;19500000;kg/an
0006102089;STORENGY France;2021;Air;Composés organiques volatils non méthaniques (COVNM);55400;kg/an
0006102923;COMPAGNIE DE CHAUFFAGE CCIAG;2021;Air;Dioxyde de carbone (CO2) total (d'origine biomasse et non biomasse);65300000;kg/an
0006102089;STORENGY France;2021;Air;Méthane (CH4);391000;kg/an
0006102124;VERALLIA Lagnieu;2021;Air;Mercure et composés (exprimés en tant que Hg);16.7;kg/an
0006102939;AMCOR FLEXIBLES PACKAGING FRANCE;2021;Air;Composés organiques volatils non méthaniques (COVNM);1010000;kg/an
0006102124;VERALLIA Lagnieu;2021;Air;Oxydes de soufre (SOx/SO2);228000;kg/an
0006102124;VERALLIA Lagnieu;2021;Air;Oxydes d'azote (NOx/NO2);242000;kg/an
0006102124;VERALLIA Lagnieu;2021;Air;Dioxyde de carbone (CO2) d'origine non biomasse;82500000;kg/an
0006102955;HYPERION SAS ex SANDVIK;2021;Eau (indirect);Cobalt et composés (exprimés en tant que Co);411;kg/an
0006102124;VERALLIA Lagnieu;2021;Air;Dioxyde de carbone (CO2) total (d'origine biomasse et non biomasse);82500000;kg/an
0006102124;VERALLIA Lagnieu;2021;Air;Sélénium;324;kg/an
0006102957;COMPAGNIE DE CHAUFFAGE CCIAG;2021;Air;Chlore et composés inorganiques (en tant que HCl);11800;kg/an
0006102152;CARRIER SCS;2021;Air;Hydroflurocarbures (HFC);164;kg/an
0006102181;ZANINI FRANCE;2021;Air;Composés organiques volatils non méthaniques (COVNM);30800;kg/an
0006102957;COMPAGNIE DE CHAUFFAGE CCIAG;2021;Air;Dioxyde de carbone (CO2) d'origine biomasse;74500000;kg/an
0006102201;WIENERBERGER SAS;2021;Air;Dioxyde de carbone (CO2) d'origine non biomasse;20600000;kg/an
0006102957;COMPAGNIE DE CHAUFFAGE CCIAG;2021;Air;Dioxyde de carbone (CO2) d'origine non biomasse;33400000;kg/an
0006102201;WIENERBERGER SAS;2021;Air;Dioxyde de carbone (CO2) total (d'origine biomasse et non biomasse);20600000;kg/an
0006102957;COMPAGNIE DE CHAUFFAGE CCIAG;2021;Air;Dioxyde de carbone (CO2) total (d'origine biomasse et non biomasse);108000000;kg/an
0006102962;UMICORE SPECIALTY POWDERS FRANCE;2021;Eau (indirect);Cobalt et composés (exprimés en tant que Co);42.8;kg/an
0006102218;LAMBERET;2021;Air;Composés organiques volatils non méthaniques (COVNM);189000;kg/an
0006102965;CEA GRENOBLE;2021;Air;Hexafluorure de soufre (SF6);29.9;kg/an
0006102965;CEA GRENOBLE;2021;Air;Hydrochlorofluorocarbures (HCFC);3.3;kg/an
0006102245;TORAY FILMS EUROPE SAS;2021;Air;Dioxyde de carbone (CO2) d'origine non biomasse;25200000;kg/an
0006102965;CEA GRENOBLE;2021;Air;Hydroflurocarbures (HFC);161;kg/an
0006102245;TORAY FILMS EUROPE SAS;2021;Air;Dioxyde de carbone (CO2) total (d'origine biomasse et non biomasse);25200000;kg/an
0006102965;CEA GRENOBLE;2021;Air;Perfluorocarbures (PFC);225;kg/an
0006102993;ARKEMA;2021;Air;Composés organiques volatils non méthaniques (COVNM);128000;kg/an
0006102261;GXO LOGISTICS France;2021;Air;Hydroflurocarbures (HFC);170;kg/an
0006102993;ARKEMA;2021;Air;Hydroflurocarbures (HFC);839;kg/an
0006102993;ARKEMA;2021;Air;Dioxyde de carbone (CO2) d'origine non biomasse;13500000;kg/an
0006102267;SIEGFRIED St Vulbas SAS;2021;Air;Chloroforme (trichlorométhane);2600;kg/an
0006102993;ARKEMA;2021;Air;Dioxyde de carbone (CO2) total (d'origine biomasse et non biomasse);13500000;kg/an
0006102267;SIEGFRIED St Vulbas SAS;2021;Air;Composés organiques volatils non méthaniques (COVNM);208000;kg/an
0006102267;SIEGFRIED St Vulbas SAS;2021;Air;Dichlorométhane (DCM, chlorure de méthylène);6760;kg/an
0006102993;ARKEMA;2021;Eau (direct);Azote total;52800;kg/an
0006102267;SIEGFRIED St Vulbas SAS;2021;Eau (indirect);Chloroforme (trichlorométhane);17.6;kg/an
0006102267;SIEGFRIED St Vulbas SAS;2021;Eau (indirect);Demande biologique en oxygène (DBO5);43200;kg/an
0006102267;SIEGFRIED St Vulbas SAS;2021;Eau (indirect);Dichlorométhane (DCM, chlorure de méthylène);41.1;kg/an
0006102993;ARKEMA;2021;Eau (direct);Chlorures (en tant que Cl total);11200000;kg/an
0006102993;ARKEMA;2021;Eau (direct);Demande biologique en oxygène (DBO5);47300;kg/an
0006102272;TREDI;2021;Air;Chloroforme (trichlorométhane);1300;kg/an
0006102993;ARKEMA;2021;Eau (direct);Demande chimique en oxygène (DCO);151000;kg/an
0006102272;TREDI;2021;Air;Tétrachloroéthylène (PER, tétrachloroéthylène);2820;kg/an
0006102993;ARKEMA;2021;Eau (direct);Fer et composés (exprimés en tant que Fe);3500;kg/an
0006102272;TREDI;2021;Air;Dioxyde de carbone (CO2) d'origine non biomasse;36900000;kg/an
0006102993;ARKEMA;2021;Eau (direct);Manganèse et composés (exprimés en tant que Mn);1970;kg/an
0006102272;TREDI;2021;Air;Dioxyde de carbone (CO2) total (d'origine biomasse et non biomasse);36900000;kg/an
0006102993;ARKEMA;2021;Eau (direct);Mercure et composés (exprimés en tant que Hg);9;kg/an
0006102272;TREDI;2021;Eau (direct);Cadmium et composés (exprimés en tant que Cd);2.9;kg/an
0006102993;ARKEMA;2021;Eau (direct);Tétrachlorométhane (TCM, tétrachlorure de carbone);2;kg/an
0006102272;TREDI;2021;Eau (direct);Fluorures (en tant que F total);5750;kg/an
0006102993;ARKEMA;2021;Eau (direct);Zinc et composés (exprimés en tant que Zn);784;kg/an
0006102995;FRAMATOME;2021;Eau (direct);Nickel et composés (exprimés en tant que Ni);31.4;kg/an
0006102302;PANELCO;2021;Air;Composés organiques volatils non méthaniques (COVNM);40400;kg/an
0006102302;PANELCO;2021;Air;Hydroflurocarbures (HFC);15000;kg/an
0006102997;FERROPEM;2021;Air;Dioxyde de carbone (CO2) d'origine biomasse;56300000;kg/an
0006102314;TANNERIE D'ANNONAY S.A.;2021;Eau (indirect);Demande biologique en oxygène (DBO5);49200;kg/an
0006102997;FERROPEM;2021;Air;Dioxyde de carbone (CO2) d'origine non biomasse;124000000;kg/an
0006102348;CALCIA  SA;2021;Air;Dioxyde de carbone (CO2) d'origine non biomasse;21600000;kg/an
0006102348;CALCIA  SA;2021;Air;Dioxyde de carbone (CO2) total (d'origine biomasse et non biomasse);21600000;kg/an
0006102997;FERROPEM;2021;Air;Dioxyde de carbone (CO2) total (d'origine biomasse et non biomasse);181000000;kg/an
0006102350;LAFARGE CIMENTS;2021;Air;Dioxyde de carbone (CO2) d'origine non biomasse;52300000;kg/an
0006102350;LAFARGE CIMENTS;2021;Air;Dioxyde de carbone (CO2) total (d'origine biomasse et non biomasse);52300000;kg/an
0006102364;OI FRANCE SAS;2021;Air;Oxydes d'azote (NOx/NO2);132000;kg/an
0006102364;OI FRANCE SAS;2021;Air;Dioxyde de carbone (CO2) d'origine non biomasse;34400000;kg/an
0006103048;RHODIA OPERATIONS;2021;Air;Dioxyde de carbone (CO2) d'origine non biomasse;114000000;kg/an
0006102364;OI FRANCE SAS;2021;Air;Dioxyde de carbone (CO2) total (d'origine biomasse et non biomasse);34400000;kg/an
0006102409;CHEMVIRON FRANCE SAS;2021;Air;Oxydes de soufre (SOx/SO2);631000;kg/an
0006102409;CHEMVIRON FRANCE SAS;2021;Air;Dioxyde de carbone (CO2) d'origine non biomasse;14700000;kg/an
0006103048;RHODIA OPERATIONS;2021;Air;Dioxyde de carbone (CO2) total (d'origine biomasse et non biomasse);114000000;kg/an
0006102409;CHEMVIRON FRANCE SAS;2021;Air;Dioxyde de carbone (CO2) total (d'origine biomasse et non biomasse);14700000;kg/an
0006103062;AHLSTROM-MUNKSJO LA GERE;2021;Air;Dioxyde de carbone (CO2) d'origine non biomasse;46000000;kg/an
0006102410;STS COMPOSITES FRANCE;2021;Air;Composés organiques volatils non méthaniques (COVNM);40500;kg/an
0006103062;AHLSTROM-MUNKSJO LA GERE;2021;Air;Dioxyde de carbone (CO2) total (d'origine biomasse et non biomasse);46000000;kg/an
0006102435;LAFARGE CIMENTS;2021;Air;Dioxyde de carbone (CO2) d'origine biomasse;48500000;kg/an
0006102435;LAFARGE CIMENTS;2021;Air;Mercure et composés (exprimés en tant que Hg);10.4;kg/an
0006103062;AHLSTROM-MUNKSJO LA GERE;2021;Eau (direct);Demande chimique en oxygène (DCO);152000;kg/an
0006102435;LAFARGE CIMENTS;2021;Air;Monoxyde de carbone (CO);1460000;kg/an
0006102435;LAFARGE CIMENTS;2021;Air;Naphthalène;59.7;kg/an
0006103087;KNAUF SUD-EST;2021;Air;Composés organiques volatils non méthaniques (COVNM);122000;kg/an
0006102435;LAFARGE CIMENTS;2021;Air;Oxydes d'azote (NOx/NO2);1120000;kg/an
0006102435;LAFARGE CIMENTS;2021;Air;Dioxyde de carbone (CO2) d'origine non biomasse;619000000;kg/an
0006103096;DICKSON COATINGS;2021;Air;Composés organiques volatils non méthaniques (COVNM);60600;kg/an
0006102435;LAFARGE CIMENTS;2021;Air;Dioxyde de carbone (CO2) total (d'origine biomasse et non biomasse);668000000;kg/an
0006103108;VICAT;2021;Air;Ammoniac (NH3);15300;kg/an
0006103108;VICAT;2021;Air;Benzène;1270;kg/an
0006102440;MIXT COMPOSITES RECYCLABLES;2021;Air;Composés organiques volatils non méthaniques (COVNM);37700;kg/an
0006103108;VICAT;2021;Air;Dioxyde de carbone (CO2) d'origine biomasse;20900000;kg/an
0006103108;VICAT;2021;Air;Oxydes d'azote (NOx/NO2);369000;kg/an
0006103108;VICAT;2021;Air;Dioxyde de carbone (CO2) d'origine non biomasse;200000000;kg/an
0006102443;FABRICATION CHIMIQUE ARDECHOISE;2021;Air;Composés organiques volatils non méthaniques (COVNM);49200;kg/an
0006103108;VICAT;2021;Air;Dioxyde de carbone (CO2) total (d'origine biomasse et non biomasse);221000000;kg/an
0006102443;FABRICATION CHIMIQUE ARDECHOISE;2021;Air;Hydroflurocarbures (HFC);277;kg/an
0006103134;VICAT SA;2021;Air;Dioxyde de carbone (CO2) d'origine non biomasse;24800000;kg/an
0006102447;UNION DES DISTILLERIES DE LA MEDITERRANEE;2021;Air;Composés organiques volatils non méthaniques (COVNM);72700;kg/an
0006103134;VICAT SA;2021;Air;Dioxyde de carbone (CO2) total (d'origine biomasse et non biomasse);24800000;kg/an
0006102447;UNION DES DISTILLERIES DE LA MEDITERRANEE;2021;Air;Dioxyde de carbone (CO2) d'origine biomasse;14300000;kg/an
0006102447;UNION DES DISTILLERIES DE LA MEDITERRANEE;2021;Air;Dioxyde de carbone (CO2) total (d'origine biomasse et non biomasse);16100000;kg/an
0006103189;EUROFLOAT;2021;Air;Oxydes de soufre (SOx/SO2);238000;kg/an
0006103189;EUROFLOAT;2021;Air;Oxydes d'azote (NOx/NO2);200000;kg/an
0006103189;EUROFLOAT;2021;Air;Dioxyde de carbone (CO2) d'origine non biomasse;98800000;kg/an
0006102463;JINWANG EUROPE (ex OCM);2021;Eau (direct);Azote total;114000;kg/an
0006103189;EUROFLOAT;2021;Air;Dioxyde de carbone (CO2) total (d'origine biomasse et non biomasse);98800000;kg/an
0006102463;JINWANG EUROPE (ex OCM);2021;Eau (direct);Nickel et composés (exprimés en tant que Ni);72.9;kg/an
0006103190;PEC TREDI;2021;Air;Dioxyde de carbone (CO2) d'origine biomasse;35600000;kg/an
0006102464;EURECAT FRANCE;2021;Air;Cobalt et composés (exprimés en tant que Co);165;kg/an
0006103190;PEC TREDI;2021;Air;Oxydes d'azote (NOx/NO2);210000;kg/an
0006102464;EURECAT FRANCE;2021;Eau (direct);Nickel et composés (exprimés en tant que Ni);112;kg/an
0006103190;PEC TREDI;2021;Air;Protoxyde d'azote (N2O);11300;kg/an
0006102495;GRTGAZ;2021;Air;Méthane (CH4);133000;kg/an
0006103190;PEC TREDI;2021;Air;Dioxyde de carbone (CO2) d'origine non biomasse;185000000;kg/an
0006103190;PEC TREDI;2021;Air;Dioxyde de carbone (CO2) total (d'origine biomasse et non biomasse);220000000;kg/an
0006103190;PEC TREDI;2021;Eau (direct);Chlorures (en tant que Cl total);4000000;kg/an
0006102509;MARKEM-IMAJE INDUSTRIES;2021;Air;Composés organiques volatils non méthaniques (COVNM);34500;kg/an
0006103190;PEC TREDI;2021;Eau (direct);Fluorures (en tant que F total);7090;kg/an
0006102585;SAICA PAPER EL (EX EMIN LEYDIER );2021;Air;Dioxyde de carbone (CO2) d'origine biomasse;13600000;kg/an
0006102585;SAICA PAPER EL (EX EMIN LEYDIER );2021;Air;Dioxyde de carbone (CO2) d'origine non biomasse;174000000;kg/an
0006103339;CASTMETAL FEURS;2021;Air;Composés organiques volatils non méthaniques (COVNM);51000;kg/an
0006103196;SUEZ RV CENTRE EST;2021;Air;Dioxyde de carbone (CO2) d'origine biomasse;38100000;kg/an
0006103196;SUEZ RV CENTRE EST;2021;Air;Méthane (CH4);1080000;kg/an
0006103344;SDCF;2021;Air;Dioxyde de carbone (CO2) d'origine non biomasse;13200000;kg/an
0006103196;SUEZ RV CENTRE EST;2021;Air;Dioxyde de carbone (CO2) total (d'origine biomasse et non biomasse);38100000;kg/an
0006103344;SDCF;2021;Air;Dioxyde de carbone (CO2) total (d'origine biomasse et non biomasse);21700000;kg/an
0006103213;SERGE FERRARI SAS;2021;Air;Composés organiques volatils non méthaniques (COVNM);83000;kg/an
0006103219;ECL;2021;Air;Dioxyde de carbone (CO2) d'origine non biomasse;41300000;kg/an
0006103219;ECL;2021;Air;Dioxyde de carbone (CO2) total (d'origine biomasse et non biomasse);41300000;kg/an
0006103223;GRENOBLE-ALPES METROPOLE;2021;Air;Dioxyde de carbone (CO2) d'origine biomasse;73100000;kg/an
0006103381;INDUSTEEL FRANCE;2021;Air;Cadmium et composés (exprimés en tant que Cd);11.6;kg/an
0006103223;GRENOBLE-ALPES METROPOLE;2021;Air;Manganèse et composés (exprimés en tant que Mn);208;kg/an
0006103223;GRENOBLE-ALPES METROPOLE;2021;Air;Oxydes d'azote (NOx/NO2);111000;kg/an
0006103223;GRENOBLE-ALPES METROPOLE;2021;Air;Dioxyde de carbone (CO2) d'origine non biomasse;57500000;kg/an
0006103223;GRENOBLE-ALPES METROPOLE;2021;Air;Dioxyde de carbone (CO2) total (d'origine biomasse et non biomasse);131000000;kg/an
0006103240;HIRSCH France ex PLACOPLATRE;2021;Air;Composés organiques volatils non méthaniques (COVNM);154000;kg/an
0006103381;INDUSTEEL FRANCE;2021;Air;Cuivre et composés (exprimés en tant que Cu);102;kg/an
0006103381;INDUSTEEL FRANCE;2021;Air;Nickel et composés (exprimés en tant que Ni);61.2;kg/an
0006103381;INDUSTEEL FRANCE;2021;Air;Zinc et composés (exprimés en tant que Zn);361;kg/an
0006103265;VICAT - PAPETERIES DE VIZILLE;2021;Air;Dioxyde de carbone (CO2) d'origine biomasse;17600000;kg/an
0006103381;INDUSTEEL FRANCE;2021;Air;Dioxyde de carbone (CO2) d'origine non biomasse;34600000;kg/an
0006103381;INDUSTEEL FRANCE;2021;Air;Dioxyde de carbone (CO2) total (d'origine biomasse et non biomasse);34600000;kg/an
0006103265;VICAT - PAPETERIES DE VIZILLE;2021;Air;Dioxyde de carbone (CO2) total (d'origine biomasse et non biomasse);19000000;kg/an
0006103394;SOFIDEL FRANCE;2021;Air;Dioxyde de carbone (CO2) d'origine non biomasse;11000000;kg/an
0006103394;SOFIDEL FRANCE;2021;Air;Dioxyde de carbone (CO2) total (d'origine biomasse et non biomasse);11000000;kg/an
0006103282;STEPAN EUROPE SA;2021;Air;Composés organiques volatils non méthaniques (COVNM);56500;kg/an
0006103291;SNF SAS ANDREZIEUX;2021;Air;Composés organiques volatils non méthaniques (COVNM);84100;kg/an
0006103396;M.F.DES PNEUMATIQUES MICHELIN;2021;Air;Composés organiques volatils non méthaniques (COVNM);66700;kg/an
0006103291;SNF SAS ANDREZIEUX;2021;Air;Hydroflurocarbures (HFC);3350;kg/an
0006103435;PREBET ET FILS;2021;Eau (indirect);Chrome et composés (exprimés en tant que Cr);84;kg/an
0006103435;PREBET ET FILS;2021;Eau (indirect);Zinc et composés (exprimés en tant que Zn);243;kg/an
0006103291;SNF SAS ANDREZIEUX;2021;Air;Dioxyde de carbone (CO2) d'origine non biomasse;51700000;kg/an
0006103493;VERALLIA FRANCE (ST GOBAIN EMBALLAGE);2021;Air;Oxydes d'azote (NOx/NO2);147000;kg/an
0006103291;SNF SAS ANDREZIEUX;2021;Air;Dioxyde de carbone (CO2) total (d'origine biomasse et non biomasse);51700000;kg/an
0006103493;VERALLIA FRANCE (ST GOBAIN EMBALLAGE);2021;Air;Dioxyde de carbone (CO2) d'origine non biomasse;50800000;kg/an
0006103493;VERALLIA FRANCE (ST GOBAIN EMBALLAGE);2021;Air;Dioxyde de carbone (CO2) total (d'origine biomasse et non biomasse);50800000;kg/an
0006103973;TOTAL RAFFINAGE France;2021;Eau (direct);Aluminium et composés (exprimés en tant que Al);2350;kg/an
0006103499;BECKER INDUSTRIE;2021;Air;Composés organiques volatils non méthaniques (COVNM);84600;kg/an
0006103973;TOTAL RAFFINAGE France;2021;Eau (direct);Phénols (en tant que C total);136;kg/an
0006103523;OI FRANCE SAS;2021;Air;Oxydes de soufre (SOx/SO2);167000;kg/an
0006103523;OI FRANCE SAS;2021;Air;Oxydes d'azote (NOx/NO2);115000;kg/an
0006103974;RHONE GAZ;2021;Air;Composés organiques volatils non méthaniques (COVNM);35000;kg/an
0006103523;OI FRANCE SAS;2021;Air;Dioxyde de carbone (CO2) d'origine non biomasse;72000000;kg/an
0006103523;OI FRANCE SAS;2021;Air;Dioxyde de carbone (CO2) total (d'origine biomasse et non biomasse);72000000;kg/an
0006103523;OI FRANCE SAS;2021;Air;Sélénium;40.4;kg/an
0006103988;TDS 73;2021;Eau (indirect);Nickel et composés (exprimés en tant que Ni);29.2;kg/an
0006103556;AVERY-DENISSON MATERIALS FRANCE;2021;Air;Composés organiques volatils non méthaniques (COVNM);64000;kg/an
0006104017;GAMBRO INDUSTRIE;2021;Air;Composés organiques volatils non méthaniques (COVNM);98300;kg/an
0006104017;GAMBRO INDUSTRIE;2021;Eau (indirect);Demande biologique en oxygène (DBO5);55200;kg/an
0006103570;ELM OPERATIONS;2021;Air;Méthane (CH4);101000;kg/an
0006103570;ELM OPERATIONS;2021;Air;Dioxyde de carbone (CO2) d'origine non biomasse;10400000;kg/an
0006104017;GAMBRO INDUSTRIE;2021;Eau (indirect);Demande chimique en oxygène (DCO);179000;kg/an
0006103570;ELM OPERATIONS;2021;Air;Dioxyde de carbone (CO2) total (d'origine biomasse et non biomasse);10400000;kg/an
0006104050;NEOVALY;2021;Air;Cobalt et composés (exprimés en tant que Co);6.27;kg/an
0006103586;LAFARGE CIMENTS;2021;Air;Ammoniac (NH3);10300;kg/an
0006103586;LAFARGE CIMENTS;2021;Air;Benzène;1380;kg/an
0006103586;LAFARGE CIMENTS;2021;Air;Cobalt et composés (exprimés en tant que Co);14.5;kg/an
0006103586;LAFARGE CIMENTS;2021;Air;Dioxyde de carbone (CO2) d'origine biomasse;15400000;kg/an
0006104050;NEOVALY;2021;Air;Dioxyde de carbone (CO2) d'origine biomasse;73800000;kg/an
0006103586;LAFARGE CIMENTS;2021;Air;Naphthalène;51.7;kg/an
0006103586;LAFARGE CIMENTS;2021;Air;Oxydes d'azote (NOx/NO2);480000;kg/an
0006103586;LAFARGE CIMENTS;2021;Air;Dioxyde de carbone (CO2) d'origine non biomasse;255000000;kg/an
0006103586;LAFARGE CIMENTS;2021;Air;Dioxyde de carbone (CO2) total (d'origine biomasse et non biomasse);270000000;kg/an
0006104050;NEOVALY;2021;Air;Dioxyde de carbone (CO2) d'origine non biomasse;58500000;kg/an
0006104050;NEOVALY;2021;Air;Dioxyde de carbone (CO2) total (d'origine biomasse et non biomasse);132000000;kg/an
0006103596;RHODIA OPERATIONS;2021;Air;Dioxyde de carbone (CO2) d'origine non biomasse;98100000;kg/an
0006103596;RHODIA OPERATIONS;2021;Air;Dioxyde de carbone (CO2) total (d'origine biomasse et non biomasse);98100000;kg/an
0006103596;RHODIA OPERATIONS;2021;Eau (direct);Sulfates;51000000;kg/an
0006103643;BioMerieux SA;2021;Air;Hydroflurocarbures (HFC);111;kg/an
0006104102;SOCIETE DU DEPOT DE SAINT-PRIEST;2021;Air;Composés organiques volatils non méthaniques (COVNM);36900;kg/an
0006103644;SANOFI PASTEUR MARCY;2021;Air;Hydroflurocarbures (HFC);1290;kg/an
0006103644;SANOFI PASTEUR MARCY;2021;Air;Dioxyde de carbone (CO2) d'origine non biomasse;23500000;kg/an
0006103644;SANOFI PASTEUR MARCY;2021;Air;Dioxyde de carbone (CO2) total (d'origine biomasse et non biomasse);23500000;kg/an
0006104103;CREALIS;2021;Air;Hexafluorure de soufre (SF6);7080;kg/an
0006103644;SANOFI PASTEUR MARCY;2021;Eau (indirect);Phosphore total;6240;kg/an
0006104103;CREALIS;2021;Air;Hydrochlorofluorocarbures (HCFC);92.3;kg/an
0006103685;ARKEMA FRANCE;2021;Air;1,1,1-trichloroéthane (TCE);2540;kg/an
0006103685;ARKEMA FRANCE;2021;Air;Chlorofluorocarbures (CFC);68.8;kg/an
0006104103;CREALIS;2021;Air;Hydroflurocarbures (HFC);17800;kg/an
0006103685;ARKEMA FRANCE;2021;Air;Hydrochlorofluorocarbures (HCFC);21000;kg/an
0006103685;ARKEMA FRANCE;2021;Air;Hydroflurocarbures (HFC);11500;kg/an
0006103685;ARKEMA FRANCE;2021;Air;Dioxyde de carbone (CO2) d'origine non biomasse;21300000;kg/an
0006103685;ARKEMA FRANCE;2021;Air;Dioxyde de carbone (CO2) total (d'origine biomasse et non biomasse);21300000;kg/an
0006103685;ARKEMA FRANCE;2021;Air;Halons;520;kg/an
0006104103;CREALIS;2021;Air;Halons;17.8;kg/an
0006103685;ARKEMA FRANCE;2021;Eau (direct);Chlorures (en tant que Cl total);7990000;kg/an
0006103685;ARKEMA FRANCE;2021;Eau (direct);Fluorures (en tant que F total);3500;kg/an
0006104158;HCL - GROUPEMENT HOSPITALIER EST;2021;Air;Hydroflurocarbures (HFC);200;kg/an
0006103685;ARKEMA FRANCE;2021;Eau (direct);Nickel et composés (exprimés en tant que Ni);31.4;kg/an
0006104159;ELM;2021;Air;Dioxyde de carbone (CO2) d'origine non biomasse;22400000;kg/an
0006104159;ELM;2021;Air;Dioxyde de carbone (CO2) total (d'origine biomasse et non biomasse);22400000;kg/an
0006103699;EDILIANS ex IMERYS TC;2021;Air;Dioxyde de carbone (CO2) d'origine non biomasse;12800000;kg/an
0006104223;COURLY  GRAND LYON USINE LYON SUD;2021;Air;Antimoine et composés (exprimés en tant que Sb);12.8;kg/an
0006103699;EDILIANS ex IMERYS TC;2021;Air;Dioxyde de carbone (CO2) total (d'origine biomasse et non biomasse);12800000;kg/an
0006104223;COURLY  GRAND LYON USINE LYON SUD;2021;Air;Dioxyde de carbone (CO2) d'origine biomasse;126000000;kg/an
0006104223;COURLY  GRAND LYON USINE LYON SUD;2021;Air;Zinc et composés (exprimés en tant que Zn);269;kg/an
0006103703;FRESENIUS MEDICAL CARE SMAD;2021;Air;Dichlorométhane (DCM, chlorure de méthylène);1240;kg/an
0006103703;FRESENIUS MEDICAL CARE SMAD;2021;Air;Dioxyde de carbone (CO2) d'origine non biomasse;14900000;kg/an
0006104223;COURLY  GRAND LYON USINE LYON SUD;2021;Air;Dioxyde de carbone (CO2) d'origine non biomasse;99100000;kg/an
0006103703;FRESENIUS MEDICAL CARE SMAD;2021;Air;Dioxyde de carbone (CO2) total (d'origine biomasse et non biomasse);14900000;kg/an
0006104223;COURLY  GRAND LYON USINE LYON SUD;2021;Air;Dioxyde de carbone (CO2) total (d'origine biomasse et non biomasse);225000000;kg/an
0006104259;Givaudan Lavirotte (Groupe ISALTIS);2021;Air;Composés organiques volatils non méthaniques (COVNM);205000;kg/an
0006104259;Givaudan Lavirotte (Groupe ISALTIS);2021;Eau (indirect);Demande biologique en oxygène (DBO5);57900;kg/an
0006104259;Givaudan Lavirotte (Groupe ISALTIS);2021;Eau (indirect);Phosphore total;8950;kg/an
0006103718;STEP St-Fons Grand Lyon;2021;Air;Dioxyde de carbone (CO2) d'origine biomasse;12200000;kg/an
0006103718;STEP St-Fons Grand Lyon;2021;Air;Protoxyde d'azote (N2O);47800;kg/an
0006104280;ELYDE;2021;Air;Dioxyde de carbone (CO2) d'origine biomasse;11600000;kg/an
0006103718;STEP St-Fons Grand Lyon;2021;Air;Dioxyde de carbone (CO2) total (d'origine biomasse et non biomasse);13400000;kg/an
0006104280;ELYDE;2021;Air;Dioxyde de carbone (CO2) total (d'origine biomasse et non biomasse);17000000;kg/an
0006104306;GRID SOLUTIONS;2021;Air;Hexafluorure de soufre (SF6);950;kg/an
0006103723;GEPEIF STATION EPUR. DES INDUS;2021;Eau (direct);Aluminium et composés (exprimés en tant que Al);4700;kg/an
0006103723;GEPEIF STATION EPUR. DES INDUS;2021;Eau (direct);Carbone organique total (en tant que C total ou DCO/3);147000;kg/an
0006103723;GEPEIF STATION EPUR. DES INDUS;2021;Eau (direct);Chlorures (en tant que Cl total);4380000;kg/an
0006103723;GEPEIF STATION EPUR. DES INDUS;2021;Eau (direct);Cobalt et composés (exprimés en tant que Co);213;kg/an
0006103723;GEPEIF STATION EPUR. DES INDUS;2021;Eau (direct);Demande chimique en oxygène (DCO);441000;kg/an
0006104340;ARC FUSED ALUMINA;2021;Eau (direct);Fluorures (en tant que F total);2780;kg/an
0006103723;GEPEIF STATION EPUR. DES INDUS;2021;Eau (direct);Phosphore total;12900;kg/an
0006103723;GEPEIF STATION EPUR. DES INDUS;2021;Eau (direct);Sulfates;9750000;kg/an
0006104340;ARC FUSED ALUMINA;2021;Eau (direct);Nickel et composés (exprimés en tant que Ni);40.7;kg/an
0006104358;SAVOIE DECHETS;2021;Air;Dioxyde de carbone (CO2) d'origine biomasse;63400000;kg/an
0006104358;SAVOIE DECHETS;2021;Air;Dioxyde de carbone (CO2) d'origine non biomasse;47800000;kg/an
0006103724;KEM ONE;2021;Air;Chlorure de vinyle (chloroéthène);16700;kg/an
0006103724;KEM ONE;2021;Eau (direct);Chlorure de vinyle (chloroéthène);168;kg/an
0006104358;SAVOIE DECHETS;2021;Air;Dioxyde de carbone (CO2) total (d'origine biomasse et non biomasse);111000000;kg/an
0006103725;Polytechnyl;2021;Air;Nickel et composés (exprimés en tant que Ni);60.9;kg/an
0006103725;Polytechnyl;2021;Air;Dioxyde de carbone (CO2) d'origine non biomasse;77700000;kg/an
0006104367;PLACOPLATRE;2021;Air;Dioxyde de carbone (CO2) d'origine non biomasse;36700000;kg/an
0006103725;Polytechnyl;2021;Air;Dioxyde de carbone (CO2) total (d'origine biomasse et non biomasse);77700000;kg/an
0006103725;Polytechnyl;2021;Eau (direct);Arsenic et composés (exprimés en tant que As);9;kg/an
0006104367;PLACOPLATRE;2021;Air;Dioxyde de carbone (CO2) total (d'origine biomasse et non biomasse);36700000;kg/an
0006103725;Polytechnyl;2021;Eau (direct);Azote total;54800;kg/an
0006103725;Polytechnyl;2021;Eau (direct);Nickel et composés (exprimés en tant que Ni);31;kg/an
0006104372;SCDC (CENTRALE CROIX ROUGE);2021;Air;Dioxyde de carbone (CO2) d'origine biomasse;12100000;kg/an
0006103727;ELKEM SILICONES FRANCE SAS;2021;Air;Dioxyde de carbone (CO2) d'origine non biomasse;16400000;kg/an
0006104372;SCDC (CENTRALE CROIX ROUGE);2021;Air;Dioxyde de carbone (CO2) total (d'origine biomasse et non biomasse);16800000;kg/an
0006103727;ELKEM SILICONES FRANCE SAS;2021;Air;Dioxyde de carbone (CO2) total (d'origine biomasse et non biomasse);16400000;kg/an
0006103727;ELKEM SILICONES FRANCE SAS;2021;Eau (direct);Arsenic et composés (exprimés en tant que As);8.98;kg/an
0006104373;SCDC (CENTRALE DE BISSY);2021;Air;Dioxyde de carbone (CO2) d'origine biomasse;27100000;kg/an
0006104373;SCDC (CENTRALE DE BISSY);2021;Air;Dioxyde de carbone (CO2) d'origine non biomasse;17100000;kg/an
0006104373;SCDC (CENTRALE DE BISSY);2021;Air;Dioxyde de carbone (CO2) total (d'origine biomasse et non biomasse);44200000;kg/an
0006103731;RHODIA OPERATIONS;2021;Air;Composés organiques volatils non méthaniques (COVNM);339000;kg/an
0006103731;RHODIA OPERATIONS;2021;Air;Dioxyde de carbone (CO2) d'origine biomasse;12500000;kg/an
0006104374;MITHIEUX ET FILS;2021;Eau (indirect);Nickel et composés (exprimés en tant que Ni);87.4;kg/an
0006103731;RHODIA OPERATIONS;2021;Air;Oxydes d'azote (NOx/NO2);105000;kg/an
0006103731;RHODIA OPERATIONS;2021;Air;Phénols (en tant que C total);1330;kg/an
0006104379;ARKEMA USINE DE LA CHAMBRE;2021;Air;Ammoniac (NH3);11400;kg/an
0006103731;RHODIA OPERATIONS;2021;Air;Dioxyde de carbone (CO2) d'origine non biomasse;76900000;kg/an
0006103731;RHODIA OPERATIONS;2021;Air;Dioxyde de carbone (CO2) total (d'origine biomasse et non biomasse);89300000;kg/an
0006104379;ARKEMA USINE DE LA CHAMBRE;2021;Air;Composés organiques volatils non méthaniques (COVNM);90400;kg/an
0006103731;RHODIA OPERATIONS;2021;Eau (direct);Arsenic et composés (exprimés en tant que As);46.9;kg/an
0006103731;RHODIA OPERATIONS;2021;Eau (direct);Manganèse et composés (exprimés en tant que Mn);2500;kg/an
0006104379;ARKEMA USINE DE LA CHAMBRE;2021;Air;Zinc et composés (exprimés en tant que Zn);248;kg/an
0006103731;RHODIA OPERATIONS;2021;Eau (direct);Phénols (en tant que C total);515;kg/an
0006103731;RHODIA OPERATIONS;2021;Eau (direct);Zinc et composés (exprimés en tant que Zn);121;kg/an
0006104379;ARKEMA USINE DE LA CHAMBRE;2021;Air;Dioxyde de carbone (CO2) d'origine non biomasse;45400000;kg/an
0006103731;RHODIA OPERATIONS;2021;Eau (indirect);Carbone organique total (en tant que C total ou DCO/3);1430000;kg/an
0006103731;RHODIA OPERATIONS;2021;Eau (indirect);Chlorures (en tant que Cl total);4380000;kg/an
0006103731;RHODIA OPERATIONS;2021;Eau (indirect);Demande chimique en oxygène (DCO);4150000;kg/an
0006104379;ARKEMA USINE DE LA CHAMBRE;2021;Air;Dioxyde de carbone (CO2) total (d'origine biomasse et non biomasse);45400000;kg/an
0006103731;RHODIA OPERATIONS;2021;Eau (indirect);Phénols (en tant que C total);63300;kg/an
0006103731;RHODIA OPERATIONS;2021;Eau (indirect);Sulfates;9740000;kg/an
0006104379;ARKEMA USINE DE LA CHAMBRE;2021;Eau (direct);Demande biologique en oxygène (DBO5);51800;kg/an
0006104379;ARKEMA USINE DE LA CHAMBRE;2021;Eau (direct);Dichlorométhane (DCM, chlorure de méthylène);26;kg/an
0006103735;IMERYS TC;2021;Air;Dioxyde de carbone (CO2) d'origine non biomasse;33600000;kg/an
0006104379;ARKEMA USINE DE LA CHAMBRE;2021;Eau (direct);Nickel et composés (exprimés en tant que Ni);24;kg/an
0006103735;IMERYS TC;2021;Air;Dioxyde de carbone (CO2) total (d'origine biomasse et non biomasse);33600000;kg/an
0006104426;FERROPEM GROUPE FERROATLANTICA;2021;Air;Dioxyde de carbone (CO2) d'origine biomasse;69800000;kg/an
0006104426;FERROPEM GROUPE FERROATLANTICA;2021;Air;Dioxyde de carbone (CO2) d'origine non biomasse;120000000;kg/an
0006104426;FERROPEM GROUPE FERROATLANTICA;2021;Air;Dioxyde de carbone (CO2) total (d'origine biomasse et non biomasse);190000000;kg/an
0006103754;ADG;2021;Air;Composés organiques volatils non méthaniques (COVNM);228000;kg/an
0006103809;EUROCAST LYON;2021;Eau (indirect);Demande biologique en oxygène (DBO5);49600;kg/an
0006103809;EUROCAST LYON;2021;Eau (indirect);Demande chimique en oxygène (DCO);186000;kg/an
0006104438;FERROPEM;2021;Air;Dioxyde de carbone (CO2) d'origine non biomasse;15100000;kg/an
0006103810;Vaulx en Velin Villeurbanne Energies;2021;Air;Dioxyde de carbone (CO2) d'origine biomasse;26300000;kg/an
0006104438;FERROPEM;2021;Air;Dioxyde de carbone (CO2) total (d'origine biomasse et non biomasse);15100000;kg/an
0006103810;Vaulx en Velin Villeurbanne Energies;2021;Air;Dioxyde de carbone (CO2) d'origine non biomasse;14800000;kg/an
0006103810;Vaulx en Velin Villeurbanne Energies;2021;Air;Dioxyde de carbone (CO2) total (d'origine biomasse et non biomasse);41200000;kg/an
0006104447;RDM LA ROCHETTE  SAS;2021;Air;Dioxyde de carbone (CO2) d'origine biomasse;119000000;kg/an
0006104447;RDM LA ROCHETTE  SAS;2021;Air;Oxydes d'azote (NOx/NO2);107000;kg/an
0006103843;VENISSIEUX ENERGIES;2021;Air;Dioxyde de carbone (CO2) d'origine biomasse;25100000;kg/an
0006103843;VENISSIEUX ENERGIES;2021;Air;Dioxyde de carbone (CO2) d'origine non biomasse;25500000;kg/an
0006104447;RDM LA ROCHETTE  SAS;2021;Air;Dioxyde de carbone (CO2) d'origine non biomasse;11100000;kg/an
0006103843;VENISSIEUX ENERGIES;2021;Air;Dioxyde de carbone (CO2) total (d'origine biomasse et non biomasse);50600000;kg/an
0006104447;RDM LA ROCHETTE  SAS;2021;Air;Dioxyde de carbone (CO2) total (d'origine biomasse et non biomasse);130000000;kg/an
0006104447;RDM LA ROCHETTE  SAS;2021;Eau (direct);Demande biologique en oxygène (DBO5);212000;kg/an
0006103844;RENAULT TRUCKS SAS;2021;Air;Hydrochlorofluorocarbures (HCFC);1.6;kg/an
0006103844;RENAULT TRUCKS SAS;2021;Air;Hydroflurocarbures (HFC);247;kg/an
0006104447;RDM LA ROCHETTE  SAS;2021;Eau (direct);Demande chimique en oxygène (DCO);692000;kg/an
0006104447;RDM LA ROCHETTE  SAS;2021;Eau (direct);Zinc et composés (exprimés en tant que Zn);516;kg/an
0006104466;TRIMET;2021;Air;Fluor et composés inorganiques (en tant que HF);79000;kg/an
0006104466;TRIMET;2021;Air;Monoxyde de carbone (CO);10700000;kg/an
0006103851;TOKAI COBEX SAVOIE;2021;Air;Hydrocarbures aromatiques polycycliques (HAP);138;kg/an
0006104466;TRIMET;2021;Air;Oxydes de soufre (SOx/SO2);1700000;kg/an
0006103879;SYTRAIVAL;2021;Air;Dioxyde de carbone (CO2) d'origine biomasse;38600000;kg/an
0006103879;SYTRAIVAL;2021;Air;Dioxyde de carbone (CO2) d'origine non biomasse;29100000;kg/an
0006104466;TRIMET;2021;Air;Oxydes d'azote (NOx/NO2);156000;kg/an
0006103879;SYTRAIVAL;2021;Air;Dioxyde de carbone (CO2) total (d'origine biomasse et non biomasse);67800000;kg/an
0006104466;TRIMET;2021;Air;Perfluorocarbures (PFC);2090;kg/an
0006104466;TRIMET;2021;Air;Poussières totales;144000;kg/an
0006103907;BRUN;2021;Eau (indirect);Nickel et composés (exprimés en tant que Ni);28.6;kg/an
0006104466;TRIMET;2021;Air;Dioxyde de carbone (CO2) d'origine non biomasse;265000000;kg/an
0006103908;GRID SOLUTIONS SAS;2021;Air;Hexafluorure de soufre (SF6);140;kg/an
0006104466;TRIMET;2021;Air;Dioxyde de carbone (CO2) total (d'origine biomasse et non biomasse);265000000;kg/an
0006104466;TRIMET;2021;Eau (direct);Aluminium et composés (exprimés en tant que Al);3870;kg/an
0006103933;HIT TS;2021;Eau (indirect);Nickel et composés (exprimés en tant que Ni);22.6;kg/an
0006104466;TRIMET;2021;Eau (direct);Fluorures (en tant que F total);8990;kg/an
0006104466;TRIMET;2021;Eau (direct);Nickel et composés (exprimés en tant que Ni);29;kg/an
0006104466;TRIMET;2021;Eau (direct);Zinc et composés (exprimés en tant que Zn);175;kg/an
0006103973;TOTAL RAFFINAGE France;2021;Air;Antimoine et composés (exprimés en tant que Sb);13.2;kg/an
0006104473;MSSA S.A.S.;2021;Air;Chlore et composés inorganiques (en tant que HCl);33400;kg/an
0006103973;TOTAL RAFFINAGE France;2021;Air;Benzène;7320;kg/an
0006103973;TOTAL RAFFINAGE France;2021;Air;Composés organiques volatils non méthaniques (COVNM);675000;kg/an
0006104473;MSSA S.A.S.;2021;Air;Vanadium et ses composés;10.6;kg/an
0006103973;TOTAL RAFFINAGE France;2021;Air;Nickel et composés (exprimés en tant que Ni);81.9;kg/an
0006103973;TOTAL RAFFINAGE France;2021;Air;Oxydes de soufre (SOx/SO2);1990000;kg/an
0006104473;MSSA S.A.S.;2021;Eau (direct);Nickel et composés (exprimés en tant que Ni);25.4;kg/an
0006103973;TOTAL RAFFINAGE France;2021;Air;Oxydes d'azote (NOx/NO2);868000;kg/an
0006103973;TOTAL RAFFINAGE France;2021;Air;Protoxyde d'azote (N2O);31400;kg/an
0006104505;UGITECH;2021;Air;Chrome et composés (exprimés en tant que Cr);127;kg/an
0006103973;TOTAL RAFFINAGE France;2021;Air;Dioxyde de carbone (CO2) d'origine non biomasse;1057000000;kg/an
0006104505;UGITECH;2021;Air;Nickel et composés (exprimés en tant que Ni);55.8;kg/an
0006103973;TOTAL RAFFINAGE France;2021;Air;Dioxyde de carbone (CO2) total (d'origine biomasse et non biomasse);1057000000;kg/an
0006103973;TOTAL RAFFINAGE France;2021;Air;Vanadium et ses composés;50.4;kg/an
0006104505;UGITECH;2021;Air;Plomb et composés (exprimés en tant que Pb);381;kg/an
0006104505;UGITECH;2021;Air;Zinc et composés (exprimés en tant que Zn);497;kg/an
0006104505;UGITECH;2021;Air;Dioxyde de carbone (CO2) d'origine non biomasse;65200000;kg/an
0006104505;UGITECH;2021;Air;Dioxyde de carbone (CO2) total (d'origine biomasse et non biomasse);65200000;kg/an
0006104534;GRAPHOCOLOR;2021;Eau (direct);Nickel et composés (exprimés en tant que Ni);89.3;kg/an
0006104565;SYND MIXTE DU LAC D ANNECY;2021;Air;Dioxyde de carbone (CO2) d'origine biomasse;52600000;kg/an
0006105221;OSIRIS GIE;2021;Eau (direct);Aluminium et composés (exprimés en tant que Al);3090;kg/an
0006105221;OSIRIS GIE;2021;Eau (direct);Azote total;130000;kg/an
0006105221;OSIRIS GIE;2021;Eau (direct);Carbone organique total (en tant que C total ou DCO/3);131000;kg/an
0006104565;SYND MIXTE DU LAC D ANNECY;2021;Air;Dioxyde de carbone (CO2) d'origine non biomasse;39900000;kg/an
0006105221;OSIRIS GIE;2021;Eau (direct);Chlorures (en tant que Cl total);22000000;kg/an
0006105221;OSIRIS GIE;2021;Eau (direct);Chrome et composés (exprimés en tant que Cr);181;kg/an
0006104565;SYND MIXTE DU LAC D ANNECY;2021;Air;Dioxyde de carbone (CO2) total (d'origine biomasse et non biomasse);92400000;kg/an
0006105221;OSIRIS GIE;2021;Eau (direct);Cuivre et composés (exprimés en tant que Cu);663;kg/an
0006105221;OSIRIS GIE;2021;Eau (direct);Cyanures (sous forme de CN total);214;kg/an
0006105221;OSIRIS GIE;2021;Eau (direct);Demande biologique en oxygène (DBO5);115000;kg/an
0006105221;OSIRIS GIE;2021;Eau (direct);Demande chimique en oxygène (DCO);647000;kg/an
0006104577;HACER TRAITEMENTS DE SURFACE;2021;Air;Tétrachloroéthylène (PER, tétrachloroéthylène);2610;kg/an
0006105221;OSIRIS GIE;2021;Eau (direct);Etain et composés (exprimés en tant que Sn);533;kg/an
0006105221;OSIRIS GIE;2021;Eau (direct);Fluorures (en tant que F total);11000;kg/an
0006104577;HACER TRAITEMENTS DE SURFACE;2021;Eau (direct);Cuivre et composés (exprimés en tant que Cu);90;kg/an
0006105221;OSIRIS GIE;2021;Eau (direct);Nickel et composés (exprimés en tant que Ni);176;kg/an
0006105221;OSIRIS GIE;2021;Eau (direct);Phosphore total;8000;kg/an
0006104577;HACER TRAITEMENTS DE SURFACE;2021;Eau (direct);Nickel et composés (exprimés en tant que Ni);207;kg/an
0006105221;OSIRIS GIE;2021;Eau (direct);Phénols (en tant que C total);955;kg/an
0006105221;OSIRIS GIE;2021;Eau (direct);Sulfates;17100000;kg/an
0006104577;HACER TRAITEMENTS DE SURFACE;2021;Eau (direct);Zinc et composés (exprimés en tant que Zn);127;kg/an
0006105221;OSIRIS GIE;2021;Eau (direct);Zinc et composés (exprimés en tant que Zn);460;kg/an
0006104624;SIVOM DE LA REGION DE CLUSES;2021;Air;Dioxyde de carbone (CO2) d'origine biomasse;21900000;kg/an
0006104624;SIVOM DE LA REGION DE CLUSES;2021;Air;Dioxyde de carbone (CO2) d'origine non biomasse;16000000;kg/an
0006105222;ELKEM SILICONES FRANCE;2021;Air;Composés organiques volatils non méthaniques (COVNM);32000;kg/an
0006105222;ELKEM SILICONES FRANCE;2021;Air;Cuivre et composés (exprimés en tant que Cu);229;kg/an
0006104624;SIVOM DE LA REGION DE CLUSES;2021;Air;Dioxyde de carbone (CO2) total (d'origine biomasse et non biomasse);38000000;kg/an
0006105222;ELKEM SILICONES FRANCE;2021;Air;Hydroflurocarbures (HFC);482;kg/an
0006104645;THERMOCOMPACT S.A.;2021;Eau (direct);Nickel et composés (exprimés en tant que Ni);27.2;kg/an
0006105222;ELKEM SILICONES FRANCE;2021;Air;Dioxyde de carbone (CO2) d'origine non biomasse;11900000;kg/an
0006105222;ELKEM SILICONES FRANCE;2021;Air;Dioxyde de carbone (CO2) total (d'origine biomasse et non biomasse);11900000;kg/an
0006104655;SET MONT BLANC - SUEZ;2021;Air;Dioxyde de carbone (CO2) d'origine biomasse;29800000;kg/an
0006105222;ELKEM SILICONES FRANCE;2021;Eau (direct);Chlorures (en tant que Cl total);14000000;kg/an
0006105222;ELKEM SILICONES FRANCE;2021;Eau (direct);Cuivre et composés (exprimés en tant que Cu);178;kg/an
0006104655;SET MONT BLANC - SUEZ;2021;Air;Dioxyde de carbone (CO2) d'origine non biomasse;22400000;kg/an
0006105223;ADISSEO FRANCE SAS;2021;Air;Dioxyde de carbone (CO2) d'origine non biomasse;22500000;kg/an
0006105223;ADISSEO FRANCE SAS;2021;Air;Dioxyde de carbone (CO2) total (d'origine biomasse et non biomasse);22500000;kg/an
0006104655;SET MONT BLANC - SUEZ;2021;Air;Dioxyde de carbone (CO2) total (d'origine biomasse et non biomasse);52200000;kg/an
0006105223;ADISSEO FRANCE SAS;2021;Eau (direct);Sulfates;1730000;kg/an
0006104660;BAIKOWSKI;2021;Air;Dioxyde de carbone (CO2) d'origine non biomasse;12100000;kg/an
0006104660;BAIKOWSKI;2021;Air;Dioxyde de carbone (CO2) total (d'origine biomasse et non biomasse);12100000;kg/an
0006105224;PRAYON;2021;Eau (direct);Phosphore total;37600;kg/an
0006104664;PAPETERIES DU LEMAN S.A.;2021;Eau (direct);Phénols (en tant que C total);69.3;kg/an
0006105225;ADISSEO FRANCE SAS;2021;Air;Hydroflurocarbures (HFC);180;kg/an
0006104679;TEFAL SA;2021;Air;Composés organiques volatils non méthaniques (COVNM);106000;kg/an
0006105225;ADISSEO FRANCE SAS;2021;Air;Oxydes de soufre (SOx/SO2);239000;kg/an
0006105225;ADISSEO FRANCE SAS;2021;Air;Dioxyde de carbone (CO2) d'origine non biomasse;154000000;kg/an
0006104679;TEFAL SA;2021;Air;Dioxyde de carbone (CO2) d'origine non biomasse;15100000;kg/an
0006105225;ADISSEO FRANCE SAS;2021;Air;Dioxyde de carbone (CO2) total (d'origine biomasse et non biomasse);154000000;kg/an
0006105225;ADISSEO FRANCE SAS;2021;Eau (direct);Arsenic et composés (exprimés en tant que As);7.4;kg/an
0006104679;TEFAL SA;2021;Air;Dioxyde de carbone (CO2) total (d'origine biomasse et non biomasse);15100000;kg/an
0006105225;ADISSEO FRANCE SAS;2021;Eau (direct);Cadmium et composés (exprimés en tant que Cd);63;kg/an
0006105225;ADISSEO FRANCE SAS;2021;Eau (direct);Chrome et composés (exprimés en tant que Cr);52;kg/an
0006104682;CEREAL PARTNERS FRANCE;2021;Eau (indirect);Demande biologique en oxygène (DBO5);80100;kg/an
0006105225;ADISSEO FRANCE SAS;2021;Eau (direct);Cuivre et composés (exprimés en tant que Cu);73.7;kg/an
0006105225;ADISSEO FRANCE SAS;2021;Eau (direct);Sulfates;6210000;kg/an
0006105225;ADISSEO FRANCE SAS;2021;Eau (direct);Zinc et composés (exprimés en tant que Zn);242;kg/an
0006104720;NTN SNR Roulements;2021;Air;Composés organiques volatils non méthaniques (COVNM);37700;kg/an
0006104749;IDEX Environnement;2021;Air;Dioxyde de carbone (CO2) d'origine biomasse;18600000;kg/an
0006104749;IDEX Environnement;2021;Air;Dioxyde de carbone (CO2) d'origine non biomasse;14100000;kg/an
0006106947;SUEZ RR IWS CHEMICALS FRANCE;2021;Air;Dioxyde de carbone (CO2) d'origine non biomasse;143000000;kg/an
0006106947;SUEZ RR IWS CHEMICALS FRANCE;2021;Air;Dioxyde de carbone (CO2) total (d'origine biomasse et non biomasse);143000000;kg/an
0006104749;IDEX Environnement;2021;Air;Dioxyde de carbone (CO2) total (d'origine biomasse et non biomasse);32700000;kg/an
0006106947;SUEZ RR IWS CHEMICALS FRANCE;2021;Eau (direct);Arsenic et composés (exprimés en tant que As);5.37;kg/an
0006106947;SUEZ RR IWS CHEMICALS FRANCE;2021;Eau (direct);Cadmium et composés (exprimés en tant que Cd);1.48;kg/an
0006104769;SGL CARBON  SA;2021;Air;Dioxyde de carbone (CO2) d'origine non biomasse;23800000;kg/an
0006106947;SUEZ RR IWS CHEMICALS FRANCE;2021;Eau (direct);Mercure et composés (exprimés en tant que Hg);2.43;kg/an
0006104769;SGL CARBON  SA;2021;Air;Dioxyde de carbone (CO2) total (d'origine biomasse et non biomasse);23800000;kg/an
0006106990;ONYX AUVERGNE RHONE ALPES;2021;Air;Dioxyde de carbone (CO2) d'origine biomasse;28400000;kg/an
0006106990;ONYX AUVERGNE RHONE ALPES;2021;Air;Méthane (CH4);1190000;kg/an
0006104769;SGL CARBON  SA;2021;Eau (direct);Anthracène;1.49;kg/an
0006106990;ONYX AUVERGNE RHONE ALPES;2021;Air;Dioxyde de carbone (CO2) total (d'origine biomasse et non biomasse);28400000;kg/an
0006104769;SGL CARBON  SA;2021;Eau (direct);Fluoranthène;9.37;kg/an
0006107044;SUEZ RV CENTRE EST DONZERE;2021;Air;Dioxyde de carbone (CO2) d'origine biomasse;23100000;kg/an
0006104769;SGL CARBON  SA;2021;Eau (direct);Hydrocarbures aromatiques polycycliques (HAP);19.1;kg/an
0006107044;SUEZ RV CENTRE EST DONZERE;2021;Air;Méthane (CH4);981000;kg/an
0006107044;SUEZ RV CENTRE EST DONZERE;2021;Air;Dioxyde de carbone (CO2) total (d'origine biomasse et non biomasse);23100000;kg/an
0006104769;SGL CARBON  SA;2021;Eau (direct);Benzo (g, h, i) pérylène;2.63;kg/an
0006104980;BOUYER LEROUX STRUCTURE;2021;Air;Dioxyde de carbone (CO2) d'origine non biomasse;19100000;kg/an
0006104980;BOUYER LEROUX STRUCTURE;2021;Air;Dioxyde de carbone (CO2) total (d'origine biomasse et non biomasse);19800000;kg/an
0006105209;PIROUX TRAITEMENT DE SURFACES;2021;Air;Composés organiques volatils non méthaniques (COVNM);32700;kg/an
0006107420;ORGANOM;2021;Air;Dioxyde de carbone (CO2) d'origine biomasse;37600000;kg/an
0006107420;ORGANOM;2021;Air;Méthane (CH4);535000;kg/an
0006107420;ORGANOM;2021;Air;Dioxyde de carbone (CO2) total (d'origine biomasse et non biomasse);37600000;kg/an
0006105210;SARL élevage du Formans;2021;Air;Ammoniac (NH3);11500;kg/an
0006107420;ORGANOM;2021;Eau (indirect);Azote total;55900;kg/an
0006107420;ORGANOM;2021;Eau (indirect);Carbone organique total (en tant que C total ou DCO/3);51300;kg/an
0006107420;ORGANOM;2021;Eau (indirect);Demande chimique en oxygène (DCO);162000;kg/an
0006107516;VALRHONA;2021;Air;Hydroflurocarbures (HFC);640;kg/an
0006105221;OSIRIS GIE;2021;Air;Oxydes de soufre (SOx/SO2);218000;kg/an
0006107527;VENCOREX FRANCE;2021;Air;Tétrachlorométhane (TCM, tétrachlorure de carbone);106;kg/an
0006105221;OSIRIS GIE;2021;Air;Oxydes d'azote (NOx/NO2);104000;kg/an
0006107527;VENCOREX FRANCE;2021;Eau (direct);Aluminium et composés (exprimés en tant que Al);4870;kg/an
0006107527;VENCOREX FRANCE;2021;Eau (direct);Arsenic et composés (exprimés en tant que As);8.4;kg/an
0006105221;OSIRIS GIE;2021;Air;Dioxyde de carbone (CO2) d'origine non biomasse;140000000;kg/an
0006107527;VENCOREX FRANCE;2021;Eau (direct);Cadmium et composés (exprimés en tant que Cd);3.4;kg/an
0006107527;VENCOREX FRANCE;2021;Eau (direct);Chloroforme (trichlorométhane);75.9;kg/an
0006105221;OSIRIS GIE;2021;Air;Dioxyde de carbone (CO2) total (d'origine biomasse et non biomasse);140000000;kg/an
0006107527;VENCOREX FRANCE;2021;Eau (direct);Chlorures (en tant que Cl total);27700000;kg/an
0006107527;VENCOREX FRANCE;2021;Eau (direct);Fluorures (en tant que F total);14100;kg/an
0006200092;STORENGY;2021;Air;Méthane (CH4);126000;kg/an
0006107527;VENCOREX FRANCE;2021;Eau (direct);Mercure et composés (exprimés en tant que Hg);18.3;kg/an
0006200104;Brasserie Champigneulles;2021;Air;Dioxyde de carbone (CO2) d'origine non biomasse;11300000;kg/an
0006107527;VENCOREX FRANCE;2021;Eau (direct);Nickel et composés (exprimés en tant que Ni);46.7;kg/an
0006107527;VENCOREX FRANCE;2021;Eau (direct);Sulfates;3420000;kg/an
0006200104;Brasserie Champigneulles;2021;Air;Dioxyde de carbone (CO2) total (d'origine biomasse et non biomasse);11300000;kg/an
0006107527;VENCOREX FRANCE;2021;Eau (direct);Trichlorobenzènes (TCB) (tous les isomères);71.7;kg/an
0006107527;VENCOREX FRANCE;2021;Eau (direct);Tétrachloroéthylène (PER, tétrachloroéthylène);13.1;kg/an
0006200104;Brasserie Champigneulles;2021;Eau (indirect);Azote total;53000;kg/an
0006107527;VENCOREX FRANCE;2021;Eau (direct);Zinc et composés (exprimés en tant que Zn);248;kg/an
0006200104;Brasserie Champigneulles;2021;Eau (indirect);Demande biologique en oxygène (DBO5);1360000;kg/an
0006200104;Brasserie Champigneulles;2021;Eau (indirect);Demande chimique en oxygène (DCO);2240000;kg/an
0006107561;TERECOVAL;2021;Air;Chlorofluorocarbures (CFC);424;kg/an
0006200104;Brasserie Champigneulles;2021;Eau (indirect);Matières en suspension (MES);605000;kg/an
0006107561;TERECOVAL;2021;Air;Hydroflurocarbures (HFC);322;kg/an
0006200104;Brasserie Champigneulles;2021;Eau (indirect);Phosphore total;7820;kg/an
0006107841;ETOILE DU VERCORS;2021;Eau (direct);Phosphore total;6200;kg/an
0006200119;BARISIEN;2021;Air;Dioxyde de carbone (CO2) d'origine biomasse;11300000;kg/an
0006200119;BARISIEN;2021;Air;Méthane (CH4);807000;kg/an
0006200119;BARISIEN;2021;Air;Dioxyde de carbone (CO2) total (d'origine biomasse et non biomasse);11300000;kg/an
0006200139;CROWN BEVCAN;2021;Air;Composés organiques volatils non méthaniques (COVNM);323000;kg/an
0006200158;SOLVAY OPERATIONS FRANCE;2021;Air;Ammoniac (NH3);624000;kg/an
0006107855;GENZYME POLYCLONALS;2021;Air;Hydroflurocarbures (HFC);102;kg/an
0006200158;SOLVAY OPERATIONS FRANCE;2021;Air;Dioxyde de carbone (CO2) d'origine biomasse;15400000;kg/an
0006200158;SOLVAY OPERATIONS FRANCE;2021;Air;Monoxyde de carbone (CO);8210000;kg/an
0006200158;SOLVAY OPERATIONS FRANCE;2021;Air;Oxydes de soufre (SOx/SO2);440000;kg/an
0006107973;CCM;2021;Air;Composés organiques volatils non méthaniques (COVNM);82600;kg/an
0006200158;SOLVAY OPERATIONS FRANCE;2021;Air;Oxydes d'azote (NOx/NO2);383000;kg/an
0006200158;SOLVAY OPERATIONS FRANCE;2021;Air;Dioxyde de carbone (CO2) d'origine non biomasse;536000000;kg/an
0006200158;SOLVAY OPERATIONS FRANCE;2021;Air;Dioxyde de carbone (CO2) total (d'origine biomasse et non biomasse);551000000;kg/an
0006200158;SOLVAY OPERATIONS FRANCE;2021;Eau (direct);Cadmium et composés (exprimés en tant que Cd);27.2;kg/an
0006200158;SOLVAY OPERATIONS FRANCE;2021;Eau (direct);Chlorures (en tant que Cl total);425000000;kg/an
0006108236;KEMIRA;2021;Eau (indirect);Aluminium et composés (exprimés en tant que Al);2060;kg/an
0006108372;Groupe SCAPA FRANCE;2021;Air;Composés organiques volatils non méthaniques (COVNM);44800;kg/an
0006200158;SOLVAY OPERATIONS FRANCE;2021;Eau (direct);Chrome et composés (exprimés en tant que Cr);65.7;kg/an
0006200158;SOLVAY OPERATIONS FRANCE;2021;Eau (direct);Nickel et composés (exprimés en tant que Ni);25.9;kg/an
0006108628;BOIRON FRERES;2021;Eau (indirect);Demande biologique en oxygène (DBO5);63400;kg/an
0006200158;SOLVAY OPERATIONS FRANCE;2021;Eau (direct);Plomb et composés (exprimés en tant que Pb);165;kg/an
0006108774;CERDIA FRANCE SAS;2021;Air;Protoxyde d'azote (N2O);38700;kg/an
0006200158;SOLVAY OPERATIONS FRANCE;2021;Eau (direct);Sulfates;2410000;kg/an
0006108774;CERDIA FRANCE SAS;2021;Eau (indirect);Demande biologique en oxygène (DBO5);206000;kg/an
0006108774;CERDIA FRANCE SAS;2021;Eau (indirect);Demande chimique en oxygène (DCO);314000;kg/an
0006200158;SOLVAY OPERATIONS FRANCE;2021;Eau (direct);Zinc et composés (exprimés en tant que Zn);101;kg/an
0006200158;SOLVAY OPERATIONS FRANCE;2021;Eau (direct);Hydroxyde d'ammonium (NH4+);48700;kg/an
0006109146;OCV CHAMBERY FRANCE;2021;Air;Composés organiques volatils non méthaniques (COVNM);58500;kg/an
0006200199;SAINT GOBAIN PAM (Usine Foug);2021;Air;Composés organiques volatils non méthaniques (COVNM);96500;kg/an
0006109146;OCV CHAMBERY FRANCE;2021;Air;Dioxyde de carbone (CO2) d'origine non biomasse;34500000;kg/an
0006109146;OCV CHAMBERY FRANCE;2021;Air;Dioxyde de carbone (CO2) total (d'origine biomasse et non biomasse);34500000;kg/an
0006200203;SOFIDEL FRANCE;2021;Air;Dioxyde de carbone (CO2) d'origine biomasse;26300000;kg/an
0006109146;OCV CHAMBERY FRANCE;2021;Eau (indirect);Demande chimique en oxygène (DCO);154000;kg/an
0006200203;SOFIDEL FRANCE;2021;Air;Dioxyde de carbone (CO2) d'origine non biomasse;32900000;kg/an
0006109800;VILL RECUPERATION SAS;2021;Eau (direct);Mercure et composés (exprimés en tant que Hg);1.78;kg/an
0006200203;SOFIDEL FRANCE;2021;Air;Dioxyde de carbone (CO2) total (d'origine biomasse et non biomasse);59100000;kg/an
0006109984;SOSUMAR SA CENTRE LECLERC- STATION SCE;2021;Air;Hydroflurocarbures (HFC);313;kg/an
0006200297;NOVACARB-NOVACOGE;2021;Air;Oxydes d'azote (NOx/NO2);118000;kg/an
0006200297;NOVACARB-NOVACOGE;2021;Air;Dioxyde de carbone (CO2) d'origine non biomasse;104000000;kg/an
0006110636;ANNEMASSE LES VOIRONS AGGLOMERATION;2021;Eau (direct);Azote total;273000;kg/an
0006110636;ANNEMASSE LES VOIRONS AGGLOMERATION;2021;Eau (direct);Demande biologique en oxygène (DBO5);120000;kg/an
0006200297;NOVACARB-NOVACOGE;2021;Air;Dioxyde de carbone (CO2) total (d'origine biomasse et non biomasse);104000000;kg/an
0006110636;ANNEMASSE LES VOIRONS AGGLOMERATION;2021;Eau (direct);Demande chimique en oxygène (DCO);388000;kg/an
0006110636;ANNEMASSE LES VOIRONS AGGLOMERATION;2021;Eau (direct);Phosphore total;10000;kg/an
0006200307;NOVACARB;2021;Air;Ammoniac (NH3);643000;kg/an
0006200307;NOVACARB;2021;Air;Chlore et composés inorganiques (en tant que HCl);11900;kg/an
0006110901;DROME ENERGIE SERVICES;2021;Air;Dioxyde de carbone (CO2) d'origine biomasse;112000000;kg/an
0006200307;NOVACARB;2021;Air;Nickel et composés (exprimés en tant que Ni);224;kg/an
0006110901;DROME ENERGIE SERVICES;2021;Air;Protoxyde d'azote (N2O);17500;kg/an
0006110901;DROME ENERGIE SERVICES;2021;Air;Dioxyde de carbone (CO2) total (d'origine biomasse et non biomasse);117000000;kg/an
0006200307;NOVACARB;2021;Air;Oxydes de soufre (SOx/SO2);485000;kg/an
0006111084;ENGIE ENERGIE SERVICES;2021;Air;Dioxyde de carbone (CO2) d'origine biomasse;19400000;kg/an
0006111084;ENGIE ENERGIE SERVICES;2021;Air;Dioxyde de carbone (CO2) total (d'origine biomasse et non biomasse);26300000;kg/an
0006112084;NOVACYL;2021;Air;Composés organiques volatils non méthaniques (COVNM);214000;kg/an
0006112084;NOVACYL;2021;Air;Phénols (en tant que C total);141000;kg/an
0006112084;NOVACYL;2021;Eau (direct);Phénols (en tant que C total);1380;kg/an
0006200307;NOVACARB;2021;Air;Oxydes d'azote (NOx/NO2);466000;kg/an
0006112084;NOVACYL;2021;Eau (direct);Sulfates;9740000;kg/an
0006112084;NOVACYL;2021;Eau (indirect);Carbone organique total (en tant que C total ou DCO/3);165000;kg/an
0006200307;NOVACARB;2021;Air;Dioxyde de carbone (CO2) d'origine non biomasse;480000000;kg/an
0006112084;NOVACYL;2021;Eau (indirect);Phénols (en tant que C total);19300;kg/an
0006200307;NOVACARB;2021;Air;Dioxyde de carbone (CO2) total (d'origine biomasse et non biomasse);480000000;kg/an
0006200307;NOVACARB;2021;Eau (direct);Chlorures (en tant que Cl total);533000000;kg/an
0006112328;ETABLISSEMENTS PROVERBIO;2021;Eau (indirect);Demande biologique en oxygène (DBO5);66200;kg/an
0006200307;NOVACARB;2021;Eau (direct);Sulfates;3070000;kg/an
0006112329;SK Functional Polymer;2021;Air;Composés organiques volatils non méthaniques (COVNM);196000;kg/an
0006200307;NOVACARB;2021;Eau (direct);Zinc et composés (exprimés en tant que Zn);193;kg/an
0006112348;NOVACYL;2021;Eau (indirect);Demande chimique en oxygène (DCO);528000;kg/an
0006200339;Glanzstoff Longlaville ( EX DURAFIBER);2021;Air;Acétaldéhyde (aldéhyde acétique  éthanal);23300;kg/an
0006112773;ANNECY BIO CHALEUR - GROUPE IDEX;2021;Air;Dioxyde de carbone (CO2) d'origine biomasse;16500000;kg/an
0006112773;ANNECY BIO CHALEUR - GROUPE IDEX;2021;Air;Dioxyde de carbone (CO2) total (d'origine biomasse et non biomasse);19000000;kg/an
0006200339;Glanzstoff Longlaville ( EX DURAFIBER);2021;Air;Composés organiques volatils non méthaniques (COVNM);74800;kg/an
0006113980;ELM;2021;Air;Dioxyde de carbone (CO2) d'origine biomasse;23000000;kg/an
0006113980;ELM;2021;Air;Dioxyde de carbone (CO2) total (d'origine biomasse et non biomasse);24200000;kg/an
0006200339;Glanzstoff Longlaville ( EX DURAFIBER);2021;Air;Dioxyde de carbone (CO2) d'origine non biomasse;16200000;kg/an
0006114308;LIMA;2021;Air;Hydrocarbures aromatiques polycycliques (HAP);183;kg/an
0006200339;Glanzstoff Longlaville ( EX DURAFIBER);2021;Air;Dioxyde de carbone (CO2) total (d'origine biomasse et non biomasse);16200000;kg/an
0006200031;MANUFACTURE DE BACCARAT;2021;Air;Dioxyde de carbone (CO2) d'origine non biomasse;12400000;kg/an
0006200373;VAL'ERGIE (ex.NANCY ENERGIE) à  Ludres;2021;Air;Dioxyde de carbone (CO2) d'origine biomasse;56000000;kg/an
0006200031;MANUFACTURE DE BACCARAT;2021;Air;Dioxyde de carbone (CO2) total (d'origine biomasse et non biomasse);12400000;kg/an
0006200373;VAL'ERGIE (ex.NANCY ENERGIE) à  Ludres;2021;Air;Dioxyde de carbone (CO2) d'origine non biomasse;42400000;kg/an
0006200037;SOVAB;2021;Air;Composés organiques volatils non méthaniques (COVNM);778000;kg/an
0006200037;SOVAB;2021;Air;Hydroflurocarbures (HFC);306;kg/an
0006200373;VAL'ERGIE (ex.NANCY ENERGIE) à  Ludres;2021;Air;Dioxyde de carbone (CO2) total (d'origine biomasse et non biomasse);98300000;kg/an
0006200037;SOVAB;2021;Air;Dioxyde de carbone (CO2) d'origine non biomasse;36300000;kg/an
0006200037;SOVAB;2021;Air;Dioxyde de carbone (CO2) total (d'origine biomasse et non biomasse);36300000;kg/an
0006200378;SAINT HUBERT;2021;Sol;Cadmium et composés (exprimés en tant que Cd);11;kg/an
0006200037;SOVAB;2021;Eau (direct);Nickel et composés (exprimés en tant que Ni);20.4;kg/an
0006200378;SAINT HUBERT;2021;Sol;Chrome et composés (exprimés en tant que Cr);268;kg/an
0006200067;EDF - CCG Blénod;2021;Air;Monoxyde de carbone (CO);536000;kg/an
0006200067;EDF - CCG Blénod;2021;Air;Oxydes d'azote (NOx/NO2);208000;kg/an
0006200067;EDF - CCG Blénod;2021;Air;Protoxyde d'azote (N2O);11600;kg/an
0006200378;SAINT HUBERT;2021;Sol;Cuivre et composés (exprimés en tant que Cu);1350;kg/an
0006200067;EDF - CCG Blénod;2021;Air;Dioxyde de carbone (CO2) d'origine non biomasse;648000000;kg/an
0006200067;EDF - CCG Blénod;2021;Air;Dioxyde de carbone (CO2) total (d'origine biomasse et non biomasse);648000000;kg/an
0006200378;SAINT HUBERT;2021;Sol;Hydrocarbures aromatiques polycycliques (HAP);12.6;kg/an
0006200378;SAINT HUBERT;2021;Sol;Mercure et composés (exprimés en tant que Hg);3;kg/an
0006200378;SAINT HUBERT;2021;Sol;Nickel et composés (exprimés en tant que Ni);164;kg/an
0006200378;SAINT HUBERT;2021;Sol;Plomb et composés (exprimés en tant que Pb);208;kg/an
0006200378;SAINT HUBERT;2021;Sol;Zinc et composés (exprimés en tant que Zn);6720;kg/an
0006201213;ArcelorMittal France - Sainte Agathe;2021;Eau (direct);Arsenic et composés (exprimés en tant que As);5.29;kg/an
0006200378;SAINT HUBERT;2021;Sol;Biphényles polychlorés (PCB);0.5;kg/an
0006201213;ArcelorMittal France - Sainte Agathe;2021;Eau (direct);Zinc et composés (exprimés en tant que Zn);125;kg/an
0006200381;TRIVIUM METAL PACKAGING France SAS;2021;Air;Composés organiques volatils non méthaniques (COVNM);588000;kg/an
0006200472;ESTIA;2021;Air;Dioxyde de carbone (CO2) d'origine non biomasse;15300000;kg/an
0006200472;ESTIA;2021;Air;Dioxyde de carbone (CO2) total (d'origine biomasse et non biomasse);15300000;kg/an
0006200499;SAM RIVA;2021;Air;Benzène;1040;kg/an
0006201286;ARCELORMITTAL Gandrange;2021;Air;Dioxyde de carbone (CO2) d'origine non biomasse;25800000;kg/an
0006201286;ARCELORMITTAL Gandrange;2021;Air;Dioxyde de carbone (CO2) total (d'origine biomasse et non biomasse);25800000;kg/an
0006200499;SAM RIVA;2021;Air;Cadmium et composés (exprimés en tant que Cd);17.1;kg/an
0006200499;SAM RIVA;2021;Air;Dioxines et furanes (PCDD + PCDF) (exprimés en iTeq);0.000164;kg/an
0006200499;SAM RIVA;2021;Air;Manganèse et composés (exprimés en tant que Mn);1430;kg/an
0006201313;ASCOMETAL HAGONDANGE SAS;2021;Air;Zinc et composés (exprimés en tant que Zn);804;kg/an
0006201313;ASCOMETAL HAGONDANGE SAS;2021;Air;Dioxyde de carbone (CO2) d'origine non biomasse;56000000;kg/an
0006200499;SAM RIVA;2021;Air;Plomb et composés (exprimés en tant que Pb);471;kg/an
0006201313;ASCOMETAL HAGONDANGE SAS;2021;Air;Dioxyde de carbone (CO2) total (d'origine biomasse et non biomasse);56000000;kg/an
0006201313;ASCOMETAL HAGONDANGE SAS;2021;Eau (direct);Nickel et composés (exprimés en tant que Ni);21.1;kg/an
0006200499;SAM RIVA;2021;Air;Dioxyde de carbone (CO2) d'origine non biomasse;103000000;kg/an
0006201313;ASCOMETAL HAGONDANGE SAS;2021;Eau (direct);Plomb et composés (exprimés en tant que Pb);36.6;kg/an
0006201313;ASCOMETAL HAGONDANGE SAS;2021;Eau (direct);Zinc et composés (exprimés en tant que Zn);244;kg/an
0006200499;SAM RIVA;2021;Air;Dioxyde de carbone (CO2) total (d'origine biomasse et non biomasse);103000000;kg/an
0006200499;SAM RIVA;2021;Eau (direct);Zinc et composés (exprimés en tant que Zn);114;kg/an
0006201330;SMART FRANCE SAS;2021;Air;Composés organiques volatils non méthaniques (COVNM);39600;kg/an
0006201330;SMART FRANCE SAS;2021;Air;Dioxyde de carbone (CO2) d'origine biomasse;11400000;kg/an
0006200529;SUEZ RV NORD EST;2021;Air;Dioxyde de carbone (CO2) d'origine biomasse;13400000;kg/an
0006201330;SMART FRANCE SAS;2021;Air;Dioxyde de carbone (CO2) total (d'origine biomasse et non biomasse);15600000;kg/an
0006201358;BRITISH STEEL FRANCE RAIL;2021;Air;Dioxyde de carbone (CO2) d'origine non biomasse;31900000;kg/an
0006200529;SUEZ RV NORD EST;2021;Air;Méthane (CH4);568000;kg/an
0006201358;BRITISH STEEL FRANCE RAIL;2021;Air;Dioxyde de carbone (CO2) total (d'origine biomasse et non biomasse);31900000;kg/an
0006200529;SUEZ RV NORD EST;2021;Air;Dioxyde de carbone (CO2) total (d'origine biomasse et non biomasse);13400000;kg/an
0006200539;SAINT GOBAIN PAM;2021;Air;Composés organiques volatils non méthaniques (COVNM);82700;kg/an
0006201364;ARCELORMITTAL ATLANTIQUE ET LORRAINE;2021;Air;Dioxyde de carbone (CO2) d'origine non biomasse;271000000;kg/an
0006201364;ARCELORMITTAL ATLANTIQUE ET LORRAINE;2021;Air;Dioxyde de carbone (CO2) total (d'origine biomasse et non biomasse);271000000;kg/an
0006200539;SAINT GOBAIN PAM;2021;Air;Dioxyde de carbone (CO2) d'origine biomasse;397000000;kg/an
0006201370;EQIOM;2021;Air;Ammoniac (NH3);19600;kg/an
0006200539;SAINT GOBAIN PAM;2021;Air;Dioxyde de carbone (CO2) d'origine non biomasse;32400000;kg/an
0006201370;EQIOM;2021;Air;Cobalt et composés (exprimés en tant que Co);5.12;kg/an
0006201370;EQIOM;2021;Air;Dioxyde de carbone (CO2) d'origine biomasse;11100000;kg/an
0006200539;SAINT GOBAIN PAM;2021;Air;Dioxyde de carbone (CO2) total (d'origine biomasse et non biomasse);430000000;kg/an
0006201370;EQIOM;2021;Air;Oxydes d'azote (NOx/NO2);702000;kg/an
0006201370;EQIOM;2021;Air;Dioxyde de carbone (CO2) d'origine non biomasse;497000000;kg/an
0006200539;SAINT GOBAIN PAM;2021;Eau (direct);Cadmium et composés (exprimés en tant que Cd);2.86;kg/an
0006201370;EQIOM;2021;Air;Dioxyde de carbone (CO2) total (d'origine biomasse et non biomasse);508000000;kg/an
0006200539;SAINT GOBAIN PAM;2021;Eau (direct);Zinc et composés (exprimés en tant que Zn);180;kg/an
0006200679;CSME;2021;Eau (direct);Chlorures (en tant que Cl total);28900000;kg/an
0006201477;CEDILOR;2021;Eau (direct);Cadmium et composés (exprimés en tant que Cd);3.77;kg/an
0006201477;CEDILOR;2021;Eau (direct);Nickel et composés (exprimés en tant que Ni);86.8;kg/an
0006200720;KIMBERLY CLARK SAS;2021;Air;Dioxyde de carbone (CO2) d'origine non biomasse;33600000;kg/an
0006200720;KIMBERLY CLARK SAS;2021;Air;Dioxyde de carbone (CO2) total (d'origine biomasse et non biomasse);33600000;kg/an
0006201497;ArcelorMittal France - Crassier de Marspich;2021;Eau (direct);Arsenic et composés (exprimés en tant que As);39.3;kg/an
0006200725;VICAT (usine de Xeuilley);2021;Air;Acide cyanhydrique (HCN);268;kg/an
0006200725;VICAT (usine de Xeuilley);2021;Air;Ammoniac (NH3);50800;kg/an
0006201555;MALTEUROP FRANCE;2021;Eau (indirect);Demande biologique en oxygène (DBO5);614000;kg/an
0006201555;MALTEUROP FRANCE;2021;Eau (indirect);Demande chimique en oxygène (DCO);920000;kg/an
0006201555;MALTEUROP FRANCE;2021;Eau (indirect);Phosphore total;6150;kg/an
0006201556;SOCIETE MECANIQUE AUTOMOBILE DE L EST (SMAE);2021;Air;Hydroflurocarbures (HFC);150;kg/an
0006201560;UEM;2021;Air;Dioxines et furanes (PCDD + PCDF) (exprimés en iTeq);0.002;kg/an
0006200725;VICAT (usine de Xeuilley);2021;Air;Benzène;4060;kg/an
0006201560;UEM;2021;Air;Dioxyde de carbone (CO2) d'origine non biomasse;10900000;kg/an
0006201560;UEM;2021;Air;Dioxyde de carbone (CO2) total (d'origine biomasse et non biomasse);10900000;kg/an
0006200725;VICAT (usine de Xeuilley);2021;Air;Chlore et composés inorganiques (en tant que HCl);11000;kg/an
0006201561;UEM;2021;Air;Dioxyde de carbone (CO2) d'origine biomasse;93900000;kg/an
0006201561;UEM;2021;Air;Dioxyde de carbone (CO2) d'origine non biomasse;60300000;kg/an
0006200725;VICAT (usine de Xeuilley);2021;Air;Dioxyde de carbone (CO2) d'origine biomasse;63200000;kg/an
0006201561;UEM;2021;Air;Dioxyde de carbone (CO2) total (d'origine biomasse et non biomasse);154000000;kg/an
0006200725;VICAT (usine de Xeuilley);2021;Air;Monoxyde de carbone (CO);790000;kg/an
0006200725;VICAT (usine de Xeuilley);2021;Air;Naphthalène;286;kg/an
0006201610;SFTR;2021;Air;Méthane (CH4);237000;kg/an
0006200725;VICAT (usine de Xeuilley);2021;Air;Oxydes de soufre (SOx/SO2);548000;kg/an
0006200725;VICAT (usine de Xeuilley);2021;Air;Oxydes d'azote (NOx/NO2);365000;kg/an
0006200725;VICAT (usine de Xeuilley);2021;Air;Dioxyde de carbone (CO2) d'origine non biomasse;284000000;kg/an
0006200725;VICAT (usine de Xeuilley);2021;Air;Dioxyde de carbone (CO2) total (d'origine biomasse et non biomasse);347000000;kg/an
0006200776;ARCELORMITTAL CF;2021;Air;Composés organiques volatils non méthaniques (COVNM);47600;kg/an
0006201724;SEDE ENVIRONNEMENT;2021;Air;Ammoniac (NH3);13100;kg/an
0006201748;URSA France SAS;2021;Air;Ammoniac (NH3);53800;kg/an
0006200776;ARCELORMITTAL CF;2021;Air;Dioxyde de carbone (CO2) d'origine non biomasse;27300000;kg/an
0006201748;URSA France SAS;2021;Air;Cadmium et composés (exprimés en tant que Cd);24.6;kg/an
0006201748;URSA France SAS;2021;Air;Composés organiques volatils non méthaniques (COVNM);307000;kg/an
0006200776;ARCELORMITTAL CF;2021;Air;Dioxyde de carbone (CO2) total (d'origine biomasse et non biomasse);27300000;kg/an
0006201748;URSA France SAS;2021;Air;Phénols (en tant que C total);1630;kg/an
0006200802;INEOS COMPOSITES FRANCE (ASHLAND FRANCE);2021;Air;Composés organiques volatils non méthaniques (COVNM);52000;kg/an
0006201759;ARKEMA FRANCE;2021;Air;Composés organiques volatils non méthaniques (COVNM);348000;kg/an
0006201759;ARKEMA FRANCE;2021;Air;Hydroflurocarbures (HFC);495;kg/an
0006201759;ARKEMA FRANCE;2021;Air;Dioxyde de carbone (CO2) d'origine non biomasse;152000000;kg/an
0006200900;CARRIERES ET FOURS A CHAUX DE DUGNY;2021;Air;Dioxyde de carbone (CO2) d'origine biomasse;10600000;kg/an
0006201759;ARKEMA FRANCE;2021;Air;Dioxyde de carbone (CO2) total (d'origine biomasse et non biomasse);152000000;kg/an
0006201759;ARKEMA FRANCE;2021;Eau (indirect);1,2-dichloroéthane (DCE - chlorure d'éthylène);24;kg/an
0006201759;ARKEMA FRANCE;2021;Eau (indirect);Fer et composés (exprimés en tant que Fe);10400;kg/an
0006200900;CARRIERES ET FOURS A CHAUX DE DUGNY;2021;Air;Oxydes d'azote (NOx/NO2);145000;kg/an
0006201759;ARKEMA FRANCE;2021;Eau (indirect);Manganèse et composés (exprimés en tant que Mn);1040;kg/an
0006201759;ARKEMA FRANCE;2021;Eau (indirect);Nickel et composés (exprimés en tant que Ni);55;kg/an
0006200900;CARRIERES ET FOURS A CHAUX DE DUGNY;2021;Air;Dioxyde de carbone (CO2) d'origine non biomasse;371000000;kg/an
0006201759;ARKEMA FRANCE;2021;Eau (indirect);Zinc et composés (exprimés en tant que Zn);257;kg/an
0006200900;CARRIERES ET FOURS A CHAUX DE DUGNY;2021;Air;Dioxyde de carbone (CO2) total (d'origine biomasse et non biomasse);381000000;kg/an
0006201829;AMCOR FLEXIBLES SARREBOURG SAS;2021;Air;Composés organiques volatils non méthaniques (COVNM);347000;kg/an
0006200909;AHLSTROM-MUNKSJÖ STENAY SAS;2021;Air;Dioxyde de carbone (CO2) d'origine non biomasse;26500000;kg/an
0006201829;AMCOR FLEXIBLES SARREBOURG SAS;2021;Air;Dioxyde de carbone (CO2) d'origine non biomasse;10900000;kg/an
0006201829;AMCOR FLEXIBLES SARREBOURG SAS;2021;Air;Dioxyde de carbone (CO2) total (d'origine biomasse et non biomasse);10900000;kg/an
0006200909;AHLSTROM-MUNKSJÖ STENAY SAS;2021;Air;Dioxyde de carbone (CO2) total (d'origine biomasse et non biomasse);26500000;kg/an
0006201887;ArcelorMittal France - Train à chaud;2021;Air;Oxydes d'azote (NOx/NO2);195000;kg/an
0006201887;ArcelorMittal France - Train à chaud;2021;Eau (direct);Fer et composés (exprimés en tant que Fe);4270;kg/an
0006200920;SUEZ RV MEUSE (ex-MEUSE ENERGIE);2021;Air;Dioxyde de carbone (CO2) d'origine biomasse;10200000;kg/an
0006200920;SUEZ RV MEUSE (ex-MEUSE ENERGIE);2021;Air;Dioxyde de carbone (CO2) total (d'origine biomasse et non biomasse);17900000;kg/an
0006201894;ArcelorMittal France - Cokerie;2021;Air;Hydrochlorofluorocarbures (HCFC);2.08;kg/an
0006200921;RHOVYL;2021;Air;Composés organiques volatils non méthaniques (COVNM);34100;kg/an
0006201894;ArcelorMittal France - Cokerie;2021;Eau (direct);Fluoranthène;1.73;kg/an
0006201922;SUEZ RV NORD EST;2021;Air;Dioxyde de carbone (CO2) d'origine biomasse;17500000;kg/an
0006200921;RHOVYL;2021;Air;Sulfure de carbone;60600;kg/an
0006201922;SUEZ RV NORD EST;2021;Air;Méthane (CH4);948000;kg/an
0006201922;SUEZ RV NORD EST;2021;Air;Dioxyde de carbone (CO2) total (d'origine biomasse et non biomasse);17500000;kg/an
0006200938;VALTRIS ENTERPRISES FRANCE SAS;2021;Air;Composés organiques volatils non méthaniques (COVNM);215000;kg/an
0006200938;VALTRIS ENTERPRISES FRANCE SAS;2021;Air;Sulfure d'hydrogène (H2S);13300;kg/an
0006200938;VALTRIS ENTERPRISES FRANCE SAS;2021;Air;Dioxyde de carbone (CO2) d'origine non biomasse;26600000;kg/an
0006201943;SOCIETE MECANIQUE AUTOMOBILE DE L'EST (SMAE);2021;Air;Hydroflurocarbures (HFC);122;kg/an
0006200938;VALTRIS ENTERPRISES FRANCE SAS;2021;Air;Dioxyde de carbone (CO2) total (d'origine biomasse et non biomasse);26600000;kg/an
0006200939;LACTO SERUM FRANCE;2021;Air;Dioxyde de carbone (CO2) d'origine non biomasse;30000000;kg/an
0006202054;ArcelorMittal France - Packaging;2021;Eau (direct);Chrome et composés (exprimés en tant que Cr);130;kg/an
0006200939;LACTO SERUM FRANCE;2021;Air;Dioxyde de carbone (CO2) total (d'origine biomasse et non biomasse);30000000;kg/an
0006202054;ArcelorMittal France - Packaging;2021;Eau (direct);Demande chimique en oxygène (DCO);162000;kg/an
0006202054;ArcelorMittal France - Packaging;2021;Eau (direct);Fer et composés (exprimés en tant que Fe);5100;kg/an
0006200942;CFR Compagnie des Fromages & Richemonts;2021;Sol;Fer et composés (exprimés en tant que Fe);27300;kg/an
0006202068;MUNKSJÖ ARCHES;2021;Air;Dioxyde de carbone (CO2) d'origine non biomasse;26400000;kg/an
0006200942;CFR Compagnie des Fromages & Richemonts;2021;Sol;Phosphore total;20500;kg/an
0006202068;MUNKSJÖ ARCHES;2021;Air;Dioxyde de carbone (CO2) total (d'origine biomasse et non biomasse);26400000;kg/an
0006202068;MUNKSJÖ ARCHES;2021;Eau (direct);Mercure et composés (exprimés en tant que Hg);2;kg/an
0006200952;CET d'ABONCOURT;2021;Air;Méthane (CH4);280000;kg/an
0006202114;UNION LAITIERE VITTELOISE;2021;Air;Hydrochlorofluorocarbures (HCFC);2;kg/an
0006202114;UNION LAITIERE VITTELOISE;2021;Air;Hydroflurocarbures (HFC);181;kg/an
0006201020;EUROSERUM;2021;Eau (indirect);Demande chimique en oxygène (DCO);275000;kg/an
0006202114;UNION LAITIERE VITTELOISE;2021;Sol;Phosphore total;59400;kg/an
0006202118;TOILTECH (ex.Yeramex);2021;Air;Dioxyde de carbone (CO2) d'origine non biomasse;11600000;kg/an
0006201020;EUROSERUM;2021;Eau (indirect);Phosphore total;6590;kg/an
0006202118;TOILTECH (ex.Yeramex);2021;Air;Dioxyde de carbone (CO2) total (d'origine biomasse et non biomasse);11600000;kg/an
0006201168;ELYO NORD EST COFELY - Farébersviller;2021;Air;Dioxyde de carbone (CO2) total (d'origine biomasse et non biomasse);10000000;kg/an
0006201196;SUEZ RV Nord Est;2021;Air;Dioxyde de carbone (CO2) d'origine biomasse;11400000;kg/an
0006201196;SUEZ RV Nord Est;2021;Air;Méthane (CH4);453000;kg/an
0006202135;TRANE Charmes;2021;Air;Hydroflurocarbures (HFC);4420;kg/an
0006201196;SUEZ RV Nord Est;2021;Air;Dioxyde de carbone (CO2) total (d'origine biomasse et non biomasse);11400000;kg/an
0006202229;PAPETERIES DE CLAIREFONTAINE;2021;Air;Dioxyde de carbone (CO2) d'origine non biomasse;76000000;kg/an
0006201203;SOVITEC FRANCE SAS;2021;Air;Dioxyde de carbone (CO2) d'origine non biomasse;13700000;kg/an
0006202229;PAPETERIES DE CLAIREFONTAINE;2021;Air;Dioxyde de carbone (CO2) total (d'origine biomasse et non biomasse);76000000;kg/an
0006202256;OI France SAS;2021;Air;Chlore et composés inorganiques (en tant que HCl);18400;kg/an
0006201203;SOVITEC FRANCE SAS;2021;Air;Dioxyde de carbone (CO2) total (d'origine biomasse et non biomasse);13700000;kg/an
0006202256;OI France SAS;2021;Air;Oxydes de soufre (SOx/SO2);461000;kg/an
0006202256;OI France SAS;2021;Air;Oxydes d'azote (NOx/NO2);594000;kg/an
0006204536;GRT Gaz - Station Morelmaison;2021;Air;Dioxyde de carbone (CO2) d'origine non biomasse;24400000;kg/an
0006202256;OI France SAS;2021;Air;Plomb et composés (exprimés en tant que Pb);255;kg/an
0006202256;OI France SAS;2021;Air;Dioxyde de carbone (CO2) d'origine non biomasse;95200000;kg/an
0006202256;OI France SAS;2021;Air;Dioxyde de carbone (CO2) total (d'origine biomasse et non biomasse);95200000;kg/an
0006202256;OI France SAS;2021;Air;Sélénium;110;kg/an
0006204536;GRT Gaz - Station Morelmaison;2021;Air;Dioxyde de carbone (CO2) total (d'origine biomasse et non biomasse);24400000;kg/an
0006204550;GIE DU NOIR RUXEL - PARMENTELAT;2021;Eau (indirect);Nonylphénols et éthoxylates de nonylphénol (NP/NPE);2;kg/an
0006202274;NORSKE SKOG;2021;Air;Ammoniac (NH3);56700;kg/an
0006202274;NORSKE SKOG;2021;Air;Chlore et composés inorganiques (en tant que HCl);12200;kg/an
0006202274;NORSKE SKOG;2021;Air;Dioxyde de carbone (CO2) d'origine biomasse;249000000;kg/an
0006204578;SAS SABEST;2021;Eau (indirect);Demande biologique en oxygène (DBO5);95300;kg/an
0006202274;NORSKE SKOG;2021;Air;Mercure et composés (exprimés en tant que Hg);35.1;kg/an
0006202274;NORSKE SKOG;2021;Air;Oxydes d'azote (NOx/NO2);574000;kg/an
0006202274;NORSKE SKOG;2021;Air;Dioxyde de carbone (CO2) d'origine non biomasse;27700000;kg/an
0006204578;SAS SABEST;2021;Eau (indirect);Demande chimique en oxygène (DCO);180000;kg/an
0006202274;NORSKE SKOG;2021;Air;Dioxyde de carbone (CO2) total (d'origine biomasse et non biomasse);277000000;kg/an
0006202274;NORSKE SKOG;2021;Eau (direct);Aluminium et composés (exprimés en tant que Al);3050;kg/an
0006204691;COGESTAR (Papeterie Arjo Wiggins);2021;Air;Dioxyde de carbone (CO2) d'origine non biomasse;20600000;kg/an
0006202274;NORSKE SKOG;2021;Eau (direct);Arsenic et composés (exprimés en tant que As);18.4;kg/an
0006202274;NORSKE SKOG;2021;Eau (direct);Cyanures (sous forme de CN total);322;kg/an
0006202274;NORSKE SKOG;2021;Eau (direct);Demande chimique en oxygène (DCO);1050000;kg/an
0006202307;LUCART SAS (ex NOVATISSUE);2021;Air;Dioxyde de carbone (CO2) d'origine non biomasse;21800000;kg/an
0006204691;COGESTAR (Papeterie Arjo Wiggins);2021;Air;Dioxyde de carbone (CO2) total (d'origine biomasse et non biomasse);20600000;kg/an
0006202307;LUCART SAS (ex NOVATISSUE);2021;Air;Dioxyde de carbone (CO2) total (d'origine biomasse et non biomasse);21800000;kg/an
0006202307;LUCART SAS (ex NOVATISSUE);2021;Eau (direct);Demande chimique en oxygène (DCO);220000;kg/an
0006202307;LUCART SAS (ex NOVATISSUE);2021;Sol;Chrome et composés (exprimés en tant que Cr);111;kg/an
0006202307;LUCART SAS (ex NOVATISSUE);2021;Sol;Cuivre et composés (exprimés en tant que Cu);217;kg/an
0006204851;INTERPANE GLASS France;2021;Air;Oxydes de soufre (SOx/SO2);291000;kg/an
0006202307;LUCART SAS (ex NOVATISSUE);2021;Sol;Nickel et composés (exprimés en tant que Ni);62;kg/an
0006202307;LUCART SAS (ex NOVATISSUE);2021;Sol;Plomb et composés (exprimés en tant que Pb);33;kg/an
0006204851;INTERPANE GLASS France;2021;Air;Oxydes d'azote (NOx/NO2);257000;kg/an
0006202307;LUCART SAS (ex NOVATISSUE);2021;Sol;Zinc et composés (exprimés en tant que Zn);1030;kg/an
0006202307;LUCART SAS (ex NOVATISSUE);2021;Sol;PCBi : somme des 7 PCB indicateurs (PCB 28+PCB 52+PCB 101+PCB 118+PCB 138+PCB 153+PCB 180);0.94;kg/an
0006204851;INTERPANE GLASS France;2021;Air;Dioxyde de carbone (CO2) d'origine non biomasse;137000000;kg/an
0006202326;SUEZ RV NORD EST;2021;Air;Méthane (CH4);151000;kg/an
0006202341;TSA  INOX;2021;Eau (direct);Nickel et composés (exprimés en tant que Ni);46.7;kg/an
0006204851;INTERPANE GLASS France;2021;Air;Dioxyde de carbone (CO2) total (d'origine biomasse et non biomasse);137000000;kg/an
0006204953;ELIS LORRAINE/PIERRETTE TBA;2021;Eau (indirect);Demande biologique en oxygène (DBO5);44000;kg/an
0006202392;FENIIX SUEZ RV ENERGIE Rambervillers;2021;Air;Dioxyde de carbone (CO2) d'origine non biomasse;47700000;kg/an
0006202392;FENIIX SUEZ RV ENERGIE Rambervillers;2021;Air;Dioxyde de carbone (CO2) total (d'origine biomasse et non biomasse);47700000;kg/an
0006204993;HAGANIS;2021;Air;Dioxyde de carbone (CO2) d'origine biomasse;51800000;kg/an
0006202396;EGGER PANNEAUX ET DECORS;2021;Air;Aldéhyde formique (formaldéhyde);6030;kg/an
0006202396;EGGER PANNEAUX ET DECORS;2021;Air;Composés organiques volatils non méthaniques (COVNM);87900;kg/an
0006202396;EGGER PANNEAUX ET DECORS;2021;Air;Dioxyde de carbone (CO2) d'origine biomasse;160000000;kg/an
0006202396;EGGER PANNEAUX ET DECORS;2021;Air;Monoxyde de carbone (CO);737000;kg/an
0006204993;HAGANIS;2021;Air;Dioxyde de carbone (CO2) d'origine non biomasse;39100000;kg/an
0006202396;EGGER PANNEAUX ET DECORS;2021;Air;Oxydes d'azote (NOx/NO2);502000;kg/an
0006202396;EGGER PANNEAUX ET DECORS;2021;Air;Dioxyde de carbone (CO2) total (d'origine biomasse et non biomasse);166000000;kg/an
0006204993;HAGANIS;2021;Air;Dioxyde de carbone (CO2) total (d'origine biomasse et non biomasse);90900000;kg/an
0006205051;WELLMAN NEUFCHATEAU RECYCLAGE;2021;Eau (indirect);Demande biologique en oxygène (DBO5);49800;kg/an
0006202416;SOCIETE DES CARRIERES DE L'EST;2021;Air;Particules (PM10);72100;kg/an
0006205449;SOCIETE DES FOURS A CHAUX DE SORCY;2021;Air;Benzène;1140;kg/an
0006202416;SOCIETE DES CARRIERES DE L'EST;2021;Air;Poussières totales;197000;kg/an
0006205449;SOCIETE DES FOURS A CHAUX DE SORCY;2021;Air;Dioxyde de carbone (CO2) d'origine biomasse;11200000;kg/an
0006205449;SOCIETE DES FOURS A CHAUX DE SORCY;2021;Air;Oxydes d'azote (NOx/NO2);296000;kg/an
0006202541;VISKASE;2021;Air;Sulfure de carbone;453000;kg/an
0006205449;SOCIETE DES FOURS A CHAUX DE SORCY;2021;Air;Dioxyde de carbone (CO2) d'origine non biomasse;330000000;kg/an
0006202541;VISKASE;2021;Air;Dioxyde de carbone (CO2) d'origine non biomasse;10400000;kg/an
0006202541;VISKASE;2021;Air;Dioxyde de carbone (CO2) total (d'origine biomasse et non biomasse);10400000;kg/an
0006205449;SOCIETE DES FOURS A CHAUX DE SORCY;2021;Air;Dioxyde de carbone (CO2) total (d'origine biomasse et non biomasse);341000000;kg/an
0006202541;VISKASE;2021;Eau (direct);Sulfates;3460000;kg/an
0006202575;SEMO PACKAGING VOSGES;2021;Air;Composés organiques volatils non méthaniques (COVNM);46900;kg/an
0006202608;ENGIE COFELY (Ex ELYO);2021;Air;Dioxyde de carbone (CO2) d'origine biomasse;10600000;kg/an
0006202608;ENGIE COFELY (Ex ELYO);2021;Air;Dioxyde de carbone (CO2) total (d'origine biomasse et non biomasse);15000000;kg/an
0006205653;AUCHAN Mont St Martin;2021;Air;Hydroflurocarbures (HFC);621;kg/an
0006206235;PAPETERIES DES VOSGES;2021;Air;Dioxyde de carbone (CO2) d'origine biomasse;18100000;kg/an
0006206235;PAPETERIES DES VOSGES;2021;Air;Dioxyde de carbone (CO2) total (d'origine biomasse et non biomasse);24900000;kg/an
0006206235;PAPETERIES DES VOSGES;2021;Eau (indirect);Demande biologique en oxygène (DBO5);207000;kg/an
0006206235;PAPETERIES DES VOSGES;2021;Eau (indirect);Demande chimique en oxygène (DCO);372000;kg/an
0006203962;EQIOM;2021;Air;Poussières totales;967000;kg/an
0006206498;GRT GAZ -Station de Laneuvelotte;2021;Air;Méthane (CH4);161000;kg/an
0006204536;GRT Gaz - Station Morelmaison;2021;Air;Méthane (CH4);232000;kg/an
0006206515;COGESTAR 2;2021;Air;Dioxyde de carbone (CO2) d'origine non biomasse;28300000;kg/an
0006206515;COGESTAR 2;2021;Air;Dioxyde de carbone (CO2) total (d'origine biomasse et non biomasse);28300000;kg/an
0006206553;DALKIA;2021;Air;Dioxyde de carbone (CO2) d'origine non biomasse;47700000;kg/an
0006206553;DALKIA;2021;Air;Dioxyde de carbone (CO2) total (d'origine biomasse et non biomasse);47700000;kg/an
0006207102;TPF;2021;Air;Dioxyde de carbone (CO2) d'origine non biomasse;27700000;kg/an
0006207102;TPF;2021;Air;Dioxyde de carbone (CO2) total (d'origine biomasse et non biomasse);27700000;kg/an
0006300981;Fromageries Bel Production France;2021;Air;Dioxyde de carbone (CO2) total (d'origine biomasse et non biomasse);10800000;kg/an
0006207102;TPF;2021;Eau (direct);Cadmium et composés (exprimés en tant que Cd);1.1;kg/an
0006207102;TPF;2021;Eau (direct);Fer et composés (exprimés en tant que Fe);10800;kg/an
0006207102;TPF;2021;Eau (direct);Manganèse et composés (exprimés en tant que Mn);1120;kg/an
0006207102;TPF;2021;Eau (direct);Phénols (en tant que C total);34.3;kg/an
0006300987;FMGC;2021;Air;Composés organiques volatils non méthaniques (COVNM);129000;kg/an
0006207102;TPF;2021;Eau (direct);Zinc et composés (exprimés en tant que Zn);888;kg/an
0006300987;FMGC;2021;Air;Dioxyde de carbone (CO2) d'origine non biomasse;35100000;kg/an
0006207145;ARKEMA FRANCE;2021;Eau (direct);1,2-dichloroéthane (DCE - chlorure d'éthylène);24.6;kg/an
0006300987;FMGC;2021;Air;Dioxyde de carbone (CO2) total (d'origine biomasse et non biomasse);35100000;kg/an
0006207145;ARKEMA FRANCE;2021;Eau (direct);Cadmium et composés (exprimés en tant que Cd);2.07;kg/an
0006300988;FLEURY MICHON LS;2021;Eau (indirect);Demande biologique en oxygène (DBO5);134000;kg/an
0006207145;ARKEMA FRANCE;2021;Eau (direct);Cuivre et composés (exprimés en tant que Cu);77.8;kg/an
0006300988;FLEURY MICHON LS;2021;Eau (indirect);Demande chimique en oxygène (DCO);249000;kg/an
0006300988;FLEURY MICHON LS;2021;Eau (indirect);Phosphore total;5480;kg/an
0006207145;ARKEMA FRANCE;2021;Eau (direct);Cyanures (sous forme de CN total);50.8;kg/an
0006300990;FLEURY MICHON LS;2021;Eau (direct);Demande biologique en oxygène (DBO5);81900;kg/an
0006207145;ARKEMA FRANCE;2021;Eau (direct);Fer et composés (exprimés en tant que Fe);22700;kg/an
0006207145;ARKEMA FRANCE;2021;Eau (direct);Manganèse et composés (exprimés en tant que Mn);2370;kg/an
0006300991;BOUYER LEROUX SA;2021;Air;Méthane (CH4);193000;kg/an
0006207145;ARKEMA FRANCE;2021;Eau (direct);Nickel et composés (exprimés en tant que Ni);157;kg/an
0006301007;HERBIGNAC CHEESE INGREDIENTS;2021;Air;Dioxyde de carbone (CO2) d'origine biomasse;28500000;kg/an
0006207145;ARKEMA FRANCE;2021;Eau (direct);Phénols (en tant que C total);44;kg/an
0006301007;HERBIGNAC CHEESE INGREDIENTS;2021;Air;Dioxyde de carbone (CO2) d'origine non biomasse;10500000;kg/an
0006301007;HERBIGNAC CHEESE INGREDIENTS;2021;Air;Dioxyde de carbone (CO2) total (d'origine biomasse et non biomasse);38900000;kg/an
0006207145;ARKEMA FRANCE;2021;Eau (direct);Plomb et composés (exprimés en tant que Pb);21.7;kg/an
0006207145;ARKEMA FRANCE;2021;Eau (direct);Zinc et composés (exprimés en tant que Zn);1500;kg/an
0006301010;SOCIETE LAITIERE DE MAYENNE;2021;Air;Dioxyde de carbone (CO2) d'origine non biomasse;25000000;kg/an
0006207160;SFTR;2021;Air;Méthane (CH4);155000;kg/an
0006301010;SOCIETE LAITIERE DE MAYENNE;2021;Air;Dioxyde de carbone (CO2) total (d'origine biomasse et non biomasse);25000000;kg/an
0006301010;SOCIETE LAITIERE DE MAYENNE;2021;Sol;Zinc et composés (exprimés en tant que Zn);101;kg/an
0006207453;GAZEL ENERGIE GENERATION;2021;Eau (direct);Arsenic et composés (exprimés en tant que As);6.6;kg/an
0006301017;SPBI;2021;Air;Composés organiques volatils non méthaniques (COVNM);48100;kg/an
0006207453;GAZEL ENERGIE GENERATION;2021;Eau (direct);Cadmium et composés (exprimés en tant que Cd);8.4;kg/an
0006207453;GAZEL ENERGIE GENERATION;2021;Eau (direct);Manganèse et composés (exprimés en tant que Mn);1600;kg/an
0006301021;Fromageries BEL Production France;2021;Sol;Phosphore total;10900;kg/an
0006207453;GAZEL ENERGIE GENERATION;2021;Eau (direct);Nickel et composés (exprimés en tant que Ni);66;kg/an
0006207453;GAZEL ENERGIE GENERATION;2021;Eau (direct);Zinc et composés (exprimés en tant que Zn);496;kg/an
0006301049;ARC EN CIEL;2021;Air;Dioxyde de carbone (CO2) d'origine biomasse;46700000;kg/an
0006207526;FROMAGERIE HENRI HUTIN;2021;Air;Dioxyde de carbone (CO2) d'origine non biomasse;18300000;kg/an
0006301049;ARC EN CIEL;2021;Air;Dioxyde de carbone (CO2) d'origine non biomasse;36100000;kg/an
0006301049;ARC EN CIEL;2021;Air;Dioxyde de carbone (CO2) total (d'origine biomasse et non biomasse);82800000;kg/an
0006207526;FROMAGERIE HENRI HUTIN;2021;Air;Dioxyde de carbone (CO2) total (d'origine biomasse et non biomasse);18300000;kg/an
0006301068;ERENA (ENGIE RESEAUX);2021;Air;Dioxyde de carbone (CO2) d'origine biomasse;22900000;kg/an
0006207572;INEOS Polymers SARRALBE SAS;2021;Air;Composés organiques volatils non méthaniques (COVNM);1750000;kg/an
0006301068;ERENA (ENGIE RESEAUX);2021;Air;Dioxyde de carbone (CO2) total (d'origine biomasse et non biomasse);26200000;kg/an
0006207572;INEOS Polymers SARRALBE SAS;2021;Air;Oxydes de soufre (SOx/SO2);373000;kg/an
0006207572;INEOS Polymers SARRALBE SAS;2021;Air;Oxydes d'azote (NOx/NO2);194000;kg/an
0006301085;EURIAL POITOURAINE;2021;Eau (indirect);Demande biologique en oxygène (DBO5);221000;kg/an
0006301085;EURIAL POITOURAINE;2021;Eau (indirect);Demande chimique en oxygène (DCO);605000;kg/an
0006207572;INEOS Polymers SARRALBE SAS;2021;Air;Dioxyde de carbone (CO2) d'origine non biomasse;136000000;kg/an
0006207572;INEOS Polymers SARRALBE SAS;2021;Air;Dioxyde de carbone (CO2) total (d'origine biomasse et non biomasse);136000000;kg/an
0006301096;TDV INDUSTRIES;2021;Eau (indirect);Demande biologique en oxygène (DBO5);56000;kg/an
0006207572;INEOS Polymers SARRALBE SAS;2021;Eau (direct);Titane et composés (exprimés en tant que Ti);314;kg/an
0006301096;TDV INDUSTRIES;2021;Eau (indirect);Demande chimique en oxygène (DCO);245000;kg/an
0006301096;TDV INDUSTRIES;2021;Eau (indirect);Mercure et composés (exprimés en tant que Hg);6.27;kg/an
0006208086;Seev;2021;Air;Dioxyde de carbone (CO2) d'origine biomasse;10700000;kg/an
0006301096;TDV INDUSTRIES;2021;Eau (indirect);Phénols (en tant que C total);61.2;kg/an
0006208086;Seev;2021;Air;Dioxyde de carbone (CO2) d'origine non biomasse;13500000;kg/an
0006301099;COMPAGNIE EUROPEENNE DE TANNAGE-CET;2021;Eau (indirect);Azote total;101000;kg/an
0006208086;Seev;2021;Air;Dioxyde de carbone (CO2) total (d'origine biomasse et non biomasse);24200000;kg/an
0006301099;COMPAGNIE EUROPEENNE DE TANNAGE-CET;2021;Eau (indirect);Chrome et composés (exprimés en tant que Cr);13900;kg/an
0006301099;COMPAGNIE EUROPEENNE DE TANNAGE-CET;2021;Eau (indirect);Demande biologique en oxygène (DBO5);750000;kg/an
0006208313;TOUL POWER SAS;2021;Air;Oxydes d'azote (NOx/NO2);177000;kg/an
0006301099;COMPAGNIE EUROPEENNE DE TANNAGE-CET;2021;Eau (indirect);Demande chimique en oxygène (DCO);1830000;kg/an
0006301099;COMPAGNIE EUROPEENNE DE TANNAGE-CET;2021;Eau (indirect);Matières en suspension (MES);859000;kg/an
0006208313;TOUL POWER SAS;2021;Air;Dioxyde de carbone (CO2) d'origine non biomasse;556000000;kg/an
0006208313;TOUL POWER SAS;2021;Air;Dioxyde de carbone (CO2) total (d'origine biomasse et non biomasse);556000000;kg/an
0006208533;SUEZ RV NORD EST;2021;Air;Dioxyde de carbone (CO2) d'origine biomasse;11700000;kg/an
0006301117;ARCELORMITTAL FRANCE;2021;Air;Dioxyde de carbone (CO2) d'origine non biomasse;24400000;kg/an
0006301117;ARCELORMITTAL FRANCE;2021;Air;Dioxyde de carbone (CO2) total (d'origine biomasse et non biomasse);24400000;kg/an
0006208533;SUEZ RV NORD EST;2021;Air;Méthane (CH4);498000;kg/an
0006301125;SOFIVO SAS;2021;Sol;Phosphore total;66800;kg/an
0006208533;SUEZ RV NORD EST;2021;Air;Dioxyde de carbone (CO2) total (d'origine biomasse et non biomasse);11700000;kg/an
0006301128;SODEBO;2021;Air;Hydroflurocarbures (HFC);592;kg/an
0006208760;BIOFELY (Centrale Biomasse ENGIE Cofely);2021;Air;Dioxyde de carbone (CO2) d'origine biomasse;76500000;kg/an
0006301139;BSN medical SAS;2021;Air;Composés organiques volatils non méthaniques (COVNM);70300;kg/an
0006301139;BSN medical SAS;2021;Air;Dichlorométhane (DCM, chlorure de méthylène);10100;kg/an
0006208760;BIOFELY (Centrale Biomasse ENGIE Cofely);2021;Air;Dioxyde de carbone (CO2) total (d'origine biomasse et non biomasse);76500000;kg/an
0006300757;SEDEP SAS;2021;Eau (direct);Manganèse et composés (exprimés en tant que Mn);1570;kg/an
0006301144;ZaCh System SA;2021;Air;Composés organiques volatils non méthaniques (COVNM);56400;kg/an
0006300877;MICHELIN;2021;Air;Composés organiques volatils non méthaniques (COVNM);74400;kg/an
0006300877;MICHELIN;2021;Air;Dioxyde de carbone (CO2) d'origine biomasse;13200000;kg/an
0006301147;BUISARD S.A.;2021;Air;Composés organiques volatils non méthaniques (COVNM);42000;kg/an
0006300877;MICHELIN;2021;Air;Dioxyde de carbone (CO2) d'origine non biomasse;20600000;kg/an
0006301155;SERTA SAS;2021;Air;Composés organiques volatils non méthaniques (COVNM);30300;kg/an
0006300877;MICHELIN;2021;Air;Dioxyde de carbone (CO2) total (d'origine biomasse et non biomasse);33900000;kg/an
0006301171;SARREL;2021;Eau (direct);Chloroforme (trichlorométhane);11.7;kg/an
0006300890;LTR INDUSTRIES;2021;Air;Dioxyde de carbone (CO2) d'origine biomasse;26100000;kg/an
0006300890;LTR INDUSTRIES;2021;Air;Dioxyde de carbone (CO2) total (d'origine biomasse et non biomasse);30400000;kg/an
0006301184;Auto Châssis International;2021;Air;Benzène;2040;kg/an
0006301184;Auto Châssis International;2021;Air;Composés organiques volatils non méthaniques (COVNM);38900;kg/an
0006301184;Auto Châssis International;2021;Air;Dioxyde de carbone (CO2) d'origine non biomasse;10700000;kg/an
0006300890;LTR INDUSTRIES;2021;Eau (direct);Demande chimique en oxygène (DCO);341000;kg/an
0006301184;Auto Châssis International;2021;Air;Dioxyde de carbone (CO2) total (d'origine biomasse et non biomasse);10700000;kg/an
0006301207;TOTALENERGIES RAFFINAGE FRANCE;2021;Air;Benzène;2810;kg/an
0006301207;TOTALENERGIES RAFFINAGE FRANCE;2021;Air;Composés organiques volatils non méthaniques (COVNM);500000;kg/an
0006301207;TOTALENERGIES RAFFINAGE FRANCE;2021;Air;Oxydes d'azote (NOx/NO2);117000;kg/an
0006300899;SAH LEDUC;2021;Air;Composés organiques volatils non méthaniques (COVNM);42700;kg/an
0006301207;TOTALENERGIES RAFFINAGE FRANCE;2021;Air;Dioxyde de carbone (CO2) d'origine non biomasse;139000000;kg/an
0006300905;SABOURIN SAS;2021;Air;Dioxyde de carbone (CO2) d'origine non biomasse;12600000;kg/an
0006301207;TOTALENERGIES RAFFINAGE FRANCE;2021;Air;Dioxyde de carbone (CO2) total (d'origine biomasse et non biomasse);139000000;kg/an
0006300905;SABOURIN SAS;2021;Air;Dioxyde de carbone (CO2) total (d'origine biomasse et non biomasse);12600000;kg/an
0006301207;TOTALENERGIES RAFFINAGE FRANCE;2021;Eau (direct);Fluorures (en tant que F total);3660;kg/an
0006300906;LAITERIE DU VAL D'ANCENIS;2021;Air;Dioxyde de carbone (CO2) d'origine non biomasse;23000000;kg/an
0006300906;LAITERIE DU VAL D'ANCENIS;2021;Air;Dioxyde de carbone (CO2) total (d'origine biomasse et non biomasse);23000000;kg/an
0006301217;EDF SA;2021;Air;Chlore et composés inorganiques (en tant que HCl);85700;kg/an
0006301217;EDF SA;2021;Air;Cobalt et composés (exprimés en tant que Co);17.4;kg/an
0006300906;LAITERIE DU VAL D'ANCENIS;2021;Eau (indirect);Demande biologique en oxygène (DBO5);385000;kg/an
0006301217;EDF SA;2021;Air;Fluor et composés inorganiques (en tant que HF);10600;kg/an
0006301217;EDF SA;2021;Air;Mercure et composés (exprimés en tant que Hg);11;kg/an
0006300906;LAITERIE DU VAL D'ANCENIS;2021;Eau (indirect);Demande chimique en oxygène (DCO);685000;kg/an
0006301217;EDF SA;2021;Air;Nickel et composés (exprimés en tant que Ni);114;kg/an
0006301217;EDF SA;2021;Air;Oxydes de soufre (SOx/SO2);1690000;kg/an
0006300906;LAITERIE DU VAL D'ANCENIS;2021;Eau (indirect);Phosphore total;14700;kg/an
0006301217;EDF SA;2021;Air;Oxydes d'azote (NOx/NO2);1760000;kg/an
0006301217;EDF SA;2021;Air;Protoxyde d'azote (N2O);35000;kg/an
0006300908;LAFARGEHOLCIM CIMENTS (usine cimenterie);2021;Air;Acide cyanhydrique (HCN);1380;kg/an
0006301217;EDF SA;2021;Air;Dioxyde de carbone (CO2) d'origine non biomasse;2394000000;kg/an
0006301217;EDF SA;2021;Air;Dioxyde de carbone (CO2) total (d'origine biomasse et non biomasse);2394000000;kg/an
0006301217;EDF SA;2021;Air;Vanadium et ses composés;69.9;kg/an
0006301217;EDF SA;2021;Eau (direct);Fer et composés (exprimés en tant que Fe);4750;kg/an
0006300908;LAFARGEHOLCIM CIMENTS (usine cimenterie);2021;Air;Ammoniac (NH3);51400;kg/an
0006300908;LAFARGEHOLCIM CIMENTS (usine cimenterie);2021;Air;Chlore et composés inorganiques (en tant que HCl);21400;kg/an
0006301239;KNAUF ILE DE FRANCE / OUEST - St Philbert du Peuple;2021;Air;Composés organiques volatils non méthaniques (COVNM);66100;kg/an
0006300908;LAFARGEHOLCIM CIMENTS (usine cimenterie);2021;Air;Cobalt et composés (exprimés en tant que Co);2620000;kg/an
0006301274;FOCAST CHATEAUBRIANT;2021;Air;Composés organiques volatils non méthaniques (COVNM);57300;kg/an
0006300908;LAFARGEHOLCIM CIMENTS (usine cimenterie);2021;Air;Composés organiques volatils non méthaniques (COVNM);50400;kg/an
0006300908;LAFARGEHOLCIM CIMENTS (usine cimenterie);2021;Air;Dioxyde de carbone (CO2) d'origine biomasse;155000000;kg/an
0006301292;SPPP;2021;Air;Composés organiques volatils non méthaniques (COVNM);123000;kg/an
0006300908;LAFARGEHOLCIM CIMENTS (usine cimenterie);2021;Air;Mercure et composés (exprimés en tant que Hg);51.7;kg/an
0006300908;LAFARGEHOLCIM CIMENTS (usine cimenterie);2021;Air;Oxydes d'azote (NOx/NO2);1600000;kg/an
0006300908;LAFARGEHOLCIM CIMENTS (usine cimenterie);2021;Air;Dioxyde de carbone (CO2) d'origine non biomasse;912000000;kg/an
0006300908;LAFARGEHOLCIM CIMENTS (usine cimenterie);2021;Air;Dioxyde de carbone (CO2) total (d'origine biomasse et non biomasse);1066000000;kg/an
0006301293;TRIVIUM PACKAGING;2021;Air;Composés organiques volatils non méthaniques (COVNM);61200;kg/an
0006301297;PAULSTRA SNC;2021;Air;Composés organiques volatils non méthaniques (COVNM);36700;kg/an
0006300911;HUHTAMAKI LA ROCHELLE - HLR;2021;Air;Dioxyde de carbone (CO2) d'origine non biomasse;14100000;kg/an
0006300911;HUHTAMAKI LA ROCHELLE - HLR;2021;Air;Dioxyde de carbone (CO2) total (d'origine biomasse et non biomasse);14100000;kg/an
0006301299;NORPAPER NANTES;2021;Air;Dioxyde de carbone (CO2) d'origine non biomasse;13900000;kg/an
0006301299;NORPAPER NANTES;2021;Air;Dioxyde de carbone (CO2) total (d'origine biomasse et non biomasse);13900000;kg/an
0006300911;HUHTAMAKI LA ROCHELLE - HLR;2021;Eau (direct);Demande biologique en oxygène (DBO5);81900;kg/an
0006301299;NORPAPER NANTES;2021;Eau (indirect);Demande biologique en oxygène (DBO5);433000;kg/an
0006301299;NORPAPER NANTES;2021;Eau (indirect);Demande chimique en oxygène (DCO);1150000;kg/an
0006300911;HUHTAMAKI LA ROCHELLE - HLR;2021;Eau (direct);Demande chimique en oxygène (DCO);188000;kg/an
0006301300;ARJO WIGGINS SAS- papeterie;2021;Eau (direct);Sulfonate de perfluorooctane (SPFO);0;kg/an
0006300914;SPBI JEANNEAU;2021;Air;Composés organiques volatils non méthaniques (COVNM);58500;kg/an
0006300918;YARA FRANCE;2021;Air;Ammoniac (NH3);15500;kg/an
0006300918;YARA FRANCE;2021;Air;Particules (PM10);191000;kg/an
0006300918;YARA FRANCE;2021;Air;Poussières totales;193000;kg/an
0006301310;BRANGEON Services;2021;Air;Méthane (CH4);353000;kg/an
0006300918;YARA FRANCE;2021;Air;Protoxyde d'azote (N2O);53000;kg/an
0006300918;YARA FRANCE;2021;Eau (direct);Azote total;99600;kg/an
0006301328;NADIC;2021;Air;Dioxyde de carbone (CO2) d'origine non biomasse;17000000;kg/an
0006300930;EVIOSYS;2021;Air;Composés organiques volatils non méthaniques (COVNM);112000;kg/an
0006300931;CARGILL FRANCE SAS;2021;Air;Composés organiques volatils non méthaniques (COVNM);260000;kg/an
0006300931;CARGILL FRANCE SAS;2021;Air;Dioxyde de carbone (CO2) d'origine non biomasse;26400000;kg/an
0006300931;CARGILL FRANCE SAS;2021;Air;Dioxyde de carbone (CO2) total (d'origine biomasse et non biomasse);26400000;kg/an
0006301328;NADIC;2021;Air;Dioxyde de carbone (CO2) total (d'origine biomasse et non biomasse);17000000;kg/an
0006300949;AIRBUS OPERATIONS SAS;2021;Air;Composés organiques volatils non méthaniques (COVNM);66900;kg/an
0006300949;AIRBUS OPERATIONS SAS;2021;Air;Hydroflurocarbures (HFC);243;kg/an
0006300949;AIRBUS OPERATIONS SAS;2021;Air;Dioxyde de carbone (CO2) d'origine non biomasse;10100000;kg/an
0006301343;LHOIST FRANCE OUEST;2021;Air;Dioxyde de carbone (CO2) d'origine non biomasse;199000000;kg/an
0006301343;LHOIST FRANCE OUEST;2021;Air;Dioxyde de carbone (CO2) total (d'origine biomasse et non biomasse);199000000;kg/an
0006300949;AIRBUS OPERATIONS SAS;2021;Air;Dioxyde de carbone (CO2) total (d'origine biomasse et non biomasse);10100000;kg/an
0006301359;SOCIÉTÉ INDUSTRIELLE DE SAINT FLORENT;2021;Air;Dioxyde de carbone (CO2) d'origine non biomasse;12400000;kg/an
0006301359;SOCIÉTÉ INDUSTRIELLE DE SAINT FLORENT;2021;Air;Dioxyde de carbone (CO2) total (d'origine biomasse et non biomasse);12400000;kg/an
0006300950;STELIA AEROSPACE;2021;Air;Composés organiques volatils non méthaniques (COVNM);42700;kg/an
0006300964;GENDREAU;2021;Eau (indirect);Demande biologique en oxygène (DBO5);55000;kg/an
0006301360;CELIA - LAITERIE DE CRAON;2021;Air;Dioxyde de carbone (CO2) d'origine non biomasse;23400000;kg/an
0006301360;CELIA - LAITERIE DE CRAON;2021;Air;Dioxyde de carbone (CO2) total (d'origine biomasse et non biomasse);23400000;kg/an
0006300974;ELENGY;2021;Air;Méthane (CH4);604000;kg/an
0006301362;ALLTUB FRANCE SAS;2021;Air;Composés organiques volatils non méthaniques (COVNM);58600;kg/an
0006300974;ELENGY;2021;Air;Dioxyde de carbone (CO2) d'origine non biomasse;45100000;kg/an
0006300974;ELENGY;2021;Air;Dioxyde de carbone (CO2) total (d'origine biomasse et non biomasse);45100000;kg/an
0006301411;CARGILL FRANCE SAS;2021;Air;Composés organiques volatils non méthaniques (COVNM);32800;kg/an
0006301411;CARGILL FRANCE SAS;2021;Air;Hydroflurocarbures (HFC);200;kg/an
0006300981;Fromageries Bel Production France;2021;Air;Dioxyde de carbone (CO2) d'origine non biomasse;10800000;kg/an
0006301411;CARGILL FRANCE SAS;2021;Air;Dioxyde de carbone (CO2) d'origine non biomasse;21100000;kg/an
0006301411;CARGILL FRANCE SAS;2021;Air;Dioxyde de carbone (CO2) total (d'origine biomasse et non biomasse);21100000;kg/an
0006302382;BOUYER LEROUX SA;2021;Air;Dioxyde de carbone (CO2) d'origine biomasse;21800000;kg/an
0006301413;GALLIANCE ANCENIS;2021;Eau (indirect);Demande chimique en oxygène (DCO);432000;kg/an
0006301415;MONDELEZ International;2021;Air;Ammoniac (NH3);86500;kg/an
0006302382;BOUYER LEROUX SA;2021;Air;Dioxyde de carbone (CO2) d'origine non biomasse;18500000;kg/an
0006302382;BOUYER LEROUX SA;2021;Air;Dioxyde de carbone (CO2) total (d'origine biomasse et non biomasse);40400000;kg/an
0006302469;GRAND SALOIR SAINT NICOLAS;2021;Eau (indirect);Demande biologique en oxygène (DBO5);59100;kg/an
0006301416;CANDIA;2021;Eau (indirect);Demande biologique en oxygène (DBO5);279000;kg/an
0006301416;CANDIA;2021;Eau (indirect);Demande chimique en oxygène (DCO);441000;kg/an
0006302514;COM COM BAUGEOIS VALLEE  ex :SMICTOM;2021;Eau (direct);Cadmium et composés (exprimés en tant que Cd);10.3;kg/an
0006301416;CANDIA;2021;Eau (indirect);Phosphore total;5920;kg/an
0006301453;ALCEA;2021;Air;Dioxyde de carbone (CO2) d'origine biomasse;60600000;kg/an
0006301453;ALCEA;2021;Air;Dioxyde de carbone (CO2) d'origine non biomasse;45700000;kg/an
0006301453;ALCEA;2021;Air;Dioxyde de carbone (CO2) total (d'origine biomasse et non biomasse);106000000;kg/an
0006302525;VALOR 3E;2021;Air;Méthane (CH4);154000;kg/an
0006302630;TOYOTA INDUSTRIAL EQUIPMENT;2021;Air;Composés organiques volatils non méthaniques (COVNM);33300;kg/an
0006301580;SUEZ RV Ouest;2021;Air;Méthane (CH4);192000;kg/an
0006302818;DALKIA FRANCE;2021;Air;Dioxyde de carbone (CO2) d'origine biomasse;10800000;kg/an
0006301622;CROMOLOGY RESEARCH & INDUSTRY OUEST;2021;Air;Composés organiques volatils non méthaniques (COVNM);44900;kg/an
0006301637;ENGIE Thermique France;2021;Air;Dioxyde de carbone (CO2) d'origine non biomasse;14500000;kg/an
0006301637;ENGIE Thermique France;2021;Air;Dioxyde de carbone (CO2) total (d'origine biomasse et non biomasse);14500000;kg/an
0006301709;STOROPACk France SAS site de saint sébastien sur loire;2021;Air;Composés organiques volatils non méthaniques (COVNM);73500;kg/an
0006302818;DALKIA FRANCE;2021;Air;Dioxyde de carbone (CO2) total (d'origine biomasse et non biomasse);12700000;kg/an
0006301730;YOPLAIT PRODUCTION FRANCE;2021;Eau (indirect);Azote total;58400;kg/an
0006301730;YOPLAIT PRODUCTION FRANCE;2021;Eau (indirect);Demande biologique en oxygène (DBO5);266000;kg/an
0006302833;SPBI;2021;Air;Composés organiques volatils non méthaniques (COVNM);33000;kg/an
0006301730;YOPLAIT PRODUCTION FRANCE;2021;Eau (indirect);Demande chimique en oxygène (DCO);1120000;kg/an
0006301730;YOPLAIT PRODUCTION FRANCE;2021;Eau (indirect);Matières en suspension (MES);480000;kg/an
0006301730;YOPLAIT PRODUCTION FRANCE;2021;Eau (indirect);Phosphore total;6240;kg/an
0006302840;SCHUR FLEXIBLE UNI FLEXO (ex SAC EMBAL);2021;Air;Composés organiques volatils non méthaniques (COVNM);161000;kg/an
0006301770;STX FRANCE SA;2021;Air;Composés organiques volatils non méthaniques (COVNM);170000;kg/an
0006303231;MCC NANTES FRANCE;2021;Air;Composés organiques volatils non méthaniques (COVNM);177000;kg/an
0006303238;CULTURES FRANCE CHAMPIGNON;2021;Air;Hydroflurocarbures (HFC);841;kg/an
0006303268;VIENNOISERIE LIGERIENNE;2021;Air;Hydroflurocarbures (HFC);165;kg/an
0006301804;DECOTEC;2021;Air;Composés organiques volatils non méthaniques (COVNM);53100;kg/an
0006303438;INITIAL SERVICES TEXTILES;2021;Eau (direct);Di(2-éthylhexyle)phtalate (DEHP);1.12;kg/an
0006303646;BOUYER LEROUX SA;2021;Air;Chlore et composés inorganiques (en tant que HCl);12400;kg/an
0006301913;NTN Transmissions Europe;2021;Air;Hydrochlorofluorocarbures (HCFC);1;kg/an
0006303646;BOUYER LEROUX SA;2021;Air;Dioxyde de carbone (CO2) d'origine biomasse;23700000;kg/an
0006303646;BOUYER LEROUX SA;2021;Air;Dioxyde de carbone (CO2) d'origine non biomasse;26700000;kg/an
0006303646;BOUYER LEROUX SA;2021;Air;Dioxyde de carbone (CO2) total (d'origine biomasse et non biomasse);50400000;kg/an
0006301945;MARIE SURGELES USINE;2021;Eau (indirect);Demande biologique en oxygène (DBO5);55800;kg/an
0006303739;COGENERATION DU BOURRAY (sté de);2021;Air;Dioxyde de carbone (CO2) d'origine non biomasse;11200000;kg/an
0006303739;COGENERATION DU BOURRAY (sté de);2021;Air;Dioxyde de carbone (CO2) total (d'origine biomasse et non biomasse);11200000;kg/an
0006302121;AMCOR FLEXIBLES MONTREUIL BELLAY SAS;2021;Air;Composés organiques volatils non méthaniques (COVNM);61200;kg/an
0006303878;GEVAL;2021;Air;Méthane (CH4);127000;kg/an
0006303901;TRIVALIS;2021;Air;Méthane (CH4);122000;kg/an
0006302141;SUEZ RV NORMANDIE SAS;2021;Air;Méthane (CH4);273000;kg/an
0006303911;PALAMY;2021;Air;Composés organiques volatils non méthaniques (COVNM);32700;kg/an
0006302155;CONSEIL DEPART CENTRE VALOR  ENERG;2021;Air;Dioxines et furanes (PCDD + PCDF) (exprimés en iTeq);16.3;kg/an
0006302155;CONSEIL DEPART CENTRE VALOR  ENERG;2021;Air;Dioxyde de carbone (CO2) d'origine biomasse;31400000;kg/an
0006303969;HUTCHINSON JEHIER;2021;Air;Composés organiques volatils non méthaniques (COVNM);71700;kg/an
0006302155;CONSEIL DEPART CENTRE VALOR  ENERG;2021;Air;Dioxyde de carbone (CO2) d'origine non biomasse;22800000;kg/an
0006302155;CONSEIL DEPART CENTRE VALOR  ENERG;2021;Air;Dioxyde de carbone (CO2) total (d'origine biomasse et non biomasse);54200000;kg/an
0006303984;PIGEON CHAUX SAS;2021;Air;Dioxyde de carbone (CO2) d'origine non biomasse;48500000;kg/an
0006302158;PRODUITS CHIMIQUES DE LUCETTE;2021;Air;Antimoine et composés (exprimés en tant que Sb);368;kg/an
0006303984;PIGEON CHAUX SAS;2021;Air;Dioxyde de carbone (CO2) total (d'origine biomasse et non biomasse);48500000;kg/an
0006304065;CAREA Façade SA;2021;Air;Composés organiques volatils non méthaniques (COVNM);30300;kg/an
0006304150;CET ENVIRONNEMENT;2021;Eau (direct);Chrome et composés (exprimés en tant que Cr);190;kg/an
0006302271;BRANGEON Recyclage;2021;Air;Ammoniac (NH3);10500;kg/an
0006304244;COGESTAR 3;2021;Air;Dioxyde de carbone (CO2) d'origine non biomasse;22200000;kg/an
0006302330;BARILLA FRANCE SAS;2021;Air;Hydroflurocarbures (HFC);255;kg/an
0006304244;COGESTAR 3;2021;Air;Dioxyde de carbone (CO2) total (d'origine biomasse et non biomasse);22200000;kg/an
0006304262;SEDA;2021;Air;Méthane (CH4);279000;kg/an
0006302331;EMSUR SPO SPOEX;2021;Air;Composés organiques volatils non méthaniques (COVNM);32300;kg/an
0006304271;TRIVALIS;2021;Air;Méthane (CH4);126000;kg/an
0006302382;BOUYER LEROUX SA;2021;Air;Composés organiques volatils non méthaniques (COVNM);38300;kg/an
0006304401;IMPRIMERIE POLLINA;2021;Air;Composés organiques volatils non méthaniques (COVNM);48900;kg/an
0006304830;ELIS MAINE;2021;Eau (indirect);Chloroforme (trichlorométhane);10.8;kg/an
0006304890;TRIADE ELECTRONIQUE;2021;Air;Chlorofluorocarbures (CFC);2.13;kg/an
0006400414;SUEZ RV ENERGIE;2021;Air;Dioxyde de carbone (CO2) d'origine non biomasse;77700000;kg/an
0006400414;SUEZ RV ENERGIE;2021;Air;Dioxyde de carbone (CO2) total (d'origine biomasse et non biomasse);180000000;kg/an
0006304981;WIENERBERGER SAS;2021;Air;Dioxyde de carbone (CO2) d'origine non biomasse;19800000;kg/an
0006304981;WIENERBERGER SAS;2021;Air;Dioxyde de carbone (CO2) total (d'origine biomasse et non biomasse);19800000;kg/an
0006305026;ENGIE Thermique France;2021;Air;Oxydes d'azote (NOx/NO2);150000;kg/an
0006400445;SMURFIT KAPPA PAPETERIE ALFA D'AVIGNON;2021;Air;Dioxyde de carbone (CO2) d'origine non biomasse;17600000;kg/an
0006400445;SMURFIT KAPPA PAPETERIE ALFA D'AVIGNON;2021;Air;Dioxyde de carbone (CO2) total (d'origine biomasse et non biomasse);17600000;kg/an
0006305026;ENGIE Thermique France;2021;Air;Protoxyde d'azote (N2O);23600;kg/an
0006400445;SMURFIT KAPPA PAPETERIE ALFA D'AVIGNON;2021;Eau (direct);Demande biologique en oxygène (DBO5);243000;kg/an
0006400445;SMURFIT KAPPA PAPETERIE ALFA D'AVIGNON;2021;Eau (direct);Demande chimique en oxygène (DCO);725000;kg/an
0006305026;ENGIE Thermique France;2021;Air;Dioxyde de carbone (CO2) d'origine non biomasse;528000000;kg/an
0006400451;GB FOODS PRODUCTION FRANCE SAS / LIEBIG;2021;Air;Hydroflurocarbures (HFC);160;kg/an
0006305026;ENGIE Thermique France;2021;Air;Dioxyde de carbone (CO2) total (d'origine biomasse et non biomasse);528000000;kg/an
0006400503;ROUSSELOT Isle sur Sorgue SAS;2021;Eau (direct);Azote total;57300;kg/an
0006400503;ROUSSELOT Isle sur Sorgue SAS;2021;Eau (direct);Chlorures (en tant que Cl total);15200000;kg/an
0006305027;GRT GAZ;2021;Air;Méthane (CH4);144000;kg/an
0006400503;ROUSSELOT Isle sur Sorgue SAS;2021;Sol;Cuivre et composés (exprimés en tant que Cu);68;kg/an
0006400503;ROUSSELOT Isle sur Sorgue SAS;2021;Sol;Fer et composés (exprimés en tant que Fe);138000;kg/an
0006400503;ROUSSELOT Isle sur Sorgue SAS;2021;Sol;Zinc et composés (exprimés en tant que Zn);679;kg/an
0006305094;SAINT GOBAIN ISOVER;2021;Air;Composés organiques volatils non méthaniques (COVNM);35100;kg/an
0006305094;SAINT GOBAIN ISOVER;2021;Air;Dioxyde de carbone (CO2) d'origine biomasse;27800000;kg/an
0006400533;ETEX France (ex SINIAT) Carpentras;2021;Air;Dioxyde de carbone (CO2) d'origine non biomasse;32300000;kg/an
0006305094;SAINT GOBAIN ISOVER;2021;Air;Oxydes d'azote (NOx/NO2);110000;kg/an
0006400533;ETEX France (ex SINIAT) Carpentras;2021;Air;Dioxyde de carbone (CO2) total (d'origine biomasse et non biomasse);32300000;kg/an
0006400568;VALSUD;2021;Air;Méthane (CH4);1430000;kg/an
0006305094;SAINT GOBAIN ISOVER;2021;Air;Dioxyde de carbone (CO2) total (d'origine biomasse et non biomasse);27800000;kg/an
0006400578;SUEZ RV MEDITERRANEE JDR (ex. SITA SUD);2021;Air;Méthane (CH4);763000;kg/an
0006305096;TRIVALIS;2021;Air;Méthane (CH4);119000;kg/an
0006305121;AIRBUS MONTOIR-DE-BRETAGNE;2021;Air;Composés organiques volatils non méthaniques (COVNM);70300;kg/an
0006400589;AIRBUS HELICOPTERS;2021;Air;Composés organiques volatils non méthaniques (COVNM);78200;kg/an
0006305121;AIRBUS MONTOIR-DE-BRETAGNE;2021;Air;Hydroflurocarbures (HFC);138;kg/an
0006400651;ARKEMA FRANCE SA;2021;Air;Ammoniac (NH3);60100;kg/an
0006400651;ARKEMA FRANCE SA;2021;Air;Benzène;12700;kg/an
0006305148;TRIVALIS;2021;Air;Méthane (CH4);134000;kg/an
0006400651;ARKEMA FRANCE SA;2021;Air;Composés organiques volatils non méthaniques (COVNM);135000;kg/an
0006400651;ARKEMA FRANCE SA;2021;Air;Dioxyde de carbone (CO2) d'origine biomasse;12600000;kg/an
0006305491;PORNIC AGGLO PAYS DE RETZ;2021;Eau (direct);Aluminium et composés (exprimés en tant que Al);2070;kg/an
0006400651;ARKEMA FRANCE SA;2021;Air;Hydrochlorofluorocarbures (HCFC);2.3;kg/an
0006400651;ARKEMA FRANCE SA;2021;Air;Oxydes d'azote (NOx/NO2);109000;kg/an
0006400651;ARKEMA FRANCE SA;2021;Air;Dioxyde de carbone (CO2) d'origine non biomasse;91700000;kg/an
0006305566;SPBI;2021;Air;Composés organiques volatils non méthaniques (COVNM);39500;kg/an
0006400651;ARKEMA FRANCE SA;2021;Air;Dioxyde de carbone (CO2) total (d'origine biomasse et non biomasse);104000000;kg/an
0006400651;ARKEMA FRANCE SA;2021;Air;Vanadium et ses composés;23.8;kg/an
0006400651;ARKEMA FRANCE SA;2021;Eau (indirect);Arsenic et composés (exprimés en tant que As);6;kg/an
0006306193;DALKIA BIOMASSE ANGERS;2021;Air;Dioxyde de carbone (CO2) d'origine biomasse;83600000;kg/an
0006400651;ARKEMA FRANCE SA;2021;Eau (indirect);Azote total;81700;kg/an
0006400651;ARKEMA FRANCE SA;2021;Eau (indirect);Chlorures (en tant que Cl total);4600000;kg/an
0006306193;DALKIA BIOMASSE ANGERS;2021;Air;Dioxyde de carbone (CO2) total (d'origine biomasse et non biomasse);84800000;kg/an
0006400651;ARKEMA FRANCE SA;2021;Eau (indirect);Demande biologique en oxygène (DBO5);64100;kg/an
0006400651;ARKEMA FRANCE SA;2021;Eau (indirect);Demande chimique en oxygène (DCO);311000;kg/an
0006306369;PAPREC (ex NCI ENVIRONNEMENT);2021;Air;Méthane (CH4);271000;kg/an
0006306563;COLART LE MANS SA;2021;Eau (indirect);Mercure et composés (exprimés en tant que Hg);2.25;kg/an
0006400772;ARDAGH METAL BEVERAGE FRANCE SAS;2021;Air;Composés organiques volatils non méthaniques (COVNM);30900;kg/an
0006306701;SAS AGRI BIO METHANE;2021;Sol;Cuivre et composés (exprimés en tant que Cu);129;kg/an
0006400825;ARKEMA France;2021;Air;1,1,1-trichloroéthane (TCE);24800;kg/an
0006306701;SAS AGRI BIO METHANE;2021;Sol;Zinc et composés (exprimés en tant que Zn);657;kg/an
0006400825;ARKEMA France;2021;Air;1,2-dichloroéthane (DCE - chlorure d'éthylène);7210;kg/an
0006400825;ARKEMA France;2021;Air;Composés organiques volatils non méthaniques (COVNM);32600;kg/an
0006306946;GAEC FROGER;2021;Air;Ammoniac (NH3);11600;kg/an
0006400825;ARKEMA France;2021;Air;Hydroflurocarbures (HFC);925;kg/an
0006400825;ARKEMA France;2021;Air;Dioxyde de carbone (CO2) d'origine non biomasse;24700000;kg/an
0006400825;ARKEMA France;2021;Air;Dioxyde de carbone (CO2) total (d'origine biomasse et non biomasse);24700000;kg/an
0006307154;AGRIMAINE METHANISATION (CB);2021;Air;Aldéhyde formique (formaldéhyde);3250;kg/an
0006400825;ARKEMA France;2021;Air;1,1,2,2-tetrachloroéthane;180;kg/an
0006400825;ARKEMA France;2021;Eau (direct);1,2-dichloroéthane (DCE - chlorure d'éthylène);16.5;kg/an
0006400825;ARKEMA France;2021;Eau (direct);Chlorures (en tant que Cl total);5110000;kg/an
0006400825;ARKEMA France;2021;Eau (direct);Composés organohalogénés (exprimés en tant que AOX);1840;kg/an
0006308843;ERENA (ENGIE RESEAUX);2021;Air;Dioxyde de carbone (CO2) d'origine biomasse;10400000;kg/an
0006400825;ARKEMA France;2021;Eau (direct);Pentachlorobenzène;2.49;kg/an
0006400825;ARKEMA France;2021;Eau (direct);Phénols (en tant que C total);77.8;kg/an
0006308843;ERENA (ENGIE RESEAUX);2021;Air;Dioxyde de carbone (CO2) d'origine non biomasse;14100000;kg/an
0006400825;ARKEMA France;2021;Eau (direct);Trichloréthylène;13.5;kg/an
0006400825;ARKEMA France;2021;Eau (direct);Tétrachloroéthylène (PER, tétrachloroéthylène);18.2;kg/an
0006308843;ERENA (ENGIE RESEAUX);2021;Air;Dioxyde de carbone (CO2) total (d'origine biomasse et non biomasse);24400000;kg/an
0006400825;ARKEMA France;2021;Eau (direct);Tétrachlorométhane (TCM, tétrachlorure de carbone);7.8;kg/an
0006400825;ARKEMA France;2021;Eau (direct);PCBi : somme des 7 PCB indicateurs (PCB 28+PCB 52+PCB 101+PCB 118+PCB 138+PCB 153+PCB 180);0.13;kg/an
0006308995;EARL HERISSIERE VOLAILLES;2021;Air;Ammoniac (NH3);10700;kg/an
0006309036;SAS BIOLOIE;2021;Sol;Cuivre et composés (exprimés en tant que Cu);168;kg/an
0006400828;GEOMETHANE;2021;Air;Méthane (CH4);192000;kg/an
0006309036;SAS BIOLOIE;2021;Sol;Fer et composés (exprimés en tant que Fe);3510;kg/an
0006309036;SAS BIOLOIE;2021;Sol;Plomb et composés (exprimés en tant que Pb);30;kg/an
0006400839;SANOFI CHIMIE;2021;Air;Composés organiques volatils non méthaniques (COVNM);85100;kg/an
0006400839;SANOFI CHIMIE;2021;Air;Dichlorométhane (DCM, chlorure de méthylène);11100;kg/an
0006309036;SAS BIOLOIE;2021;Sol;Zinc et composés (exprimés en tant que Zn);668;kg/an
0006400843;SOPHIM;2021;Air;Nickel et composés (exprimés en tant que Ni);101;kg/an
0006309738;SAS BIOPOMMERIA;2021;Sol;Cuivre et composés (exprimés en tant que Cu);268;kg/an
0006400874;FIBRE EXCELLENCE PROVENCE;2021;Air;Dioxyde de carbone (CO2) d'origine biomasse;381000000;kg/an
0006400874;FIBRE EXCELLENCE PROVENCE;2021;Air;Oxydes de soufre (SOx/SO2);164000;kg/an
0006309738;SAS BIOPOMMERIA;2021;Sol;Fer et composés (exprimés en tant que Fe);10600;kg/an
0006400874;FIBRE EXCELLENCE PROVENCE;2021;Air;Oxydes d'azote (NOx/NO2);290000;kg/an
0006400874;FIBRE EXCELLENCE PROVENCE;2021;Air;Dioxyde de carbone (CO2) d'origine non biomasse;48800000;kg/an
0006309738;SAS BIOPOMMERIA;2021;Sol;Zinc et composés (exprimés en tant que Zn);534;kg/an
0006400874;FIBRE EXCELLENCE PROVENCE;2021;Air;Dioxyde de carbone (CO2) total (d'origine biomasse et non biomasse);430000000;kg/an
0006400874;FIBRE EXCELLENCE PROVENCE;2021;Eau (direct);Azote total;57700;kg/an
0006309839;SECHE ECO INDUSTRIES;2021;Air;Dioxyde de carbone (CO2) d'origine biomasse;101000000;kg/an
0006400874;FIBRE EXCELLENCE PROVENCE;2021;Eau (direct);Cuivre et composés (exprimés en tant que Cu);265;kg/an
0006400874;FIBRE EXCELLENCE PROVENCE;2021;Eau (direct);Demande biologique en oxygène (DBO5);71000;kg/an
0006309839;SECHE ECO INDUSTRIES;2021;Air;Méthane (CH4);1520000;kg/an
0006400874;FIBRE EXCELLENCE PROVENCE;2021;Eau (direct);Demande chimique en oxygène (DCO);1330000;kg/an
0006400874;FIBRE EXCELLENCE PROVENCE;2021;Eau (direct);Nickel et composés (exprimés en tant que Ni);92.3;kg/an
0006309839;SECHE ECO INDUSTRIES;2021;Air;Dioxyde de carbone (CO2) total (d'origine biomasse et non biomasse);109000000;kg/an
0006400874;FIBRE EXCELLENCE PROVENCE;2021;Eau (direct);Phosphore total;13400;kg/an
0006400874;FIBRE EXCELLENCE PROVENCE;2021;Eau (direct);Plomb et composés (exprimés en tant que Pb);33.4;kg/an
0006400001;ALTEO GARDANNE;2021;Air;Oxydes d'azote (NOx/NO2);356000;kg/an
0006400874;FIBRE EXCELLENCE PROVENCE;2021;Eau (direct);Zinc et composés (exprimés en tant que Zn);705;kg/an
0006400001;ALTEO GARDANNE;2021;Air;Dioxyde de carbone (CO2) d'origine non biomasse;184000000;kg/an
0006400876;Métropole Aix-Marseille Provence;2021;Air;Dioxyde de carbone (CO2) d'origine biomasse;29600000;kg/an
0006400876;Métropole Aix-Marseille Provence;2021;Air;Méthane (CH4);2500000;kg/an
0006400001;ALTEO GARDANNE;2021;Air;Dioxyde de carbone (CO2) total (d'origine biomasse et non biomasse);184000000;kg/an
0006400876;Métropole Aix-Marseille Provence;2021;Air;Dioxyde de carbone (CO2) total (d'origine biomasse et non biomasse);29600000;kg/an
0006400881;GRT GAZ SA;2021;Air;Composés organiques volatils non méthaniques (COVNM);30300;kg/an
0006400881;GRT GAZ SA;2021;Air;Méthane (CH4);252000;kg/an
0006400001;ALTEO GARDANNE;2021;Eau (direct);Aluminium et composés (exprimés en tant que Al);2600;kg/an
0006400904;CHAUX DE PROVENCE SACAM;2021;Air;Zinc et composés (exprimés en tant que Zn);256;kg/an
0006400904;CHAUX DE PROVENCE SACAM;2021;Air;Dioxyde de carbone (CO2) d'origine non biomasse;174000000;kg/an
0006400904;CHAUX DE PROVENCE SACAM;2021;Air;Dioxyde de carbone (CO2) total (d'origine biomasse et non biomasse);174000000;kg/an
0006400001;ALTEO GARDANNE;2021;Eau (direct);Arsenic et composés (exprimés en tant que As);83.2;kg/an
0006400004;CEA CADARACHE;2021;Air;Hydroflurocarbures (HFC);258;kg/an
0006400007;APEE;2021;Air;Dioxyde de carbone (CO2) d'origine biomasse;30300000;kg/an
0006400908;SIRAP GEMA (NOVES);2021;Air;Composés organiques volatils non méthaniques (COVNM);101000;kg/an
0006400913;IMERYS PCC France  (ex Solvay SF ex-CCP);2021;Air;Dioxyde de carbone (CO2) d'origine non biomasse;18000000;kg/an
0006400007;APEE;2021;Air;Dioxyde de carbone (CO2) total (d'origine biomasse et non biomasse);35600000;kg/an
0006400913;IMERYS PCC France  (ex Solvay SF ex-CCP);2021;Air;Dioxyde de carbone (CO2) total (d'origine biomasse et non biomasse);18000000;kg/an
0006400913;IMERYS PCC France  (ex Solvay SF ex-CCP);2021;Eau (direct);Hydroxyde d'ammonium (NH4+);61600;kg/an
0006400023;UNIPER FRANCE POWER SAS;2021;Air;Dioxyde de carbone (CO2) d'origine biomasse;42400000;kg/an
0006400023;UNIPER FRANCE POWER SAS;2021;Air;Dioxyde de carbone (CO2) total (d'origine biomasse et non biomasse);50300000;kg/an
0006400928;APPRYL;2021;Air;Composés organiques volatils non méthaniques (COVNM);104000;kg/an
0006400053;CEGELEC SUD-EST;2021;Eau (indirect);Hydrocarbures aromatiques polycycliques (HAP);12.3;kg/an
0006400928;APPRYL;2021;Eau (direct);Zinc et composés (exprimés en tant que Zn);1540;kg/an
0006400942;KEM ONE France;2021;Air;1,2-dichloroéthane (DCE - chlorure d'éthylène);123000;kg/an
0006400061;GER OTV/SEM;2021;Eau (direct);Fluorures (en tant que F total);2400;kg/an
0006400942;KEM ONE France;2021;Air;Chloroforme (trichlorométhane);11200;kg/an
0006400942;KEM ONE France;2021;Air;Chlorure de vinyle (chloroéthène);80000;kg/an
0006400942;KEM ONE France;2021;Air;Composés organiques volatils non méthaniques (COVNM);303000;kg/an
0006400069;STMICROELECTRONICS SAS;2021;Eau (indirect);Azote total;54900;kg/an
0006400942;KEM ONE France;2021;Air;Dichlorométhane (DCM, chlorure de méthylène);25100;kg/an
0006400942;KEM ONE France;2021;Air;Hydroflurocarbures (HFC);11300;kg/an
0006400069;STMICROELECTRONICS SAS;2021;Eau (indirect);Demande chimique en oxygène (DCO);200000;kg/an
0006400942;KEM ONE France;2021;Air;Mercure et composés (exprimés en tant que Hg);53.7;kg/an
0006400942;KEM ONE France;2021;Air;Tétrachlorométhane (TCM, tétrachlorure de carbone);15500;kg/an
0006400069;STMICROELECTRONICS SAS;2021;Eau (indirect);Fluorures (en tant que F total);65500;kg/an
0006400942;KEM ONE France;2021;Air;Dioxyde de carbone (CO2) d'origine non biomasse;66800000;kg/an
0006400942;KEM ONE France;2021;Air;Dioxyde de carbone (CO2) total (d'origine biomasse et non biomasse);66800000;kg/an
0006400069;STMICROELECTRONICS SAS;2021;Eau (indirect);Phosphore total;5110;kg/an
0006400942;KEM ONE France;2021;Eau (direct);Chlorures (en tant que Cl total);118000000;kg/an
0006400942;KEM ONE France;2021;Eau (direct);Mercure et composés (exprimés en tant que Hg);3.73;kg/an
0006400069;STMICROELECTRONICS SAS;2021;Eau (indirect);Hydroxyde d'ammonium (NH4+);103000;kg/an
0006400942;KEM ONE France;2021;Eau (indirect);1,2-dichloroéthane (DCE - chlorure d'éthylène);54.8;kg/an
0006400942;KEM ONE France;2021;Eau (indirect);Carbone organique total (en tant que C total ou DCO/3);227000;kg/an
0006400155;UNION GRAP'SUD;2021;Eau (indirect);Demande biologique en oxygène (DBO5);54900;kg/an
0006400942;KEM ONE France;2021;Eau (indirect);Chloroforme (trichlorométhane);78.4;kg/an
0006400942;KEM ONE France;2021;Eau (indirect);Chlorures (en tant que Cl total);6890000;kg/an
0006400942;KEM ONE France;2021;Eau (indirect);Méthanol (alcool méthylique);18500;kg/an
0006400196;SAS ZEPHIRE;2021;Air;Dioxyde de carbone (CO2) d'origine biomasse;82100000;kg/an
0006400942;KEM ONE France;2021;Eau (indirect);Tétrachlorométhane (TCM, tétrachlorure de carbone);1.99;kg/an
0006400196;SAS ZEPHIRE;2021;Air;Oxydes d'azote (NOx/NO2);107000;kg/an
0006400955;A SUPPRIMER;2021;Air;1,3-butadiène;16700;kg/an
0006400955;A SUPPRIMER;2021;Air;Antimoine et composés (exprimés en tant que Sb);14.2;kg/an
0006400955;A SUPPRIMER;2021;Air;Benzène;8220;kg/an
0006400196;SAS ZEPHIRE;2021;Air;Dioxyde de carbone (CO2) d'origine non biomasse;82100000;kg/an
0006400955;A SUPPRIMER;2021;Air;Cadmium et composés (exprimés en tant que Cd);18.7;kg/an
0006400955;A SUPPRIMER;2021;Air;Chrome et composés (exprimés en tant que Cr);111;kg/an
0006400955;A SUPPRIMER;2021;Air;Composés organiques volatils non méthaniques (COVNM);429000;kg/an
0006400955;A SUPPRIMER;2021;Air;Hydrocarbures aromatiques polycycliques (HAP);279;kg/an
0006400196;SAS ZEPHIRE;2021;Air;Dioxyde de carbone (CO2) total (d'origine biomasse et non biomasse);164000000;kg/an
0006400955;A SUPPRIMER;2021;Air;Méthane (CH4);163000;kg/an
0006400259;LAFARGEHOLCIM CIMENTS;2021;Air;Oxydes d'azote (NOx/NO2);215000;kg/an
0006400259;LAFARGEHOLCIM CIMENTS;2021;Air;Dioxyde de carbone (CO2) d'origine non biomasse;123000000;kg/an
0006400955;A SUPPRIMER;2021;Air;Oxydes d'azote (NOx/NO2);1120000;kg/an
0006400259;LAFARGEHOLCIM CIMENTS;2021;Air;Dioxyde de carbone (CO2) total (d'origine biomasse et non biomasse);123000000;kg/an
0006400955;A SUPPRIMER;2021;Air;Protoxyde d'azote (N2O);70200;kg/an
0006400955;A SUPPRIMER;2021;Air;Zinc et composés (exprimés en tant que Zn);264;kg/an
0006400277;ARIANEO (ex SONITHERM);2021;Eau (indirect);Cadmium et composés (exprimés en tant que Cd);2.53;kg/an
0006400955;A SUPPRIMER;2021;Air;Dioxyde de carbone (CO2) d'origine non biomasse;1617000000;kg/an
0006400955;A SUPPRIMER;2021;Air;Dioxyde de carbone (CO2) total (d'origine biomasse et non biomasse);1617000000;kg/an
0006400955;A SUPPRIMER;2021;Air;Vanadium et ses composés;14.5;kg/an
0006400280;VICAT SA;2021;Air;Dioxyde de carbone (CO2) d'origine biomasse;31900000;kg/an
0006400955;A SUPPRIMER;2021;Eau (direct);1,2-dichloroéthane (DCE - chlorure d'éthylène);17;kg/an
0006400955;A SUPPRIMER;2021;Eau (direct);Arsenic et composés (exprimés en tant que As);6.54;kg/an
0006400955;A SUPPRIMER;2021;Eau (direct);Cadmium et composés (exprimés en tant que Cd);1.31;kg/an
0006400280;VICAT SA;2021;Air;Oxydes d'azote (NOx/NO2);705000;kg/an
0006400955;A SUPPRIMER;2021;Eau (direct);Chloroforme (trichlorométhane);14.4;kg/an
0006400955;A SUPPRIMER;2021;Eau (direct);Chlorures (en tant que Cl total);6620000;kg/an
0006400280;VICAT SA;2021;Air;Dioxyde de carbone (CO2) d'origine non biomasse;481000000;kg/an
0006400955;A SUPPRIMER;2021;Eau (direct);Cyanures (sous forme de CN total);81.9;kg/an
0006400955;A SUPPRIMER;2021;Eau (direct);Demande biologique en oxygène (DBO5);51800;kg/an
0006400280;VICAT SA;2021;Air;Dioxyde de carbone (CO2) total (d'origine biomasse et non biomasse);513000000;kg/an
0006400955;A SUPPRIMER;2021;Eau (direct);Demande chimique en oxygène (DCO);285000;kg/an
0006400297;VALOMED- UIOM ANTIBES;2021;Air;Dioxyde de carbone (CO2) d'origine non biomasse;54700000;kg/an
0006400297;VALOMED- UIOM ANTIBES;2021;Air;Dioxyde de carbone (CO2) total (d'origine biomasse et non biomasse);54700000;kg/an
0006400318;MANE ET FILS NOTRE-DAME;2021;Air;Composés organiques volatils non méthaniques (COVNM);147000;kg/an
0006400955;A SUPPRIMER;2021;Eau (direct);Nickel et composés (exprimés en tant que Ni);36;kg/an
0006400955;A SUPPRIMER;2021;Eau (direct);Phénols (en tant que C total);34;kg/an
0006400319;MANE ET FILS LA SARREE;2021;Air;Composés organiques volatils non méthaniques (COVNM);81200;kg/an
0006400322;OREDUI;2021;Eau (indirect);Sulfonate de perfluorooctane (SPFO);0.004;kg/an
0006400327;CENTIPHARM;2021;Air;Hydroflurocarbures (HFC);139;kg/an
0006400337;KERRY FLAVOURS FRANCE SAS;2021;Air;Composés organiques volatils non méthaniques (COVNM);139000;kg/an
0006400957;FLUXEL SAS;2021;Air;Benzène;5790;kg/an
0006400957;FLUXEL SAS;2021;Air;Composés organiques volatils non méthaniques (COVNM);411000;kg/an
0006400337;KERRY FLAVOURS FRANCE SAS;2021;Air;Dichlorométhane (DCM, chlorure de méthylène);2230;kg/an
0006400957;FLUXEL SAS;2021;Eau (indirect);Phénols (en tant que C total);31.8;kg/an
0006400978;BUTAGAZ  SAS;2021;Air;Composés organiques volatils non méthaniques (COVNM);54800;kg/an
0006400988;Lyondell Basell Services France SAS;2021;Air;Benzène;1290;kg/an
0006400337;KERRY FLAVOURS FRANCE SAS;2021;Eau (indirect);Dichlorométhane (DCM, chlorure de méthylène);69.9;kg/an
0006400367;VIRBAC 13;2021;Air;Hydroflurocarbures (HFC);225;kg/an
0006400990;KEM ONE France;2021;Air;1,2-dichloroéthane (DCE - chlorure d'éthylène);69700;kg/an
0006400990;KEM ONE France;2021;Air;Chlore et composés inorganiques (en tant que HCl);32800;kg/an
0006400402;SAINT-GOBAIN ISOVER;2021;Air;Aldéhyde formique (formaldéhyde);1520;kg/an
0006400990;KEM ONE France;2021;Air;Chlorure de vinyle (chloroéthène);1770;kg/an
0006400990;KEM ONE France;2021;Air;Composés organiques volatils non méthaniques (COVNM);96200;kg/an
0006400990;KEM ONE France;2021;Air;Hydroflurocarbures (HFC);897;kg/an
0006400402;SAINT-GOBAIN ISOVER;2021;Air;Ammoniac (NH3);128000;kg/an
0006400990;KEM ONE France;2021;Air;Oxydes d'azote (NOx/NO2);204000;kg/an
0006400990;KEM ONE France;2021;Air;Dioxyde de carbone (CO2) d'origine non biomasse;179000000;kg/an
0006400402;SAINT-GOBAIN ISOVER;2021;Air;Composés organiques volatils non méthaniques (COVNM);31900;kg/an
0006400990;KEM ONE France;2021;Air;Dioxyde de carbone (CO2) total (d'origine biomasse et non biomasse);179000000;kg/an
0006400990;KEM ONE France;2021;Eau (direct);1,2-dichloroéthane (DCE - chlorure d'éthylène);16.8;kg/an
0006400402;SAINT-GOBAIN ISOVER;2021;Air;Fluor et composés inorganiques (en tant que HF);5470;kg/an
0006400990;KEM ONE France;2021;Eau (direct);Cadmium et composés (exprimés en tant que Cd);2.98;kg/an
0006400990;KEM ONE France;2021;Eau (direct);Chloroforme (trichlorométhane);243;kg/an
0006400402;SAINT-GOBAIN ISOVER;2021;Air;Phénols (en tant que C total);23800;kg/an
0006400990;KEM ONE France;2021;Eau (direct);Chlorures (en tant que Cl total);88200000;kg/an
0006400990;KEM ONE France;2021;Eau (direct);Composés organohalogénés (exprimés en tant que AOX);1320;kg/an
0006400402;SAINT-GOBAIN ISOVER;2021;Air;Dioxyde de carbone (CO2) d'origine non biomasse;40000000;kg/an
0006400990;KEM ONE France;2021;Eau (direct);Nickel et composés (exprimés en tant que Ni);23.5;kg/an
0006400997;LYONDELL CHIMIE SAS;2021;Air;Composés organiques volatils non méthaniques (COVNM);85700;kg/an
0006400402;SAINT-GOBAIN ISOVER;2021;Air;Dioxyde de carbone (CO2) total (d'origine biomasse et non biomasse);40000000;kg/an
0006400997;LYONDELL CHIMIE SAS;2021;Air;Oxyde de propylène (1,2-époxypropane);3610;kg/an
0006400997;LYONDELL CHIMIE SAS;2021;Air;Dioxyde de carbone (CO2) d'origine non biomasse;182000000;kg/an
0006400414;SUEZ RV ENERGIE;2021;Air;Ammoniac (NH3);11500;kg/an
0006400997;LYONDELL CHIMIE SAS;2021;Air;Dioxyde de carbone (CO2) total (d'origine biomasse et non biomasse);182000000;kg/an
0006400414;SUEZ RV ENERGIE;2021;Air;Dioxyde de carbone (CO2) d'origine biomasse;102000000;kg/an
0006400998;SOLAMAT MEREX;2021;Air;Composés organiques volatils non méthaniques (COVNM);37700;kg/an
0006400414;SUEZ RV ENERGIE;2021;Air;Oxydes d'azote (NOx/NO2);161000;kg/an
0006401001;FLUXEL;2021;Air;Composés organiques volatils non méthaniques (COVNM);100000;kg/an
0006401056;TOTAL RAFFINAGE FRANCE;2021;Air;Dioxyde de carbone (CO2) d'origine non biomasse;248000000;kg/an
0006401007;COMPAGNIE PETROCHIMIQUE DE BERRE SAS;2021;Air;Chlorure de vinyle (chloroéthène);3200;kg/an
0006401007;COMPAGNIE PETROCHIMIQUE DE BERRE SAS;2021;Air;Composés organiques volatils non méthaniques (COVNM);151000;kg/an
0006401007;COMPAGNIE PETROCHIMIQUE DE BERRE SAS;2021;Air;Hydroflurocarbures (HFC);1540;kg/an
0006401007;COMPAGNIE PETROCHIMIQUE DE BERRE SAS;2021;Air;Méthanol (alcool méthylique);56300;kg/an
0006401056;TOTAL RAFFINAGE FRANCE;2021;Air;Dioxyde de carbone (CO2) total (d'origine biomasse et non biomasse);249000000;kg/an
0006401007;COMPAGNIE PETROCHIMIQUE DE BERRE SAS;2021;Air;Phénols (en tant que C total);1200;kg/an
0006401061;EDF CCG de Martigues;2021;Air;Monoxyde de carbone (CO);734000;kg/an
0006401008;Basell Polyoléfines France SAS;2021;Air;1,3-butadiène;21800;kg/an
0006401008;Basell Polyoléfines France SAS;2021;Air;Benzène;9460;kg/an
0006401008;Basell Polyoléfines France SAS;2021;Air;Composés organiques volatils non méthaniques (COVNM);763000;kg/an
0006401061;EDF CCG de Martigues;2021;Air;Oxydes d'azote (NOx/NO2);403000;kg/an
0006401008;Basell Polyoléfines France SAS;2021;Air;Hydroflurocarbures (HFC);146;kg/an
0006401008;Basell Polyoléfines France SAS;2021;Air;Oxydes d'azote (NOx/NO2);1070000;kg/an
0006401061;EDF CCG de Martigues;2021;Air;Protoxyde d'azote (N2O);16000;kg/an
0006401008;Basell Polyoléfines France SAS;2021;Air;Protoxyde d'azote (N2O);14600;kg/an
0006401008;Basell Polyoléfines France SAS;2021;Air;Dioxyde de carbone (CO2) d'origine non biomasse;968000000;kg/an
0006401061;EDF CCG de Martigues;2021;Air;Dioxyde de carbone (CO2) d'origine non biomasse;894000000;kg/an
0006401008;Basell Polyoléfines France SAS;2021;Air;Dioxyde de carbone (CO2) total (d'origine biomasse et non biomasse);968000000;kg/an
0006401008;Basell Polyoléfines France SAS;2021;Eau (direct);Zinc et composés (exprimés en tant que Zn);394;kg/an
0006401061;EDF CCG de Martigues;2021;Air;Dioxyde de carbone (CO2) total (d'origine biomasse et non biomasse);894000000;kg/an
0006401009;FIGENAL;2021;Air;Dioxyde de carbone (CO2) d'origine non biomasse;87100000;kg/an
0006401009;FIGENAL;2021;Air;Dioxyde de carbone (CO2) total (d'origine biomasse et non biomasse);87100000;kg/an
0006401066;Alkion Terminal Marseille;2021;Air;Tétrachlorométhane (TCM, tétrachlorure de carbone);2000;kg/an
0006401013;SOLAMAT MEREX;2021;Air;Composés organiques volatils non méthaniques (COVNM);37600;kg/an
0006401019;ASCOMETAL Fos-sur-Mer;2021;Air;Manganèse et composés (exprimés en tant que Mn);239;kg/an
0006401079;ELENGY (TONKIN);2021;Air;Dioxyde de carbone (CO2) d'origine non biomasse;14500000;kg/an
0006401019;ASCOMETAL Fos-sur-Mer;2021;Air;Zinc et composés (exprimés en tant que Zn);1740;kg/an
0006401019;ASCOMETAL Fos-sur-Mer;2021;Air;Dioxyde de carbone (CO2) d'origine non biomasse;49600000;kg/an
0006401079;ELENGY (TONKIN);2021;Air;Dioxyde de carbone (CO2) total (d'origine biomasse et non biomasse);14500000;kg/an
0006401019;ASCOMETAL Fos-sur-Mer;2021;Air;Dioxyde de carbone (CO2) total (d'origine biomasse et non biomasse);49600000;kg/an
0006401104;SCA LOUERION TERRE D'ALLIANCE;2021;Sol;Cuivre et composés (exprimés en tant que Cu);70;kg/an
0006401019;ASCOMETAL Fos-sur-Mer;2021;Air;Thallium et ses composés (exprimés en tant que Tl);15.4;kg/an
0006401122;METROPOLE AMP  ISDND ARBOIS;2021;Air;Dioxyde de carbone (CO2) d'origine biomasse;22900000;kg/an
0006401019;ASCOMETAL Fos-sur-Mer;2021;Eau (direct);Nickel et composés (exprimés en tant que Ni);25.7;kg/an
0006401019;ASCOMETAL Fos-sur-Mer;2021;Eau (direct);Plomb et composés (exprimés en tant que Pb);33;kg/an
0006401019;ASCOMETAL Fos-sur-Mer;2021;Eau (direct);Zinc et composés (exprimés en tant que Zn);409;kg/an
0006401122;METROPOLE AMP  ISDND ARBOIS;2021;Air;Méthane (CH4);982000;kg/an
0006401022;CIFC;2021;Air;Dioxyde de carbone (CO2) d'origine non biomasse;197000000;kg/an
0006401022;CIFC;2021;Air;Dioxyde de carbone (CO2) total (d'origine biomasse et non biomasse);197000000;kg/an
0006401122;METROPOLE AMP  ISDND ARBOIS;2021;Air;Dioxyde de carbone (CO2) total (d'origine biomasse et non biomasse);22900000;kg/an
0006401027;DEPOT PETROLIER DE FOS;2021;Air;Composés organiques volatils non méthaniques (COVNM);40900;kg/an
0006401149;ABATTOIR MUNICIPAL SISTERON;2021;Eau (indirect);Demande biologique en oxygène (DBO5);305000;kg/an
0006401029;ESSO Raffinage SAS;2021;Air;Acide cyanhydrique (HCN);24200;kg/an
0006401029;ESSO Raffinage SAS;2021;Air;Antimoine et composés (exprimés en tant que Sb);24.4;kg/an
0006401149;ABATTOIR MUNICIPAL SISTERON;2021;Eau (indirect);Demande chimique en oxygène (DCO);670000;kg/an
0006401029;ESSO Raffinage SAS;2021;Air;Benzène;3670;kg/an
0006401029;ESSO Raffinage SAS;2021;Air;Cadmium et composés (exprimés en tant que Cd);22;kg/an
0006401149;ABATTOIR MUNICIPAL SISTERON;2021;Eau (indirect);Matières en suspension (MES);309000;kg/an
0006401029;ESSO Raffinage SAS;2021;Air;Cobalt et composés (exprimés en tant que Co);9.63;kg/an
0006401029;ESSO Raffinage SAS;2021;Air;Composés organiques volatils non méthaniques (COVNM);260000;kg/an
0006401333;LAFARGEHOLCIM GRANULATS;2021;Air;Poussières totales;116000;kg/an
0006401029;ESSO Raffinage SAS;2021;Air;Cuivre et composés (exprimés en tant que Cu);618;kg/an
0006401029;ESSO Raffinage SAS;2021;Air;Nickel et composés (exprimés en tant que Ni);105;kg/an
0006401029;ESSO Raffinage SAS;2021;Air;Oxydes de soufre (SOx/SO2);1780000;kg/an
0006401421;SUEZ RV MEDITERRANEE;2021;Air;Méthane (CH4);352000;kg/an
0006401029;ESSO Raffinage SAS;2021;Air;Oxydes d'azote (NOx/NO2);473000;kg/an
0006401029;ESSO Raffinage SAS;2021;Air;Protoxyde d'azote (N2O);12900;kg/an
0006401029;ESSO Raffinage SAS;2021;Air;Zinc et composés (exprimés en tant que Zn);2100;kg/an
0006401519;LAVERA ENERGIES SNC;2021;Air;Dioxyde de carbone (CO2) d'origine non biomasse;75600000;kg/an
0006401029;ESSO Raffinage SAS;2021;Air;Dioxyde de carbone (CO2) d'origine non biomasse;702000000;kg/an
0006401029;ESSO Raffinage SAS;2021;Air;Dioxyde de carbone (CO2) total (d'origine biomasse et non biomasse);702000000;kg/an
0006401029;ESSO Raffinage SAS;2021;Air;Vanadium et ses composés;22.3;kg/an
0006401519;LAVERA ENERGIES SNC;2021;Air;Dioxyde de carbone (CO2) total (d'origine biomasse et non biomasse);75600000;kg/an
0006401029;ESSO Raffinage SAS;2021;Eau (direct);Arsenic et composés (exprimés en tant que As);38;kg/an
0006401029;ESSO Raffinage SAS;2021;Eau (direct);Cadmium et composés (exprimés en tant que Cd);4.2;kg/an
0006401567;LAFARGEHOLCIM CIMENTS;2021;Air;Acide cyanhydrique (HCN);316;kg/an
0006401029;ESSO Raffinage SAS;2021;Eau (direct);Mercure et composés (exprimés en tant que Hg);6.7;kg/an
0006401029;ESSO Raffinage SAS;2021;Eau (direct);Phénols (en tant que C total);44.6;kg/an
0006401567;LAFARGEHOLCIM CIMENTS;2021;Air;Ammoniac (NH3);60900;kg/an
0006401029;ESSO Raffinage SAS;2021;Eau (direct);Plomb et composés (exprimés en tant que Pb);29.3;kg/an
0006401029;ESSO Raffinage SAS;2021;Eau (direct);Zinc et composés (exprimés en tant que Zn);278;kg/an
0006401040;IMERYS Aluminates SA;2021;Air;Oxydes d'azote (NOx/NO2);252000;kg/an
0006401040;IMERYS Aluminates SA;2021;Air;Dioxyde de carbone (CO2) d'origine non biomasse;171000000;kg/an
0006401040;IMERYS Aluminates SA;2021;Air;Dioxyde de carbone (CO2) total (d'origine biomasse et non biomasse);171000000;kg/an
0006401567;LAFARGEHOLCIM CIMENTS;2021;Air;Benzène;4290;kg/an
0006401052;ARCELORMITTAL Méditerranée;2021;Air;Ammoniac (NH3);20500;kg/an
0006401567;LAFARGEHOLCIM CIMENTS;2021;Air;Composés organiques volatils non méthaniques (COVNM);52700;kg/an
0006401052;ARCELORMITTAL Méditerranée;2021;Air;Arsenic et composés (exprimés en tant que As);45.1;kg/an
0006401567;LAFARGEHOLCIM CIMENTS;2021;Air;Dioxyde de carbone (CO2) d'origine biomasse;28800000;kg/an
0006401052;ARCELORMITTAL Méditerranée;2021;Air;Benzène;15400;kg/an
0006401052;ARCELORMITTAL Méditerranée;2021;Air;Cadmium et composés (exprimés en tant que Cd);164;kg/an
0006401567;LAFARGEHOLCIM CIMENTS;2021;Air;Monoxyde de carbone (CO);952000;kg/an
0006401052;ARCELORMITTAL Méditerranée;2021;Air;Chlore et composés inorganiques (en tant que HCl);21000;kg/an
0006401052;ARCELORMITTAL Méditerranée;2021;Air;Chrome et composés (exprimés en tant que Cr);381;kg/an
0006401567;LAFARGEHOLCIM CIMENTS;2021;Air;Naphthalène;465;kg/an
0006401052;ARCELORMITTAL Méditerranée;2021;Air;Cobalt et composés (exprimés en tant que Co);18.3;kg/an
0006401052;ARCELORMITTAL Méditerranée;2021;Air;Composés organiques volatils non méthaniques (COVNM);327000;kg/an
0006401567;LAFARGEHOLCIM CIMENTS;2021;Air;Oxydes de soufre (SOx/SO2);375000;kg/an
0006401052;ARCELORMITTAL Méditerranée;2021;Air;Cuivre et composés (exprimés en tant que Cu);1310;kg/an
0006401052;ARCELORMITTAL Méditerranée;2021;Air;Dioxines et furanes (PCDD + PCDF) (exprimés en iTeq);0.001;kg/an
0006401567;LAFARGEHOLCIM CIMENTS;2021;Air;Oxydes d'azote (NOx/NO2);664000;kg/an
0006401052;ARCELORMITTAL Méditerranée;2021;Air;Fluor et composés inorganiques (en tant que HF);8920;kg/an
0006401052;ARCELORMITTAL Méditerranée;2021;Air;Hydrocarbures aromatiques polycycliques (HAP);53.8;kg/an
0006401052;ARCELORMITTAL Méditerranée;2021;Air;Hydroflurocarbures (HFC);725;kg/an
0006401567;LAFARGEHOLCIM CIMENTS;2021;Air;Zinc et composés (exprimés en tant que Zn);272;kg/an
0006401052;ARCELORMITTAL Méditerranée;2021;Air;Manganèse et composés (exprimés en tant que Mn);5280;kg/an
0006401052;ARCELORMITTAL Méditerranée;2021;Air;Mercure et composés (exprimés en tant que Hg);162;kg/an
0006401567;LAFARGEHOLCIM CIMENTS;2021;Air;Dioxyde de carbone (CO2) d'origine non biomasse;406000000;kg/an
0006401052;ARCELORMITTAL Méditerranée;2021;Air;Monoxyde de carbone (CO);36800000;kg/an
0006401052;ARCELORMITTAL Méditerranée;2021;Air;Méthane (CH4);400000;kg/an
0006401052;ARCELORMITTAL Méditerranée;2021;Air;Naphthalène;3370;kg/an
0006401052;ARCELORMITTAL Méditerranée;2021;Air;Nickel et composés (exprimés en tant que Ni);553;kg/an
0006401567;LAFARGEHOLCIM CIMENTS;2021;Air;Dioxyde de carbone (CO2) total (d'origine biomasse et non biomasse);434000000;kg/an
0006401052;ARCELORMITTAL Méditerranée;2021;Air;Oxydes de soufre (SOx/SO2);5080000;kg/an
0006401052;ARCELORMITTAL Méditerranée;2021;Air;Oxydes d'azote (NOx/NO2);4710000;kg/an
0006401052;ARCELORMITTAL Méditerranée;2021;Air;Particules (PM10);935000;kg/an
0006401567;LAFARGEHOLCIM CIMENTS;2021;Air;Sélénium;22.3;kg/an
0006401052;ARCELORMITTAL Méditerranée;2021;Air;Plomb et composés (exprimés en tant que Pb);6100;kg/an
0006401052;ARCELORMITTAL Méditerranée;2021;Air;Poussières totales;1420000;kg/an
0006401622;CHAUX DE LA TOUR;2021;Air;Dioxyde de carbone (CO2) d'origine non biomasse;103000000;kg/an
0006401052;ARCELORMITTAL Méditerranée;2021;Air;Sulfure d'hydrogène (H2S);7790;kg/an
0006401052;ARCELORMITTAL Méditerranée;2021;Air;Zinc et composés (exprimés en tant que Zn);8600;kg/an
0006401052;ARCELORMITTAL Méditerranée;2021;Air;Dioxyde de carbone (CO2) d'origine non biomasse;6910000000;kg/an
0006401622;CHAUX DE LA TOUR;2021;Air;Dioxyde de carbone (CO2) total (d'origine biomasse et non biomasse);107000000;kg/an
0006401052;ARCELORMITTAL Méditerranée;2021;Air;Dioxyde de carbone (CO2) total (d'origine biomasse et non biomasse);6910000000;kg/an
0006401052;ARCELORMITTAL Méditerranée;2021;Air;Vanadium et ses composés;30.3;kg/an
0006401052;ARCELORMITTAL Méditerranée;2021;Air;Thallium et ses composés (exprimés en tant que Tl);68.1;kg/an
0006401052;ARCELORMITTAL Méditerranée;2021;Eau (direct);Azote total;101000;kg/an
0006401052;ARCELORMITTAL Méditerranée;2021;Eau (direct);Cadmium et composés (exprimés en tant que Cd);14;kg/an
0006401052;ARCELORMITTAL Méditerranée;2021;Eau (direct);Cyanures (sous forme de CN total);90;kg/an
0006401643;ETEX France  (ex SINIAT) Per;2021;Air;Hydroflurocarbures (HFC);609;kg/an
0006401052;ARCELORMITTAL Méditerranée;2021;Eau (direct);Demande chimique en oxygène (DCO);218000;kg/an
0006401052;ARCELORMITTAL Méditerranée;2021;Eau (direct);Fer et composés (exprimés en tant que Fe);10400;kg/an
0006401052;ARCELORMITTAL Méditerranée;2021;Eau (direct);Manganèse et composés (exprimés en tant que Mn);817;kg/an
0006401052;ARCELORMITTAL Méditerranée;2021;Eau (direct);Nickel et composés (exprimés en tant que Ni);63;kg/an
0006401052;ARCELORMITTAL Méditerranée;2021;Eau (direct);Phénols (en tant que C total);115;kg/an
0006401052;ARCELORMITTAL Méditerranée;2021;Eau (direct);Plomb et composés (exprimés en tant que Pb);114;kg/an
0006402078;KNAUF SUD S.A.S.;2021;Air;Composés organiques volatils non méthaniques (COVNM);173000;kg/an
0006401052;ARCELORMITTAL Méditerranée;2021;Eau (direct);Zinc et composés (exprimés en tant que Zn);1930;kg/an
0006402211;Petroineos Manufacturing France SAS;2021;Air;Acide cyanhydrique (HCN);63600;kg/an
0006401055;STOCKAGE TERMINAL DE LA CRAU;2021;Air;Composés organiques volatils non méthaniques (COVNM);32400;kg/an
0006402211;Petroineos Manufacturing France SAS;2021;Air;Antimoine et composés (exprimés en tant que Sb);11;kg/an
0006401056;TOTAL RAFFINAGE FRANCE;2021;Air;Benzène;2600;kg/an
0006401056;TOTAL RAFFINAGE FRANCE;2021;Air;Composés organiques volatils non méthaniques (COVNM);163000;kg/an
0006402211;Petroineos Manufacturing France SAS;2021;Air;Benzène;13100;kg/an
0006401056;TOTAL RAFFINAGE FRANCE;2021;Air;Oxydes d'azote (NOx/NO2);131000;kg/an
0006402211;Petroineos Manufacturing France SAS;2021;Air;Composés organiques volatils non méthaniques (COVNM);330000;kg/an
0006402211;Petroineos Manufacturing France SAS;2021;Air;Hydroflurocarbures (HFC);134;kg/an
0006402211;Petroineos Manufacturing France SAS;2021;Air;Nickel et composés (exprimés en tant que Ni);76.9;kg/an
0006402211;Petroineos Manufacturing France SAS;2021;Air;Oxydes de soufre (SOx/SO2);840000;kg/an
0006410873;KEM ONE;2021;Air;Dioxyde de carbone (CO2) d'origine non biomasse;14100000;kg/an
0006410873;KEM ONE;2021;Air;Dioxyde de carbone (CO2) total (d'origine biomasse et non biomasse);14100000;kg/an
0006410873;KEM ONE;2021;Eau (indirect);Chlorure de vinyle (chloroéthène);43.5;kg/an
0006402211;Petroineos Manufacturing France SAS;2021;Air;Oxydes d'azote (NOx/NO2);584000;kg/an
0006402211;Petroineos Manufacturing France SAS;2021;Air;Protoxyde d'azote (N2O);27200;kg/an
0006402211;Petroineos Manufacturing France SAS;2021;Air;Zinc et composés (exprimés en tant que Zn);209;kg/an
0006402211;Petroineos Manufacturing France SAS;2021;Air;Dioxyde de carbone (CO2) d'origine non biomasse;1216000000;kg/an
0006411266;INEOS CHEMICALS LAVERA LPP (ICL - LPP);2021;Air;Composés organiques volatils non méthaniques (COVNM);184000;kg/an
0006402211;Petroineos Manufacturing France SAS;2021;Air;Dioxyde de carbone (CO2) total (d'origine biomasse et non biomasse);1216000000;kg/an
0006411266;INEOS CHEMICALS LAVERA LPP (ICL - LPP);2021;Air;Hydroflurocarbures (HFC);403;kg/an
0006402211;Petroineos Manufacturing France SAS;2021;Air;Vanadium et ses composés;10.7;kg/an
0006402211;Petroineos Manufacturing France SAS;2021;Eau (direct);Arsenic et composés (exprimés en tant que As);10.8;kg/an
0006411409;GAEC PRE POMMIER;2021;Air;Ammoniac (NH3);16700;kg/an
0006402211;Petroineos Manufacturing France SAS;2021;Eau (direct);Phénols (en tant que C total);310;kg/an
0006402211;Petroineos Manufacturing France SAS;2021;Eau (direct);Zinc et composés (exprimés en tant que Zn);120;kg/an
0006402235;Orange Marseille St Mauront;2021;Air;Hydrochlorofluorocarbures (HCFC);51;kg/an
0006402259;SERAMM Usine des boues;2021;Air;Dioxyde de carbone (CO2) d'origine biomasse;13000000;kg/an
0006411588;SOCAER;2021;Air;Ammoniac (NH3);13000;kg/an
0006402259;SERAMM Usine des boues;2021;Air;Dioxyde de carbone (CO2) total (d'origine biomasse et non biomasse);13000000;kg/an
0006402259;SERAMM Usine des boues;2021;Eau (indirect);Demande biologique en oxygène (DBO5);2600000;kg/an
0006411881;AUCHAN FRANCE;2021;Air;Hydroflurocarbures (HFC);287;kg/an
0006402259;SERAMM Usine des boues;2021;Eau (indirect);Demande chimique en oxygène (DCO);5830000;kg/an
0006402259;SERAMM Usine des boues;2021;Eau (indirect);Matières en suspension (MES);2920000;kg/an
0006402472;CREALIS;2021;Air;Hydroflurocarbures (HFC);11300;kg/an
0006402472;CREALIS;2021;Air;Halons;463;kg/an
0006412416;ENGIE COFELY Cogénération;2021;Air;Dioxyde de carbone (CO2) d'origine non biomasse;28700000;kg/an
0006412416;ENGIE COFELY Cogénération;2021;Air;Dioxyde de carbone (CO2) total (d'origine biomasse et non biomasse);28700000;kg/an
0006402706;EURENCO Sorgues;2021;Air;Dioxyde de carbone (CO2) d'origine biomasse;14500000;kg/an
0006402706;EURENCO Sorgues;2021;Air;Hydroflurocarbures (HFC);205;kg/an
0006402706;EURENCO Sorgues;2021;Air;Protoxyde d'azote (N2O);38300;kg/an
0006500049;KERAGLASS;2021;Air;Dioxyde de carbone (CO2) d'origine non biomasse;26100000;kg/an
0006500049;KERAGLASS;2021;Air;Dioxyde de carbone (CO2) total (d'origine biomasse et non biomasse);26100000;kg/an
0006402706;EURENCO Sorgues;2021;Air;Dioxyde de carbone (CO2) total (d'origine biomasse et non biomasse);21400000;kg/an
0006402706;EURENCO Sorgues;2021;Eau (direct);Azote total;80000;kg/an
0006402706;EURENCO Sorgues;2021;Eau (direct);Manganèse et composés (exprimés en tant que Mn);686;kg/an
0006402706;EURENCO Sorgues;2021;Eau (direct);Nickel et composés (exprimés en tant que Ni);31.4;kg/an
0006500230;SURYS (ex HOLOGRAM INDUSTRIES);2021;Air;Composés organiques volatils non méthaniques (COVNM);38500;kg/an
0006402706;EURENCO Sorgues;2021;Eau (direct);Phénols (en tant que C total);771;kg/an
0006402706;EURENCO Sorgues;2021;Eau (direct);Zinc et composés (exprimés en tant que Zn);117;kg/an
0006403649;MONIER;2021;Air;Dioxyde de carbone (CO2) d'origine non biomasse;19300000;kg/an
0006500510;EURO DISNEY ASSOCIES SAS;2021;Air;Hydroflurocarbures (HFC);477;kg/an
0006500510;EURO DISNEY ASSOCIES SAS;2021;Eau (indirect);Azote total;55500;kg/an
0006403649;MONIER;2021;Air;Dioxyde de carbone (CO2) total (d'origine biomasse et non biomasse);19300000;kg/an
0006500510;EURO DISNEY ASSOCIES SAS;2021;Eau (indirect);Demande biologique en oxygène (DBO5);244000;kg/an
0006500510;EURO DISNEY ASSOCIES SAS;2021;Eau (indirect);Demande chimique en oxygène (DCO);607000;kg/an
0006404038;AGIS (SA);2021;Eau (indirect);Demande biologique en oxygène (DBO5);66500;kg/an
0006500510;EURO DISNEY ASSOCIES SAS;2021;Eau (indirect);Phosphore total;8440;kg/an
0006404189;Centre Hospitalier Henry Duffaut;2021;Eau (indirect);Demande biologique en oxygène (DBO5);49200;kg/an
0006500690;SPS MEDICAL;2021;Air;Composés organiques volatils non méthaniques (COVNM);41800;kg/an
0006404706;MAMP - Territoire du pays de Martigues;2021;Air;Méthane (CH4);101000;kg/an
0006501113;REP (Décharge de Fouju-Moisenay);2021;Air;Méthane (CH4);196000;kg/an
0006404706;MAMP - Territoire du pays de Martigues;2021;Eau (indirect);Sulfonate de perfluorooctane (SPFO);0;kg/an
0006404835;AIR LIQUIDE FRANCE INDUSTRIE (ALFI);2021;Air;Oxydes d'azote (NOx/NO2);460000;kg/an
0006501121;REP;2021;Air;Aldéhyde formique (formaldéhyde);1020;kg/an
0006501121;REP;2021;Air;Dioxyde de carbone (CO2) d'origine biomasse;156000000;kg/an
0006501121;REP;2021;Air;Méthane (CH4);4160000;kg/an
0006501121;REP;2021;Air;Dioxyde de carbone (CO2) total (d'origine biomasse et non biomasse);156000000;kg/an
0006404835;AIR LIQUIDE FRANCE INDUSTRIE (ALFI);2021;Air;Dioxyde de carbone (CO2) d'origine non biomasse;174000000;kg/an
0006501132;Storengy;2021;Air;Composés organiques volatils non méthaniques (COVNM);34800;kg/an
0006404835;AIR LIQUIDE FRANCE INDUSTRIE (ALFI);2021;Air;Dioxyde de carbone (CO2) total (d'origine biomasse et non biomasse);174000000;kg/an
0006501132;Storengy;2021;Air;Méthane (CH4);238000;kg/an
0006404837;EveRé SAS;2021;Air;Ammoniac (NH3);67400;kg/an
0006501167;BOREALIS CHIMIE;2021;Air;Ammoniac (NH3);212000;kg/an
0006501167;BOREALIS CHIMIE;2021;Air;Oxydes d'azote (NOx/NO2);717000;kg/an
0006404837;EveRé SAS;2021;Air;Dioxyde de carbone (CO2) d'origine biomasse;211000000;kg/an
0006501167;BOREALIS CHIMIE;2021;Air;Particules (PM10);807000;kg/an
0006501167;BOREALIS CHIMIE;2021;Air;Poussières totales;807000;kg/an
0006404837;EveRé SAS;2021;Air;Mercure et composés (exprimés en tant que Hg);16.8;kg/an
0006501167;BOREALIS CHIMIE;2021;Air;Protoxyde d'azote (N2O);197000;kg/an
0006501167;BOREALIS CHIMIE;2021;Air;Dioxyde de carbone (CO2) d'origine non biomasse;569000000;kg/an
0006404837;EveRé SAS;2021;Air;Oxydes d'azote (NOx/NO2);110000;kg/an
0006501167;BOREALIS CHIMIE;2021;Air;Dioxyde de carbone (CO2) total (d'origine biomasse et non biomasse);569000000;kg/an
0006501167;BOREALIS CHIMIE;2021;Eau (direct);Azote total;141000;kg/an
0006404837;EveRé SAS;2021;Air;Dioxyde de carbone (CO2) d'origine non biomasse;163000000;kg/an
0006501169;TOTAL Raffinage France;2021;Air;Composés organiques volatils non méthaniques (COVNM);103000;kg/an
0006501169;TOTAL Raffinage France;2021;Air;Dioxyde de carbone (CO2) d'origine non biomasse;65100000;kg/an
0006404837;EveRé SAS;2021;Air;Dioxyde de carbone (CO2) total (d'origine biomasse et non biomasse);374000000;kg/an
0006501169;TOTAL Raffinage France;2021;Air;Dioxyde de carbone (CO2) total (d'origine biomasse et non biomasse);65200000;kg/an
0006405204;DELTISOL;2021;Air;Composés organiques volatils non méthaniques (COVNM);78100;kg/an
0006501518;KNAUF ILE DE FRANCE;2021;Air;Composés organiques volatils non méthaniques (COVNM);211000;kg/an
0006405412;GDF SUEZ THERMIQUE FRANCE;2021;Air;Protoxyde d'azote (N2O);20900;kg/an
0006501529;HELIO PRINT (ex H2D ex QUEBECOR );2021;Air;Composés organiques volatils non méthaniques (COVNM);426000;kg/an
0006501736;ADP-CHARLES DE GAULLE;2021;Air;Hydroflurocarbures (HFC);118;kg/an
0006405412;GDF SUEZ THERMIQUE FRANCE;2021;Air;Dioxyde de carbone (CO2) d'origine non biomasse;468000000;kg/an
0006501736;ADP-CHARLES DE GAULLE;2021;Air;Dioxyde de carbone (CO2) d'origine non biomasse;11600000;kg/an
0006501736;ADP-CHARLES DE GAULLE;2021;Air;Dioxyde de carbone (CO2) total (d'origine biomasse et non biomasse);11600000;kg/an
0006405412;GDF SUEZ THERMIQUE FRANCE;2021;Air;Dioxyde de carbone (CO2) total (d'origine biomasse et non biomasse);468000000;kg/an
0006405522;SMIDDEV;2021;Air;Méthane (CH4);135000;kg/an
0006405523;ISDND Roumagayrol - AZUR Valorisation;2021;Air;Méthane (CH4);276000;kg/an
0006501812;AGRANA FRUITS FRANCE (ex ATYS);2021;Eau (indirect);Demande biologique en oxygène (DBO5);180000;kg/an
0006406383;IPSEN PHARMA BIOTECH;2021;Air;Hydroflurocarbures (HFC);115;kg/an
0006501812;AGRANA FRUITS FRANCE (ex ATYS);2021;Eau (indirect);Demande chimique en oxygène (DCO);326000;kg/an
0006406623;ALPES ASSAINISSEMENT VEOLIA;2021;Air;Dioxyde de carbone (CO2) d'origine biomasse;14300000;kg/an
0006406623;ALPES ASSAINISSEMENT VEOLIA;2021;Air;Méthane (CH4);1650000;kg/an
0006406623;ALPES ASSAINISSEMENT VEOLIA;2021;Air;Dioxyde de carbone (CO2) total (d'origine biomasse et non biomasse);14300000;kg/an
0006406625;SMICTOM DES BARONNIES;2021;Air;Méthane (CH4);205000;kg/an
0006501831;BASF France SAS - Division Performance Materials;2021;Air;Hydroflurocarbures (HFC);2380;kg/an
0006406645;ISDND CENTRE STOCKAGE DECHETS ULTIMES 04;2021;Air;Méthane (CH4);468000;kg/an
0006407117;ENGIE  Thermique France;2021;Air;Protoxyde d'azote (N2O);17600;kg/an
0006407117;ENGIE  Thermique France;2021;Air;Dioxyde de carbone (CO2) d'origine non biomasse;394000000;kg/an
0006501864;Air Liquide France Industrie (ALFI);2021;Air;Hydroflurocarbures (HFC);869;kg/an
0006407117;ENGIE  Thermique France;2021;Air;Dioxyde de carbone (CO2) total (d'origine biomasse et non biomasse);394000000;kg/an
0006407651;Communaute de communes de Serre-Ponçon;2021;Air;Méthane (CH4);147000;kg/an
0006409429;FRULACT FRANCE;2021;Eau (indirect);Demande biologique en oxygène (DBO5);83000;kg/an
0006501921;TANNERIE DE MONTEREAU (ex GORDON CHOISY);2021;Eau (indirect);Phénols (en tant que C total);22.8;kg/an
0006410379;INEOS DERIVATIVES LAVERA LPG (IDL - LPG);2021;Air;Aldéhyde formique (formaldéhyde);4930;kg/an
0006501929;SILEC CABLE;2021;Air;Hexafluorure de soufre (SF6);880;kg/an
0006410379;INEOS DERIVATIVES LAVERA LPG (IDL - LPG);2021;Air;Composés organiques volatils non méthaniques (COVNM);52900;kg/an
0006501929;SILEC CABLE;2021;Air;Dioxyde de carbone (CO2) d'origine non biomasse;27600000;kg/an
0006501929;SILEC CABLE;2021;Air;Dioxyde de carbone (CO2) total (d'origine biomasse et non biomasse);27600000;kg/an
0006410379;INEOS DERIVATIVES LAVERA LPG (IDL - LPG);2021;Air;Hydroflurocarbures (HFC);958;kg/an
0006501929;SILEC CABLE;2021;Eau (direct);Cadmium et composés (exprimés en tant que Cd);3.34;kg/an
0006410379;INEOS DERIVATIVES LAVERA LPG (IDL - LPG);2021;Air;Oxyde d'éthylène;4870;kg/an
0006501936;SAM MONTEREAU;2021;Air;Dioxines et furanes (PCDD + PCDF) (exprimés en iTeq);0.000104;kg/an
0006501936;SAM MONTEREAU;2021;Air;Manganèse et composés (exprimés en tant que Mn);260;kg/an
0006410379;INEOS DERIVATIVES LAVERA LPG (IDL - LPG);2021;Air;Dioxyde de carbone (CO2) d'origine non biomasse;77400000;kg/an
0006501936;SAM MONTEREAU;2021;Air;Mercure et composés (exprimés en tant que Hg);61.1;kg/an
0006501936;SAM MONTEREAU;2021;Air;Monoxyde de carbone (CO);1960000;kg/an
0006410379;INEOS DERIVATIVES LAVERA LPG (IDL - LPG);2021;Air;Dioxyde de carbone (CO2) total (d'origine biomasse et non biomasse);77400000;kg/an
0006501936;SAM MONTEREAU;2021;Air;Plomb et composés (exprimés en tant que Pb);244;kg/an
0006501936;SAM MONTEREAU;2021;Air;Zinc et composés (exprimés en tant que Zn);3600;kg/an
0006410379;INEOS DERIVATIVES LAVERA LPG (IDL - LPG);2021;Eau (indirect);Demande chimique en oxygène (DCO);786000;kg/an
0006501936;SAM MONTEREAU;2021;Air;Dioxyde de carbone (CO2) d'origine non biomasse;76700000;kg/an
0006501936;SAM MONTEREAU;2021;Air;Dioxyde de carbone (CO2) total (d'origine biomasse et non biomasse);76700000;kg/an
0006501936;SAM MONTEREAU;2021;Eau (direct);Arsenic et composés (exprimés en tant que As);7.5;kg/an
0006410680;IDEX VAR BIOMASSE (IVD);2021;Air;Dioxyde de carbone (CO2) d'origine biomasse;181000000;kg/an
0006501936;SAM MONTEREAU;2021;Eau (direct);Cuivre et composés (exprimés en tant que Cu);122;kg/an
0006501936;SAM MONTEREAU;2021;Eau (direct);Nickel et composés (exprimés en tant que Ni);25.8;kg/an
0006410680;IDEX VAR BIOMASSE (IVD);2021;Air;Oxydes d'azote (NOx/NO2);127000;kg/an
0006501956;SAFRAN AIRCRAFT ENGINES;2021;Air;Oxydes d'azote (NOx/NO2);148000;kg/an
0006501956;SAFRAN AIRCRAFT ENGINES;2021;Air;Dioxyde de carbone (CO2) d'origine non biomasse;30000000;kg/an
0006410680;IDEX VAR BIOMASSE (IVD);2021;Air;Protoxyde d'azote (N2O);13100;kg/an
0006501956;SAFRAN AIRCRAFT ENGINES;2021;Air;Dioxyde de carbone (CO2) total (d'origine biomasse et non biomasse);30000000;kg/an
0006410680;IDEX VAR BIOMASSE (IVD);2021;Air;Dioxyde de carbone (CO2) total (d'origine biomasse et non biomasse);181000000;kg/an
0006501966;SOMOVAL (UTOM de Monthyon) (SMITOM);2021;Air;Dioxyde de carbone (CO2) d'origine non biomasse;104000000;kg/an
0006410871;Lyondell Basell Services France SAS;2021;Air;Dioxyde de carbone (CO2) d'origine non biomasse;163000000;kg/an
0006501966;SOMOVAL (UTOM de Monthyon) (SMITOM);2021;Air;Dioxyde de carbone (CO2) total (d'origine biomasse et non biomasse);104000000;kg/an
0006502055;LESAFFRE Sucrerie;2021;Air;Dioxyde de carbone (CO2) d'origine non biomasse;26700000;kg/an
0006410871;Lyondell Basell Services France SAS;2021;Air;Dioxyde de carbone (CO2) total (d'origine biomasse et non biomasse);163000000;kg/an
0006502055;LESAFFRE Sucrerie;2021;Air;Dioxyde de carbone (CO2) total (d'origine biomasse et non biomasse);26700000;kg/an
0006410871;Lyondell Basell Services France SAS;2021;Eau (direct);Demande chimique en oxygène (DCO);300000;kg/an
0006502229;FRANCE BUILDING PERFORMANCE SA;2021;Air;Dioxyde de carbone (CO2) d'origine non biomasse;13500000;kg/an
0006502229;FRANCE BUILDING PERFORMANCE SA;2021;Air;Dioxyde de carbone (CO2) total (d'origine biomasse et non biomasse);13500000;kg/an
0006410871;Lyondell Basell Services France SAS;2021;Eau (direct);Nickel et composés (exprimés en tant que Ni);78.2;kg/an
0006410871;Lyondell Basell Services France SAS;2021;Eau (direct);Phosphore total;5930;kg/an
0006410871;Lyondell Basell Services France SAS;2021;Eau (direct);Phénols (en tant que C total);36.7;kg/an
0006502601;MAGIC RAMBO (ou SNC THIMEAU) (ELIS);2021;Air;Tétrachloroéthylène (PER, tétrachloroéthylène);12500;kg/an
0006410871;Lyondell Basell Services France SAS;2021;Eau (direct);Zinc et composés (exprimés en tant que Zn);196;kg/an
0006410873;KEM ONE;2021;Air;Chlorure de vinyle (chloroéthène);48700;kg/an
0006502612;SIETREM (exploitation Novergie IdF);2021;Air;Dioxyde de carbone (CO2) d'origine biomasse;70400000;kg/an
0006502612;SIETREM (exploitation Novergie IdF);2021;Air;Dioxyde de carbone (CO2) d'origine non biomasse;53100000;kg/an
0006410873;KEM ONE;2021;Air;Composés organiques volatils non méthaniques (COVNM);39100;kg/an
0006502612;SIETREM (exploitation Novergie IdF);2021;Air;Dioxyde de carbone (CO2) total (d'origine biomasse et non biomasse);124000000;kg/an
0006503325;SEQENS (ex PCAS );2021;Eau (indirect);Dichlorométhane (DCM, chlorure de méthylène);44.5;kg/an
0006502739;OUVRE FILS Sucrerie et Distillerie;2021;Air;Dioxyde de carbone (CO2) d'origine non biomasse;17400000;kg/an
0006502739;OUVRE FILS Sucrerie et Distillerie;2021;Air;Dioxyde de carbone (CO2) total (d'origine biomasse et non biomasse);17400000;kg/an
0006503349;SOMEC;2021;Air;Dioxyde de carbone (CO2) d'origine non biomasse;18700000;kg/an
0006502851;RECTICEL- PROSEAT;2021;Air;Composés organiques volatils non méthaniques (COVNM);38700;kg/an
0006502851;RECTICEL- PROSEAT;2021;Air;Hydroflurocarbures (HFC);28200;kg/an
0006503349;SOMEC;2021;Air;Dioxyde de carbone (CO2) total (d'origine biomasse et non biomasse);18700000;kg/an
0006503449;PEUGEOT CITROEN POISSY SNC;2021;Air;Composés organiques volatils non méthaniques (COVNM);179000;kg/an
0006502906;VERMILION REP;2021;Air;Composés organiques volatils non méthaniques (COVNM);65400;kg/an
0006503449;PEUGEOT CITROEN POISSY SNC;2021;Air;Dioxyde de carbone (CO2) d'origine non biomasse;30700000;kg/an
0006502906;VERMILION REP;2021;Air;Dioxyde de carbone (CO2) d'origine non biomasse;15700000;kg/an
0006502906;VERMILION REP;2021;Air;Dioxyde de carbone (CO2) total (d'origine biomasse et non biomasse);15700000;kg/an
0006503449;PEUGEOT CITROEN POISSY SNC;2021;Air;Dioxyde de carbone (CO2) total (d'origine biomasse et non biomasse);30700000;kg/an
0006503449;PEUGEOT CITROEN POISSY SNC;2021;Eau (indirect);Cadmium et composés (exprimés en tant que Cd);9.2;kg/an
0006503449;PEUGEOT CITROEN POISSY SNC;2021;Eau (indirect);Nickel et composés (exprimés en tant que Ni);38.3;kg/an
0006502951;GENERIS;2021;Air;Dioxyde de carbone (CO2) d'origine biomasse;62000000;kg/an
0006503465;ALPA ACIERIES LAMINOIRS PARIS;2021;Air;Zinc et composés (exprimés en tant que Zn);212;kg/an
0006502951;GENERIS;2021;Air;Dioxyde de carbone (CO2) d'origine non biomasse;47200000;kg/an
0006502951;GENERIS;2021;Air;Dioxyde de carbone (CO2) total (d'origine biomasse et non biomasse);109000000;kg/an
0006502951;GENERIS;2021;Air;Vanadium et ses composés;23.8;kg/an
0006503465;ALPA ACIERIES LAMINOIRS PARIS;2021;Air;Dioxyde de carbone (CO2) d'origine non biomasse;43000000;kg/an
0006503465;ALPA ACIERIES LAMINOIRS PARIS;2021;Air;Dioxyde de carbone (CO2) total (d'origine biomasse et non biomasse);43000000;kg/an
0006503162;STORENGY SA site de Beynes;2021;Air;Méthane (CH4);189000;kg/an
0006503481;GPSO - VEOLIA EAU - Cie Générale des Eau;2021;Air;Manganèse et composés (exprimés en tant que Mn);76800;kg/an
0006503167;ARCYCOM SAS (ex ARCYDIS);2021;Air;Hydroflurocarbures (HFC);412;kg/an
0006503481;GPSO - VEOLIA EAU - Cie Générale des Eau;2021;Eau (direct);Demande biologique en oxygène (DBO5);155000;kg/an
0006503481;GPSO - VEOLIA EAU - Cie Générale des Eau;2021;Eau (direct);Demande chimique en oxygène (DCO);406000;kg/an
0006503481;GPSO - VEOLIA EAU - Cie Générale des Eau;2021;Eau (direct);Phosphore total;5920;kg/an
0006503493;ENERLAY;2021;Air;Dioxyde de carbone (CO2) d'origine non biomasse;10200000;kg/an
0006503168;CENTRE NATIONAL CINEMATOGRAPHIE;2021;Air;Hydroflurocarbures (HFC);439;kg/an
0006503493;ENERLAY;2021;Air;Dioxyde de carbone (CO2) total (d'origine biomasse et non biomasse);10200000;kg/an
0006503170;ITON SEINE;2021;Air;Dioxines et furanes (PCDD + PCDF) (exprimés en iTeq);0.011;kg/an
0006503571;VELIDIS ex ELYO (Chaufferie VELIZY 3);2021;Air;Dioxyde de carbone (CO2) d'origine non biomasse;34800000;kg/an
0006503170;ITON SEINE;2021;Air;Mercure et composés (exprimés en tant que Hg);17.2;kg/an
0006503170;ITON SEINE;2021;Air;Dioxyde de carbone (CO2) d'origine non biomasse;33800000;kg/an
0006503571;VELIDIS ex ELYO (Chaufferie VELIZY 3);2021;Air;Dioxyde de carbone (CO2) total (d'origine biomasse et non biomasse);34800000;kg/an
0006503170;ITON SEINE;2021;Air;Dioxyde de carbone (CO2) total (d'origine biomasse et non biomasse);33800000;kg/an
0006503580;VERSEO (ex SVCU);2021;Air;Dioxyde de carbone (CO2) d'origine non biomasse;39500000;kg/an
0006503183;SUEZ RV Energie - AZALYS;2021;Air;Dioxyde de carbone (CO2) d'origine biomasse;57200000;kg/an
0006503580;VERSEO (ex SVCU);2021;Air;Dioxyde de carbone (CO2) total (d'origine biomasse et non biomasse);39500000;kg/an
0006503183;SUEZ RV Energie - AZALYS;2021;Air;Dioxyde de carbone (CO2) d'origine non biomasse;57200000;kg/an
0006503800;MAJ;2021;Eau (indirect);Demande biologique en oxygène (DBO5);63500;kg/an
0006503183;SUEZ RV Energie - AZALYS;2021;Air;Dioxyde de carbone (CO2) total (d'origine biomasse et non biomasse);114000000;kg/an
0006503192;PEUGEOT;2021;Air;Hydroflurocarbures (HFC);429;kg/an
0006503930;SANOFI-AVENTIS RECHERCHE & DEVELOPPEMENT;2021;Air;Hydroflurocarbures (HFC);206;kg/an
0006503198;NOVERGIE;2021;Air;Dioxyde de carbone (CO2) d'origine biomasse;52000000;kg/an
0006503198;NOVERGIE;2021;Air;Mercure et composés (exprimés en tant que Hg);236;kg/an
0006503972;X FAB FRANCE (ex ALTIS SEMICONDUCTOR);2021;Air;Hydroflurocarbures (HFC);240;kg/an
0006503198;NOVERGIE;2021;Air;Dioxyde de carbone (CO2) d'origine non biomasse;52000000;kg/an
0006503198;NOVERGIE;2021;Air;Dioxyde de carbone (CO2) total (d'origine biomasse et non biomasse);104000000;kg/an
0006503972;X FAB FRANCE (ex ALTIS SEMICONDUCTOR);2021;Air;Perfluorocarbures (PFC);3140;kg/an
0006503972;X FAB FRANCE (ex ALTIS SEMICONDUCTOR);2021;Air;Protoxyde d'azote (N2O);17800;kg/an
0006503218;COFELY;2021;Air;Dioxyde de carbone (CO2) d'origine non biomasse;34100000;kg/an
0006503218;COFELY;2021;Air;Dioxyde de carbone (CO2) total (d'origine biomasse et non biomasse);34100000;kg/an
0006503227;TECHNOCENTRE RENAULT;2021;Air;Hydroflurocarbures (HFC);444;kg/an
0006503972;X FAB FRANCE (ex ALTIS SEMICONDUCTOR);2021;Eau (direct);Fluorures (en tant que F total);2260;kg/an
0006503227;TECHNOCENTRE RENAULT;2021;Air;Dioxyde de carbone (CO2) d'origine non biomasse;10500000;kg/an
0006503227;TECHNOCENTRE RENAULT;2021;Air;Dioxyde de carbone (CO2) total (d'origine biomasse et non biomasse);10500000;kg/an
0006504212;DALKIA Grand Paris Sud Energie Positive;2021;Air;Dioxyde de carbone (CO2) d'origine non biomasse;33200000;kg/an
0006503268;RENAULT FLINS;2021;Air;Composés organiques volatils non méthaniques (COVNM);323000;kg/an
0006503268;RENAULT FLINS;2021;Air;Dioxyde de carbone (CO2) d'origine non biomasse;50100000;kg/an
0006504212;DALKIA Grand Paris Sud Energie Positive;2021;Air;Dioxyde de carbone (CO2) total (d'origine biomasse et non biomasse);33200000;kg/an
0006503268;RENAULT FLINS;2021;Air;Dioxyde de carbone (CO2) total (d'origine biomasse et non biomasse);50100000;kg/an
0006503268;RENAULT FLINS;2021;Eau (direct);Nickel et composés (exprimés en tant que Ni);265;kg/an
0006504556;ENORIS;2021;Air;Dioxyde de carbone (CO2) d'origine biomasse;79800000;kg/an
0006503268;RENAULT FLINS;2021;Eau (direct);Phénols (en tant que C total);238;kg/an
0006503268;RENAULT FLINS;2021;Eau (direct);Zinc et composés (exprimés en tant que Zn);355;kg/an
0006504556;ENORIS;2021;Air;Dioxyde de carbone (CO2) d'origine non biomasse;42200000;kg/an
0006504556;ENORIS;2021;Air;Dioxyde de carbone (CO2) total (d'origine biomasse et non biomasse);122000000;kg/an
0006503288;TOTAL RAFFINAGE FRANCE;2021;Air;Composés organiques volatils non méthaniques (COVNM);65200;kg/an
0006504644;SLEEVER INTERNATIONAL;2021;Air;Composés organiques volatils non méthaniques (COVNM);112000;kg/an
0006503289;CALCIA gargenville (cimenterie);2021;Air;Oxydes d'azote (NOx/NO2);298000;kg/an
0006503289;CALCIA gargenville (cimenterie);2021;Air;Protoxyde d'azote (N2O);18000;kg/an
0006503289;CALCIA gargenville (cimenterie);2021;Air;Dioxyde de carbone (CO2) d'origine non biomasse;158000000;kg/an
0006504715;Eau du Sud Parisien ESP;2021;Eau (direct);Aluminium et composés (exprimés en tant que Al);4710;kg/an
0006503289;CALCIA gargenville (cimenterie);2021;Air;Dioxyde de carbone (CO2) total (d'origine biomasse et non biomasse);162000000;kg/an
0006504996;ENGIE COFELY;2021;Air;Dioxyde de carbone (CO2) d'origine non biomasse;19400000;kg/an
0006503296;EMTA Guitrancourt;2021;Air;Méthane (CH4);541000;kg/an
0006504996;ENGIE COFELY;2021;Air;Dioxyde de carbone (CO2) total (d'origine biomasse et non biomasse);19400000;kg/an
0006503322;SARP Industries;2021;Air;Ammoniac (NH3);12200;kg/an
0006503322;SARP Industries;2021;Air;Plomb et composés (exprimés en tant que Pb);2440;kg/an
0006503322;SARP Industries;2021;Air;Dioxyde de carbone (CO2) d'origine non biomasse;116000000;kg/an
0006503322;SARP Industries;2021;Air;Dioxyde de carbone (CO2) total (d'origine biomasse et non biomasse);116000000;kg/an
0006503322;SARP Industries;2021;Air;Sélénium;46400;kg/an
0006503322;SARP Industries;2021;Eau (direct);Chlorures (en tant que Cl total);2560000;kg/an
0006503325;SEQENS (ex PCAS );2021;Air;Composés organiques volatils non méthaniques (COVNM);49200;kg/an
0006505185;SIOM;2021;Eau (indirect);Dioxines et furanes (PCDD + PCDF) (exprimés en iTeq);0.00158;kg/an
0006505237;ENGIE Agence Ile de France Est/Champagne;2021;Air;Dioxyde de carbone (CO2) d'origine non biomasse;11300000;kg/an
0006505237;ENGIE Agence Ile de France Est/Champagne;2021;Air;Dioxyde de carbone (CO2) total (d'origine biomasse et non biomasse);11300000;kg/an
0006505306;LFB Biomédicaments;2021;Air;Composés organiques volatils non méthaniques (COVNM);91500;kg/an
0006505307;ENERLIS;2021;Air;Dioxyde de carbone (CO2) d'origine non biomasse;18800000;kg/an
0006505307;ENERLIS;2021;Air;Dioxyde de carbone (CO2) total (d'origine biomasse et non biomasse);26500000;kg/an
0006505334;Société JR;2021;Eau (indirect);Nickel et composés (exprimés en tant que Ni);39;kg/an
0006506505;RCU;2021;Air;Dioxyde de carbone (CO2) d'origine biomasse;17900000;kg/an
0006505345;NOVERGIE Ile-de-France CVE d'argenteuil;2021;Air;Dioxyde de carbone (CO2) d'origine biomasse;96700000;kg/an
0006506505;RCU;2021;Air;Dioxyde de carbone (CO2) d'origine non biomasse;34800000;kg/an
0006506505;RCU;2021;Air;Dioxyde de carbone (CO2) total (d'origine biomasse et non biomasse);52800000;kg/an
0006505345;NOVERGIE Ile-de-France CVE d'argenteuil;2021;Air;Zinc et composés (exprimés en tant que Zn);207;kg/an
0006506514;IVRY PARIS 13;2021;Air;Dioxines et furanes (PCDD + PCDF) (exprimés en iTeq);0.000198;kg/an
0006505345;NOVERGIE Ile-de-France CVE d'argenteuil;2021;Air;Dioxyde de carbone (CO2) d'origine non biomasse;72900000;kg/an
0006506514;IVRY PARIS 13;2021;Air;Dioxyde de carbone (CO2) d'origine biomasse;352000000;kg/an
0006506514;IVRY PARIS 13;2021;Air;Oxydes d'azote (NOx/NO2);193000;kg/an
0006505345;NOVERGIE Ile-de-France CVE d'argenteuil;2021;Air;Dioxyde de carbone (CO2) total (d'origine biomasse et non biomasse);170000000;kg/an
0006506514;IVRY PARIS 13;2021;Air;Zinc et composés (exprimés en tant que Zn);841;kg/an
0006506514;IVRY PARIS 13;2021;Air;Dioxyde de carbone (CO2) d'origine non biomasse;258000000;kg/an
0006505345;NOVERGIE Ile-de-France CVE d'argenteuil;2021;Air;Sélénium;29.2;kg/an
0006506514;IVRY PARIS 13;2021;Air;Dioxyde de carbone (CO2) total (d'origine biomasse et non biomasse);610000000;kg/an
0006505584;PLACOPLATRE SA;2021;Air;Dioxyde de carbone (CO2) d'origine non biomasse;15100000;kg/an
0006506515;CPCU IVRY;2021;Air;Dioxyde de carbone (CO2) d'origine non biomasse;23800000;kg/an
0006506515;CPCU IVRY;2021;Air;Dioxyde de carbone (CO2) total (d'origine biomasse et non biomasse);23800000;kg/an
0006505584;PLACOPLATRE SA;2021;Air;Dioxyde de carbone (CO2) total (d'origine biomasse et non biomasse);15100000;kg/an
0006505700;ALTERNAE (ex LETICO);2021;Air;Méthane (CH4);636000;kg/an
0006506520;BIO SPRINGER;2021;Air;Hydroflurocarbures (HFC);749;kg/an
0006505997;AEROPORTS DE PARIS - CTFE;2021;Air;Dioxyde de carbone (CO2) d'origine biomasse;12300000;kg/an
0006506520;BIO SPRINGER;2021;Air;Dioxyde de carbone (CO2) d'origine non biomasse;47600000;kg/an
0006506520;BIO SPRINGER;2021;Air;Dioxyde de carbone (CO2) total (d'origine biomasse et non biomasse);47600000;kg/an
0006505997;AEROPORTS DE PARIS - CTFE;2021;Air;Hydroflurocarbures (HFC);100;kg/an
0006506520;BIO SPRINGER;2021;Eau (indirect);Demande biologique en oxygène (DBO5);402000;kg/an
0006506520;BIO SPRINGER;2021;Eau (indirect);Demande chimique en oxygène (DCO);3710000;kg/an
0006505997;AEROPORTS DE PARIS - CTFE;2021;Air;Dioxyde de carbone (CO2) d'origine non biomasse;38900000;kg/an
0006506520;BIO SPRINGER;2021;Eau (indirect);Matières en suspension (MES);856000;kg/an
0006505997;AEROPORTS DE PARIS - CTFE;2021;Air;Dioxyde de carbone (CO2) total (d'origine biomasse et non biomasse);51300000;kg/an
0006506112;CORIANCE ( exCYEL )- SOA;2021;Air;Dioxyde de carbone (CO2) d'origine biomasse;33400000;kg/an
0006506526;AGESVAM;2021;Air;Protoxyde d'azote (N2O);27200;kg/an
0006506112;CORIANCE ( exCYEL )- SOA;2021;Air;Oxydes d'azote (NOx/NO2);352000;kg/an
0006506529;GENERIS;2021;Air;Dioxyde de carbone (CO2) d'origine non biomasse;98800000;kg/an
0006506529;GENERIS;2021;Air;Dioxyde de carbone (CO2) total (d'origine biomasse et non biomasse);98800000;kg/an
0006506112;CORIANCE ( exCYEL )- SOA;2021;Air;Dioxyde de carbone (CO2) total (d'origine biomasse et non biomasse);35800000;kg/an
0006506552;SANOFI CHIMIE;2021;Air;Dioxyde de carbone (CO2) d'origine non biomasse;15800000;kg/an
0006506552;SANOFI CHIMIE;2021;Air;Dioxyde de carbone (CO2) total (d'origine biomasse et non biomasse);15800000;kg/an
0006506552;SANOFI CHIMIE;2021;Eau (direct);Nonylphénols et éthoxylates de nonylphénol (NP/NPE);2.46;kg/an
0006506552;SANOFI CHIMIE;2021;Eau (indirect);Arsenic et composés (exprimés en tant que As);13.3;kg/an
0006506552;SANOFI CHIMIE;2021;Eau (indirect);Demande biologique en oxygène (DBO5);74200;kg/an
0006506552;SANOFI CHIMIE;2021;Eau (indirect);Demande chimique en oxygène (DCO);192000;kg/an
0006506552;SANOFI CHIMIE;2021;Eau (indirect);Di(2-éthylhexyle)phtalate (DEHP);1.26;kg/an
0006506138;SARCELLES ENERGIE;2021;Air;Dioxyde de carbone (CO2) d'origine non biomasse;19500000;kg/an
0006506686;COCA COLA EUROPEAN PARTNERS CCEP;2021;Eau (indirect);Demande biologique en oxygène (DBO5);117000;kg/an
0006506686;COCA COLA EUROPEAN PARTNERS CCEP;2021;Eau (indirect);Demande chimique en oxygène (DCO);263000;kg/an
0006506138;SARCELLES ENERGIE;2021;Air;Dioxyde de carbone (CO2) total (d'origine biomasse et non biomasse);19500000;kg/an
0006506146;SAREN (SIGIDURS);2021;Air;Dioxyde de carbone (CO2) d'origine biomasse;71100000;kg/an
0006506146;SAREN (SIGIDURS);2021;Air;Dioxyde de carbone (CO2) d'origine non biomasse;53900000;kg/an
0006506757;SUEZ RV Ile-de-France (Décharg Soignol);2021;Air;Méthane (CH4);168000;kg/an
0006506146;SAREN (SIGIDURS);2021;Air;Dioxyde de carbone (CO2) total (d'origine biomasse et non biomasse);125000000;kg/an
0006506763;CAPOULADE (Décharge d'Isles-les-Meldeuse;2021;Air;Dioxyde de carbone (CO2) d'origine biomasse;29000000;kg/an
0006506763;CAPOULADE (Décharge d'Isles-les-Meldeuse;2021;Air;Méthane (CH4);2490000;kg/an
0006506167;PLACOPLATRE;2021;Air;Particules (PM10);64000;kg/an
0006506763;CAPOULADE (Décharge d'Isles-les-Meldeuse;2021;Air;Dioxyde de carbone (CO2) total (d'origine biomasse et non biomasse);29000000;kg/an
0006506767;REP;2021;Air;Dioxyde de carbone (CO2) d'origine biomasse;10200000;kg/an
0006506167;PLACOPLATRE;2021;Air;Poussières totales;218000;kg/an
0006506767;REP;2021;Air;Méthane (CH4);3960000;kg/an
0006506767;REP;2021;Air;Dioxyde de carbone (CO2) total (d'origine biomasse et non biomasse);10200000;kg/an
0006506220;MONNAIE DE PARIS 5ème (i3172);2021;Air;Hydroflurocarbures (HFC);192;kg/an
0006506233;CPCU;2021;Air;Dioxyde de carbone (CO2) d'origine non biomasse;32000000;kg/an
0006506939;SIAAP;2021;Air;Cobalt et composés (exprimés en tant que Co);11.6;kg/an
0006506233;CPCU;2021;Air;Dioxyde de carbone (CO2) total (d'origine biomasse et non biomasse);36300000;kg/an
0006506939;SIAAP;2021;Air;Dioxyde de carbone (CO2) d'origine biomasse;126000000;kg/an
0006506939;SIAAP;2021;Air;Oxydes d'azote (NOx/NO2);117000;kg/an
0006506236;CPCU VAUGIRARD;2021;Air;Dioxyde de carbone (CO2) d'origine biomasse;50800000;kg/an
0006506939;SIAAP;2021;Air;Dioxyde de carbone (CO2) total (d'origine biomasse et non biomasse);132000000;kg/an
0006506236;CPCU VAUGIRARD;2021;Air;Dioxyde de carbone (CO2) d'origine non biomasse;38600000;kg/an
0006506941;Energie Meaux;2021;Air;Dioxyde de carbone (CO2) d'origine non biomasse;11200000;kg/an
0006506941;Energie Meaux;2021;Air;Dioxyde de carbone (CO2) total (d'origine biomasse et non biomasse);11200000;kg/an
0006506236;CPCU VAUGIRARD;2021;Air;Dioxyde de carbone (CO2) total (d'origine biomasse et non biomasse);89400000;kg/an
0006506240;CPCU GRENELLE (i449);2021;Air;Dioxyde de carbone (CO2) d'origine non biomasse;28700000;kg/an
0006506240;CPCU GRENELLE (i449);2021;Air;Dioxyde de carbone (CO2) total (d'origine biomasse et non biomasse);37400000;kg/an
0006507099;TERSEN (ex COSSON décharge (Epinay Ch.);2021;Air;Méthane (CH4);278000;kg/an
0006506266;CEVE (Ex SDCC);2021;Air;Dioxyde de carbone (CO2) d'origine biomasse;24800000;kg/an
0006506266;CEVE (Ex SDCC);2021;Air;Dioxyde de carbone (CO2) total (d'origine biomasse et non biomasse);34000000;kg/an
0006506270;ENERTHERM;2021;Air;Dioxyde de carbone (CO2) d'origine biomasse;17100000;kg/an
0006506270;ENERTHERM;2021;Air;Dioxyde de carbone (CO2) total (d'origine biomasse et non biomasse);17100000;kg/an
0006507742;KUEHNE NAGEL (ex ACR Logistics);2021;Air;Hydroflurocarbures (HFC);154;kg/an
0006506270;ENERTHERM;2021;Eau (indirect);Cadmium et composés (exprimés en tant que Cd);5;kg/an
0006508159;KNAUF PLATRES et Cie;2021;Air;Dioxyde de carbone (CO2) d'origine non biomasse;48000000;kg/an
0006508159;KNAUF PLATRES et Cie;2021;Air;Dioxyde de carbone (CO2) total (d'origine biomasse et non biomasse);48000000;kg/an
0006506271;SEINERGIE;2021;Air;Dioxyde de carbone (CO2) d'origine non biomasse;19600000;kg/an
0006506271;SEINERGIE;2021;Air;Dioxyde de carbone (CO2) total (d'origine biomasse et non biomasse);19600000;kg/an
0006506277;SAFRAN AIRCRAFT ENGINES;2021;Air;Dioxyde de carbone (CO2) d'origine non biomasse;10700000;kg/an
0006506277;SAFRAN AIRCRAFT ENGINES;2021;Air;Dioxyde de carbone (CO2) total (d'origine biomasse et non biomasse);10700000;kg/an
0006509350;REFINAL INDUSTRIES (ex COREPA SNC);2021;Air;Chlorofluorocarbures (CFC);3.92;kg/an
0006506282;EDF TAC GENNEVILLIERS;2021;Air;Dioxyde de carbone (CO2) d'origine non biomasse;11900000;kg/an
0006506282;EDF TAC GENNEVILLIERS;2021;Air;Dioxyde de carbone (CO2) total (d'origine biomasse et non biomasse);11900000;kg/an
0006509507;SUEZ RV Ile-de-France;2021;Air;Méthane (CH4);934000;kg/an
0006506294;PMC ISOCHEM;2021;Air;Chloroforme (trichlorométhane);1480;kg/an
0006510717;MCC (ex EXPRIM);2021;Air;Composés organiques volatils non méthaniques (COVNM);70500;kg/an
0006506295;GENNEVILLIERS ENERGIE;2021;Air;Dioxyde de carbone (CO2) d'origine non biomasse;15200000;kg/an
0006506295;GENNEVILLIERS ENERGIE;2021;Air;Dioxyde de carbone (CO2) total (d'origine biomasse et non biomasse);15200000;kg/an
0006506325;SOCLIS;2021;Air;Dioxyde de carbone (CO2) d'origine non biomasse;20300000;kg/an
0006511023;STRUCTIL;2021;Air;Composés organiques volatils non méthaniques (COVNM);101000;kg/an
0006506325;SOCLIS;2021;Air;Dioxyde de carbone (CO2) total (d'origine biomasse et non biomasse);20300000;kg/an
0006506327;VLG CHEM;2021;Eau (indirect);Dichlorométhane (DCM, chlorure de méthylène);189;kg/an
0006506333;ENGIE RESEAUX;2021;Air;Dioxyde de carbone (CO2) d'origine non biomasse;28400000;kg/an
0006506333;ENGIE RESEAUX;2021;Air;Dioxyde de carbone (CO2) total (d'origine biomasse et non biomasse);28400000;kg/an
0006506348;Dalkia;2021;Air;Dioxyde de carbone (CO2) d'origine non biomasse;19000000;kg/an
0006511103;BNP PARIBAS;2021;Air;Hydroflurocarbures (HFC);341;kg/an
0006506348;Dalkia;2021;Air;Dioxyde de carbone (CO2) total (d'origine biomasse et non biomasse);19000000;kg/an
0006506356;SDCB SUD;2021;Air;Dioxyde de carbone (CO2) d'origine biomasse;22300000;kg/an
0006506356;SDCB SUD;2021;Air;Dioxyde de carbone (CO2) d'origine non biomasse;18600000;kg/an
0006506356;SDCB SUD;2021;Air;Dioxyde de carbone (CO2) total (d'origine biomasse et non biomasse);40900000;kg/an
0006511727;CEA;2021;Air;Hydroflurocarbures (HFC);346;kg/an
0006506365;IDEX ENERGIES (SEMECO);2021;Air;Dioxyde de carbone (CO2) d'origine non biomasse;29400000;kg/an
0006512368;EDF TAC;2021;Air;Dioxyde de carbone (CO2) d'origine non biomasse;60200000;kg/an
0006512368;EDF TAC;2021;Air;Dioxyde de carbone (CO2) total (d'origine biomasse et non biomasse);60200000;kg/an
0006506365;IDEX ENERGIES (SEMECO);2021;Air;Dioxyde de carbone (CO2) total (d'origine biomasse et non biomasse);29400000;kg/an
0006506369;CORIANCE;2021;Air;Dioxyde de carbone (CO2) total (d'origine biomasse et non biomasse);12900000;kg/an
0006506379;ORANGINA SUNTORY FRANCE;2021;Eau (indirect);Demande biologique en oxygène (DBO5);728000;kg/an
0006512960;ALBIANT-it;2021;Air;Hydroflurocarbures (HFC);165;kg/an
0006506379;ORANGINA SUNTORY FRANCE;2021;Eau (indirect);Demande chimique en oxygène (DCO);1210000;kg/an
0006506446;PLAINE COMMUNE ENERGIE;2021;Air;Dioxyde de carbone (CO2) d'origine biomasse;47400000;kg/an
0006513010;GRT GAZ;2021;Air;Méthane (CH4);169000;kg/an
0006506446;PLAINE COMMUNE ENERGIE;2021;Air;Dioxyde de carbone (CO2) d'origine non biomasse;24000000;kg/an
0006513048;VEOLIA EAU;2021;Eau (indirect);Azote total;290000;kg/an
0006513048;VEOLIA EAU;2021;Eau (indirect);Demande biologique en oxygène (DBO5);87500;kg/an
0006513048;VEOLIA EAU;2021;Eau (indirect);Demande chimique en oxygène (DCO);638000;kg/an
0006513048;VEOLIA EAU;2021;Eau (indirect);Phosphore total;9910;kg/an
0006506446;PLAINE COMMUNE ENERGIE;2021;Air;Dioxyde de carbone (CO2) total (d'origine biomasse et non biomasse);71400000;kg/an
0006513144;ALBIANT-IT;2021;Air;Hydroflurocarbures (HFC);190;kg/an
0006513201;EDF TAC;2021;Air;Dioxyde de carbone (CO2) d'origine non biomasse;68000000;kg/an
0006513201;EDF TAC;2021;Air;Dioxyde de carbone (CO2) total (d'origine biomasse et non biomasse);68000000;kg/an
0006506453;TIRU;2021;Air;Dioxyde de carbone (CO2) d'origine biomasse;257000000;kg/an
0006506453;TIRU;2021;Air;Mercure et composés (exprimés en tant que Hg);29.3;kg/an
0006506453;TIRU;2021;Air;Oxydes d'azote (NOx/NO2);122000;kg/an
0006513220;CENERGY (ex-CYEL) - Plaine des Linandes;2021;Air;Dioxyde de carbone (CO2) d'origine non biomasse;32700000;kg/an
0006513220;CENERGY (ex-CYEL) - Plaine des Linandes;2021;Air;Dioxyde de carbone (CO2) total (d'origine biomasse et non biomasse);32700000;kg/an
0006506453;TIRU;2021;Air;Dioxyde de carbone (CO2) d'origine non biomasse;198000000;kg/an
0006506453;TIRU;2021;Air;Dioxyde de carbone (CO2) total (d'origine biomasse et non biomasse);455000000;kg/an
0006506454;CPCU;2021;Air;Dioxyde de carbone (CO2) d'origine biomasse;143000000;kg/an
0006506454;CPCU;2021;Air;Oxydes d'azote (NOx/NO2);153000;kg/an
0006515526;GRT Gaz;2021;Air;Méthane (CH4);107000;kg/an
0006515526;GRT Gaz;2021;Air;Dioxyde de carbone (CO2) d'origine non biomasse;12100000;kg/an
0006515526;GRT Gaz;2021;Air;Dioxyde de carbone (CO2) total (d'origine biomasse et non biomasse);12100000;kg/an
0006506454;CPCU;2021;Air;Protoxyde d'azote (N2O);17100;kg/an
0006506454;CPCU;2021;Air;Dioxyde de carbone (CO2) d'origine non biomasse;315000000;kg/an
0006517193;SEMAVERT;2021;Air;Dioxyde de carbone (CO2) d'origine biomasse;29100000;kg/an
0006517193;SEMAVERT;2021;Air;Méthane (CH4);1250000;kg/an
0006517193;SEMAVERT;2021;Air;Sulfure d'hydrogène (H2S);9540;kg/an
0006517193;SEMAVERT;2021;Air;Dioxyde de carbone (CO2) total (d'origine biomasse et non biomasse);29100000;kg/an
0006506454;CPCU;2021;Air;Dioxyde de carbone (CO2) total (d'origine biomasse et non biomasse);458000000;kg/an
0006506455;Dalkia;2021;Air;Dioxyde de carbone (CO2) d'origine biomasse;12500000;kg/an
0006506455;Dalkia;2021;Air;Dioxyde de carbone (CO2) d'origine non biomasse;13300000;kg/an
0006520041;INCINERIS - ESTHIMA;2021;Air;Cobalt et composés (exprimés en tant que Co);5.75;kg/an
0006520041;INCINERIS - ESTHIMA;2021;Air;Cuivre et composés (exprimés en tant que Cu);942;kg/an
0006506455;Dalkia;2021;Air;Dioxyde de carbone (CO2) total (d'origine biomasse et non biomasse);25900000;kg/an
0006520041;INCINERIS - ESTHIMA;2021;Air;Dioxines et furanes (PCDD + PCDF) (exprimés en iTeq);0.009;kg/an
0006520041;INCINERIS - ESTHIMA;2021;Air;Nickel et composés (exprimés en tant que Ni);65.5;kg/an
0006506456;SEVEO GIE;2021;Air;Dioxyde de carbone (CO2) d'origine biomasse;22200000;kg/an
0006520041;INCINERIS - ESTHIMA;2021;Air;Plomb et composés (exprimés en tant que Pb);809;kg/an
0006520041;INCINERIS - ESTHIMA;2021;Air;Vanadium et ses composés;10400000;kg/an
0006506456;SEVEO GIE;2021;Air;Dioxyde de carbone (CO2) d'origine non biomasse;12800000;kg/an
0006506456;SEVEO GIE;2021;Air;Dioxyde de carbone (CO2) total (d'origine biomasse et non biomasse);35100000;kg/an
0006506457;PLAINE COMMUNE ENERGIE (STAINS);2021;Air;Dioxyde de carbone (CO2) d'origine biomasse;43300000;kg/an
0006506457;PLAINE COMMUNE ENERGIE (STAINS);2021;Air;Dioxyde de carbone (CO2) total (d'origine biomasse et non biomasse);51100000;kg/an
0006520960;COGESTAR 3 Centre de Saclay CEA;2021;Air;Dioxyde de carbone (CO2) d'origine non biomasse;20100000;kg/an
0006520960;COGESTAR 3 Centre de Saclay CEA;2021;Air;Dioxyde de carbone (CO2) total (d'origine biomasse et non biomasse);20100000;kg/an
0006506481;CREALIS SAS;2021;Air;Hydroflurocarbures (HFC);17200;kg/an
0006506498;VALO'MARNE (EX CIE);2021;Air;Dioxyde de carbone (CO2) d'origine biomasse;118000000;kg/an
0006521577;NIPPON PAINT AUTOMOTIVE FRANCE;2021;Air;Composés organiques volatils non méthaniques (COVNM);73500;kg/an
0006600081;TERREAL CASTELNAUDARY;2021;Air;Dioxyde de carbone (CO2) d'origine non biomasse;10600000;kg/an
0006506498;VALO'MARNE (EX CIE);2021;Air;Mercure et composés (exprimés en tant que Hg);15.4;kg/an
0006600081;TERREAL CASTELNAUDARY;2021;Air;Dioxyde de carbone (CO2) total (d'origine biomasse et non biomasse);10600000;kg/an
0006506498;VALO'MARNE (EX CIE);2021;Air;Oxydes d'azote (NOx/NO2);111000;kg/an
0006600156;TERREAL LABASTIDE d'ANJOU;2021;Air;Dioxyde de carbone (CO2) d'origine non biomasse;17700000;kg/an
0006600156;TERREAL LABASTIDE d'ANJOU;2021;Air;Dioxyde de carbone (CO2) total (d'origine biomasse et non biomasse);17700000;kg/an
0006506498;VALO'MARNE (EX CIE);2021;Air;Dioxyde de carbone (CO2) d'origine non biomasse;98400000;kg/an
0006600171;TERREAL LASBORDES;2021;Air;Dioxyde de carbone (CO2) d'origine non biomasse;18600000;kg/an
0006600171;TERREAL LASBORDES;2021;Air;Dioxyde de carbone (CO2) total (d'origine biomasse et non biomasse);18600000;kg/an
0006506498;VALO'MARNE (EX CIE);2021;Air;Dioxyde de carbone (CO2) total (d'origine biomasse et non biomasse);216000000;kg/an
0006600247;Orano Cycle Malvesi;2021;Eau (direct);Zinc et composés (exprimés en tant que Zn);132;kg/an
0006600812;O-I FRANCE SAS;2021;Air;Mercure et composés (exprimés en tant que Hg);10.2;kg/an
0006600262;LAFARGE HOLCIM;2021;Air;Acide cyanhydrique (HCN);1250;kg/an
0006600262;LAFARGE HOLCIM;2021;Air;Benzène;1040;kg/an
0006600262;LAFARGE HOLCIM;2021;Air;Dioxyde de carbone (CO2) d'origine biomasse;69100000;kg/an
0006600262;LAFARGE HOLCIM;2021;Air;Monoxyde de carbone (CO);1490000;kg/an
0006600262;LAFARGE HOLCIM;2021;Air;Oxydes d'azote (NOx/NO2);799000;kg/an
0006600812;O-I FRANCE SAS;2021;Air;Oxydes d'azote (NOx/NO2);116000;kg/an
0006600262;LAFARGE HOLCIM;2021;Air;Dioxyde de carbone (CO2) d'origine non biomasse;486000000;kg/an
0006600262;LAFARGE HOLCIM;2021;Air;Dioxyde de carbone (CO2) total (d'origine biomasse et non biomasse);555000000;kg/an
0006600812;O-I FRANCE SAS;2021;Air;Dioxyde de carbone (CO2) d'origine non biomasse;43600000;kg/an
0006600334;TERREAL ST MARTIN LALANDE;2021;Air;Fluor et composés inorganiques (en tant que HF);5120;kg/an
0006600334;TERREAL ST MARTIN LALANDE;2021;Air;Dioxyde de carbone (CO2) d'origine non biomasse;17200000;kg/an
0006600812;O-I FRANCE SAS;2021;Air;Dioxyde de carbone (CO2) total (d'origine biomasse et non biomasse);43600000;kg/an
0006600334;TERREAL ST MARTIN LALANDE;2021;Air;Dioxyde de carbone (CO2) total (d'origine biomasse et non biomasse);17200000;kg/an
0006600893;OI Manufacturing France;2021;Air;Hydroflurocarbures (HFC);150;kg/an
0006600893;OI Manufacturing France;2021;Air;Oxydes d'azote (NOx/NO2);133000;kg/an
0006600430;PCAS;2021;Air;Composés organiques volatils non méthaniques (COVNM);98400;kg/an
0006600893;OI Manufacturing France;2021;Air;Dioxyde de carbone (CO2) d'origine non biomasse;39200000;kg/an
0006600430;PCAS;2021;Air;Dichlorométhane (DCM, chlorure de méthylène);21300;kg/an
0006600432;SANOFI-CHIMIE;2021;Air;Composés organiques volatils non méthaniques (COVNM);88100;kg/an
0006600893;OI Manufacturing France;2021;Air;Dioxyde de carbone (CO2) total (d'origine biomasse et non biomasse);39200000;kg/an
0006600432;SANOFI-CHIMIE;2021;Air;Dichlorométhane (DCM, chlorure de méthylène);22900;kg/an
0006600432;SANOFI-CHIMIE;2021;Air;Hydroflurocarbures (HFC);116;kg/an
0006600904;HIRSCH FRANCE;2021;Air;Composés organiques volatils non méthaniques (COVNM);286000;kg/an
0006600453;Société des CIMENTS CALCIA;2021;Air;Benzène;1270;kg/an
0006600453;Société des CIMENTS CALCIA;2021;Air;Dioxyde de carbone (CO2) d'origine biomasse;34500000;kg/an
0006600453;Société des CIMENTS CALCIA;2021;Air;Manganèse et composés (exprimés en tant que Mn);237;kg/an
0006600453;Société des CIMENTS CALCIA;2021;Air;Mercure et composés (exprimés en tant que Hg);16.8;kg/an
0006600453;Société des CIMENTS CALCIA;2021;Air;Oxydes d'azote (NOx/NO2);1070000;kg/an
0006601003;GDH (GESTION DE DEPOTS D'HYDROCARBURES);2021;Air;Composés organiques volatils non méthaniques (COVNM);108000;kg/an
0006600453;Société des CIMENTS CALCIA;2021;Air;Poussières totales;146000;kg/an
0006600453;Société des CIMENTS CALCIA;2021;Air;Dioxyde de carbone (CO2) d'origine non biomasse;547000000;kg/an
0006601016;HEXIS;2021;Air;Composés organiques volatils non méthaniques (COVNM);129000;kg/an
0006600453;Société des CIMENTS CALCIA;2021;Air;Dioxyde de carbone (CO2) total (d'origine biomasse et non biomasse);582000000;kg/an
0006601065;OCREAL;2021;Air;Dioxyde de carbone (CO2) d'origine biomasse;57200000;kg/an
0006601065;OCREAL;2021;Air;Dioxyde de carbone (CO2) d'origine non biomasse;43300000;kg/an
0006600459;KONINGS SPIRIT & DRINKS FRANCE;2021;Air;Composés organiques volatils non méthaniques (COVNM);48700;kg/an
0006601065;OCREAL;2021;Air;Dioxyde de carbone (CO2) total (d'origine biomasse et non biomasse);101000000;kg/an
0006600526;GRAP'SUD;2021;Air;Monoxyde de carbone (CO);1220000;kg/an
0006601105;DALKIA FRANCE;2021;Air;Dioxyde de carbone (CO2) d'origine non biomasse;10800000;kg/an
0006601105;DALKIA FRANCE;2021;Air;Dioxyde de carbone (CO2) total (d'origine biomasse et non biomasse);10800000;kg/an
0006600541;SA PAREFEUILLE-PROVENCE;2021;Air;Dioxyde de carbone (CO2) d'origine non biomasse;14200000;kg/an
0006600541;SA PAREFEUILLE-PROVENCE;2021;Air;Dioxyde de carbone (CO2) total (d'origine biomasse et non biomasse);14200000;kg/an
0006601116;SANOFI Aventis R&D;2021;Air;Hydroflurocarbures (HFC);427;kg/an
0006601279;Communauté Agglomération Bassin de Thau;2021;Air;Dioxyde de carbone (CO2) d'origine biomasse;18600000;kg/an
0006600562;OWENS-CORNING FIBERGLAS;2021;Air;Dioxyde de carbone (CO2) d'origine non biomasse;34700000;kg/an
0006600562;OWENS-CORNING FIBERGLAS;2021;Air;Dioxyde de carbone (CO2) total (d'origine biomasse et non biomasse);34700000;kg/an
0006601279;Communauté Agglomération Bassin de Thau;2021;Air;Dioxyde de carbone (CO2) d'origine non biomasse;14000000;kg/an
0006600563;FERROPEM;2021;Air;Dioxyde de carbone (CO2) d'origine biomasse;64000000;kg/an
0006600563;FERROPEM;2021;Air;Nickel et composés (exprimés en tant que Ni);53.5;kg/an
0006601279;Communauté Agglomération Bassin de Thau;2021;Air;Dioxyde de carbone (CO2) total (d'origine biomasse et non biomasse);32600000;kg/an
0006600563;FERROPEM;2021;Air;Oxydes de soufre (SOx/SO2);248000;kg/an
0006600563;FERROPEM;2021;Air;Oxydes d'azote (NOx/NO2);123000;kg/an
0006601279;Communauté Agglomération Bassin de Thau;2021;Eau (indirect);Demande biologique en oxygène (DBO5);55200;kg/an
0006600563;FERROPEM;2021;Air;Dioxyde de carbone (CO2) d'origine non biomasse;186000000;kg/an
0006600563;FERROPEM;2021;Air;Dioxyde de carbone (CO2) total (d'origine biomasse et non biomasse);251000000;kg/an
0006601279;Communauté Agglomération Bassin de Thau;2021;Eau (indirect);Dioxines et furanes (PCDD + PCDF) (exprimés en iTeq);0.898;kg/an
0006601281;SAIPOL;2021;Air;Composés organiques volatils non méthaniques (COVNM);410000;kg/an
0006600637;NIMERGIE SAS;2021;Air;Dioxyde de carbone (CO2) d'origine non biomasse;12900000;kg/an
0006600637;NIMERGIE SAS;2021;Air;Dioxyde de carbone (CO2) total (d'origine biomasse et non biomasse);12900000;kg/an
0006601281;SAIPOL;2021;Air;Dioxyde de carbone (CO2) d'origine biomasse;42200000;kg/an
0006601281;SAIPOL;2021;Air;Dioxyde de carbone (CO2) total (d'origine biomasse et non biomasse);45600000;kg/an
0006600672;SIRAP GEMA;2021;Air;Composés organiques volatils non méthaniques (COVNM);179000;kg/an
0006600803;UNION DES DISTILLERIES DE LA MEDITERRANE;2021;Air;Composés organiques volatils non méthaniques (COVNM);70100;kg/an
0006601317;KNAUF INDUSTRIES EST (ex Isobox);2021;Air;Composés organiques volatils non méthaniques (COVNM);30500;kg/an
0006601317;KNAUF INDUSTRIES EST (ex Isobox);2021;Eau (indirect);Arsenic et composés (exprimés en tant que As);17.3;kg/an
0006601317;KNAUF INDUSTRIES EST (ex Isobox);2021;Eau (indirect);Composés organohalogénés (exprimés en tant que AOX);3980;kg/an
0006601317;KNAUF INDUSTRIES EST (ex Isobox);2021;Eau (indirect);Cuivre et composés (exprimés en tant que Cu);238;kg/an
0006601317;KNAUF INDUSTRIES EST (ex Isobox);2021;Eau (indirect);Hydrocarbures aromatiques polycycliques (HAP);8.7;kg/an
0006700503;BASF;2021;Air;Dioxyde de carbone (CO2) d'origine non biomasse;10600000;kg/an
0006601317;KNAUF INDUSTRIES EST (ex Isobox);2021;Eau (indirect);Zinc et composés (exprimés en tant que Zn);7110;kg/an
0006700503;BASF;2021;Air;Dioxyde de carbone (CO2) total (d'origine biomasse et non biomasse);10600000;kg/an
0006700503;BASF;2021;Eau (indirect);Carbone organique total (en tant que C total ou DCO/3);128000;kg/an
0006601574;GIE CHIMIE SALINDRES;2021;Air;Dioxyde de carbone (CO2) d'origine non biomasse;16100000;kg/an
0006700503;BASF;2021;Eau (indirect);Chlorures (en tant que Cl total);3150000;kg/an
0006700503;BASF;2021;Eau (indirect);Composés organohalogénés (exprimés en tant que AOX);6940;kg/an
0006601574;GIE CHIMIE SALINDRES;2021;Air;Dioxyde de carbone (CO2) total (d'origine biomasse et non biomasse);16100000;kg/an
0006700503;BASF;2021;Eau (indirect);Cuivre et composés (exprimés en tant que Cu);197;kg/an
0006700503;BASF;2021;Eau (indirect);Demande biologique en oxygène (DBO5);78600;kg/an
0006601574;GIE CHIMIE SALINDRES;2021;Eau (direct);Arsenic et composés (exprimés en tant que As);14.6;kg/an
0006700503;BASF;2021;Eau (indirect);Demande chimique en oxygène (DCO);399000;kg/an
0006601574;GIE CHIMIE SALINDRES;2021;Eau (direct);Zinc et composés (exprimés en tant que Zn);141;kg/an
0006601576;CTSDU DE BELLEGARDE;2021;Air;Méthane (CH4);256000;kg/an
0006601577;AXENS SA;2021;Air;Cobalt et composés (exprimés en tant que Co);22.5;kg/an
0006700513;BUTACHIMIE;2021;Air;Composés organiques volatils non méthaniques (COVNM);39100;kg/an
0006601577;AXENS SA;2021;Air;Oxydes d'azote (NOx/NO2);126000;kg/an
0006700513;BUTACHIMIE;2021;Air;Hydroflurocarbures (HFC);450;kg/an
0006700513;BUTACHIMIE;2021;Air;Méthane (CH4);314000;kg/an
0006601577;AXENS SA;2021;Air;Dioxyde de carbone (CO2) d'origine non biomasse;17400000;kg/an
0006700513;BUTACHIMIE;2021;Air;Oxydes d'azote (NOx/NO2);418000;kg/an
0006700513;BUTACHIMIE;2021;Air;Dioxyde de carbone (CO2) d'origine non biomasse;268000000;kg/an
0006601577;AXENS SA;2021;Air;Dioxyde de carbone (CO2) total (d'origine biomasse et non biomasse);17400000;kg/an
0006700513;BUTACHIMIE;2021;Air;Dioxyde de carbone (CO2) total (d'origine biomasse et non biomasse);268000000;kg/an
0006700513;BUTACHIMIE;2021;Eau (direct);Carbone organique total (en tant que C total ou DCO/3);79400;kg/an
0006601578;SOLVAY Rhodia Opérations;2021;Air;Dichlorométhane (DCM, chlorure de méthylène);2250;kg/an
0006700513;BUTACHIMIE;2021;Eau (direct);Cuivre et composés (exprimés en tant que Cu);701;kg/an
0006700513;BUTACHIMIE;2021;Eau (direct);Cyanures (sous forme de CN total);53.2;kg/an
0006601578;SOLVAY Rhodia Opérations;2021;Air;Hydroflurocarbures (HFC);316;kg/an
0006700513;BUTACHIMIE;2021;Eau (direct);Demande chimique en oxygène (DCO);160000;kg/an
0006700513;BUTACHIMIE;2021;Eau (direct);Nickel et composés (exprimés en tant que Ni);88;kg/an
0006601697;Société EVOLIA;2021;Air;Dioxyde de carbone (CO2) d'origine biomasse;53500000;kg/an
0006700513;BUTACHIMIE;2021;Eau (direct);Phosphore total;5560;kg/an
0006700513;BUTACHIMIE;2021;Eau (direct);Phénols (en tant que C total);59.2;kg/an
0006601697;Société EVOLIA;2021;Air;Dioxyde de carbone (CO2) d'origine non biomasse;42800000;kg/an
0006700515;Burda Druck France (ex BRAUN);2021;Air;Composés organiques volatils non méthaniques (COVNM);46800;kg/an
0006601697;Société EVOLIA;2021;Air;Dioxyde de carbone (CO2) total (d'origine biomasse et non biomasse);96400000;kg/an
0006700516;BRASSERIE LICORNE;2021;Eau (indirect);Demande biologique en oxygène (DBO5);58400;kg/an
0006700516;BRASSERIE LICORNE;2021;Eau (indirect);Demande chimique en oxygène (DCO);226000;kg/an
0006602094;International Flavors & Fragrances  SAS;2021;Air;Composés organiques volatils non méthaniques (COVNM);55700;kg/an
0006700526;ARLANXEO Emulsion Rubber France SAS;2021;Air;Composés organiques volatils non méthaniques (COVNM);31200;kg/an
0006700526;ARLANXEO Emulsion Rubber France SAS;2021;Air;Hydroflurocarbures (HFC);3480;kg/an
0006700526;ARLANXEO Emulsion Rubber France SAS;2021;Air;Dioxyde de carbone (CO2) d'origine non biomasse;48500000;kg/an
0006602094;International Flavors & Fragrances  SAS;2021;Air;Dichlorométhane (DCM, chlorure de méthylène);2550;kg/an
0006700526;ARLANXEO Emulsion Rubber France SAS;2021;Air;Dioxyde de carbone (CO2) total (d'origine biomasse et non biomasse);48500000;kg/an
0006700526;ARLANXEO Emulsion Rubber France SAS;2021;Eau (indirect);Azote total;59100;kg/an
0006603592;VALORSYS PRES DES OLIVIERS;2021;Air;Méthane (CH4);515000;kg/an
0006700526;ARLANXEO Emulsion Rubber France SAS;2021;Eau (indirect);Chlorures (en tant que Cl total);2120000;kg/an
0006700526;ARLANXEO Emulsion Rubber France SAS;2021;Eau (indirect);Demande biologique en oxygène (DBO5);242000;kg/an
0006700526;ARLANXEO Emulsion Rubber France SAS;2021;Eau (indirect);Demande chimique en oxygène (DCO);952000;kg/an
0006605262;UNION FRANCAISE DES ALCOOLS ET BRANDIES;2021;Air;Composés organiques volatils non méthaniques (COVNM);188000;kg/an
0006700526;ARLANXEO Emulsion Rubber France SAS;2021;Eau (indirect);Nickel et composés (exprimés en tant que Ni);69;kg/an
0006700526;ARLANXEO Emulsion Rubber France SAS;2021;Eau (indirect);Phénols (en tant que C total);310;kg/an
0006700526;ARLANXEO Emulsion Rubber France SAS;2021;Eau (indirect);Sulfates;1690000;kg/an
0006700536;SENERVAL UIOM;2021;Air;Dioxines et furanes (PCDD + PCDF) (exprimés en iTeq);0.000222;kg/an
0006700536;SENERVAL UIOM;2021;Air;Dioxyde de carbone (CO2) d'origine biomasse;128000000;kg/an
0006606318;SOCIETE  SUEZ RV MEDITERRANEE;2021;Air;Dioxyde de carbone (CO2) d'origine biomasse;11700000;kg/an
0006700536;SENERVAL UIOM;2021;Air;Mercure et composés (exprimés en tant que Hg);26.1;kg/an
0006700536;SENERVAL UIOM;2021;Air;Dioxyde de carbone (CO2) d'origine non biomasse;96300000;kg/an
0006700536;SENERVAL UIOM;2021;Air;Dioxyde de carbone (CO2) total (d'origine biomasse et non biomasse);224000000;kg/an
0006606318;SOCIETE  SUEZ RV MEDITERRANEE;2021;Air;Méthane (CH4);361000;kg/an
0006700536;SENERVAL UIOM;2021;Eau (indirect);Cadmium et composés (exprimés en tant que Cd);1.91;kg/an
0006700536;SENERVAL UIOM;2021;Eau (indirect);Plomb et composés (exprimés en tant que Pb);21.3;kg/an
0006606318;SOCIETE  SUEZ RV MEDITERRANEE;2021;Air;Dioxyde de carbone (CO2) total (d'origine biomasse et non biomasse);11700000;kg/an
0006700009;GRAVIDAL;2021;Eau (direct);Matières en suspension (MES);14300000;kg/an
0006700537;AMCOR (ex ALCAN);2021;Air;Composés organiques volatils non méthaniques (COVNM);183000;kg/an
0006700018;EQIOM;2021;Eau (direct);Matières en suspension (MES);3000000;kg/an
0006700187;GRAVIERES D'ALSACE LORRAINE;2021;Eau (direct);Matières en suspension (MES);879000;kg/an
0006700538;ALSACHIMIE;2021;Air;Composés organiques volatils non méthaniques (COVNM);59300;kg/an
0006700538;ALSACHIMIE;2021;Air;Oxydes d'azote (NOx/NO2);368000;kg/an
0006700538;ALSACHIMIE;2021;Air;Protoxyde d'azote (N2O);271000;kg/an
0006700361;NLMK Strasbourg;2021;Air;Dioxyde de carbone (CO2) d'origine non biomasse;24000000;kg/an
0006700538;ALSACHIMIE;2021;Air;Dioxyde de carbone (CO2) d'origine non biomasse;365000000;kg/an
0006700538;ALSACHIMIE;2021;Air;Dioxyde de carbone (CO2) total (d'origine biomasse et non biomasse);365000000;kg/an
0006700361;NLMK Strasbourg;2021;Air;Dioxyde de carbone (CO2) total (d'origine biomasse et non biomasse);24000000;kg/an
0006700538;ALSACHIMIE;2021;Eau (direct);Azote total;865000;kg/an
0006700538;ALSACHIMIE;2021;Eau (direct);Carbone organique total (en tant que C total ou DCO/3);913000;kg/an
0006700373;SETE;2021;Air;Dioxyde de carbone (CO2) d'origine non biomasse;11500000;kg/an
0006700538;ALSACHIMIE;2021;Eau (direct);Chrome et composés (exprimés en tant que Cr);325;kg/an
0006700538;ALSACHIMIE;2021;Eau (direct);Cuivre et composés (exprimés en tant que Cu);1030;kg/an
0006700538;ALSACHIMIE;2021;Eau (direct);Cyanures (sous forme de CN total);4460;kg/an
0006700373;SETE;2021;Air;Dioxyde de carbone (CO2) total (d'origine biomasse et non biomasse);11500000;kg/an
0006700538;ALSACHIMIE;2021;Eau (direct);Demande biologique en oxygène (DBO5);806000;kg/an
0006700538;ALSACHIMIE;2021;Eau (direct);Demande chimique en oxygène (DCO);2040000;kg/an
0006700387;SCCU CENTRALE THERMIQUE;2021;Air;Dioxyde de carbone (CO2) d'origine biomasse;12700000;kg/an
0006700538;ALSACHIMIE;2021;Eau (direct);Nickel et composés (exprimés en tant que Ni);80;kg/an
0006700538;ALSACHIMIE;2021;Eau (direct);Phénols (en tant que C total);1170;kg/an
0006700387;SCCU CENTRALE THERMIQUE;2021;Air;Dioxyde de carbone (CO2) d'origine non biomasse;12200000;kg/an
0006700538;ALSACHIMIE;2021;Eau (direct);Zinc et composés (exprimés en tant que Zn);148;kg/an
0006700541;EUROGLAS;2021;Air;Oxydes de soufre (SOx/SO2);176000;kg/an
0006700387;SCCU CENTRALE THERMIQUE;2021;Air;Dioxyde de carbone (CO2) total (d'origine biomasse et non biomasse);24900000;kg/an
0006700541;EUROGLAS;2021;Air;Oxydes d'azote (NOx/NO2);328000;kg/an
0006700541;EUROGLAS;2021;Air;Dioxyde de carbone (CO2) d'origine non biomasse;107000000;kg/an
0006700401;ADIENT France SAS (ex johnson controls);2021;Air;Composés organiques volatils non méthaniques (COVNM);41700;kg/an
0006700541;EUROGLAS;2021;Air;Dioxyde de carbone (CO2) total (d'origine biomasse et non biomasse);107000000;kg/an
0006700567;DS SMITH PAPER KAYSERSBERG;2021;Air;Dioxyde de carbone (CO2) d'origine non biomasse;50100000;kg/an
0006700403;ROSSMANN Sainte-Croix-aux-Mines;2021;Air;Dioxyde de carbone (CO2) d'origine non biomasse;11200000;kg/an
0006700567;DS SMITH PAPER KAYSERSBERG;2021;Air;Dioxyde de carbone (CO2) total (d'origine biomasse et non biomasse);50100000;kg/an
0006700403;ROSSMANN Sainte-Croix-aux-Mines;2021;Air;Dioxyde de carbone (CO2) total (d'origine biomasse et non biomasse);11200000;kg/an
0006700569;SUEZ RV Nord Est RETZWILLER;2021;Air;Dioxyde de carbone (CO2) d'origine biomasse;16700000;kg/an
0006700404;ROQUETTE FRERES;2021;Air;Dioxyde de carbone (CO2) d'origine biomasse;130000000;kg/an
0006700569;SUEZ RV Nord Est RETZWILLER;2021;Air;Méthane (CH4);896000;kg/an
0006700569;SUEZ RV Nord Est RETZWILLER;2021;Air;Dioxyde de carbone (CO2) total (d'origine biomasse et non biomasse);16700000;kg/an
0006700404;ROQUETTE FRERES;2021;Air;Oxydes d'azote (NOx/NO2);134000;kg/an
0006700569;SUEZ RV Nord Est RETZWILLER;2021;Eau (indirect);Fer et composés (exprimés en tant que Fe);10800;kg/an
0006700569;SUEZ RV Nord Est RETZWILLER;2021;Eau (indirect);Manganèse et composés (exprimés en tant que Mn);796;kg/an
0006700404;ROQUETTE FRERES;2021;Air;Dioxyde de carbone (CO2) d'origine non biomasse;54000000;kg/an
0006700569;SUEZ RV Nord Est RETZWILLER;2021;Eau (indirect);Phénols (en tant que C total);457;kg/an
0006700404;ROQUETTE FRERES;2021;Air;Dioxyde de carbone (CO2) total (d'origine biomasse et non biomasse);184000000;kg/an
0006700570;RAVAGO Building Solutions France;2021;Air;Composés organiques volatils non méthaniques (COVNM);52500;kg/an
0006700404;ROQUETTE FRERES;2021;Eau (direct);Cadmium et composés (exprimés en tant que Cd);1.23;kg/an
0006700586;LESAFFRE CULINARY STRG (anct SENSIENT);2021;Eau (indirect);Demande biologique en oxygène (DBO5);301000;kg/an
0006700404;ROQUETTE FRERES;2021;Eau (direct);Di(2-éthylhexyle)phtalate (DEHP);1.23;kg/an
0006700586;LESAFFRE CULINARY STRG (anct SENSIENT);2021;Eau (indirect);Demande chimique en oxygène (DCO);541000;kg/an
0006700404;ROQUETTE FRERES;2021;Sol;Cadmium et composés (exprimés en tant que Cd);10.9;kg/an
0006700404;ROQUETTE FRERES;2021;Sol;Chrome et composés (exprimés en tant que Cr);114;kg/an
0006700598;WIENERBERGER SAS;2021;Air;Chlore et composés inorganiques (en tant que HCl);24800;kg/an
0006700598;WIENERBERGER SAS;2021;Air;Dioxyde de carbone (CO2) d'origine non biomasse;16800000;kg/an
0006700404;ROQUETTE FRERES;2021;Sol;Cuivre et composés (exprimés en tant que Cu);233;kg/an
0006700598;WIENERBERGER SAS;2021;Air;Dioxyde de carbone (CO2) total (d'origine biomasse et non biomasse);16800000;kg/an
0006700404;ROQUETTE FRERES;2021;Sol;Nickel et composés (exprimés en tant que Ni);69.5;kg/an
0006700608;MARS WRIGLEY CONFECTIONERY FRANCE;2021;Eau (indirect);Demande biologique en oxygène (DBO5);257000;kg/an
0006700608;MARS WRIGLEY CONFECTIONERY FRANCE;2021;Eau (indirect);Demande chimique en oxygène (DCO);611000;kg/an
0006700404;ROQUETTE FRERES;2021;Sol;Plomb et composés (exprimés en tant que Pb);195;kg/an
0006700612;LILLY FRANCE;2021;Eau (indirect);Phosphore total;5410;kg/an
0006700404;ROQUETTE FRERES;2021;Sol;Zinc et composés (exprimés en tant que Zn);1670;kg/an
0006700613;LIEBHERR FRANCE SAS;2021;Air;Protoxyde d'azote (N2O);13600;kg/an
0006700407;SOCIETE EUROPEENNE DE STOCKAGE D1;2021;Air;Composés organiques volatils non méthaniques (COVNM);34500;kg/an
0006700619;Centrale Thermique de Didenheim;2021;Air;Dioxyde de carbone (CO2) d'origine biomasse;30000000;kg/an
0006700619;Centrale Thermique de Didenheim;2021;Air;Protoxyde d'azote (N2O);16100;kg/an
0006700413;TREDI Strasbourg;2021;Air;Dioxyde de carbone (CO2) d'origine non biomasse;35500000;kg/an
0006700619;Centrale Thermique de Didenheim;2021;Air;Dioxyde de carbone (CO2) d'origine non biomasse;19100000;kg/an
0006700619;Centrale Thermique de Didenheim;2021;Air;Dioxyde de carbone (CO2) total (d'origine biomasse et non biomasse);49100000;kg/an
0006700413;TREDI Strasbourg;2021;Air;Dioxyde de carbone (CO2) total (d'origine biomasse et non biomasse);35500000;kg/an
0006700632;KRONENBOURG SUPPLY COMPANY SAS;2021;Air;Dioxyde de carbone (CO2) d'origine non biomasse;17800000;kg/an
0006700632;KRONENBOURG SUPPLY COMPANY SAS;2021;Air;Dioxyde de carbone (CO2) total (d'origine biomasse et non biomasse);23200000;kg/an
0006700415;RHONE GAZ Herrlisheim;2021;Air;Composés organiques volatils non méthaniques (COVNM);41600;kg/an
0006700632;KRONENBOURG SUPPLY COMPANY SAS;2021;Sol;Chrome et composés (exprimés en tant que Cr);58.9;kg/an
0006700632;KRONENBOURG SUPPLY COMPANY SAS;2021;Sol;Nickel et composés (exprimés en tant que Ni);22.7;kg/an
0006700423;MARS Chocolat Steinbourg;2021;Eau (indirect);Demande biologique en oxygène (DBO5);63200;kg/an
0006700632;KRONENBOURG SUPPLY COMPANY SAS;2021;Sol;Zinc et composés (exprimés en tant que Zn);559;kg/an
0006700637;WIENERBERGER SAS;2021;Air;Chlore et composés inorganiques (en tant que HCl);13200;kg/an
0006700637;WIENERBERGER SAS;2021;Air;Dioxyde de carbone (CO2) d'origine non biomasse;19100000;kg/an
0006700426;DOW France SAS (ex ROHM AND HAAS);2021;Air;Dioxyde de carbone (CO2) d'origine non biomasse;21400000;kg/an
0006700637;WIENERBERGER SAS;2021;Air;Dioxyde de carbone (CO2) total (d'origine biomasse et non biomasse);19100000;kg/an
0006700642;ESSITY (ex TISSUE FRANCE);2021;Air;Dioxyde de carbone (CO2) d'origine non biomasse;17000000;kg/an
0006700426;DOW France SAS (ex ROHM AND HAAS);2021;Air;Dioxyde de carbone (CO2) total (d'origine biomasse et non biomasse);21400000;kg/an
0006700642;ESSITY (ex TISSUE FRANCE);2021;Air;Dioxyde de carbone (CO2) total (d'origine biomasse et non biomasse);17000000;kg/an
0006700642;ESSITY (ex TISSUE FRANCE);2021;Eau (direct);Cuivre et composés (exprimés en tant que Cu);101;kg/an
0006700428;CENPA SAS;2021;Air;Dioxyde de carbone (CO2) d'origine non biomasse;13300000;kg/an
0006700643;TEREOS STARCH & SWEETENERS EUROPE;2021;Air;Acétaldéhyde (aldéhyde acétique  éthanal);2210;kg/an
0006700428;CENPA SAS;2021;Air;Dioxyde de carbone (CO2) total (d'origine biomasse et non biomasse);13300000;kg/an
0006700643;TEREOS STARCH & SWEETENERS EUROPE;2021;Air;Composés organiques volatils non méthaniques (COVNM);56200;kg/an
0006700643;TEREOS STARCH & SWEETENERS EUROPE;2021;Air;Oxydes d'azote (NOx/NO2);136000;kg/an
0006700428;CENPA SAS;2021;Eau (direct);Sulfonate de perfluorooctane (SPFO);0.01;kg/an
0006700643;TEREOS STARCH & SWEETENERS EUROPE;2021;Air;Dioxyde de carbone (CO2) d'origine non biomasse;191000000;kg/an
0006700643;TEREOS STARCH & SWEETENERS EUROPE;2021;Air;Dioxyde de carbone (CO2) total (d'origine biomasse et non biomasse);191000000;kg/an
0006700429;DSM Nutritional Products France;2021;Air;Dichlorométhane (DCM, chlorure de méthylène);8590;kg/an
0006700643;TEREOS STARCH & SWEETENERS EUROPE;2021;Eau (indirect);Arsenic et composés (exprimés en tant que As);8.94;kg/an
0006700643;TEREOS STARCH & SWEETENERS EUROPE;2021;Eau (indirect);Cadmium et composés (exprimés en tant que Cd);1.79;kg/an
0006700429;DSM Nutritional Products France;2021;Air;Hydroflurocarbures (HFC);127;kg/an
0006700643;TEREOS STARCH & SWEETENERS EUROPE;2021;Eau (indirect);Demande chimique en oxygène (DCO);332000;kg/an
0006700429;DSM Nutritional Products France;2021;Air;Dioxyde de carbone (CO2) d'origine non biomasse;20100000;kg/an
0006700653;TRONOX FRANCE SAS;2021;Air;Nickel et composés (exprimés en tant que Ni);52.6;kg/an
0006700429;DSM Nutritional Products France;2021;Air;Dioxyde de carbone (CO2) total (d'origine biomasse et non biomasse);20100000;kg/an
0006700653;TRONOX FRANCE SAS;2021;Air;Dioxyde de carbone (CO2) d'origine non biomasse;25700000;kg/an
0006700653;TRONOX FRANCE SAS;2021;Air;Dioxyde de carbone (CO2) total (d'origine biomasse et non biomasse);25700000;kg/an
0006700433;Vynova PPC SAS;2021;Air;Chloroforme (trichlorométhane);887;kg/an
0006700663;CRISTAL UNION;2021;Air;Dioxyde de carbone (CO2) d'origine non biomasse;22400000;kg/an
0006700663;CRISTAL UNION;2021;Air;Dioxyde de carbone (CO2) total (d'origine biomasse et non biomasse);22400000;kg/an
0006700433;Vynova PPC SAS;2021;Air;Mercure et composés (exprimés en tant que Hg);13.8;kg/an
0006700663;CRISTAL UNION;2021;Eau (direct);Demande biologique en oxygène (DBO5);47500;kg/an
0006700433;Vynova PPC SAS;2021;Eau (direct);Chlorures (en tant que Cl total);2490000;kg/an
0006700668;BLUE PAPER;2021;Air;Dioxyde de carbone (CO2) d'origine biomasse;137000000;kg/an
0006700433;Vynova PPC SAS;2021;Eau (direct);Mercure et composés (exprimés en tant que Hg);5.4;kg/an
0006700668;BLUE PAPER;2021;Air;Oxydes d'azote (NOx/NO2);143000;kg/an
0006700668;BLUE PAPER;2021;Air;Dioxyde de carbone (CO2) d'origine non biomasse;50300000;kg/an
0006700433;Vynova PPC SAS;2021;Eau (direct);Tétrachlorométhane (TCM, tétrachlorure de carbone);2;kg/an
0006700668;BLUE PAPER;2021;Air;Dioxyde de carbone (CO2) total (d'origine biomasse et non biomasse);187000000;kg/an
0006700668;BLUE PAPER;2021;Eau (direct);Demande chimique en oxygène (DCO);236000;kg/an
0006700444;ARCONIC ARCHITECTURAL PRODUCTS  Merxheim;2021;Air;Dioxyde de carbone (CO2) d'origine non biomasse;17700000;kg/an
0006700673;VALEAURHIN;2021;Air;Dioxyde de carbone (CO2) d'origine biomasse;22800000;kg/an
0006700673;VALEAURHIN;2021;Air;Protoxyde d'azote (N2O);11900;kg/an
0006700673;VALEAURHIN;2021;Air;Dioxyde de carbone (CO2) total (d'origine biomasse et non biomasse);23200000;kg/an
0006700683;H.B. FULLER ADHESIVES  FRANCE SAS;2021;Air;Composés organiques volatils non méthaniques (COVNM);159000;kg/an
0006700444;ARCONIC ARCHITECTURAL PRODUCTS  Merxheim;2021;Air;Dioxyde de carbone (CO2) total (d'origine biomasse et non biomasse);17700000;kg/an
0006700688;HEINEKEN ENTREPRISE SAS;2021;Eau (indirect);Demande biologique en oxygène (DBO5);912000;kg/an
0006700446;AMCOR Speciality Cartons France SAS;2021;Air;Composés organiques volatils non méthaniques (COVNM);74600;kg/an
0006700464;SINIAT SA;2021;Air;Mercure et composés (exprimés en tant que Hg);11;kg/an
0006700464;SINIAT SA;2021;Air;Dioxyde de carbone (CO2) d'origine non biomasse;26100000;kg/an
0006700688;HEINEKEN ENTREPRISE SAS;2021;Eau (indirect);Demande chimique en oxygène (DCO);1520000;kg/an
0006700464;SINIAT SA;2021;Air;Dioxyde de carbone (CO2) total (d'origine biomasse et non biomasse);26100000;kg/an
0006700688;HEINEKEN ENTREPRISE SAS;2021;Eau (indirect);Matières en suspension (MES);327000;kg/an
0006700467;PSA Peugeot Citroën SNC Mulhouse;2021;Air;Composés organiques volatils non méthaniques (COVNM);163000;kg/an
0006700694;TANNERIES HAAS;2021;Eau (indirect);Chrome et composés (exprimés en tant que Cr);60.8;kg/an
0006700694;TANNERIES HAAS;2021;Eau (indirect);Demande biologique en oxygène (DBO5);65400;kg/an
0006700694;TANNERIES HAAS;2021;Eau (indirect);Demande chimique en oxygène (DCO);251000;kg/an
0006700467;PSA Peugeot Citroën SNC Mulhouse;2021;Air;Hydroflurocarbures (HFC);290;kg/an
0006700701;HOLCIM HAUT-RHIN;2021;Air;Ammoniac (NH3);50000;kg/an
0006700467;PSA Peugeot Citroën SNC Mulhouse;2021;Air;Dioxyde de carbone (CO2) d'origine non biomasse;33200000;kg/an
0006700701;HOLCIM HAUT-RHIN;2021;Air;Benzène;1460;kg/an
0006700701;HOLCIM HAUT-RHIN;2021;Air;Composés organiques volatils non méthaniques (COVNM);32100;kg/an
0006700467;PSA Peugeot Citroën SNC Mulhouse;2021;Air;Dioxyde de carbone (CO2) total (d'origine biomasse et non biomasse);33200000;kg/an
0006700701;HOLCIM HAUT-RHIN;2021;Air;Dioxyde de carbone (CO2) d'origine biomasse;16700000;kg/an
0006700701;HOLCIM HAUT-RHIN;2021;Air;Mercure et composés (exprimés en tant que Hg);10.3;kg/an
0006700467;PSA Peugeot Citroën SNC Mulhouse;2021;Eau (indirect);Demande biologique en oxygène (DBO5);114000;kg/an
0006700701;HOLCIM HAUT-RHIN;2021;Air;Oxydes d'azote (NOx/NO2);411000;kg/an
0006700701;HOLCIM HAUT-RHIN;2021;Air;Protoxyde d'azote (N2O);17400;kg/an
0006700467;PSA Peugeot Citroën SNC Mulhouse;2021;Eau (indirect);Demande chimique en oxygène (DCO);383000;kg/an
0006700701;HOLCIM HAUT-RHIN;2021;Air;Zinc et composés (exprimés en tant que Zn);387;kg/an
0006700701;HOLCIM HAUT-RHIN;2021;Air;Dioxyde de carbone (CO2) d'origine non biomasse;244000000;kg/an
0006700467;PSA Peugeot Citroën SNC Mulhouse;2021;Eau (indirect);Nonylphénols et éthoxylates de nonylphénol (NP/NPE);1.34;kg/an
0006700701;HOLCIM HAUT-RHIN;2021;Air;Dioxyde de carbone (CO2) total (d'origine biomasse et non biomasse);261000000;kg/an
0006700724;CHALEUR HAUTEPIERRE;2021;Air;Dioxyde de carbone (CO2) d'origine non biomasse;39900000;kg/an
0006700467;PSA Peugeot Citroën SNC Mulhouse;2021;Eau (indirect);Phénols (en tant que C total);32.9;kg/an
0006700724;CHALEUR HAUTEPIERRE;2021;Air;Dioxyde de carbone (CO2) total (d'origine biomasse et non biomasse);39900000;kg/an
0006700746;COGERI;2021;Air;Dioxyde de carbone (CO2) d'origine non biomasse;19100000;kg/an
0006700467;PSA Peugeot Citroën SNC Mulhouse;2021;Eau (indirect);Zinc et composés (exprimés en tant que Zn);283;kg/an
0006700746;COGERI;2021;Air;Dioxyde de carbone (CO2) total (d'origine biomasse et non biomasse);19100000;kg/an
0006700469;CONSTELLIUM NEUF BRISACH;2021;Air;Composés organiques volatils non méthaniques (COVNM);84900;kg/an
0006700766;LINGENHELD ENVIRONNEMENT;2021;Eau (indirect);Biphényles polychlorés (PCB);0.128;kg/an
0006700794;WIENERBERGER;2021;Air;Dioxyde de carbone (CO2) d'origine non biomasse;22500000;kg/an
0006700469;CONSTELLIUM NEUF BRISACH;2021;Air;Oxydes d'azote (NOx/NO2);119000;kg/an
0006700794;WIENERBERGER;2021;Air;Dioxyde de carbone (CO2) total (d'origine biomasse et non biomasse);22500000;kg/an
0006700469;CONSTELLIUM NEUF BRISACH;2021;Air;Dioxyde de carbone (CO2) d'origine non biomasse;115000000;kg/an
0006700795;SITEK INSULATION S.A.S.;2021;Air;Dioxyde de carbone (CO2) d'origine non biomasse;12800000;kg/an
0006700469;CONSTELLIUM NEUF BRISACH;2021;Air;Dioxyde de carbone (CO2) total (d'origine biomasse et non biomasse);115000000;kg/an
0006700795;SITEK INSULATION S.A.S.;2021;Air;Dioxyde de carbone (CO2) total (d'origine biomasse et non biomasse);12800000;kg/an
0006700471;BOREALIS PEC RHIN;2021;Air;Ammoniac (NH3);81900;kg/an
0006700471;BOREALIS PEC RHIN;2021;Air;Oxydes d'azote (NOx/NO2);264000;kg/an
0006700806;KNAUF INDUSTRIES (anc ISOBOX TECHN);2021;Air;Composés organiques volatils non méthaniques (COVNM);51600;kg/an
0006700471;BOREALIS PEC RHIN;2021;Air;Protoxyde d'azote (N2O);136000;kg/an
0006701057;Société des Malteries d'Alsace;2021;Eau (indirect);Demande biologique en oxygène (DBO5);255000;kg/an
0006700471;BOREALIS PEC RHIN;2021;Air;Dioxyde de carbone (CO2) d'origine non biomasse;466000000;kg/an
0006701057;Société des Malteries d'Alsace;2021;Eau (indirect);Demande chimique en oxygène (DCO);492000;kg/an
0006700471;BOREALIS PEC RHIN;2021;Air;Dioxyde de carbone (CO2) total (d'origine biomasse et non biomasse);466000000;kg/an
0006701060;BIO SPRINGER;2021;Eau (indirect);Azote total;101000;kg/an
0006701060;BIO SPRINGER;2021;Eau (indirect);Demande biologique en oxygène (DBO5);490000;kg/an
0006701060;BIO SPRINGER;2021;Eau (indirect);Demande chimique en oxygène (DCO);830000;kg/an
0006701060;BIO SPRINGER;2021;Eau (indirect);Phosphore total;18800;kg/an
0006700471;BOREALIS PEC RHIN;2021;Eau (direct);Azote total;372000;kg/an
0006701094;STANDART SAS;2021;Air;Dioxyde de carbone (CO2) total (d'origine biomasse et non biomasse);10700000;kg/an
0006700472;PAPETERIES DU RHIN;2021;Eau (indirect);Demande biologique en oxygène (DBO5);1180000;kg/an
0006701094;STANDART SAS;2021;Eau (indirect);Demande biologique en oxygène (DBO5);239000;kg/an
0006701094;STANDART SAS;2021;Eau (indirect);Demande chimique en oxygène (DCO);406000;kg/an
0006700472;PAPETERIES DU RHIN;2021;Eau (indirect);Demande chimique en oxygène (DCO);2340000;kg/an
0006700478;DARAMIC SAS;2021;Air;Composés organiques volatils non méthaniques (COVNM);127000;kg/an
0006802385;BOUYER-LEROUX  STRUCTURE (ex IMERYS TC;2021;Air;Dioxyde de carbone (CO2) d'origine non biomasse;24400000;kg/an
0006702042;FREUDENBERG PERFORMANCE MATERIALS;2021;Eau (indirect);Demande biologique en oxygène (DBO5);63200;kg/an
0006702046;KERMEL;2021;Air;Composés organiques volatils non méthaniques (COVNM);50200;kg/an
0006802385;BOUYER-LEROUX  STRUCTURE (ex IMERYS TC;2021;Air;Dioxyde de carbone (CO2) total (d'origine biomasse et non biomasse);32600000;kg/an
0006802412;SETMI;2021;Air;Dioxyde de carbone (CO2) d'origine biomasse;133000000;kg/an
0006702151;SOJINAL;2021;Eau (indirect);Demande chimique en oxygène (DCO);331000;kg/an
0006802412;SETMI;2021;Air;Oxydes d'azote (NOx/NO2);283000;kg/an
0006702162;KNAUF EST;2021;Air;Composés organiques volatils non méthaniques (COVNM);190000;kg/an
0006802412;SETMI;2021;Air;Dioxyde de carbone (CO2) d'origine non biomasse;103000000;kg/an
0006702200;LINDE FRANCE;2021;Air;Dioxyde de carbone (CO2) d'origine non biomasse;137000000;kg/an
0006702200;LINDE FRANCE;2021;Air;Dioxyde de carbone (CO2) total (d'origine biomasse et non biomasse);137000000;kg/an
0006802412;SETMI;2021;Air;Dioxyde de carbone (CO2) total (d'origine biomasse et non biomasse);235000000;kg/an
0006702202;TFL France SAS;2021;Eau (indirect);Demande chimique en oxygène (DCO);161000;kg/an
0006802437;ABATTOIR DE CAPDENAC SARL;2021;Eau (indirect);Demande biologique en oxygène (DBO5);83900;kg/an
0006702202;TFL France SAS;2021;Eau (indirect);Phénols (en tant que C total);199;kg/an
0006702209;SIVOM agglo mulhousienne Sausheim - UIOM;2021;Air;Dioxyde de carbone (CO2) d'origine biomasse;70500000;kg/an
0006802449;NUTRIBIO;2021;Air;Dioxyde de carbone (CO2) d'origine non biomasse;10100000;kg/an
0006702209;SIVOM agglo mulhousienne Sausheim - UIOM;2021;Air;Dioxyde de carbone (CO2) d'origine non biomasse;53400000;kg/an
0006702209;SIVOM agglo mulhousienne Sausheim - UIOM;2021;Air;Dioxyde de carbone (CO2) total (d'origine biomasse et non biomasse);124000000;kg/an
0006802449;NUTRIBIO;2021;Air;Dioxyde de carbone (CO2) total (d'origine biomasse et non biomasse);10100000;kg/an
0006702264;CENTRE HOSPITALIER (MOENSCHBERG-Emile);2021;Eau (indirect);Demande biologique en oxygène (DBO5);76600;kg/an
0006802464;SOCIETE PORC MONTAGNE;2021;Eau (indirect);Carbone organique total (en tant que C total ou DCO/3);97600;kg/an
0006702299;TRANSPORTS KLEIN;2021;Eau (indirect);Demande biologique en oxygène (DBO5);65000;kg/an
0006802464;SOCIETE PORC MONTAGNE;2021;Eau (indirect);Demande biologique en oxygène (DBO5);131000;kg/an
0006802464;SOCIETE PORC MONTAGNE;2021;Eau (indirect);Demande chimique en oxygène (DCO);293000;kg/an
0006702408;SMICTOM d'Alsace Centrale;2021;Air;Méthane (CH4);161000;kg/an
0006802467;SOCIETE FROMAGERE DE RODEZ;2021;Eau (indirect);Demande biologique en oxygène (DBO5);298000;kg/an
0006802467;SOCIETE FROMAGERE DE RODEZ;2021;Eau (indirect);Demande chimique en oxygène (DCO);487000;kg/an
0006702409;SMICTOM NORD BAS-RHIN;2021;Air;Méthane (CH4);418000;kg/an
0006802467;SOCIETE FROMAGERE DE RODEZ;2021;Eau (indirect);Phosphore total;11800;kg/an
0006702475;NOVARTIS PHARMA SAS (biotechnologie);2021;Eau (indirect);Carbone organique total (en tant que C total ou DCO/3);50700;kg/an
0006802476;SAS VM BUILDING SOLUTIONS;2021;Eau (direct);Cadmium et composés (exprimés en tant que Cd);1.29;kg/an
0006802476;SAS VM BUILDING SOLUTIONS;2021;Eau (direct);Zinc et composés (exprimés en tant que Zn);130;kg/an
0006702557;CFS CELLPACK PACKAGING;2021;Air;Composés organiques volatils non méthaniques (COVNM);199000;kg/an
0006802505;ARKEMA;2021;Air;Acide cyanhydrique (HCN);5790;kg/an
0006802505;ARKEMA;2021;Air;Hydrazine;420;kg/an
0006702686;TRONOX FRANCE SAS;2021;Air;Dioxyde de carbone (CO2) d'origine non biomasse;12600000;kg/an
0006802505;ARKEMA;2021;Air;Dioxyde de carbone (CO2) d'origine non biomasse;38700000;kg/an
0006702686;TRONOX FRANCE SAS;2021;Air;Dioxyde de carbone (CO2) total (d'origine biomasse et non biomasse);12600000;kg/an
0006802505;ARKEMA;2021;Air;Dioxyde de carbone (CO2) total (d'origine biomasse et non biomasse);38700000;kg/an
0006702686;TRONOX FRANCE SAS;2021;Eau (direct);Manganèse et composés (exprimés en tant que Mn);1850;kg/an
0006702686;TRONOX FRANCE SAS;2021;Eau (direct);Sulfates;1630000;kg/an
0006802505;ARKEMA;2021;Eau (direct);Chloroforme (trichlorométhane);56.8;kg/an
0006702704;STRASBOURG CENTRE ENERGIES;2021;Air;Dioxyde de carbone (CO2) d'origine non biomasse;11800000;kg/an
0006702704;STRASBOURG CENTRE ENERGIES;2021;Air;Dioxyde de carbone (CO2) total (d'origine biomasse et non biomasse);11800000;kg/an
0006802513;FERROPEM;2021;Air;Dioxyde de carbone (CO2) d'origine non biomasse;36900000;kg/an
0006802513;FERROPEM;2021;Air;Dioxyde de carbone (CO2) total (d'origine biomasse et non biomasse);36900000;kg/an
0006802518;DAHER SOCATA;2021;Air;Hydroflurocarbures (HFC);228;kg/an
0006702736;EVONIK OIL ADDITIVES SAS;2021;Eau (indirect);Demande chimique en oxygène (DCO);262000;kg/an
0006802544;BASF HEALTH AND CARE PRODUCTS FRANCE;2021;Air;Dioxyde de carbone (CO2) d'origine non biomasse;21000000;kg/an
0006703165;JUNGBUNZLAUER (JBL);2021;Eau (indirect);Azote total;95200;kg/an
0006802544;BASF HEALTH AND CARE PRODUCTS FRANCE;2021;Air;Dioxyde de carbone (CO2) total (d'origine biomasse et non biomasse);21000000;kg/an
0006703165;JUNGBUNZLAUER (JBL);2021;Eau (indirect);Demande chimique en oxygène (DCO);4470000;kg/an
0006802548;FIBRE EXCELLENCE SAINT-GAUDENS;2021;Air;Dioxyde de carbone (CO2) d'origine biomasse;710000000;kg/an
0006802548;FIBRE EXCELLENCE SAINT-GAUDENS;2021;Air;Manganèse et composés (exprimés en tant que Mn);230;kg/an
0006703165;JUNGBUNZLAUER (JBL);2021;Eau (indirect);Phosphore total;7990;kg/an
0006802548;FIBRE EXCELLENCE SAINT-GAUDENS;2021;Air;Monoxyde de carbone (CO);979000;kg/an
0006802548;FIBRE EXCELLENCE SAINT-GAUDENS;2021;Air;Oxydes d'azote (NOx/NO2);404000;kg/an
0006704003;KALHYGE 2 (ex RLD2 ex Ets Schneider);2021;Eau (indirect);Composés organohalogénés (exprimés en tant que AOX);17300;kg/an
0006802548;FIBRE EXCELLENCE SAINT-GAUDENS;2021;Air;Sulfure d'hydrogène (H2S);7830;kg/an
0006704781;AUCHAN Hypermarche;2021;Air;Hydroflurocarbures (HFC);530;kg/an
0006802548;FIBRE EXCELLENCE SAINT-GAUDENS;2021;Air;Dioxyde de carbone (CO2) d'origine non biomasse;30000000;kg/an
0006802548;FIBRE EXCELLENCE SAINT-GAUDENS;2021;Air;Dioxyde de carbone (CO2) total (d'origine biomasse et non biomasse);740000000;kg/an
0006705580;SAFRAN LANDING SYSTEMS;2021;Air;Composés organiques volatils non méthaniques (COVNM);31400;kg/an
0006802548;FIBRE EXCELLENCE SAINT-GAUDENS;2021;Eau (direct);Composés organohalogénés (exprimés en tant que AOX);37700;kg/an
0006705769;WAGRAM TERMINAL SAS;2021;Air;Composés organiques volatils non méthaniques (COVNM);33000;kg/an
0006705866;AGRO-LOGIC Sarl;2021;Sol;Azote total;97900;kg/an
0006802548;FIBRE EXCELLENCE SAINT-GAUDENS;2021;Eau (direct);Demande biologique en oxygène (DBO5);99300;kg/an
0006705866;AGRO-LOGIC Sarl;2021;Sol;Chrome et composés (exprimés en tant que Cr);114;kg/an
0006705866;AGRO-LOGIC Sarl;2021;Sol;Cuivre et composés (exprimés en tant que Cu);670;kg/an
0006705866;AGRO-LOGIC Sarl;2021;Sol;Mercure et composés (exprimés en tant que Hg);1.37;kg/an
0006802548;FIBRE EXCELLENCE SAINT-GAUDENS;2021;Eau (direct);Demande chimique en oxygène (DCO);2920000;kg/an
0006705866;AGRO-LOGIC Sarl;2021;Sol;Nickel et composés (exprimés en tant que Ni);92.2;kg/an
0006705866;AGRO-LOGIC Sarl;2021;Sol;Phosphore total;134000;kg/an
0006802548;FIBRE EXCELLENCE SAINT-GAUDENS;2021;Eau (direct);Hydrocarbures;63600;kg/an
0006705866;AGRO-LOGIC Sarl;2021;Sol;Plomb et composés (exprimés en tant que Pb);98.7;kg/an
0006705866;AGRO-LOGIC Sarl;2021;Sol;Zinc et composés (exprimés en tant que Zn);1700;kg/an
0006802548;FIBRE EXCELLENCE SAINT-GAUDENS;2021;Eau (direct);Matières en suspension (MES);440000;kg/an
0006705866;AGRO-LOGIC Sarl;2021;Sol;PCBi : somme des 7 PCB indicateurs (PCB 28+PCB 52+PCB 101+PCB 118+PCB 138+PCB 153+PCB 180);0.23;kg/an
0006802150;ANDROS Snc - Site de Biars;2021;Air;Dioxyde de carbone (CO2) d'origine non biomasse;14000000;kg/an
0006802548;FIBRE EXCELLENCE SAINT-GAUDENS;2021;Eau (direct);Phosphore total;10000;kg/an
0006802150;ANDROS Snc - Site de Biars;2021;Air;Dioxyde de carbone (CO2) total (d'origine biomasse et non biomasse);14200000;kg/an
0006802152;MAEC Sas;2021;Air;Dichlorométhane (DCM, chlorure de méthylène);8490;kg/an
0006802548;FIBRE EXCELLENCE SAINT-GAUDENS;2021;Eau (direct);Zinc et composés (exprimés en tant que Zn);614;kg/an
0006802152;MAEC Sas;2021;Air;Tétrachloroéthylène (PER, tétrachloroéthylène);2100;kg/an
0006802548;FIBRE EXCELLENCE SAINT-GAUDENS;2021;Sol;Cadmium et composés (exprimés en tant que Cd);86.7;kg/an
0006802548;FIBRE EXCELLENCE SAINT-GAUDENS;2021;Sol;Chrome et composés (exprimés en tant que Cr);700;kg/an
0006802548;FIBRE EXCELLENCE SAINT-GAUDENS;2021;Sol;Cuivre et composés (exprimés en tant que Cu);1030;kg/an
0006802181;Aubert et Duval usine de Pamiers;2021;Air;Dioxyde de carbone (CO2) d'origine non biomasse;15400000;kg/an
0006802181;Aubert et Duval usine de Pamiers;2021;Air;Dioxyde de carbone (CO2) total (d'origine biomasse et non biomasse);15400000;kg/an
0006802185;Papeteries de Saint-Girons Sas;2021;Air;Dioxyde de carbone (CO2) d'origine non biomasse;15200000;kg/an
0006802548;FIBRE EXCELLENCE SAINT-GAUDENS;2021;Sol;Mercure et composés (exprimés en tant que Hg);2.43;kg/an
0006802185;Papeteries de Saint-Girons Sas;2021;Air;Dioxyde de carbone (CO2) total (d'origine biomasse et non biomasse);15200000;kg/an
0006802185;Papeteries de Saint-Girons Sas;2021;Eau (direct);Chloroforme (trichlorométhane);939;kg/an
0006802548;FIBRE EXCELLENCE SAINT-GAUDENS;2021;Sol;Nickel et composés (exprimés en tant que Ni);497;kg/an
0006802185;Papeteries de Saint-Girons Sas;2021;Eau (direct);Demande biologique en oxygène (DBO5);142000;kg/an
0006802185;Papeteries de Saint-Girons Sas;2021;Eau (direct);Demande chimique en oxygène (DCO);441000;kg/an
0006802548;FIBRE EXCELLENCE SAINT-GAUDENS;2021;Sol;Plomb et composés (exprimés en tant que Pb);545;kg/an
0006802185;Papeteries de Saint-Girons Sas;2021;Eau (direct);Phénols (en tant que C total);319;kg/an
0006802238;VOA VERRERIE OUVRIERE D' ALBI SA;2021;Air;Oxydes de soufre (SOx/SO2);214000;kg/an
0006802238;VOA VERRERIE OUVRIERE D' ALBI SA;2021;Air;Oxydes d'azote (NOx/NO2);224000;kg/an
0006802238;VOA VERRERIE OUVRIERE D' ALBI SA;2021;Air;Dioxyde de carbone (CO2) d'origine non biomasse;71700000;kg/an
0006802548;FIBRE EXCELLENCE SAINT-GAUDENS;2021;Sol;Zinc et composés (exprimés en tant que Zn);5790;kg/an
0006802238;VOA VERRERIE OUVRIERE D' ALBI SA;2021;Air;Dioxyde de carbone (CO2) total (d'origine biomasse et non biomasse);71700000;kg/an
0006802548;FIBRE EXCELLENCE SAINT-GAUDENS;2021;Sol;PCBi : somme des 7 PCB indicateurs (PCB 28+PCB 52+PCB 101+PCB 118+PCB 138+PCB 153+PCB 180);1.5;kg/an
0006802560;ECONOTRE;2021;Air;Dioxyde de carbone (CO2) d'origine biomasse;93500000;kg/an
0006802257;BIGARD;2021;Eau (indirect);Azote total;58400;kg/an
0006802560;ECONOTRE;2021;Air;Oxydes d'azote (NOx/NO2);170000;kg/an
0006802257;BIGARD;2021;Eau (indirect);Demande biologique en oxygène (DBO5);366000;kg/an
0006802257;BIGARD;2021;Eau (indirect);Demande chimique en oxygène (DCO);857000;kg/an
0006802560;ECONOTRE;2021;Air;Dioxyde de carbone (CO2) d'origine non biomasse;71300000;kg/an
0006802257;BIGARD;2021;Eau (indirect);Phosphore total;7750;kg/an
0006802560;ECONOTRE;2021;Air;Dioxyde de carbone (CO2) total (d'origine biomasse et non biomasse);165000000;kg/an
0006802588;COM AGGLO GRAND RODEZ;2021;Eau (indirect);Phosphore total;5650;kg/an
0006802263;SEPIPROD;2021;Eau (indirect);Demande biologique en oxygène (DBO5);81800;kg/an
0006802263;SEPIPROD;2021;Eau (indirect);Demande chimique en oxygène (DCO);296000;kg/an
0006802598;LAFARGE CIMENTS;2021;Air;Ammoniac (NH3);25500;kg/an
0006802267;PIERRE FABRE MEDICAMENT;2021;Air;1,4-dioxane;6030;kg/an
0006802598;LAFARGE CIMENTS;2021;Air;Benzène;1620;kg/an
0006802267;PIERRE FABRE MEDICAMENT;2021;Air;Chloroforme (trichlorométhane);1350;kg/an
0006802267;PIERRE FABRE MEDICAMENT;2021;Air;Composés organiques volatils non méthaniques (COVNM);63200;kg/an
0006802598;LAFARGE CIMENTS;2021;Air;Dioxyde de carbone (CO2) d'origine biomasse;14600000;kg/an
0006802267;PIERRE FABRE MEDICAMENT;2021;Air;Dichlorométhane (DCM, chlorure de méthylène);7490;kg/an
0006802267;PIERRE FABRE MEDICAMENT;2021;Air;Méthanol (alcool méthylique);39500;kg/an
0006802598;LAFARGE CIMENTS;2021;Air;Oxydes d'azote (NOx/NO2);585000;kg/an
0006802267;PIERRE FABRE MEDICAMENT;2021;Eau (indirect);Méthanol (alcool méthylique);14500;kg/an
0006802285;SAS GELATINES WEISHARDT;2021;Air;Dioxyde de carbone (CO2) d'origine non biomasse;14400000;kg/an
0006802285;SAS GELATINES WEISHARDT;2021;Air;Dioxyde de carbone (CO2) total (d'origine biomasse et non biomasse);14400000;kg/an
0006802285;SAS GELATINES WEISHARDT;2021;Eau (indirect);Demande chimique en oxygène (DCO);300000;kg/an
0006802598;LAFARGE CIMENTS;2021;Air;Zinc et composés (exprimés en tant que Zn);324;kg/an
0006802598;LAFARGE CIMENTS;2021;Air;Dioxyde de carbone (CO2) d'origine non biomasse;294000000;kg/an
0006802298;SAS TARNAISE DES PANNEAUX;2021;Air;Dioxyde de carbone (CO2) d'origine biomasse;74200000;kg/an
0006802298;SAS TARNAISE DES PANNEAUX;2021;Air;Oxydes d'azote (NOx/NO2);104000;kg/an
0006802598;LAFARGE CIMENTS;2021;Air;Dioxyde de carbone (CO2) total (d'origine biomasse et non biomasse);308000000;kg/an
0006802298;SAS TARNAISE DES PANNEAUX;2021;Air;Protoxyde d'azote (N2O);104000;kg/an
0006802298;SAS TARNAISE DES PANNEAUX;2021;Air;Dioxyde de carbone (CO2) total (d'origine biomasse et non biomasse);74400000;kg/an
0006802640;Sage Automotive Interiors Fr;2021;Eau (indirect);Tétrachloroéthylène (PER, tétrachloroéthylène);12;kg/an
0006802339;YEO FRAIS;2021;Eau (indirect);Demande biologique en oxygène (DBO5);731000;kg/an
0006802339;YEO FRAIS;2021;Eau (indirect);Demande chimique en oxygène (DCO);1220000;kg/an
0006802657;SETHELEC SNC CENTRALE DE COGENERATION;2021;Air;Dioxyde de carbone (CO2) d'origine non biomasse;29000000;kg/an
0006802339;YEO FRAIS;2021;Eau (indirect);Phosphore total;6180;kg/an
0006802344;AIRBUS OPERATIONS SAS site Clément Ader;2021;Air;Composés organiques volatils non méthaniques (COVNM);331000;kg/an
0006802657;SETHELEC SNC CENTRALE DE COGENERATION;2021;Air;Dioxyde de carbone (CO2) total (d'origine biomasse et non biomasse);29000000;kg/an
0006802344;AIRBUS OPERATIONS SAS site Clément Ader;2021;Air;Dioxyde de carbone (CO2) d'origine biomasse;10400000;kg/an
0006802344;AIRBUS OPERATIONS SAS site Clément Ader;2021;Air;Dioxyde de carbone (CO2) total (d'origine biomasse et non biomasse);16100000;kg/an
0006802726;MO'UVE;2021;Air;Dioxyde de carbone (CO2) d'origine biomasse;15000000;kg/an
0006802353;AIRBUS OPERATIONS SAS  St Martin du T;2021;Air;Composés organiques volatils non méthaniques (COVNM);82500;kg/an
0006802353;AIRBUS OPERATIONS SAS  St Martin du T;2021;Air;Hydroflurocarbures (HFC);698;kg/an
0006802353;AIRBUS OPERATIONS SAS  St Martin du T;2021;Air;Halons;7;kg/an
0006802726;MO'UVE;2021;Air;Dioxyde de carbone (CO2) d'origine non biomasse;11300000;kg/an
0006802726;MO'UVE;2021;Air;Dioxyde de carbone (CO2) total (d'origine biomasse et non biomasse);26300000;kg/an
0006802805;AJINOMOTO FROZEN FOODS FRANCE (Labeyrie);2021;Air;Hydroflurocarbures (HFC);125;kg/an
0006802361;C2M AUROCHS INDUSTRIE;2021;Air;Perfluorocarbures (PFC);636;kg/an
0006802881;SNCF Reseau  EIE Quercy/Corrèze;2021;Air;Composés organiques volatils non méthaniques (COVNM);30400;kg/an
0006802899;RANGUEIL ENERGIE SERVICES;2021;Air;Dioxyde de carbone (CO2) d'origine biomasse;15900000;kg/an
0006802899;RANGUEIL ENERGIE SERVICES;2021;Air;Protoxyde d'azote (N2O);65800;kg/an
0006802899;RANGUEIL ENERGIE SERVICES;2021;Air;Dioxyde de carbone (CO2) total (d'origine biomasse et non biomasse);21100000;kg/an
0006802369;Veolia Eau CGE;2021;Air;Dioxyde de carbone (CO2) total (d'origine biomasse et non biomasse);13300000;kg/an
0006802901;COCA-COLA EUROPACIFIC PARTNERS FRANCE;2021;Eau (indirect);Demande biologique en oxygène (DBO5);137000;kg/an
0006802385;BOUYER-LEROUX  STRUCTURE (ex IMERYS TC;2021;Air;Benzène;1220;kg/an
0006802901;COCA-COLA EUROPACIFIC PARTNERS FRANCE;2021;Eau (indirect);Demande chimique en oxygène (DCO);226000;kg/an
0006802932;THALES ALENIA SPACE FRANCE;2021;Air;Hydroflurocarbures (HFC);135;kg/an
0006802944;ARIANEGROUP (ex HERAKLES);2021;Air;Hydrazine;175;kg/an
0006810106;BIOQUERCY Sas / FONROCHE BIOGAZ;2021;Sol;Fer et composés (exprimés en tant que Fe);53000;kg/an
0006803104;KNAUF SUD (Ex KNAUF SUD OUEST);2021;Air;Composés organiques volatils non méthaniques (COVNM);156000;kg/an
0006810106;BIOQUERCY Sas / FONROCHE BIOGAZ;2021;Sol;Manganèse et composés (exprimés en tant que Mn);524;kg/an
0006810106;BIOQUERCY Sas / FONROCHE BIOGAZ;2021;Sol;Plomb et composés (exprimés en tant que Pb);53;kg/an
0006810106;BIOQUERCY Sas / FONROCHE BIOGAZ;2021;Sol;Zinc et composés (exprimés en tant que Zn);477;kg/an
0006803147;CONSTELLATION UTILITES SERVICES;2021;Air;Dioxyde de carbone (CO2) d'origine non biomasse;27300000;kg/an
0006900013;EDF SEI;2021;Air;Cobalt et composés (exprimés en tant que Co);40.4;kg/an
0006900013;EDF SEI;2021;Air;Nickel et composés (exprimés en tant que Ni);156;kg/an
0006803147;CONSTELLATION UTILITES SERVICES;2021;Air;Dioxyde de carbone (CO2) total (d'origine biomasse et non biomasse);27300000;kg/an
0006900013;EDF SEI;2021;Air;Oxydes de soufre (SOx/SO2);272000;kg/an
0006900013;EDF SEI;2021;Air;Oxydes d'azote (NOx/NO2);1020000;kg/an
0006900013;EDF SEI;2021;Air;Dioxyde de carbone (CO2) d'origine non biomasse;218000000;kg/an
0006803631;TRANSGOURMET;2021;Air;Hydroflurocarbures (HFC);458;kg/an
0006900013;EDF SEI;2021;Air;Dioxyde de carbone (CO2) total (d'origine biomasse et non biomasse);218000000;kg/an
0006900013;EDF SEI;2021;Air;Vanadium et ses composés;77.5;kg/an
0006803634;RAYNAL ET ROQUELAURE;2021;Eau (indirect);Demande biologique en oxygène (DBO5);64700;kg/an
0006900014;EDF SEI;2021;Air;Oxydes d'azote (NOx/NO2);200000;kg/an
0006900014;EDF SEI;2021;Air;Dioxyde de carbone (CO2) d'origine non biomasse;44700000;kg/an
0006803638;TANNERIE ARNAL;2021;Eau (indirect);Phénols (en tant que C total);24;kg/an
0006900014;EDF SEI;2021;Air;Dioxyde de carbone (CO2) total (d'origine biomasse et non biomasse);44700000;kg/an
0006803711;Smectom du Plantaurel;2021;Air;Méthane (CH4);278000;kg/an
0006900028;REGULUS SA UPG;2021;Air;Chlore et composés inorganiques (en tant que HCl);38200;kg/an
0006803824;EUROSERUM;2021;Eau (indirect);Demande biologique en oxygène (DBO5);140000;kg/an
0006900030;CNES CSG - EPCU S5(prépa charges utiles);2021;Air;Hydroflurocarbures (HFC);232;kg/an
0006803824;EUROSERUM;2021;Eau (indirect);Demande chimique en oxygène (DCO);250000;kg/an
0006900224;SARL A GOVINDIN;2021;Air;Dioxyde de carbone (CO2) d'origine biomasse;11400000;kg/an
0006803836;EDILIANS (ex imerys Tuilerie Leguevin);2021;Air;Dioxyde de carbone (CO2) d'origine non biomasse;13800000;kg/an
0006900224;SARL A GOVINDIN;2021;Air;Méthane (CH4);336000;kg/an
0006900224;SARL A GOVINDIN;2021;Air;Dioxyde de carbone (CO2) total (d'origine biomasse et non biomasse);11400000;kg/an
0006803836;EDILIANS (ex imerys Tuilerie Leguevin);2021;Air;Dioxyde de carbone (CO2) total (d'origine biomasse et non biomasse);13800000;kg/an
0006803889;Vandemoortele Bakery Products France;2021;Air;Hydroflurocarbures (HFC);460;kg/an
0006900242;ARIANESPACE;2021;Air;Hydroflurocarbures (HFC);185;kg/an
0006803945;MAJ ELIS;2021;Eau (indirect);Demande biologique en oxygène (DBO5);49600;kg/an
0006804076;SOCLI;2021;Air;Dioxyde de carbone (CO2) d'origine non biomasse;19100000;kg/an
0006804076;SOCLI;2021;Air;Dioxyde de carbone (CO2) total (d'origine biomasse et non biomasse);19100000;kg/an
0006900336;CCOG;2021;Air;Méthane (CH4);508000;kg/an
0006804179;NUTRITION & SANTE;2021;Air;Hydroflurocarbures (HFC);120;kg/an
0006804179;NUTRITION & SANTE;2021;Eau (indirect);Demande biologique en oxygène (DBO5);47500;kg/an
0006900563;EDF PEI Pointe Jarry;2021;Air;Ammoniac (NH3);14600;kg/an
0006804213;COGESTAR 2 (ARKEMA);2021;Air;Dioxyde de carbone (CO2) d'origine non biomasse;25300000;kg/an
0006900563;EDF PEI Pointe Jarry;2021;Air;Benzène;2340;kg/an
0006900563;EDF PEI Pointe Jarry;2021;Air;Chrome et composés (exprimés en tant que Cr);151;kg/an
0006900563;EDF PEI Pointe Jarry;2021;Air;Cobalt et composés (exprimés en tant que Co);32.4;kg/an
0006804213;COGESTAR 2 (ARKEMA);2021;Air;Dioxyde de carbone (CO2) total (d'origine biomasse et non biomasse);25300000;kg/an
0006900563;EDF PEI Pointe Jarry;2021;Air;Monoxyde de carbone (CO);816000;kg/an
0006900563;EDF PEI Pointe Jarry;2021;Air;Nickel et composés (exprimés en tant que Ni);1780;kg/an
0006804264;SOVAL;2021;Air;Méthane (CH4);267000;kg/an
0006900563;EDF PEI Pointe Jarry;2021;Air;Oxydes de soufre (SOx/SO2);2890000;kg/an
0006900563;EDF PEI Pointe Jarry;2021;Air;Oxydes d'azote (NOx/NO2);1060000;kg/an
0006804265;SAS COVED;2021;Air;Méthane (CH4);262000;kg/an
0006900563;EDF PEI Pointe Jarry;2021;Air;Poussières totales;160000;kg/an
0006900563;EDF PEI Pointe Jarry;2021;Air;Protoxyde d'azote (N2O);10700;kg/an
0006900563;EDF PEI Pointe Jarry;2021;Air;Zinc et composés (exprimés en tant que Zn);284;kg/an
0006804339;SA Auch Hyperdistribution;2021;Air;Hydroflurocarbures (HFC);490;kg/an
0006900563;EDF PEI Pointe Jarry;2021;Air;Dioxyde de carbone (CO2) d'origine non biomasse;543000000;kg/an
0006900563;EDF PEI Pointe Jarry;2021;Air;Dioxyde de carbone (CO2) total (d'origine biomasse et non biomasse);543000000;kg/an
0006900563;EDF PEI Pointe Jarry;2021;Air;Vanadium et ses composés;695;kg/an
0006804445;DRIMM;2021;Air;Dioxyde de carbone (CO2) d'origine biomasse;45200000;kg/an
0006804445;DRIMM;2021;Air;Méthane (CH4);1500000;kg/an
0006804445;DRIMM;2021;Air;Dioxyde de carbone (CO2) total (d'origine biomasse et non biomasse);45200000;kg/an
0006900568;EDF PEI Bf2;2021;Air;Antimoine et composés (exprimés en tant que Sb);39.5;kg/an
0006804665;ISDND du Pihourc;2021;Air;Méthane (CH4);769000;kg/an
0006900568;EDF PEI Bf2;2021;Air;Benzène;2310;kg/an
0006900568;EDF PEI Bf2;2021;Air;Cadmium et composés (exprimés en tant que Cd);14.1;kg/an
0006804810;TRIGONE;2021;Air;Méthane (CH4);196000;kg/an
0006900568;EDF PEI Bf2;2021;Air;Cobalt et composés (exprimés en tant que Co);20.3;kg/an
0006900568;EDF PEI Bf2;2021;Air;Monoxyde de carbone (CO);603000;kg/an
0006900568;EDF PEI Bf2;2021;Air;Nickel et composés (exprimés en tant que Ni);1400;kg/an
0006804812;SMPEPTDG TRIGONE;2021;Air;Méthane (CH4);125000;kg/an
0006900568;EDF PEI Bf2;2021;Air;Oxydes de soufre (SOx/SO2);2730000;kg/an
0006900568;EDF PEI Bf2;2021;Air;Oxydes d'azote (NOx/NO2);1030000;kg/an
0006900568;EDF PEI Bf2;2021;Air;Protoxyde d'azote (N2O);10500;kg/an
0006805963;TERREAL SAS;2021;Air;Manganèse et composés (exprimés en tant que Mn);325;kg/an
0006900568;EDF PEI Bf2;2021;Air;Zinc et composés (exprimés en tant que Zn);281;kg/an
0006900568;EDF PEI Bf2;2021;Air;Dioxyde de carbone (CO2) d'origine non biomasse;537000000;kg/an
0006900568;EDF PEI Bf2;2021;Air;Dioxyde de carbone (CO2) total (d'origine biomasse et non biomasse);537000000;kg/an
0006805963;TERREAL SAS;2021;Air;Zinc et composés (exprimés en tant que Zn);647;kg/an
0006900568;EDF PEI Bf2;2021;Air;Vanadium et ses composés;685;kg/an
0006805963;TERREAL SAS;2021;Air;Dioxyde de carbone (CO2) d'origine non biomasse;34600000;kg/an
0006805963;TERREAL SAS;2021;Air;Dioxyde de carbone (CO2) total (d'origine biomasse et non biomasse);34600000;kg/an
0007000045;ETABLISSEMENTS BOCAHUT SAS.;2021;Air;Particules (PM10);51900;kg/an
0007000045;ETABLISSEMENTS BOCAHUT SAS.;2021;Air;Poussières totales;154000;kg/an
0006806388;Syndicat Mixte Trifyl;2021;Air;Dioxyde de carbone (CO2) d'origine biomasse;35100000;kg/an
0007000045;ETABLISSEMENTS BOCAHUT SAS.;2021;Air;Dioxyde de carbone (CO2) d'origine non biomasse;92800000;kg/an
0007000045;ETABLISSEMENTS BOCAHUT SAS.;2021;Air;Dioxyde de carbone (CO2) total (d'origine biomasse et non biomasse);92800000;kg/an
0006806388;Syndicat Mixte Trifyl;2021;Air;Méthane (CH4);908000;kg/an
0006806388;Syndicat Mixte Trifyl;2021;Air;Dioxyde de carbone (CO2) total (d'origine biomasse et non biomasse);35100000;kg/an
0007000436;HEINEKEN ENTREPRISE;2021;Air;Dioxyde de carbone (CO2) total (d'origine biomasse et non biomasse);11000000;kg/an
0006806388;Syndicat Mixte Trifyl;2021;Eau (indirect);Arsenic et composés (exprimés en tant que As);9;kg/an
0007000436;HEINEKEN ENTREPRISE;2021;Eau (indirect);Demande biologique en oxygène (DBO5);144000;kg/an
0007000436;HEINEKEN ENTREPRISE;2021;Eau (indirect);Demande chimique en oxygène (DCO);393000;kg/an
0007000438;DILLINGER (ex GTS INDUSTRIES);2021;Air;Dioxyde de carbone (CO2) d'origine non biomasse;67700000;kg/an
0006806388;Syndicat Mixte Trifyl;2021;Eau (indirect);Phénols (en tant que C total);132;kg/an
0007000438;DILLINGER (ex GTS INDUSTRIES);2021;Air;Dioxyde de carbone (CO2) total (d'origine biomasse et non biomasse);67700000;kg/an
0007000442;SAINT GOBAIN GLASS FRANCE;2021;Air;Oxydes de soufre (SOx/SO2);220000;kg/an
0006806581;KNAUF INSULATION LANNEMEZAN SAS;2021;Air;Acétaldéhyde (aldéhyde acétique  éthanal);2290;kg/an
0007000442;SAINT GOBAIN GLASS FRANCE;2021;Air;Oxydes d'azote (NOx/NO2);190000;kg/an
0007000442;SAINT GOBAIN GLASS FRANCE;2021;Air;Dioxyde de carbone (CO2) d'origine non biomasse;98100000;kg/an
0007000442;SAINT GOBAIN GLASS FRANCE;2021;Air;Dioxyde de carbone (CO2) total (d'origine biomasse et non biomasse);98100000;kg/an
0006806581;KNAUF INSULATION LANNEMEZAN SAS;2021;Air;Ammoniac (NH3);73400;kg/an
0007000461;SUEZ RV NORD EST;2021;Air;Dioxyde de carbone (CO2) d'origine biomasse;12900000;kg/an
0006806581;KNAUF INSULATION LANNEMEZAN SAS;2021;Air;Dioxyde de carbone (CO2) d'origine non biomasse;29500000;kg/an
0007000461;SUEZ RV NORD EST;2021;Air;Méthane (CH4);809000;kg/an
0006806581;KNAUF INSULATION LANNEMEZAN SAS;2021;Air;Dioxyde de carbone (CO2) total (d'origine biomasse et non biomasse);29500000;kg/an
0007000461;SUEZ RV NORD EST;2021;Air;Dioxyde de carbone (CO2) total (d'origine biomasse et non biomasse);12900000;kg/an
0006806911;LOMAGNE COMPOST - SEDE ENVIRONNEMENT;2021;Air;Ammoniac (NH3);10600;kg/an
0007000463;SUEZ RV NORD EST ex-SITA;2021;Air;Dioxyde de carbone (CO2) d'origine biomasse;43500000;kg/an
0007000463;SUEZ RV NORD EST ex-SITA;2021;Air;Méthane (CH4);2160000;kg/an
0006806990;Syndicat Mixte Dép Eau et Assainissement;2021;Eau (indirect);Azote total;60900;kg/an
0007000463;SUEZ RV NORD EST ex-SITA;2021;Air;Dioxyde de carbone (CO2) total (d'origine biomasse et non biomasse);43500000;kg/an
0006808355;VEOLIA EAU (ex CGE);2021;Sol;Arsenic et composés (exprimés en tant que As);7;kg/an
0006808355;VEOLIA EAU (ex CGE);2021;Sol;Cuivre et composés (exprimés en tant que Cu);168;kg/an
0007000481;HSWT (ex HYET SWEET);2021;Air;Composés organiques volatils non méthaniques (COVNM);143000;kg/an
0006808355;VEOLIA EAU (ex CGE);2021;Sol;Phosphore total;11500;kg/an
0007000481;HSWT (ex HYET SWEET);2021;Air;Dioxyde de carbone (CO2) d'origine non biomasse;22400000;kg/an
0006808355;VEOLIA EAU (ex CGE);2021;Sol;Plomb et composés (exprimés en tant que Pb);25.8;kg/an
0007000481;HSWT (ex HYET SWEET);2021;Air;Dioxyde de carbone (CO2) total (d'origine biomasse et non biomasse);22400000;kg/an
0007000481;HSWT (ex HYET SWEET);2021;Eau (direct);Sulfates;2030000;kg/an
0006808355;VEOLIA EAU (ex CGE);2021;Sol;Zinc et composés (exprimés en tant que Zn);465;kg/an
0006810106;BIOQUERCY Sas / FONROCHE BIOGAZ;2021;Sol;Cuivre et composés (exprimés en tant que Cu);542;kg/an
0007000482;CANDIA;2021;Eau (indirect);Demande biologique en oxygène (DBO5);195000;kg/an
0007000620;VYNOVA MAZINGARBE  SAS;2021;Air;Dioxyde de carbone (CO2) total (d'origine biomasse et non biomasse);39800000;kg/an
0007000482;CANDIA;2021;Eau (indirect);Demande chimique en oxygène (DCO);341000;kg/an
0007000483;ARKEMA FRANCE;2021;Air;Ammoniac (NH3);14400;kg/an
0007000483;ARKEMA FRANCE;2021;Air;Chlorométhane (chlorure de méthyle);32600;kg/an
0007000483;ARKEMA FRANCE;2021;Air;Composés organiques volatils non méthaniques (COVNM);61500;kg/an
0007000483;ARKEMA FRANCE;2021;Air;Dioxyde de carbone (CO2) d'origine non biomasse;15800000;kg/an
0007000483;ARKEMA FRANCE;2021;Air;Dioxyde de carbone (CO2) total (d'origine biomasse et non biomasse);15800000;kg/an
0007000621;ARC INTERNATIONAL FRANCE;2021;Air;Mercure et composés (exprimés en tant que Hg);13.7;kg/an
0007000621;ARC INTERNATIONAL FRANCE;2021;Air;Oxydes d'azote (NOx/NO2);636000;kg/an
0007000488;CNH INDUSTRIAL FRANCE;2021;Air;Composés organiques volatils non méthaniques (COVNM);32900;kg/an
0007000621;ARC INTERNATIONAL FRANCE;2021;Air;Dioxyde de carbone (CO2) d'origine non biomasse;228000000;kg/an
0007000489;NORPAPER AVOT-VALLEE SAS;2021;Sol;Cuivre et composés (exprimés en tant que Cu);131;kg/an
0007000621;ARC INTERNATIONAL FRANCE;2021;Air;Dioxyde de carbone (CO2) total (d'origine biomasse et non biomasse);228000000;kg/an
0007000489;NORPAPER AVOT-VALLEE SAS;2021;Sol;Zinc et composés (exprimés en tant que Zn);149;kg/an
0007000489;NORPAPER AVOT-VALLEE SAS;2021;Sol;PCBi : somme des 7 PCB indicateurs (PCB 28+PCB 52+PCB 101+PCB 118+PCB 138+PCB 153+PCB 180);0.26;kg/an
0007000490;RDM BLENDECQUES SAS;2021;Air;Dioxyde de carbone (CO2) d'origine non biomasse;36100000;kg/an
0007000490;RDM BLENDECQUES SAS;2021;Air;Dioxyde de carbone (CO2) total (d'origine biomasse et non biomasse);36100000;kg/an
0007000490;RDM BLENDECQUES SAS;2021;Sol;Chrome et composés (exprimés en tant que Cr);82.8;kg/an
0007000621;ARC INTERNATIONAL FRANCE;2021;Eau (direct);Arsenic et composés (exprimés en tant que As);13.8;kg/an
0007000490;RDM BLENDECQUES SAS;2021;Sol;Cuivre et composés (exprimés en tant que Cu);332;kg/an
0007000490;RDM BLENDECQUES SAS;2021;Sol;Nickel et composés (exprimés en tant que Ni);49.1;kg/an
0007000621;ARC INTERNATIONAL FRANCE;2021;Eau (direct);Cadmium et composés (exprimés en tant que Cd);7.66;kg/an
0007000490;RDM BLENDECQUES SAS;2021;Sol;Plomb et composés (exprimés en tant que Pb);121;kg/an
0007000490;RDM BLENDECQUES SAS;2021;Sol;Zinc et composés (exprimés en tant que Zn);485;kg/an
0007000621;ARC INTERNATIONAL FRANCE;2021;Eau (direct);Fluorures (en tant que F total);3840;kg/an
0007000490;RDM BLENDECQUES SAS;2021;Sol;PCBi : somme des 7 PCB indicateurs (PCB 28+PCB 52+PCB 101+PCB 118+PCB 138+PCB 153+PCB 180);0.4;kg/an
0007000492;Cartonneries de Gondardenne;2021;Air;Dioxyde de carbone (CO2) d'origine non biomasse;49500000;kg/an
0007000492;Cartonneries de Gondardenne;2021;Air;Dioxyde de carbone (CO2) total (d'origine biomasse et non biomasse);54500000;kg/an
0007000621;ARC INTERNATIONAL FRANCE;2021;Eau (direct);Nickel et composés (exprimés en tant que Ni);41.5;kg/an
0007000621;ARC INTERNATIONAL FRANCE;2021;Eau (direct);Zinc et composés (exprimés en tant que Zn);211;kg/an
0007000631;VALLOUREC  OIL AND GAS FRANCE;2021;Air;Composés organiques volatils non méthaniques (COVNM);47800;kg/an
0007000499;PPG;2021;Air;Composés organiques volatils non méthaniques (COVNM);51100;kg/an
0007000633;VTFR Tuberie d'Aulnoye;2021;Air;Dioxyde de carbone (CO2) d'origine non biomasse;15700000;kg/an
0007000508;COMILOG ex Dunkerque Electrométallurgie;2021;Air;Cobalt et composés (exprimés en tant que Co);6.79;kg/an
0007000508;COMILOG ex Dunkerque Electrométallurgie;2021;Air;Manganèse et composés (exprimés en tant que Mn);6200;kg/an
0007000633;VTFR Tuberie d'Aulnoye;2021;Air;Dioxyde de carbone (CO2) total (d'origine biomasse et non biomasse);15700000;kg/an
0007000508;COMILOG ex Dunkerque Electrométallurgie;2021;Air;Mercure et composés (exprimés en tant que Hg);38.3;kg/an
0007000508;COMILOG ex Dunkerque Electrométallurgie;2021;Air;Zinc et composés (exprimés en tant que Zn);335;kg/an
0007000508;COMILOG ex Dunkerque Electrométallurgie;2021;Air;Dioxyde de carbone (CO2) d'origine non biomasse;87400000;kg/an
0007000508;COMILOG ex Dunkerque Electrométallurgie;2021;Air;Dioxyde de carbone (CO2) total (d'origine biomasse et non biomasse);87400000;kg/an
0007000635;BEFESA  VALERA SAS;2021;Air;Dioxines et furanes (PCDD + PCDF) (exprimés en iTeq);0.000142;kg/an
0007000635;BEFESA  VALERA SAS;2021;Air;Dioxyde de carbone (CO2) d'origine non biomasse;35600000;kg/an
0007000516;DOUAISIENNE D'ABATTAGE;2021;Eau (indirect);Demande biologique en oxygène (DBO5);134000;kg/an
0007000516;DOUAISIENNE D'ABATTAGE;2021;Eau (indirect);Demande chimique en oxygène (DCO);269000;kg/an
0007000635;BEFESA  VALERA SAS;2021;Air;Dioxyde de carbone (CO2) total (d'origine biomasse et non biomasse);40400000;kg/an
0007000519;3M FRANCE;2021;Air;Composés organiques volatils non méthaniques (COVNM);35300;kg/an
0007000636;VALEO Equipements Electriques Moteur;2021;Air;Composés organiques volatils non méthaniques (COVNM);160000;kg/an
0007000519;3M FRANCE;2021;Air;Hydroflurocarbures (HFC);132;kg/an
0007000646;BONDUELLE EUROPE LONG LIFE (BELL) ex BCI;2021;Air;Dioxyde de carbone (CO2) d'origine non biomasse;11300000;kg/an
0007000522;ALSTOM TRANSPORT SA;2021;Air;Composés organiques volatils non méthaniques (COVNM);36600;kg/an
0007000646;BONDUELLE EUROPE LONG LIFE (BELL) ex BCI;2021;Air;Dioxyde de carbone (CO2) total (d'origine biomasse et non biomasse);11300000;kg/an
0007000534;SYNTHEXIM (Site Calaire);2021;Eau (indirect);Chloroforme (trichlorométhane);415;kg/an
0007000648;ETABLISSEMENTS BOCAHUT SAS.;2021;Air;Dioxyde de carbone (CO2) d'origine non biomasse;117000000;kg/an
0007000534;SYNTHEXIM (Site Calaire);2021;Eau (indirect);Demande biologique en oxygène (DBO5);91500;kg/an
0007000534;SYNTHEXIM (Site Calaire);2021;Eau (indirect);Demande chimique en oxygène (DCO);256000;kg/an
0007000648;ETABLISSEMENTS BOCAHUT SAS.;2021;Air;Dioxyde de carbone (CO2) total (d'origine biomasse et non biomasse);117000000;kg/an
0007000656;TEREOS Sucrerie de Boiry;2021;Air;Dioxyde de carbone (CO2) d'origine non biomasse;96200000;kg/an
0007000534;SYNTHEXIM (Site Calaire);2021;Eau (indirect);Dichlorométhane (DCM, chlorure de méthylène);611;kg/an
0007000656;TEREOS Sucrerie de Boiry;2021;Air;Dioxyde de carbone (CO2) total (d'origine biomasse et non biomasse);96200000;kg/an
0007000534;SYNTHEXIM (Site Calaire);2021;Eau (indirect);Toluène;541;kg/an
0007000658;TEREOS France;2021;Air;Composés organiques volatils non méthaniques (COVNM);33300;kg/an
0007000535;Nexans  France - atelier coulée;2021;Air;Composés organiques volatils non méthaniques (COVNM);45300;kg/an
0007000535;Nexans  France - atelier coulée;2021;Air;Cuivre et composés (exprimés en tant que Cu);111;kg/an
0007000535;Nexans  France - atelier coulée;2021;Air;Oxydes de soufre (SOx/SO2);1140000;kg/an
0007000658;TEREOS France;2021;Air;Oxydes de soufre (SOx/SO2);448000;kg/an
0007000535;Nexans  France - atelier coulée;2021;Air;Oxydes d'azote (NOx/NO2);2930000;kg/an
0007000535;Nexans  France - atelier coulée;2021;Eau (direct);Cuivre et composés (exprimés en tant que Cu);141;kg/an
0007000658;TEREOS France;2021;Air;Oxydes d'azote (NOx/NO2);184000;kg/an
0007000540;BLEDINA;2021;Air;Dioxyde de carbone (CO2) d'origine non biomasse;12200000;kg/an
0007000658;TEREOS France;2021;Air;Dioxyde de carbone (CO2) d'origine non biomasse;152000000;kg/an
0007000540;BLEDINA;2021;Air;Dioxyde de carbone (CO2) total (d'origine biomasse et non biomasse);12200000;kg/an
0007000575;DICKSON CONSTANT;2021;Air;Aldéhyde formique (formaldéhyde);1330;kg/an
0007000658;TEREOS France;2021;Air;Dioxyde de carbone (CO2) total (d'origine biomasse et non biomasse);152000000;kg/an
0007000575;DICKSON CONSTANT;2021;Eau (indirect);Zinc et composés (exprimés en tant que Zn);104;kg/an
0007000581;ASTRAZENECA DUNKERQUE PRODUCTION;2021;Air;Hydroflurocarbures (HFC);14600;kg/an
0007000661;MC CAIN ALIMENTAIRE;2021;Air;Dioxyde de carbone (CO2) d'origine non biomasse;20900000;kg/an
0007000582;BRASSERIE DE SAINT-OMER;2021;Eau (indirect);Phosphore total;7370;kg/an
0007000661;MC CAIN ALIMENTAIRE;2021;Air;Dioxyde de carbone (CO2) total (d'origine biomasse et non biomasse);20900000;kg/an
0007000589;INEOS STYROLUTION FRANCE SAS;2021;Air;Composés organiques volatils non méthaniques (COVNM);110000;kg/an
0007000661;MC CAIN ALIMENTAIRE;2021;Sol;Zinc et composés (exprimés en tant que Zn);176;kg/an
0007000589;INEOS STYROLUTION FRANCE SAS;2021;Air;Dioxyde de carbone (CO2) d'origine non biomasse;10900000;kg/an
0007000589;INEOS STYROLUTION FRANCE SAS;2021;Air;Dioxyde de carbone (CO2) total (d'origine biomasse et non biomasse);10900000;kg/an
0007000662;BAUDELET HOLDING;2021;Air;Dioxyde de carbone (CO2) d'origine biomasse;34400000;kg/an
0007000607;AIR LIQUIDE FRANCE INDUSTRIE (ALFI);2021;Air;Protoxyde d'azote (N2O);155000;kg/an
0007000662;BAUDELET HOLDING;2021;Air;Méthane (CH4);1480000;kg/an
0007000618;WIPAK GRYSPEERT SAS;2021;Air;Composés organiques volatils non méthaniques (COVNM);50000;kg/an
0007000620;VYNOVA MAZINGARBE  SAS;2021;Air;Chlorure de vinyle (chloroéthène);4100;kg/an
0007000662;BAUDELET HOLDING;2021;Air;Dioxyde de carbone (CO2) total (d'origine biomasse et non biomasse);34400000;kg/an
0007000620;VYNOVA MAZINGARBE  SAS;2021;Air;Dioxyde de carbone (CO2) d'origine non biomasse;39800000;kg/an
0007000672;RUBIS TERMINAL DUNKERQUE UNICAN;2021;Air;Composés organiques volatils non méthaniques (COVNM);41800;kg/an
0007000676;TITAGARH WAGONS AFR;2021;Air;Composés organiques volatils non méthaniques (COVNM);46200;kg/an
0007000681;BOMBARDIER TRANSPORTS FRANCE S.A.S.;2021;Air;Composés organiques volatils non méthaniques (COVNM);51700;kg/an
0007000683;ALVANCE ALUMINIUM DUNKERQUE SAS;2021;Air;Fluor et composés inorganiques (en tant que HF);122000;kg/an
0007000821;NYRSTAR FRANCE;2021;Eau (direct);Fluorures (en tant que F total);5710;kg/an
0007000683;ALVANCE ALUMINIUM DUNKERQUE SAS;2021;Air;Hexafluorure de soufre (SF6);123;kg/an
0007000821;NYRSTAR FRANCE;2021;Eau (direct);Mercure et composés (exprimés en tant que Hg);1.19;kg/an
0007000821;NYRSTAR FRANCE;2021;Eau (direct);Zinc et composés (exprimés en tant que Zn);328;kg/an
0007000683;ALVANCE ALUMINIUM DUNKERQUE SAS;2021;Air;Manganèse et composés (exprimés en tant que Mn);454;kg/an
0007000824;APERAM ISBERGUES;2021;Air;Dioxyde de carbone (CO2) d'origine non biomasse;29800000;kg/an
0007000824;APERAM ISBERGUES;2021;Air;Dioxyde de carbone (CO2) total (d'origine biomasse et non biomasse);29800000;kg/an
0007000683;ALVANCE ALUMINIUM DUNKERQUE SAS;2021;Air;Oxydes de soufre (SOx/SO2);3310000;kg/an
0007000824;APERAM ISBERGUES;2021;Eau (direct);Arsenic et composés (exprimés en tant que As);19;kg/an
0007000825;GRAFTECH FRANCE SNC;2021;Air;Cadmium et composés (exprimés en tant que Cd);10.8;kg/an
0007000683;ALVANCE ALUMINIUM DUNKERQUE SAS;2021;Air;Oxydes d'azote (NOx/NO2);201000;kg/an
0007000825;GRAFTECH FRANCE SNC;2021;Air;Naphthalène;482;kg/an
0007000825;GRAFTECH FRANCE SNC;2021;Air;Oxydes de soufre (SOx/SO2);412000;kg/an
0007000683;ALVANCE ALUMINIUM DUNKERQUE SAS;2021;Air;Particules (PM10);177000;kg/an
0007000825;GRAFTECH FRANCE SNC;2021;Air;Dioxyde de carbone (CO2) d'origine non biomasse;53900000;kg/an
0007000825;GRAFTECH FRANCE SNC;2021;Air;Dioxyde de carbone (CO2) total (d'origine biomasse et non biomasse);53900000;kg/an
0007000683;ALVANCE ALUMINIUM DUNKERQUE SAS;2021;Air;Perfluorocarbures (PFC);3370;kg/an
0007000829;FRANCAISE DE MECANIQUE;2021;Air;Chlorofluorocarbures (CFC);13.5;kg/an
0007000829;FRANCAISE DE MECANIQUE;2021;Air;Hydrochlorofluorocarbures (HCFC);18;kg/an
0007000683;ALVANCE ALUMINIUM DUNKERQUE SAS;2021;Air;Poussières totales;297000;kg/an
0007000829;FRANCAISE DE MECANIQUE;2021;Air;Hydroflurocarbures (HFC);223;kg/an
0007000683;ALVANCE ALUMINIUM DUNKERQUE SAS;2021;Air;Dioxyde de carbone (CO2) d'origine non biomasse;497000000;kg/an
0007000832;MAUBEUGE CONSTRUCTION AUTOMOBILE (MCA);2021;Air;Composés organiques volatils non méthaniques (COVNM);337000;kg/an
0007000683;ALVANCE ALUMINIUM DUNKERQUE SAS;2021;Air;Dioxyde de carbone (CO2) total (d'origine biomasse et non biomasse);497000000;kg/an
0007000832;MAUBEUGE CONSTRUCTION AUTOMOBILE (MCA);2021;Air;Hydrochlorofluorocarbures (HCFC);10;kg/an
0007000832;MAUBEUGE CONSTRUCTION AUTOMOBILE (MCA);2021;Air;Hydroflurocarbures (HFC);117;kg/an
0007000832;MAUBEUGE CONSTRUCTION AUTOMOBILE (MCA);2021;Air;Dioxyde de carbone (CO2) d'origine non biomasse;26400000;kg/an
0007000832;MAUBEUGE CONSTRUCTION AUTOMOBILE (MCA);2021;Air;Dioxyde de carbone (CO2) total (d'origine biomasse et non biomasse);26400000;kg/an
0007000683;ALVANCE ALUMINIUM DUNKERQUE SAS;2021;Air;Sélénium;65;kg/an
0007000846;MC CAIN ALIMENTAIRE;2021;Air;Dioxyde de carbone (CO2) d'origine non biomasse;21000000;kg/an
0007000846;MC CAIN ALIMENTAIRE;2021;Air;Dioxyde de carbone (CO2) total (d'origine biomasse et non biomasse);21000000;kg/an
0007000846;MC CAIN ALIMENTAIRE;2021;Sol;Chrome et composés (exprimés en tant que Cr);72.1;kg/an
0007000683;ALVANCE ALUMINIUM DUNKERQUE SAS;2021;Eau (direct);Fluorures (en tant que F total);5640;kg/an
0007000846;MC CAIN ALIMENTAIRE;2021;Sol;Cuivre et composés (exprimés en tant que Cu);91;kg/an
0007000846;MC CAIN ALIMENTAIRE;2021;Sol;Nickel et composés (exprimés en tant que Ni);47.4;kg/an
0007000846;MC CAIN ALIMENTAIRE;2021;Sol;Zinc et composés (exprimés en tant que Zn);445;kg/an
0007000688;FORGITAL-DEMBIERMONT SAS;2021;Air;Dioxyde de carbone (CO2) d'origine non biomasse;10800000;kg/an
0007000846;MC CAIN ALIMENTAIRE;2021;Sol;PCBi : somme des 7 PCB indicateurs (PCB 28+PCB 52+PCB 101+PCB 118+PCB 138+PCB 153+PCB 180);0.16;kg/an
0007000688;FORGITAL-DEMBIERMONT SAS;2021;Air;Dioxyde de carbone (CO2) total (d'origine biomasse et non biomasse);10800000;kg/an
0007000849;LONGORACCORD;2021;Air;Cobalt et composés (exprimés en tant que Co);32.1;kg/an
0007000697;SITA NORD EST SAS;2021;Air;Méthane (CH4);112000;kg/an
0007000851;LAMINES MARCHANDS EUROPEENS (LME);2021;Air;Benzène;1860;kg/an
0007000851;LAMINES MARCHANDS EUROPEENS (LME);2021;Air;Cuivre et composés (exprimés en tant que Cu);234;kg/an
0007000851;LAMINES MARCHANDS EUROPEENS (LME);2021;Air;Dioxines et furanes (PCDD + PCDF) (exprimés en iTeq);0.001;kg/an
0007000699;Communauté d'Agglomération de Béthune Bruay Artois Lys Romane;2021;Air;Dioxyde de carbone (CO2) d'origine biomasse;41300000;kg/an
0007000851;LAMINES MARCHANDS EUROPEENS (LME);2021;Air;Manganèse et composés (exprimés en tant que Mn);414;kg/an
0007000851;LAMINES MARCHANDS EUROPEENS (LME);2021;Air;Monoxyde de carbone (CO);808000;kg/an
0007000851;LAMINES MARCHANDS EUROPEENS (LME);2021;Air;Naphthalène;254;kg/an
0007000699;Communauté d'Agglomération de Béthune Bruay Artois Lys Romane;2021;Air;Dioxyde de carbone (CO2) d'origine non biomasse;31100000;kg/an
0007000851;LAMINES MARCHANDS EUROPEENS (LME);2021;Air;Plomb et composés (exprimés en tant que Pb);489;kg/an
0007000851;LAMINES MARCHANDS EUROPEENS (LME);2021;Air;Zinc et composés (exprimés en tant que Zn);2860;kg/an
0007000699;Communauté d'Agglomération de Béthune Bruay Artois Lys Romane;2021;Air;Dioxyde de carbone (CO2) total (d'origine biomasse et non biomasse);72400000;kg/an
0007000851;LAMINES MARCHANDS EUROPEENS (LME);2021;Air;Dioxyde de carbone (CO2) d'origine non biomasse;67400000;kg/an
0007000851;LAMINES MARCHANDS EUROPEENS (LME);2021;Air;Dioxyde de carbone (CO2) total (d'origine biomasse et non biomasse);67400000;kg/an
0007000704;MINAKEM BEUVRY PRODUCTION;2021;Air;Composés organiques volatils non méthaniques (COVNM);141000;kg/an
0007000854;BALL PACKAGING EUROPE BIERNE SAS;2021;Air;Composés organiques volatils non méthaniques (COVNM);448000;kg/an
0007000705;SCORI;2021;Air;Composés organiques volatils non méthaniques (COVNM);34300;kg/an
0007000861;MAGNESITA REFRACTORIES;2021;Air;Dioxyde de carbone (CO2) d'origine non biomasse;18000000;kg/an
0007000706;SCORA;2021;Air;Dioxyde de carbone (CO2) d'origine non biomasse;14500000;kg/an
0007000861;MAGNESITA REFRACTORIES;2021;Air;Dioxyde de carbone (CO2) total (d'origine biomasse et non biomasse);18000000;kg/an
0007000866;LEROUX SAS;2021;Air;Dioxyde de carbone (CO2) d'origine non biomasse;11700000;kg/an
0007000706;SCORA;2021;Air;Dioxyde de carbone (CO2) total (d'origine biomasse et non biomasse);14500000;kg/an
0007000866;LEROUX SAS;2021;Air;Dioxyde de carbone (CO2) total (d'origine biomasse et non biomasse);11700000;kg/an
0007000711;SASA;2021;Air;Composés organiques volatils non méthaniques (COVNM);104000;kg/an
0007000720;Ferroglobe Manganèse France SAS;2021;Air;Acide cyanhydrique (HCN);564;kg/an
0007000874;CHAUX ET DOLOMIES DU BOULONNAIS;2021;Air;Monoxyde de carbone (CO);1040000;kg/an
0007000874;CHAUX ET DOLOMIES DU BOULONNAIS;2021;Air;Oxydes d'azote (NOx/NO2);226000;kg/an
0007000720;Ferroglobe Manganèse France SAS;2021;Air;Arsenic et composés (exprimés en tant que As);21.4;kg/an
0007000874;CHAUX ET DOLOMIES DU BOULONNAIS;2021;Air;Dioxyde de carbone (CO2) d'origine non biomasse;678000000;kg/an
0007000874;CHAUX ET DOLOMIES DU BOULONNAIS;2021;Air;Dioxyde de carbone (CO2) total (d'origine biomasse et non biomasse);678000000;kg/an
0007000720;Ferroglobe Manganèse France SAS;2021;Air;Cobalt et composés (exprimés en tant que Co);13.8;kg/an
0007000720;Ferroglobe Manganèse France SAS;2021;Air;Manganèse et composés (exprimés en tant que Mn);6770;kg/an
0007000894;DUCHENNE (Centre Hospitalier du Dteur);2021;Eau (indirect);Azote total;133000;kg/an
0007000720;Ferroglobe Manganèse France SAS;2021;Air;Oxydes de soufre (SOx/SO2);256000;kg/an
0007000720;Ferroglobe Manganèse France SAS;2021;Air;Oxydes d'azote (NOx/NO2);106000;kg/an
0007000720;Ferroglobe Manganèse France SAS;2021;Air;Dioxyde de carbone (CO2) d'origine non biomasse;197000000;kg/an
0007000918;TOTAL Raffinage France SA;2021;Air;Composés organiques volatils non méthaniques (COVNM);43900;kg/an
0007000720;Ferroglobe Manganèse France SAS;2021;Air;Dioxyde de carbone (CO2) total (d'origine biomasse et non biomasse);197000000;kg/an
0007000936;TEREOS Sucrerie de Lillers;2021;Air;Composés organiques volatils non méthaniques (COVNM);32500;kg/an
0007000936;TEREOS Sucrerie de Lillers;2021;Air;Dioxyde de carbone (CO2) d'origine non biomasse;134000000;kg/an
0007000936;TEREOS Sucrerie de Lillers;2021;Air;Dioxyde de carbone (CO2) total (d'origine biomasse et non biomasse);134000000;kg/an
0007000720;Ferroglobe Manganèse France SAS;2021;Eau (direct);Cyanures (sous forme de CN total);92.9;kg/an
0007000938;TEREOS FRANCE;2021;Air;Oxydes de soufre (SOx/SO2);271000;kg/an
0007000938;TEREOS FRANCE;2021;Air;Dioxyde de carbone (CO2) d'origine non biomasse;51400000;kg/an
0007000727;RENAULT DOUAI SNC;2021;Air;Composés organiques volatils non méthaniques (COVNM);75000;kg/an
0007000938;TEREOS FRANCE;2021;Air;Dioxyde de carbone (CO2) total (d'origine biomasse et non biomasse);51400000;kg/an
0007000949;SPECITUBES SAS;2021;Air;Dichlorométhane (DCM, chlorure de méthylène);4740;kg/an
0007000727;RENAULT DOUAI SNC;2021;Air;Dioxyde de carbone (CO2) d'origine non biomasse;23000000;kg/an
0007000955;ARCELORMITTAL  ATLANTIQUE et LORRAINE;2021;Air;Dioxyde de carbone (CO2) d'origine non biomasse;67800000;kg/an
0007000955;ARCELORMITTAL  ATLANTIQUE et LORRAINE;2021;Air;Dioxyde de carbone (CO2) total (d'origine biomasse et non biomasse);67800000;kg/an
0007000727;RENAULT DOUAI SNC;2021;Air;Dioxyde de carbone (CO2) total (d'origine biomasse et non biomasse);23000000;kg/an
0007000956;ARCELORMITTAL FRANCE Dunkerque;2021;Air;Ammoniac (NH3);180000;kg/an
0007000956;ARCELORMITTAL FRANCE Dunkerque;2021;Air;Antimoine et composés (exprimés en tant que Sb);27;kg/an
0007000727;RENAULT DOUAI SNC;2021;Eau (direct);Nickel et composés (exprimés en tant que Ni);79;kg/an
0007000956;ARCELORMITTAL FRANCE Dunkerque;2021;Air;Arsenic et composés (exprimés en tant que As);34.6;kg/an
0007000956;ARCELORMITTAL FRANCE Dunkerque;2021;Air;Benzène;28800;kg/an
0007000737;TEINTURERIE DELALYS;2021;Eau (indirect);Chloro-alkanes (C10-C13);154;kg/an
0007000956;ARCELORMITTAL FRANCE Dunkerque;2021;Air;Cadmium et composés (exprimés en tant que Cd);148;kg/an
0007000956;ARCELORMITTAL FRANCE Dunkerque;2021;Air;Chlore et composés inorganiques (en tant que HCl);48900;kg/an
0007000956;ARCELORMITTAL FRANCE Dunkerque;2021;Air;Chrome et composés (exprimés en tant que Cr);371;kg/an
0007000956;ARCELORMITTAL FRANCE Dunkerque;2021;Air;Cobalt et composés (exprimés en tant que Co);10.7;kg/an
0007000956;ARCELORMITTAL FRANCE Dunkerque;2021;Air;Composés organiques volatils non méthaniques (COVNM);341000;kg/an
0007000742;DAUDRUY VAN CAUWENBERGHE et FILS;2021;Air;Dioxyde de carbone (CO2) d'origine non biomasse;14700000;kg/an
0007000956;ARCELORMITTAL FRANCE Dunkerque;2021;Air;Cuivre et composés (exprimés en tant que Cu);1600;kg/an
0007000956;ARCELORMITTAL FRANCE Dunkerque;2021;Air;Dioxines et furanes (PCDD + PCDF) (exprimés en iTeq);0.002;kg/an
0007000956;ARCELORMITTAL FRANCE Dunkerque;2021;Air;Hydrocarbures aromatiques polycycliques (HAP);113;kg/an
0007000742;DAUDRUY VAN CAUWENBERGHE et FILS;2021;Air;Dioxyde de carbone (CO2) total (d'origine biomasse et non biomasse);17100000;kg/an
0007000956;ARCELORMITTAL FRANCE Dunkerque;2021;Air;Hydroflurocarbures (HFC);988;kg/an
0007000956;ARCELORMITTAL FRANCE Dunkerque;2021;Air;Manganèse et composés (exprimés en tant que Mn);2630;kg/an
0007000742;DAUDRUY VAN CAUWENBERGHE et FILS;2021;Eau (direct);Sulfates;1510000;kg/an
0007000956;ARCELORMITTAL FRANCE Dunkerque;2021;Air;Mercure et composés (exprimés en tant que Hg);68.5;kg/an
0007000956;ARCELORMITTAL FRANCE Dunkerque;2021;Air;Monoxyde de carbone (CO);125000000;kg/an
0007000745;AHLSTROM Specialities;2021;Air;Dioxyde de carbone (CO2) d'origine non biomasse;20600000;kg/an
0007000956;ARCELORMITTAL FRANCE Dunkerque;2021;Air;Méthane (CH4);947000;kg/an
0007000956;ARCELORMITTAL FRANCE Dunkerque;2021;Air;Naphthalène;1460;kg/an
0007000956;ARCELORMITTAL FRANCE Dunkerque;2021;Air;Nickel et composés (exprimés en tant que Ni);240;kg/an
0007000745;AHLSTROM Specialities;2021;Air;Dioxyde de carbone (CO2) total (d'origine biomasse et non biomasse);20600000;kg/an
0007000956;ARCELORMITTAL FRANCE Dunkerque;2021;Air;Oxydes de soufre (SOx/SO2);4430000;kg/an
0007000956;ARCELORMITTAL FRANCE Dunkerque;2021;Air;Oxydes d'azote (NOx/NO2);5130000;kg/an
0007000745;AHLSTROM Specialities;2021;Eau (direct);Plomb et composés (exprimés en tant que Pb);25.8;kg/an
0007000956;ARCELORMITTAL FRANCE Dunkerque;2021;Air;Particules (PM10);2010000;kg/an
0007000956;ARCELORMITTAL FRANCE Dunkerque;2021;Air;Plomb et composés (exprimés en tant que Pb);5510;kg/an
0007000749;REFINAL INDUSTRIES;2021;Air;Dioxyde de carbone (CO2) d'origine non biomasse;21000000;kg/an
0007000956;ARCELORMITTAL FRANCE Dunkerque;2021;Air;Poussières totales;2480000;kg/an
0007000956;ARCELORMITTAL FRANCE Dunkerque;2021;Air;Zinc et composés (exprimés en tant que Zn);3140;kg/an
0007000956;ARCELORMITTAL FRANCE Dunkerque;2021;Air;Dioxyde de carbone (CO2) d'origine non biomasse;7411000000;kg/an
0007000749;REFINAL INDUSTRIES;2021;Air;Dioxyde de carbone (CO2) total (d'origine biomasse et non biomasse);21000000;kg/an
0007000956;ARCELORMITTAL FRANCE Dunkerque;2021;Air;Dioxyde de carbone (CO2) total (d'origine biomasse et non biomasse);7411000000;kg/an
0007000750;RECYTECH;2021;Air;Cadmium et composés (exprimés en tant que Cd);17.3;kg/an
0007000956;ARCELORMITTAL FRANCE Dunkerque;2021;Air;Vanadium et ses composés;42.3;kg/an
0007000956;ARCELORMITTAL FRANCE Dunkerque;2021;Air;Thallium et ses composés (exprimés en tant que Tl);243;kg/an
0007000750;RECYTECH;2021;Air;Dioxyde de carbone (CO2) d'origine non biomasse;76100000;kg/an
0007000956;ARCELORMITTAL FRANCE Dunkerque;2021;Air;Sélénium;565;kg/an
0007000956;ARCELORMITTAL FRANCE Dunkerque;2021;Eau (direct);Anthracène;1.55;kg/an
0007000750;RECYTECH;2021;Air;Dioxyde de carbone (CO2) total (d'origine biomasse et non biomasse);76100000;kg/an
0007000956;ARCELORMITTAL FRANCE Dunkerque;2021;Eau (direct);Azote total;167000;kg/an
0007000956;ARCELORMITTAL FRANCE Dunkerque;2021;Eau (direct);Cadmium et composés (exprimés en tant que Cd);5.17;kg/an
0007000757;INGREDIA;2021;Air;Dioxyde de carbone (CO2) d'origine biomasse;22700000;kg/an
0007000956;ARCELORMITTAL FRANCE Dunkerque;2021;Eau (direct);Chloroforme (trichlorométhane);90.6;kg/an
0007000956;ARCELORMITTAL FRANCE Dunkerque;2021;Eau (direct);Chlorures (en tant que Cl total);3900000;kg/an
0007000956;ARCELORMITTAL FRANCE Dunkerque;2021;Eau (direct);Cyanures (sous forme de CN total);417;kg/an
0007000757;INGREDIA;2021;Air;Dioxyde de carbone (CO2) d'origine non biomasse;27200000;kg/an
0007000956;ARCELORMITTAL FRANCE Dunkerque;2021;Eau (direct);Demande biologique en oxygène (DBO5);43800;kg/an
0007000956;ARCELORMITTAL FRANCE Dunkerque;2021;Eau (direct);Demande chimique en oxygène (DCO);293000;kg/an
0007000757;INGREDIA;2021;Air;Dioxyde de carbone (CO2) total (d'origine biomasse et non biomasse);49900000;kg/an
0007000956;ARCELORMITTAL FRANCE Dunkerque;2021;Eau (direct);Fer et composés (exprimés en tant que Fe);9900;kg/an
0007000956;ARCELORMITTAL FRANCE Dunkerque;2021;Eau (direct);Fluoranthène;7.95;kg/an
0007000757;INGREDIA;2021;Eau (direct);Cadmium et composés (exprimés en tant que Cd);1.2;kg/an
0007000956;ARCELORMITTAL FRANCE Dunkerque;2021;Eau (direct);Fluorures (en tant que F total);59700;kg/an
0007000956;ARCELORMITTAL FRANCE Dunkerque;2021;Eau (direct);Hydrocarbures aromatiques polycycliques (HAP);11.4;kg/an
0007000956;ARCELORMITTAL FRANCE Dunkerque;2021;Eau (direct);Manganèse et composés (exprimés en tant que Mn);1860;kg/an
0007000956;ARCELORMITTAL FRANCE Dunkerque;2021;Eau (direct);Naphthalène;53.4;kg/an
0007000956;ARCELORMITTAL FRANCE Dunkerque;2021;Eau (direct);Nickel et composés (exprimés en tant que Ni);41;kg/an
0007000757;INGREDIA;2021;Eau (indirect);Demande biologique en oxygène (DBO5);386000;kg/an
0007000956;ARCELORMITTAL FRANCE Dunkerque;2021;Eau (direct);Phénols (en tant que C total);180;kg/an
0007000956;ARCELORMITTAL FRANCE Dunkerque;2021;Eau (direct);Plomb et composés (exprimés en tant que Pb);537;kg/an
0007000956;ARCELORMITTAL FRANCE Dunkerque;2021;Eau (direct);Sulfates;2190000;kg/an
0007000757;INGREDIA;2021;Eau (indirect);Demande chimique en oxygène (DCO);666000;kg/an
0007000956;ARCELORMITTAL FRANCE Dunkerque;2021;Eau (direct);Zinc et composés (exprimés en tant que Zn);4980;kg/an
0007000956;ARCELORMITTAL FRANCE Dunkerque;2021;Eau (direct);Benzo (g, h, i) pérylène;1.96;kg/an
0007000757;INGREDIA;2021;Eau (indirect);Di(2-éthylhexyle)phtalate (DEHP);2.11;kg/an
0007000962;IMERYS (ex Kerneos);2021;Air;Oxydes de soufre (SOx/SO2);155000;kg/an
0007000962;IMERYS (ex Kerneos);2021;Air;Oxydes d'azote (NOx/NO2);319000;kg/an
0007000757;INGREDIA;2021;Eau (indirect);Phosphore total;10500;kg/an
0007000962;IMERYS (ex Kerneos);2021;Air;Protoxyde d'azote (N2O);11100;kg/an
0007000962;IMERYS (ex Kerneos);2021;Air;Dioxyde de carbone (CO2) d'origine non biomasse;158000000;kg/an
0007000962;IMERYS (ex Kerneos);2021;Air;Dioxyde de carbone (CO2) total (d'origine biomasse et non biomasse);158000000;kg/an
0007000761;AGC FRANCE SAS;2021;Air;Oxydes de soufre (SOx/SO2);294000;kg/an
0007000976;CALAIS ENERGIE;2021;Air;Dioxyde de carbone (CO2) d'origine biomasse;18200000;kg/an
0007000976;CALAIS ENERGIE;2021;Air;Dioxyde de carbone (CO2) total (d'origine biomasse et non biomasse);26400000;kg/an
0007000761;AGC FRANCE SAS;2021;Air;Oxydes d'azote (NOx/NO2);201000;kg/an
0007000979;INTEROR;2021;Air;Composés organiques volatils non méthaniques (COVNM);103000;kg/an
0007000979;INTEROR;2021;Eau (direct);Chloroforme (trichlorométhane);31;kg/an
0007000761;AGC FRANCE SAS;2021;Air;Dioxyde de carbone (CO2) d'origine non biomasse;136000000;kg/an
0007000761;AGC FRANCE SAS;2021;Air;Dioxyde de carbone (CO2) total (d'origine biomasse et non biomasse);136000000;kg/an
0007000987;VENATOR Pigments France;2021;Air;Oxydes de soufre (SOx/SO2);336000;kg/an
0007000987;VENATOR Pigments France;2021;Air;Dioxyde de carbone (CO2) d'origine non biomasse;10900000;kg/an
0007000987;VENATOR Pigments France;2021;Air;Dioxyde de carbone (CO2) total (d'origine biomasse et non biomasse);10900000;kg/an
0007000987;VENATOR Pigments France;2021;Eau (direct);Phosphore total;9620;kg/an
0007000991;HERTA;2021;Eau (indirect);Demande biologique en oxygène (DBO5);321000;kg/an
0007000991;HERTA;2021;Eau (indirect);Demande chimique en oxygène (DCO);689000;kg/an
0007000991;HERTA;2021;Eau (indirect);Phosphore total;9310;kg/an
0007000761;AGC FRANCE SAS;2021;Eau (direct);Arsenic et composés (exprimés en tant que As);14.3;kg/an
0007001004;INOVA OPERATIONS SAS;2021;Air;Oxydes d'azote (NOx/NO2);141000;kg/an
0007001004;INOVA OPERATIONS SAS;2021;Air;Dioxyde de carbone (CO2) d'origine non biomasse;121000000;kg/an
0007000762;PPG FRANCE MANUFACTURING;2021;Air;Composés organiques volatils non méthaniques (COVNM);157000;kg/an
0007000766;POLYCHIM Industrie SAS;2021;Air;Composés organiques volatils non méthaniques (COVNM);74200;kg/an
0007000771;DEPOTS DE PETROLE COTIERS;2021;Air;Composés organiques volatils non méthaniques (COVNM);32000;kg/an
0007001004;INOVA OPERATIONS SAS;2021;Air;Dioxyde de carbone (CO2) total (d'origine biomasse et non biomasse);121000000;kg/an
0007001004;INOVA OPERATIONS SAS;2021;Air;Vanadium et ses composés;320;kg/an
0007000776;PRODUITS CHIMIQUES DE LOOS;2021;Eau (direct);Mercure et composés (exprimés en tant que Hg);1.85;kg/an
0007001005;DALKIA - LENS;2021;Air;Dioxyde de carbone (CO2) d'origine biomasse;54900000;kg/an
0007000776;PRODUITS CHIMIQUES DE LOOS;2021;Eau (direct);Zinc et composés (exprimés en tant que Zn);211;kg/an
0007000785;EQIOM Cimenterie de Lumbres;2021;Air;Ammoniac (NH3);182000;kg/an
0007001005;DALKIA - LENS;2021;Air;Dioxyde de carbone (CO2) total (d'origine biomasse et non biomasse);56000000;kg/an
0007000785;EQIOM Cimenterie de Lumbres;2021;Air;Dioxyde de carbone (CO2) d'origine biomasse;41400000;kg/an
0007000785;EQIOM Cimenterie de Lumbres;2021;Air;Mercure et composés (exprimés en tant que Hg);23.2;kg/an
0007000785;EQIOM Cimenterie de Lumbres;2021;Air;Oxydes de soufre (SOx/SO2);604000;kg/an
0007001025;SKF AEROENGINE FRANCE;2021;Air;Dichlorométhane (DCM, chlorure de méthylène);3110;kg/an
0007000785;EQIOM Cimenterie de Lumbres;2021;Air;Oxydes d'azote (NOx/NO2);992000;kg/an
0007001026;SNCZ;2021;Air;Zinc et composés (exprimés en tant que Zn);514;kg/an
0007000785;EQIOM Cimenterie de Lumbres;2021;Air;Dioxyde de carbone (CO2) d'origine non biomasse;598000000;kg/an
0007001030;SICAL;2021;Air;Dioxyde de carbone (CO2) d'origine non biomasse;18900000;kg/an
0007001030;SICAL;2021;Air;Dioxyde de carbone (CO2) total (d'origine biomasse et non biomasse);18900000;kg/an
0007000785;EQIOM Cimenterie de Lumbres;2021;Air;Dioxyde de carbone (CO2) total (d'origine biomasse et non biomasse);639000000;kg/an
0007001033;PINGUIN (ex SICA DE LA VALLEE DE LA LYS);2021;Sol;Phosphore total;7530;kg/an
0007000789;POLYNT COMPOSITES FRANCE;2021;Air;Composés organiques volatils non méthaniques (COVNM);99700;kg/an
0007001034;SNCF - TECHNICENTRE D'HELLEMMES;2021;Air;Oxydes d'azote (NOx/NO2);841000;kg/an
0007000789;POLYNT COMPOSITES FRANCE;2021;Air;Dioxyde de carbone (CO2) d'origine non biomasse;10300000;kg/an
0007000789;POLYNT COMPOSITES FRANCE;2021;Air;Dioxyde de carbone (CO2) total (d'origine biomasse et non biomasse);10300000;kg/an
0007000794;VERSALIS FRANCE SAS Dunes;2021;Air;Benzène;6240;kg/an
0007001044;LACTALIS NESTLE ULTRA-FRAIS MARQUES;2021;Eau (indirect);Demande biologique en oxygène (DBO5);262000;kg/an
0007001044;LACTALIS NESTLE ULTRA-FRAIS MARQUES;2021;Eau (indirect);Demande chimique en oxygène (DCO);560000;kg/an
0007000794;VERSALIS FRANCE SAS Dunes;2021;Air;Composés organiques volatils non méthaniques (COVNM);532000;kg/an
0007000794;VERSALIS FRANCE SAS Dunes;2021;Air;Oxydes d'azote (NOx/NO2);507000;kg/an
0007001045;CARGILL HAUBOURDIN SAS;2021;Air;Dioxyde de carbone (CO2) d'origine non biomasse;55400000;kg/an
0007000794;VERSALIS FRANCE SAS Dunes;2021;Air;Dioxyde de carbone (CO2) d'origine non biomasse;663000000;kg/an
0007001045;CARGILL HAUBOURDIN SAS;2021;Air;Dioxyde de carbone (CO2) total (d'origine biomasse et non biomasse);55400000;kg/an
0007001045;CARGILL HAUBOURDIN SAS;2021;Eau (indirect);Demande biologique en oxygène (DBO5);174000;kg/an
0007000794;VERSALIS FRANCE SAS Dunes;2021;Air;Dioxyde de carbone (CO2) total (d'origine biomasse et non biomasse);663000000;kg/an
0007001045;CARGILL HAUBOURDIN SAS;2021;Eau (indirect);Demande chimique en oxygène (DCO);448000;kg/an
0007001045;CARGILL HAUBOURDIN SAS;2021;Eau (indirect);Phosphore total;7720;kg/an
0007000794;VERSALIS FRANCE SAS Dunes;2021;Eau (direct);Phénols (en tant que C total);40;kg/an
0007000821;NYRSTAR FRANCE;2021;Air;Oxydes de soufre (SOx/SO2);288000;kg/an
0007000821;NYRSTAR FRANCE;2021;Air;Zinc et composés (exprimés en tant que Zn);2740;kg/an
0007001046;LESIEUR;2021;Air;Dioxyde de carbone (CO2) d'origine non biomasse;13800000;kg/an
0007001046;LESIEUR;2021;Air;Dioxyde de carbone (CO2) total (d'origine biomasse et non biomasse);13800000;kg/an
0007000821;NYRSTAR FRANCE;2021;Air;Dioxyde de carbone (CO2) d'origine non biomasse;25700000;kg/an
0007000821;NYRSTAR FRANCE;2021;Air;Dioxyde de carbone (CO2) total (d'origine biomasse et non biomasse);25700000;kg/an
0007001050;CENTRE HOSPITALIER DE VALENCIENNES;2021;Eau (indirect);Demande biologique en oxygène (DBO5);63600;kg/an
0007001050;CENTRE HOSPITALIER DE VALENCIENNES;2021;Eau (indirect);Demande chimique en oxygène (DCO);157000;kg/an
0007000821;NYRSTAR FRANCE;2021;Eau (direct);Cadmium et composés (exprimés en tant que Cd);8.4;kg/an
0007001051;TEREOS (ex SICA PULPES DE BOIRY);2021;Air;Composés organiques volatils non méthaniques (COVNM);53100;kg/an
0007001051;TEREOS (ex SICA PULPES DE BOIRY);2021;Air;Dioxyde de carbone (CO2) d'origine non biomasse;35400000;kg/an
0007001051;TEREOS (ex SICA PULPES DE BOIRY);2021;Air;Dioxyde de carbone (CO2) total (d'origine biomasse et non biomasse);35400000;kg/an
0007002425;Stoelzle de Masnières Parfumeries;2021;Air;Dioxyde de carbone (CO2) d'origine non biomasse;17400000;kg/an
0007001053;CIDEME;2021;Air;Ammoniac (NH3);10200;kg/an
0007001053;CIDEME;2021;Air;Chlore et composés inorganiques (en tant que HCl);10300;kg/an
0007001053;CIDEME;2021;Air;Dioxyde de carbone (CO2) d'origine biomasse;54600000;kg/an
0007002425;Stoelzle de Masnières Parfumeries;2021;Air;Dioxyde de carbone (CO2) total (d'origine biomasse et non biomasse);17400000;kg/an
0007001053;CIDEME;2021;Air;Mercure et composés (exprimés en tant que Hg);10.6;kg/an
0007001053;CIDEME;2021;Air;Dioxyde de carbone (CO2) d'origine non biomasse;55200000;kg/an
0007001053;CIDEME;2021;Air;Dioxyde de carbone (CO2) total (d'origine biomasse et non biomasse);110000000;kg/an
0007002546;ROQUETTE Frères;2021;Air;Hydroflurocarbures (HFC);1570;kg/an
0007001055;SEVELNORD;2021;Air;Composés organiques volatils non méthaniques (COVNM);696000;kg/an
0007002546;ROQUETTE Frères;2021;Air;Oxydes de soufre (SOx/SO2);214000;kg/an
0007001055;SEVELNORD;2021;Air;Hydroflurocarbures (HFC);10500;kg/an
0007001055;SEVELNORD;2021;Air;Dioxyde de carbone (CO2) d'origine non biomasse;22600000;kg/an
0007001055;SEVELNORD;2021;Air;Dioxyde de carbone (CO2) total (d'origine biomasse et non biomasse);22600000;kg/an
0007001055;SEVELNORD;2021;Eau (indirect);Fluorures (en tant que F total);2390;kg/an
0007002546;ROQUETTE Frères;2021;Air;Oxydes d'azote (NOx/NO2);288000;kg/an
0007002546;ROQUETTE Frères;2021;Air;Particules (PM10);120000;kg/an
0007002546;ROQUETTE Frères;2021;Air;Poussières totales;401000;kg/an
0007002546;ROQUETTE Frères;2021;Air;Dioxyde de carbone (CO2) d'origine non biomasse;608000000;kg/an
0007001060;AUTOMOTIVE EXTERIORS MARLES;2021;Air;Composés organiques volatils non méthaniques (COVNM);42100;kg/an
0007001060;AUTOMOTIVE EXTERIORS MARLES;2021;Air;Hydroflurocarbures (HFC);248;kg/an
0007002546;ROQUETTE Frères;2021;Air;Dioxyde de carbone (CO2) total (d'origine biomasse et non biomasse);617000000;kg/an
0007001092;PLASTIENVASE FRANCIA;2021;Air;Composés organiques volatils non méthaniques (COVNM);39500;kg/an
0007002546;ROQUETTE Frères;2021;Eau (direct);Chlorures (en tant que Cl total);8780000;kg/an
0007002546;ROQUETTE Frères;2021;Eau (direct);Demande biologique en oxygène (DBO5);52200;kg/an
0007001103;Communauté de communes du Ternois;2021;Eau (direct);Zinc et composés (exprimés en tant que Zn);120;kg/an
0007001104;SCHUR FLEXIBLES UNI ROTO (ex VITROCELLE);2021;Air;Composés organiques volatils non méthaniques (COVNM);62900;kg/an
0007002546;ROQUETTE Frères;2021;Eau (direct);Demande chimique en oxygène (DCO);1030000;kg/an
0007002546;ROQUETTE Frères;2021;Eau (direct);Nickel et composés (exprimés en tant que Ni);141;kg/an
0007002546;ROQUETTE Frères;2021;Eau (direct);Phosphore total;29300;kg/an
0007001124;COCA-COLA PRODUCTION SAS;2021;Eau (indirect);Demande biologique en oxygène (DBO5);471000;kg/an
0007001124;COCA-COLA PRODUCTION SAS;2021;Eau (indirect);Demande chimique en oxygène (DCO);944000;kg/an
0007002546;ROQUETTE Frères;2021;Eau (direct);Zinc et composés (exprimés en tant que Zn);116;kg/an
0007002568;LIOT;2021;Eau (indirect);Demande biologique en oxygène (DBO5);291000;kg/an
0007001139;C&D FOODS France;2021;Eau (indirect);Demande biologique en oxygène (DBO5);68000;kg/an
0007001153;SITA NORD (SA) - CET Dannes;2021;Air;Méthane (CH4);335000;kg/an
0007001157;NESTLE PURINA PETCARE;2021;Air;Dioxyde de carbone (CO2) d'origine non biomasse;25700000;kg/an
0007001157;NESTLE PURINA PETCARE;2021;Air;Dioxyde de carbone (CO2) total (d'origine biomasse et non biomasse);25700000;kg/an
0007002568;LIOT;2021;Eau (indirect);Demande chimique en oxygène (DCO);399000;kg/an
0007002731;TOYOTA M.M.F.;2021;Air;Composés organiques volatils non méthaniques (COVNM);309000;kg/an
0007001170;DALKIA (Chaufferie du CHR) COGE SANTE;2021;Air;Dioxyde de carbone (CO2) d'origine non biomasse;35700000;kg/an
0007002731;TOYOTA M.M.F.;2021;Air;Dioxyde de carbone (CO2) d'origine non biomasse;16600000;kg/an
0007001170;DALKIA (Chaufferie du CHR) COGE SANTE;2021;Air;Dioxyde de carbone (CO2) total (d'origine biomasse et non biomasse);35700000;kg/an
0007001174;GRAIN D'OR GEL - GRAIN D'OR FRAIS;2021;Air;Hydroflurocarbures (HFC);300;kg/an
0007002731;TOYOTA M.M.F.;2021;Air;Dioxyde de carbone (CO2) total (d'origine biomasse et non biomasse);16600000;kg/an
0007001176;LESAFFRE (Société Industrielle);2021;Air;Dioxyde de carbone (CO2) d'origine non biomasse;41900000;kg/an
0007001176;LESAFFRE (Société Industrielle);2021;Air;Dioxyde de carbone (CO2) total (d'origine biomasse et non biomasse);41900000;kg/an
0007002731;TOYOTA M.M.F.;2021;Eau (direct);Nickel et composés (exprimés en tant que Ni);56.3;kg/an
0007001213;MONS ENERGIE(Chaufferie ZUP de Mons);2021;Air;Dioxyde de carbone (CO2) d'origine biomasse;12600000;kg/an
0007001213;MONS ENERGIE(Chaufferie ZUP de Mons);2021;Air;Dioxyde de carbone (CO2) total (d'origine biomasse et non biomasse);21600000;kg/an
0007002868;GALLOO PLASTICS;2021;Air;PCB-DL : somme des 12 PCB-DL (Somme de PCB77+PCB81+PCB105+PCB114+PCB118+PCB123+PCB126+PCB156+PCB157+PCB167+PCB169+PCB189);0.182;kg/an
0007001214;RESONOR;2021;Air;Dioxyde de carbone (CO2) d'origine non biomasse;39500000;kg/an
0007001214;RESONOR;2021;Air;Dioxyde de carbone (CO2) total (d'origine biomasse et non biomasse);39500000;kg/an
0007002953;DRAKA COMTEQ FRANCE;2021;Air;Chlore et composés inorganiques (en tant que HCl);15000;kg/an
0007002953;DRAKA COMTEQ FRANCE;2021;Air;Oxydes d'azote (NOx/NO2);396000;kg/an
0007001242;Malteurop;2021;Eau (indirect);Demande biologique en oxygène (DBO5);164000;kg/an
0007002964;BORALEX Blendecques SAS;2021;Air;Dioxyde de carbone (CO2) d'origine non biomasse;50900000;kg/an
0007001242;Malteurop;2021;Eau (indirect);Demande chimique en oxygène (DCO);368000;kg/an
0007001279;ENGIE Thermique France - Centrale DK6;2021;Air;Cuivre et composés (exprimés en tant que Cu);186;kg/an
0007002964;BORALEX Blendecques SAS;2021;Air;Dioxyde de carbone (CO2) total (d'origine biomasse et non biomasse);50900000;kg/an
0007001279;ENGIE Thermique France - Centrale DK6;2021;Air;Mercure et composés (exprimés en tant que Hg);35.7;kg/an
0007001279;ENGIE Thermique France - Centrale DK6;2021;Air;Oxydes de soufre (SOx/SO2);443000;kg/an
0007002969;EDILIANS ( Ex IMERYS TC);2021;Air;Dioxyde de carbone (CO2) d'origine non biomasse;13700000;kg/an
0007001279;ENGIE Thermique France - Centrale DK6;2021;Air;Oxydes d'azote (NOx/NO2);816000;kg/an
0007001279;ENGIE Thermique France - Centrale DK6;2021;Air;Protoxyde d'azote (N2O);16200;kg/an
0007001279;ENGIE Thermique France - Centrale DK6;2021;Air;Zinc et composés (exprimés en tant que Zn);1410;kg/an
0007002969;EDILIANS ( Ex IMERYS TC);2021;Air;Dioxyde de carbone (CO2) total (d'origine biomasse et non biomasse);13700000;kg/an
0007001279;ENGIE Thermique France - Centrale DK6;2021;Air;Dioxyde de carbone (CO2) d'origine non biomasse;4442000000;kg/an
0007001279;ENGIE Thermique France - Centrale DK6;2021;Air;Dioxyde de carbone (CO2) total (d'origine biomasse et non biomasse);4442000000;kg/an
0007003109;AUCHAN SA;2021;Air;Hydroflurocarbures (HFC);459;kg/an
0007001279;ENGIE Thermique France - Centrale DK6;2021;Air;Sélénium;27.6;kg/an
0007003152;AUCHAN FRANCE;2021;Air;Hydroflurocarbures (HFC);111;kg/an
0007001322;AUCHAN (SA);2021;Air;Hydroflurocarbures (HFC);271;kg/an
0007003161;BOULONNAIS (Communauté d'Agglomération);2021;Eau (direct);Azote total;89900;kg/an
0007001323;AUCHAN FRANCE;2021;Air;Hydroflurocarbures (HFC);385;kg/an
0007003161;BOULONNAIS (Communauté d'Agglomération);2021;Eau (direct);Chlorures (en tant que Cl total);8020000;kg/an
0007001325;AUCHAN FRANCE;2021;Air;Hydroflurocarbures (HFC);193;kg/an
0007001335;O-I FRANCE SAS (ex O-I MANUFACTURING);2021;Air;Oxydes d'azote (NOx/NO2);255000;kg/an
0007003161;BOULONNAIS (Communauté d'Agglomération);2021;Eau (direct);Demande biologique en oxygène (DBO5);175000;kg/an
0007001335;O-I FRANCE SAS (ex O-I MANUFACTURING);2021;Air;Dioxyde de carbone (CO2) d'origine non biomasse;39800000;kg/an
0007001335;O-I FRANCE SAS (ex O-I MANUFACTURING);2021;Air;Dioxyde de carbone (CO2) total (d'origine biomasse et non biomasse);39800000;kg/an
0007003161;BOULONNAIS (Communauté d'Agglomération);2021;Eau (direct);Demande chimique en oxygène (DCO);555000;kg/an
0007003161;BOULONNAIS (Communauté d'Agglomération);2021;Eau (direct);Phosphore total;6670;kg/an
0007001494;COGESTAR - Arras;2021;Air;Dioxyde de carbone (CO2) d'origine non biomasse;17300000;kg/an
0007001494;COGESTAR - Arras;2021;Air;Dioxyde de carbone (CO2) total (d'origine biomasse et non biomasse);17300000;kg/an
0007003188;FLORETTE FRANCE GMS;2021;Eau (indirect);Chloroforme (trichlorométhane);40.3;kg/an
0007003322;RYSSEN ALCOOLS SAS;2021;Air;Composés organiques volatils non méthaniques (COVNM);32900;kg/an
0007003322;RYSSEN ALCOOLS SAS;2021;Air;Dioxyde de carbone (CO2) d'origine non biomasse;22800000;kg/an
0007003322;RYSSEN ALCOOLS SAS;2021;Air;Dioxyde de carbone (CO2) total (d'origine biomasse et non biomasse);22800000;kg/an
0007001555;CRUSTA C (SA);2021;Eau (indirect);Demande biologique en oxygène (DBO5);58500;kg/an
0007003365;VERQUIN CONFISEUR;2021;Eau (indirect);Demande biologique en oxygène (DBO5);54000;kg/an
0007001579;VALNOR;2021;Air;Méthane (CH4);251000;kg/an
0007001630;DESVRES Maubeuge;2021;Air;Dioxyde de carbone (CO2) d'origine non biomasse;14400000;kg/an
0007003398;HYDROPALE;2021;Eau (direct);Cadmium et composés (exprimés en tant que Cd);2.52;kg/an
0007001630;DESVRES Maubeuge;2021;Air;Dioxyde de carbone (CO2) total (d'origine biomasse et non biomasse);14400000;kg/an
0007001689;RLST ELIS;2021;Eau (indirect);Demande biologique en oxygène (DBO5);76100;kg/an
0007001689;RLST ELIS;2021;Eau (indirect);Zinc et composés (exprimés en tant que Zn);161;kg/an
0007003529;IKOS ENVIRONNEMENT SAS;2021;Air;Méthane (CH4);281000;kg/an
0007001757;FRAIS Embal (Sté);2021;Eau (indirect);Demande biologique en oxygène (DBO5);111000;kg/an
0007001757;FRAIS Embal (Sté);2021;Eau (indirect);Demande chimique en oxygène (DCO);196000;kg/an
0007003600;PLASTIC OMNIUM AUTO EXTERIOR;2021;Air;Composés organiques volatils non méthaniques (COVNM);52900;kg/an
0007001779;GRT gaz;2021;Air;Composés organiques volatils non méthaniques (COVNM);40800;kg/an
0007001779;GRT gaz;2021;Air;Méthane (CH4);336000;kg/an
0007001779;GRT gaz;2021;Air;Dioxyde de carbone (CO2) d'origine non biomasse;26900000;kg/an
0007003839;VM BUILDING SOLUTIONS SAS (ex UMICORE);2021;Eau (indirect);Cadmium et composés (exprimés en tant que Cd);6.7;kg/an
0007001779;GRT gaz;2021;Air;Dioxyde de carbone (CO2) total (d'origine biomasse et non biomasse);26900000;kg/an
0007001833;TATA STEEL MAUBEUGE SAS;2021;Air;Composés organiques volatils non méthaniques (COVNM);128000;kg/an
0007003839;VM BUILDING SOLUTIONS SAS (ex UMICORE);2021;Eau (indirect);Zinc et composés (exprimés en tant que Zn);548;kg/an
0007001833;TATA STEEL MAUBEUGE SAS;2021;Air;Dioxyde de carbone (CO2) d'origine non biomasse;49000000;kg/an
0007001833;TATA STEEL MAUBEUGE SAS;2021;Air;Dioxyde de carbone (CO2) total (d'origine biomasse et non biomasse);49000000;kg/an
0007004138;SA  ALPHAGLASS;2021;Air;Oxydes d'azote (NOx/NO2);186000;kg/an
0007001955;MAISON MENISSEZ SA;2021;Eau (indirect);Demande biologique en oxygène (DBO5);60100;kg/an
0007004138;SA  ALPHAGLASS;2021;Air;Dioxyde de carbone (CO2) d'origine non biomasse;54500000;kg/an
0007002077;PALCHEM;2021;Air;Dichlorométhane (DCM, chlorure de méthylène);2070;kg/an
0007004138;SA  ALPHAGLASS;2021;Air;Dioxyde de carbone (CO2) total (d'origine biomasse et non biomasse);54500000;kg/an
0007002134;PANDROL ex-RAILTECH INTERNATIONAL;2021;Air;Composés organiques volatils non méthaniques (COVNM);45600;kg/an
0007002178;SIPC;2021;Air;Composés organiques volatils non méthaniques (COVNM);83500;kg/an
0007004143;SUEZ ORGANIQUE SAS;2021;Air;Ammoniac (NH3);15000;kg/an
0007002223;SEDE;2021;Air;Ammoniac (NH3);39600;kg/an
0007004361;OCTEVA  SAS Centre de valorisation Organique;2021;Eau (indirect);Carbone organique total (en tant que C total ou DCO/3);150000;kg/an
0007002235;CIDEME;2021;Air;Dioxyde de carbone (CO2) d'origine biomasse;38300000;kg/an
0007004361;OCTEVA  SAS Centre de valorisation Organique;2021;Eau (indirect);Demande biologique en oxygène (DBO5);87900;kg/an
0007002235;CIDEME;2021;Air;Dioxyde de carbone (CO2) d'origine non biomasse;38500000;kg/an
0007002235;CIDEME;2021;Air;Dioxyde de carbone (CO2) total (d'origine biomasse et non biomasse);76800000;kg/an
0007004361;OCTEVA  SAS Centre de valorisation Organique;2021;Eau (indirect);Demande chimique en oxygène (DCO);418000;kg/an
0007004733;MINAKEM DUNKERQUE PRODUCTION;2021;Air;Dioxyde de carbone (CO2) d'origine non biomasse;11200000;kg/an
0007004733;MINAKEM DUNKERQUE PRODUCTION;2021;Air;Dioxyde de carbone (CO2) total (d'origine biomasse et non biomasse);11200000;kg/an
0007002271;AUCHAN;2021;Air;Hydroflurocarbures (HFC);191;kg/an
0007002309;GRT gaz-Station de Compression de Pitgam;2021;Air;Méthane (CH4);206000;kg/an
0007002309;GRT gaz-Station de Compression de Pitgam;2021;Air;Dioxyde de carbone (CO2) d'origine non biomasse;39700000;kg/an
0007004766;Communauté d'Agglomération Hénin-Carvin;2021;Eau (direct);Azote total;95100;kg/an
0007002309;GRT gaz-Station de Compression de Pitgam;2021;Air;Dioxyde de carbone (CO2) total (d'origine biomasse et non biomasse);39700000;kg/an
0007002326;VERSALIS FRANCE SAS Fortelet;2021;Air;Benzène;1040;kg/an
0007004766;Communauté d'Agglomération Hénin-Carvin;2021;Eau (direct);Demande chimique en oxygène (DCO);172000;kg/an
0007002326;VERSALIS FRANCE SAS Fortelet;2021;Air;Composés organiques volatils non méthaniques (COVNM);151000;kg/an
0007004925;R ENERGIES - Alma;2021;Air;Dioxyde de carbone (CO2) d'origine biomasse;18500000;kg/an
0007002336;TT PLAST;2021;Air;Composés organiques volatils non méthaniques (COVNM);44600;kg/an
0007002377;THYSSEN KRUPP ELECTRICAL STEEL UGO;2021;Eau (indirect);Aluminium et composés (exprimés en tant que Al);5270;kg/an
0007004925;R ENERGIES - Alma;2021;Air;Dioxyde de carbone (CO2) total (d'origine biomasse et non biomasse);22200000;kg/an
0007002377;THYSSEN KRUPP ELECTRICAL STEEL UGO;2021;Eau (indirect);Chrome et composés (exprimés en tant que Cr);4840;kg/an
0007002377;THYSSEN KRUPP ELECTRICAL STEEL UGO;2021;Eau (indirect);Cuivre et composés (exprimés en tant que Cu);161;kg/an
0007005038;WEPA FRANCE;2021;Air;Dioxyde de carbone (CO2) d'origine non biomasse;35500000;kg/an
0007002377;THYSSEN KRUPP ELECTRICAL STEEL UGO;2021;Eau (indirect);Fer et composés (exprimés en tant que Fe);39100;kg/an
0007002377;THYSSEN KRUPP ELECTRICAL STEEL UGO;2021;Eau (indirect);Nickel et composés (exprimés en tant que Ni);286;kg/an
0007002377;THYSSEN KRUPP ELECTRICAL STEEL UGO;2021;Eau (indirect);Phosphore total;18000;kg/an
0007005038;WEPA FRANCE;2021;Air;Dioxyde de carbone (CO2) total (d'origine biomasse et non biomasse);35500000;kg/an
0007002377;THYSSEN KRUPP ELECTRICAL STEEL UGO;2021;Eau (indirect);Zinc et composés (exprimés en tant que Zn);111;kg/an
0007002398;ASCOVAL SAINT-SAULVE;2021;Air;Manganèse et composés (exprimés en tant que Mn);201;kg/an
0007005525;EDF Bouchain_CCG;2021;Air;Monoxyde de carbone (CO);854000;kg/an
0007002398;ASCOVAL SAINT-SAULVE;2021;Air;Zinc et composés (exprimés en tant que Zn);579;kg/an
0007002398;ASCOVAL SAINT-SAULVE;2021;Air;Dioxyde de carbone (CO2) d'origine non biomasse;54000000;kg/an
0007005525;EDF Bouchain_CCG;2021;Air;Oxydes d'azote (NOx/NO2);597000;kg/an
0007002398;ASCOVAL SAINT-SAULVE;2021;Air;Dioxyde de carbone (CO2) total (d'origine biomasse et non biomasse);56100000;kg/an
0007002398;ASCOVAL SAINT-SAULVE;2021;Eau (direct);Nickel et composés (exprimés en tant que Ni);27.4;kg/an
0007005525;EDF Bouchain_CCG;2021;Air;Protoxyde d'azote (N2O);18600;kg/an
0007002398;ASCOVAL SAINT-SAULVE;2021;Eau (direct);Zinc et composés (exprimés en tant que Zn);149;kg/an
0007005525;EDF Bouchain_CCG;2021;Air;Dioxyde de carbone (CO2) d'origine non biomasse;1046000000;kg/an
0007005525;EDF Bouchain_CCG;2021;Air;Dioxyde de carbone (CO2) total (d'origine biomasse et non biomasse);1046000000;kg/an
0007002401;COVALYS ex-VALNOR (CVE ANTARES);2021;Air;Dioxyde de carbone (CO2) d'origine biomasse;193000000;kg/an
0007002401;COVALYS ex-VALNOR (CVE ANTARES);2021;Air;Oxydes d'azote (NOx/NO2);103000;kg/an
0007005848;SYMEVAD;2021;Eau (indirect);Azote total;68400;kg/an
0007002401;COVALYS ex-VALNOR (CVE ANTARES);2021;Air;Dioxyde de carbone (CO2) d'origine non biomasse;145000000;kg/an
0007002401;COVALYS ex-VALNOR (CVE ANTARES);2021;Air;Dioxyde de carbone (CO2) total (d'origine biomasse et non biomasse);338000000;kg/an
0007006047;INCINERIS;2021;Air;Antimoine et composés (exprimés en tant que Sb);19.9;kg/an
0007002413;OPALE ENVIRONNEMENT (CET);2021;Air;Dioxyde de carbone (CO2) d'origine biomasse;13100000;kg/an
0007002413;OPALE ENVIRONNEMENT (CET);2021;Air;Méthane (CH4);455000;kg/an
0007002413;OPALE ENVIRONNEMENT (CET);2021;Air;Dioxyde de carbone (CO2) total (d'origine biomasse et non biomasse);13100000;kg/an
0007006047;INCINERIS;2021;Air;Chrome et composés (exprimés en tant que Cr);116;kg/an
0007006047;INCINERIS;2021;Air;Cuivre et composés (exprimés en tant que Cu);125;kg/an
0007006047;INCINERIS;2021;Air;Dioxines et furanes (PCDD + PCDF) (exprimés en iTeq);0.734;kg/an
0007006047;INCINERIS;2021;Air;Manganèse et composés (exprimés en tant que Mn);764;kg/an
0007006047;INCINERIS;2021;Air;Plomb et composés (exprimés en tant que Pb);217;kg/an
0007101355;EDF-PEI SAS;2021;Air;Monoxyde de carbone (CO);928000;kg/an
0007101355;EDF-PEI SAS;2021;Air;Nickel et composés (exprimés en tant que Ni);2070;kg/an
0007101355;EDF-PEI SAS;2021;Air;Oxydes de soufre (SOx/SO2);4250000;kg/an
0007101355;EDF-PEI SAS;2021;Air;Oxydes d'azote (NOx/NO2);1680000;kg/an
0007101355;EDF-PEI SAS;2021;Air;Plomb et composés (exprimés en tant que Pb);208;kg/an
0007006097;EARL LA BRIQUETTERIE;2021;Air;Ammoniac (NH3);10800;kg/an
0007101355;EDF-PEI SAS;2021;Air;Protoxyde d'azote (N2O);15700;kg/an
0007101355;EDF-PEI SAS;2021;Air;Zinc et composés (exprimés en tant que Zn);419;kg/an
0007101355;EDF-PEI SAS;2021;Air;Dioxyde de carbone (CO2) d'origine non biomasse;800000000;kg/an
0007006131;RECYCO;2021;Air;Mercure et composés (exprimés en tant que Hg);25;kg/an
0007101355;EDF-PEI SAS;2021;Air;Dioxyde de carbone (CO2) total (d'origine biomasse et non biomasse);800000000;kg/an
0007101355;EDF-PEI SAS;2021;Air;Vanadium et ses composés;1010;kg/an
0007101355;EDF-PEI SAS;2021;Air;Thallium et ses composés (exprimés en tant que Tl);10.5;kg/an
0007006131;RECYCO;2021;Air;Thallium et ses composés (exprimés en tant que Tl);10.9;kg/an
0007101586;SICA DES SABLES;2021;Air;Dioxines et furanes (PCDD + PCDF) (exprimés en iTeq);0.000168;kg/an
0007006416;SYNDICAT MIXTE ARTOIS VALORISATION (SMAV;2021;Air;Acétaldéhyde (aldéhyde acétique  éthanal);404;kg/an
0007101834;STEU GRAND PRADO (VEOLIA EAU);2021;Eau (direct);Demande biologique en oxygène (DBO5);65100;kg/an
0007101834;STEU GRAND PRADO (VEOLIA EAU);2021;Eau (direct);Demande chimique en oxygène (DCO);398000;kg/an
0007100036;Distillerie Riviere du Mat;2021;Air;Dioxyde de carbone (CO2) d'origine biomasse;13900000;kg/an
0007100036;Distillerie Riviere du Mat;2021;Air;Dioxyde de carbone (CO2) total (d'origine biomasse et non biomasse);14100000;kg/an
0007101932;ALBIOMA SAINT PIERRE;2021;Air;Dioxyde de carbone (CO2) d'origine non biomasse;19800000;kg/an
0007100036;Distillerie Riviere du Mat;2021;Eau (direct);Azote total;224000;kg/an
0007101932;ALBIOMA SAINT PIERRE;2021;Air;Dioxyde de carbone (CO2) total (d'origine biomasse et non biomasse);24000000;kg/an
0007100036;Distillerie Riviere du Mat;2021;Eau (direct);Demande biologique en oxygène (DBO5);544000;kg/an
0007100036;Distillerie Riviere du Mat;2021;Eau (direct);Demande chimique en oxygène (DCO);2470000;kg/an
0007100036;Distillerie Riviere du Mat;2021;Eau (direct);Matières en suspension (MES);396000;kg/an
0007100036;Distillerie Riviere du Mat;2021;Eau (direct);Nickel et composés (exprimés en tant que Ni);62.1;kg/an
0007100036;Distillerie Riviere du Mat;2021;Eau (direct);Phosphore total;7800;kg/an
0007201097;KRATON (ex ARIZONA CHEMICAL);2021;Air;Composés organiques volatils non méthaniques (COVNM);51400;kg/an
0007201097;KRATON (ex ARIZONA CHEMICAL);2021;Eau (indirect);Phénols (en tant que C total);26.1;kg/an
0007100049;ALBIOMA ALG Centrale thermique;2021;Air;Ammoniac (NH3);15500;kg/an
0007201097;KRATON (ex ARIZONA CHEMICAL);2021;Eau (indirect);Toluène;687;kg/an
0007201205;Grand Poitiers communauté urbaine;2021;Air;Dioxyde de carbone (CO2) d'origine biomasse;22900000;kg/an
0007100049;ALBIOMA ALG Centrale thermique;2021;Air;Dioxyde de carbone (CO2) d'origine biomasse;208000000;kg/an
0007201205;Grand Poitiers communauté urbaine;2021;Air;Dioxyde de carbone (CO2) d'origine non biomasse;17400000;kg/an
0007201205;Grand Poitiers communauté urbaine;2021;Air;Dioxyde de carbone (CO2) total (d'origine biomasse et non biomasse);40300000;kg/an
0007100049;ALBIOMA ALG Centrale thermique;2021;Air;Méthane (CH4);170000;kg/an
0007100049;ALBIOMA ALG Centrale thermique;2021;Air;Oxydes de soufre (SOx/SO2);288000;kg/an
0007100049;ALBIOMA ALG Centrale thermique;2021;Air;Oxydes d'azote (NOx/NO2);591000;kg/an
0007201208;TIMAC AGRO;2021;Air;Dioxyde de carbone (CO2) d'origine biomasse;12700000;kg/an
0007100049;ALBIOMA ALG Centrale thermique;2021;Air;Protoxyde d'azote (N2O);29600;kg/an
0007201208;TIMAC AGRO;2021;Air;Plomb et composés (exprimés en tant que Pb);212;kg/an
0007201208;TIMAC AGRO;2021;Air;Zinc et composés (exprimés en tant que Zn);462;kg/an
0007100049;ALBIOMA ALG Centrale thermique;2021;Air;Zinc et composés (exprimés en tant que Zn);653;kg/an
0007201208;TIMAC AGRO;2021;Air;Dioxyde de carbone (CO2) total (d'origine biomasse et non biomasse);13100000;kg/an
0007100049;ALBIOMA ALG Centrale thermique;2021;Air;Dioxyde de carbone (CO2) d'origine non biomasse;699000000;kg/an
0007201264;BUTAGAZ SAS;2021;Air;Composés organiques volatils non méthaniques (COVNM);35600;kg/an
0007100049;ALBIOMA ALG Centrale thermique;2021;Air;Dioxyde de carbone (CO2) total (d'origine biomasse et non biomasse);907000000;kg/an
0007100049;ALBIOMA ALG Centrale thermique;2021;Eau (direct);Azote total;52500;kg/an
0007100049;ALBIOMA ALG Centrale thermique;2021;Eau (direct);Fluorures (en tant que F total);3920;kg/an
0007100060;COMPAGNIE LAITIERE DES MASCAREIGNES;2021;Eau (indirect);Demande biologique en oxygène (DBO5);65600;kg/an
0007201287;TERREAL;2021;Air;Dioxyde de carbone (CO2) d'origine non biomasse;36800000;kg/an
0007100063;ILEVA;2021;Air;Méthane (CH4);2570000;kg/an
0007201287;TERREAL;2021;Air;Dioxyde de carbone (CO2) total (d'origine biomasse et non biomasse);36800000;kg/an
0007100070;SUEZ RV REUNION;2021;Air;Méthane (CH4);133000;kg/an
0007201312;SIMAFEX;2021;Air;Composés organiques volatils non méthaniques (COVNM);45600;kg/an
0007100079;SRPP Depot d'hydrocarbures;2021;Air;Composés organiques volatils non méthaniques (COVNM);31200;kg/an
0007100081;Distillerie Savanna;2021;Eau (direct);Demande biologique en oxygène (DBO5);2370000;kg/an
0007201328;RHODIA OPERATIONS;2021;Air;Composés organiques volatils non méthaniques (COVNM);33300;kg/an
0007201328;RHODIA OPERATIONS;2021;Air;Dioxyde de carbone (CO2) d'origine non biomasse;22700000;kg/an
0007201328;RHODIA OPERATIONS;2021;Air;Dioxyde de carbone (CO2) total (d'origine biomasse et non biomasse);22700000;kg/an
0007100081;Distillerie Savanna;2021;Eau (direct);Demande chimique en oxygène (DCO);6500000;kg/an
0007201328;RHODIA OPERATIONS;2021;Eau (direct);Azote total;485000;kg/an
0007100088;Brasseries de Bourbon;2021;Eau (indirect);Demande biologique en oxygène (DBO5);126000;kg/an
0007201348;RHODIA  OPERATIONS;2021;Air;Composés organiques volatils non méthaniques (COVNM);46200;kg/an
0007201348;RHODIA  OPERATIONS;2021;Eau (direct);Sulfates;2320000;kg/an
0007100088;Brasseries de Bourbon;2021;Eau (indirect);Demande chimique en oxygène (DCO);272000;kg/an
0007201362;AHLSTROM MUNKSJO SPECIALTIES;2021;Air;Dioxyde de carbone (CO2) d'origine non biomasse;41100000;kg/an
0007100099;Sucrerie de Bois Rouge;2021;Eau (direct);Demande biologique en oxygène (DBO5);229000;kg/an
0007201362;AHLSTROM MUNKSJO SPECIALTIES;2021;Air;Dioxyde de carbone (CO2) total (d'origine biomasse et non biomasse);41100000;kg/an
0007201380;ORECO;2021;Air;Composés organiques volatils non méthaniques (COVNM);136000;kg/an
0007100099;Sucrerie de Bois Rouge;2021;Eau (direct);Demande chimique en oxygène (DCO);346000;kg/an
0007100121;ALBIOMA Bois Rouge;2021;Air;Dioxyde de carbone (CO2) d'origine biomasse;228000000;kg/an
0007201381;MARTELL & CO;2021;Air;Composés organiques volatils non méthaniques (COVNM);65500;kg/an
0007100121;ALBIOMA Bois Rouge;2021;Air;Méthane (CH4);153000;kg/an
0007100121;ALBIOMA Bois Rouge;2021;Air;Oxydes de soufre (SOx/SO2);325000;kg/an
0007201384;MARIE SURGELES;2021;Eau (direct);Carbone organique total (en tant que C total ou DCO/3);78000;kg/an
0007201384;MARIE SURGELES;2021;Eau (direct);Demande biologique en oxygène (DBO5);176000;kg/an
0007100121;ALBIOMA Bois Rouge;2021;Air;Oxydes d'azote (NOx/NO2);388000;kg/an
0007201384;MARIE SURGELES;2021;Eau (direct);Demande chimique en oxygène (DCO);328000;kg/an
0007201406;HUTCHINSON SNC;2021;Air;Composés organiques volatils non méthaniques (COVNM);54000;kg/an
0007100121;ALBIOMA Bois Rouge;2021;Air;Protoxyde d'azote (N2O);20100;kg/an
0007201411;HEULIEZ BUS SA;2021;Air;Composés organiques volatils non méthaniques (COVNM);37800;kg/an
0007201450;PLACOPLATRE (PLACO SAINT-GOBAIN);2021;Air;Dioxyde de carbone (CO2) d'origine non biomasse;33600000;kg/an
0007100121;ALBIOMA Bois Rouge;2021;Air;Dioxyde de carbone (CO2) d'origine non biomasse;559000000;kg/an
0007201450;PLACOPLATRE (PLACO SAINT-GOBAIN);2021;Air;Dioxyde de carbone (CO2) total (d'origine biomasse et non biomasse);33600000;kg/an
0007100121;ALBIOMA Bois Rouge;2021;Air;Dioxyde de carbone (CO2) total (d'origine biomasse et non biomasse);787000000;kg/an
0007201479;RICHARD LALEU;2021;Air;Composés organiques volatils non méthaniques (COVNM);32900;kg/an
0007201482;SOVAL NORD (ex. Veolia);2021;Air;Méthane (CH4);204000;kg/an
0007100121;ALBIOMA Bois Rouge;2021;Eau (direct);Cadmium et composés (exprimés en tant que Cd);1.27;kg/an
0007201494;AIGLE  INTERNATIONAL;2021;Air;Composés organiques volatils non méthaniques (COVNM);47400;kg/an
0007100701;EDF-SEI;2021;Air;Dioxyde de carbone (CO2) d'origine non biomasse;19300000;kg/an
0007100701;EDF-SEI;2021;Air;Dioxyde de carbone (CO2) total (d'origine biomasse et non biomasse);19300000;kg/an
0007201508;MONIER;2021;Air;Dioxyde de carbone (CO2) d'origine non biomasse;19800000;kg/an
0007201508;MONIER;2021;Air;Dioxyde de carbone (CO2) total (d'origine biomasse et non biomasse);19800000;kg/an
0007101355;EDF-PEI SAS;2021;Air;Aldéhyde formique (formaldéhyde);1020;kg/an
0007201539;SOCIETE FROMAGERIES LESCURE;2021;Eau (direct);Demande biologique en oxygène (DBO5);58600;kg/an
0007201539;SOCIETE FROMAGERIES LESCURE;2021;Eau (direct);Demande chimique en oxygène (DCO);156000;kg/an
0007101355;EDF-PEI SAS;2021;Air;Ammoniac (NH3);19100;kg/an
0007201542;CIMENTS CALCIA sas;2021;Air;Ammoniac (NH3);24600;kg/an
0007201542;CIMENTS CALCIA sas;2021;Air;Benzène;15000;kg/an
0007101355;EDF-PEI SAS;2021;Air;Antimoine et composés (exprimés en tant que Sb);62.9;kg/an
0007201542;CIMENTS CALCIA sas;2021;Air;Dioxyde de carbone (CO2) d'origine biomasse;35900000;kg/an
0007201542;CIMENTS CALCIA sas;2021;Air;Manganèse et composés (exprimés en tant que Mn);251;kg/an
0007101355;EDF-PEI SAS;2021;Air;Arsenic et composés (exprimés en tant que As);21;kg/an
0007201542;CIMENTS CALCIA sas;2021;Air;Monoxyde de carbone (CO);1550000;kg/an
0007201542;CIMENTS CALCIA sas;2021;Air;Naphthalène;155;kg/an
0007101355;EDF-PEI SAS;2021;Air;Cadmium et composés (exprimés en tant que Cd);21;kg/an
0007201542;CIMENTS CALCIA sas;2021;Air;Oxydes de soufre (SOx/SO2);882000;kg/an
0007201542;CIMENTS CALCIA sas;2021;Air;Oxydes d'azote (NOx/NO2);894000;kg/an
0007101355;EDF-PEI SAS;2021;Air;Cobalt et composés (exprimés en tant que Co);311;kg/an
0007201542;CIMENTS CALCIA sas;2021;Air;Protoxyde d'azote (N2O);17100;kg/an
0007201542;CIMENTS CALCIA sas;2021;Air;Zinc et composés (exprimés en tant que Zn);205;kg/an
0007206396;SEDE ENVIRONNEMENT;2021;Air;Ammoniac (NH3);31400;kg/an
0007201542;CIMENTS CALCIA sas;2021;Air;Dioxyde de carbone (CO2) d'origine non biomasse;556000000;kg/an
0007201542;CIMENTS CALCIA sas;2021;Air;Dioxyde de carbone (CO2) total (d'origine biomasse et non biomasse);592000000;kg/an
0007201542;CIMENTS CALCIA sas;2021;Air;Sélénium;45.9;kg/an
0007206396;SEDE ENVIRONNEMENT;2021;Sol;Azote total;108000;kg/an
0007206396;SEDE ENVIRONNEMENT;2021;Sol;Cadmium et composés (exprimés en tant que Cd);6.15;kg/an
0007201557;Martell - Chanteloup;2021;Air;Composés organiques volatils non méthaniques (COVNM);339000;kg/an
0007206396;SEDE ENVIRONNEMENT;2021;Sol;Chrome et composés (exprimés en tant que Cr);217;kg/an
0007206396;SEDE ENVIRONNEMENT;2021;Sol;Cuivre et composés (exprimés en tant que Cu);1450;kg/an
0007201655;VERALLIA - SAINT GOBAIN EMBALLAGE;2021;Air;Oxydes de soufre (SOx/SO2);327000;kg/an
0007201655;VERALLIA - SAINT GOBAIN EMBALLAGE;2021;Air;Oxydes d'azote (NOx/NO2);311000;kg/an
0007206396;SEDE ENVIRONNEMENT;2021;Sol;Mercure et composés (exprimés en tant que Hg);2.57;kg/an
0007201655;VERALLIA - SAINT GOBAIN EMBALLAGE;2021;Air;Dioxyde de carbone (CO2) d'origine non biomasse;81600000;kg/an
0007201655;VERALLIA - SAINT GOBAIN EMBALLAGE;2021;Air;Dioxyde de carbone (CO2) total (d'origine biomasse et non biomasse);81600000;kg/an
0007206396;SEDE ENVIRONNEMENT;2021;Sol;Nickel et composés (exprimés en tant que Ni);134;kg/an
0007201656;PAPETERIE SAINT MICHEL - GROUPE THIOLLET;2021;Air;Dioxyde de carbone (CO2) d'origine non biomasse;21400000;kg/an
0007201656;PAPETERIE SAINT MICHEL - GROUPE THIOLLET;2021;Air;Dioxyde de carbone (CO2) total (d'origine biomasse et non biomasse);21400000;kg/an
0007206396;SEDE ENVIRONNEMENT;2021;Sol;Phosphore total;212000;kg/an
0007201656;PAPETERIE SAINT MICHEL - GROUPE THIOLLET;2021;Eau (direct);Demande biologique en oxygène (DBO5);93500;kg/an
0007201656;PAPETERIE SAINT MICHEL - GROUPE THIOLLET;2021;Eau (direct);Demande chimique en oxygène (DCO);544000;kg/an
0007206396;SEDE ENVIRONNEMENT;2021;Sol;Plomb et composés (exprimés en tant que Pb);314;kg/an
0007201656;PAPETERIE SAINT MICHEL - GROUPE THIOLLET;2021;Eau (direct);Zinc et composés (exprimés en tant que Zn);265;kg/an
0007206396;SEDE ENVIRONNEMENT;2021;Sol;Zinc et composés (exprimés en tant que Zn);3070;kg/an
0007206396;SEDE ENVIRONNEMENT;2021;Sol;PCBi : somme des 7 PCB indicateurs (PCB 28+PCB 52+PCB 101+PCB 118+PCB 138+PCB 153+PCB 180);0.42;kg/an
0007201774;THEBAULT SIB;2021;Air;Dioxyde de carbone (CO2) d'origine biomasse;11400000;kg/an
0007201774;THEBAULT SIB;2021;Air;Dioxyde de carbone (CO2) total (d'origine biomasse et non biomasse);11400000;kg/an
0007206418;IFF;2021;Air;Composés organiques volatils non méthaniques (COVNM);405000;kg/an
0007201807;HENNESSY Bagnolet;2021;Air;Composés organiques volatils non méthaniques (COVNM);1590000;kg/an
0007206418;IFF;2021;Eau (indirect);Azote total;129000;kg/an
0007201820;IMERYS REFRACTORY MINERALS CLERAC;2021;Air;Dioxyde de carbone (CO2) d'origine biomasse;25900000;kg/an
0007201820;IMERYS REFRACTORY MINERALS CLERAC;2021;Air;Fluor et composés inorganiques (en tant que HF);6130;kg/an
0007201820;IMERYS REFRACTORY MINERALS CLERAC;2021;Air;Oxydes de soufre (SOx/SO2);257000;kg/an
0007206418;IFF;2021;Eau (indirect);Demande biologique en oxygène (DBO5);953000;kg/an
0007201820;IMERYS REFRACTORY MINERALS CLERAC;2021;Air;Dioxyde de carbone (CO2) d'origine non biomasse;13800000;kg/an
0007201820;IMERYS REFRACTORY MINERALS CLERAC;2021;Air;Dioxyde de carbone (CO2) total (d'origine biomasse et non biomasse);39800000;kg/an
0007206418;IFF;2021;Eau (indirect);Demande chimique en oxygène (DCO);2910000;kg/an
0007206418;IFF;2021;Eau (indirect);Phosphore total;9010;kg/an
0007207394;SITA SUD OUEST;2021;Air;Méthane (CH4);262000;kg/an
0007201944;SAS AVENIR COMPLEXAGE SERVICE;2021;Air;Composés organiques volatils non méthaniques (COVNM);46700;kg/an
0007202099;REVICO;2021;Eau (direct);Cuivre et composés (exprimés en tant que Cu);91;kg/an
0007208217;EDF (OPTIMAL SOLUTIONS);2021;Air;Dioxyde de carbone (CO2) d'origine non biomasse;27800000;kg/an
0007202099;REVICO;2021;Eau (direct);Demande chimique en oxygène (DCO);186000;kg/an
0007202157;SUEZ RV SUD OUEST (ex SITA);2021;Air;Méthane (CH4);281000;kg/an
0007208217;EDF (OPTIMAL SOLUTIONS);2021;Air;Dioxyde de carbone (CO2) total (d'origine biomasse et non biomasse);27800000;kg/an
0007209984;SCA PLAINE DES BOUILLEES;2021;Air;Ammoniac (NH3);22900;kg/an
0007202185;SOYAUX PLASTIQUES COMPLEXAGE;2021;Air;Composés organiques volatils non méthaniques (COVNM);97000;kg/an
0007210828;SAS METH'INNOV;2021;Sol;Cuivre et composés (exprimés en tant que Cu);60.6;kg/an
0007202617;Séché Environnement;2021;Air;Dioxyde de carbone (CO2) d'origine biomasse;15200000;kg/an
0007202617;Séché Environnement;2021;Air;Méthane (CH4);454000;kg/an
0007202617;Séché Environnement;2021;Air;Dioxyde de carbone (CO2) total (d'origine biomasse et non biomasse);15200000;kg/an
0007210828;SAS METH'INNOV;2021;Sol;Zinc et composés (exprimés en tant que Zn);281;kg/an
0007202778;ROUSSELOT ANGOULEME SAS;2021;Air;Dioxyde de carbone (CO2) d'origine non biomasse;27600000;kg/an
0007202778;ROUSSELOT ANGOULEME SAS;2021;Air;Dioxyde de carbone (CO2) total (d'origine biomasse et non biomasse);27600000;kg/an
0007300024;EDF Corse;2021;Air;Antimoine et composés (exprimés en tant que Sb);20.1;kg/an
0007202778;ROUSSELOT ANGOULEME SAS;2021;Eau (direct);Zinc et composés (exprimés en tant que Zn);124;kg/an
0007202778;ROUSSELOT ANGOULEME SAS;2021;Sol;Aluminium et composés (exprimés en tant que Al);12000;kg/an
0007300024;EDF Corse;2021;Air;Benzène;1070;kg/an
0007202778;ROUSSELOT ANGOULEME SAS;2021;Sol;Azote total;71500;kg/an
0007202778;ROUSSELOT ANGOULEME SAS;2021;Sol;Chrome et composés (exprimés en tant que Cr);64;kg/an
0007202778;ROUSSELOT ANGOULEME SAS;2021;Sol;Fer et composés (exprimés en tant que Fe);48500;kg/an
0007202778;ROUSSELOT ANGOULEME SAS;2021;Sol;Nickel et composés (exprimés en tant que Ni);61;kg/an
0007202778;ROUSSELOT ANGOULEME SAS;2021;Sol;Phosphore total;62000;kg/an
0007202778;ROUSSELOT ANGOULEME SAS;2021;Sol;Zinc et composés (exprimés en tant que Zn);356;kg/an
0007202778;ROUSSELOT ANGOULEME SAS;2021;Sol;PCBi : somme des 7 PCB indicateurs (PCB 28+PCB 52+PCB 101+PCB 118+PCB 138+PCB 153+PCB 180);0.5;kg/an
0007300024;EDF Corse;2021;Air;Cobalt et composés (exprimés en tant que Co);98;kg/an
0007300024;EDF Corse;2021;Air;Nickel et composés (exprimés en tant que Ni);644;kg/an
0007203025;ADIAL;2021;Air;Zinc et composés (exprimés en tant que Zn);467;kg/an
0007300024;EDF Corse;2021;Air;Oxydes de soufre (SOx/SO2);575000;kg/an
0007300024;EDF Corse;2021;Air;Oxydes d'azote (NOx/NO2);1690000;kg/an
0007203654;UVE/UIOM CDA de La Rochelle (SETRADONYX);2021;Air;Dioxyde de carbone (CO2) total (d'origine biomasse et non biomasse);17000000;kg/an
0007300024;EDF Corse;2021;Air;Dioxyde de carbone (CO2) d'origine non biomasse;257000000;kg/an
0007203926;CALCIA Ciments Usine;2021;Air;Composés organiques volatils non méthaniques (COVNM);32900;kg/an
0007203926;CALCIA Ciments Usine;2021;Air;Dioxyde de carbone (CO2) d'origine biomasse;36900000;kg/an
0007300024;EDF Corse;2021;Air;Dioxyde de carbone (CO2) total (d'origine biomasse et non biomasse);257000000;kg/an
0007203926;CALCIA Ciments Usine;2021;Air;Monoxyde de carbone (CO);1510000;kg/an
0007203926;CALCIA Ciments Usine;2021;Air;Oxydes d'azote (NOx/NO2);640000;kg/an
0007203926;CALCIA Ciments Usine;2021;Air;Dioxyde de carbone (CO2) d'origine non biomasse;358000000;kg/an
0007300024;EDF Corse;2021;Air;Vanadium et ses composés;317;kg/an
0007203926;CALCIA Ciments Usine;2021;Air;Dioxyde de carbone (CO2) total (d'origine biomasse et non biomasse);395000000;kg/an
0007300025;EDF Corse;2021;Air;Dioxyde de carbone (CO2) d'origine non biomasse;27500000;kg/an
0007204113;AMEL CHANTIERS;2021;Air;Composés organiques volatils non méthaniques (COVNM);48700;kg/an
0007300025;EDF Corse;2021;Air;Dioxyde de carbone (CO2) total (d'origine biomasse et non biomasse);27500000;kg/an
0007300161;SYVADEC;2021;Air;Dioxyde de carbone (CO2) d'origine biomasse;10900000;kg/an
0007300161;SYVADEC;2021;Air;Méthane (CH4);2440000;kg/an
0007300161;SYVADEC;2021;Air;Dioxyde de carbone (CO2) total (d'origine biomasse et non biomasse);10900000;kg/an
0007300220;SYVADEC;2021;Air;Méthane (CH4);327000;kg/an
0007204239;VAL D'AUNIS COMPOST;2021;Air;Ammoniac (NH3);10100;kg/an
0007300368;EDF Production Electrique Insulaire SAS;2021;Air;Ammoniac (NH3);47200;kg/an
0007204397;KNAUF INDUSTRIES OUEST;2021;Air;Composés organiques volatils non méthaniques (COVNM);40600;kg/an
0007204429;Martell Gatebourse- Vigerie;2021;Air;Composés organiques volatils non méthaniques (COVNM);44800;kg/an
0007300368;EDF Production Electrique Insulaire SAS;2021;Air;Manganèse et composés (exprimés en tant que Mn);205;kg/an
0007204566;SAS MAISON BOINAUD;2021;Air;Composés organiques volatils non méthaniques (COVNM);157000;kg/an
0007300368;EDF Production Electrique Insulaire SAS;2021;Air;Oxydes de soufre (SOx/SO2);157000;kg/an
0007204930;DALKIA (RCU COURONNERIES);2021;Air;Dioxyde de carbone (CO2) d'origine non biomasse;12700000;kg/an
0007204930;DALKIA (RCU COURONNERIES);2021;Air;Dioxyde de carbone (CO2) total (d'origine biomasse et non biomasse);17000000;kg/an
0007300368;EDF Production Electrique Insulaire SAS;2021;Air;Oxydes d'azote (NOx/NO2);929000;kg/an
0007300368;EDF Production Electrique Insulaire SAS;2021;Air;Zinc et composés (exprimés en tant que Zn);266;kg/an
0007205082;LYSIPACK;2021;Air;Composés organiques volatils non méthaniques (COVNM);224000;kg/an
0007300368;EDF Production Electrique Insulaire SAS;2021;Air;Dioxyde de carbone (CO2) d'origine non biomasse;362000000;kg/an
0007300368;EDF Production Electrique Insulaire SAS;2021;Air;Dioxyde de carbone (CO2) total (d'origine biomasse et non biomasse);362000000;kg/an
0007205126;CAMUS;2021;Air;Composés organiques volatils non méthaniques (COVNM);41300;kg/an
0007402241;UNITE PLACOPLATRE;2021;Air;Dioxyde de carbone (CO2) d'origine non biomasse;86900000;kg/an
0007205679;LOUIS ROYER  SAS;2021;Air;Composés organiques volatils non méthaniques (COVNM);49100;kg/an
0007402241;UNITE PLACOPLATRE;2021;Air;Dioxyde de carbone (CO2) total (d'origine biomasse et non biomasse);86900000;kg/an
0007205805;UIOM CYCLERGIE;2021;Air;Dioxyde de carbone (CO2) d'origine biomasse;12700000;kg/an
0007402253;SGD SA;2021;Air;Oxydes d'azote (NOx/NO2);173000;kg/an
0007205805;UIOM CYCLERGIE;2021;Air;Dioxyde de carbone (CO2) total (d'origine biomasse et non biomasse);22400000;kg/an
0007402253;SGD SA;2021;Air;Dioxyde de carbone (CO2) d'origine non biomasse;44900000;kg/an
0007205819;MARTELL & CO;2021;Air;Composés organiques volatils non méthaniques (COVNM);463000;kg/an
0007402253;SGD SA;2021;Air;Dioxyde de carbone (CO2) total (d'origine biomasse et non biomasse);44900000;kg/an
0007402253;SGD SA;2021;Air;Sélénium;41.5;kg/an
0007402253;SGD SA;2021;Eau (indirect);Arsenic et composés (exprimés en tant que As);87.3;kg/an
0007402258;SIAAP;2021;Air;Dioxyde de carbone (CO2) d'origine biomasse;63300000;kg/an
0009069912;EDF - CNPE de Gravelines;2021;Air;Hexafluorure de soufre (SF6);137;kg/an
0007402258;SIAAP;2021;Air;Dioxyde de carbone (CO2) total (d'origine biomasse et non biomasse);68600000;kg/an
0009069912;EDF - CNPE de Gravelines;2021;Eau (direct);Composés organohalogénés (exprimés en tant que AOX);17900;kg/an
0007402258;SIAAP;2021;Eau (indirect);Arsenic et composés (exprimés en tant que As);21.8;kg/an
0009069913;EDF - CNPE du Bugey;2021;Air;Hydroflurocarbures (HFC);112;kg/an
0009069913;EDF - CNPE du Bugey;2021;Eau (direct);Carbone organique total (en tant que C total ou DCO/3);106000;kg/an
0007402258;SIAAP;2021;Eau (indirect);Cadmium et composés (exprimés en tant que Cd);2.11;kg/an
0009069913;EDF - CNPE du Bugey;2021;Eau (direct);Demande chimique en oxygène (DCO);317000;kg/an
0007402258;SIAAP;2021;Eau (indirect);Chrome et composés (exprimés en tant que Cr);89.9;kg/an
0007402258;SIAAP;2021;Eau (indirect);Cuivre et composés (exprimés en tant que Cu);1530;kg/an
0009069914;EDF - CNPE de Cruas;2021;Air;Hydroflurocarbures (HFC);105;kg/an
0009069914;EDF - CNPE de Cruas;2021;Eau (direct);Cuivre et composés (exprimés en tant que Cu);289;kg/an
0007402258;SIAAP;2021;Eau (indirect);Di(2-éthylhexyle)phtalate (DEHP);17.2;kg/an
0009069914;EDF - CNPE de Cruas;2021;Eau (direct);Sulfates;11500000;kg/an
0009069914;EDF - CNPE de Cruas;2021;Eau (direct);Zinc et composés (exprimés en tant que Zn);310;kg/an
0009069915;EDF - CNPE de Saint-Alban;2021;Air;Hydrochlorofluorocarbures (HCFC);2.3;kg/an
0007402258;SIAAP;2021;Eau (indirect);Nickel et composés (exprimés en tant que Ni);72;kg/an
0009069915;EDF - CNPE de Saint-Alban;2021;Air;Hydroflurocarbures (HFC);103;kg/an
0007402258;SIAAP;2021;Eau (indirect);Nonylphénols et éthoxylates de nonylphénol (NP/NPE);6.61;kg/an
0007402258;SIAAP;2021;Eau (indirect);Plomb et composés (exprimés en tant que Pb);309;kg/an
0007402258;SIAAP;2021;Eau (indirect);Zinc et composés (exprimés en tant que Zn);3020;kg/an
0009069918;Framatome Romans;2021;Air;Hydroflurocarbures (HFC);237;kg/an
0007402278;EDF  CETAC;2021;Air;Oxydes d'azote (NOx/NO2);106000;kg/an
0007402278;EDF  CETAC;2021;Air;Dioxyde de carbone (CO2) d'origine non biomasse;62700000;kg/an
0009069922;Orano Cycle Tricastin;2021;Air;Hydroflurocarbures (HFC);1430;kg/an
0007402278;EDF  CETAC;2021;Air;Dioxyde de carbone (CO2) total (d'origine biomasse et non biomasse);62700000;kg/an
0009069924;Orano Recyclage Etablissement MELOX;2021;Air;Hydroflurocarbures (HFC);115;kg/an
0009069927;Etablissement de LA HAGUE;2021;Air;Composés organiques volatils non méthaniques (COVNM);30500;kg/an
0007402281;SNC COGE VITRY;2021;Air;Oxydes d'azote (NOx/NO2);148000;kg/an
0009069927;Etablissement de LA HAGUE;2021;Air;Hydrochlorofluorocarbures (HCFC);53.3;kg/an
0009069927;Etablissement de LA HAGUE;2021;Air;Hydroflurocarbures (HFC);1640;kg/an
0007402281;SNC COGE VITRY;2021;Air;Protoxyde d'azote (N2O);13500;kg/an
0009069927;Etablissement de LA HAGUE;2021;Air;Oxydes d'azote (NOx/NO2);149000;kg/an
0009069927;Etablissement de LA HAGUE;2021;Air;Protoxyde d'azote (N2O);53000;kg/an
0007402281;SNC COGE VITRY;2021;Air;Dioxyde de carbone (CO2) d'origine non biomasse;302000000;kg/an
0009069927;Etablissement de LA HAGUE;2021;Air;Dioxyde de carbone (CO2) d'origine non biomasse;21700000;kg/an
0009069927;Etablissement de LA HAGUE;2021;Air;Dioxyde de carbone (CO2) total (d'origine biomasse et non biomasse);21700000;kg/an
0007402281;SNC COGE VITRY;2021;Air;Dioxyde de carbone (CO2) total (d'origine biomasse et non biomasse);302000000;kg/an
0009069927;Etablissement de LA HAGUE;2021;Eau (direct);Azote total;459000;kg/an
0009069929;CEA Marcoule;2021;Air;Hydroflurocarbures (HFC);149;kg/an
0007402282;SAFRAN TRANSMISSION SYSTEMS;2021;Air;Tétrachloroéthylène (PER, tétrachloroéthylène);6070;kg/an
0009069931;EDF - CNPE de Belleville-sur-Loire;2021;Air;Hydroflurocarbures (HFC);154;kg/an
0007402283;SIAAP;2021;Air;Protoxyde d'azote (N2O);39800;kg/an
0009069931;EDF - CNPE de Belleville-sur-Loire;2021;Eau (direct);Cuivre et composés (exprimés en tant que Cu);17800;kg/an
0009069931;EDF - CNPE de Belleville-sur-Loire;2021;Eau (direct);Zinc et composés (exprimés en tant que Zn);6840;kg/an
0007402350;CPCU;2021;Air;Oxydes d'azote (NOx/NO2);138000;kg/an
0007402350;CPCU;2021;Air;Protoxyde d'azote (N2O);11200;kg/an
0009069932;EDF - CNPE de Chinon (Chinon A, Chinon B, LIDEC);2021;Air;Hydroflurocarbures (HFC);109;kg/an
0009069932;EDF - CNPE de Chinon (Chinon A, Chinon B, LIDEC);2021;Eau (direct);Composés organohalogénés (exprimés en tant que AOX);1220;kg/an
0007402350;CPCU;2021;Air;Dioxyde de carbone (CO2) d'origine non biomasse;249000000;kg/an
0009069932;EDF - CNPE de Chinon (Chinon A, Chinon B, LIDEC);2021;Eau (direct);Sulfates;3080000;kg/an
0009069933;EDF - CNPE de Dampierre-en-Burly;2021;Air;Hydroflurocarbures (HFC);124;kg/an
0009069933;EDF - CNPE de Dampierre-en-Burly;2021;Eau (direct);Cuivre et composés (exprimés en tant que Cu);11600;kg/an
0007402350;CPCU;2021;Air;Dioxyde de carbone (CO2) total (d'origine biomasse et non biomasse);249000000;kg/an
0009069933;EDF - CNPE de Dampierre-en-Burly;2021;Eau (direct);Zinc et composés (exprimés en tant que Zn);4200;kg/an
0007402355;SIAAP Sam (Seine amont);2021;Air;Dioxyde de carbone (CO2) d'origine biomasse;14300000;kg/an
0009069938;ITER Organization;2021;Air;Hydroflurocarbures (HFC);671;kg/an
0009069939;EDF - CNPE de Cattenom;2021;Air;Hexafluorure de soufre (SF6);63.9;kg/an
0007402355;SIAAP Sam (Seine amont);2021;Air;Dioxyde de carbone (CO2) total (d'origine biomasse et non biomasse);15100000;kg/an
0009069939;EDF - CNPE de Cattenom;2021;Air;Hydroflurocarbures (HFC);494;kg/an
0009069939;EDF - CNPE de Cattenom;2021;Eau (direct);Azote total;78100;kg/an
0009069939;EDF - CNPE de Cattenom;2021;Eau (direct);Cuivre et composés (exprimés en tant que Cu);1150;kg/an
0007403734;IDEX LA DEFENSE;2021;Air;Dioxyde de carbone (CO2) d'origine biomasse;38800000;kg/an
0009069939;EDF - CNPE de Cattenom;2021;Eau (direct);Sulfates;12200000;kg/an
0009069939;EDF - CNPE de Cattenom;2021;Eau (direct);Zinc et composés (exprimés en tant que Zn);822;kg/an
0007403734;IDEX LA DEFENSE;2021;Air;Dioxyde de carbone (CO2) d'origine non biomasse;18500000;kg/an
0007403734;IDEX LA DEFENSE;2021;Air;Dioxyde de carbone (CO2) total (d'origine biomasse et non biomasse);57300000;kg/an
0007403769;SEMMARIS;2021;Eau (indirect);Cadmium et composés (exprimés en tant que Cd);1;kg/an
0009069941;EDF - CNPE de GOLFECH;2021;Air;Hexafluorure de soufre (SF6);31.2;kg/an
0009069941;EDF - CNPE de GOLFECH;2021;Air;Hydroflurocarbures (HFC);144;kg/an
0007403769;SEMMARIS;2021;Eau (indirect);Demande biologique en oxygène (DBO5);148000;kg/an
0007403769;SEMMARIS;2021;Eau (indirect);Demande chimique en oxygène (DCO);398000;kg/an
0009070101;STEP - BOURG EN BRESSE;2021;Eau (direct);Demande biologique en oxygène (DBO5);69600;kg/an
0009070101;STEP - BOURG EN BRESSE;2021;Eau (direct);Demande chimique en oxygène (DCO);337000;kg/an
0007403769;SEMMARIS;2021;Eau (indirect);Zinc et composés (exprimés en tant que Zn);450;kg/an
0009070101;STEP - BOURG EN BRESSE;2021;Eau (direct);Hydroxyde d'ammonium (NH4+);28500;kg/an
0009070101;STEP - BOURG EN BRESSE;2021;Sol;Azote total;62400;kg/an
0007403939;ORANGE;2021;Air;Hydroflurocarbures (HFC);145;kg/an
0009070101;STEP - BOURG EN BRESSE;2021;Sol;Chrome et composés (exprimés en tant que Cr);54;kg/an
0009070101;STEP - BOURG EN BRESSE;2021;Sol;Cuivre et composés (exprimés en tant que Cu);529;kg/an
0009070101;STEP - BOURG EN BRESSE;2021;Sol;Mercure et composés (exprimés en tant que Hg);1.4;kg/an
0007404300;SYCTOM;2021;Air;Chlore et composés inorganiques (en tant que HCl);15900;kg/an
0009070101;STEP - BOURG EN BRESSE;2021;Sol;Nickel et composés (exprimés en tant que Ni);25.2;kg/an
0009070101;STEP - BOURG EN BRESSE;2021;Sol;Phosphore total;89500;kg/an
0009070101;STEP - BOURG EN BRESSE;2021;Sol;Plomb et composés (exprimés en tant que Pb);71.6;kg/an
0007404300;SYCTOM;2021;Air;Dioxyde de carbone (CO2) d'origine biomasse;275000000;kg/an
0009070101;STEP - BOURG EN BRESSE;2021;Sol;Zinc et composés (exprimés en tant que Zn);892;kg/an
0009070101;STEP - BOURG EN BRESSE;2021;Sol;PCBi : somme des 7 PCB indicateurs (PCB 28+PCB 52+PCB 101+PCB 118+PCB 138+PCB 153+PCB 180);0.2;kg/an
0007404300;SYCTOM;2021;Air;Oxydes d'azote (NOx/NO2);109000;kg/an
0007404300;SYCTOM;2021;Air;Dioxyde de carbone (CO2) d'origine non biomasse;210000000;kg/an
0007404300;SYCTOM;2021;Air;Dioxyde de carbone (CO2) total (d'origine biomasse et non biomasse);486000000;kg/an
0009070301;Station de traitement des eaux usées de Montluçon Communauté;2021;Eau (indirect);Demande chimique en oxygène (DCO);172000;kg/an
0009070301;Station de traitement des eaux usées de Montluçon Communauté;2021;Sol;Cuivre et composés (exprimés en tant que Cu);243;kg/an
0007404581;HOWMET SAS;2021;Air;Cobalt et composés (exprimés en tant que Co);6.2;kg/an
0009070301;Station de traitement des eaux usées de Montluçon Communauté;2021;Sol;Mercure et composés (exprimés en tant que Hg);1.06;kg/an
0009070301;Station de traitement des eaux usées de Montluçon Communauté;2021;Sol;Nickel et composés (exprimés en tant que Ni);29.8;kg/an
0009070301;Station de traitement des eaux usées de Montluçon Communauté;2021;Sol;Plomb et composés (exprimés en tant que Pb);74.7;kg/an
0009070301;Station de traitement des eaux usées de Montluçon Communauté;2021;Sol;Zinc et composés (exprimés en tant que Zn);868;kg/an
0007405178;FRANCE TELECOM;2021;Air;Hydroflurocarbures (HFC);285;kg/an
0007405927;INSTITUT FRANCAIS DU PETROLE (IFP);2021;Air;Hydroflurocarbures (HFC);216;kg/an
0009070601;STEP - ANTIBES;2021;Eau (direct);Azote total;364000;kg/an
0009070601;STEP - ANTIBES;2021;Eau (direct);Cuivre et composés (exprimés en tant que Cu);381;kg/an
0009070601;STEP - ANTIBES;2021;Eau (direct);Demande biologique en oxygène (DBO5);137000;kg/an
0009070601;STEP - ANTIBES;2021;Eau (direct);Demande chimique en oxygène (DCO);698000;kg/an
0009070601;STEP - ANTIBES;2021;Eau (direct);Nickel et composés (exprimés en tant que Ni);28.1;kg/an
0009070601;STEP - ANTIBES;2021;Eau (direct);Phosphore total;10400;kg/an
0009070601;STEP - ANTIBES;2021;Eau (direct);Zinc et composés (exprimés en tant que Zn);183;kg/an
0007406008;SNCF Technicentre Atlantique;2021;Eau (indirect);Cuivre et composés (exprimés en tant que Cu);53.3;kg/an
0007406008;SNCF Technicentre Atlantique;2021;Eau (indirect);Demande biologique en oxygène (DBO5);51200;kg/an
0007406008;SNCF Technicentre Atlantique;2021;Eau (indirect);Demande chimique en oxygène (DCO);172000;kg/an
0009070602;STEP - CAGNES-SUR-MER AERIS;2021;Eau (direct);Azote total;221000;kg/an
0009070602;STEP - CAGNES-SUR-MER AERIS;2021;Eau (direct);Demande biologique en oxygène (DBO5);90100;kg/an
0007406008;SNCF Technicentre Atlantique;2021;Eau (indirect);Phénols (en tant que C total);83.6;kg/an
0009070602;STEP - CAGNES-SUR-MER AERIS;2021;Eau (direct);Demande chimique en oxygène (DCO);444000;kg/an
0009070602;STEP - CAGNES-SUR-MER AERIS;2021;Eau (direct);Phosphore total;17500;kg/an
0007406188;SNCF MOBILITE -TECHNICENTRE EST EUROPEEN;2021;Eau (indirect);Phénols (en tant que C total);34;kg/an
0009070602;STEP - CAGNES-SUR-MER AERIS;2021;Eau (direct);Zinc et composés (exprimés en tant que Zn);185;kg/an
0009070602;STEP - CAGNES-SUR-MER AERIS;2021;Eau (direct);Sulfonate de perfluorooctane (SPFO);0;kg/an
0007408607;ELIS PANTIN;2021;Eau (indirect);Demande biologique en oxygène (DBO5);56100;kg/an
0009070603;STEU - CANNES 'AQUAVIVA';2021;Eau (direct);Azote total;560000;kg/an
0007408854;L'HOTELLIER;2021;Air;Hydroflurocarbures (HFC);133;kg/an
0009070603;STEU - CANNES 'AQUAVIVA';2021;Eau (direct);Carbone organique total (en tant que C total ou DCO/3);99100;kg/an
0009070603;STEU - CANNES 'AQUAVIVA';2021;Eau (direct);Composés organohalogénés (exprimés en tant que AOX);1570;kg/an
0009070603;STEU - CANNES 'AQUAVIVA';2021;Eau (direct);Fluorures (en tant que F total);2410;kg/an
0007408854;L'HOTELLIER;2021;Air;Halons;95.1;kg/an
0009070603;STEU - CANNES 'AQUAVIVA';2021;Eau (direct);Phosphore total;57300;kg/an
0009070603;STEU - CANNES 'AQUAVIVA';2021;Eau (direct);Plomb et composés (exprimés en tant que Pb);28;kg/an
0009070603;STEU - CANNES 'AQUAVIVA';2021;Eau (direct);Zinc et composés (exprimés en tant que Zn);1080;kg/an
0009000289;Base navale de Brest;2021;Air;Oxydes d'azote (NOx/NO2);1310000;kg/an
0009070604;STEP - NICE HALIOTIS;2021;Eau (direct);Azote total;1140000;kg/an
0009070604;STEP - NICE HALIOTIS;2021;Eau (direct);Cadmium et composés (exprimés en tant que Cd);35.2;kg/an
0009070604;STEP - NICE HALIOTIS;2021;Eau (direct);Cuivre et composés (exprimés en tant que Cu);308;kg/an
0009000289;Base navale de Brest;2021;Air;Dioxyde de carbone (CO2) d'origine non biomasse;62100000;kg/an
0009070604;STEP - NICE HALIOTIS;2021;Eau (direct);Demande biologique en oxygène (DBO5);563000;kg/an
0009070604;STEP - NICE HALIOTIS;2021;Eau (direct);Demande chimique en oxygène (DCO);2190000;kg/an
0009000289;Base navale de Brest;2021;Air;Dioxyde de carbone (CO2) total (d'origine biomasse et non biomasse);62100000;kg/an
0009070604;STEP - NICE HALIOTIS;2021;Eau (direct);Matières en suspension (MES);702000;kg/an
0009070604;STEP - NICE HALIOTIS;2021;Eau (direct);Mercure et composés (exprimés en tant que Hg);15.3;kg/an
0009000364;Atelier industriel de l'aéronautique de Clermont-ferrand;2021;Air;Dioxyde de carbone (CO2) d'origine non biomasse;11500000;kg/an
0009070604;STEP - NICE HALIOTIS;2021;Eau (direct);Phosphore total;76600;kg/an
0009070604;STEP - NICE HALIOTIS;2021;Eau (direct);Plomb et composés (exprimés en tant que Pb);255;kg/an
0009070604;STEP - NICE HALIOTIS;2021;Eau (direct);Zinc et composés (exprimés en tant que Zn);1100;kg/an
0009000364;Atelier industriel de l'aéronautique de Clermont-ferrand;2021;Air;Dioxyde de carbone (CO2) total (d'origine biomasse et non biomasse);11500000;kg/an
0009071001;STEP - TROYES;2021;Eau (direct);Azote total;77100;kg/an
0009069901;EDF - CNPE du Blayais;2021;Air;Hexafluorure de soufre (SF6);32.2;kg/an
0009071001;STEP - TROYES;2021;Eau (direct);Carbone organique total (en tant que C total ou DCO/3);204000;kg/an
0009071001;STEP - TROYES;2021;Eau (direct);Demande biologique en oxygène (DBO5);76200;kg/an
0009071001;STEP - TROYES;2021;Eau (direct);Demande chimique en oxygène (DCO);612000;kg/an
0009069901;EDF - CNPE du Blayais;2021;Air;Hydroflurocarbures (HFC);465;kg/an
0009071001;STEP - TROYES;2021;Eau (direct);Matières en suspension (MES);418000;kg/an
0009071001;STEP - TROYES;2021;Eau (direct);Phosphore total;16400;kg/an
0009069902;EDF - CNPE de Civaux;2021;Air;Hydrochlorofluorocarbures (HCFC);1.3;kg/an
0009071101;STEP - CARCASSONNE nouvelle;2021;Eau (direct);Cuivre et composés (exprimés en tant que Cu);271;kg/an
0009071101;STEP - CARCASSONNE nouvelle;2021;Eau (direct);Demande chimique en oxygène (DCO);249000;kg/an
0009069902;EDF - CNPE de Civaux;2021;Air;Hydroflurocarbures (HFC);228;kg/an
0009071101;STEP - CARCASSONNE nouvelle;2021;Eau (direct);Di(2-éthylhexyle)phtalate (DEHP);88.6;kg/an
0009071101;STEP - CARCASSONNE nouvelle;2021;Eau (direct);Dichlorométhane (DCM, chlorure de méthylène);172;kg/an
0009069903;EDF - CNPE de Flamanville;2021;Air;Hexafluorure de soufre (SF6);129;kg/an
0009071101;STEP - CARCASSONNE nouvelle;2021;Eau (direct);Mercure et composés (exprimés en tant que Hg);1.4;kg/an
0009071101;STEP - CARCASSONNE nouvelle;2021;Eau (direct);Nickel et composés (exprimés en tant que Ni);48;kg/an
0009071101;STEP - CARCASSONNE nouvelle;2021;Eau (direct);Plomb et composés (exprimés en tant que Pb);52;kg/an
0009069903;EDF - CNPE de Flamanville;2021;Air;Hydroflurocarbures (HFC);708;kg/an
0009071101;STEP - CARCASSONNE nouvelle;2021;Eau (direct);Titane et composés (exprimés en tant que Ti);576;kg/an
0009071101;STEP - CARCASSONNE nouvelle;2021;Eau (direct);Zinc et composés (exprimés en tant que Zn);861;kg/an
0009069903;EDF - CNPE de Flamanville;2021;Eau (direct);Composés organohalogénés (exprimés en tant que AOX);5900;kg/an
0009071102;STATION DE TRAITEMENT DES EAUX USEES - NARBONNE VILLE;2021;Eau (indirect);Arsenic et composés (exprimés en tant que As);12.7;kg/an
0009069903;EDF - CNPE de Flamanville;2021;Eau (direct);Fer et composés (exprimés en tant que Fe);21400;kg/an
0009071102;STATION DE TRAITEMENT DES EAUX USEES - NARBONNE VILLE;2021;Eau (indirect);Zinc et composés (exprimés en tant que Zn);145;kg/an
0009071201;STEP - BENECHOU;2021;Sol;Azote total;108000;kg/an
0009069904;EDF - CNPE de Paluel;2021;Air;Hexafluorure de soufre (SF6);292;kg/an
0009071201;STEP - BENECHOU;2021;Sol;Chrome et composés (exprimés en tant que Cr);118;kg/an
0009071201;STEP - BENECHOU;2021;Sol;Cuivre et composés (exprimés en tant que Cu);231;kg/an
0009069904;EDF - CNPE de Paluel;2021;Air;Hydroflurocarbures (HFC);305;kg/an
0009071201;STEP - BENECHOU;2021;Sol;Nickel et composés (exprimés en tant que Ni);64.7;kg/an
0009071201;STEP - BENECHOU;2021;Sol;Phosphore total;116000;kg/an
0009071201;STEP - BENECHOU;2021;Sol;Plomb et composés (exprimés en tant que Pb);60.4;kg/an
0009071201;STEP - BENECHOU;2021;Sol;Zinc et composés (exprimés en tant que Zn);814;kg/an
0009069904;EDF - CNPE de Paluel;2021;Eau (direct);Composés organohalogénés (exprimés en tant que AOX);5270;kg/an
0009069905;EDF - CNPE de Penly;2021;Air;Hexafluorure de soufre (SF6);445;kg/an
0009071301;Station d'Epuration : AIX EN PROVENCE LA PIOLINE;2021;Eau (direct);Demande chimique en oxygène (DCO);182000;kg/an
0009069905;EDF - CNPE de Penly;2021;Air;Hydroflurocarbures (HFC);149;kg/an
0009071301;Station d'Epuration : AIX EN PROVENCE LA PIOLINE;2021;Eau (direct);Zinc et composés (exprimés en tant que Zn);237;kg/an
0009069909;EDF - CNPE de Chooz;2021;Eau (direct);Sulfates;5990000;kg/an
0009069910;EDF - CNPE de Nogent-sur-Seine;2021;Air;Hydrochlorofluorocarbures (HCFC);2.93;kg/an
0009071302;STEP - Marseille;2021;Eau (direct);Azote total;2340000;kg/an
0009069910;EDF - CNPE de Nogent-sur-Seine;2021;Air;Hydroflurocarbures (HFC);159;kg/an
0009071302;STEP - Marseille;2021;Eau (direct);Chlorures (en tant que Cl total);44400000;kg/an
0009071302;STEP - Marseille;2021;Eau (direct);Chrome et composés (exprimés en tant que Cr);216;kg/an
0009069910;EDF - CNPE de Nogent-sur-Seine;2021;Eau (direct);Sulfates;11900000;kg/an
0009073304;STEP - Louis Fargue (Bordeaux);2021;Eau (direct);Phosphore total;95300;kg/an
0009071302;STEP - Marseille;2021;Eau (direct);Composés organohalogénés (exprimés en tant que AOX);13600;kg/an
0009073305;STEP de la TESTE DE BUCH;2021;Eau (direct);Aluminium et composés (exprimés en tant que Al);5460;kg/an
0009071302;STEP - Marseille;2021;Eau (direct);Cuivre et composés (exprimés en tant que Cu);716;kg/an
0009071302;STEP - Marseille;2021;Eau (direct);Demande biologique en oxygène (DBO5);1420000;kg/an
0009073305;STEP de la TESTE DE BUCH;2021;Eau (direct);Azote total;339000;kg/an
0009071302;STEP - Marseille;2021;Eau (direct);Demande chimique en oxygène (DCO);6340000;kg/an
0009071302;STEP - Marseille;2021;Eau (direct);Di(2-éthylhexyle)phtalate (DEHP);123;kg/an
0009073305;STEP de la TESTE DE BUCH;2021;Eau (direct);Carbone organique total (en tant que C total ou DCO/3);135000;kg/an
0009071302;STEP - Marseille;2021;Eau (direct);Diuron;5.1;kg/an
0009071302;STEP - Marseille;2021;Eau (direct);Fer et composés (exprimés en tant que Fe);41200;kg/an
0009071302;STEP - Marseille;2021;Eau (direct);Matières en suspension (MES);1820000;kg/an
0009073305;STEP de la TESTE DE BUCH;2021;Eau (direct);Composés organohalogénés (exprimés en tant que AOX);1110;kg/an
0009071302;STEP - Marseille;2021;Eau (direct);Nonylphénols et éthoxylates de nonylphénol (NP/NPE);17.7;kg/an
0009071302;STEP - Marseille;2021;Eau (direct);Phosphore total;257000;kg/an
0009071302;STEP - Marseille;2021;Eau (direct);Zinc et composés (exprimés en tant que Zn);1960;kg/an
0009073305;STEP de la TESTE DE BUCH;2021;Eau (direct);Cuivre et composés (exprimés en tant que Cu);252;kg/an
0009073305;STEP de la TESTE DE BUCH;2021;Eau (direct);Demande biologique en oxygène (DBO5);92700;kg/an
0009073305;STEP de la TESTE DE BUCH;2021;Eau (direct);Demande chimique en oxygène (DCO);406000;kg/an
0009073305;STEP de la TESTE DE BUCH;2021;Eau (direct);Zinc et composés (exprimés en tant que Zn);109;kg/an
0009071303;SAUR;2021;Eau (indirect);Azote total;244000;kg/an
0009073305;STEP de la TESTE DE BUCH;2021;Eau (direct);Sulfonate de perfluorooctane (SPFO);0;kg/an
0009071303;SAUR;2021;Eau (indirect);Demande biologique en oxygène (DBO5);907000;kg/an
0009071303;SAUR;2021;Eau (indirect);Demande chimique en oxygène (DCO);2270000;kg/an
0009073401;STEP - AGDE;2021;Eau (indirect);Azote total;52600;kg/an
0009071303;SAUR;2021;Eau (indirect);Matières en suspension (MES);1180000;kg/an
0009071303;SAUR;2021;Eau (indirect);Phosphore total;27300;kg/an
0009073401;STEP - AGDE;2021;Eau (indirect);Zinc et composés (exprimés en tant que Zn);181;kg/an
0009071401;STEP - CAEN;2021;Eau (direct);Azote total;85000;kg/an
0009071401;STEP - CAEN;2021;Eau (direct);Cadmium et composés (exprimés en tant que Cd);14.4;kg/an
0009073402;STEP - BEZIERS;2021;Eau (direct);Arsenic et composés (exprimés en tant que As);20.5;kg/an
0009071401;STEP - CAEN;2021;Eau (direct);Cuivre et composés (exprimés en tant que Cu);57.6;kg/an
0009071401;STEP - CAEN;2021;Eau (direct);Demande biologique en oxygène (DBO5);52600;kg/an
0009073402;STEP - BEZIERS;2021;Eau (direct);Zinc et composés (exprimés en tant que Zn);239;kg/an
0009071401;STEP - CAEN;2021;Eau (direct);Demande chimique en oxygène (DCO);436000;kg/an
0009071401;STEP - CAEN;2021;Eau (direct);Fer et composés (exprimés en tant que Fe);3250;kg/an
0009073403;STEP - MAERA;2021;Eau (direct);Arsenic et composés (exprimés en tant que As);124;kg/an
0009071401;STEP - CAEN;2021;Eau (direct);Nickel et composés (exprimés en tant que Ni);59.3;kg/an
0009071401;STEP - CAEN;2021;Eau (direct);Zinc et composés (exprimés en tant que Zn);551;kg/an
0009071401;STEP - CAEN;2021;Sol;Azote total;333000;kg/an
0009073403;STEP - MAERA;2021;Eau (direct);Azote total;1470000;kg/an
0009071401;STEP - CAEN;2021;Sol;Chrome et composés (exprimés en tant que Cr);114;kg/an
0009071401;STEP - CAEN;2021;Sol;Cuivre et composés (exprimés en tant que Cu);1220;kg/an
0009073403;STEP - MAERA;2021;Eau (direct);Cadmium et composés (exprimés en tant que Cd);30.9;kg/an
0009071401;STEP - CAEN;2021;Sol;Manganèse et composés (exprimés en tant que Mn);706;kg/an
0009071401;STEP - CAEN;2021;Sol;Mercure et composés (exprimés en tant que Hg);2.84;kg/an
0009073403;STEP - MAERA;2021;Eau (direct);Chrome et composés (exprimés en tant que Cr);154;kg/an
0009071401;STEP - CAEN;2021;Sol;Nickel et composés (exprimés en tant que Ni);121;kg/an
0009071401;STEP - CAEN;2021;Sol;Phosphore total;300000;kg/an
0009073403;STEP - MAERA;2021;Eau (direct);Cuivre et composés (exprimés en tant que Cu);154;kg/an
0009071401;STEP - CAEN;2021;Sol;Plomb et composés (exprimés en tant que Pb);94.1;kg/an
0009071401;STEP - CAEN;2021;Sol;Zinc et composés (exprimés en tant que Zn);2130;kg/an
0009073403;STEP - MAERA;2021;Eau (direct);Demande biologique en oxygène (DBO5);396000;kg/an
0009071401;STEP - CAEN;2021;Sol;PCBi : somme des 7 PCB indicateurs (PCB 28+PCB 52+PCB 101+PCB 118+PCB 138+PCB 153+PCB 180);0.37;kg/an
0009073403;STEP - MAERA;2021;Eau (direct);Demande chimique en oxygène (DCO);1770000;kg/an
0009073403;STEP - MAERA;2021;Eau (direct);Matières en suspension (MES);549000;kg/an
0009073403;STEP - MAERA;2021;Eau (direct);Mercure et composés (exprimés en tant que Hg);1.54;kg/an
0009073403;STEP - MAERA;2021;Eau (direct);Nickel et composés (exprimés en tant que Ni);132;kg/an
0009071701;STEP - LA ROCHELLE (port Neuf);2021;Eau (direct);Demande chimique en oxygène (DCO);304000;kg/an
0009073403;STEP - MAERA;2021;Eau (direct);Phosphore total;63300;kg/an
0009073403;STEP - MAERA;2021;Eau (direct);Plomb et composés (exprimés en tant que Pb);61.8;kg/an
0009073403;STEP - MAERA;2021;Eau (direct);Zinc et composés (exprimés en tant que Zn);380;kg/an
0009071702;STEP - ST PALAIS SUR MER;2021;Eau (direct);Azote total;197000;kg/an
0009071702;STEP - ST PALAIS SUR MER;2021;Eau (direct);Demande chimique en oxygène (DCO);200000;kg/an
0009073404;STEP - SETE;2021;Eau (indirect);Azote total;280000;kg/an
0009071702;STEP - ST PALAIS SUR MER;2021;Eau (direct);Phosphore total;23500;kg/an
0009073404;STEP - SETE;2021;Eau (indirect);Chlorures (en tant que Cl total);12200000;kg/an
0009071901;STEP de Gourgue Nègre;2021;Eau (direct);Demande biologique en oxygène (DBO5);48600;kg/an
0009071901;STEP de Gourgue Nègre;2021;Eau (direct);Demande chimique en oxygène (DCO);182000;kg/an
0009072501;STEP - PORT-DOUVOT;2021;Eau (indirect);Arsenic et composés (exprimés en tant que As);72.6;kg/an
0009073404;STEP - SETE;2021;Eau (indirect);Demande biologique en oxygène (DBO5);91000;kg/an
0009072501;STEP - PORT-DOUVOT;2021;Eau (indirect);Azote total;88500;kg/an
0009072501;STEP - PORT-DOUVOT;2021;Eau (indirect);Cadmium et composés (exprimés en tant que Cd);27.8;kg/an
0009073404;STEP - SETE;2021;Eau (indirect);Demande chimique en oxygène (DCO);328000;kg/an
0009072501;STEP - PORT-DOUVOT;2021;Eau (indirect);Composés organohalogénés (exprimés en tant que AOX);1010;kg/an
0009072501;STEP - PORT-DOUVOT;2021;Eau (indirect);Cuivre et composés (exprimés en tant que Cu);163;kg/an
0009073404;STEP - SETE;2021;Eau (indirect);Di(2-éthylhexyle)phtalate (DEHP);5.2;kg/an
0009072501;STEP - PORT-DOUVOT;2021;Eau (indirect);Demande chimique en oxygène (DCO);287000;kg/an
0009072501;STEP - PORT-DOUVOT;2021;Eau (indirect);Mercure et composés (exprimés en tant que Hg);2.78;kg/an
0009073404;STEP - SETE;2021;Eau (indirect);Phosphore total;21100;kg/an
0009072501;STEP - PORT-DOUVOT;2021;Eau (indirect);Nickel et composés (exprimés en tant que Ni);69.4;kg/an
0009072501;STEP - PORT-DOUVOT;2021;Eau (indirect);Phosphore total;5910;kg/an
0009073501;RENNES METROPOLE;2021;Eau (direct);Demande chimique en oxygène (DCO);295000;kg/an
0009072501;STEP - PORT-DOUVOT;2021;Eau (indirect);Plomb et composés (exprimés en tant que Pb);69.4;kg/an
0009072501;STEP - PORT-DOUVOT;2021;Eau (indirect);Zinc et composés (exprimés en tant que Zn);539;kg/an
0009072501;STEP - PORT-DOUVOT;2021;Sol;Arsenic et composés (exprimés en tant que As);11.1;kg/an
0009073501;RENNES METROPOLE;2021;Eau (direct);Phosphore total;9640;kg/an
0009072501;STEP - PORT-DOUVOT;2021;Sol;Chrome et composés (exprimés en tant que Cr);60.8;kg/an
0009072501;STEP - PORT-DOUVOT;2021;Sol;Cuivre et composés (exprimés en tant que Cu);784;kg/an
0009073502;Station d'épuration de St Malo;2021;Eau (direct);Cuivre et composés (exprimés en tant que Cu);84.2;kg/an
0009072501;STEP - PORT-DOUVOT;2021;Sol;Mercure et composés (exprimés en tant que Hg);1.22;kg/an
0009072501;STEP - PORT-DOUVOT;2021;Sol;Nickel et composés (exprimés en tant que Ni);80.8;kg/an
0009072501;STEP - PORT-DOUVOT;2021;Sol;Plomb et composés (exprimés en tant que Pb);75;kg/an
0009072501;STEP - PORT-DOUVOT;2021;Sol;Zinc et composés (exprimés en tant que Zn);1800;kg/an
0009073502;Station d'épuration de St Malo;2021;Eau (direct);Demande chimique en oxygène (DCO);211000;kg/an
0009072601;Usine de dépollution de Romans sur Isère;2021;Eau (direct);Azote total;59700;kg/an
0009072601;Usine de dépollution de Romans sur Isère;2021;Eau (direct);Chrome et composés (exprimés en tant que Cr);66.9;kg/an
0009073502;Station d'épuration de St Malo;2021;Eau (direct);Zinc et composés (exprimés en tant que Zn);261;kg/an
0009072601;Usine de dépollution de Romans sur Isère;2021;Eau (direct);Demande biologique en oxygène (DBO5);63800;kg/an
0009072601;Usine de dépollution de Romans sur Isère;2021;Eau (direct);Demande chimique en oxygène (DCO);341000;kg/an
0009073601;SUEZ;2021;Eau (direct);Sulfonate de perfluorooctane (SPFO);0;kg/an
0009072601;Usine de dépollution de Romans sur Isère;2021;Eau (direct);Phosphore total;11100;kg/an
0009072601;Usine de dépollution de Romans sur Isère;2021;Eau (direct);Zinc et composés (exprimés en tant que Zn);192;kg/an
0009073601;SUEZ;2021;Sol;Arsenic et composés (exprimés en tant que As);8;kg/an
0009073601;SUEZ;2021;Sol;Azote total;91000;kg/an
0009072602;Usine de dépollution (UDEP) - Valence;2021;Eau (direct);Arsenic et composés (exprimés en tant que As);19.6;kg/an
0009072602;Usine de dépollution (UDEP) - Valence;2021;Eau (direct);Cadmium et composés (exprimés en tant que Cd);4.89;kg/an
0009073601;SUEZ;2021;Sol;Cuivre et composés (exprimés en tant que Cu);200;kg/an
0009072602;Usine de dépollution (UDEP) - Valence;2021;Eau (direct);Carbone organique total (en tant que C total ou DCO/3);146000;kg/an
0009072602;Usine de dépollution (UDEP) - Valence;2021;Eau (direct);Demande chimique en oxygène (DCO);291000;kg/an
0009073601;SUEZ;2021;Sol;Nickel et composés (exprimés en tant que Ni);30;kg/an
0009072602;Usine de dépollution (UDEP) - Valence;2021;Eau (direct);Phosphore total;14800;kg/an
0009072602;Usine de dépollution (UDEP) - Valence;2021;Eau (direct);Zinc et composés (exprimés en tant que Zn);460;kg/an
0009072701;CTEU - EVREUX;2021;Sol;Cuivre et composés (exprimés en tant que Cu);261;kg/an
0009072701;CTEU - EVREUX;2021;Sol;Plomb et composés (exprimés en tant que Pb);23;kg/an
0009072701;CTEU - EVREUX;2021;Sol;Zinc et composés (exprimés en tant que Zn);391;kg/an
0009073601;SUEZ;2021;Sol;Phosphore total;14300;kg/an
0009073601;SUEZ;2021;Sol;Plomb et composés (exprimés en tant que Pb);30;kg/an
0009073601;SUEZ;2021;Sol;Zinc et composés (exprimés en tant que Zn);551;kg/an
0009072901;STEP - Zone Portuaire;2021;Eau (direct);Azote total;87400;kg/an
0009072901;STEP - Zone Portuaire;2021;Eau (direct);Cadmium et composés (exprimés en tant que Cd);6.75;kg/an
0009073701;Station d'épuration de La Grange David;2021;Eau (direct);Azote total;170000;kg/an
0009072901;STEP - Zone Portuaire;2021;Eau (direct);Cuivre et composés (exprimés en tant que Cu);67.5;kg/an
0009072901;STEP - Zone Portuaire;2021;Eau (direct);Demande chimique en oxygène (DCO);361000;kg/an
0009072901;STEP - Zone Portuaire;2021;Eau (direct);Mercure et composés (exprimés en tant que Hg);1.35;kg/an
0009073701;Station d'épuration de La Grange David;2021;Eau (direct);Carbone organique total (en tant que C total ou DCO/3);160000;kg/an
0009072901;STEP - Zone Portuaire;2021;Eau (direct);Phosphore total;9430;kg/an
0009072901;STEP - Zone Portuaire;2021;Eau (direct);Plomb et composés (exprimés en tant que Pb);135;kg/an
0009073701;Station d'épuration de La Grange David;2021;Eau (direct);Chrome et composés (exprimés en tant que Cr);138;kg/an
0009072901;STEP - Zone Portuaire;2021;Eau (direct);Zinc et composés (exprimés en tant que Zn);2080;kg/an
0009073701;Station d'épuration de La Grange David;2021;Eau (direct);Cuivre et composés (exprimés en tant que Cu);80;kg/an
0009073701;Station d'épuration de La Grange David;2021;Eau (direct);Demande biologique en oxygène (DBO5);50300;kg/an
0009073701;Station d'épuration de La Grange David;2021;Eau (direct);Demande chimique en oxygène (DCO);484000;kg/an
0009072902;STEP - Corniguel;2021;Eau (indirect);Demande chimique en oxygène (DCO);177000;kg/an
0009073701;Station d'épuration de La Grange David;2021;Eau (direct);Dichlorométhane (DCM, chlorure de méthylène);69;kg/an
0009072902;STEP - Corniguel;2021;Eau (indirect);Phosphore total;10900;kg/an
0009073701;Station d'épuration de La Grange David;2021;Eau (direct);Phosphore total;16100;kg/an
0009073701;Station d'épuration de La Grange David;2021;Eau (direct);Zinc et composés (exprimés en tant que Zn);933;kg/an
0009073001;STEP - Le Grau-du-Roi;2021;Eau (indirect);Arsenic et composés (exprimés en tant que As);14.5;kg/an
0009073701;Station d'épuration de La Grange David;2021;Sol;Arsenic et composés (exprimés en tant que As);36.9;kg/an
0009073002;STEU Nîmes (ouest);2021;Eau (direct);Demande biologique en oxygène (DBO5);44000;kg/an
0009073701;Station d'épuration de La Grange David;2021;Sol;Azote total;199000;kg/an
0009073002;STEU Nîmes (ouest);2021;Eau (direct);Demande chimique en oxygène (DCO);267000;kg/an
0009073701;Station d'épuration de La Grange David;2021;Sol;Chrome et composés (exprimés en tant que Cr);108;kg/an
0009073101;Usine de dépollution des eaux Ginestous-Garonne (ASTEO);2021;Eau (direct);Azote total;1750000;kg/an
0009073101;Usine de dépollution des eaux Ginestous-Garonne (ASTEO);2021;Eau (direct);Carbone organique total (en tant que C total ou DCO/3);582000;kg/an
0009073101;Usine de dépollution des eaux Ginestous-Garonne (ASTEO);2021;Eau (direct);Demande biologique en oxygène (DBO5);244000;kg/an
0009073101;Usine de dépollution des eaux Ginestous-Garonne (ASTEO);2021;Eau (direct);Demande chimique en oxygène (DCO);1740000;kg/an
0009073101;Usine de dépollution des eaux Ginestous-Garonne (ASTEO);2021;Eau (direct);Matières en suspension (MES);523000;kg/an
0009073701;Station d'épuration de La Grange David;2021;Sol;Cuivre et composés (exprimés en tant que Cu);1560;kg/an
0009073101;Usine de dépollution des eaux Ginestous-Garonne (ASTEO);2021;Eau (direct);Phosphore total;73400;kg/an
0009073101;Usine de dépollution des eaux Ginestous-Garonne (ASTEO);2021;Eau (direct);Hydroxyde d'ammonium (NH4+);233000;kg/an
0009073701;Station d'épuration de La Grange David;2021;Sol;Di(2-éthylhexyle)phtalate (DEHP);82.5;kg/an
0009073301;STEP SABAREGES;2021;Eau (direct);Azote total;321000;kg/an
0009073701;Station d'épuration de La Grange David;2021;Sol;Fer et composés (exprimés en tant que Fe);99900;kg/an
0009073301;STEP SABAREGES;2021;Eau (direct);Demande biologique en oxygène (DBO5);84600;kg/an
0009073301;STEP SABAREGES;2021;Eau (direct);Demande chimique en oxygène (DCO);365000;kg/an
0009073701;Station d'épuration de La Grange David;2021;Sol;Manganèse et composés (exprimés en tant que Mn);846;kg/an
0009073301;STEP SABAREGES;2021;Eau (direct);Phosphore total;9300;kg/an
0009073302;STEP - Clos de Hilde (Bégles);2021;Eau (direct);Azote total;1220000;kg/an
0009073701;Station d'épuration de La Grange David;2021;Sol;Mercure et composés (exprimés en tant que Hg);2.42;kg/an
0009073701;Station d'épuration de La Grange David;2021;Sol;Nickel et composés (exprimés en tant que Ni);81;kg/an
0009073302;STEP - Clos de Hilde (Bégles);2021;Eau (direct);Demande biologique en oxygène (DBO5);281000;kg/an
0009073701;Station d'épuration de La Grange David;2021;Sol;Phosphore total;134000;kg/an
0009073302;STEP - Clos de Hilde (Bégles);2021;Eau (direct);Demande chimique en oxygène (DCO);1280000;kg/an
0009073701;Station d'épuration de La Grange David;2021;Sol;Plomb et composés (exprimés en tant que Pb);132;kg/an
0009073302;STEP - Clos de Hilde (Bégles);2021;Eau (direct);Phosphore total;24200;kg/an
0009073303;STEP - Biganos;2021;Eau (direct);Aluminium et composés (exprimés en tant que Al);2480;kg/an
0009073303;STEP - Biganos;2021;Eau (direct);Azote total;255000;kg/an
0009073701;Station d'épuration de La Grange David;2021;Sol;Zinc et composés (exprimés en tant que Zn);2440;kg/an
0009073303;STEP - Biganos;2021;Eau (direct);Cadmium et composés (exprimés en tant que Cd);11.1;kg/an
0009073303;STEP - Biganos;2021;Eau (direct);Carbone organique total (en tant que C total ou DCO/3);78700;kg/an
0009073802;STEP - GRENOBLE / AQUAPOLE;2021;Eau (direct);Azote total;911000;kg/an
0009073303;STEP - Biganos;2021;Eau (direct);Composés organohalogénés (exprimés en tant que AOX);1880;kg/an
0009073303;STEP - Biganos;2021;Eau (direct);Demande biologique en oxygène (DBO5);49100;kg/an
0009073303;STEP - Biganos;2021;Eau (direct);Demande chimique en oxygène (DCO);236000;kg/an
0009073802;STEP - GRENOBLE / AQUAPOLE;2021;Eau (direct);Carbone organique total (en tant que C total ou DCO/3);873000;kg/an
0009073303;STEP - Biganos;2021;Eau (direct);Zinc et composés (exprimés en tant que Zn);182;kg/an
0009073303;STEP - Biganos;2021;Eau (direct);Sulfonate de perfluorooctane (SPFO);0;kg/an
0009073802;STEP - GRENOBLE / AQUAPOLE;2021;Eau (direct);Demande biologique en oxygène (DBO5);843000;kg/an
0009073802;STEP - GRENOBLE / AQUAPOLE;2021;Eau (direct);Matières en suspension (MES);1100000;kg/an
0009073802;STEP - GRENOBLE / AQUAPOLE;2021;Eau (direct);Phosphore total;74000;kg/an
0009073304;STEP - Louis Fargue (Bordeaux);2021;Eau (direct);Azote total;1400000;kg/an
0009073304;STEP - Louis Fargue (Bordeaux);2021;Eau (direct);Demande biologique en oxygène (DBO5);567000;kg/an
0009073802;STEP - GRENOBLE / AQUAPOLE;2021;Eau (indirect);Demande chimique en oxygène (DCO);2620000;kg/an
0009073304;STEP - Louis Fargue (Bordeaux);2021;Eau (direct);Demande chimique en oxygène (DCO);2220000;kg/an
0009073304;STEP - Louis Fargue (Bordeaux);2021;Eau (direct);Matières en suspension (MES);608000;kg/an
0009074101;STEP - BLOIS;2021;Sol;Cuivre et composés (exprimés en tant que Cu);150;kg/an
0009074101;STEP - BLOIS;2021;Sol;Plomb et composés (exprimés en tant que Pb);25.7;kg/an
0009074101;STEP - BLOIS;2021;Sol;Zinc et composés (exprimés en tant que Zn);417;kg/an
0009074201;STEP - SAINT-ETIENNE - FURANIA;2021;Eau (direct);Arsenic et composés (exprimés en tant que As);77;kg/an
0009074201;STEP - SAINT-ETIENNE - FURANIA;2021;Eau (direct);Azote total;235000;kg/an
0009074501;STEP - LA CHAPELLE-SAINT-MESMIN;2021;Eau (direct);Phosphore total;6910;kg/an
0009074201;STEP - SAINT-ETIENNE - FURANIA;2021;Eau (direct);Cadmium et composés (exprimés en tant que Cd);11;kg/an
0009074501;STEP - LA CHAPELLE-SAINT-MESMIN;2021;Eau (indirect);Azote total;79600;kg/an
0009074201;STEP - SAINT-ETIENNE - FURANIA;2021;Eau (direct);Chrome et composés (exprimés en tant que Cr);56;kg/an
0009074501;STEP - LA CHAPELLE-SAINT-MESMIN;2021;Sol;Chrome et composés (exprimés en tant que Cr);54.4;kg/an
0009074501;STEP - LA CHAPELLE-SAINT-MESMIN;2021;Sol;Cuivre et composés (exprimés en tant que Cu);440;kg/an
0009074201;STEP - SAINT-ETIENNE - FURANIA;2021;Eau (direct);Cuivre et composés (exprimés en tant que Cu);56;kg/an
0009074501;STEP - LA CHAPELLE-SAINT-MESMIN;2021;Sol;Mercure et composés (exprimés en tant que Hg);1.42;kg/an
0009074501;STEP - LA CHAPELLE-SAINT-MESMIN;2021;Sol;Nickel et composés (exprimés en tant que Ni);51;kg/an
0009074201;STEP - SAINT-ETIENNE - FURANIA;2021;Eau (direct);Demande biologique en oxygène (DBO5);76800;kg/an
0009074501;STEP - LA CHAPELLE-SAINT-MESMIN;2021;Sol;Plomb et composés (exprimés en tant que Pb);83.9;kg/an
0009074201;STEP - SAINT-ETIENNE - FURANIA;2021;Eau (direct);Demande chimique en oxygène (DCO);718000;kg/an
0009074501;STEP - LA CHAPELLE-SAINT-MESMIN;2021;Sol;Zinc et composés (exprimés en tant que Zn);1640;kg/an
0009074901;STEP - Angers la Baumette;2021;Eau (direct);Azote total;171000;kg/an
0009074201;STEP - SAINT-ETIENNE - FURANIA;2021;Eau (direct);Nickel et composés (exprimés en tant que Ni);345;kg/an
0009074901;STEP - Angers la Baumette;2021;Eau (direct);Demande biologique en oxygène (DBO5);115000;kg/an
0009074901;STEP - Angers la Baumette;2021;Eau (direct);Demande chimique en oxygène (DCO);556000;kg/an
0009074201;STEP - SAINT-ETIENNE - FURANIA;2021;Eau (direct);Phosphore total;9570;kg/an
0009074901;STEP - Angers la Baumette;2021;Eau (direct);Phosphore total;11700;kg/an
0009074201;STEP - SAINT-ETIENNE - FURANIA;2021;Eau (direct);Plomb et composés (exprimés en tant que Pb);23;kg/an
0009074901;STEP - Angers la Baumette;2021;Eau (direct);Sulfonate de perfluorooctane (SPFO);0;kg/an
0009074901;STEP - Angers la Baumette;2021;Sol;Aluminium et composés (exprimés en tant que Al);20800;kg/an
0009074202;STEU - ROANNE - Les 3 Ponts;2021;Eau (direct);Azote total;62900;kg/an
0009074901;STEP - Angers la Baumette;2021;Sol;Azote total;61300;kg/an
0009074901;STEP - Angers la Baumette;2021;Sol;Cuivre et composés (exprimés en tant que Cu);531;kg/an
0009074901;STEP - Angers la Baumette;2021;Sol;Fer et composés (exprimés en tant que Fe);47600;kg/an
0009074901;STEP - Angers la Baumette;2021;Sol;Mercure et composés (exprimés en tant que Hg);1.64;kg/an
0009074202;STEU - ROANNE - Les 3 Ponts;2021;Eau (direct);Demande biologique en oxygène (DBO5);123000;kg/an
0009074901;STEP - Angers la Baumette;2021;Sol;Nickel et composés (exprimés en tant que Ni);42.3;kg/an
0009074901;STEP - Angers la Baumette;2021;Sol;Phosphore total;102000;kg/an
0009074901;STEP - Angers la Baumette;2021;Sol;Plomb et composés (exprimés en tant que Pb);36.2;kg/an
0009074901;STEP - Angers la Baumette;2021;Sol;Zinc et composés (exprimés en tant que Zn);1090;kg/an
0009074902;STEU - Les Cinq Ponts;2021;Eau (direct);Demande chimique en oxygène (DCO);193000;kg/an
0009074902;STEU - Les Cinq Ponts;2021;Sol;Arsenic et composés (exprimés en tant que As);66.3;kg/an
0009074902;STEU - Les Cinq Ponts;2021;Sol;Azote total;81500;kg/an
0009074202;STEU - ROANNE - Les 3 Ponts;2021;Eau (direct);Demande chimique en oxygène (DCO);505000;kg/an
0009074902;STEU - Les Cinq Ponts;2021;Sol;Chrome et composés (exprimés en tant que Cr);67.3;kg/an
0009074902;STEU - Les Cinq Ponts;2021;Sol;Cuivre et composés (exprimés en tant que Cu);471;kg/an
0009074902;STEU - Les Cinq Ponts;2021;Sol;Fer et composés (exprimés en tant que Fe);177000;kg/an
0009074202;STEU - ROANNE - Les 3 Ponts;2021;Sol;Chrome et composés (exprimés en tant que Cr);135;kg/an
0009074902;STEU - Les Cinq Ponts;2021;Sol;Manganèse et composés (exprimés en tant que Mn);650;kg/an
0009074902;STEU - Les Cinq Ponts;2021;Sol;Mercure et composés (exprimés en tant que Hg);1.35;kg/an
0009074902;STEU - Les Cinq Ponts;2021;Sol;Nickel et composés (exprimés en tant que Ni);49.1;kg/an
0009074902;STEU - Les Cinq Ponts;2021;Sol;Phosphore total;27500;kg/an
0009074902;STEU - Les Cinq Ponts;2021;Sol;Plomb et composés (exprimés en tant que Pb);53.3;kg/an
0009074202;STEU - ROANNE - Les 3 Ponts;2021;Sol;Cuivre et composés (exprimés en tant que Cu);150;kg/an
0009074902;STEU - Les Cinq Ponts;2021;Sol;Zinc et composés (exprimés en tant que Zn);1060;kg/an
0009074202;STEU - ROANNE - Les 3 Ponts;2021;Sol;Plomb et composés (exprimés en tant que Pb);31.7;kg/an
0009074202;STEU - ROANNE - Les 3 Ponts;2021;Sol;Zinc et composés (exprimés en tant que Zn);438;kg/an
0009074401;STEP - Livery;2021;Eau (direct);Demande chimique en oxygène (DCO);177000;kg/an
0009074401;STEP - Livery;2021;Sol;Cuivre et composés (exprimés en tant que Cu);229;kg/an
0009075101;STEP REIMS;2021;Eau (direct);Azote total;56000;kg/an
0009075101;STEP REIMS;2021;Eau (direct);Demande biologique en oxygène (DBO5);54200;kg/an
0009074401;STEP - Livery;2021;Sol;Zinc et composés (exprimés en tant que Zn);381;kg/an
0009075101;STEP REIMS;2021;Eau (direct);Demande chimique en oxygène (DCO);411000;kg/an
0009075101;STEP REIMS;2021;Eau (direct);Phosphore total;17100;kg/an
0009074402;STEP - Petite Californie;2021;Eau (direct);Azote total;214000;kg/an
0009075101;STEP REIMS;2021;Eau (direct);Sulfonate de perfluorooctane (SPFO);0;kg/an
0009075101;STEP REIMS;2021;Sol;Chrome et composés (exprimés en tant que Cr);169;kg/an
0009074402;STEP - Petite Californie;2021;Eau (direct);Cuivre et composés (exprimés en tant que Cu);221;kg/an
0009075101;STEP REIMS;2021;Sol;Cuivre et composés (exprimés en tant que Cu);1000;kg/an
0009075101;STEP REIMS;2021;Sol;Fer et composés (exprimés en tant que Fe);336000;kg/an
0009074402;STEP - Petite Californie;2021;Eau (direct);Demande chimique en oxygène (DCO);669000;kg/an
0009075101;STEP REIMS;2021;Sol;Mercure et composés (exprimés en tant que Hg);4.24;kg/an
0009075101;STEP REIMS;2021;Sol;Nickel et composés (exprimés en tant que Ni);114;kg/an
0009074402;STEP - Petite Californie;2021;Eau (direct);Plomb et composés (exprimés en tant que Pb);23.1;kg/an
0009075101;STEP REIMS;2021;Sol;Plomb et composés (exprimés en tant que Pb);103;kg/an
0009075101;STEP REIMS;2021;Sol;Zinc et composés (exprimés en tant que Zn);1890;kg/an
0009074402;STEP - Petite Californie;2021;Eau (direct);Zinc et composés (exprimés en tant que Zn);925;kg/an
0009075401;Station du Grand Nancy située à MAXEVILLE;2021;Eau (direct);Azote total;286000;kg/an
0009075401;Station du Grand Nancy située à MAXEVILLE;2021;Eau (direct);Carbone organique total (en tant que C total ou DCO/3);295000;kg/an
0009074402;STEP - Petite Californie;2021;Eau (indirect);Demande biologique en oxygène (DBO5);156000;kg/an
0009075401;Station du Grand Nancy située à MAXEVILLE;2021;Eau (direct);Chlorures (en tant que Cl total);7330000;kg/an
0009075401;Station du Grand Nancy située à MAXEVILLE;2021;Eau (direct);Composés organohalogénés (exprimés en tant que AOX);17200;kg/an
0009074403;STEP - Tougas;2021;Eau (direct);Azote total;370000;kg/an
0009075401;Station du Grand Nancy située à MAXEVILLE;2021;Eau (direct);Demande biologique en oxygène (DBO5);224000;kg/an
0009075401;Station du Grand Nancy située à MAXEVILLE;2021;Eau (direct);Demande chimique en oxygène (DCO);787000;kg/an
0009074403;STEP - Tougas;2021;Eau (direct);Cuivre et composés (exprimés en tant que Cu);528;kg/an
0009075401;Station du Grand Nancy située à MAXEVILLE;2021;Eau (direct);Diuron;1.29;kg/an
0009075401;Station du Grand Nancy située à MAXEVILLE;2021;Eau (direct);Fer et composés (exprimés en tant que Fe);71300;kg/an
0009074403;STEP - Tougas;2021;Eau (direct);Demande biologique en oxygène (DBO5);203000;kg/an
0009075401;Station du Grand Nancy située à MAXEVILLE;2021;Eau (direct);Fluorures (en tant que F total);2560;kg/an
0009075401;Station du Grand Nancy située à MAXEVILLE;2021;Eau (direct);Manganèse et composés (exprimés en tant que Mn);2810;kg/an
0009075401;Station du Grand Nancy située à MAXEVILLE;2021;Eau (direct);Matières en suspension (MES);378000;kg/an
0009075401;Station du Grand Nancy située à MAXEVILLE;2021;Eau (direct);Phosphore total;15600;kg/an
0009075401;Station du Grand Nancy située à MAXEVILLE;2021;Eau (direct);Sulfates;2980000;kg/an
0009075401;Station du Grand Nancy située à MAXEVILLE;2021;Eau (direct);Zinc et composés (exprimés en tant que Zn);700;kg/an
0009075401;Station du Grand Nancy située à MAXEVILLE;2021;Eau (direct);Sulfonate de perfluorooctane (SPFO);0;kg/an
0009074403;STEP - Tougas;2021;Eau (direct);Demande chimique en oxygène (DCO);1270000;kg/an
0009075401;Station du Grand Nancy située à MAXEVILLE;2021;Sol;Chrome et composés (exprimés en tant que Cr);86.4;kg/an
0009075401;Station du Grand Nancy située à MAXEVILLE;2021;Sol;Cuivre et composés (exprimés en tant que Cu);561;kg/an
0009074403;STEP - Tougas;2021;Eau (direct);Nickel et composés (exprimés en tant que Ni);36.3;kg/an
0009075401;Station du Grand Nancy située à MAXEVILLE;2021;Sol;Fer et composés (exprimés en tant que Fe);26700;kg/an
0009075401;Station du Grand Nancy située à MAXEVILLE;2021;Sol;Mercure et composés (exprimés en tant que Hg);2.2;kg/an
0009074403;STEP - Tougas;2021;Eau (direct);Phosphore total;36500;kg/an
0009075401;Station du Grand Nancy située à MAXEVILLE;2021;Sol;Nickel et composés (exprimés en tant que Ni);47;kg/an
0009075401;Station du Grand Nancy située à MAXEVILLE;2021;Sol;Plomb et composés (exprimés en tant que Pb);162;kg/an
0009074403;STEP - Tougas;2021;Eau (direct);Plomb et composés (exprimés en tant que Pb);54.2;kg/an
0009075401;Station du Grand Nancy située à MAXEVILLE;2021;Sol;Zinc et composés (exprimés en tant que Zn);1760;kg/an
0009075401;Station du Grand Nancy située à MAXEVILLE;2021;Sol;Biphényles polychlorés (PCB);0.17;kg/an
0009074403;STEP - Tougas;2021;Eau (direct);Zinc et composés (exprimés en tant que Zn);961;kg/an
0009074403;STEP - Tougas;2021;Sol;Cadmium et composés (exprimés en tant que Cd);6.37;kg/an
0009074403;STEP - Tougas;2021;Sol;Cuivre et composés (exprimés en tant que Cu);2110;kg/an
0009074403;STEP - Tougas;2021;Sol;Mercure et composés (exprimés en tant que Hg);5.9;kg/an
0009075701;HAGANIS -STEP METZ;2021;Eau (direct);Azote total;66900;kg/an
0009074403;STEP - Tougas;2021;Sol;Nickel et composés (exprimés en tant que Ni);145;kg/an
0009075701;HAGANIS -STEP METZ;2021;Eau (direct);Demande biologique en oxygène (DBO5);133000;kg/an
0009075701;HAGANIS -STEP METZ;2021;Eau (direct);Demande chimique en oxygène (DCO);508000;kg/an
0009075701;HAGANIS -STEP METZ;2021;Eau (direct);Phosphore total;7030;kg/an
0009075701;HAGANIS -STEP METZ;2021;Sol;Chrome et composés (exprimés en tant que Cr);56;kg/an
0009074403;STEP - Tougas;2021;Sol;Plomb et composés (exprimés en tant que Pb);217;kg/an
0009075701;HAGANIS -STEP METZ;2021;Sol;Cuivre et composés (exprimés en tant que Cu);487;kg/an
0009075701;HAGANIS -STEP METZ;2021;Sol;Nickel et composés (exprimés en tant que Ni);53.9;kg/an
0009074403;STEP - Tougas;2021;Sol;Zinc et composés (exprimés en tant que Zn);3840;kg/an
0009075701;HAGANIS -STEP METZ;2021;Sol;Plomb et composés (exprimés en tant que Pb);48.8;kg/an
0009075701;HAGANIS -STEP METZ;2021;Sol;Zinc et composés (exprimés en tant que Zn);933;kg/an
0009074501;STEP - LA CHAPELLE-SAINT-MESMIN;2021;Eau (direct);Demande biologique en oxygène (DBO5);79100;kg/an
0009075701;HAGANIS -STEP METZ;2021;Sol;PCBi : somme des 7 PCB indicateurs (PCB 28+PCB 52+PCB 101+PCB 118+PCB 138+PCB 153+PCB 180);0.191;kg/an
0009074501;STEP - LA CHAPELLE-SAINT-MESMIN;2021;Eau (direct);Demande chimique en oxygène (DCO);374000;kg/an
0009075901;STEP - VILLENEUVE-D'ASCQ;2021;Eau (direct);Fluorures (en tant que F total);2500;kg/an
0009075905;STEP - Lille-C.U.-Marquette;2021;Eau (direct);Demande biologique en oxygène (DBO5);474000;kg/an
0009075901;STEP - VILLENEUVE-D'ASCQ;2021;Eau (direct);Nickel et composés (exprimés en tant que Ni);70;kg/an
0009075901;STEP - VILLENEUVE-D'ASCQ;2021;Eau (direct);Zinc et composés (exprimés en tant que Zn);410;kg/an
0009075901;STEP - VILLENEUVE-D'ASCQ;2021;Sol;Arsenic et composés (exprimés en tant que As);5;kg/an
0009075901;STEP - VILLENEUVE-D'ASCQ;2021;Sol;Azote total;82200;kg/an
0009075901;STEP - VILLENEUVE-D'ASCQ;2021;Sol;Chrome et composés (exprimés en tant que Cr);55;kg/an
0009075901;STEP - VILLENEUVE-D'ASCQ;2021;Sol;Cuivre et composés (exprimés en tant que Cu);250;kg/an
0009075905;STEP - Lille-C.U.-Marquette;2021;Eau (direct);Demande chimique en oxygène (DCO);1900000;kg/an
0009075901;STEP - VILLENEUVE-D'ASCQ;2021;Sol;Mercure et composés (exprimés en tant que Hg);1.1;kg/an
0009075901;STEP - VILLENEUVE-D'ASCQ;2021;Sol;Nickel et composés (exprimés en tant que Ni);39.2;kg/an
0009075901;STEP - VILLENEUVE-D'ASCQ;2021;Sol;Phosphore total;73500;kg/an
0009075905;STEP - Lille-C.U.-Marquette;2021;Eau (direct);Diuron;5;kg/an
0009075901;STEP - VILLENEUVE-D'ASCQ;2021;Sol;Plomb et composés (exprimés en tant que Pb);67.3;kg/an
0009075901;STEP - VILLENEUVE-D'ASCQ;2021;Sol;Zinc et composés (exprimés en tant que Zn);1310;kg/an
0009075905;STEP - Lille-C.U.-Marquette;2021;Eau (direct);Fer et composés (exprimés en tant que Fe);3200;kg/an
0009075901;STEP - VILLENEUVE-D'ASCQ;2021;Sol;PCBi : somme des 7 PCB indicateurs (PCB 28+PCB 52+PCB 101+PCB 118+PCB 138+PCB 153+PCB 180);0.122;kg/an
0009075905;STEP - Lille-C.U.-Marquette;2021;Eau (direct);Fluorures (en tant que F total);10500;kg/an
0009075902;STEP - Douai;2021;Eau (direct);Azote total;55900;kg/an
0009075902;STEP - Douai;2021;Eau (direct);Demande biologique en oxygène (DBO5);87200;kg/an
0009075905;STEP - Lille-C.U.-Marquette;2021;Eau (direct);Manganèse et composés (exprimés en tant que Mn);2200;kg/an
0009075902;STEP - Douai;2021;Eau (direct);Demande chimique en oxygène (DCO);288000;kg/an
0009075902;STEP - Douai;2021;Eau (direct);Zinc et composés (exprimés en tant que Zn);253;kg/an
0009075905;STEP - Lille-C.U.-Marquette;2021;Eau (direct);Matières en suspension (MES);465000;kg/an
0009075903;STEP - GRANDE SYNTHE;2021;Sol;Cuivre et composés (exprimés en tant que Cu);265;kg/an
0009075905;STEP - Lille-C.U.-Marquette;2021;Eau (direct);Nickel et composés (exprimés en tant que Ni);520;kg/an
0009075903;STEP - GRANDE SYNTHE;2021;Sol;Nickel et composés (exprimés en tant que Ni);37.7;kg/an
0009075905;STEP - Lille-C.U.-Marquette;2021;Eau (direct);Phosphore total;48400;kg/an
0009075903;STEP - GRANDE SYNTHE;2021;Sol;Plomb et composés (exprimés en tant que Pb);70.1;kg/an
0009075903;STEP - GRANDE SYNTHE;2021;Sol;Zinc et composés (exprimés en tant que Zn);1120;kg/an
0009075905;STEP - Lille-C.U.-Marquette;2021;Eau (direct);Plomb et composés (exprimés en tant que Pb);80;kg/an
0009075904;STEP - Lille-C.U.-Houplin Ancoisne;2021;Eau (direct);Azote total;52400;kg/an
0009075905;STEP - Lille-C.U.-Marquette;2021;Eau (direct);Sulfates;5100000;kg/an
0009075904;STEP - Lille-C.U.-Houplin Ancoisne;2021;Eau (direct);Chlorures (en tant que Cl total);2400000;kg/an
0009075904;STEP - Lille-C.U.-Houplin Ancoisne;2021;Eau (direct);Demande chimique en oxygène (DCO);254000;kg/an
0009075905;STEP - Lille-C.U.-Marquette;2021;Eau (direct);Zinc et composés (exprimés en tant que Zn);3000;kg/an
0009075904;STEP - Lille-C.U.-Houplin Ancoisne;2021;Eau (direct);Fer et composés (exprimés en tant que Fe);12200;kg/an
0009075904;STEP - Lille-C.U.-Houplin Ancoisne;2021;Eau (direct);Nickel et composés (exprimés en tant que Ni);120;kg/an
0009075904;STEP - Lille-C.U.-Houplin Ancoisne;2021;Eau (direct);Phosphore total;5900;kg/an
0009075904;STEP - Lille-C.U.-Houplin Ancoisne;2021;Eau (direct);Zinc et composés (exprimés en tant que Zn);1200;kg/an
0009075905;STEP - Lille-C.U.-Marquette;2021;Sol;Arsenic et composés (exprimés en tant que As);17;kg/an
0009075904;STEP - Lille-C.U.-Houplin Ancoisne;2021;Sol;Arsenic et composés (exprimés en tant que As);7.35;kg/an
0009075904;STEP - Lille-C.U.-Houplin Ancoisne;2021;Sol;Azote total;98800;kg/an
0009075904;STEP - Lille-C.U.-Houplin Ancoisne;2021;Sol;Chrome et composés (exprimés en tant que Cr);73;kg/an
0009075905;STEP - Lille-C.U.-Marquette;2021;Sol;Azote total;136000;kg/an
0009075904;STEP - Lille-C.U.-Houplin Ancoisne;2021;Sol;Cuivre et composés (exprimés en tant que Cu);252;kg/an
0009075904;STEP - Lille-C.U.-Houplin Ancoisne;2021;Sol;Nickel et composés (exprimés en tant que Ni);42;kg/an
0009075905;STEP - Lille-C.U.-Marquette;2021;Sol;Cadmium et composés (exprimés en tant que Cd);8.1;kg/an
0009075904;STEP - Lille-C.U.-Houplin Ancoisne;2021;Sol;Phosphore total;169000;kg/an
0009075904;STEP - Lille-C.U.-Houplin Ancoisne;2021;Sol;Plomb et composés (exprimés en tant que Pb);84;kg/an
0009075905;STEP - Lille-C.U.-Marquette;2021;Sol;Chrome et composés (exprimés en tant que Cr);238;kg/an
0009075904;STEP - Lille-C.U.-Houplin Ancoisne;2021;Sol;Zinc et composés (exprimés en tant que Zn);1970;kg/an
0009075904;STEP - Lille-C.U.-Houplin Ancoisne;2021;Sol;PCBi : somme des 7 PCB indicateurs (PCB 28+PCB 52+PCB 101+PCB 118+PCB 138+PCB 153+PCB 180);0.166;kg/an
0009075905;STEP - Lille-C.U.-Marquette;2021;Sol;Cuivre et composés (exprimés en tant que Cu);1210;kg/an
0009075905;STEP - Lille-C.U.-Marquette;2021;Sol;Hydrocarbures aromatiques polycycliques (HAP);11.6;kg/an
0009075905;STEP - Lille-C.U.-Marquette;2021;Eau (direct);Azote total;535000;kg/an
0009075905;STEP - Lille-C.U.-Marquette;2021;Sol;Mercure et composés (exprimés en tant que Hg);5.6;kg/an
0009075905;STEP - Lille-C.U.-Marquette;2021;Eau (direct);Chlorures (en tant que Cl total);7500000;kg/an
0009075905;STEP - Lille-C.U.-Marquette;2021;Eau (direct);Cobalt et composés (exprimés en tant que Co);44;kg/an
0009075905;STEP - Lille-C.U.-Marquette;2021;Sol;Nickel et composés (exprimés en tant que Ni);138;kg/an
0009075905;STEP - Lille-C.U.-Marquette;2021;Eau (direct);Cuivre et composés (exprimés en tant que Cu);190;kg/an
0009075905;STEP - Lille-C.U.-Marquette;2021;Sol;Phosphore total;278000;kg/an
0009075905;STEP - Lille-C.U.-Marquette;2021;Sol;Plomb et composés (exprimés en tant que Pb);641;kg/an
0009075905;STEP - Lille-C.U.-Marquette;2021;Sol;Zinc et composés (exprimés en tant que Zn);8230;kg/an
0009075905;STEP - Lille-C.U.-Marquette;2021;Sol;PCBi : somme des 7 PCB indicateurs (PCB 28+PCB 52+PCB 101+PCB 118+PCB 138+PCB 153+PCB 180);1.1;kg/an
0009076901;STEP - Lyon - Pierre Bénite;2021;Eau (direct);Matières en suspension (MES);815000;kg/an
0009076901;STEP - Lyon - Pierre Bénite;2021;Eau (direct);Nickel et composés (exprimés en tant que Ni);123;kg/an
0009076901;STEP - Lyon - Pierre Bénite;2021;Eau (direct);Phosphore total;147000;kg/an
0009075906;STEP - Lille-C.U.-Wattrelos;2021;Eau (direct);Azote total;352000;kg/an
0009076901;STEP - Lyon - Pierre Bénite;2021;Eau (direct);Plomb et composés (exprimés en tant que Pb);35;kg/an
0009076901;STEP - Lyon - Pierre Bénite;2021;Eau (direct);Zinc et composés (exprimés en tant que Zn);3420;kg/an
0009075906;STEP - Lille-C.U.-Wattrelos;2021;Eau (direct);Chlorures (en tant que Cl total);3130000;kg/an
0009075906;STEP - Lille-C.U.-Wattrelos;2021;Eau (direct);Chrome et composés (exprimés en tant que Cr);167;kg/an
0009075906;STEP - Lille-C.U.-Wattrelos;2021;Eau (direct);Cuivre et composés (exprimés en tant que Cu);121;kg/an
0009076902;STEP - Lyon - Saint Fons;2021;Eau (direct);Azote total;586000;kg/an
0009076902;STEP - Lyon - Saint Fons;2021;Eau (direct);Carbone organique total (en tant que C total ou DCO/3);1720000;kg/an
0009075906;STEP - Lille-C.U.-Wattrelos;2021;Eau (direct);Demande biologique en oxygène (DBO5);204000;kg/an
0009076902;STEP - Lyon - Saint Fons;2021;Eau (direct);Chrome et composés (exprimés en tant que Cr);69;kg/an
0009076902;STEP - Lyon - Saint Fons;2021;Eau (direct);Cuivre et composés (exprimés en tant que Cu);2130;kg/an
0009075906;STEP - Lille-C.U.-Wattrelos;2021;Eau (direct);Demande chimique en oxygène (DCO);1050000;kg/an
0009076902;STEP - Lyon - Saint Fons;2021;Eau (direct);Demande biologique en oxygène (DBO5);1500000;kg/an
0009076902;STEP - Lyon - Saint Fons;2021;Eau (direct);Demande chimique en oxygène (DCO);5160000;kg/an
0009075906;STEP - Lille-C.U.-Wattrelos;2021;Eau (direct);Fer et composés (exprimés en tant que Fe);5970;kg/an
0009076902;STEP - Lyon - Saint Fons;2021;Eau (direct);Matières en suspension (MES);2820000;kg/an
0009076902;STEP - Lyon - Saint Fons;2021;Eau (direct);Nickel et composés (exprimés en tant que Ni);344;kg/an
0009076902;STEP - Lyon - Saint Fons;2021;Eau (direct);Phosphore total;204000;kg/an
0009075906;STEP - Lille-C.U.-Wattrelos;2021;Eau (direct);Fluorures (en tant que F total);15900;kg/an
0009076902;STEP - Lyon - Saint Fons;2021;Eau (direct);Plomb et composés (exprimés en tant que Pb);116;kg/an
0009076902;STEP - Lyon - Saint Fons;2021;Eau (direct);Zinc et composés (exprimés en tant que Zn);5120;kg/an
0009075906;STEP - Lille-C.U.-Wattrelos;2021;Eau (direct);Manganèse et composés (exprimés en tant que Mn);2330;kg/an
0009075906;STEP - Lille-C.U.-Wattrelos;2021;Eau (direct);Matières en suspension (MES);451000;kg/an
0009075906;STEP - Lille-C.U.-Wattrelos;2021;Eau (direct);Nickel et composés (exprimés en tant que Ni);163;kg/an
0009076903;STEP - VILLEFRANCHE SUR SAONE;2021;Eau (direct);Azote total;66500;kg/an
0009075906;STEP - Lille-C.U.-Wattrelos;2021;Eau (direct);Phosphore total;29800;kg/an
0009076903;STEP - VILLEFRANCHE SUR SAONE;2021;Eau (direct);Cuivre et composés (exprimés en tant que Cu);64.3;kg/an
0009075906;STEP - Lille-C.U.-Wattrelos;2021;Eau (direct);Plomb et composés (exprimés en tant que Pb);42;kg/an
0009076903;STEP - VILLEFRANCHE SUR SAONE;2021;Eau (direct);Plomb et composés (exprimés en tant que Pb);24.2;kg/an
0009076903;STEP - VILLEFRANCHE SUR SAONE;2021;Eau (direct);Zinc et composés (exprimés en tant que Zn);222;kg/an
0009075906;STEP - Lille-C.U.-Wattrelos;2021;Eau (direct);Sulfates;3910000;kg/an
0009075906;STEP - Lille-C.U.-Wattrelos;2021;Eau (direct);Zinc et composés (exprimés en tant que Zn);1740;kg/an
0009076904;Station d'épuration à Feyssine;2021;Eau (direct);Azote total;65200;kg/an
0009076904;Station d'épuration à Feyssine;2021;Eau (direct);Cuivre et composés (exprimés en tant que Cu);139;kg/an
0009075906;STEP - Lille-C.U.-Wattrelos;2021;Sol;Arsenic et composés (exprimés en tant que As);26.9;kg/an
0009076904;Station d'épuration à Feyssine;2021;Eau (direct);Demande biologique en oxygène (DBO5);98100;kg/an
0009076904;Station d'épuration à Feyssine;2021;Eau (direct);Demande chimique en oxygène (DCO);499000;kg/an
0009075906;STEP - Lille-C.U.-Wattrelos;2021;Sol;Azote total;372000;kg/an
0009076904;Station d'épuration à Feyssine;2021;Eau (direct);Nickel et composés (exprimés en tant que Ni);163;kg/an
0009076904;Station d'épuration à Feyssine;2021;Eau (direct);Phosphore total;40400;kg/an
0009076904;Station d'épuration à Feyssine;2021;Eau (direct);Zinc et composés (exprimés en tant que Zn);878;kg/an
0009075906;STEP - Lille-C.U.-Wattrelos;2021;Sol;Cadmium et composés (exprimés en tant que Cd);10.7;kg/an
0009077101;UDEP du SITEAM (MACON);2021;Eau (indirect);Chloroforme (trichlorométhane);13.1;kg/an
0009077101;UDEP du SITEAM (MACON);2021;Sol;Cuivre et composés (exprimés en tant que Cu);241;kg/an
0009075906;STEP - Lille-C.U.-Wattrelos;2021;Sol;Chrome et composés (exprimés en tant que Cr);1360;kg/an
0009077101;UDEP du SITEAM (MACON);2021;Sol;Nickel et composés (exprimés en tant que Ni);33.5;kg/an
0009077101;UDEP du SITEAM (MACON);2021;Sol;Plomb et composés (exprimés en tant que Pb);59;kg/an
0009077101;UDEP du SITEAM (MACON);2021;Sol;Zinc et composés (exprimés en tant que Zn);455;kg/an
0009075906;STEP - Lille-C.U.-Wattrelos;2021;Sol;Cuivre et composés (exprimés en tant que Cu);983;kg/an
0009077101;UDEP du SITEAM (MACON);2021;Sol;PCBi : somme des 7 PCB indicateurs (PCB 28+PCB 52+PCB 101+PCB 118+PCB 138+PCB 153+PCB 180);0.11;kg/an
0009075906;STEP - Lille-C.U.-Wattrelos;2021;Sol;Hydrocarbures aromatiques polycycliques (HAP);8.2;kg/an
0009077301;UDEP - Chambéry;2021;Eau (direct);Azote total;409000;kg/an
0009077301;UDEP - Chambéry;2021;Eau (direct);Cobalt et composés (exprimés en tant que Co);73;kg/an
0009075906;STEP - Lille-C.U.-Wattrelos;2021;Sol;Mercure et composés (exprimés en tant que Hg);3.2;kg/an
0009077301;UDEP - Chambéry;2021;Eau (direct);Cuivre et composés (exprimés en tant que Cu);84;kg/an
0009077301;UDEP - Chambéry;2021;Eau (direct);Demande biologique en oxygène (DBO5);205000;kg/an
0009075906;STEP - Lille-C.U.-Wattrelos;2021;Sol;Nickel et composés (exprimés en tant que Ni);135;kg/an
0009077301;UDEP - Chambéry;2021;Eau (direct);Demande chimique en oxygène (DCO);879000;kg/an
0009077301;UDEP - Chambéry;2021;Eau (direct);Fer et composés (exprimés en tant que Fe);7900;kg/an
0009075906;STEP - Lille-C.U.-Wattrelos;2021;Sol;Phosphore total;286000;kg/an
0009077301;UDEP - Chambéry;2021;Eau (direct);Manganèse et composés (exprimés en tant que Mn);558;kg/an
0009077301;UDEP - Chambéry;2021;Eau (direct);Nickel et composés (exprimés en tant que Ni);438;kg/an
0009075906;STEP - Lille-C.U.-Wattrelos;2021;Sol;Plomb et composés (exprimés en tant que Pb);459;kg/an
0009077301;UDEP - Chambéry;2021;Eau (direct);Phosphore total;8450;kg/an
0009077301;UDEP - Chambéry;2021;Eau (direct);Zinc et composés (exprimés en tant que Zn);488;kg/an
0009075906;STEP - Lille-C.U.-Wattrelos;2021;Sol;Zinc et composés (exprimés en tant que Zn);5930;kg/an
0009077301;UDEP - Chambéry;2021;Eau (direct);Sulfonate de perfluorooctane (SPFO);0;kg/an
0009075906;STEP - Lille-C.U.-Wattrelos;2021;Sol;Biphényles polychlorés (PCB);1.4;kg/an
0009076201;STEP - JACQUES MONOD;2021;Eau (direct);Azote total;89100;kg/an
0009076201;STEP - JACQUES MONOD;2021;Eau (direct);Demande biologique en oxygène (DBO5);91300;kg/an
0009077401;STEP - CRAN-GEVRIER (Siloé);2021;Eau (direct);Azote total;99200;kg/an
0009076201;STEP - JACQUES MONOD;2021;Eau (direct);Demande chimique en oxygène (DCO);500000;kg/an
0009077401;STEP - CRAN-GEVRIER (Siloé);2021;Eau (direct);Cuivre et composés (exprimés en tant que Cu);212;kg/an
0009077401;STEP - CRAN-GEVRIER (Siloé);2021;Eau (direct);Demande biologique en oxygène (DBO5);189000;kg/an
0009077401;STEP - CRAN-GEVRIER (Siloé);2021;Eau (direct);Demande chimique en oxygène (DCO);847000;kg/an
0009077401;STEP - CRAN-GEVRIER (Siloé);2021;Eau (direct);Phosphore total;22400;kg/an
0009076201;STEP - JACQUES MONOD;2021;Eau (direct);Phosphore total;13800;kg/an
0009077401;STEP - CRAN-GEVRIER (Siloé);2021;Eau (direct);Zinc et composés (exprimés en tant que Zn);420;kg/an
0009077402;SERTE Station Epuration  - THONON LES BAINS;2021;Eau (indirect);Azote total;146000;kg/an
0009076201;STEP - JACQUES MONOD;2021;Sol;Cuivre et composés (exprimés en tant que Cu);218;kg/an
0009077402;SERTE Station Epuration  - THONON LES BAINS;2021;Eau (indirect);Demande chimique en oxygène (DCO);208000;kg/an
0009076201;STEP - JACQUES MONOD;2021;Sol;Nickel et composés (exprimés en tant que Ni);26.1;kg/an
0009077601;STEP EDELWEISS - LE HAVRE (code SANDRE 037635102000 - nouvelle station);2021;Eau (direct);Azote total;271000;kg/an
0009076201;STEP - JACQUES MONOD;2021;Sol;Plomb et composés (exprimés en tant que Pb);57.1;kg/an
0009077601;STEP EDELWEISS - LE HAVRE (code SANDRE 037635102000 - nouvelle station);2021;Eau (direct);Cadmium et composés (exprimés en tant que Cd);26.5;kg/an
0009077601;STEP EDELWEISS - LE HAVRE (code SANDRE 037635102000 - nouvelle station);2021;Eau (direct);Chlorures (en tant que Cl total);32400000;kg/an
0009076201;STEP - JACQUES MONOD;2021;Sol;Zinc et composés (exprimés en tant que Zn);738;kg/an
0009077601;STEP EDELWEISS - LE HAVRE (code SANDRE 037635102000 - nouvelle station);2021;Eau (direct);Cuivre et composés (exprimés en tant que Cu);1010;kg/an
0009077601;STEP EDELWEISS - LE HAVRE (code SANDRE 037635102000 - nouvelle station);2021;Eau (direct);Demande biologique en oxygène (DBO5);239000;kg/an
0009076202;STEP - Loison Sous Lens;2021;Eau (direct);Demande chimique en oxygène (DCO);203000;kg/an
0009077601;STEP EDELWEISS - LE HAVRE (code SANDRE 037635102000 - nouvelle station);2021;Eau (direct);Demande chimique en oxygène (DCO);1200000;kg/an
0009077601;STEP EDELWEISS - LE HAVRE (code SANDRE 037635102000 - nouvelle station);2021;Eau (direct);Matières en suspension (MES);481000;kg/an
0009077601;STEP EDELWEISS - LE HAVRE (code SANDRE 037635102000 - nouvelle station);2021;Eau (direct);Phosphore total;18300;kg/an
0009076202;STEP - Loison Sous Lens;2021;Eau (direct);Phosphore total;6550;kg/an
0009077601;STEP EDELWEISS - LE HAVRE (code SANDRE 037635102000 - nouvelle station);2021;Eau (direct);Plomb et composés (exprimés en tant que Pb);265;kg/an
0009077601;STEP EDELWEISS - LE HAVRE (code SANDRE 037635102000 - nouvelle station);2021;Eau (direct);Zinc et composés (exprimés en tant que Zn);4680;kg/an
0009077701;Station d'épuration de Saint-Thibault-des-Vignes;2021;Eau (direct);Azote total;215000;kg/an
0009076204;STEP - Arras (St Laurent Blangy);2021;Eau (indirect);Demande biologique en oxygène (DBO5);45100;kg/an
0009077701;Station d'épuration de Saint-Thibault-des-Vignes;2021;Eau (direct);Demande biologique en oxygène (DBO5);125000;kg/an
0009077701;Station d'épuration de Saint-Thibault-des-Vignes;2021;Eau (direct);Demande chimique en oxygène (DCO);525000;kg/an
0009077701;Station d'épuration de Saint-Thibault-des-Vignes;2021;Eau (direct);Phosphore total;9680;kg/an
0009076204;STEP - Arras (St Laurent Blangy);2021;Eau (indirect);Demande chimique en oxygène (DCO);228000;kg/an
0009076204;STEP - Arras (St Laurent Blangy);2021;Sol;Chrome et composés (exprimés en tant que Cr);89.7;kg/an
0009076204;STEP - Arras (St Laurent Blangy);2021;Sol;Cuivre et composés (exprimés en tant que Cu);637;kg/an
0009077702;STEP de Villenoy;2021;Sol;Cuivre et composés (exprimés en tant que Cu);143;kg/an
0009077702;STEP de Villenoy;2021;Sol;Plomb et composés (exprimés en tant que Pb);23.8;kg/an
0009076204;STEP - Arras (St Laurent Blangy);2021;Sol;Mercure et composés (exprimés en tant que Hg);1.6;kg/an
0009077702;STEP de Villenoy;2021;Sol;Zinc et composés (exprimés en tant que Zn);368;kg/an
0009076204;STEP - Arras (St Laurent Blangy);2021;Sol;Plomb et composés (exprimés en tant que Pb);151;kg/an
0009077801;SIAAP - Site Seine Aval;2021;Eau (direct);Azote total;10000000;kg/an
0009077801;SIAAP - Site Seine Aval;2021;Eau (direct);Demande biologique en oxygène (DBO5);6400000;kg/an
0009076204;STEP - Arras (St Laurent Blangy);2021;Sol;Zinc et composés (exprimés en tant que Zn);2250;kg/an
0009077801;SIAAP - Site Seine Aval;2021;Eau (direct);Demande chimique en oxygène (DCO);31700000;kg/an
0009077801;SIAAP - Site Seine Aval;2021;Eau (direct);Matières en suspension (MES);11000000;kg/an
0009076204;STEP - Arras (St Laurent Blangy);2021;Sol;Biphényles polychlorés (PCB);0.2;kg/an
0009077801;SIAAP - Site Seine Aval;2021;Eau (direct);Phosphore total;546000;kg/an
0009077801;SIAAP - Site Seine Aval;2021;Eau (direct);Sulfonate de perfluorooctane (SPFO);0;kg/an
0009076301;STEU - CLERMONT-FERRAND;2021;Eau (direct);Arsenic et composés (exprimés en tant que As);14.4;kg/an
0009077801;SIAAP - Site Seine Aval;2021;Sol;Aluminium et composés (exprimés en tant que Al);293000;kg/an
0009077801;SIAAP - Site Seine Aval;2021;Sol;Arsenic et composés (exprimés en tant que As);181;kg/an
0009077801;SIAAP - Site Seine Aval;2021;Sol;Cadmium et composés (exprimés en tant que Cd);79.4;kg/an
0009077801;SIAAP - Site Seine Aval;2021;Sol;Chrome et composés (exprimés en tant que Cr);2040;kg/an
0009077801;SIAAP - Site Seine Aval;2021;Sol;Cuivre et composés (exprimés en tant que Cu);22600;kg/an
0009077801;SIAAP - Site Seine Aval;2021;Sol;Fer et composés (exprimés en tant que Fe);3040000;kg/an
0009077801;SIAAP - Site Seine Aval;2021;Sol;Manganèse et composés (exprimés en tant que Mn);8100;kg/an
0009077801;SIAAP - Site Seine Aval;2021;Sol;Mercure et composés (exprimés en tant que Hg);42.9;kg/an
0009076301;STEU - CLERMONT-FERRAND;2021;Eau (direct);Azote total;115000;kg/an
0009077801;SIAAP - Site Seine Aval;2021;Sol;Nickel et composés (exprimés en tant que Ni);1090;kg/an
0009077801;SIAAP - Site Seine Aval;2021;Sol;Plomb et composés (exprimés en tant que Pb);4300;kg/an
0009076301;STEU - CLERMONT-FERRAND;2021;Eau (direct);Carbone organique total (en tant que C total ou DCO/3);136000;kg/an
0009077801;SIAAP - Site Seine Aval;2021;Sol;Zinc et composés (exprimés en tant que Zn);60900;kg/an
0009077801;SIAAP - Site Seine Aval;2021;Sol;PCBi : somme des 7 PCB indicateurs (PCB 28+PCB 52+PCB 101+PCB 118+PCB 138+PCB 153+PCB 180);4.98;kg/an
0009076301;STEU - CLERMONT-FERRAND;2021;Eau (direct);Cuivre et composés (exprimés en tant que Cu);132;kg/an
0009076301;STEU - CLERMONT-FERRAND;2021;Eau (direct);Demande biologique en oxygène (DBO5);57100;kg/an
0009076301;STEU - CLERMONT-FERRAND;2021;Eau (direct);Demande chimique en oxygène (DCO);407000;kg/an
0009076301;STEU - CLERMONT-FERRAND;2021;Eau (direct);Fer et composés (exprimés en tant que Fe);9060;kg/an
0009077803;STEP - LES MUREAUX;2021;Sol;Cuivre et composés (exprimés en tant que Cu);208;kg/an
0009077803;STEP - LES MUREAUX;2021;Sol;Nickel et composés (exprimés en tant que Ni);27.3;kg/an
0009076301;STEU - CLERMONT-FERRAND;2021;Eau (direct);Phosphore total;16900;kg/an
0009077803;STEP - LES MUREAUX;2021;Sol;Phosphore total;45300;kg/an
0009076301;STEU - CLERMONT-FERRAND;2021;Eau (direct);Plomb et composés (exprimés en tant que Pb);20.1;kg/an
0009077803;STEP - LES MUREAUX;2021;Sol;Zinc et composés (exprimés en tant que Zn);771;kg/an
0009077804;STEP - SEINE GRESILLONS;2021;Eau (direct);Aluminium et composés (exprimés en tant que Al);2780;kg/an
0009076301;STEU - CLERMONT-FERRAND;2021;Eau (direct);Zinc et composés (exprimés en tant que Zn);215;kg/an
0009077804;STEP - SEINE GRESILLONS;2021;Eau (direct);Azote total;1050000;kg/an
0009077804;STEP - SEINE GRESILLONS;2021;Eau (direct);Carbone organique total (en tant que C total ou DCO/3);749000;kg/an
0009076401;STEP - Pont de l'aveugle;2021;Eau (direct);Azote total;59400;kg/an
0009077804;STEP - SEINE GRESILLONS;2021;Eau (direct);Chlorures (en tant que Cl total);7880000;kg/an
0009076401;STEP - Pont de l'aveugle;2021;Eau (direct);Demande chimique en oxygène (DCO);269000;kg/an
0009077804;STEP - SEINE GRESILLONS;2021;Eau (direct);Composés organohalogénés (exprimés en tant que AOX);6600;kg/an
0009076401;STEP - Pont de l'aveugle;2021;Eau (direct);Phosphore total;11900;kg/an
0009077804;STEP - SEINE GRESILLONS;2021;Eau (direct);Cuivre et composés (exprimés en tant que Cu);245;kg/an
0009077804;STEP - SEINE GRESILLONS;2021;Eau (direct);Demande biologique en oxygène (DBO5);446000;kg/an
0009076402;STEP - LESCAR;2021;Eau (direct);Azote total;198000;kg/an
0009077804;STEP - SEINE GRESILLONS;2021;Eau (direct);Demande chimique en oxygène (DCO);2250000;kg/an
0009077804;STEP - SEINE GRESILLONS;2021;Eau (direct);Diuron;2.6;kg/an
0009077804;STEP - SEINE GRESILLONS;2021;Eau (direct);Etain et composés (exprimés en tant que Sn);585;kg/an
0009076402;STEP - LESCAR;2021;Eau (direct);Cadmium et composés (exprimés en tant que Cd);4.41;kg/an
0009077804;STEP - SEINE GRESILLONS;2021;Eau (direct);Fer et composés (exprimés en tant que Fe);46400;kg/an
0009077804;STEP - SEINE GRESILLONS;2021;Eau (direct);Fluorures (en tant que F total);20500;kg/an
0009076402;STEP - LESCAR;2021;Eau (direct);Chrome et composés (exprimés en tant que Cr);71;kg/an
0009077804;STEP - SEINE GRESILLONS;2021;Eau (direct);Manganèse et composés (exprimés en tant que Mn);5480;kg/an
0009077804;STEP - SEINE GRESILLONS;2021;Eau (direct);Matières en suspension (MES);384000;kg/an
0009076402;STEP - LESCAR;2021;Eau (direct);Cuivre et composés (exprimés en tant que Cu);189;kg/an
0009077804;STEP - SEINE GRESILLONS;2021;Eau (direct);Mercure et composés (exprimés en tant que Hg);3.9;kg/an
0009077804;STEP - SEINE GRESILLONS;2021;Eau (direct);Nickel et composés (exprimés en tant que Ni);227;kg/an
0009076402;STEP - LESCAR;2021;Eau (direct);Demande biologique en oxygène (DBO5);288000;kg/an
0009077804;STEP - SEINE GRESILLONS;2021;Eau (direct);Phosphore total;41400;kg/an
0009077804;STEP - SEINE GRESILLONS;2021;Eau (direct);Sulfates;7910000;kg/an
0009076402;STEP - LESCAR;2021;Eau (direct);Demande chimique en oxygène (DCO);1250000;kg/an
0009077804;STEP - SEINE GRESILLONS;2021;Eau (direct);Zinc et composés (exprimés en tant que Zn);2590;kg/an
0009077804;STEP - SEINE GRESILLONS;2021;Eau (direct);Sulfonate de perfluorooctane (SPFO);0;kg/an
0009076402;STEP - LESCAR;2021;Eau (direct);Matières en suspension (MES);531000;kg/an
0009078001;STEP - AMIENS;2021;Eau (direct);Demande chimique en oxygène (DCO);237000;kg/an
0009078001;STEP - AMIENS;2021;Eau (direct);Phosphore total;7040;kg/an
0009078001;STEP - AMIENS;2021;Sol;Chrome et composés (exprimés en tant que Cr);60.5;kg/an
0009076402;STEP - LESCAR;2021;Eau (direct);Nickel et composés (exprimés en tant que Ni);30;kg/an
0009078001;STEP - AMIENS;2021;Sol;Cuivre et composés (exprimés en tant que Cu);612;kg/an
0009078001;STEP - AMIENS;2021;Sol;Mercure et composés (exprimés en tant que Hg);2.78;kg/an
0009076402;STEP - LESCAR;2021;Eau (direct);Phosphore total;45500;kg/an
0009076402;STEP - LESCAR;2021;Eau (direct);Plomb et composés (exprimés en tant que Pb);57;kg/an
0009076402;STEP - LESCAR;2021;Eau (direct);Zinc et composés (exprimés en tant que Zn);662;kg/an
0009076601;STEP - Argelès sur Mer;2021;Eau (indirect);Azote total;151000;kg/an
0009078001;STEP - AMIENS;2021;Sol;Nickel et composés (exprimés en tant que Ni);68.5;kg/an
0009078001;STEP - AMIENS;2021;Sol;Plomb et composés (exprimés en tant que Pb);60.5;kg/an
0009076601;STEP - Argelès sur Mer;2021;Eau (indirect);Demande biologique en oxygène (DBO5);656000;kg/an
0009078001;STEP - AMIENS;2021;Sol;Zinc et composés (exprimés en tant que Zn);1030;kg/an
0009078001;STEP - AMIENS;2021;Sol;PCBi : somme des 7 PCB indicateurs (PCB 28+PCB 52+PCB 101+PCB 118+PCB 138+PCB 153+PCB 180);0.2;kg/an
0009076601;STEP - Argelès sur Mer;2021;Eau (indirect);Demande chimique en oxygène (DCO);1820000;kg/an
0009078301;STEP - Reyran;2021;Eau (direct);Azote total;340000;kg/an
0009078301;STEP - Reyran;2021;Eau (direct);Carbone organique total (en tant que C total ou DCO/3);144000;kg/an
0009076601;STEP - Argelès sur Mer;2021;Eau (indirect);Matières en suspension (MES);860000;kg/an
0009078301;STEP - Reyran;2021;Eau (direct);Chlorures (en tant que Cl total);4180000;kg/an
0009078301;STEP - Reyran;2021;Eau (direct);Composés organohalogénés (exprimés en tant que AOX);3460;kg/an
0009076601;STEP - Argelès sur Mer;2021;Eau (indirect);Phosphore total;17900;kg/an
0009078301;STEP - Reyran;2021;Eau (direct);Demande biologique en oxygène (DBO5);73300;kg/an
0009078301;STEP - Reyran;2021;Eau (direct);Demande chimique en oxygène (DCO);447000;kg/an
0009076602;STEP - PERPIGNAN;2021;Eau (indirect);Azote total;63200;kg/an
0009078301;STEP - Reyran;2021;Eau (direct);Fluorures (en tant que F total);3870;kg/an
0009078301;STEP - Reyran;2021;Eau (direct);Phosphore total;15800;kg/an
0009078301;STEP - Reyran;2021;Eau (direct);Sulfonate de perfluorooctane (SPFO);0;kg/an
0009076602;STEP - PERPIGNAN;2021;Eau (indirect);Demande biologique en oxygène (DBO5);58500;kg/an
0009076602;STEP - PERPIGNAN;2021;Eau (indirect);Demande chimique en oxygène (DCO);284000;kg/an
0009076602;STEP - PERPIGNAN;2021;Eau (indirect);Phosphore total;6650;kg/an
0009078302;STATION D'EPURATION AMPHITRIA CAP SICIE;2021;Eau (direct);Azote total;894000;kg/an
0009078302;STATION D'EPURATION AMPHITRIA CAP SICIE;2021;Eau (direct);Chlorures (en tant que Cl total);43000000;kg/an
0009076702;Station d'épuration des eaux usées de l'Eurométropole de Strasbourg;2021;Eau (direct);Azote total;512000;kg/an
0009078302;STATION D'EPURATION AMPHITRIA CAP SICIE;2021;Eau (direct);Cuivre et composés (exprimés en tant que Cu);270;kg/an
0009078302;STATION D'EPURATION AMPHITRIA CAP SICIE;2021;Eau (direct);Demande biologique en oxygène (DBO5);387000;kg/an
0009078302;STATION D'EPURATION AMPHITRIA CAP SICIE;2021;Eau (direct);Demande chimique en oxygène (DCO);1540000;kg/an
0009076702;Station d'épuration des eaux usées de l'Eurométropole de Strasbourg;2021;Eau (direct);Demande biologique en oxygène (DBO5);403000;kg/an
0009078302;STATION D'EPURATION AMPHITRIA CAP SICIE;2021;Eau (direct);Matières en suspension (MES);481000;kg/an
0009078302;STATION D'EPURATION AMPHITRIA CAP SICIE;2021;Eau (direct);Phosphore total;39000;kg/an
0009076702;Station d'épuration des eaux usées de l'Eurométropole de Strasbourg;2021;Eau (direct);Demande chimique en oxygène (DCO);2920000;kg/an
0009078302;STATION D'EPURATION AMPHITRIA CAP SICIE;2021;Eau (direct);Plomb et composés (exprimés en tant que Pb);53;kg/an
0009078302;STATION D'EPURATION AMPHITRIA CAP SICIE;2021;Eau (direct);Zinc et composés (exprimés en tant que Zn);616;kg/an
0009076702;Station d'épuration des eaux usées de l'Eurométropole de Strasbourg;2021;Eau (direct);Matières en suspension (MES);680000;kg/an
0009078303;STATION D'EPURATION AMPHORA PONT DE LA CLUE;2021;Eau (direct);Azote total;205000;kg/an
0009076702;Station d'épuration des eaux usées de l'Eurométropole de Strasbourg;2021;Eau (direct);Phosphore total;42800;kg/an
0009078303;STATION D'EPURATION AMPHORA PONT DE LA CLUE;2021;Eau (direct);Cuivre et composés (exprimés en tant que Cu);57.3;kg/an
0009078303;STATION D'EPURATION AMPHORA PONT DE LA CLUE;2021;Eau (direct);Demande biologique en oxygène (DBO5);66800;kg/an
0009076702;Station d'épuration des eaux usées de l'Eurométropole de Strasbourg;2021;Eau (direct);Hydroxyde d'ammonium (NH4+);43200;kg/an
0009078303;STATION D'EPURATION AMPHORA PONT DE LA CLUE;2021;Eau (direct);Demande chimique en oxygène (DCO);320000;kg/an
0009078303;STATION D'EPURATION AMPHORA PONT DE LA CLUE;2021;Eau (direct);Fer et composés (exprimés en tant que Fe);15700;kg/an
0009078303;STATION D'EPURATION AMPHORA PONT DE LA CLUE;2021;Eau (direct);Phosphore total;7760;kg/an
0009076802;STEP - MULHOUSE;2021;Eau (direct);Azote total;167000;kg/an
0009076802;STEP - MULHOUSE;2021;Eau (direct);Demande biologique en oxygène (DBO5);120000;kg/an
0009078304;STATION D'EPURATION ALMANARRE HYERES CARQUEIRANNE;2021;Eau (direct);Azote total;185000;kg/an
0009076802;STEP - MULHOUSE;2021;Eau (direct);Demande chimique en oxygène (DCO);674000;kg/an
0009078304;STATION D'EPURATION ALMANARRE HYERES CARQUEIRANNE;2021;Eau (direct);Demande chimique en oxygène (DCO);267000;kg/an
0009078304;STATION D'EPURATION ALMANARRE HYERES CARQUEIRANNE;2021;Eau (direct);Phosphore total;13200;kg/an
0009076802;STEP - MULHOUSE;2021;Eau (direct);Phosphore total;10400;kg/an
0009076901;STEP - Lyon - Pierre Bénite;2021;Eau (direct);Azote total;247000;kg/an
0009078401;STEP - Avignon - Le Pontet - Villeneuve les Avignon - Les Angles;2021;Eau (direct);Azote total;105000;kg/an
0009076901;STEP - Lyon - Pierre Bénite;2021;Eau (direct);Cuivre et composés (exprimés en tant que Cu);753;kg/an
0009078401;STEP - Avignon - Le Pontet - Villeneuve les Avignon - Les Angles;2021;Eau (direct);Demande biologique en oxygène (DBO5);88100;kg/an
0009078401;STEP - Avignon - Le Pontet - Villeneuve les Avignon - Les Angles;2021;Eau (direct);Demande chimique en oxygène (DCO);335000;kg/an
0009076901;STEP - Lyon - Pierre Bénite;2021;Eau (direct);Demande biologique en oxygène (DBO5);488000;kg/an
0009078401;STEP - Avignon - Le Pontet - Villeneuve les Avignon - Les Angles;2021;Eau (direct);Phosphore total;28200;kg/an
0009076901;STEP - Lyon - Pierre Bénite;2021;Eau (direct);Demande chimique en oxygène (DCO);1900000;kg/an
0010000473;VALORYELE;2021;Air;Oxydes d'azote (NOx/NO2);147000;kg/an
0009078601;Unités de traitement des eaux usées;2021;Eau (direct);Azote total;60200;kg/an
0009078601;Unités de traitement des eaux usées;2021;Eau (direct);Cuivre et composés (exprimés en tant que Cu);96.5;kg/an
0009078601;Unités de traitement des eaux usées;2021;Eau (direct);Demande chimique en oxygène (DCO);188000;kg/an
0009078601;Unités de traitement des eaux usées;2021;Eau (direct);Phosphore total;6680;kg/an
0009078601;Unités de traitement des eaux usées;2021;Eau (direct);Zinc et composés (exprimés en tant que Zn);215;kg/an
0009078601;Unités de traitement des eaux usées;2021;Sol;Cuivre et composés (exprimés en tant que Cu);386;kg/an
0010000473;VALORYELE;2021;Air;Dioxyde de carbone (CO2) d'origine non biomasse;49300000;kg/an
0009078601;Unités de traitement des eaux usées;2021;Sol;Mercure et composés (exprimés en tant que Hg);1.26;kg/an
0009078601;Unités de traitement des eaux usées;2021;Sol;Nickel et composés (exprimés en tant que Ni);26.1;kg/an
0009078601;Unités de traitement des eaux usées;2021;Sol;Plomb et composés (exprimés en tant que Pb);37.5;kg/an
0010000473;VALORYELE;2021;Air;Dioxyde de carbone (CO2) total (d'origine biomasse et non biomasse);114000000;kg/an
0009078601;Unités de traitement des eaux usées;2021;Sol;Zinc et composés (exprimés en tant que Zn);859;kg/an
0009078601;Unités de traitement des eaux usées;2021;Sol;PCBi : somme des 7 PCB indicateurs (PCB 28+PCB 52+PCB 101+PCB 118+PCB 138+PCB 153+PCB 180);0.129;kg/an
0010000503;BODIN JOYEUX 1;2021;Eau (indirect);Chrome et composés (exprimés en tant que Cr);83;kg/an
0009078701;STEP - LIMOGES;2021;Eau (indirect);Arsenic et composés (exprimés en tant que As);68;kg/an
0009078701;STEP - LIMOGES;2021;Eau (indirect);Azote total;138000;kg/an
0009078701;STEP - LIMOGES;2021;Eau (indirect);Carbone organique total (en tant que C total ou DCO/3);170000;kg/an
0010000504;LHOIST FRANCE OUEST;2021;Air;Dioxyde de carbone (CO2) d'origine non biomasse;79500000;kg/an
0009078701;STEP - LIMOGES;2021;Eau (indirect);Cuivre et composés (exprimés en tant que Cu);119;kg/an
0009078701;STEP - LIMOGES;2021;Eau (indirect);Demande biologique en oxygène (DBO5);131000;kg/an
0009078701;STEP - LIMOGES;2021;Eau (indirect);Demande chimique en oxygène (DCO);510000;kg/an
0010000504;LHOIST FRANCE OUEST;2021;Air;Dioxyde de carbone (CO2) total (d'origine biomasse et non biomasse);79500000;kg/an
0009078701;STEP - LIMOGES;2021;Eau (indirect);Fer et composés (exprimés en tant que Fe);5690;kg/an
0009078701;STEP - LIMOGES;2021;Eau (indirect);Manganèse et composés (exprimés en tant que Mn);918;kg/an
0010000509;ARKEMA (ex : CECA);2021;Eau (indirect);Nonylphénols et éthoxylates de nonylphénol (NP/NPE);3.29;kg/an
0009078701;STEP - LIMOGES;2021;Eau (indirect);Phosphore total;7310;kg/an
0009078701;STEP - LIMOGES;2021;Eau (indirect);Zinc et composés (exprimés en tant que Zn);1800;kg/an
0010000547;GMC - Galvanoplastie Moderne du Centre;2021;Eau (direct);Nickel et composés (exprimés en tant que Ni);42.5;kg/an
0010000577;INTERNATIONAL COOKWARE;2021;Air;Dioxyde de carbone (CO2) d'origine non biomasse;14300000;kg/an
0009079001;UDEP-BELFORT;2021;Eau (indirect);Arsenic et composés (exprimés en tant que As);58.8;kg/an
0009079001;UDEP-BELFORT;2021;Eau (indirect);Cadmium et composés (exprimés en tant que Cd);18.8;kg/an
0009079001;UDEP-BELFORT;2021;Eau (indirect);Chrome et composés (exprimés en tant que Cr);58.8;kg/an
0009079001;UDEP-BELFORT;2021;Eau (indirect);Cuivre et composés (exprimés en tant que Cu);62.7;kg/an
0010000577;INTERNATIONAL COOKWARE;2021;Air;Dioxyde de carbone (CO2) total (d'origine biomasse et non biomasse);14300000;kg/an
0009079001;UDEP-BELFORT;2021;Eau (indirect);Cyanures (sous forme de CN total);118;kg/an
0009079001;UDEP-BELFORT;2021;Eau (indirect);Nickel et composés (exprimés en tant que Ni);58.8;kg/an
0010000612;SETS;2021;Eau (direct);Nickel et composés (exprimés en tant que Ni);22.9;kg/an
0009079001;UDEP-BELFORT;2021;Eau (indirect);Plomb et composés (exprimés en tant que Pb);23.5;kg/an
0010000625;STEARINERIE DUBOIS;2021;Sol;Fer et composés (exprimés en tant que Fe);8160;kg/an
0009079001;UDEP-BELFORT;2021;Eau (indirect);Zinc et composés (exprimés en tant que Zn);525;kg/an
0010000626;STEP  (Station d'Epuration);2021;Eau (direct);Sulfonate de perfluorooctane (SPFO);0;kg/an
0009079101;STEU - Evry-Courcouronnes;2021;Eau (direct);Azote total;112000;kg/an
0009079101;STEU - Evry-Courcouronnes;2021;Eau (direct);Demande chimique en oxygène (DCO);227000;kg/an
0009079101;STEU - Evry-Courcouronnes;2021;Eau (direct);Phosphore total;8680;kg/an
0009079201;STEP - Seine-centre;2021;Eau (direct);Aluminium et composés (exprimés en tant que Al);3800;kg/an
0010000626;STEP  (Station d'Epuration);2021;Sol;Chrome et composés (exprimés en tant que Cr);94.6;kg/an
0009079201;STEP - Seine-centre;2021;Eau (direct);Azote total;1050000;kg/an
0009079201;STEP - Seine-centre;2021;Eau (direct);Carbone organique total (en tant que C total ou DCO/3);532000;kg/an
0010000648;CALCIA (Ciments) (Usine);2021;Air;Ammoniac (NH3);33900;kg/an
0009079201;STEP - Seine-centre;2021;Eau (direct);Chlorures (en tant que Cl total);6680000;kg/an
0009079201;STEP - Seine-centre;2021;Eau (direct);Composés organohalogénés (exprimés en tant que AOX);4370;kg/an
0009079201;STEP - Seine-centre;2021;Eau (direct);Cuivre et composés (exprimés en tant que Cu);134;kg/an
0010000648;CALCIA (Ciments) (Usine);2021;Air;Benzène;2100;kg/an
0009079201;STEP - Seine-centre;2021;Eau (direct);Demande biologique en oxygène (DBO5);361000;kg/an
0009079201;STEP - Seine-centre;2021;Eau (direct);Demande chimique en oxygène (DCO);1800000;kg/an
0010000648;CALCIA (Ciments) (Usine);2021;Air;Dioxyde de carbone (CO2) d'origine biomasse;15200000;kg/an
0009079201;STEP - Seine-centre;2021;Eau (direct);Fer et composés (exprimés en tant que Fe);19000;kg/an
0009079201;STEP - Seine-centre;2021;Eau (direct);Fluorures (en tant que F total);18000;kg/an
0009079201;STEP - Seine-centre;2021;Eau (direct);Manganèse et composés (exprimés en tant que Mn);982;kg/an
0009079201;STEP - Seine-centre;2021;Eau (direct);Matières en suspension (MES);338000;kg/an
0010000648;CALCIA (Ciments) (Usine);2021;Air;Naphthalène;178;kg/an
0009079201;STEP - Seine-centre;2021;Eau (direct);Phosphore total;33600;kg/an
0009079201;STEP - Seine-centre;2021;Eau (direct);Sulfates;7600000;kg/an
0009079201;STEP - Seine-centre;2021;Eau (direct);Zinc et composés (exprimés en tant que Zn);2720;kg/an
0009079201;STEP - Seine-centre;2021;Eau (direct);Sulfonate de perfluorooctane (SPFO);0;kg/an
0009079301;Usine d'épuration de Seine Morée;2021;Eau (direct);Azote total;91000;kg/an
0009079302;SIAAP Marne Aval - Station d'épuration;2021;Air;Dioxyde de carbone (CO2) d'origine non biomasse;15100000;kg/an
0009079302;SIAAP Marne Aval - Station d'épuration;2021;Air;Dioxyde de carbone (CO2) total (d'origine biomasse et non biomasse);15100000;kg/an
0010000648;CALCIA (Ciments) (Usine);2021;Air;Oxydes d'azote (NOx/NO2);718000;kg/an
0009079302;SIAAP Marne Aval - Station d'épuration;2021;Eau (direct);Azote total;400000;kg/an
0009079302;SIAAP Marne Aval - Station d'épuration;2021;Eau (direct);Demande biologique en oxygène (DBO5);195000;kg/an
0009079302;SIAAP Marne Aval - Station d'épuration;2021;Eau (direct);Demande chimique en oxygène (DCO);947000;kg/an
0010000648;CALCIA (Ciments) (Usine);2021;Air;Protoxyde d'azote (N2O);15900;kg/an
0010000648;CALCIA (Ciments) (Usine);2021;Air;Dioxyde de carbone (CO2) d'origine non biomasse;260000000;kg/an
0009079302;SIAAP Marne Aval - Station d'épuration;2021;Eau (direct);Phosphore total;17900;kg/an
0010000648;CALCIA (Ciments) (Usine);2021;Air;Dioxyde de carbone (CO2) total (d'origine biomasse et non biomasse);275000000;kg/an
0010000653;CHEMINEAU LABORATOIRES;2021;Air;Composés organiques volatils non méthaniques (COVNM);41900;kg/an
0009079401;Usine d'épuration Seine amont;2021;Eau (direct);Azote total;3450000;kg/an
0009079401;Usine d'épuration Seine amont;2021;Eau (direct);Demande biologique en oxygène (DBO5);1360000;kg/an
0009079401;Usine d'épuration Seine amont;2021;Eau (direct);Demande chimique en oxygène (DCO);6370000;kg/an
0010000663;PAPETERIES PALM SA_SEYFERT;2021;Eau (direct);Demande chimique en oxygène (DCO);189000;kg/an
0009079401;Usine d'épuration Seine amont;2021;Eau (direct);Matières en suspension (MES);2560000;kg/an
0009079401;Usine d'épuration Seine amont;2021;Eau (direct);Phosphore total;250000;kg/an
0009079401;Usine d'épuration Seine amont;2021;Eau (direct);Sulfonate de perfluorooctane (SPFO);0;kg/an
0010000670;DALKIA France;2021;Air;Dioxyde de carbone (CO2) d'origine non biomasse;15600000;kg/an
0009079501;Station de dépollution de Bonneuil-en-France;2021;Eau (direct);Azote total;307000;kg/an
0010000670;DALKIA France;2021;Air;Dioxyde de carbone (CO2) total (d'origine biomasse et non biomasse);15600000;kg/an
0009079501;Station de dépollution de Bonneuil-en-France;2021;Eau (direct);Composés organohalogénés (exprimés en tant que AOX);4600;kg/an
0009079501;Station de dépollution de Bonneuil-en-France;2021;Eau (direct);Demande biologique en oxygène (DBO5);68600;kg/an
0010000680;STORENGY;2021;Air;Méthane (CH4);119000;kg/an
0009079501;Station de dépollution de Bonneuil-en-France;2021;Eau (direct);Demande chimique en oxygène (DCO);614000;kg/an
0009079501;Station de dépollution de Bonneuil-en-France;2021;Eau (direct);Nickel et composés (exprimés en tant que Ni);158;kg/an
0009079501;Station de dépollution de Bonneuil-en-France;2021;Eau (direct);Phosphore total;6170;kg/an
0010000685;HUTCHINSON;2021;Air;Tétrachloroéthylène (PER, tétrachloroéthylène);10200;kg/an
0009079501;Station de dépollution de Bonneuil-en-France;2021;Eau (direct);Zinc et composés (exprimés en tant que Zn);861;kg/an
0009079501;Station de dépollution de Bonneuil-en-France;2021;Eau (direct);Sulfonate de perfluorooctane (SPFO);0;kg/an
0010000689;INDENA;2021;Air;Composés organiques volatils non méthaniques (COVNM);42200;kg/an
0010000690;INOVA OPERATIONS SAS;2021;Air;Dioxyde de carbone (CO2) total (d'origine biomasse et non biomasse);16100000;kg/an
0010000010;BUTAGAZ - Site d'Aubigny-sur-Nère;2021;Air;Composés organiques volatils non méthaniques (COVNM);38100;kg/an
0010000692;KNAUF INDUSTRIES;2021;Air;Composés organiques volatils non méthaniques (COVNM);84900;kg/an
0010000711;OREP PACKAGING;2021;Air;Composés organiques volatils non méthaniques (COVNM);119000;kg/an
0010000033;MFP MICHELIN;2021;Air;Dioxyde de carbone (CO2) total (d'origine biomasse et non biomasse);10900000;kg/an
0010000714;FAREVA Amboise;2021;Air;Hydroflurocarbures (HFC);107;kg/an
0010000149;CHARTRES METROPOLE TRAITEMENT VALORISATI;2021;Air;Dioxyde de carbone (CO2) d'origine biomasse;18700000;kg/an
0010000149;CHARTRES METROPOLE TRAITEMENT VALORISATI;2021;Air;Oxydes d'azote (NOx/NO2);105000;kg/an
0010000149;CHARTRES METROPOLE TRAITEMENT VALORISATI;2021;Air;Dioxyde de carbone (CO2) d'origine non biomasse;14300000;kg/an
0010000714;FAREVA Amboise;2021;Air;Protoxyde d'azote (N2O);10100;kg/an
0010000149;CHARTRES METROPOLE TRAITEMENT VALORISATI;2021;Air;Dioxyde de carbone (CO2) total (d'origine biomasse et non biomasse);33000000;kg/an
0010000729;SOCIETE DE CHAUFFAGE DES BORDS DU CHER;2021;Air;Dioxyde de carbone (CO2) d'origine non biomasse;12300000;kg/an
0010000194;FIABILA;2021;Air;Composés organiques volatils non méthaniques (COVNM);122000;kg/an
0010000729;SOCIETE DE CHAUFFAGE DES BORDS DU CHER;2021;Air;Dioxyde de carbone (CO2) total (d'origine biomasse et non biomasse);12300000;kg/an
0010000310;PUIG FRANCE;2021;Air;Composés organiques volatils non méthaniques (COVNM);31800;kg/an
0010000740;STMICROELECTRONICS SAS;2021;Air;Composés organiques volatils non méthaniques (COVNM);105000;kg/an
0010000740;STMICROELECTRONICS SAS;2021;Air;Hexafluorure de soufre (SF6);48.9;kg/an
0010000336;RAIGI;2021;Air;Hydrochlorofluorocarbures (HCFC);2580;kg/an
0010000740;STMICROELECTRONICS SAS;2021;Air;Perfluorocarbures (PFC);205;kg/an
0010000442;SUEZ RV CENTRE OUEST;2021;Air;Dioxyde de carbone (CO2) d'origine biomasse;14000000;kg/an
0010000442;SUEZ RV CENTRE OUEST;2021;Air;Dioxyde de carbone (CO2) total (d'origine biomasse et non biomasse);14000000;kg/an
0010000740;STMICROELECTRONICS SAS;2021;Eau (indirect);Fluorures (en tant que F total);3800;kg/an
0010000473;VALORYELE;2021;Air;Dioxyde de carbone (CO2) d'origine biomasse;65100000;kg/an
0010000740;STMICROELECTRONICS SAS;2021;Eau (indirect);Nickel et composés (exprimés en tant que Ni);25.9;kg/an
0010000764;SANOFI WINTHROP INDUSTRIE;2021;Air;Composés organiques volatils non méthaniques (COVNM);33400;kg/an
0010000764;SANOFI WINTHROP INDUSTRIE;2021;Air;Hydroflurocarbures (HFC);151;kg/an
0010000968;DS SMITH PAPER COULLONS;2021;Sol;Phénols (en tant que C total);21.5;kg/an
0010000973;CHRYSO SAS;2021;Air;Aldéhyde formique (formaldéhyde);1060;kg/an
0010000974;ARCEVAL (CIDEME);2021;Air;Dioxyde de carbone (CO2) d'origine biomasse;26000000;kg/an
0010004219;PROCTER ET GAMBLE BLOIS;2021;Eau (indirect);Demande biologique en oxygène (DBO5);46000;kg/an
0010000974;ARCEVAL (CIDEME);2021;Air;Dioxyde de carbone (CO2) d'origine non biomasse;20100000;kg/an
0010000974;ARCEVAL (CIDEME);2021;Air;Dioxyde de carbone (CO2) total (d'origine biomasse et non biomasse);46200000;kg/an
0010001019;SIDESUP;2021;Air;Acétaldéhyde (aldéhyde acétique  éthanal);1490;kg/an
0010001019;SIDESUP;2021;Air;Composés organiques volatils non méthaniques (COVNM);43700;kg/an
0010004249;HUTCHINSON;2021;Air;Composés organiques volatils non méthaniques (COVNM);38000;kg/an
0010004249;HUTCHINSON;2021;Air;Dichlorométhane (DCM, chlorure de méthylène);33500;kg/an
0010004585;SWISS KRONO;2021;Air;Composés organiques volatils non méthaniques (COVNM);339000;kg/an
0010001019;SIDESUP;2021;Air;Dioxyde de carbone (CO2) d'origine biomasse;13700000;kg/an
0010004585;SWISS KRONO;2021;Air;Dioxyde de carbone (CO2) d'origine biomasse;104000000;kg/an
0010004585;SWISS KRONO;2021;Air;Oxydes d'azote (NOx/NO2);195000;kg/an
0010001019;SIDESUP;2021;Air;Poussières totales;102000;kg/an
0010004585;SWISS KRONO;2021;Air;Poussières totales;120000;kg/an
0010004585;SWISS KRONO;2021;Air;Dioxyde de carbone (CO2) d'origine non biomasse;55100000;kg/an
0010001019;SIDESUP;2021;Air;Dioxyde de carbone (CO2) d'origine non biomasse;14900000;kg/an
0010004585;SWISS KRONO;2021;Air;Dioxyde de carbone (CO2) total (d'origine biomasse et non biomasse);159000000;kg/an
0010004585;SWISS KRONO;2021;Eau (direct);Zinc et composés (exprimés en tant que Zn);198;kg/an
0010001019;SIDESUP;2021;Air;Dioxyde de carbone (CO2) total (d'origine biomasse et non biomasse);28600000;kg/an
0010001078;DIOR (Parfums Christian);2021;Air;Composés organiques volatils non méthaniques (COVNM);72600;kg/an
0010005151;SETRAD;2021;Air;Méthane (CH4);488000;kg/an
0010005199;GRTgaz Station de Roussines;2021;Air;Composés organiques volatils non méthaniques (COVNM);30600;kg/an
0010001092;ECO-LOGISTIQUE Réemploi;2021;Eau (direct);Sulfonate de perfluorooctane (SPFO);0;kg/an
0010005199;GRTgaz Station de Roussines;2021;Air;Méthane (CH4);261000;kg/an
0010001145;ESSITY OPERATIONS FRANCE (ex TISSUE);2021;Air;Dioxyde de carbone (CO2) d'origine non biomasse;84600000;kg/an
0010001145;ESSITY OPERATIONS FRANCE (ex TISSUE);2021;Air;Dioxyde de carbone (CO2) total (d'origine biomasse et non biomasse);84600000;kg/an
0010005778;CODIFRANCE (ex DISVAL);2021;Air;Hydroflurocarbures (HFC);412;kg/an
0010001229;ISOSSOL;2021;Air;Composés organiques volatils non méthaniques (COVNM);107000;kg/an
0010005940;SOCCOIM - VEOLIA PROPRETE;2021;Air;Méthane (CH4);163000;kg/an
0010001230;PMC ISOCHEM;2021;Air;Chloroforme (trichlorométhane);766;kg/an
0010001230;PMC ISOCHEM;2021;Air;Hydroflurocarbures (HFC);294;kg/an
0010001289;LES CRUDETTES;2021;Eau (direct);Chloroforme (trichlorométhane);10.1;kg/an
0010001318;MAINGOURD;2021;Sol;Zinc et composés (exprimés en tant que Zn);123;kg/an
0010006429;HAMON THERMAL EUROPE;2021;Air;Composés organiques volatils non méthaniques (COVNM);47600;kg/an
0010001395;SUEZ RV Energie (ex NOVERGIE);2021;Air;Dioxyde de carbone (CO2) d'origine biomasse;13400000;kg/an
0010001395;SUEZ RV Energie (ex NOVERGIE);2021;Air;Dioxyde de carbone (CO2) d'origine non biomasse;10200000;kg/an
0010007111;SUEZ RV CENTRE OUEST;2021;Air;Méthane (CH4);136000;kg/an
0010001395;SUEZ RV Energie (ex NOVERGIE);2021;Air;Dioxyde de carbone (CO2) total (d'origine biomasse et non biomasse);23700000;kg/an
0010001557;TEREOS FRANCE;2021;Air;Dioxyde de carbone (CO2) d'origine biomasse;30000000;kg/an
0010007189;SETRAD;2021;Air;Méthane (CH4);331000;kg/an
0010001557;TEREOS FRANCE;2021;Air;Dioxyde de carbone (CO2) d'origine non biomasse;68700000;kg/an
0010001557;TEREOS FRANCE;2021;Air;Dioxyde de carbone (CO2) total (d'origine biomasse et non biomasse);98700000;kg/an
0010001570;TERRALIA;2021;Air;Méthane (CH4);118000;kg/an
0010007319;COVED;2021;Air;Méthane (CH4);193000;kg/an
0010001612;SOCOS;2021;Air;Dioxyde de carbone (CO2) d'origine non biomasse;16600000;kg/an
0010001612;SOCOS;2021;Air;Dioxyde de carbone (CO2) total (d'origine biomasse et non biomasse);16600000;kg/an
0010007479;HIRSCH FRANCE (ex PLACOPLATRE);2021;Air;Composés organiques volatils non méthaniques (COVNM);153000;kg/an
0010001618;SOFLEC;2021;Air;Dioxyde de carbone (CO2) total (d'origine biomasse et non biomasse);11600000;kg/an
0010001744;DURALEX INTERNATIONAL;2021;Air;Dioxyde de carbone (CO2) d'origine non biomasse;24300000;kg/an
0010001744;DURALEX INTERNATIONAL;2021;Air;Dioxyde de carbone (CO2) total (d'origine biomasse et non biomasse);24300000;kg/an
0010008117;SCEA LA VILLENEUVE;2021;Air;Ammoniac (NH3);11900;kg/an
0010001762;CEO Compagnie des Eaux et de l'Ozone;2021;Eau (indirect);Fer et composés (exprimés en tant que Fe);45000;kg/an
0010001770;STORENGY;2021;Air;Composés organiques volatils non méthaniques (COVNM);71900;kg/an
0010009007;SEDE ENVIRONNEMENT (DROUAIS COMPOST);2021;Air;Ammoniac (NH3);11000;kg/an
0010009007;SEDE ENVIRONNEMENT (DROUAIS COMPOST);2021;Sol;Chrome et composés (exprimés en tant que Cr);63;kg/an
0010009007;SEDE ENVIRONNEMENT (DROUAIS COMPOST);2021;Sol;Cuivre et composés (exprimés en tant que Cu);279;kg/an
0010001770;STORENGY;2021;Air;Méthane (CH4);486000;kg/an
0010009007;SEDE ENVIRONNEMENT (DROUAIS COMPOST);2021;Sol;Nickel et composés (exprimés en tant que Ni);80.8;kg/an
0010009007;SEDE ENVIRONNEMENT (DROUAIS COMPOST);2021;Sol;Phosphore total;11000;kg/an
0010001770;STORENGY;2021;Air;Dioxyde de carbone (CO2) d'origine non biomasse;36400000;kg/an
0010009007;SEDE ENVIRONNEMENT (DROUAIS COMPOST);2021;Sol;Plomb et composés (exprimés en tant que Pb);69.2;kg/an
0010009007;SEDE ENVIRONNEMENT (DROUAIS COMPOST);2021;Sol;Zinc et composés (exprimés en tant que Zn);412;kg/an
0010001770;STORENGY;2021;Air;Dioxyde de carbone (CO2) total (d'origine biomasse et non biomasse);36400000;kg/an
0010001788;FAURECIA AUTOMOTIVE COMPOSITES;2021;Air;Composés organiques volatils non méthaniques (COVNM);86600;kg/an
0010001790;IDI COMPOSITES INTERNATIONAL EUROPE;2021;Air;Composés organiques volatils non méthaniques (COVNM);53900;kg/an
0010009453;Bourges Bio Energie Service - BBES;2021;Air;Dioxyde de carbone (CO2) d'origine biomasse;31400000;kg/an
0010001801;VALCANTE - Nouvelle UIOM;2021;Air;Dioxyde de carbone (CO2) d'origine biomasse;48700000;kg/an
0010009453;Bourges Bio Energie Service - BBES;2021;Air;Dioxyde de carbone (CO2) total (d'origine biomasse et non biomasse);32100000;kg/an
0010010029;ICT FRANCE SAS;2021;Air;Dioxyde de carbone (CO2) d'origine non biomasse;20000000;kg/an
0010010029;ICT FRANCE SAS;2021;Air;Dioxyde de carbone (CO2) total (d'origine biomasse et non biomasse);20000000;kg/an
0010001801;VALCANTE - Nouvelle UIOM;2021;Air;Oxydes d'azote (NOx/NO2);135000;kg/an
0010010929;DALKIA BIOMASSE ORLEANS;2021;Air;Dioxyde de carbone (CO2) d'origine biomasse;83800000;kg/an
0010010929;DALKIA BIOMASSE ORLEANS;2021;Air;Oxydes d'azote (NOx/NO2);110000;kg/an
0010010929;DALKIA BIOMASSE ORLEANS;2021;Air;Dioxyde de carbone (CO2) total (d'origine biomasse et non biomasse);83800000;kg/an
0010001801;VALCANTE - Nouvelle UIOM;2021;Air;Dioxyde de carbone (CO2) d'origine non biomasse;36800000;kg/an
0010011166;DALKIA BIOMASSE TOURS;2021;Air;Dioxyde de carbone (CO2) d'origine biomasse;79200000;kg/an
0010011166;DALKIA BIOMASSE TOURS;2021;Air;Dioxyde de carbone (CO2) total (d'origine biomasse et non biomasse);79300000;kg/an
0010011181;RECTICEL INSULATION SAS;2021;Air;Composés organiques volatils non méthaniques (COVNM);57600;kg/an
0010001801;VALCANTE - Nouvelle UIOM;2021;Air;Dioxyde de carbone (CO2) total (d'origine biomasse et non biomasse);85400000;kg/an
0010011487;GUERLAIN;2021;Eau (indirect);Demande biologique en oxygène (DBO5);69200;kg/an
0010002151;SODEC;2021;Air;Méthane (CH4);135000;kg/an
0010011487;GUERLAIN;2021;Eau (indirect);Demande chimique en oxygène (DCO);275000;kg/an
0010011487;GUERLAIN;2021;Eau (indirect);Zinc et composés (exprimés en tant que Zn);105;kg/an
0010002253;CRISTAL UNION (SVI);2021;Air;Dioxyde de carbone (CO2) d'origine non biomasse;38100000;kg/an
0010002253;CRISTAL UNION (SVI);2021;Air;Dioxyde de carbone (CO2) total (d'origine biomasse et non biomasse);38100000;kg/an
0010011584;SODC;2021;Air;Dioxyde de carbone (CO2) d'origine biomasse;91200000;kg/an
0010002254;CRISTAL UNION;2021;Air;Acétaldéhyde (aldéhyde acétique  éthanal);271;kg/an
0010011584;SODC;2021;Air;Dioxyde de carbone (CO2) total (d'origine biomasse et non biomasse);91200000;kg/an
0010011933;INNOLATION SAS;2021;Air;Composés organiques volatils non méthaniques (COVNM);294000;kg/an
0010002254;CRISTAL UNION;2021;Air;Dioxyde de carbone (CO2) d'origine non biomasse;39000000;kg/an
0010002254;CRISTAL UNION;2021;Air;Dioxyde de carbone (CO2) total (d'origine biomasse et non biomasse);39000000;kg/an
0010012257;LA COUTENCELLERIE;2021;Air;Ammoniac (NH3);83200;kg/an
0010002269;MOY PARK BEEF ORLEANS (ex MC KEY);2021;Air;Hydroflurocarbures (HFC);180;kg/an
0010012929;CHARTRES METROPOLE ENERGIES SPL;2021;Air;Dioxyde de carbone (CO2) d'origine biomasse;74100000;kg/an
0010012929;CHARTRES METROPOLE ENERGIES SPL;2021;Air;Dioxyde de carbone (CO2) total (d'origine biomasse et non biomasse);81300000;kg/an
0010002271;TRADIVAL;2021;Eau (indirect);Azote total;77400;kg/an
0010013142;DESCARTES BIOMASSE INDUSTRIE - DBI;2021;Air;Dioxyde de carbone (CO2) d'origine non biomasse;75100000;kg/an
0010013142;DESCARTES BIOMASSE INDUSTRIE - DBI;2021;Air;Dioxyde de carbone (CO2) total (d'origine biomasse et non biomasse);75100000;kg/an
0010002271;TRADIVAL;2021;Eau (indirect);Demande biologique en oxygène (DBO5);612000;kg/an
0010013144;MONIN Georges SAS;2021;Eau (indirect);Demande chimique en oxygène (DCO);368000;kg/an
0010002271;TRADIVAL;2021;Eau (indirect);Demande chimique en oxygène (DCO);1360000;kg/an
0010002271;TRADIVAL;2021;Eau (indirect);Matières en suspension (MES);304000;kg/an
0010013356;ORGAPHARM consolidé (sites 1 et 2);2021;Air;1,2-dichloroéthane (DCE - chlorure d'éthylène);1310;kg/an
0010002271;TRADIVAL;2021;Eau (indirect);Phosphore total;9900;kg/an
0010013356;ORGAPHARM consolidé (sites 1 et 2);2021;Air;Composés organiques volatils non méthaniques (COVNM);51800;kg/an
0010002273;PRODIA SAS;2021;Eau (indirect);Demande biologique en oxygène (DBO5);76800;kg/an
0010002273;PRODIA SAS;2021;Eau (indirect);Demande chimique en oxygène (DCO);178000;kg/an
0010013635;SUEZ RV Centre et Ouest (site consolidé);2021;Air;Méthane (CH4);128000;kg/an
0010003779;MALTERIES FRANCO SUISSES;2021;Air;Dioxyde de carbone (CO2) d'origine non biomasse;11300000;kg/an
0010003779;MALTERIES FRANCO SUISSES;2021;Air;Dioxyde de carbone (CO2) total (d'origine biomasse et non biomasse);18400000;kg/an
0010003779;MALTERIES FRANCO SUISSES;2021;Eau (indirect);Demande biologique en oxygène (DBO5);511000;kg/an
0010003779;MALTERIES FRANCO SUISSES;2021;Eau (indirect);Demande chimique en oxygène (DCO);1060000;kg/an
0010003779;MALTERIES FRANCO SUISSES;2021;Eau (indirect);Phosphore total;8650;kg/an
0010013918;TMED (Ex ENGIE COFELY) - Chaufferie Sud;2021;Air;Dioxyde de carbone (CO2) d'origine biomasse;10900000;kg/an
0010013918;TMED (Ex ENGIE COFELY) - Chaufferie Sud;2021;Air;Dioxyde de carbone (CO2) total (d'origine biomasse et non biomasse);14900000;kg/an
0010003791;LAIT VERNEUIL COOP TOURAINE BERRY;2021;Eau (indirect);Demande biologique en oxygène (DBO5);243000;kg/an
0010003791;LAIT VERNEUIL COOP TOURAINE BERRY;2021;Eau (indirect);Demande chimique en oxygène (DCO);438000;kg/an
0010100040;NATUREX SA;2021;Air;Composés organiques volatils non méthaniques (COVNM);110000;kg/an
0010100059;COGESTAR;2021;Air;Dioxyde de carbone (CO2) d'origine non biomasse;25200000;kg/an
0010003836;KNAUF INDUSTRIES;2021;Air;Composés organiques volatils non méthaniques (COVNM);89300;kg/an
0010100059;COGESTAR;2021;Air;Dioxyde de carbone (CO2) total (d'origine biomasse et non biomasse);25200000;kg/an
0010003855;SETRAD - ISDND Saint Laurent;2021;Air;Méthane (CH4);210000;kg/an
0010003878;Ciments Calcia-EPC FRANCE;2021;Air;Ammoniac (NH3);28800;kg/an
0010003878;Ciments Calcia-EPC FRANCE;2021;Air;Monoxyde de carbone (CO);926000;kg/an
0010100131;SYTRAIVAL;2021;Air;Méthane (CH4);109000;kg/an
0010003878;Ciments Calcia-EPC FRANCE;2021;Air;Oxydes de soufre (SOx/SO2);843000;kg/an
0010003878;Ciments Calcia-EPC FRANCE;2021;Air;Oxydes d'azote (NOx/NO2);484000;kg/an
0010300065;NOVOCERAM SAS;2021;Air;Dioxyde de carbone (CO2) d'origine non biomasse;18900000;kg/an
0010300065;NOVOCERAM SAS;2021;Air;Dioxyde de carbone (CO2) total (d'origine biomasse et non biomasse);18900000;kg/an
0010003878;Ciments Calcia-EPC FRANCE;2021;Air;Dioxyde de carbone (CO2) d'origine non biomasse;310000000;kg/an
0010003878;Ciments Calcia-EPC FRANCE;2021;Air;Dioxyde de carbone (CO2) total (d'origine biomasse et non biomasse);316000000;kg/an
0010300089;SYTRAD;2021;Air;Méthane (CH4);214000;kg/an
0010003902;COVED;2021;Air;Dioxyde de carbone (CO2) d'origine biomasse;14700000;kg/an
0010300110;REFRESCO FRANCE (site DELIFRUITS);2021;Air;Hydroflurocarbures (HFC);174;kg/an
0010003902;COVED;2021;Air;Méthane (CH4);368000;kg/an
0010300115;ANDROS;2021;Eau (indirect);Demande biologique en oxygène (DBO5);151000;kg/an
0010003902;COVED;2021;Air;Dioxyde de carbone (CO2) total (d'origine biomasse et non biomasse);14700000;kg/an
0010300115;ANDROS;2021;Eau (indirect);Demande chimique en oxygène (DCO);243000;kg/an
0010004012;SUEZ RV Centre Ouest - ISDND Sonzay;2021;Air;Dioxyde de carbone (CO2) d'origine biomasse;19600000;kg/an
0010300176;COVED ENVIRONNEMENT;2021;Air;Dioxyde de carbone (CO2) d'origine biomasse;25300000;kg/an
0010300176;COVED ENVIRONNEMENT;2021;Air;Méthane (CH4);1340000;kg/an
0010004012;SUEZ RV Centre Ouest - ISDND Sonzay;2021;Air;Méthane (CH4);1020000;kg/an
0010300176;COVED ENVIRONNEMENT;2021;Air;Dioxyde de carbone (CO2) total (d'origine biomasse et non biomasse);25300000;kg/an
0010004012;SUEZ RV Centre Ouest - ISDND Sonzay;2021;Air;Dioxyde de carbone (CO2) total (d'origine biomasse et non biomasse);19600000;kg/an
0010004028;CPK PRODUCTION FRANCE;2021;Eau (indirect);Demande biologique en oxygène (DBO5);76800;kg/an
0010004028;CPK PRODUCTION FRANCE;2021;Eau (indirect);Demande chimique en oxygène (DCO);165000;kg/an
0010300261;VALOMSY SAS;2021;Air;Composés organiques volatils non méthaniques (COVNM);42700;kg/an
0010400032;SUEZ RR IWS CHEMICALS FRANCE;2021;Air;Dioxyde de carbone (CO2) d'origine biomasse;59900000;kg/an
0010004204;PROVA;2021;Air;Composés organiques volatils non méthaniques (COVNM);254000;kg/an
0010400032;SUEZ RR IWS CHEMICALS FRANCE;2021;Air;Dioxyde de carbone (CO2) d'origine non biomasse;118000000;kg/an
0010400032;SUEZ RR IWS CHEMICALS FRANCE;2021;Air;Dioxyde de carbone (CO2) total (d'origine biomasse et non biomasse);178000000;kg/an
0016300107;O-I MANUFACTURING FRANCE;2021;Air;Cobalt et composés (exprimés en tant que Co);6.08;kg/an
0010400032;SUEZ RR IWS CHEMICALS FRANCE;2021;Eau (direct);Arsenic et composés (exprimés en tant que As);22.5;kg/an
0010400032;SUEZ RR IWS CHEMICALS FRANCE;2021;Eau (direct);Cadmium et composés (exprimés en tant que Cd);3.6;kg/an
0010400032;SUEZ RR IWS CHEMICALS FRANCE;2021;Eau (direct);Chlorures (en tant que Cl total);2960000;kg/an
0010400032;SUEZ RR IWS CHEMICALS FRANCE;2021;Eau (direct);Chrome hexavalent et composés (exprimés en tant que Cr VI);34.1;kg/an
0010400032;SUEZ RR IWS CHEMICALS FRANCE;2021;Eau (direct);Cuivre et composés (exprimés en tant que Cu);75.7;kg/an
0010400032;SUEZ RR IWS CHEMICALS FRANCE;2021;Eau (direct);Fluorures (en tant que F total);2660;kg/an
0010400032;SUEZ RR IWS CHEMICALS FRANCE;2021;Eau (direct);Nickel et composés (exprimés en tant que Ni);44.2;kg/an
0016300107;O-I MANUFACTURING FRANCE;2021;Air;Oxydes d'azote (NOx/NO2);154000;kg/an
0010400032;SUEZ RR IWS CHEMICALS FRANCE;2021;Eau (direct);Sulfates;5860000;kg/an
0016300107;O-I MANUFACTURING FRANCE;2021;Air;Dioxyde de carbone (CO2) d'origine non biomasse;91800000;kg/an
0010400059;BALTHAZARD ET COTTE- CARRIERES ET CHAUX;2021;Air;Dioxyde de carbone (CO2) d'origine non biomasse;78500000;kg/an
0010400059;BALTHAZARD ET COTTE- CARRIERES ET CHAUX;2021;Air;Dioxyde de carbone (CO2) total (d'origine biomasse et non biomasse);78500000;kg/an
0010400075;AIR LIQUIDE HYDROGENE;2021;Air;Dioxyde de carbone (CO2) d'origine non biomasse;13600000;kg/an
0010400075;AIR LIQUIDE HYDROGENE;2021;Air;Dioxyde de carbone (CO2) total (d'origine biomasse et non biomasse);13600000;kg/an
0016300107;O-I MANUFACTURING FRANCE;2021;Air;Dioxyde de carbone (CO2) total (d'origine biomasse et non biomasse);91800000;kg/an
0010400094;SOITEC;2021;Air;Ammoniac (NH3);15300;kg/an
0016300262;FERLUX SOCIETE - Laboratoires Médiolanum;2021;Eau (indirect);Demande biologique en oxygène (DBO5);91900;kg/an
0010400094;SOITEC;2021;Eau (direct);Fluorures (en tant que F total);5490;kg/an
0016400309;TRADIVAL;2021;Sol;Fer et composés (exprimés en tant que Fe);17300;kg/an
0010400095;KNAUF INDUSTRIE EST;2021;Air;Composés organiques volatils non méthaniques (COVNM);104000;kg/an
0010400104;NOVAPEX;2021;Air;Composés organiques volatils non méthaniques (COVNM);62300;kg/an
0016400362;SUEZ RV Centre Est;2021;Air;Dioxyde de carbone (CO2) d'origine biomasse;10700000;kg/an
0010400104;NOVAPEX;2021;Eau (direct);Phénols (en tant que C total);39;kg/an
0010400104;NOVAPEX;2021;Eau (indirect);Carbone organique total (en tant que C total ou DCO/3);380000;kg/an
0016400362;SUEZ RV Centre Est;2021;Air;Méthane (CH4);444000;kg/an
0010400104;NOVAPEX;2021;Eau (indirect);Demande chimique en oxygène (DCO);1180000;kg/an
0010400104;NOVAPEX;2021;Eau (indirect);Phénols (en tant que C total);5070;kg/an
0016400362;SUEZ RV Centre Est;2021;Air;Dioxyde de carbone (CO2) total (d'origine biomasse et non biomasse);10700000;kg/an
0010400106;DALKIA;2021;Air;Dioxyde de carbone (CO2) d'origine non biomasse;39200000;kg/an
0010400106;DALKIA;2021;Air;Dioxyde de carbone (CO2) total (d'origine biomasse et non biomasse);39200000;kg/an
0016400362;SUEZ RV Centre Est;2021;Eau (indirect);Arsenic et composés (exprimés en tant que As);28.5;kg/an
0016500006;COVERIS FLEXIBLES FRANCE SA;2021;Air;Composés organiques volatils non méthaniques (COVNM);115000;kg/an
0016500114;MULTISAC;2021;Air;Composés organiques volatils non méthaniques (COVNM);201000;kg/an
0016500173;COLLY & MARTIN SAS;2021;Air;Composés organiques volatils non méthaniques (COVNM);43600;kg/an
0010400185;ELIS RHONE-ALPES  MAJ;2021;Eau (indirect);Di(2-éthylhexyle)phtalate (DEHP);3.9;kg/an
0018200036;VEOLIA EAU NARBONNE-BIOTERRA;2021;Sol;Chrome et composés (exprimés en tant que Cr);202;kg/an
0018200036;VEOLIA EAU NARBONNE-BIOTERRA;2021;Sol;Cuivre et composés (exprimés en tant que Cu);906;kg/an
0010400392;SITOM NORD-ISERE (NOUVELLE UNITE);2021;Air;Dioxyde de carbone (CO2) d'origine biomasse;83800000;kg/an
0018200036;VEOLIA EAU NARBONNE-BIOTERRA;2021;Sol;Nickel et composés (exprimés en tant que Ni);63;kg/an
0010400392;SITOM NORD-ISERE (NOUVELLE UNITE);2021;Air;Dioxyde de carbone (CO2) d'origine non biomasse;83800000;kg/an
0010400392;SITOM NORD-ISERE (NOUVELLE UNITE);2021;Air;Dioxyde de carbone (CO2) total (d'origine biomasse et non biomasse);168000000;kg/an
0018200036;VEOLIA EAU NARBONNE-BIOTERRA;2021;Sol;Plomb et composés (exprimés en tant que Pb);93.3;kg/an
0018200036;VEOLIA EAU NARBONNE-BIOTERRA;2021;Sol;Zinc et composés (exprimés en tant que Zn);583;kg/an
0018200148;MONIER  Massia ex LAFARGE COUVERTURE;2021;Air;Dioxyde de carbone (CO2) d'origine non biomasse;30100000;kg/an
0010400549;SICTOM DE LA BIEVRE;2021;Air;Méthane (CH4);272000;kg/an
0018200148;MONIER  Massia ex LAFARGE COUVERTURE;2021;Air;Dioxyde de carbone (CO2) total (d'origine biomasse et non biomasse);30100000;kg/an
0018300005;TIRU-Groupe EDF- UTVE ARC IRIS;2021;Air;Dioxyde de carbone (CO2) d'origine biomasse;109000000;kg/an
0010400570;SCEA SOGIFRA - MEPIEU;2021;Air;Ammoniac (NH3);21100;kg/an
0018300005;TIRU-Groupe EDF- UTVE ARC IRIS;2021;Air;Oxydes d'azote (NOx/NO2);165000;kg/an
0010500024;SUEZ RV Borde Matin ISDND et ISDI;2021;Air;Dioxyde de carbone (CO2) d'origine biomasse;37400000;kg/an
0010500024;SUEZ RV Borde Matin ISDND et ISDI;2021;Air;Méthane (CH4);1360000;kg/an
0018300005;TIRU-Groupe EDF- UTVE ARC IRIS;2021;Air;Dioxyde de carbone (CO2) d'origine non biomasse;83100000;kg/an
0010500024;SUEZ RV Borde Matin ISDND et ISDI;2021;Air;Dioxyde de carbone (CO2) total (d'origine biomasse et non biomasse);37400000;kg/an
0018300005;TIRU-Groupe EDF- UTVE ARC IRIS;2021;Air;Dioxyde de carbone (CO2) total (d'origine biomasse et non biomasse);192000000;kg/an
0018300518;Communauté de Communes Nord Bassin Thau;2021;Air;Méthane (CH4);315000;kg/an
0018300603;Communauté d'agglom Béziers Méditerranée;2021;Air;Méthane (CH4);145000;kg/an
0010500109;CETIH (ex CID);2021;Air;Composés organiques volatils non méthaniques (COVNM);39900;kg/an
0018300685;AMETYST;2021;Air;Ammoniac (NH3);61700;kg/an
0018300685;AMETYST;2021;Air;Composés organiques volatils non méthaniques (COVNM);52400;kg/an
0010500263;RKW CASTELLETTA SAS;2021;Air;Composés organiques volatils non méthaniques (COVNM);94300;kg/an
0018300685;AMETYST;2021;Air;Dioxyde de carbone (CO2) d'origine biomasse;26300000;kg/an
0018300685;AMETYST;2021;Air;Méthane (CH4);164000;kg/an
0010600172;ELIS R.A. EX CWS FRANCE;2021;Eau (indirect);Di(2-éthylhexyle)phtalate (DEHP);1.2;kg/an
0018300685;AMETYST;2021;Air;Dioxyde de carbone (CO2) total (d'origine biomasse et non biomasse);26300000;kg/an
0010600289;SAFRAN LANDING SYSTEMS (ex MESSIER BUGA);2021;Air;Dioxyde de carbone (CO2) d'origine non biomasse;10400000;kg/an
0018300758;Montpellier Méditerranée Métropole;2021;Eau (direct);Arsenic et composés (exprimés en tant que As);124;kg/an
0010600289;SAFRAN LANDING SYSTEMS (ex MESSIER BUGA);2021;Air;Dioxyde de carbone (CO2) total (d'origine biomasse et non biomasse);10400000;kg/an
0010600289;SAFRAN LANDING SYSTEMS (ex MESSIER BUGA);2021;Eau (indirect);Fluoranthène;1.06;kg/an
0018300758;Montpellier Méditerranée Métropole;2021;Eau (direct);Azote total;1470000;kg/an
0018300758;Montpellier Méditerranée Métropole;2021;Eau (direct);Cadmium et composés (exprimés en tant que Cd);30.9;kg/an
0018300758;Montpellier Méditerranée Métropole;2021;Eau (direct);Chrome et composés (exprimés en tant que Cr);154;kg/an
0010600487;COURLY STEP DE LA FEYSSINE;2021;Eau (indirect);Phénols (en tant que C total);35.4;kg/an
0010600534;SNCF Mobilité TGV TECHNICENTRE DE LYON;2021;Eau (indirect);Cuivre et composés (exprimés en tant que Cu);1010;kg/an
0018300758;Montpellier Méditerranée Métropole;2021;Eau (direct);Cuivre et composés (exprimés en tant que Cu);154;kg/an
0010600573;ORANGE EX FRANCE TELECOM;2021;Air;Hydrochlorofluorocarbures (HCFC);43.1;kg/an
0018300758;Montpellier Méditerranée Métropole;2021;Eau (direct);Demande biologique en oxygène (DBO5);396000;kg/an
0010600720;FONDERIE VENISSIEUX  SAS;2021;Air;Composés organiques volatils non méthaniques (COVNM);48900;kg/an
0018300758;Montpellier Méditerranée Métropole;2021;Eau (direct);Demande chimique en oxygène (DCO);1770000;kg/an
0010600822;ELM OPERATIONS;2021;Air;Dioxyde de carbone (CO2) d'origine non biomasse;32700000;kg/an
0010600822;ELM OPERATIONS;2021;Air;Dioxyde de carbone (CO2) total (d'origine biomasse et non biomasse);32700000;kg/an
0018300758;Montpellier Méditerranée Métropole;2021;Eau (direct);Matières en suspension (MES);549000;kg/an
0010600939;MANUFACTURE GENERALE DE JOINTS;2021;Air;Hydroflurocarbures (HFC);16000;kg/an
0018300758;Montpellier Méditerranée Métropole;2021;Eau (direct);Mercure et composés (exprimés en tant que Hg);1.54;kg/an
0018300758;Montpellier Méditerranée Métropole;2021;Eau (direct);Nickel et composés (exprimés en tant que Ni);132;kg/an
0018300758;Montpellier Méditerranée Métropole;2021;Eau (direct);Phosphore total;63300;kg/an
0010700539;CEMOI CONFISEUR;2021;Eau (indirect);Demande biologique en oxygène (DBO5);98400;kg/an
0010700539;CEMOI CONFISEUR;2021;Eau (indirect);Demande chimique en oxygène (DCO);182000;kg/an
0018300758;Montpellier Méditerranée Métropole;2021;Eau (direct);Plomb et composés (exprimés en tant que Pb);61.8;kg/an
0012200020;SUEZ RV CENTRE EST (ex SITA);2021;Air;Méthane (CH4);370000;kg/an
0012400003;VON ROLL ISOLA FRANCE - SAMICA;2021;Eau (direct);Arsenic et composés (exprimés en tant que As);5.37;kg/an
0018300758;Montpellier Méditerranée Métropole;2021;Eau (direct);Zinc et composés (exprimés en tant que Zn);380;kg/an
0022100006;ALBIOMA LE MOULE;2021;Air;Dioxyde de carbone (CO2) d'origine biomasse;253000000;kg/an
0022100006;ALBIOMA LE MOULE;2021;Air;Oxydes de soufre (SOx/SO2);1360000;kg/an
0022100006;ALBIOMA LE MOULE;2021;Air;Oxydes d'azote (NOx/NO2);543000;kg/an
0012700046;SYTEVOM;2021;Air;Dioxyde de carbone (CO2) d'origine biomasse;19900000;kg/an
0012700046;SYTEVOM;2021;Air;Dioxyde de carbone (CO2) d'origine non biomasse;15200000;kg/an
0012700046;SYTEVOM;2021;Air;Dioxyde de carbone (CO2) total (d'origine biomasse et non biomasse);35100000;kg/an
0022100006;ALBIOMA LE MOULE;2021;Air;Poussières totales;112000;kg/an
0022100006;ALBIOMA LE MOULE;2021;Air;Protoxyde d'azote (N2O);22000;kg/an
0022100006;ALBIOMA LE MOULE;2021;Air;Dioxyde de carbone (CO2) d'origine non biomasse;344000000;kg/an
0022100006;ALBIOMA LE MOULE;2021;Air;Dioxyde de carbone (CO2) total (d'origine biomasse et non biomasse);596000000;kg/an
0022100006;ALBIOMA LE MOULE;2021;Eau (direct);Mercure et composés (exprimés en tant que Hg);1.09;kg/an
0022100013;ELECTRICITE DE FRANCE JYS;2021;Air;Dioxyde de carbone (CO2) d'origine non biomasse;39000000;kg/an
0040000024;Electricité De Mayotte - EDM;2021;Air;Dioxyde de carbone (CO2) d'origine non biomasse;49400000;kg/an
0040000024;Electricité De Mayotte - EDM;2021;Air;Dioxyde de carbone (CO2) total (d'origine biomasse et non biomasse);49400000;kg/an
0022100013;ELECTRICITE DE FRANCE JYS;2021;Air;Dioxyde de carbone (CO2) total (d'origine biomasse et non biomasse);39000000;kg/an
0040000207;EVOLLYS;2021;Eau (indirect);Demande biologique en oxygène (DBO5);192000;kg/an
0040000207;EVOLLYS;2021;Eau (indirect);Demande chimique en oxygène (DCO);387000;kg/an
0022100014;Centrale EDF de St Barthelemy;2021;Air;Cobalt et composés (exprimés en tant que Co);9.45;kg/an
0022100014;Centrale EDF de St Barthelemy;2021;Air;Oxydes d'azote (NOx/NO2);1310000;kg/an
0040000290;Centrale thermique EDF de Saint-Pierre;2021;Air;Dioxyde de carbone (CO2) d'origine non biomasse;31100000;kg/an
0040000290;Centrale thermique EDF de Saint-Pierre;2021;Air;Dioxyde de carbone (CO2) total (d'origine biomasse et non biomasse);31100000;kg/an
0022100014;Centrale EDF de St Barthelemy;2021;Air;Dioxyde de carbone (CO2) d'origine non biomasse;88000000;kg/an
0022100014;Centrale EDF de St Barthelemy;2021;Air;Dioxyde de carbone (CO2) total (d'origine biomasse et non biomasse);88000000;kg/an
0046900010;MERIAL;2021;Air;Hydroflurocarbures (HFC);193;kg/an
0022100015;ELECTRICITE DE FRANCE St Martin;2021;Air;Ammoniac (NH3);11500;kg/an
0022100015;ELECTRICITE DE FRANCE St Martin;2021;Air;Cobalt et composés (exprimés en tant que Co);12.7;kg/an
0050100066;FROMAGERIE GUILLOTEAU;2021;Eau (indirect);Demande biologique en oxygène (DBO5);92700;kg/an
0022100015;ELECTRICITE DE FRANCE St Martin;2021;Air;Oxydes d'azote (NOx/NO2);283000;kg/an
0050100066;FROMAGERIE GUILLOTEAU;2021;Eau (indirect);Demande chimique en oxygène (DCO);221000;kg/an
0022100015;ELECTRICITE DE FRANCE St Martin;2021;Air;Dioxyde de carbone (CO2) d'origine non biomasse;119000000;kg/an
0022100015;ELECTRICITE DE FRANCE St Martin;2021;Air;Dioxyde de carbone (CO2) total (d'origine biomasse et non biomasse);119000000;kg/an
0022100284;SYVADE;2021;Air;Méthane (CH4);174000;kg/an
0050100090;GAEC LES PRELIONS;2021;Air;Ammoniac (NH3);28300;kg/an
0022100371;ENERGIPOLE Esperance;2021;Air;Méthane (CH4);1150000;kg/an
0050100110;ABATTOIRS  DES  CRETS;2021;Eau (indirect);Demande biologique en oxygène (DBO5);96500;kg/an
0022200009;LA MARTINIQUAISE DE VALORISATION S.A.;2021;Air;Chrome et composés (exprimés en tant que Cr);188;kg/an
0050100110;ABATTOIRS  DES  CRETS;2021;Eau (indirect);Demande chimique en oxygène (DCO);267000;kg/an
0022200009;LA MARTINIQUAISE DE VALORISATION S.A.;2021;Air;Nickel et composés (exprimés en tant que Ni);51.7;kg/an
0022200009;LA MARTINIQUAISE DE VALORISATION S.A.;2021;Air;Vanadium et ses composés;36.4;kg/an
0050100111;COMPAGNIE ABATTAGE de BOURG EN BRESSE;2021;Eau (indirect);Demande biologique en oxygène (DBO5);279000;kg/an
0050100111;COMPAGNIE ABATTAGE de BOURG EN BRESSE;2021;Eau (indirect);Demande chimique en oxygène (DCO);573000;kg/an
0022200013;DISTILLERIE DILLON S.A.S;2021;Sol;Cuivre et composés (exprimés en tant que Cu);76;kg/an
0022200016;EDF SEI - PK;2021;Air;Ammoniac (NH3);14900;kg/an
0050100253;SARL DE MONTBURON;2021;Air;Ammoniac (NH3);12800;kg/an
0022200016;EDF SEI - PK;2021;Air;Antimoine et composés (exprimés en tant que Sb);14.6;kg/an
0022200016;EDF SEI - PK;2021;Air;Cobalt et composés (exprimés en tant que Co);58.3;kg/an
0050100313;SCEA ROBIN FERME DE LA RICHARDIERE;2021;Air;Ammoniac (NH3);22000;kg/an
0022200016;EDF SEI - PK;2021;Air;Nickel et composés (exprimés en tant que Ni);353;kg/an
0050100339;SARL ELEVAGE DES CHARMES;2021;Air;Ammoniac (NH3);22300;kg/an
0022200016;EDF SEI - PK;2021;Air;Oxydes de soufre (SOx/SO2);715000;kg/an
0050100354;EARL DES QUATRE SAISONS;2021;Air;Ammoniac (NH3);32400;kg/an
0022200016;EDF SEI - PK;2021;Air;Oxydes d'azote (NOx/NO2);882000;kg/an
0022200016;EDF SEI - PK;2021;Air;Dioxyde de carbone (CO2) d'origine non biomasse;184000000;kg/an
0022200016;EDF SEI - PK;2021;Air;Dioxyde de carbone (CO2) total (d'origine biomasse et non biomasse);184000000;kg/an
0050100530;ALAIN MALOD;2021;Air;Ammoniac (NH3);10900;kg/an
0022200016;EDF SEI - PK;2021;Air;Vanadium et ses composés;177;kg/an
0022200020;RHUMS MARTINIQUAIS SAINT JAMES;2021;Air;Composés organiques volatils non méthaniques (COVNM);128000;kg/an
0050100576;SARL ELEVAGE DES MARAIS (EX MATHIEU);2021;Air;Ammoniac (NH3);29400;kg/an
0022200044;SARA raffinerie;2021;Air;Composés organiques volatils non méthaniques (COVNM);197000;kg/an
0050100584;SDPR PROVENT (EX PELIZZARI PRESSIAT);2021;Air;Ammoniac (NH3);30500;kg/an
0022200044;SARA raffinerie;2021;Air;Oxydes d'azote (NOx/NO2);119000;kg/an
0050100659;SOGIFRA - ST DIDIER;2021;Air;Ammoniac (NH3);15300;kg/an
0022200044;SARA raffinerie;2021;Air;Dioxyde de carbone (CO2) d'origine non biomasse;72300000;kg/an
0022200044;SARA raffinerie;2021;Air;Dioxyde de carbone (CO2) total (d'origine biomasse et non biomasse);72300000;kg/an
0050100743;GAEC DE L'ORME;2021;Air;Ammoniac (NH3);22000;kg/an
0022200498;ALBIOMA;2021;Air;Oxydes d'azote (NOx/NO2);128000;kg/an
0050100831;LA BRESSE SAS;2021;Eau (indirect);Demande biologique en oxygène (DBO5);82600;kg/an
0050100901;EARL DU SOLEIL LEVANT;2021;Air;Ammoniac (NH3);13700;kg/an
0022200498;ALBIOMA;2021;Air;Protoxyde d'azote (N2O);11100;kg/an
0022300001;ALBIOMA;2021;Air;Dioxyde de carbone (CO2) d'origine non biomasse;21800000;kg/an
0050100994;SAS SAINT JEAN;2021;Air;Hydroflurocarbures (HFC);133;kg/an
0022300001;ALBIOMA;2021;Air;Dioxyde de carbone (CO2) total (d'origine biomasse et non biomasse);21800000;kg/an
0024600015;GRT GAZ;2021;Air;Composés organiques volatils non méthaniques (COVNM);61800;kg/an
0050101120;EARL DES CORNALIERES;2021;Air;Ammoniac (NH3);10000;kg/an
0024600015;GRT GAZ;2021;Air;Méthane (CH4);517000;kg/an
0024900044;COVED (PAPREC);2021;Air;Méthane (CH4);161000;kg/an
0025000009;FOULON SOPAGLY SAS;2021;Eau (indirect);Demande biologique en oxygène (DBO5);243000;kg/an
0050200146;SCEA DES 3 B;2021;Air;Ammoniac (NH3);13300;kg/an
0025000009;FOULON SOPAGLY SAS;2021;Eau (indirect);Demande chimique en oxygène (DCO);469000;kg/an
0050300007;SARL JEANDINET;2021;Air;Ammoniac (NH3);27900;kg/an
0025000022;SMET 71;2021;Air;Méthane (CH4);751000;kg/an
0050300243;GAEC SIMONIN VERNADEL;2021;Air;Ammoniac (NH3);13600;kg/an
0050300467;GAEC DE ROOVER;2021;Air;Ammoniac (NH3);39500;kg/an
0025000022;SMET 71;2021;Eau (indirect);Mercure et composés (exprimés en tant que Hg);1.23;kg/an
0050300577;GAEC VERNEZY-MAGNET;2021;Air;Ammoniac (NH3);11500;kg/an
0025000023;VALEST;2021;Air;Dioxyde de carbone (CO2) d'origine biomasse;14700000;kg/an
0025000023;VALEST;2021;Air;Méthane (CH4);529000;kg/an
0050800011;EARL LOUISIANE;2021;Air;Ammoniac (NH3);22600;kg/an
0025000023;VALEST;2021;Air;Dioxyde de carbone (CO2) total (d'origine biomasse et non biomasse);14700000;kg/an
0025200001;FRAMATOME;2021;Air;Oxydes d'azote (NOx/NO2);106000;kg/an
0025200001;FRAMATOME;2021;Eau (direct);Plomb et composés (exprimés en tant que Pb);20.3;kg/an
0025200084;TERREAL;2021;Air;Dioxyde de carbone (CO2) d'origine non biomasse;15900000;kg/an
0050800045;SCEA AVICOLE DES CARRIERES;2021;Air;Ammoniac (NH3);10900;kg/an
0050800046;SCEA DES FAUCHERELLES;2021;Air;Ammoniac (NH3);12400;kg/an
0025200084;TERREAL;2021;Air;Dioxyde de carbone (CO2) total (d'origine biomasse et non biomasse);19700000;kg/an
0050800050;SCEA AVICOLE des CARRIERES;2021;Air;Ammoniac (NH3);10900;kg/an
0025300101;MAISON JEAN LORON;2021;Eau (indirect);Demande biologique en oxygène (DBO5);57600;kg/an
0050800128;EARL DES DUPUIT;2021;Air;Ammoniac (NH3);11700;kg/an
0050800269;SOCIETE AGRICOLE GOSSET;2021;Air;Ammoniac (NH3);15400;kg/an
0025300103;CAVE DE VIRE;2021;Air;Hydrochlorofluorocarbures (HCFC);26;kg/an
0050800301;SARL ROSE ET VERT;2021;Air;Ammoniac (NH3);39600;kg/an
0025400001;MAYR MELNHOF PACKAGING FRANCE;2021;Air;Composés organiques volatils non méthaniques (COVNM);37300;kg/an
0050800313;GAEC HUREAU LAURENT;2021;Air;Ammoniac (NH3);16300;kg/an
0028100042;PONT SUR SAMBRE POWER SAS;2021;Air;Oxydes d'azote (NOx/NO2);125000;kg/an
0050800332;EARL DU MONT D'AUSSONCE;2021;Air;Ammoniac (NH3);23500;kg/an
0050800333;SARL AVICOLE VERZEAUX;2021;Air;Ammoniac (NH3);21600;kg/an
0028100042;PONT SUR SAMBRE POWER SAS;2021;Air;Dioxyde de carbone (CO2) d'origine non biomasse;555000000;kg/an
0028100042;PONT SUR SAMBRE POWER SAS;2021;Air;Dioxyde de carbone (CO2) total (d'origine biomasse et non biomasse);555000000;kg/an
0028300009;WIZPAPER CHAUFFERIE (ex Arjowiggins);2021;Air;Dioxyde de carbone (CO2) d'origine non biomasse;38900000;kg/an
0050800483;EARL GENTILS;2021;Air;Ammoniac (NH3);16800;kg/an
0028300009;WIZPAPER CHAUFFERIE (ex Arjowiggins);2021;Air;Dioxyde de carbone (CO2) total (d'origine biomasse et non biomasse);38900000;kg/an
0051000028;CHAMPFLEURY (SCEA de);2021;Air;Ammoniac (NH3);33500;kg/an
0028300009;WIZPAPER CHAUFFERIE (ex Arjowiggins);2021;Eau (direct);Demande biologique en oxygène (DBO5);342000;kg/an
0028300009;WIZPAPER CHAUFFERIE (ex Arjowiggins);2021;Eau (direct);Demande chimique en oxygène (DCO);874000;kg/an
0051000066;BROUET(EARL);2021;Air;Ammoniac (NH3);27600;kg/an
0028300009;WIZPAPER CHAUFFERIE (ex Arjowiggins);2021;Eau (direct);Matières en suspension (MES);439000;kg/an
0051000067;BUISSONNIERE (SCEA LA);2021;Air;Ammoniac (NH3);30000;kg/an
0028300059;SAS NORD ESTER;2021;Air;Dioxyde de carbone (CO2) total (d'origine biomasse et non biomasse);10100000;kg/an
0051000068;VAL DU PUITS (SCEA);2021;Air;Ammoniac (NH3);41700;kg/an
0040000003;Electricité De Mayotte - EDM;2021;Air;Ammoniac (NH3);12100;kg/an
0051000149;PROMONTVAL (SCEA de);2021;Air;Ammoniac (NH3);88600;kg/an
0051000149;PROMONTVAL (SCEA de);2021;Air;Méthane (CH4);147000;kg/an
0040000003;Electricité De Mayotte - EDM;2021;Air;Antimoine et composés (exprimés en tant que Sb);15.9;kg/an
0051000230;ARSON (SCEA des);2021;Air;Ammoniac (NH3);30500;kg/an
0040000003;Electricité De Mayotte - EDM;2021;Air;Cobalt et composés (exprimés en tant que Co);21.2;kg/an
0051100137;SICA POMAREDE;2021;Air;Ammoniac (NH3);10600;kg/an
0051200228;LE PORC DU MAYNIE;2021;Air;Ammoniac (NH3);21800;kg/an
0051200281;EARL LANDAPORC;2021;Air;Ammoniac (NH3);13600;kg/an
0051200398;MONSIEUR LIONEL TAURIAC;2021;Air;Ammoniac (NH3);14900;kg/an
0051200589;GAEC DU PUECH DE GOLINHAC;2021;Air;Ammoniac (NH3);12500;kg/an
0051201301;SCEA AIR PORC;2021;Air;Ammoniac (NH3);11500;kg/an
0051400047;LE CLOS DU BOSC;2021;Air;Ammoniac (NH3);18700;kg/an
0040000003;Electricité De Mayotte - EDM;2021;Air;Oxydes d'azote (NOx/NO2);284000;kg/an
0051401146;SAS FRIAL;2021;Eau (indirect);Demande biologique en oxygène (DBO5);60600;kg/an
0040000003;Electricité De Mayotte - EDM;2021;Air;Dioxyde de carbone (CO2) d'origine non biomasse;193000000;kg/an
0051600004;GAEC DU MONAT (POLMAN);2021;Air;Ammoniac (NH3);12700;kg/an
0051600103;SCEA GUILLAUME;2021;Air;Ammoniac (NH3);13600;kg/an
0040000003;Electricité De Mayotte - EDM;2021;Air;Dioxyde de carbone (CO2) total (d'origine biomasse et non biomasse);193000000;kg/an
0051700029;AVI-CHARENTE;2021;Eau (indirect);Demande biologique en oxygène (DBO5);150000;kg/an
0051700029;AVI-CHARENTE;2021;Eau (indirect);Demande chimique en oxygène (DCO);341000;kg/an
0040000003;Electricité De Mayotte - EDM;2021;Air;Vanadium et ses composés;15.9;kg/an
0051800173;AIRPORC;2021;Air;Ammoniac (NH3);36700;kg/an
0040000019;STAR URAHAFU;2021;Air;Méthane (CH4);145000;kg/an
0051800202;SCEA DU CORMIER;2021;Air;Ammoniac (NH3);34600;kg/an
0040000024;Electricité De Mayotte - EDM;2021;Air;Cobalt et composés (exprimés en tant que Co);5.42;kg/an
0040000024;Electricité De Mayotte - EDM;2021;Air;Oxydes d'azote (NOx/NO2);769000;kg/an
0052204603;SCEA BALUSSON;2021;Air;Méthane (CH4);119000;kg/an
0051800377;LE PREAU SAS;2021;Air;Ammoniac (NH3);78500;kg/an
0052204653;SCEA ELEVAGE DE LA VALLEE CAVET;2021;Air;Ammoniac (NH3);22400;kg/an
0052204699;EARL MENGUY;2021;Air;Ammoniac (NH3);16800;kg/an
0051800516;SAS PASCAL BONHEUR;2021;Air;Ammoniac (NH3);10200;kg/an
0052204704;SARL PECHARD;2021;Air;Ammoniac (NH3);18400;kg/an
0051800558;SCEA DE CORTEUIL;2021;Air;Ammoniac (NH3);10500;kg/an
0052204713;EARL DE PONT ROUZ;2021;Air;Ammoniac (NH3);20100;kg/an
0052100474;GAEC DE LA SANS FONDS;2021;Air;Ammoniac (NH3);25900;kg/an
0052204800;SCEA DE LA LANDE;2021;Air;Ammoniac (NH3);23000;kg/an
0052204820;GAEC DE L UNION;2021;Air;Ammoniac (NH3);14800;kg/an
0052204897;EARL GRONE;2021;Air;Ammoniac (NH3);17600;kg/an
0052100705;GROUPE BIGARD;2021;Eau (indirect);Demande biologique en oxygène (DBO5);111000;kg/an
0052100705;GROUPE BIGARD;2021;Eau (indirect);Demande chimique en oxygène (DCO);206000;kg/an
0052204941;SCEA  MIKAEL TROADEC;2021;Air;Ammoniac (NH3);13000;kg/an
0052204990;EARL COJEAN;2021;Air;Ammoniac (NH3);13200;kg/an
0052200116;SCEA DE L ARGOUET;2021;Air;Ammoniac (NH3);10600;kg/an
0052205008;EARL BELLE ETOILE;2021;Air;Ammoniac (NH3);10800;kg/an
0052205184;EARL DES THUYAS;2021;Air;Ammoniac (NH3);17300;kg/an
0052200717;GAEC DE MEZOMEUR;2021;Air;Ammoniac (NH3);16100;kg/an
0052205198;SCEA DE LA GARENNE;2021;Air;Ammoniac (NH3);15400;kg/an
0052200767;ALLAIN JEAN PAUL;2021;Air;Ammoniac (NH3);10500;kg/an
0052205286;EARL BOITARD FEUILLET;2021;Air;Ammoniac (NH3);13100;kg/an
0052205413;SCEA AUBRY LE MAY;2021;Air;Ammoniac (NH3);12500;kg/an
0052201129;GAEC THOMAS;2021;Air;Ammoniac (NH3);10200;kg/an
0052201140;EARL DE L ISLE;2021;Air;Ammoniac (NH3);19200;kg/an
0052205441;SARL GUEGAN ex EARL DES CHENES;2021;Air;Ammoniac (NH3);16100;kg/an
0052205533;EARL DE LA BOURDONNIERE;2021;Air;Ammoniac (NH3);14100;kg/an
0052201218;EARL ELEVAGE DE LA JANAIE;2021;Air;Ammoniac (NH3);14700;kg/an
0052205723;SCEA HAUTE HOUSSAIS;2021;Air;Ammoniac (NH3);17600;kg/an
0052201219;EARL DARTOIS;2021;Air;Ammoniac (NH3);10400;kg/an
0052205758;SAS YER BREIZH;2021;Air;Ammoniac (NH3);13600;kg/an
0052201258;SCEA ELEVAGE FERCHAL;2021;Air;Ammoniac (NH3);14700;kg/an
0052201268;SCEA CORMAN MARCEL;2021;Air;Ammoniac (NH3);13600;kg/an
0052205795;SAS YER BREIZH;2021;Air;Ammoniac (NH3);28300;kg/an
0052205796;SAS YER BREIZH;2021;Air;Ammoniac (NH3);22600;kg/an
0052201278;EARL DU RENE FORGE;2021;Air;Ammoniac (NH3);10600;kg/an
0052205964;EARL DE COET PARQUET;2021;Air;Ammoniac (NH3);21400;kg/an
0052201288;EARL RAOULT PHILIPPE;2021;Air;Ammoniac (NH3);19500;kg/an
0052201315;GAEC DE LORGERIE;2021;Air;Ammoniac (NH3);12400;kg/an
0052206036;ELEVAGE AVICOLE LOZACH LEYAN;2021;Air;Ammoniac (NH3);15400;kg/an
0052201329;SCEA DE LA VILLE POISSIN;2021;Air;Ammoniac (NH3);10300;kg/an
0052201334;GAEC DES BOIS;2021;Air;Ammoniac (NH3);16600;kg/an
0052206352;SCEA QUETTIER;2021;Air;Ammoniac (NH3);16100;kg/an
0052201351;EURL La Ville Poissin;2021;Air;Ammoniac (NH3);20000;kg/an
0052206482;SCEA DE KERMERRIEN;2021;Air;Ammoniac (NH3);29000;kg/an
0052206608;EARL BODIN;2021;Air;Ammoniac (NH3);12800;kg/an
0052201381;SCEA du Levant;2021;Air;Ammoniac (NH3);10700;kg/an
0052215403;EARL FERME AVICOLE DE LA VILLE MOUSSARD;2021;Air;Ammoniac (NH3);18200;kg/an
0052215474;EURL BREIZH OVO;2021;Air;Ammoniac (NH3);10700;kg/an
0052201382;GAEC FERME AVICOLE DE LA VALLEE;2021;Air;Ammoniac (NH3);10500;kg/an
0052201410;EARL DE LA VILLE BELLANGER;2021;Air;Ammoniac (NH3);16800;kg/an
0052215635;SARL CJA (CARO JULIEN AVICULTURE);2021;Air;Ammoniac (NH3);17700;kg/an
0052215821;EURL BREIZH OVO;2021;Air;Ammoniac (NH3);12300;kg/an
0052201642;SCEA DU MOELOU ex SARL;2021;Air;Ammoniac (NH3);36000;kg/an
0052216049;EARL LE BARS;2021;Air;Ammoniac (NH3);21600;kg/an
0052216055;EURL BREIZH OVO;2021;Air;Ammoniac (NH3);20000;kg/an
0052201727;SCEA AVRIL CHRISTOPHE;2021;Air;Ammoniac (NH3);17700;kg/an
0052216212;SCEA BOUETARD JF;2021;Air;Ammoniac (NH3);18700;kg/an
0052201760;SARL BOULVARD;2021;Air;Ammoniac (NH3);17500;kg/an
0052216290;SCEA EOUZAN;2021;Air;Ammoniac (NH3);12600;kg/an
0052216370;EARL DU BOIS BOSCHER;2021;Air;Ammoniac (NH3);13400;kg/an
0052201864;EARL ROSALIE;2021;Air;Ammoniac (NH3);11000;kg/an
0052400446;GAEC PECH DU DOGNON;2021;Air;Ammoniac (NH3);32100;kg/an
0052201943;GAEC ELEVAGE DAMANY;2021;Air;Ammoniac (NH3);18300;kg/an
0052202300;SCEA LE COSQUER;2021;Air;Ammoniac (NH3);12200;kg/an
0052400919;SCA APO;2021;Air;Ammoniac (NH3);25900;kg/an
0052400923;SARL LACOMBE;2021;Air;Ammoniac (NH3);18100;kg/an
0052202451;EARL DE LA BELLE JOIE;2021;Air;Ammoniac (NH3);15600;kg/an
0052500378;PEB SAS  Production des Elevages Bourgon;2021;Air;Ammoniac (NH3);18000;kg/an
0052202456;SARL DE SAINT MARCEL;2021;Air;Ammoniac (NH3);13300;kg/an
0052202466;SCEA ETIENNE LECLERC;2021;Air;Ammoniac (NH3);14800;kg/an
0052501122;LES ELEVEURS DE LA CHEVILLOTTE;2021;Eau (indirect);Demande biologique en oxygène (DBO5);136000;kg/an
0052501122;LES ELEVEURS DE LA CHEVILLOTTE;2021;Eau (indirect);Demande chimique en oxygène (DCO);266000;kg/an
0052501135;SOCIETE FROMAGERE DE VERCEL LACTALIS;2021;Eau (indirect);Demande biologique en oxygène (DBO5);76000;kg/an
0052202478;SCEA LE BIHAN;2021;Air;Ammoniac (NH3);18300;kg/an
0052600332;BERNARD ROYAL DAUPHINE;2021;Eau (indirect);Demande biologique en oxygène (DBO5);79900;kg/an
0052202585;SCEA DU CHAMP RATEL;2021;Air;Ammoniac (NH3);10900;kg/an
0052202591;SCEA LA HELIOTERIE;2021;Air;Ammoniac (NH3);22200;kg/an
0052600332;BERNARD ROYAL DAUPHINE;2021;Eau (indirect);Demande chimique en oxygène (DCO);152000;kg/an
0052202748;SCEA DE KERFOS;2021;Air;Ammoniac (NH3);14900;kg/an
0052600568;SAINT JEAN SAS - SITE DE ROMANS;2021;Air;Hydroflurocarbures (HFC);480;kg/an
0052202924;EARL KERNEVEZ;2021;Air;Ammoniac (NH3);14300;kg/an
0052700280;SOCOPA VIANDES;2021;Sol;Zinc et composés (exprimés en tant que Zn);132;kg/an
0052202975;SCEA ETI PONTE;2021;Air;Ammoniac (NH3);17600;kg/an
0052800030;CHALLIER (EARL);2021;Air;Ammoniac (NH3);17900;kg/an
0052800154;BRULE (EARL);2021;Air;Ammoniac (NH3);14300;kg/an
0052800165;SAINT ELOI (SCEA) et SCEA LE DIMNA;2021;Air;Ammoniac (NH3);15000;kg/an
0052203097;GAEC DE COAT BIHAN;2021;Air;Ammoniac (NH3);15400;kg/an
0052203196;SCEA FAIRIER;2021;Air;Ammoniac (NH3);15900;kg/an
0052800276;ELEVAGE DE SAINT CHERON DES CHAMPS S.A.;2021;Air;Ammoniac (NH3);13200;kg/an
0052203311;SCEA DES PRES FERRONS;2021;Air;Ammoniac (NH3);12100;kg/an
0052203424;EARL DU CHENE CROSLET;2021;Air;Ammoniac (NH3);13300;kg/an
0052900031;EARL DE KERVORICE;2021;Air;Ammoniac (NH3);22100;kg/an
0052203636;SARL LE CLOS DU MOULIN ex EARL QUINEUC;2021;Air;Ammoniac (NH3);12900;kg/an
0052900033;EARL DE KERANGOAREC;2021;Air;Ammoniac (NH3);19800;kg/an
0052203786;EARL FERME DE LA KEHARIE;2021;Air;Ammoniac (NH3);13800;kg/an
0052900036;JEAN PIERRE TALLEC L'HERITAGE DU GOUT;2021;Eau (indirect);Demande biologique en oxygène (DBO5);120000;kg/an
0052203955;GAEC DE LA HAYE;2021;Air;Ammoniac (NH3);18000;kg/an
0052900036;JEAN PIERRE TALLEC L'HERITAGE DU GOUT;2021;Eau (indirect);Demande chimique en oxygène (DCO);189000;kg/an
0052203957;EARL ELEVAGE PEN AR GOE;2021;Air;Ammoniac (NH3);10900;kg/an
0052203989;HUET PHILIPPE;2021;Air;Ammoniac (NH3);17800;kg/an
0052900122;GAEC DU MILLIER;2021;Air;Ammoniac (NH3);14400;kg/an
0052204018;SCEA ELEVAGE DE LISNOBLE;2021;Air;Ammoniac (NH3);15800;kg/an
0052900157;GAEC DE TREGUEE;2021;Air;Ammoniac (NH3);11400;kg/an
0052900217;BRIANT (EARL);2021;Air;Ammoniac (NH3);18100;kg/an
0052900226;LICHOU (SAS);2021;Air;Ammoniac (NH3);16300;kg/an
0052204022;EARL DE LA VILLE GLE;2021;Air;Ammoniac (NH3);27500;kg/an
0052900281;EARL QUEMENEUR BERNARD;2021;Air;Ammoniac (NH3);14800;kg/an
0052204162;SCEA DAVID;2021;Air;Ammoniac (NH3);11200;kg/an
0052900300;SOCIETE BRIECOISE D'ABATTAGE;2021;Sol;Zinc et composés (exprimés en tant que Zn);112;kg/an
0052900301;MARIE;2021;Eau (indirect);Demande biologique en oxygène (DBO5);47300;kg/an
0052204171;LE NAVEAUX Sabrina;2021;Air;Ammoniac (NH3);11200;kg/an
0052900419;MOULIN DE LA MARCHE;2021;Eau (indirect);Demande biologique en oxygène (DBO5);49400;kg/an
0052900432;SOCOPA VIANDES;2021;Sol;Cuivre et composés (exprimés en tant que Cu);69.8;kg/an
0052204220;SCEA DE KERVELEN;2021;Air;Ammoniac (NH3);14700;kg/an
0052900432;SOCOPA VIANDES;2021;Sol;Zinc et composés (exprimés en tant que Zn);312;kg/an
0052900486;EARL LE LANN;2021;Air;Ammoniac (NH3);10100;kg/an
0052900549;SARL LE GALL;2021;Air;Ammoniac (NH3);24300;kg/an
0052204245;EARL LE PAGE;2021;Air;Ammoniac (NH3);13100;kg/an
0052900550;SCEA DES VALLEES;2021;Air;Ammoniac (NH3);14600;kg/an
0052204603;SCEA BALUSSON;2021;Air;Ammoniac (NH3);34900;kg/an
0052900577;GOADEC (GAEC DE);2021;Air;Ammoniac (NH3);19200;kg/an
0052900646;EARL QUEMERE TREUJOU;2021;Air;Ammoniac (NH3);12300;kg/an
0052900715;SCEA DE TREBEOLIN;2021;Air;Ammoniac (NH3);23800;kg/an
0052902141;SCEA DE LA VALLEE;2021;Air;Ammoniac (NH3);24100;kg/an
0052900719;SCEA DE KERLAOUENAN;2021;Air;Ammoniac (NH3);18000;kg/an
0052902143;SCEA VIGOUROUX;2021;Air;Ammoniac (NH3);13800;kg/an
0052902211;EARL DE PENHOAT;2021;Air;Ammoniac (NH3);14300;kg/an
0052902245;EARL KERNOZIE;2021;Air;Ammoniac (NH3);12000;kg/an
0052902247;EARL BENOIT PUECH;2021;Air;Ammoniac (NH3);13200;kg/an
0052900746;GAEC DE LESTANET-HUELLA;2021;Air;Ammoniac (NH3);28100;kg/an
0052902265;EARL DU MANOIR;2021;Air;Ammoniac (NH3);21200;kg/an
0052902286;EARL DE QUISTILLIC DENIEL;2021;Air;Ammoniac (NH3);12600;kg/an
0052900751;SCEA NOVA LAND;2021;Air;Ammoniac (NH3);11000;kg/an
0052902310;SCEA DE KEROHAN (ex SARL LE BAUT);2021;Air;Ammoniac (NH3);12600;kg/an
0052900799;SARL PAUL LE ROY;2021;Air;Ammoniac (NH3);15600;kg/an
0052902347;SCEA KERGONCILY;2021;Air;Ammoniac (NH3);15700;kg/an
0052900919;SCEA PLOUZENNEC;2021;Air;Ammoniac (NH3);17000;kg/an
0052902360;GAEC DE KER AR CREACH;2021;Air;Ammoniac (NH3);19700;kg/an
0052900924;RANNOU (SARL);2021;Air;Ammoniac (NH3);16800;kg/an
0052902371;GAEC DE KERASCOT;2021;Air;Ammoniac (NH3);11500;kg/an
0052902416;SCEA DES SOURCES;2021;Air;Ammoniac (NH3);20400;kg/an
0052901008;EARL LE ROUX;2021;Air;Ammoniac (NH3);13100;kg/an
0052902419;EVEN LAIT INDUSTRIE;2021;Air;Dioxyde de carbone (CO2) d'origine non biomasse;11200000;kg/an
0052902419;EVEN LAIT INDUSTRIE;2021;Air;Dioxyde de carbone (CO2) total (d'origine biomasse et non biomasse);11200000;kg/an
0052901025;EARL DE KERILLY;2021;Air;Ammoniac (NH3);19600;kg/an
0052902481;SCEA POULIQUEN;2021;Air;Ammoniac (NH3);21500;kg/an
0052902492;GAEC PAPE;2021;Air;Ammoniac (NH3);13200;kg/an
0052902496;EARL LE BERRE;2021;Air;Ammoniac (NH3);14800;kg/an
0052902502;EARL CORNEC;2021;Air;Ammoniac (NH3);15600;kg/an
0052901153;KERJEAN (SAS) - Site du Hanvec;2021;Air;Ammoniac (NH3);10600;kg/an
0052902517;SAS ELEVAGE JEAN CLAUDE FAVE;2021;Air;Ammoniac (NH3);23300;kg/an
0052902578;SOCIETE JEAN MARIE MINGAM;2021;Air;Ammoniac (NH3);23500;kg/an
0052901177;SARL KERDONCUFF;2021;Air;Ammoniac (NH3);13900;kg/an
0052901215;SOCIETE PERON;2021;Air;Ammoniac (NH3);27200;kg/an
0052902590;GUILLERM MORIZUR (EARL);2021;Air;Ammoniac (NH3);13200;kg/an
0052902592;SCEA BOD FAO;2021;Air;Ammoniac (NH3);12100;kg/an
0052901231;SCEA DE KERSCAO;2021;Air;Ammoniac (NH3);26200;kg/an
0052902594;LEONBERG (EARL);2021;Air;Ammoniac (NH3);26300;kg/an
0052901240;SCEA ADAM;2021;Air;Ammoniac (NH3);11100;kg/an
0052902705;EARL DU KOZKER;2021;Air;Ammoniac (NH3);10800;kg/an
0052901266;COMPAGNIE LAMPAULAISE DE SALAISON;2021;Eau (indirect);Demande biologique en oxygène (DBO5);114000;kg/an
0052901266;COMPAGNIE LAMPAULAISE DE SALAISON;2021;Eau (indirect);Demande chimique en oxygène (DCO);232000;kg/an
0052902706;LE ROY (EARL);2021;Air;Ammoniac (NH3);13200;kg/an
0052901276;GAEC DE ROC'H FILY;2021;Air;Ammoniac (NH3);12500;kg/an
0052901305;SCEA BARON;2021;Air;Ammoniac (NH3);15600;kg/an
0052902708;EARL FAGON;2021;Air;Ammoniac (NH3);12000;kg/an
0052901328;EARL LE GOFF;2021;Air;Ammoniac (NH3);16900;kg/an
0052902712;EARL DE KERVICHEN;2021;Air;Ammoniac (NH3);13700;kg/an
0052902734;SCEA DES TROIS VALLEES;2021;Air;Ammoniac (NH3);22300;kg/an
0052901332;EARL DU DRENNEC;2021;Air;Ammoniac (NH3);12600;kg/an
0052902739;KERENES (SAS de);2021;Air;Ammoniac (NH3);11400;kg/an
0052902742;EARL DE LESCOAT;2021;Air;Ammoniac (NH3);10400;kg/an
0052901377;SARL AVEL VOR;2021;Air;Ammoniac (NH3);24000;kg/an
0052902743;TERROM (SCEA);2021;Air;Ammoniac (NH3);13400;kg/an
0052901390;GAEC DU VOULIC;2021;Air;Ammoniac (NH3);10500;kg/an
0052901419;SCEA DE LA ROCHE PLATE;2021;Air;Ammoniac (NH3);13800;kg/an
0052902774;SAS LE VERGE;2021;Air;Ammoniac (NH3);50100;kg/an
0052901434;SARL JO MOAL;2021;Air;Ammoniac (NH3);12100;kg/an
0052902810;SARL René COLIN;2021;Air;Ammoniac (NH3);38800;kg/an
0052901454;SCEA DU MERDY;2021;Air;Ammoniac (NH3);10200;kg/an
0052902810;SARL René COLIN;2021;Air;Méthane (CH4);111000;kg/an
0052902812;EARL  DE SANT ALAR;2021;Air;Ammoniac (NH3);27000;kg/an
0052902813;SCEA PICART;2021;Air;Ammoniac (NH3);19100;kg/an
0052901489;EARL DARE;2021;Air;Ammoniac (NH3);14400;kg/an
0052902842;EARL DE LA CIGOGNE;2021;Air;Ammoniac (NH3);13400;kg/an
0052901515;SCEA BERNARD LE GALL;2021;Air;Ammoniac (NH3);20200;kg/an
0052902918;SCEA ROMAIN RIOU;2021;Air;Ammoniac (NH3);19900;kg/an
0052901536;SARL LE PAGE;2021;Air;Ammoniac (NH3);37500;kg/an
0052902919;SCEA POULIQUEN;2021;Air;Ammoniac (NH3);10500;kg/an
0052901610;EARL RUN AVEL SPI;2021;Air;Ammoniac (NH3);10600;kg/an
0052901611;GAEC DE GUERNIGOU;2021;Air;Ammoniac (NH3);13900;kg/an
0052902925;EARL DU LEURIOU;2021;Air;Ammoniac (NH3);31200;kg/an
0052901613;SAS BILLON;2021;Air;Ammoniac (NH3);40600;kg/an
0052902949;EARL KOAT PENHOAT;2021;Air;Ammoniac (NH3);16300;kg/an
0052901613;SAS BILLON;2021;Air;Méthane (CH4);113000;kg/an
0052902968;EARL DE KEROUGANT;2021;Air;Ammoniac (NH3);14400;kg/an
0052901616;MONSIEUR JEAN CHARLES VINGANTE;2021;Air;Ammoniac (NH3);18200;kg/an
0052902993;EARL DE LESMAEC;2021;Air;Ammoniac (NH3);11300;kg/an
0052902997;EARL DES PEUPLIERS;2021;Air;Ammoniac (NH3);10500;kg/an
0052901620;GAEC LE CAM;2021;Air;Ammoniac (NH3);16600;kg/an
0052903051;GAEC AUX QUATRE VENTS;2021;Air;Ammoniac (NH3);10500;kg/an
0052901675;SCEA DE PRATENOU;2021;Air;Ammoniac (NH3);18800;kg/an
0052901684;SCEA KERHERVE;2021;Air;Ammoniac (NH3);24700;kg/an
0052903121;SCEA CUEFF;2021;Air;Ammoniac (NH3);27700;kg/an
0052901731;SARL DE ROSSIVIN;2021;Air;Ammoniac (NH3);37800;kg/an
0052901771;SCEA DES AJONCS;2021;Air;Ammoniac (NH3);13300;kg/an
0052903123;GAEC AR MANERIOU;2021;Air;Ammoniac (NH3);14600;kg/an
0052901867;SCEA DU HARS;2021;Air;Ammoniac (NH3);24400;kg/an
0052903132;SCEA DE L HIPPODROME;2021;Air;Ammoniac (NH3);15900;kg/an
0052901878;EARL SEAC'H;2021;Air;Ammoniac (NH3);14300;kg/an
0052901895;SARL DE KERANFORS;2021;Air;Ammoniac (NH3);30200;kg/an
0052903135;EURL PALUT;2021;Air;Ammoniac (NH3);28400;kg/an
0052901980;EARL ROUSVAL;2021;Air;Ammoniac (NH3);13700;kg/an
0052901999;SAS KERJEAN LA GARENNE;2021;Air;Ammoniac (NH3);18500;kg/an
0052903136;SCEA DAVID RIOU;2021;Air;Ammoniac (NH3);22800;kg/an
0052902050;SAS PIERRE RANNOU;2021;Air;Ammoniac (NH3);48600;kg/an
0052903139;SARL Hubert Simon;2021;Air;Ammoniac (NH3);22600;kg/an
0052902050;SAS PIERRE RANNOU;2021;Air;Méthane (CH4);153000;kg/an
0052903142;EARL DE PRAT A LAND;2021;Air;Ammoniac (NH3);17100;kg/an
0052902057;SCEA PHILIPPE GALLOU;2021;Air;Ammoniac (NH3);23500;kg/an
0052903144;SARL BERTHEVAS;2021;Air;Ammoniac (NH3);17500;kg/an
0052902065;AR BRUG (EARL);2021;Air;Ammoniac (NH3);15800;kg/an
0052902083;EARL JEZEQUEL;2021;Air;Ammoniac (NH3);16600;kg/an
0052903149;SCEA DE KERGOULOUARN;2021;Air;Ammoniac (NH3);28100;kg/an
0052903170;SCEA DEMEURE;2021;Air;Ammoniac (NH3);18900;kg/an
0052902101;EARL QUERE;2021;Air;Ammoniac (NH3);13700;kg/an
0052903203;EARL DE BELLEVUE;2021;Air;Ammoniac (NH3);10900;kg/an
0052902128;EARL KERVEILLANT;2021;Air;Ammoniac (NH3);12300;kg/an
0052903220;SCEA DE LA VALLEE;2021;Air;Ammoniac (NH3);13300;kg/an
0052903294;EARL COSQUER;2021;Air;Ammoniac (NH3);20000;kg/an
0053100052;SOCIETE D'EXPLOITATION DES ABATTOIRS DU;2021;Eau (indirect);Demande biologique en oxygène (DBO5);70100;kg/an
0052903307;EARL BODONAP;2021;Air;Ammoniac (NH3);14000;kg/an
0052903311;EARL DE RUOT;2021;Air;Ammoniac (NH3);17200;kg/an
0052903318;SAS BLANCHARD;2021;Air;Ammoniac (NH3);12400;kg/an
0053100066;SOVIVO;2021;Eau (indirect);Nonylphénols et éthoxylates de nonylphénol (NP/NPE);4.79;kg/an
0052903402;GAEC DU STANG;2021;Air;Ammoniac (NH3);10100;kg/an
0052903410;EARL PHILIPPE HASCOET;2021;Air;Ammoniac (NH3);18200;kg/an
0053100349;REGIE MUNICIPALE ABATTOIR DE ST GAUDENS;2021;Eau (indirect);Demande biologique en oxygène (DBO5);110000;kg/an
0052903426;EARL DE PENHOAT;2021;Air;Ammoniac (NH3);11500;kg/an
0053100349;REGIE MUNICIPALE ABATTOIR DE ST GAUDENS;2021;Eau (indirect);Demande chimique en oxygène (DCO);203000;kg/an
0052903454;SCEA DE LA CLARTE;2021;Air;Ammoniac (NH3);29600;kg/an
0053200196;SCEA DE LA HIGADERE;2021;Air;Ammoniac (NH3);19800;kg/an
0053200955;SCEA VILLENEUVE;2021;Air;Ammoniac (NH3);12000;kg/an
0052903463;MERALLIANCE ARMORIC;2021;Eau (indirect);Demande biologique en oxygène (DBO5);44200;kg/an
0053500275;SCEA LA BROSSE (07303++);2021;Air;Ammoniac (NH3);18100;kg/an
0052903464;SAUPIQUET;2021;Eau (indirect);Demande biologique en oxygène (DBO5);136000;kg/an
0052903464;SAUPIQUET;2021;Eau (indirect);Demande chimique en oxygène (DCO);264000;kg/an
0052903492;GROUPE BIGARD;2021;Sol;Zinc et composés (exprimés en tant que Zn);338;kg/an
0053500288;BROCELIANDE - ALH;2021;Air;Hydroflurocarbures (HFC);125;kg/an
0053500411;GAEC GRANDE TREMBLAIS;2021;Air;Ammoniac (NH3);10700;kg/an
0052903521;VOLEFI;2021;Air;Hydroflurocarbures (HFC);1920;kg/an
0052903539;SCEA DES PEUPLIERS;2021;Air;Ammoniac (NH3);10200;kg/an
0052903565;EARL DE ROZ HUEL;2021;Air;Ammoniac (NH3);10800;kg/an
0052903637;SCO (MONIQUE RANOU);2021;Eau (indirect);Demande biologique en oxygène (DBO5);121000;kg/an
0052903637;SCO (MONIQUE RANOU);2021;Eau (indirect);Demande chimique en oxygène (DCO);265000;kg/an
0053500417;SCEA DU CHESNOT;2021;Air;Ammoniac (NH3);21000;kg/an
0053500599;SCEA LA PETITE FONTENELLE;2021;Air;Ammoniac (NH3);12500;kg/an
0052903711;EARL DE KERVANIJO;2021;Air;Ammoniac (NH3);22600;kg/an
0053500645;PHB;2021;Air;Ammoniac (NH3);17100;kg/an
0052903724;EARL CORRE;2021;Air;Ammoniac (NH3);18300;kg/an
0053500649;SOC PRO HYBRIDES;2021;Air;Ammoniac (NH3);13300;kg/an
0053500677;SCEA DE L ETANG;2021;Air;Ammoniac (NH3);33400;kg/an
0053500728;GAEC LA SAPINIERE;2021;Air;Ammoniac (NH3);13800;kg/an
0053501043;GAEC TPB;2021;Air;Ammoniac (NH3);11900;kg/an
0052903728;SCEA MADEC;2021;Air;Ammoniac (NH3);19600;kg/an
0053501141;GAEC BINARD;2021;Air;Ammoniac (NH3);24900;kg/an
0052903736;EARL DE LESCUZ;2021;Air;Ammoniac (NH3);10800;kg/an
0053501211;SCEA RUANLT;2021;Air;Ammoniac (NH3);17200;kg/an
0052903741;SCEA GUEGUEN BELLEC;2021;Air;Ammoniac (NH3);16400;kg/an
0053501216;GATINE VIANDES;2021;Eau (indirect);Azote total;67400;kg/an
0052903750;SAS Jean GUEGUENIAT;2021;Air;Ammoniac (NH3);33700;kg/an
0053501216;GATINE VIANDES;2021;Eau (indirect);Demande biologique en oxygène (DBO5);280000;kg/an
0053501216;GATINE VIANDES;2021;Eau (indirect);Demande chimique en oxygène (DCO);564000;kg/an
0052903755;EARL DE KERVENAN;2021;Air;Ammoniac (NH3);11900;kg/an
0052903781;EARL LOSSEC;2021;Air;Ammoniac (NH3);21200;kg/an
0053501291;SCEA LES PINS;2021;Air;Ammoniac (NH3);15600;kg/an
0052903791;SARL COADOUR;2021;Air;Ammoniac (NH3);23800;kg/an
0053501304;SOCIETE LAITIERE DE L'HERMITAGE;2021;Air;Dioxyde de carbone (CO2) d'origine non biomasse;13100000;kg/an
0052903803;EARL CAPITAINE;2021;Air;Ammoniac (NH3);21900;kg/an
0053501304;SOCIETE LAITIERE DE L'HERMITAGE;2021;Air;Dioxyde de carbone (CO2) total (d'origine biomasse et non biomasse);13100000;kg/an
0052903809;G A E C LAURENT;2021;Air;Ammoniac (NH3);26000;kg/an
0053501379;SOLEVAL FRANCE;2021;Air;Dioxyde de carbone (CO2) d'origine non biomasse;19400000;kg/an
0052903857;EARL TOURBOT;2021;Air;Ammoniac (NH3);16800;kg/an
0053501379;SOLEVAL FRANCE;2021;Air;Dioxyde de carbone (CO2) total (d'origine biomasse et non biomasse);19400000;kg/an
0053501396;HTL (ne plus utiliser voir 535-1395);2021;Air;Composés organiques volatils non méthaniques (COVNM);74000;kg/an
0052903875;SAS FERME DU COSQUER;2021;Air;Ammoniac (NH3);15300;kg/an
0052903952;SCEA DE KERBREZELLEC;2021;Air;Ammoniac (NH3);14200;kg/an
0052903990;EARL ROMEKER;2021;Air;Ammoniac (NH3);11400;kg/an
0052904001;EARL GOARNISSON;2021;Air;Ammoniac (NH3);19800;kg/an
0053501619;NOVANDIE;2021;Sol;Composés organohalogénés (exprimés en tant que AOX);1350;kg/an
0052904042;EARL DE KERBREZEL;2021;Air;Ammoniac (NH3);11500;kg/an
0053501717;SAS LES LANDES;2021;Air;Ammoniac (NH3);10300;kg/an
0052904052;EARL LE GALL;2021;Air;Ammoniac (NH3);14100;kg/an
0053501847;EARL DE MONTIFAULT;2021;Air;Ammoniac (NH3);11400;kg/an
0052904060;SCEA DANOUEDEL;2021;Air;Ammoniac (NH3);11100;kg/an
0052904061;SAS DE QUISTINIT;2021;Air;Ammoniac (NH3);20900;kg/an
0053501887;SCEA LEVREL FRERES;2021;Air;Ammoniac (NH3);10800;kg/an
0052904125;SCEA ELEVAGE DE MENEZ KAMP;2021;Air;Ammoniac (NH3);28800;kg/an
0053501904;GAEC DE LA VILLE NEVEU;2021;Air;Ammoniac (NH3);18500;kg/an
0053502019;EARL DU HERAN;2021;Air;Ammoniac (NH3);18200;kg/an
0052904147;KERJEAN (SAS) - Siège/Site de Taulé;2021;Air;Ammoniac (NH3);62200;kg/an
0053502069;TRIBALLAT NOYAL;2021;Eau (indirect);Demande biologique en oxygène (DBO5);450000;kg/an
0052904147;KERJEAN (SAS) - Siège/Site de Taulé;2021;Air;Méthane (CH4);158000;kg/an
0053502069;TRIBALLAT NOYAL;2021;Eau (indirect);Demande chimique en oxygène (DCO);787000;kg/an
0052904150;EARL DU COSQUER;2021;Air;Ammoniac (NH3);16500;kg/an
0053502069;TRIBALLAT NOYAL;2021;Eau (indirect);Phosphore total;5720;kg/an
0053502428;SOCIETE LAITIERE DE RETIERS;2021;Air;Dioxyde de carbone (CO2) d'origine non biomasse;38000000;kg/an
0052904165;LE CORRE ROBERT (SCEA );2021;Air;Ammoniac (NH3);13200;kg/an
0052904209;EARL BONNIOU;2021;Air;Ammoniac (NH3);16000;kg/an
0053502428;SOCIETE LAITIERE DE RETIERS;2021;Air;Dioxyde de carbone (CO2) total (d'origine biomasse et non biomasse);38000000;kg/an
0053502428;SOCIETE LAITIERE DE RETIERS;2021;Eau (direct);Nickel et composés (exprimés en tant que Ni);21.7;kg/an
0052904271;EARL DE KEROPARTZ;2021;Air;Ammoniac (NH3);16600;kg/an
0053502451;SCEA MEZIN;2021;Air;Ammoniac (NH3);10600;kg/an
0053502545;ETABLISSEMENTS ABERA;2021;Sol;Cuivre et composés (exprimés en tant que Cu);64.3;kg/an
0052904340;SCEA MORVAN;2021;Air;Ammoniac (NH3);18100;kg/an
0053502545;ETABLISSEMENTS ABERA;2021;Sol;Zinc et composés (exprimés en tant que Zn);355;kg/an
0052904352;EUROSERUM;2021;Air;Dioxyde de carbone (CO2) d'origine non biomasse;12100000;kg/an
0053502861;SARL SELECT PORC;2021;Air;Ammoniac (NH3);10600;kg/an
0052904352;EUROSERUM;2021;Air;Dioxyde de carbone (CO2) total (d'origine biomasse et non biomasse);12100000;kg/an
0053502871;SARL LA PARLETTE (06491-92);2021;Air;Ammoniac (NH3);12200;kg/an
0052904352;EUROSERUM;2021;Eau (indirect);Azote total;98200;kg/an
0052904352;EUROSERUM;2021;Eau (indirect);Demande biologique en oxygène (DBO5);1350000;kg/an
0053502974;SCEA SOC ELEVAGE (07450++);2021;Air;Ammoniac (NH3);15300;kg/an
0052904352;EUROSERUM;2021;Eau (indirect);Demande chimique en oxygène (DCO);2440000;kg/an
0053502991;EARL LES OEUFS DE BENJAMIN ET D'EMILIE;2021;Air;Ammoniac (NH3);18500;kg/an
0052904352;EUROSERUM;2021;Eau (indirect);Matières en suspension (MES);392000;kg/an
0053502996;GAEC DU BROUSSAIS;2021;Air;Ammoniac (NH3);11600;kg/an
0052904352;EUROSERUM;2021;Eau (indirect);Phosphore total;20500;kg/an
0053503005;SCEA POMMERY;2021;Air;Ammoniac (NH3);17100;kg/an
0052904352;EUROSERUM;2021;Eau (indirect);Zinc et composés (exprimés en tant que Zn);113;kg/an
0053503227;SOCIETE LAITIERE DE VITRE;2021;Air;Dioxyde de carbone (CO2) d'origine non biomasse;11100000;kg/an
0052904354;CANDIA;2021;Eau (indirect);Demande chimique en oxygène (DCO);587000;kg/an
0052904384;CONSERVERIE CHANCERELLE (usine Sardine);2021;Eau (indirect);Demande biologique en oxygène (DBO5);90300;kg/an
0053503227;SOCIETE LAITIERE DE VITRE;2021;Air;Dioxyde de carbone (CO2) total (d'origine biomasse et non biomasse);11100000;kg/an
0052904384;CONSERVERIE CHANCERELLE (usine Sardine);2021;Eau (indirect);Demande chimique en oxygène (DCO);182000;kg/an
0053503228;LES DELICES DU VAL PLESSIS SAS;2021;Eau (indirect);Demande biologique en oxygène (DBO5);182000;kg/an
0052904512;FARMOR Etablissement de Quimper;2021;Eau (indirect);Demande biologique en oxygène (DBO5);140000;kg/an
0053503228;LES DELICES DU VAL PLESSIS SAS;2021;Eau (indirect);Demande chimique en oxygène (DCO);378000;kg/an
0052904512;FARMOR Etablissement de Quimper;2021;Eau (indirect);Demande chimique en oxygène (DCO);187000;kg/an
0052904512;FARMOR Etablissement de Quimper;2021;Eau (indirect);Phosphore total;5450;kg/an
0053503901;SCEA CRESPEL;2021;Air;Ammoniac (NH3);17600;kg/an
0052905018;GAEC BESCOND;2021;Air;Ammoniac (NH3);23100;kg/an
0052905032;EARL LOSTANLEN;2021;Air;Ammoniac (NH3);14000;kg/an
0053600161;AGENA (SARL);2021;Air;Ammoniac (NH3);12300;kg/an
0053600674;LEROUGE OLIVIER;2021;Air;Ammoniac (NH3);10500;kg/an
0052905053;SOCIETE PERON;2021;Air;Ammoniac (NH3);23800;kg/an
0053700192;CANARDERIE DE LA RONDE;2021;Air;Ammoniac (NH3);189000;kg/an
0053700192;CANARDERIE DE LA RONDE;2021;Air;Protoxyde d'azote (N2O);123000;kg/an
0053700413;GAEC DES DEUX VAL;2021;Air;Ammoniac (NH3);18800;kg/an
0053700566;EARL DE LA MOSELLERIE;2021;Air;Ammoniac (NH3);10200;kg/an
0053700604;SAS LA FENNETRIE;2021;Air;Ammoniac (NH3);90400;kg/an
0054500346;MARS PF;2021;Air;Dioxyde de carbone (CO2) d'origine non biomasse;10600000;kg/an
0054500346;MARS PF;2021;Air;Dioxyde de carbone (CO2) total (d'origine biomasse et non biomasse);10600000;kg/an
0053700604;SAS LA FENNETRIE;2021;Air;Méthane (CH4);153000;kg/an
0054500401;DOMAINE DES ACACIAS;2021;Air;Ammoniac (NH3);14400;kg/an
0054500463;LE PREAU;2021;Air;Ammoniac (NH3);36500;kg/an
0053700605;GAEC GRAND COUESME;2021;Air;Ammoniac (NH3);32000;kg/an
0053700722;GAEC DE L'IDEE;2021;Air;Ammoniac (NH3);23400;kg/an
0053800065;SAS ELIVIA;2021;Eau (indirect);Chloroforme (trichlorométhane);32.1;kg/an
0054500494;DU VIEUX CHENE (EARL) MORIN Xavier & Syl;2021;Air;Ammoniac (NH3);13500;kg/an
0054600161;SAS ELEVAGE DE CAZALS;2021;Air;Ammoniac (NH3);23800;kg/an
0053800226;SA CARREL - Site Viande;2021;Air;Hydroflurocarbures (HFC);152;kg/an
0054900219;BROUARD (EARL) et BOURN'OEUF (SCEA);2021;Air;Ammoniac (NH3);10200;kg/an
0054900242;JULIERE (SCEA DE LA);2021;Air;Ammoniac (NH3);10700;kg/an
0053800472;DANONE PRODUITS FRAIS;2021;Air;Dioxyde de carbone (CO2) d'origine non biomasse;12100000;kg/an
0054900308;MAUSSIONNAIE (SCEA DE LA);2021;Air;Ammoniac (NH3);23200;kg/an
0053800472;DANONE PRODUITS FRAIS;2021;Air;Dioxyde de carbone (CO2) total (d'origine biomasse et non biomasse);12100000;kg/an
0054900588;CHARAL SAS;2021;Eau (indirect);Demande biologique en oxygène (DBO5);84700;kg/an
0054900588;CHARAL SAS;2021;Eau (indirect);Demande chimique en oxygène (DCO);176000;kg/an
0053800504;MARTINET SAS;2021;Eau (indirect);Demande biologique en oxygène (DBO5);268000;kg/an
0053800504;MARTINET SAS;2021;Eau (indirect);Demande chimique en oxygène (DCO);389000;kg/an
0053800570;AIRPORC TECHE;2021;Air;Ammoniac (NH3);36600;kg/an
0054900781;ROIRIE (SCEA DE LA);2021;Air;Ammoniac (NH3);11900;kg/an
0054000543;SAS ELEVAGE DES TUYAS;2021;Air;Ammoniac (NH3);21600;kg/an
0054000801;SARL PORCILAND;2021;Air;Ammoniac (NH3);12800;kg/an
0054900784;ELEVAGE AVICOLE DU VAL D'EVRE (EARL);2021;Air;Ammoniac (NH3);17500;kg/an
0054901225;GALLIN'OEUF (SCEA);2021;Air;Ammoniac (NH3);12700;kg/an
0054000863;LABEYRIE;2021;Air;Hydroflurocarbures (HFC);2280;kg/an
0054100002;SOC CIVILE AGRICOLE DE LA SABLIERE;2021;Air;Ammoniac (NH3);19000;kg/an
0054901359;AGRÉÉ MULTIPORCS (GAEC);2021;Air;Ammoniac (NH3);10900;kg/an
0054100022;LECOURT (EARL);2021;Air;Ammoniac (NH3);13100;kg/an
0054901489;BLOND Philippe (EARL);2021;Air;Ammoniac (NH3);10700;kg/an
0054901551;ORVIA - COUVOIR DE LA MESANGERE (SAS);2021;Air;Méthane (CH4);352000;kg/an
0054200286;SOCIETE FOREZIENNE D'ABATTAGE;2021;Eau (indirect);Demande biologique en oxygène (DBO5);60100;kg/an
0054901551;ORVIA - COUVOIR DE LA MESANGERE (SAS);2021;Air;Particules (PM10);68500;kg/an
0054901937;PASSERELLE (GAEC DE LA);2021;Air;Ammoniac (NH3);10300;kg/an
0054200286;SOCIETE FOREZIENNE D'ABATTAGE;2021;Eau (indirect);Demande chimique en oxygène (DCO);167000;kg/an
0054902469;SECHET CHAINDRIE (GAEC);2021;Air;Ammoniac (NH3);11300;kg/an
0054200292;NIGAY S.A.;2021;Eau (indirect);Demande biologique en oxygène (DBO5);224000;kg/an
0055000570;DESLANDES (GAEC);2021;Air;Ammoniac (NH3);26400;kg/an
0054200292;NIGAY S.A.;2021;Eau (indirect);Demande chimique en oxygène (DCO);553000;kg/an
0055000837;HAIZIERE (SARL);2021;Air;Ammoniac (NH3);12900;kg/an
0054200985;STEPHANOISE D'ABATTAGE;2021;Eau (indirect);Demande biologique en oxygène (DBO5);125000;kg/an
0055000956;OUTREMER (SCEA D');2021;Air;Ammoniac (NH3);13100;kg/an
0055001079;LEHERICEY (EARL);2021;Air;Ammoniac (NH3);10500;kg/an
0054200985;STEPHANOISE D'ABATTAGE;2021;Eau (indirect);Demande chimique en oxygène (DCO);289000;kg/an
0055001120;ELEVAGE DU BREUIL (SARL);2021;Air;Ammoniac (NH3);17700;kg/an
0054201345;EAUX MINERALES DE SAINT ALBAN LES EAUX;2021;Eau (indirect);Demande biologique en oxygène (DBO5);115000;kg/an
0055001519;DU SCY(EARL);2021;Air;Ammoniac (NH3);19400;kg/an
0054201345;EAUX MINERALES DE SAINT ALBAN LES EAUX;2021;Eau (indirect);Demande chimique en oxygène (DCO);317000;kg/an
0054201363;SAEM EVIAN SOURCE BADOIT;2021;Eau (indirect);Arsenic et composés (exprimés en tant que As);7;kg/an
0054201420;HYPERMARCHE AUCHAN;2021;Air;Hydroflurocarbures (HFC);873;kg/an
0055001929;GRANDS VERGERS (EARL LES);2021;Air;Ammoniac (NH3);32300;kg/an
0055002205;DEUX PROVINCES (GAEC DES);2021;Air;Ammoniac (NH3);14900;kg/an
0054300694;PORAUBENNES (SCEA);2021;Air;Ammoniac (NH3);13800;kg/an
0055002279;PLAINE (EARL DE LA);2021;Air;Ammoniac (NH3);19400;kg/an
0054400333;VIOL - CASTEL VIANDES;2021;Air;Hydroflurocarbures (HFC);280;kg/an
0054400333;VIOL - CASTEL VIANDES;2021;Eau (indirect);Demande biologique en oxygène (DBO5);238000;kg/an
0054400333;VIOL - CASTEL VIANDES;2021;Eau (indirect);Demande chimique en oxygène (DCO);476000;kg/an
0055002652;PIGNOLET (EARL);2021;Air;Ammoniac (NH3);16400;kg/an
0054400333;VIOL - CASTEL VIANDES;2021;Eau (indirect);Phosphore total;5650;kg/an
0054400466;GAEC DU DOMAINE HAMON;2021;Air;Ammoniac (NH3);15300;kg/an
0055100015;EARL AVI 4000;2021;Air;Ammoniac (NH3);14400;kg/an
0054400602;EARL LES VOLAILLES DU GRAND CHEMIN;2021;Air;Ammoniac (NH3);13200;kg/an
0055100086;SCEA DU POMMIER SAUVAGE;2021;Air;Ammoniac (NH3);20100;kg/an
0055100090;EARL DU PARADIS;2021;Air;Ammoniac (NH3);12600;kg/an
0055100094;GAEC LES GRANDES VIGNES;2021;Air;Ammoniac (NH3);16300;kg/an
0054400640;SCEA DE SAINT YVES;2021;Air;Ammoniac (NH3);16100;kg/an
0055100100;SCEA LA CERTINE;2021;Air;Ammoniac (NH3);79900;kg/an
0055100100;SCEA LA CERTINE;2021;Air;Méthane (CH4);147000;kg/an
0054400758;SARVAL Ouest;2021;Air;Dioxyde de carbone (CO2) d'origine non biomasse;18600000;kg/an
0055100121;SARL DU VAL DEFFONTAINES;2021;Air;Ammoniac (NH3);10100;kg/an
0054400758;SARVAL Ouest;2021;Air;Dioxyde de carbone (CO2) total (d'origine biomasse et non biomasse);18600000;kg/an
0054400843;SARL LD PORSAIN;2021;Air;Ammoniac (NH3);20100;kg/an
0055100182;EARL DE LA FORGE;2021;Air;Ammoniac (NH3);11100;kg/an
0055100276;SCEA LES ROULIERS;2021;Air;Ammoniac (NH3);38500;kg/an
0054401162;Coopérative de CHANTELOUP;2021;Air;Ammoniac (NH3);11800;kg/an
0055100341;SCEA ELEVAGE DE LA SOUDE (SOUDRON);2021;Air;Ammoniac (NH3);41900;kg/an
0055300051;SCEA VERRERIE (DE LA);2021;Air;Ammoniac (NH3);31500;kg/an
0054401527;DELABLI - Division DELPIERRE;2021;Eau (indirect);Demande biologique en oxygène (DBO5);48200;kg/an
0055300055;EARL MENON;2021;Air;Ammoniac (NH3);12000;kg/an
0054401679;GAEC DE L'EAU VIVE;2021;Air;Ammoniac (NH3);18000;kg/an
0055300296;EARL PATRICE GAUTIER;2021;Air;Ammoniac (NH3);14400;kg/an
0055300510;GALEO (SAS);2021;Sol;Nickel et composés (exprimés en tant que Ni);23.2;kg/an
0054401754;AUBRET;2021;Air;Hydroflurocarbures (HFC);2240;kg/an
0055300510;GALEO (SAS);2021;Sol;Zinc et composés (exprimés en tant que Zn);192;kg/an
0054401754;AUBRET;2021;Eau (indirect);Demande biologique en oxygène (DBO5);313000;kg/an
0055300875;SARA;2021;Eau (indirect);Demande biologique en oxygène (DBO5);102000;kg/an
0055300875;SARA;2021;Eau (indirect);Demande chimique en oxygène (DCO);205000;kg/an
0054401754;AUBRET;2021;Eau (indirect);Demande chimique en oxygène (DCO);488000;kg/an
0055301033;SOCOPA VIANDES;2021;Sol;Cuivre et composés (exprimés en tant que Cu);89.5;kg/an
0055301033;SOCOPA VIANDES;2021;Sol;Zinc et composés (exprimés en tant que Zn);546;kg/an
0054401754;AUBRET;2021;Eau (indirect);Phosphore total;5320;kg/an
0055301388;STE FLECHARD RAYMOND ALLAIN LEBAILLY;2021;Eau (indirect);Demande biologique en oxygène (DBO5);234000;kg/an
0055301388;STE FLECHARD RAYMOND ALLAIN LEBAILLY;2021;Eau (indirect);Demande chimique en oxygène (DCO);435000;kg/an
0054401755;LES VOLAILLES DE ST MARS;2021;Air;Hydroflurocarbures (HFC);300;kg/an
0055301404;GAEC DEROUET;2021;Air;Ammoniac (NH3);11500;kg/an
0055301446;SOCIETE NOUVELLE DE VOLAILLE;2021;Eau (indirect);Demande biologique en oxygène (DBO5);203000;kg/an
0054401756;STVO;2021;Air;Hydroflurocarbures (HFC);205;kg/an
0055301446;SOCIETE NOUVELLE DE VOLAILLE;2021;Eau (indirect);Demande chimique en oxygène (DCO);412000;kg/an
0055301450;HOLVIA PORC;2021;Eau (indirect);Demande biologique en oxygène (DBO5);295000;kg/an
0054401867;COVI SAS;2021;Eau (indirect);Demande biologique en oxygène (DBO5);57500;kg/an
0055301450;HOLVIA PORC;2021;Eau (indirect);Demande chimique en oxygène (DCO);598000;kg/an
0055301450;HOLVIA PORC;2021;Eau (indirect);Phosphore total;5720;kg/an
0054401977;GAEC DE LA SIONNIERE;2021;Air;Ammoniac (NH3);11600;kg/an
0055301525;GARROT HERVE;2021;Air;Ammoniac (NH3);10700;kg/an
0054402048;AUCHAN;2021;Air;Hydroflurocarbures (HFC);470;kg/an
0055301640;SARL GRAVIER (DU);2021;Air;Ammoniac (NH3);13300;kg/an
0054402408;C.M.G.E.;2021;Eau (indirect);Demande biologique en oxygène (DBO5);94000;kg/an
0054402408;C.M.G.E.;2021;Sol;Chrome et composés (exprimés en tant que Cr);61.1;kg/an
0055301820;GAEC BRETONNIERE (DE LA);2021;Air;Ammoniac (NH3);11500;kg/an
0054402408;C.M.G.E.;2021;Sol;Cuivre et composés (exprimés en tant que Cu);113;kg/an
0055302009;SCEA TOUCHET;2021;Air;Ammoniac (NH3);11300;kg/an
0055302415;EARL ARCS (DES);2021;Air;Ammoniac (NH3);14800;kg/an
0054402408;C.M.G.E.;2021;Sol;Nickel et composés (exprimés en tant que Ni);41.7;kg/an
0055302553;EARL TRAHAY;2021;Air;Ammoniac (NH3);10500;kg/an
0055302590;GAEC BESNAIES (DES);2021;Air;Ammoniac (NH3);20400;kg/an
0054402408;C.M.G.E.;2021;Sol;Plomb et composés (exprimés en tant que Pb);20.9;kg/an
0055302939;EARL LAUNAY PATRICE;2021;Air;Ammoniac (NH3);107000;kg/an
0054402408;C.M.G.E.;2021;Sol;Zinc et composés (exprimés en tant que Zn);714;kg/an
0055400166;GAEC DU GRAND PARC;2021;Air;Méthane (CH4);986000;kg/an
0054500039;CB VOLAILLES (SCEA);2021;Air;Ammoniac (NH3);17200;kg/an
0055500063;EARL Multiporcs de l'Aire;2021;Air;Ammoniac (NH3);20600;kg/an
0054500148;AVICOLE DE L'ETANG SARL MM. SOURON;2021;Air;Ammoniac (NH3);17900;kg/an
0055500119;SARL TOJAPIGS;2021;Air;Ammoniac (NH3);16800;kg/an
0054500163;MONCELARD VOLAILLES (SCEA) HARDOUIN Jea;2021;Air;Ammoniac (NH3);10600;kg/an
0054500198;ELEVAGE MOULIN DU BOURG (EARL) PICARD A.;2021;Air;Ammoniac (NH3);10900;kg/an
0054500279;EGGTEAM (SAS);2021;Air;Ammoniac (NH3);29100;kg/an
0055500171;EARL de la Carrière;2021;Air;Ammoniac (NH3);16400;kg/an
0055602063;BERNARD salaisons;2021;Eau (indirect);Demande biologique en oxygène (DBO5);81800;kg/an
0055500215;SARL TOJAPIGS;2021;Air;Ammoniac (NH3);11000;kg/an
0055500236;EARL de la Voie de Saulx;2021;Air;Ammoniac (NH3);15400;kg/an
0055602148;EARL DES PINS;2021;Air;Ammoniac (NH3);25800;kg/an
0055602241;EARL MAGDAM;2021;Air;Ammoniac (NH3);11800;kg/an
0055602262;SCEA DE BOLUMET;2021;Air;Ammoniac (NH3);10900;kg/an
0055500419;SARL FERME SCHAFBUSCH;2021;Air;Ammoniac (NH3);10800;kg/an
0055602333;SCEA DE PENVERN;2021;Air;Ammoniac (NH3);12400;kg/an
0055500458;SCEA de la Warinaux;2021;Air;Ammoniac (NH3);18400;kg/an
0055602365;EARL DE GOUEHNALIGUEN;2021;Air;Ammoniac (NH3);13700;kg/an
0055500459;SCEA du Pré aux Auges;2021;Air;Ammoniac (NH3);15400;kg/an
0055602396;LE PENUIZIC Jean Marc;2021;Air;Ammoniac (NH3);28400;kg/an
0055602485;BCF LIFE SCIENCES;2021;Eau (indirect);Azote total;139000;kg/an
0055500603;SA RUFRAGER ELEVAGE LORRAINE;2021;Air;Ammoniac (NH3);13900;kg/an
0055602485;BCF LIFE SCIENCES;2021;Eau (indirect);Demande biologique en oxygène (DBO5);806000;kg/an
0055600088;SCEA DE KERBOHEC;2021;Air;Ammoniac (NH3);21000;kg/an
0055602485;BCF LIFE SCIENCES;2021;Eau (indirect);Demande chimique en oxygène (DCO);1120000;kg/an
0055602515;SCEA LE DOUARIN et LE DOUARIN Quentin;2021;Air;Ammoniac (NH3);12600;kg/an
0055600207;SCEA DE KERBREVET;2021;Air;Ammoniac (NH3);12000;kg/an
0055600209;GAEC DU POINT DE VUE;2021;Air;Ammoniac (NH3);11300;kg/an
0055602604;PEP CAMAGNON;2021;Eau (indirect);Demande biologique en oxygène (DBO5);197000;kg/an
0055600219;SASU OEUFS DE KERLO;2021;Air;Ammoniac (NH3);24900;kg/an
0055602604;PEP CAMAGNON;2021;Eau (indirect);Demande chimique en oxygène (DCO);261000;kg/an
0055600517;SCEA DE CHAUDEVILLE;2021;Air;Ammoniac (NH3);23600;kg/an
0055600522;SA COUVOIR JOSSET;2021;Air;Ammoniac (NH3);46900;kg/an
0055602655;SCEA DE KERVREHAN;2021;Air;Ammoniac (NH3);12800;kg/an
0055602682;STANVEN SN;2021;Eau (indirect);Demande biologique en oxygène (DBO5);72300;kg/an
0055600689;SARL LE MENE;2021;Air;Ammoniac (NH3);39400;kg/an
0055602779;EARL DU CAMBLEN;2021;Air;Ammoniac (NH3);18300;kg/an
0055600689;SARL LE MENE;2021;Air;Méthane (CH4);117000;kg/an
0055602959;SCEA DE RESTREZERCH;2021;Air;Ammoniac (NH3);15000;kg/an
0055600722;SCEA LE PARC;2021;Air;Ammoniac (NH3);17200;kg/an
0055600745;GAEC MORIO et Fils;2021;Air;Ammoniac (NH3);21200;kg/an
0055602981;EARL COSPEREC;2021;Air;Ammoniac (NH3);18100;kg/an
0055602988;SCEA DE LICHOUET;2021;Air;Ammoniac (NH3);23400;kg/an
0055600800;CADF SA;2021;Eau (indirect);Demande biologique en oxygène (DBO5);76400;kg/an
0055600800;CADF SA;2021;Eau (indirect);Demande chimique en oxygène (DCO);160000;kg/an
0055603019;EARL DE BREHARDEC;2021;Air;Ammoniac (NH3);18300;kg/an
0055600800;CADF SA;2021;Sol;Fer et composés (exprimés en tant que Fe);9160;kg/an
0055600800;CADF SA;2021;Sol;Phosphore total;6980;kg/an
0055603176;GAEC DE LA MADELEINE;2021;Air;Ammoniac (NH3);10300;kg/an
0055603178;EARL TREGARO;2021;Air;Ammoniac (NH3);11800;kg/an
0055601015;SARL DE LESNEE;2021;Air;Ammoniac (NH3);13600;kg/an
0055603219;SCEA ROLLAND DANIEL;2021;Air;Ammoniac (NH3);10900;kg/an
0055601173;EARL DU DOMAINE;2021;Air;Ammoniac (NH3);10700;kg/an
0055603428;EARL LE CORRE;2021;Air;Ammoniac (NH3);11400;kg/an
0055601181;SCEA ANNIC;2021;Air;Ammoniac (NH3);18200;kg/an
0055603429;SCEA PORCS LANVAUX;2021;Air;Ammoniac (NH3);12300;kg/an
0055601300;JOSSELIN PORC ABATTAGE SA;2021;Sol;Cuivre et composés (exprimés en tant que Cu);61.5;kg/an
0055603455;CELVIA SA;2021;Eau (indirect);Demande biologique en oxygène (DBO5);265000;kg/an
0055601300;JOSSELIN PORC ABATTAGE SA;2021;Sol;Zinc et composés (exprimés en tant que Zn);265;kg/an
0055601331;CITE MARINE;2021;Eau (indirect);Demande biologique en oxygène (DBO5);92900;kg/an
0055603455;CELVIA SA;2021;Eau (indirect);Demande chimique en oxygène (DCO);557000;kg/an
0055601331;CITE MARINE;2021;Eau (indirect);Demande chimique en oxygène (DCO);243000;kg/an
0055603455;CELVIA SA;2021;Eau (indirect);Phosphore total;5570;kg/an
0055601354;SCEA FORMAL;2021;Air;Ammoniac (NH3);24800;kg/an
0055601402;SCEA DES BRUYERES;2021;Air;Ammoniac (NH3);19700;kg/an
0055603514;SCEA MAINGUY-LE GRAND;2021;Air;Ammoniac (NH3);15100;kg/an
0055601593;EARL HAMON;2021;Air;Ammoniac (NH3);10400;kg/an
0055603669;CELVIA  SERENT;2021;Eau (indirect);Azote total;51700;kg/an
0055601655;SCEA PIG BOIS;2021;Air;Ammoniac (NH3);10300;kg/an
0055603669;CELVIA  SERENT;2021;Eau (indirect);Demande biologique en oxygène (DBO5);422000;kg/an
0055601718;CAPITAINE HOUAT;2021;Eau (indirect);Demande biologique en oxygène (DBO5);61000;kg/an
0055603669;CELVIA  SERENT;2021;Eau (indirect);Demande chimique en oxygène (DCO);733000;kg/an
0055601806;SCEA PINIER JOSSO;2021;Air;Ammoniac (NH3);21700;kg/an
0055603715;EARL MONPAS;2021;Air;Ammoniac (NH3);16900;kg/an
0055601815;EARL LE COCHON DE SAINT UTEL;2021;Air;Ammoniac (NH3);11600;kg/an
0055603721;SOCIETE LAITIERE DE PONTIVY;2021;Air;Dioxyde de carbone (CO2) d'origine non biomasse;15500000;kg/an
0055601829;SCEA DU BAS VALIDEE;2021;Air;Ammoniac (NH3);14900;kg/an
0055601837;SCEA LEGENDRE;2021;Air;Ammoniac (NH3);12800;kg/an
0055601902;SARL DES HORTENSIAS;2021;Air;Ammoniac (NH3);18500;kg/an
0055603721;SOCIETE LAITIERE DE PONTIVY;2021;Air;Dioxyde de carbone (CO2) total (d'origine biomasse et non biomasse);15500000;kg/an
0055601934;EARL DU MANEGUEN;2021;Air;Ammoniac (NH3);21200;kg/an
0055603725;SOLEVAL FRANCE;2021;Eau (indirect);Demande biologique en oxygène (DBO5);66000;kg/an
0055601962;ENTREMONT SODIAAL SAS;2021;Air;Dioxyde de carbone (CO2) d'origine non biomasse;14600000;kg/an
0055601962;ENTREMONT SODIAAL SAS;2021;Air;Dioxyde de carbone (CO2) total (d'origine biomasse et non biomasse);14600000;kg/an
0055603784;SCEA JOUBIER;2021;Air;Ammoniac (NH3);19000;kg/an
0055601962;ENTREMONT SODIAAL SAS;2021;Eau (indirect);Demande biologique en oxygène (DBO5);516000;kg/an
0055601962;ENTREMONT SODIAAL SAS;2021;Eau (indirect);Demande chimique en oxygène (DCO);956000;kg/an
0055603817;GAEC COUE;2021;Air;Ammoniac (NH3);17100;kg/an
0055601962;ENTREMONT SODIAAL SAS;2021;Eau (indirect);Matières en suspension (MES);325000;kg/an
0055601962;ENTREMONT SODIAAL SAS;2021;Eau (indirect);Phosphore total;14400;kg/an
0055603820;EARL DE LA ROCHE;2021;Air;Ammoniac (NH3);10800;kg/an
0055603824;EARL PORCINE DE TREDION;2021;Air;Ammoniac (NH3);14300;kg/an
0055602044;SARL MAHE;2021;Air;Ammoniac (NH3);23800;kg/an
0055603842;EARL LES CLOTURES;2021;Air;Ammoniac (NH3);16100;kg/an
0055602048;EARL DE LA PLAINE;2021;Air;Ammoniac (NH3);18200;kg/an
0055603856;GALLIANCE ELABORES  LVC;2021;Eau (indirect);Demande biologique en oxygène (DBO5);213000;kg/an
0055602062;BERNARD SA;2021;Eau (indirect);Azote total;59300;kg/an
0055602062;BERNARD SA;2021;Eau (indirect);Demande biologique en oxygène (DBO5);214000;kg/an
0055603856;GALLIANCE ELABORES  LVC;2021;Eau (indirect);Demande chimique en oxygène (DCO);346000;kg/an
0055602062;BERNARD SA;2021;Eau (indirect);Demande chimique en oxygène (DCO);371000;kg/an
0055603877;SARL AVI ELEV;2021;Air;Ammoniac (NH3);11300;kg/an
0055614756;EARL CULTI PONTE;2021;Air;Ammoniac (NH3);21500;kg/an
0055614826;SCEA LE PONT CAR;2021;Air;Ammoniac (NH3);17500;kg/an
0057201662;LDC;2021;Eau (indirect);Phosphore total;15200;kg/an
0055614917;CORFMAT LAURENT;2021;Air;Ammoniac (NH3);10600;kg/an
0055614967;SCEA OCRE JAUNE;2021;Air;Ammoniac (NH3);12200;kg/an
0055614968;EARL PERRICHOT;2021;Air;Ammoniac (NH3);10300;kg/an
0057201663;LDC;2021;Eau (indirect);Azote total;77800;kg/an
0057201663;LDC;2021;Eau (indirect);Demande biologique en oxygène (DBO5);1340000;kg/an
0055614969;EARL HOUZE;2021;Air;Ammoniac (NH3);14700;kg/an
0057201663;LDC;2021;Eau (indirect);Demande chimique en oxygène (DCO);2570000;kg/an
0057201663;LDC;2021;Eau (indirect);Matières en suspension (MES);1300000;kg/an
0055614993;SCEA DE KERGAL JOUAN;2021;Air;Ammoniac (NH3);35700;kg/an
0057201663;LDC;2021;Eau (indirect);Phosphore total;8380;kg/an
0055700590;CHARAL;2021;Eau (indirect);Demande biologique en oxygène (DBO5);160000;kg/an
0055700590;CHARAL;2021;Eau (indirect);Demande chimique en oxygène (DCO);402000;kg/an
0057201665;CHARAL;2021;Sol;Cuivre et composés (exprimés en tant que Cu);71.5;kg/an
0057201665;CHARAL;2021;Sol;Zinc et composés (exprimés en tant que Zn);349;kg/an
0057201666;SASU MARIE;2021;Eau (indirect);Demande biologique en oxygène (DBO5);107000;kg/an
0057201666;SASU MARIE;2021;Eau (indirect);Demande chimique en oxygène (DCO);237000;kg/an
0057201678;LDC;2021;Sol;Zinc et composés (exprimés en tant que Zn);263;kg/an
0057202349;EARL CHEREAU;2021;Air;Ammoniac (NH3);13100;kg/an
0055900577;SCEA VERLEENE;2021;Air;Ammoniac (NH3);15600;kg/an
0057202517;EARL ASNIERES;2021;Air;Ammoniac (NH3);10600;kg/an
0055900764;AQUANORD ICHTUS;2021;Eau (direct);Matières en suspension (MES);557000;kg/an
0057300361;SAVOIE OEUF;2021;Air;Ammoniac (NH3);10100;kg/an
0055900764;AQUANORD ICHTUS;2021;Eau (direct);Phosphore total;8560;kg/an
0055900840;SCEA des trois chênes;2021;Air;Ammoniac (NH3);49300;kg/an
0057400015;ENTREMONT SAS;2021;Eau (indirect);Demande biologique en oxygène (DBO5);119000;kg/an
0055901955;EARL BELLEVUE;2021;Air;Ammoniac (NH3);11400;kg/an
0057400015;ENTREMONT SAS;2021;Eau (indirect);Demande chimique en oxygène (DCO);194000;kg/an
0055901967;EARL DE L'YSER;2021;Air;Ammoniac (NH3);17300;kg/an
0055901990;EARL DES SAPINS;2021;Air;Ammoniac (NH3);17900;kg/an
0057400055;GROUPE BIGARD;2021;Eau (indirect);Demande biologique en oxygène (DBO5);68100;kg/an
0056100002;ELIVIA ALENÇON;2021;Eau (indirect);Demande biologique en oxygène (DBO5);99500;kg/an
0057400176;FROMAGERIE DE LA TOURNETTE - FILLINGES;2021;Eau (indirect);Demande biologique en oxygène (DBO5);115000;kg/an
0056100002;ELIVIA ALENÇON;2021;Eau (indirect);Demande chimique en oxygène (DCO);297000;kg/an
0057400176;FROMAGERIE DE LA TOURNETTE - FILLINGES;2021;Eau (indirect);Demande chimique en oxygène (DCO);179000;kg/an
0056100400;SOCIETE NOUVELLE DE VOLAILLE - S.N.V.;2021;Eau (indirect);Demande biologique en oxygène (DBO5);65300;kg/an
0056100667;CHARAL;2021;Eau (indirect);Demande biologique en oxygène (DBO5);75600;kg/an
0057400619;FRUITE SAS SITE II;2021;Eau (indirect);Demande biologique en oxygène (DBO5);59000;kg/an
0056101541;ATEMAX FRANCE;2021;Air;Dioxyde de carbone (CO2) d'origine non biomasse;30000000;kg/an
0057600151;SCEA GENE CAUX;2021;Air;Ammoniac (NH3);10100;kg/an
0056101541;ATEMAX FRANCE;2021;Air;Dioxyde de carbone (CO2) total (d'origine biomasse et non biomasse);30000000;kg/an
0057600343;TAHON Pascal;2021;Air;Ammoniac (NH3);15600;kg/an
0056200649;BRIQUETTERIE MR WIART (EARL LA );2021;Air;Ammoniac (NH3);10800;kg/an
0057600352;SCEA DU MONT AU ROUX;2021;Air;Ammoniac (NH3);35200;kg/an
0056200812;SAS TRANNIN;2021;Air;Ammoniac (NH3);22200;kg/an
0057601446;SCEA DE LA TIRELIRE;2021;Air;Ammoniac (NH3);12600;kg/an
0056300083;Cie des FROMAGES et RICHES MONTS;2021;Eau (indirect);Demande biologique en oxygène (DBO5);62100;kg/an
0057700219;SARL DES 40 ARPENTS;2021;Air;Ammoniac (NH3);11100;kg/an
0057900028;SCEA PORCLOS;2021;Air;Ammoniac (NH3);18900;kg/an
0056300300;SOCIETE FROMAGERE DU LIVRADOIS;2021;Sol;Phosphore total;8900;kg/an
0057900098;PAMPR'OEUF SAS  PRODUCTION;2021;Air;Ammoniac (NH3);33600;kg/an
0056300825;BONILAIT PROTEINES;2021;Sol;Phosphore total;8900;kg/an
0056301067;ETS COOPERATIVE BASSE TERRE;2021;Air;Ammoniac (NH3);14000;kg/an
0057900108;ELIVIA BRESSUIRE VIANDES (Abattoir);2021;Eau (indirect);Demande biologique en oxygène (DBO5);60200;kg/an
0056400478;LABEYRIE SAS;2021;Air;Hydroflurocarbures (HFC);1060;kg/an
0057900147;SCEA BLAVI;2021;Air;Ammoniac (NH3);10300;kg/an
0057900192;SCEA APPORCS;2021;Air;Ammoniac (NH3);12400;kg/an
0056400655;EARL PAULIEN;2021;Air;Ammoniac (NH3);11500;kg/an
0057900544;SCEA COSMOPORC;2021;Air;Ammoniac (NH3);23800;kg/an
0056400691;SARL PORCINE DU VIC-BILH;2021;Air;Ammoniac (NH3);11500;kg/an
0057900548;SCEA PLAINE DE BOUILLEES;2021;Air;Ammoniac (NH3);11300;kg/an
0056401128;SARL ALFA;2021;Air;Ammoniac (NH3);11600;kg/an
0057900586;SCEA PROPORCS;2021;Air;Ammoniac (NH3);14700;kg/an
0056401282;EARL COURADES;2021;Air;Ammoniac (NH3);10100;kg/an
0056401304;LINDT ET SPRUNGLI SAS;2021;Eau (indirect);Demande biologique en oxygène (DBO5);77200;kg/an
0057902841;SCA PLAINE DES BOUILLEES;2021;Air;Ammoniac (NH3);12200;kg/an
0056401304;LINDT ET SPRUNGLI SAS;2021;Eau (indirect);Demande chimique en oxygène (DCO);173000;kg/an
0057908818;SAS SOFIVO;2021;Air;Dioxyde de carbone (CO2) d'origine non biomasse;19200000;kg/an
0057908818;SAS SOFIVO;2021;Air;Dioxyde de carbone (CO2) total (d'origine biomasse et non biomasse);19200000;kg/an
0056403525;SCEA DOMENYUC;2021;Air;Ammoniac (NH3);13700;kg/an
0058000130;SARL DU VERT GALANT;2021;Air;Ammoniac (NH3);17400;kg/an
0056700301;SCEA ROMAIN MARTIN;2021;Air;Ammoniac (NH3);39500;kg/an
0058000475;SCEA LES DOMS;2021;Air;Ammoniac (NH3);18600;kg/an
0058000476;SARL FRAMI OEUF;2021;Air;Ammoniac (NH3);25400;kg/an
0058000560;SCEA de Beauvoisie;2021;Air;Ammoniac (NH3);20300;kg/an
0056700330;HERTA;2021;Eau (indirect);Demande biologique en oxygène (DBO5);81800;kg/an
0058000563;SCEA DE L'AVRE;2021;Air;Ammoniac (NH3);10100;kg/an
0056700330;HERTA;2021;Eau (indirect);Demande chimique en oxygène (DCO);159000;kg/an
0056700494;STOEFFLER SAS;2021;Eau (indirect);Demande biologique en oxygène (DBO5);55900;kg/an
0058000767;SCEA Avicole de l'Ancre;2021;Air;Ammoniac (NH3);14600;kg/an
0056700660;SARL FERME SCHAFBUSCH;2021;Air;Ammoniac (NH3);19900;kg/an
0058000967;EARL  LES POULAILLERS;2021;Air;Ammoniac (NH3);10200;kg/an
0058001223;REGNIER;2021;Air;Ammoniac (NH3);16400;kg/an
0056800007;SARL FOHRENFELD;2021;Air;Ammoniac (NH3);25300;kg/an
0056900178;SEDE ENVIRONNEMENT;2021;Air;Ammoniac (NH3);12300;kg/an
0058100211;GALLES SAS;2021;Air;Ammoniac (NH3);12200;kg/an
0056900327;AGIS;2021;Eau (indirect);Demande biologique en oxygène (DBO5);98000;kg/an
0058100446;SCEA MAUREL;2021;Air;Ammoniac (NH3);21500;kg/an
0058100457;PORCI SEGALA;2021;Air;Ammoniac (NH3);10800;kg/an
0056900327;AGIS;2021;Eau (indirect);Demande chimique en oxygène (DCO);181000;kg/an
0058500277;SECANIM CENTRE SAS;2021;Air;Dioxyde de carbone (CO2) d'origine non biomasse;22400000;kg/an
0058500277;SECANIM CENTRE SAS;2021;Air;Dioxyde de carbone (CO2) total (d'origine biomasse et non biomasse);22400000;kg/an
0056900369;CIBEVIAL SA;2021;Eau (indirect);Demande biologique en oxygène (DBO5);49900;kg/an
0056901017;NICOLLIN SAS;2021;Eau (indirect);Arsenic et composés (exprimés en tant que As);8.1;kg/an
0058500278;EARL TESSIER;2021;Air;Ammoniac (NH3);44600;kg/an
0057000598;SCEA  RAISON;2021;Air;Ammoniac (NH3);28700;kg/an
0058500927;SCEA LOG ELEVAGE;2021;Air;Ammoniac (NH3);19300;kg/an
0057100135;SAS EGG TEAM;2021;Air;Ammoniac (NH3);10300;kg/an
0058501385;GAEC LA GUILBAUDIERE;2021;Air;Ammoniac (NH3);26200;kg/an
0057100136;LDC BOURGOGNE;2021;Eau (indirect);Demande biologique en oxygène (DBO5);235000;kg/an
0058501547;EURALIS GASTRONOMIE;2021;Eau (indirect);Demande biologique en oxygène (DBO5);118000;kg/an
0058501547;EURALIS GASTRONOMIE;2021;Eau (indirect);Demande chimique en oxygène (DCO);267000;kg/an
0057100136;LDC BOURGOGNE;2021;Eau (indirect);Demande chimique en oxygène (DCO);334000;kg/an
0058501549;ELIVIA SAS;2021;Eau (indirect);Demande biologique en oxygène (DBO5);44300;kg/an
0057100394;GROUPE BIGARD;2021;Eau (indirect);Azote total;72500;kg/an
0058501660;INCINERIS;2021;Air;Dioxines et furanes (PCDD + PCDF) (exprimés en iTeq);7.11;kg/an
0057100394;GROUPE BIGARD;2021;Eau (indirect);Carbone organique total (en tant que C total ou DCO/3);341000;kg/an
0057100394;GROUPE BIGARD;2021;Eau (indirect);Demande biologique en oxygène (DBO5);505000;kg/an
0058501825;GAEC LA VALLEE DE LA VIE;2021;Air;Ammoniac (NH3);19900;kg/an
0058501868;EARL ROY;2021;Air;Ammoniac (NH3);11300;kg/an
0057100394;GROUPE BIGARD;2021;Eau (indirect);Demande chimique en oxygène (DCO);1020000;kg/an
0058502426;SOCOPA VIANDES;2021;Eau (indirect);Demande biologique en oxygène (DBO5);73800;kg/an
0057100394;GROUPE BIGARD;2021;Eau (indirect);Phosphore total;7920;kg/an
0058502426;SOCOPA VIANDES;2021;Eau (indirect);Demande chimique en oxygène (DCO);221000;kg/an
0057100568;SARL ELEVAGE DES MARAIS;2021;Air;Ammoniac (NH3);13700;kg/an
0058502486;EARL ELEVAGE DE LA MAINE;2021;Air;Ammoniac (NH3);11600;kg/an
0057200007;SAS  SOVOPA;2021;Air;Ammoniac (NH3);25300;kg/an
0058502606;EARL CHEVALIER;2021;Air;Ammoniac (NH3);10300;kg/an
0057200334;SARL NCA;2021;Air;Ammoniac (NH3);20500;kg/an
0058502762;EARL BRETAUD;2021;Air;Ammoniac (NH3);22600;kg/an
0057200337;SCEA LES OEUFS DE LAUNAY;2021;Air;Ammoniac (NH3);12800;kg/an
0058502893;GAEC DE LA GROIE;2021;Air;Ammoniac (NH3);19300;kg/an
0057200422;AUCHAN LE MANS;2021;Air;Hydroflurocarbures (HFC);183;kg/an
0058502919;SCEA VINET BRUNO (Les Places);2021;Air;Ammoniac (NH3);14600;kg/an
0057200819;EARL ARMAINE;2021;Air;Ammoniac (NH3);18600;kg/an
0058503339;SAS GOURMAUD SELECTION;2021;Air;Ammoniac (NH3);11000;kg/an
0057200925;SCEA LECORNUE;2021;Air;Ammoniac (NH3);13800;kg/an
0058503415;GAEC LA PORCELAINE;2021;Air;Ammoniac (NH3);10700;kg/an
0057201309;GAEC GIBON (ex GIBON MARTINE);2021;Air;Ammoniac (NH3);10800;kg/an
0058503525;FAVREAU-COUTHOUIS  SAS (groupe LDC);2021;Air;Hydroflurocarbures (HFC);129;kg/an
0057201395;SCEA DES SABLES;2021;Air;Ammoniac (NH3);11100;kg/an
0058503758;SCEA LOG ELEVAGE;2021;Air;Ammoniac (NH3);16200;kg/an
0058503791;EARL LE FRENE;2021;Air;Ammoniac (NH3);11300;kg/an
0057201415;SCEA DE TOUVOIE;2021;Air;Ammoniac (NH3);19200;kg/an
0058600072;SCEA DU RIVAULT;2021;Air;Ammoniac (NH3);59400;kg/an
0058600072;SCEA DU RIVAULT;2021;Air;Méthane (CH4);108000;kg/an
0057201466;SCEA DENIEUL;2021;Air;Ammoniac (NH3);17400;kg/an
0058600141;BONILAIT PROTEINES;2021;Air;Dioxyde de carbone (CO2) d'origine non biomasse;10100000;kg/an
0058600141;BONILAIT PROTEINES;2021;Air;Dioxyde de carbone (CO2) total (d'origine biomasse et non biomasse);10100000;kg/an
0058600167;SAS LES ELEVAGES DU MAS LONG;2021;Air;Ammoniac (NH3);28900;kg/an
0058600274;SCEA PORC BEL AIR;2021;Air;Ammoniac (NH3);15700;kg/an
0058600345;EARL LA JOUBERTIERE MR GOURMAUD;2021;Air;Ammoniac (NH3);11900;kg/an
0058600371;SCEA ELIPORC MRS AUTSON DEVANNES;2021;Air;Ammoniac (NH3);32900;kg/an
0058600460;SARL GERVAL;2021;Air;Ammoniac (NH3);10300;kg/an
0058600811;SAMO OVOPRODUITS;2021;Eau (indirect);Demande biologique en oxygène (DBO5);73900;kg/an
0057201662;LDC;2021;Eau (indirect);Azote total;180000;kg/an
0058700070;LIMOVIN SAS;2021;Air;Hydroflurocarbures (HFC);260;kg/an
0057201662;LDC;2021;Eau (indirect);Demande biologique en oxygène (DBO5);738000;kg/an
0058700447;SAS MADRANGE;2021;Eau (indirect);Demande biologique en oxygène (DBO5);83300;kg/an
0058700447;SAS MADRANGE;2021;Eau (indirect);Demande chimique en oxygène (DCO);162000;kg/an
0058700532;LAITERIE LES FAYES;2021;Eau (indirect);Demande biologique en oxygène (DBO5);213000;kg/an
0057201662;LDC;2021;Eau (indirect);Demande chimique en oxygène (DCO);2340000;kg/an
0058700532;LAITERIE LES FAYES;2021;Eau (indirect);Demande chimique en oxygène (DCO);314000;kg/an
0057201662;LDC;2021;Eau (indirect);Matières en suspension (MES);835000;kg/an
0058700595;ABATTOIR DE LIMOGES;2021;Eau (indirect);Demande biologique en oxygène (DBO5);114000;kg/an
0058700595;ABATTOIR DE LIMOGES;2021;Eau (indirect);Demande chimique en oxygène (DCO);561000;kg/an
0058700595;ABATTOIR DE LIMOGES;2021;Eau (indirect);Phosphore total;11300;kg/an
0058700712;SAS LES ELEVAGES DU MAS LONG;2021;Air;Ammoniac (NH3);18900;kg/an
0058701531;SAS ABATTOIRS DE BESSINES;2021;Eau (indirect);Demande biologique en oxygène (DBO5);53100;kg/an
0058800183;ELIVIA Ets MIRECOURT;2021;Eau (indirect);Demande chimique en oxygène (DCO);675000;kg/an
0058800183;ELIVIA Ets MIRECOURT;2021;Eau (indirect);Phosphore total;6250;kg/an
0058900008;SCEA LES TREMBLATS II;2021;Air;Ammoniac (NH3);19300;kg/an
0058900416;SARL DU DOMAINE DE VILLEGARDIN;2021;Air;Ammoniac (NH3);20800;kg/an
0058900601;SCEA DU DEMI POTEN;2021;Air;Ammoniac (NH3);14600;kg/an
0058900638;EARL DU BOIS DES BERGERIES;2021;Air;Ammoniac (NH3);13900;kg/an
0058997579;A.E.D. (AGRI ENERGIE DONDAINE);2021;Sol;Azote total;98600;kg/an
0058997579;A.E.D. (AGRI ENERGIE DONDAINE);2021;Sol;Phosphore total;64600;kg/an
0059100019;EGGTEAM SAS;2021;Air;Ammoniac (NH3);17300;kg/an
0059700181;SCEA TROPIC'OEUF;2021;Air;Ammoniac (NH3);21500;kg/an
0059700204;SCEA FERME DE L'OUEST;2021;Air;Ammoniac (NH3);10300;kg/an
0059700221;TECHER KARL (Elevage Porcin);2021;Air;Ammoniac (NH3);15300;kg/an
0059700404;PALAIS DE LA VIANDE;2021;Air;Ammoniac (NH3);10300;kg/an
0059700567;SARL AVIFERME;2021;Air;Ammoniac (NH3);17100;kg/an
0059760220;SCEA DU CHEMIN D'EAU;2021;Air;Ammoniac (NH3);29200;kg/an
0089120543;SCEA DES CHAMPS CLERIS;2021;Air;Ammoniac (NH3);16700;kg/an
